container_chain,member_chain,depth,parent_narc_path,parent_file_id,member_index,name,container_relative_offset,container_relative_end,gmif_relative_offset,gmif_relative_end,size,sha256,signature_hex,extension,probable_format,format_evidence,structure_valid,compressed,compression,compression_evidence,decompression_supported,declared_decompressed_size,decompression_valid,decompressed_size,decompressed_sha256,decompressed_format,decompressed_format_evidence,nested_container,nested_after_decompression
/itemtool/itemdata/pl_item_data.narc,/itemtool/itemdata/pl_item_data.narc!/member_00273,0,/itemtool/itemdata/pl_item_data.narc,376,273,,13448,13482,9828,9862,34,4c70073e327930447fd4cb8826802a22510ed19608d9178dda1c74f37cdec5ed,64007b0000000a001f00000000000000,,,,,False,,,,,,,,,,False,False
/itemtool/itemdata/pl_item_data.narc,/itemtool/itemdata/pl_item_data.narc!/member_00274,0,/itemtool/itemdata/pl_item_data.narc,376,274,,13484,13518,9864,9898,34,e52a1118936d0b06307d4aa13626456e98c1e801aa64be34f28986acd0667a4d,c8007c1e00000a001f00000000000000,,,,,False,,,,,,,,,,False,False
/itemtool/itemdata/pl_item_data.narc,/itemtool/itemdata/pl_item_data.narc!/member_00275,0,/itemtool/itemdata/pl_item_data.narc,376,275,,13520,13554,9900,9934,34,0a20d5db731b4d693bc72e7e9c0067ad82eb2f8d5d151db15b5480abaa167101,c8007d0000000a001f00000000000000,,,,,False,,,,,,,,,,False,False
/itemtool/itemdata/pl_item_data.narc,/itemtool/itemdata/pl_item_data.narc!/member_00276,0,/itemtool/itemdata/pl_item_data.narc,376,276,,13556,13590,9936,9970,34,51832667a92c87c0d7840b0f6a17a4fc6b29e12f3e1ca7a124d6a319191ecb46,e8037e1400005a001f00000000000000,,,,,False,,,,,,,,,,False,False
/itemtool/itemdata/pl_item_data.narc,/itemtool/itemdata/pl_item_data.narc!/member_00277,0,/itemtool/itemdata/pl_item_data.narc,376,277,,13592,13626,9972,10006,34,edb155c8a2fe6cdd2d58f9cb82ba0cdee930aa51fc6de471af0a2602fd594427,e8037f1400005a001f00000000000000,,,,,False,,,,,,,,,,False,False
/itemtool/itemdata/pl_item_data.narc,/itemtool/itemdata/pl_item_data.narc!/member_00278,0,/itemtool/itemdata/pl_item_data.narc,376,278,,13628,13662,10008,10042,34,4c0a766f0e7e74b72f6b9f7b5fd06878b45250641cd86d0442a8fdbb3f22ccd8,e803801400005a001f00000000000000,,,,,False,,,,,,,,,,False,False
/itemtool/itemdata/pl_item_data.narc,/itemtool/itemdata/pl_item_data.narc!/member_00279,0,/itemtool/itemdata/pl_item_data.narc,376,279,,13664,13698,10044,10078,34,28e745a9beb6b777bf5894be7594f7c5c58134a5b098b893e0e0f0210a217706,e803811400005a001f00000000000000,,,,,False,,,,,,,,,,False,False
/itemtool/itemdata/pl_item_data.narc,/itemtool/itemdata/pl_item_data.narc!/member_00280,0,/itemtool/itemdata/pl_item_data.narc,376,280,,13700,13734,10080,10114,34,74623d82bf263e8041c74bcf1d60c690aee5edc1ba21a5814c01079a624653c7,e803821400005a001f00000000000000,,,,,False,,,,,,,,,,False,False
/itemtool/itemdata/pl_item_data.narc,/itemtool/itemdata/pl_item_data.narc!/member_00281,0,/itemtool/itemdata/pl_item_data.narc,376,281,,13736,13770,10116,10150,34,cd72cd708179795d9591133620ac3b12cd7ee880524b6ae4588cbe7b5954f210,e803831400005a001f00000000000000,,,,,False,,,,,,,,,,False,False
/itemtool/itemdata/pl_item_data.narc,/itemtool/itemdata/pl_item_data.narc!/member_00282,0,/itemtool/itemdata/pl_item_data.narc,376,282,,13772,13806,10152,10186,34,5037241863816ecb86121dd42023cf732c7d259f4aa8e22f1c82c32077f797fc,e803841400005a001f00000000000000,,,,,False,,,,,,,,,,False,False
/itemtool/itemdata/pl_item_data.narc,/itemtool/itemdata/pl_item_data.narc!/member_00283,0,/itemtool/itemdata/pl_item_data.narc,376,283,,13808,13842,10188,10222,34,493bf09ecd16f4b78e7e0b06dc9fb0c4df1f112c82df51ac94ed7cb16539420f,e803851400005a001f00000000000000,,,,,False,,,,,,,,,,False,False
/itemtool/itemdata/pl_item_data.narc,/itemtool/itemdata/pl_item_data.narc!/member_00284,0,/itemtool/itemdata/pl_item_data.narc,376,284,,13844,13878,10224,10258,34,9607e0f430730c5cb9e8e37e6a329760ee2451abb0096cdeba0102c5891e2006,e803861400005a001f00000000000000,,,,,False,,,,,,,,,,False,False
/itemtool/itemdata/pl_item_data.narc,/itemtool/itemdata/pl_item_data.narc!/member_00285,0,/itemtool/itemdata/pl_item_data.narc,376,285,,13880,13914,10260,10294,34,1ca177a8786b9562ef1a1db9c3384e1de3785be77e077f6326faf435649a45d9,e803871400005a001f00000000000000,,,,,False,,,,,,,,,,False,False
/itemtool/itemdata/pl_item_data.narc,/itemtool/itemdata/pl_item_data.narc!/member_00286,0,/itemtool/itemdata/pl_item_data.narc,376,286,,13916,13950,10296,10330,34,830f3324b7f2321e0614e7d9f05b5a34a04771aa4d5c0d9f1baf10ad8f7c0fc4,e803881400005a001f00000000000000,,,,,False,,,,,,,,,,False,False
/itemtool/itemdata/pl_item_data.narc,/itemtool/itemdata/pl_item_data.narc!/member_00287,0,/itemtool/itemdata/pl_item_data.narc,376,287,,13952,13986,10332,10366,34,9a041979a4729af5af37939b2630b86dfe45154e6aabd96f76c1f796f7740053,e803891400005a001f00000000000000,,,,,False,,,,,,,,,,False,False
/itemtool/itemdata/pl_item_data.narc,/itemtool/itemdata/pl_item_data.narc!/member_00288,0,/itemtool/itemdata/pl_item_data.narc,376,288,,13988,14022,10368,10402,34,4b658732cc27d39c75cd32ec01fb1f6606f2e60a1e900230a029335db7fe275a,e8038a1400005a001f00000000000000,,,,,False,,,,,,,,,,False,False
/itemtool/itemdata/pl_item_data.narc,/itemtool/itemdata/pl_item_data.narc!/member_00289,0,/itemtool/itemdata/pl_item_data.narc,376,289,,14024,14058,10404,10438,34,e2937ee1d48997f3e0023a23093588848803279e9a5cff4c476673bec78288fa,e8038b1400005a001f00000000000000,,,,,False,,,,,,,,,,False,False
/itemtool/itemdata/pl_item_data.narc,/itemtool/itemdata/pl_item_data.narc!/member_00290,0,/itemtool/itemdata/pl_item_data.narc,376,290,,14060,14094,10440,10474,34,60102b480bed7e646b220f474a4004843079839b1e0eabb84c0b79d5310727d9,e8038c1400005a001f00000000000000,,,,,False,,,,,,,,,,False,False
/itemtool/itemdata/pl_item_data.narc,/itemtool/itemdata/pl_item_data.narc!/member_00291,0,/itemtool/itemdata/pl_item_data.narc,376,291,,14096,14130,10476,10510,34,87fd8e14d82c24cd8b45e50bd784ccd264d5d45a931d9eadb911262d12b1b0a6,e8038d1400005a001f00000000000000,,,,,False,,,,,,,,,,False,False
/itemtool/itemdata/pl_item_data.narc,/itemtool/itemdata/pl_item_data.narc!/member_00292,0,/itemtool/itemdata/pl_item_data.narc,376,292,,14132,14166,10512,10546,34,ea5b5b06119ff525334f7cbdda98ab2fe7690f066b14ea4709635cb63aec19b4,8025531400000a001f00000000000000,,,,,False,,,,,,,,,,False,False
/itemtool/itemdata/pl_item_data.narc,/itemtool/itemdata/pl_item_data.narc!/member_00293,0,/itemtool/itemdata/pl_item_data.narc,376,293,,14168,14202,10548,10582,34,e87594d7572f6d5cf52bd68c5369893fe5128b280a97e8384b1a47fb988d9e2b,8025491400000a001f00000000000000,,,,,False,,,,,,,,,,False,False
/itemtool/itemdata/pl_item_data.narc,/itemtool/itemdata/pl_item_data.narc!/member_00294,0,/itemtool/itemdata/pl_item_data.narc,376,294,,14204,14238,10584,10618,34,39a1285fb4adaa361baea3007d19d40b6818f09bf4bd122c7a437ecf63cf6a5f,80256b0000000a001f00000000000000,,,,,False,,,,,,,,,,False,False
/itemtool/itemdata/pl_item_data.narc,/itemtool/itemdata/pl_item_data.narc!/member_00295,0,/itemtool/itemdata/pl_item_data.narc,376,295,,14240,14274,10620,10654,34,e3312ce11853fee185661826b9a80d6232f45c6005a8c73b64c346626051e404,80254e1400000a001f00000000000000,,,,,False,,,,,,,,,,False,False
/itemtool/itemdata/pl_item_data.narc,/itemtool/itemdata/pl_item_data.narc!/member_00296,0,/itemtool/itemdata/pl_item_data.narc,376,296,,14276,14310,10656,10690,34,e549811914f79ba16fa07d669237c53875533bcfe1d5a34c453895ed432c9474,80254a1400000a001f00000000000000,,,,,False,,,,,,,,,,False,False
/itemtool/itemdata/pl_item_data.narc,/itemtool/itemdata/pl_item_data.narc!/member_00297,0,/itemtool/itemdata/pl_item_data.narc,376,297,,14312,14346,10692,10726,34,84a1c93f2e8004d9e59de832e29a51be2d1ded1a533be8976afd376eeb4e924f,80253a0a00000a001f00000000000000,,,,,False,,,,,,,,,,False,False
/itemtool/itemdata/pl_item_data.narc,/itemtool/itemdata/pl_item_data.narc!/member_00298,0,/itemtool/itemdata/pl_item_data.narc,376,298,,14348,14382,10728,10762,34,c48d220ccba418385e89eb85798bd9af5d6f3aa1db913703799df5e9a1899726,80253b0000000a001f00000000000000,,,,,False,,,,,,,,,,False,False
/itemtool/itemdata/pl_item_data.narc,/itemtool/itemdata/pl_item_data.narc!/member_00299,0,/itemtool/itemdata/pl_item_data.narc,376,299,,14384,14418,10764,10798,34,f98b63637542c83fb76758ce6e3f8af4ced7e069680c67d3523536c13956909b,34088e00000050001f00000000000000,,,,,False,,,,,,,,,,False,False
/itemtool/itemdata/pl_item_data.narc,/itemtool/itemdata/pl_item_data.narc!/member_00300,0,/itemtool/itemdata/pl_item_data.narc,376,300,,14420,14454,10800,10834,34,f50c6fcfdba5fa4f354695f5ac803ce38d36973c9b66d1299889a2547a09b72e,34088f00000050001f00000000000000,,,,,False,,,,,,,,,,False,False
/itemtool/itemdata/pl_item_data.narc,/itemtool/itemdata/pl_item_data.narc!/member_00301,0,/itemtool/itemdata/pl_item_data.narc,376,301,,14456,14490,10836,10870,34,45548054a3d6b2fb631def1867c6e0d473189818f06692799c584db3ea23665d,34089000000050001f00000000000000,,,,,False,,,,,,,,,,False,False
/itemtool/itemdata/pl_item_data.narc,/itemtool/itemdata/pl_item_data.narc!/member_00302,0,/itemtool/itemdata/pl_item_data.narc,376,302,,14492,14526,10872,10906,34,ec1ec6d188ad561287080a362812d3f1f8fa24f498ffcf39033d34a66d053659,34089100000032001f00000000000000,,,,,False,,,,,,,,,,False,False
/itemtool/itemdata/pl_item_data.narc,/itemtool/itemdata/pl_item_data.narc!/member_00303,0,/itemtool/itemdata/pl_item_data.narc,376,303,,14528,14562,10908,10942,34,eaeeef5113c267f31db80d22d301a5caca415f93eaf712a8cba4cbaae4025fc9,3408920000000a001f00000000000000,,,,,False,,,,,,,,,,False,False
/itemtool/itemdata/pl_item_data.narc,/itemtool/itemdata/pl_item_data.narc!/member_00304,0,/itemtool/itemdata/pl_item_data.narc,376,304,,14564,14598,10944,10978,34,da91af5e68ee7bcc218d6c4fdd0191e9e4771234f5b9aee8a84ff664a4c16468,34084300000050001f00000000000000,,,,,False,,,,,,,,,,False,False
/itemtool/itemdata/pl_item_data.narc,/itemtool/itemdata/pl_item_data.narc!/member_00305,0,/itemtool/itemdata/pl_item_data.narc,376,305,,14600,14634,10980,11014,34,83f339e9ab19025843163fc0c8b7bf0c6d0fd0d47b3b584e8918d476a2163527,3408380a001a1e001f00000000000000,,,,,False,,,,,,,,,,False,False
/itemtool/itemdata/pl_item_data.narc,/itemtool/itemdata/pl_item_data.narc!/member_00306,0,/itemtool/itemdata/pl_item_data.narc,376,306,,14636,14670,11016,11050,34,0060795a160060ac784f1e922996cb0c542a7d172f5a5a166e3e2da4105a68a1,b80b0000000000009f01060000000000,,,,,False,,,,,,,,,,False,False
/itemtool/itemdata/pl_item_data.narc,/itemtool/itemdata/pl_item_data.narc!/member_00307,0,/itemtool/itemdata/pl_item_data.narc,376,307,,14672,14706,11052,11086,34,0060795a160060ac784f1e922996cb0c542a7d172f5a5a166e3e2da4105a68a1,b80b0000000000009f01060000000000,,,,,False,,,,,,,,,,False,False
/itemtool/itemdata/pl_item_data.narc,/itemtool/itemdata/pl_item_data.narc!/member_00308,0,/itemtool/itemdata/pl_item_data.narc,376,308,,14708,14742,11088,11122,34,0060795a160060ac784f1e922996cb0c542a7d172f5a5a166e3e2da4105a68a1,b80b0000000000009f01060000000000,,,,,False,,,,,,,,,,False,False
/itemtool/itemdata/pl_item_data.narc,/itemtool/itemdata/pl_item_data.narc!/member_00309,0,/itemtool/itemdata/pl_item_data.narc,376,309,,14744,14778,11124,11158,34,b85764ce34b5ed0e1681fa4ea8dcf64abec0fcb1dba0eef66c1a3e6a816bb713,dc050000000000009f01060000000000,,,,,False,,,,,,,,,,False,False
/itemtool/itemdata/pl_item_data.narc,/itemtool/itemdata/pl_item_data.narc!/member_00310,0,/itemtool/itemdata/pl_item_data.narc,376,310,,14780,14814,11160,11194,34,bd7a2eb25dc7af8aefe76199b2518e3d43c7d7e516de76591945b76c6e4e478b,e8030000000000009f01060000000000,,,,,False,,,,,,,,,,False,False
/itemtool/itemdata/pl_item_data.narc,/itemtool/itemdata/pl_item_data.narc!/member_00311,0,/itemtool/itemdata/pl_item_data.narc,376,311,,14816,14850,11196,11230,34,0060795a160060ac784f1e922996cb0c542a7d172f5a5a166e3e2da4105a68a1,b80b0000000000009f01060000000000,,,,,False,,,,,,,,,,False,False
/itemtool/itemdata/pl_item_data.narc,/itemtool/itemdata/pl_item_data.narc!/member_00312,0,/itemtool/itemdata/pl_item_data.narc,376,312,,14852,14886,11232,11266,34,b4c5fc03187f15579f7040bb98a0b44598f948b131dcf68887623f77b65d807c,d0070000000000009f01060000000000,,,,,False,,,,,,,,,,False,False
/itemtool/itemdata/pl_item_data.narc,/itemtool/itemdata/pl_item_data.narc!/member_00313,0,/itemtool/itemdata/pl_item_data.narc,376,313,,14888,14922,11268,11302,34,b85764ce34b5ed0e1681fa4ea8dcf64abec0fcb1dba0eef66c1a3e6a816bb713,dc050000000000009f01060000000000,,,,,False,,,,,,,,,,False,False
/itemtool/itemdata/pl_item_data.narc,/itemtool/itemdata/pl_item_data.narc!/member_00314,0,/itemtool/itemdata/pl_item_data.narc,376,314,,14924,14958,11304,11338,34,b4c5fc03187f15579f7040bb98a0b44598f948b131dcf68887623f77b65d807c,d0070000000000009f01060000000000,,,,,False,,,,,,,,,,False,False
/itemtool/itemdata/pl_item_data.narc,/itemtool/itemdata/pl_item_data.narc!/member_00315,0,/itemtool/itemdata/pl_item_data.narc,376,315,,14960,14994,11340,11374,34,b4c5fc03187f15579f7040bb98a0b44598f948b131dcf68887623f77b65d807c,d0070000000000009f01060000000000,,,,,False,,,,,,,,,,False,False
/itemtool/itemdata/pl_item_data.narc,/itemtool/itemdata/pl_item_data.narc!/member_00316,0,/itemtool/itemdata/pl_item_data.narc,376,316,,14996,15030,11376,11410,34,b4c5fc03187f15579f7040bb98a0b44598f948b131dcf68887623f77b65d807c,d0070000000000009f01060000000000,,,,,False,,,,,,,,,,False,False
/itemtool/itemdata/pl_item_data.narc,/itemtool/itemdata/pl_item_data.narc!/member_00317,0,/itemtool/itemdata/pl_item_data.narc,376,317,,15032,15066,11412,11446,34,b85764ce34b5ed0e1681fa4ea8dcf64abec0fcb1dba0eef66c1a3e6a816bb713,dc050000000000009f01060000000000,,,,,False,,,,,,,,,,False,False
/itemtool/itemdata/pl_item_data.narc,/itemtool/itemdata/pl_item_data.narc!/member_00318,0,/itemtool/itemdata/pl_item_data.narc,376,318,,15068,15102,11448,11482,34,0060795a160060ac784f1e922996cb0c542a7d172f5a5a166e3e2da4105a68a1,b80b0000000000009f01060000000000,,,,,False,,,,,,,,,,False,False
/itemtool/itemdata/pl_item_data.narc,/itemtool/itemdata/pl_item_data.narc!/member_00319,0,/itemtool/itemdata/pl_item_data.narc,376,319,,15104,15138,11484,11518,34,ee75aed08d4f8eafbd56d4956a21c35995046c8513e5b825decc6e514352ad69,7c150000000000009f01060000000000,,,,,False,,,,,,,,,,False,False
/itemtool/itemdata/pl_item_data.narc,/itemtool/itemdata/pl_item_data.narc!/member_00320,0,/itemtool/itemdata/pl_item_data.narc,376,320,,15140,15174,11520,11554,34,88b47a85d7378f8c60505f292e42d435b3089f328b46d3e719338bd4342d5d6d,4c1d0000000000009f01060000000000,,,,,False,,,,,,,,,,False,False
/itemtool/itemdata/pl_item_data.narc,/itemtool/itemdata/pl_item_data.narc!/member_00321,0,/itemtool/itemdata/pl_item_data.narc,376,321,,15176,15210,11556,11590,34,b4c5fc03187f15579f7040bb98a0b44598f948b131dcf68887623f77b65d807c,d0070000000000009f01060000000000,,,,,False,,,,,,,,,,False,False
/itemtool/itemdata/pl_item_data.narc,/itemtool/itemdata/pl_item_data.narc!/member_00322,0,/itemtool/itemdata/pl_item_data.narc,376,322,,15212,15246,11592,11626,34,b4c5fc03187f15579f7040bb98a0b44598f948b131dcf68887623f77b65d807c,d0070000000000009f01060000000000,,,,,False,,,,,,,,,,False,False
/itemtool/itemdata/pl_item_data.narc,/itemtool/itemdata/pl_item_data.narc!/member_00323,0,/itemtool/itemdata/pl_item_data.narc,376,323,,15248,15282,11628,11662,34,b4c5fc03187f15579f7040bb98a0b44598f948b131dcf68887623f77b65d807c,d0070000000000009f01060000000000,,,,,False,,,,,,,,,,False,False
/itemtool/itemdata/pl_item_data.narc,/itemtool/itemdata/pl_item_data.narc!/member_00324,0,/itemtool/itemdata/pl_item_data.narc,376,324,,15284,15318,11664,11698,34,0060795a160060ac784f1e922996cb0c542a7d172f5a5a166e3e2da4105a68a1,b80b0000000000009f01060000000000,,,,,False,,,,,,,,,,False,False
/itemtool/itemdata/pl_item_data.narc,/itemtool/itemdata/pl_item_data.narc!/member_00325,0,/itemtool/itemdata/pl_item_data.narc,376,325,,15320,15354,11700,11734,34,b4c5fc03187f15579f7040bb98a0b44598f948b131dcf68887623f77b65d807c,d0070000000000009f01060000000000,,,,,False,,,,,,,,,,False,False
/itemtool/itemdata/pl_item_data.narc,/itemtool/itemdata/pl_item_data.narc!/member_00326,0,/itemtool/itemdata/pl_item_data.narc,376,326,,15356,15390,11736,11770,34,bd7a2eb25dc7af8aefe76199b2518e3d43c7d7e516de76591945b76c6e4e478b,e8030000000000009f01060000000000,,,,,False,,,,,,,,,,False,False
/itemtool/itemdata/pl_item_data.narc,/itemtool/itemdata/pl_item_data.narc!/member_00327,0,/itemtool/itemdata/pl_item_data.narc,376,327,,15392,15426,11772,11806,34,0060795a160060ac784f1e922996cb0c542a7d172f5a5a166e3e2da4105a68a1,b80b0000000000009f01060000000000,,,,,False,,,,,,,,,,False,False
/itemtool/itemdata/pl_item_data.narc,/itemtool/itemdata/pl_item_data.narc!/member_00328,0,/itemtool/itemdata/pl_item_data.narc,376,328,,15428,15462,11808,11842,34,0060795a160060ac784f1e922996cb0c542a7d172f5a5a166e3e2da4105a68a1,b80b0000000000009f01060000000000,,,,,False,,,,,,,,,,False,False
/itemtool/itemdata/pl_item_data.narc,/itemtool/itemdata/pl_item_data.narc!/member_00329,0,/itemtool/itemdata/pl_item_data.narc,376,329,,15464,15498,11844,11878,34,0060795a160060ac784f1e922996cb0c542a7d172f5a5a166e3e2da4105a68a1,b80b0000000000009f01060000000000,,,,,False,,,,,,,,,,False,False
/itemtool/itemdata/pl_item_data.narc,/itemtool/itemdata/pl_item_data.narc!/member_00330,0,/itemtool/itemdata/pl_item_data.narc,376,330,,15500,15534,11880,11914,34,ee75aed08d4f8eafbd56d4956a21c35995046c8513e5b825decc6e514352ad69,7c150000000000009f01060000000000,,,,,False,,,,,,,,,,False,False
/itemtool/itemdata/pl_item_data.narc,/itemtool/itemdata/pl_item_data.narc!/member_00331,0,/itemtool/itemdata/pl_item_data.narc,376,331,,15536,15570,11916,11950,34,0060795a160060ac784f1e922996cb0c542a7d172f5a5a166e3e2da4105a68a1,b80b0000000000009f01060000000000,,,,,False,,,,,,,,,,False,False
/itemtool/itemdata/pl_item_data.narc,/itemtool/itemdata/pl_item_data.narc!/member_00332,0,/itemtool/itemdata/pl_item_data.narc,376,332,,15572,15606,11952,11986,34,bd7a2eb25dc7af8aefe76199b2518e3d43c7d7e516de76591945b76c6e4e478b,e8030000000000009f01060000000000,,,,,False,,,,,,,,,,False,False
/itemtool/itemdata/pl_item_data.narc,/itemtool/itemdata/pl_item_data.narc!/member_00333,0,/itemtool/itemdata/pl_item_data.narc,376,333,,15608,15642,11988,12022,34,b4c5fc03187f15579f7040bb98a0b44598f948b131dcf68887623f77b65d807c,d0070000000000009f01060000000000,,,,,False,,,,,,,,,,False,False
/itemtool/itemdata/pl_item_data.narc,/itemtool/itemdata/pl_item_data.narc!/member_00334,0,/itemtool/itemdata/pl_item_data.narc,376,334,,15644,15678,12024,12058,34,0060795a160060ac784f1e922996cb0c542a7d172f5a5a166e3e2da4105a68a1,b80b0000000000009f01060000000000,,,,,False,,,,,,,,,,False,False
/itemtool/itemdata/pl_item_data.narc,/itemtool/itemdata/pl_item_data.narc!/member_00335,0,/itemtool/itemdata/pl_item_data.narc,376,335,,15680,15714,12060,12094,34,0060795a160060ac784f1e922996cb0c542a7d172f5a5a166e3e2da4105a68a1,b80b0000000000009f01060000000000,,,,,False,,,,,,,,,,False,False
/itemtool/itemdata/pl_item_data.narc,/itemtool/itemdata/pl_item_data.narc!/member_00336,0,/itemtool/itemdata/pl_item_data.narc,376,336,,15716,15750,12096,12130,34,0060795a160060ac784f1e922996cb0c542a7d172f5a5a166e3e2da4105a68a1,b80b0000000000009f01060000000000,,,,,False,,,,,,,,,,False,False
/itemtool/itemdata/pl_item_data.narc,/itemtool/itemdata/pl_item_data.narc!/member_00337,0,/itemtool/itemdata/pl_item_data.narc,376,337,,15752,15786,12132,12166,34,bd7a2eb25dc7af8aefe76199b2518e3d43c7d7e516de76591945b76c6e4e478b,e8030000000000009f01060000000000,,,,,False,,,,,,,,,,False,False
/itemtool/itemdata/pl_item_data.narc,/itemtool/itemdata/pl_item_data.narc!/member_00338,0,/itemtool/itemdata/pl_item_data.narc,376,338,,15788,15822,12168,12202,34,b4c5fc03187f15579f7040bb98a0b44598f948b131dcf68887623f77b65d807c,d0070000000000009f01060000000000,,,,,False,,,,,,,,,,False,False
/itemtool/itemdata/pl_item_data.narc,/itemtool/itemdata/pl_item_data.narc!/member_00339,0,/itemtool/itemdata/pl_item_data.narc,376,339,,15824,15858,12204,12238,34,0060795a160060ac784f1e922996cb0c542a7d172f5a5a166e3e2da4105a68a1,b80b0000000000009f01060000000000,,,,,False,,,,,,,,,,False,False
/itemtool/itemdata/pl_item_data.narc,/itemtool/itemdata/pl_item_data.narc!/member_00340,0,/itemtool/itemdata/pl_item_data.narc,376,340,,15860,15894,12240,12274,34,0060795a160060ac784f1e922996cb0c542a7d172f5a5a166e3e2da4105a68a1,b80b0000000000009f01060000000000,,,,,False,,,,,,,,,,False,False
/itemtool/itemdata/pl_item_data.narc,/itemtool/itemdata/pl_item_data.narc!/member_00341,0,/itemtool/itemdata/pl_item_data.narc,376,341,,15896,15930,12276,12310,34,0060795a160060ac784f1e922996cb0c542a7d172f5a5a166e3e2da4105a68a1,b80b0000000000009f01060000000000,,,,,False,,,,,,,,,,False,False
/itemtool/itemdata/pl_item_data.narc,/itemtool/itemdata/pl_item_data.narc!/member_00342,0,/itemtool/itemdata/pl_item_data.narc,376,342,,15932,15966,12312,12346,34,b4c5fc03187f15579f7040bb98a0b44598f948b131dcf68887623f77b65d807c,d0070000000000009f01060000000000,,,,,False,,,,,,,,,,False,False
/itemtool/itemdata/pl_item_data.narc,/itemtool/itemdata/pl_item_data.narc!/member_00343,0,/itemtool/itemdata/pl_item_data.narc,376,343,,15968,16002,12348,12382,34,ee75aed08d4f8eafbd56d4956a21c35995046c8513e5b825decc6e514352ad69,7c150000000000009f01060000000000,,,,,False,,,,,,,,,,False,False
/itemtool/itemdata/pl_item_data.narc,/itemtool/itemdata/pl_item_data.narc!/member_00344,0,/itemtool/itemdata/pl_item_data.narc,376,344,,16004,16038,12384,12418,34,b4c5fc03187f15579f7040bb98a0b44598f948b131dcf68887623f77b65d807c,d0070000000000009f01060000000000,,,,,False,,,,,,,,,,False,False
/itemtool/itemdata/pl_item_data.narc,/itemtool/itemdata/pl_item_data.narc!/member_00345,0,/itemtool/itemdata/pl_item_data.narc,376,345,,16040,16074,12420,12454,34,0060795a160060ac784f1e922996cb0c542a7d172f5a5a166e3e2da4105a68a1,b80b0000000000009f01060000000000,,,,,False,,,,,,,,,,False,False
/itemtool/itemdata/pl_item_data.narc,/itemtool/itemdata/pl_item_data.narc!/member_00346,0,/itemtool/itemdata/pl_item_data.narc,376,346,,16076,16110,12456,12490,34,b85764ce34b5ed0e1681fa4ea8dcf64abec0fcb1dba0eef66c1a3e6a816bb713,dc050000000000009f01060000000000,,,,,False,,,,,,,,,,False,False
/itemtool/itemdata/pl_item_data.narc,/itemtool/itemdata/pl_item_data.narc!/member_00347,0,/itemtool/itemdata/pl_item_data.narc,376,347,,16112,16146,12492,12526,34,0060795a160060ac784f1e922996cb0c542a7d172f5a5a166e3e2da4105a68a1,b80b0000000000009f01060000000000,,,,,False,,,,,,,,,,False,False
/itemtool/itemdata/pl_item_data.narc,/itemtool/itemdata/pl_item_data.narc!/member_00348,0,/itemtool/itemdata/pl_item_data.narc,376,348,,16148,16182,12528,12562,34,b4c5fc03187f15579f7040bb98a0b44598f948b131dcf68887623f77b65d807c,d0070000000000009f01060000000000,,,,,False,,,,,,,,,,False,False
/itemtool/itemdata/pl_item_data.narc,/itemtool/itemdata/pl_item_data.narc!/member_00349,0,/itemtool/itemdata/pl_item_data.narc,376,349,,16184,16218,12564,12598,34,0060795a160060ac784f1e922996cb0c542a7d172f5a5a166e3e2da4105a68a1,b80b0000000000009f01060000000000,,,,,False,,,,,,,,,,False,False
/itemtool/itemdata/pl_item_data.narc,/itemtool/itemdata/pl_item_data.narc!/member_00350,0,/itemtool/itemdata/pl_item_data.narc,376,350,,16220,16254,12600,12634,34,0060795a160060ac784f1e922996cb0c542a7d172f5a5a166e3e2da4105a68a1,b80b0000000000009f01060000000000,,,,,False,,,,,,,,,,False,False
/itemtool/itemdata/pl_item_data.narc,/itemtool/itemdata/pl_item_data.narc!/member_00351,0,/itemtool/itemdata/pl_item_data.narc,376,351,,16256,16290,12636,12670,34,b4c5fc03187f15579f7040bb98a0b44598f948b131dcf68887623f77b65d807c,d0070000000000009f01060000000000,,,,,False,,,,,,,,,,False,False
/itemtool/itemdata/pl_item_data.narc,/itemtool/itemdata/pl_item_data.narc!/member_00352,0,/itemtool/itemdata/pl_item_data.narc,376,352,,16292,16326,12672,12706,34,0060795a160060ac784f1e922996cb0c542a7d172f5a5a166e3e2da4105a68a1,b80b0000000000009f01060000000000,,,,,False,,,,,,,,,,False,False
/itemtool/itemdata/pl_item_data.narc,/itemtool/itemdata/pl_item_data.narc!/member_00353,0,/itemtool/itemdata/pl_item_data.narc,376,353,,16328,16362,12708,12742,34,0060795a160060ac784f1e922996cb0c542a7d172f5a5a166e3e2da4105a68a1,b80b0000000000009f01060000000000,,,,,False,,,,,,,,,,False,False
/itemtool/itemdata/pl_item_data.narc,/itemtool/itemdata/pl_item_data.narc!/member_00354,0,/itemtool/itemdata/pl_item_data.narc,376,354,,16364,16398,12744,12778,34,b85764ce34b5ed0e1681fa4ea8dcf64abec0fcb1dba0eef66c1a3e6a816bb713,dc050000000000009f01060000000000,,,,,False,,,,,,,,,,False,False
/itemtool/itemdata/pl_item_data.narc,/itemtool/itemdata/pl_item_data.narc!/member_00355,0,/itemtool/itemdata/pl_item_data.narc,376,355,,16400,16434,12780,12814,34,ee75aed08d4f8eafbd56d4956a21c35995046c8513e5b825decc6e514352ad69,7c150000000000009f01060000000000,,,,,False,,,,,,,,,,False,False
/itemtool/itemdata/pl_item_data.narc,/itemtool/itemdata/pl_item_data.narc!/member_00356,0,/itemtool/itemdata/pl_item_data.narc,376,356,,16436,16470,12816,12850,34,b4c5fc03187f15579f7040bb98a0b44598f948b131dcf68887623f77b65d807c,d0070000000000009f01060000000000,,,,,False,,,,,,,,,,False,False
/itemtool/itemdata/pl_item_data.narc,/itemtool/itemdata/pl_item_data.narc!/member_00357,0,/itemtool/itemdata/pl_item_data.narc,376,357,,16472,16506,12852,12886,34,ee75aed08d4f8eafbd56d4956a21c35995046c8513e5b825decc6e514352ad69,7c150000000000009f01060000000000,,,,,False,,,,,,,,,,False,False
/itemtool/itemdata/pl_item_data.narc,/itemtool/itemdata/pl_item_data.narc!/member_00358,0,/itemtool/itemdata/pl_item_data.narc,376,358,,16508,16542,12888,12922,34,0060795a160060ac784f1e922996cb0c542a7d172f5a5a166e3e2da4105a68a1,b80b0000000000009f01060000000000,,,,,False,,,,,,,,,,False,False
/itemtool/itemdata/pl_item_data.narc,/itemtool/itemdata/pl_item_data.narc!/member_00359,0,/itemtool/itemdata/pl_item_data.narc,376,359,,16544,16578,12924,12958,34,b4c5fc03187f15579f7040bb98a0b44598f948b131dcf68887623f77b65d807c,d0070000000000009f01060000000000,,,,,False,,,,,,,,,,False,False
/itemtool/itemdata/pl_item_data.narc,/itemtool/itemdata/pl_item_data.narc!/member_00360,0,/itemtool/itemdata/pl_item_data.narc,376,360,,16580,16614,12960,12994,34,0060795a160060ac784f1e922996cb0c542a7d172f5a5a166e3e2da4105a68a1,b80b0000000000009f01060000000000,,,,,False,,,,,,,,,,False,False
/itemtool/itemdata/pl_item_data.narc,/itemtool/itemdata/pl_item_data.narc!/member_00361,0,/itemtool/itemdata/pl_item_data.narc,376,361,,16616,16650,12996,13030,34,b4c5fc03187f15579f7040bb98a0b44598f948b131dcf68887623f77b65d807c,d0070000000000009f01060000000000,,,,,False,,,,,,,,,,False,False
/itemtool/itemdata/pl_item_data.narc,/itemtool/itemdata/pl_item_data.narc!/member_00362,0,/itemtool/itemdata/pl_item_data.narc,376,362,,16652,16686,13032,13066,34,0060795a160060ac784f1e922996cb0c542a7d172f5a5a166e3e2da4105a68a1,b80b0000000000009f01060000000000,,,,,False,,,,,,,,,,False,False
/itemtool/itemdata/pl_item_data.narc,/itemtool/itemdata/pl_item_data.narc!/member_00363,0,/itemtool/itemdata/pl_item_data.narc,376,363,,16688,16722,13068,13102,34,b4c5fc03187f15579f7040bb98a0b44598f948b131dcf68887623f77b65d807c,d0070000000000009f01060000000000,,,,,False,,,,,,,,,,False,False
/itemtool/itemdata/pl_item_data.narc,/itemtool/itemdata/pl_item_data.narc!/member_00364,0,/itemtool/itemdata/pl_item_data.narc,376,364,,16724,16758,13104,13138,34,0060795a160060ac784f1e922996cb0c542a7d172f5a5a166e3e2da4105a68a1,b80b0000000000009f01060000000000,,,,,False,,,,,,,,,,False,False
/itemtool/itemdata/pl_item_data.narc,/itemtool/itemdata/pl_item_data.narc!/member_00365,0,/itemtool/itemdata/pl_item_data.narc,376,365,,16760,16794,13140,13174,34,0060795a160060ac784f1e922996cb0c542a7d172f5a5a166e3e2da4105a68a1,b80b0000000000009f01060000000000,,,,,False,,,,,,,,,,False,False
/itemtool/itemdata/pl_item_data.narc,/itemtool/itemdata/pl_item_data.narc!/member_00366,0,/itemtool/itemdata/pl_item_data.narc,376,366,,16796,16830,13176,13210,34,b4c5fc03187f15579f7040bb98a0b44598f948b131dcf68887623f77b65d807c,d0070000000000009f01060000000000,,,,,False,,,,,,,,,,False,False
/itemtool/itemdata/pl_item_data.narc,/itemtool/itemdata/pl_item_data.narc!/member_00367,0,/itemtool/itemdata/pl_item_data.narc,376,367,,16832,16866,13212,13246,34,0060795a160060ac784f1e922996cb0c542a7d172f5a5a166e3e2da4105a68a1,b80b0000000000009f01060000000000,,,,,False,,,,,,,,,,False,False
/itemtool/itemdata/pl_item_data.narc,/itemtool/itemdata/pl_item_data.narc!/member_00368,0,/itemtool/itemdata/pl_item_data.narc,376,368,,16868,16902,13248,13282,34,b4c5fc03187f15579f7040bb98a0b44598f948b131dcf68887623f77b65d807c,d0070000000000009f01060000000000,,,,,False,,,,,,,,,,False,False
/itemtool/itemdata/pl_item_data.narc,/itemtool/itemdata/pl_item_data.narc!/member_00369,0,/itemtool/itemdata/pl_item_data.narc,376,369,,16904,16938,13284,13318,34,88b47a85d7378f8c60505f292e42d435b3089f328b46d3e719338bd4342d5d6d,4c1d0000000000009f01060000000000,,,,,False,,,,,,,,,,False,False
/itemtool/itemdata/pl_item_data.narc,/itemtool/itemdata/pl_item_data.narc!/member_00370,0,/itemtool/itemdata/pl_item_data.narc,376,370,,16940,16974,13320,13354,34,0060795a160060ac784f1e922996cb0c542a7d172f5a5a166e3e2da4105a68a1,b80b0000000000009f01060000000000,,,,,False,,,,,,,,,,False,False
/itemtool/itemdata/pl_item_data.narc,/itemtool/itemdata/pl_item_data.narc!/member_00371,0,/itemtool/itemdata/pl_item_data.narc,376,371,,16976,17010,13356,13390,34,0060795a160060ac784f1e922996cb0c542a7d172f5a5a166e3e2da4105a68a1,b80b0000000000009f01060000000000,,,,,False,,,,,,,,,,False,False
/itemtool/itemdata/pl_item_data.narc,/itemtool/itemdata/pl_item_data.narc!/member_00372,0,/itemtool/itemdata/pl_item_data.narc,376,372,,17012,17046,13392,13426,34,bd7a2eb25dc7af8aefe76199b2518e3d43c7d7e516de76591945b76c6e4e478b,e8030000000000009f01060000000000,,,,,False,,,,,,,,,,False,False
/itemtool/itemdata/pl_item_data.narc,/itemtool/itemdata/pl_item_data.narc!/member_00373,0,/itemtool/itemdata/pl_item_data.narc,376,373,,17048,17082,13428,13462,34,88b47a85d7378f8c60505f292e42d435b3089f328b46d3e719338bd4342d5d6d,4c1d0000000000009f01060000000000,,,,,False,,,,,,,,,,False,False
/itemtool/itemdata/pl_item_data.narc,/itemtool/itemdata/pl_item_data.narc!/member_00374,0,/itemtool/itemdata/pl_item_data.narc,376,374,,17084,17118,13464,13498,34,b85764ce34b5ed0e1681fa4ea8dcf64abec0fcb1dba0eef66c1a3e6a816bb713,dc050000000000009f01060000000000,,,,,False,,,,,,,,,,False,False
/itemtool/itemdata/pl_item_data.narc,/itemtool/itemdata/pl_item_data.narc!/member_00375,0,/itemtool/itemdata/pl_item_data.narc,376,375,,17120,17154,13500,13534,34,bd7a2eb25dc7af8aefe76199b2518e3d43c7d7e516de76591945b76c6e4e478b,e8030000000000009f01060000000000,,,,,False,,,,,,,,,,False,False
/itemtool/itemdata/pl_item_data.narc,/itemtool/itemdata/pl_item_data.narc!/member_00376,0,/itemtool/itemdata/pl_item_data.narc,376,376,,17156,17190,13536,13570,34,0060795a160060ac784f1e922996cb0c542a7d172f5a5a166e3e2da4105a68a1,b80b0000000000009f01060000000000,,,,,False,,,,,,,,,,False,False
/itemtool/itemdata/pl_item_data.narc,/itemtool/itemdata/pl_item_data.narc!/member_00377,0,/itemtool/itemdata/pl_item_data.narc,376,377,,17192,17226,13572,13606,34,0060795a160060ac784f1e922996cb0c542a7d172f5a5a166e3e2da4105a68a1,b80b0000000000009f01060000000000,,,,,False,,,,,,,,,,False,False
/itemtool/itemdata/pl_item_data.narc,/itemtool/itemdata/pl_item_data.narc!/member_00378,0,/itemtool/itemdata/pl_item_data.narc,376,378,,17228,17262,13608,13642,34,b4c5fc03187f15579f7040bb98a0b44598f948b131dcf68887623f77b65d807c,d0070000000000009f01060000000000,,,,,False,,,,,,,,,,False,False
/itemtool/itemdata/pl_item_data.narc,/itemtool/itemdata/pl_item_data.narc!/member_00379,0,/itemtool/itemdata/pl_item_data.narc,376,379,,17264,17298,13644,13678,34,0060795a160060ac784f1e922996cb0c542a7d172f5a5a166e3e2da4105a68a1,b80b0000000000009f01060000000000,,,,,False,,,,,,,,,,False,False
/itemtool/itemdata/pl_item_data.narc,/itemtool/itemdata/pl_item_data.narc!/member_00380,0,/itemtool/itemdata/pl_item_data.narc,376,380,,17300,17334,13680,13714,34,b85764ce34b5ed0e1681fa4ea8dcf64abec0fcb1dba0eef66c1a3e6a816bb713,dc050000000000009f01060000000000,,,,,False,,,,,,,,,,False,False
/itemtool/itemdata/pl_item_data.narc,/itemtool/itemdata/pl_item_data.narc!/member_00381,0,/itemtool/itemdata/pl_item_data.narc,376,381,,17336,17370,13716,13750,34,b4c5fc03187f15579f7040bb98a0b44598f948b131dcf68887623f77b65d807c,d0070000000000009f01060000000000,,,,,False,,,,,,,,,,False,False
/itemtool/itemdata/pl_item_data.narc,/itemtool/itemdata/pl_item_data.narc!/member_00382,0,/itemtool/itemdata/pl_item_data.narc,376,382,,17372,17406,13752,13786,34,b85764ce34b5ed0e1681fa4ea8dcf64abec0fcb1dba0eef66c1a3e6a816bb713,dc050000000000009f01060000000000,,,,,False,,,,,,,,,,False,False
/itemtool/itemdata/pl_item_data.narc,/itemtool/itemdata/pl_item_data.narc!/member_00383,0,/itemtool/itemdata/pl_item_data.narc,376,383,,17408,17442,13788,13822,34,b85764ce34b5ed0e1681fa4ea8dcf64abec0fcb1dba0eef66c1a3e6a816bb713,dc050000000000009f01060000000000,,,,,False,,,,,,,,,,False,False
/itemtool/itemdata/pl_item_data.narc,/itemtool/itemdata/pl_item_data.narc!/member_00384,0,/itemtool/itemdata/pl_item_data.narc,376,384,,17444,17478,13824,13858,34,0060795a160060ac784f1e922996cb0c542a7d172f5a5a166e3e2da4105a68a1,b80b0000000000009f01060000000000,,,,,False,,,,,,,,,,False,False
/itemtool/itemdata/pl_item_data.narc,/itemtool/itemdata/pl_item_data.narc!/member_00385,0,/itemtool/itemdata/pl_item_data.narc,376,385,,17480,17514,13860,13894,34,0060795a160060ac784f1e922996cb0c542a7d172f5a5a166e3e2da4105a68a1,b80b0000000000009f01060000000000,,,,,False,,,,,,,,,,False,False
/itemtool/itemdata/pl_item_data.narc,/itemtool/itemdata/pl_item_data.narc!/member_00386,0,/itemtool/itemdata/pl_item_data.narc,376,386,,17516,17550,13896,13930,34,0060795a160060ac784f1e922996cb0c542a7d172f5a5a166e3e2da4105a68a1,b80b0000000000009f01060000000000,,,,,False,,,,,,,,,,False,False
/itemtool/itemdata/pl_item_data.narc,/itemtool/itemdata/pl_item_data.narc!/member_00387,0,/itemtool/itemdata/pl_item_data.narc,376,387,,17552,17586,13932,13966,34,bd7a2eb25dc7af8aefe76199b2518e3d43c7d7e516de76591945b76c6e4e478b,e8030000000000009f01060000000000,,,,,False,,,,,,,,,,False,False
/itemtool/itemdata/pl_item_data.narc,/itemtool/itemdata/pl_item_data.narc!/member_00388,0,/itemtool/itemdata/pl_item_data.narc,376,388,,17588,17622,13968,14002,34,b4c5fc03187f15579f7040bb98a0b44598f948b131dcf68887623f77b65d807c,d0070000000000009f01060000000000,,,,,False,,,,,,,,,,False,False
/itemtool/itemdata/pl_item_data.narc,/itemtool/itemdata/pl_item_data.narc!/member_00389,0,/itemtool/itemdata/pl_item_data.narc,376,389,,17624,17658,14004,14038,34,0060795a160060ac784f1e922996cb0c542a7d172f5a5a166e3e2da4105a68a1,b80b0000000000009f01060000000000,,,,,False,,,,,,,,,,False,False
/itemtool/itemdata/pl_item_data.narc,/itemtool/itemdata/pl_item_data.narc!/member_00390,0,/itemtool/itemdata/pl_item_data.narc,376,390,,17660,17694,14040,14074,34,0060795a160060ac784f1e922996cb0c542a7d172f5a5a166e3e2da4105a68a1,b80b0000000000009f01060000000000,,,,,False,,,,,,,,,,False,False
/itemtool/itemdata/pl_item_data.narc,/itemtool/itemdata/pl_item_data.narc!/member_00391,0,/itemtool/itemdata/pl_item_data.narc,376,391,,17696,17730,14076,14110,34,0060795a160060ac784f1e922996cb0c542a7d172f5a5a166e3e2da4105a68a1,b80b0000000000009f01060000000000,,,,,False,,,,,,,,,,False,False
/itemtool/itemdata/pl_item_data.narc,/itemtool/itemdata/pl_item_data.narc!/member_00392,0,/itemtool/itemdata/pl_item_data.narc,376,392,,17732,17766,14112,14146,34,b85764ce34b5ed0e1681fa4ea8dcf64abec0fcb1dba0eef66c1a3e6a816bb713,dc050000000000009f01060000000000,,,,,False,,,,,,,,,,False,False
/itemtool/itemdata/pl_item_data.narc,/itemtool/itemdata/pl_item_data.narc!/member_00393,0,/itemtool/itemdata/pl_item_data.narc,376,393,,17768,17802,14148,14182,34,0060795a160060ac784f1e922996cb0c542a7d172f5a5a166e3e2da4105a68a1,b80b0000000000009f01060000000000,,,,,False,,,,,,,,,,False,False
/itemtool/itemdata/pl_item_data.narc,/itemtool/itemdata/pl_item_data.narc!/member_00394,0,/itemtool/itemdata/pl_item_data.narc,376,394,,17804,17838,14184,14218,34,0060795a160060ac784f1e922996cb0c542a7d172f5a5a166e3e2da4105a68a1,b80b0000000000009f01060000000000,,,,,False,,,,,,,,,,False,False
/itemtool/itemdata/pl_item_data.narc,/itemtool/itemdata/pl_item_data.narc!/member_00395,0,/itemtool/itemdata/pl_item_data.narc,376,395,,17840,17874,14220,14254,34,b4c5fc03187f15579f7040bb98a0b44598f948b131dcf68887623f77b65d807c,d0070000000000009f01060000000000,,,,,False,,,,,,,,,,False,False
/itemtool/itemdata/pl_item_data.narc,/itemtool/itemdata/pl_item_data.narc!/member_00396,0,/itemtool/itemdata/pl_item_data.narc,376,396,,17876,17910,14256,14290,34,0060795a160060ac784f1e922996cb0c542a7d172f5a5a166e3e2da4105a68a1,b80b0000000000009f01060000000000,,,,,False,,,,,,,,,,False,False
/itemtool/itemdata/pl_item_data.narc,/itemtool/itemdata/pl_item_data.narc!/member_00397,0,/itemtool/itemdata/pl_item_data.narc,376,397,,17912,17946,14292,14326,34,ee75aed08d4f8eafbd56d4956a21c35995046c8513e5b825decc6e514352ad69,7c150000000000009f01060000000000,,,,,False,,,,,,,,,,False,False
/itemtool/itemdata/pl_item_data.narc,/itemtool/itemdata/pl_item_data.narc!/member_00398,0,/itemtool/itemdata/pl_item_data.narc,376,398,,17948,17982,14328,14362,34,5507d41081554bed521754a80670f0d247a00e85d0c0f092891c813ba12128cd,0000000000000000bf01060000000000,,,,,False,,,,,,,,,,False,False
/itemtool/itemdata/pl_item_data.narc,/itemtool/itemdata/pl_item_data.narc!/member_00399,0,/itemtool/itemdata/pl_item_data.narc,376,399,,17984,18018,14364,14398,34,5507d41081554bed521754a80670f0d247a00e85d0c0f092891c813ba12128cd,0000000000000000bf01060000000000,,,,,False,,,,,,,,,,False,False
/itemtool/itemdata/pl_item_data.narc,/itemtool/itemdata/pl_item_data.narc!/member_00400,0,/itemtool/itemdata/pl_item_data.narc,376,400,,18020,18054,14400,14434,34,5507d41081554bed521754a80670f0d247a00e85d0c0f092891c813ba12128cd,0000000000000000bf01060000000000,,,,,False,,,,,,,,,,False,False
/itemtool/itemdata/pl_item_data.narc,/itemtool/itemdata/pl_item_data.narc!/member_00401,0,/itemtool/itemdata/pl_item_data.narc,376,401,,18056,18090,14436,14470,34,5507d41081554bed521754a80670f0d247a00e85d0c0f092891c813ba12128cd,0000000000000000bf01060000000000,,,,,False,,,,,,,,,,False,False
/itemtool/itemdata/pl_item_data.narc,/itemtool/itemdata/pl_item_data.narc!/member_00402,0,/itemtool/itemdata/pl_item_data.narc,376,402,,18092,18126,14472,14506,34,5507d41081554bed521754a80670f0d247a00e85d0c0f092891c813ba12128cd,0000000000000000bf01060000000000,,,,,False,,,,,,,,,,False,False
/itemtool/itemdata/pl_item_data.narc,/itemtool/itemdata/pl_item_data.narc!/member_00403,0,/itemtool/itemdata/pl_item_data.narc,376,403,,18128,18162,14508,14542,34,5507d41081554bed521754a80670f0d247a00e85d0c0f092891c813ba12128cd,0000000000000000bf01060000000000,,,,,False,,,,,,,,,,False,False
/itemtool/itemdata/pl_item_data.narc,/itemtool/itemdata/pl_item_data.narc!/member_00404,0,/itemtool/itemdata/pl_item_data.narc,376,404,,18164,18198,14544,14578,34,5507d41081554bed521754a80670f0d247a00e85d0c0f092891c813ba12128cd,0000000000000000bf01060000000000,,,,,False,,,,,,,,,,False,False
/itemtool/itemdata/pl_item_data.narc,/itemtool/itemdata/pl_item_data.narc!/member_00405,0,/itemtool/itemdata/pl_item_data.narc,376,405,,18200,18234,14580,14614,34,5507d41081554bed521754a80670f0d247a00e85d0c0f092891c813ba12128cd,0000000000000000bf01060000000000,,,,,False,,,,,,,,,,False,False
/itemtool/itemdata/pl_item_data.narc,/itemtool/itemdata/pl_item_data.narc!/member_00406,0,/itemtool/itemdata/pl_item_data.narc,376,406,,18236,18270,14616,14650,34,0d31ff5a61b5158800ca4cc4befdd3a8147c447eababae201e16251af6aa95a3,0000000000000000ff03030000000000,,,,,False,,,,,,,,,,False,False
/itemtool/itemdata/pl_item_data.narc,/itemtool/itemdata/pl_item_data.narc!/member_00407,0,/itemtool/itemdata/pl_item_data.narc,376,407,,18272,18306,14652,14686,34,a8362fe4a0998375f85e58e0f0df27df4d8033597bc7d129688ac90fb129145a,0000000000000000bf03000000000000,,,,,False,,,,,,,,,,False,False
/itemtool/itemdata/pl_item_data.narc,/itemtool/itemdata/pl_item_data.narc!/member_00408,0,/itemtool/itemdata/pl_item_data.narc,376,408,,18308,18342,14688,14722,34,a8362fe4a0998375f85e58e0f0df27df4d8033597bc7d129688ac90fb129145a,0000000000000000bf03000000000000,,,,,False,,,,,,,,,,False,False
/itemtool/itemdata/pl_item_data.narc,/itemtool/itemdata/pl_item_data.narc!/member_00409,0,/itemtool/itemdata/pl_item_data.narc,376,409,,18344,18378,14724,14758,34,11dd052df146d357c7777826f28fa3b6c0d87f24aab5ae2e2caf5c5e5d52b23c,0000000000000000ff030b0000000000,,,,,False,,,,,,,,,,False,False
/itemtool/itemdata/pl_item_data.narc,/itemtool/itemdata/pl_item_data.narc!/member_00410,0,/itemtool/itemdata/pl_item_data.narc,376,410,,18380,18414,14760,14794,34,835ab45ef15bdb9bff34fe0c8879e67787fca19044977ae99e867d56bae960c5,0000000000000000ff03130000000000,,,,,False,,,,,,,,,,False,False
/itemtool/itemdata/pl_item_data.narc,/itemtool/itemdata/pl_item_data.narc!/member_00411,0,/itemtool/itemdata/pl_item_data.narc,376,411,,18416,18450,14796,14830,34,763b06e5ed6a2321ba8cdddbca7e832c858bdd56ba3c9dd91605453ef4edeea5,0000000000000000ff03050000000000,,,,,False,,,,,,,,,,False,False
/itemtool/itemdata/pl_item_data.narc,/itemtool/itemdata/pl_item_data.narc!/member_00412,0,/itemtool/itemdata/pl_item_data.narc,376,412,,18452,18486,14832,14866,34,835ab45ef15bdb9bff34fe0c8879e67787fca19044977ae99e867d56bae960c5,0000000000000000ff03130000000000,,,,,False,,,,,,,,,,False,False
/itemtool/itemdata/pl_item_data.narc,/itemtool/itemdata/pl_item_data.narc!/member_00413,0,/itemtool/itemdata/pl_item_data.narc,376,413,,18488,18522,14868,14902,34,835ab45ef15bdb9bff34fe0c8879e67787fca19044977ae99e867d56bae960c5,0000000000000000ff03130000000000,,,,,False,,,,,,,,,,False,False
/itemtool/itemdata/pl_item_data.narc,/itemtool/itemdata/pl_item_data.narc!/member_00414,0,/itemtool/itemdata/pl_item_data.narc,376,414,,18524,18558,14904,14938,34,a8362fe4a0998375f85e58e0f0df27df4d8033597bc7d129688ac90fb129145a,0000000000000000bf03000000000000,,,,,False,,,,,,,,,,False,False
/itemtool/itemdata/pl_item_data.narc,/itemtool/itemdata/pl_item_data.narc!/member_00415,0,/itemtool/itemdata/pl_item_data.narc,376,415,,18560,18594,14940,14974,34,fed684f2fd90ba976b2f709dde2fd921acb367d641934b1f393869ef2ba77799,0000000000000000ff030a0000000000,,,,,False,,,,,,,,,,False,False
/itemtool/itemdata/pl_item_data.narc,/itemtool/itemdata/pl_item_data.narc!/member_00416,0,/itemtool/itemdata/pl_item_data.narc,376,416,,18596,18630,14976,15010,34,a8362fe4a0998375f85e58e0f0df27df4d8033597bc7d129688ac90fb129145a,0000000000000000bf03000000000000,,,,,False,,,,,,,,,,False,False
/itemtool/itemdata/pl_item_data.narc,/itemtool/itemdata/pl_item_data.narc!/member_00417,0,/itemtool/itemdata/pl_item_data.narc,376,417,,18632,18666,15012,15046,34,a8362fe4a0998375f85e58e0f0df27df4d8033597bc7d129688ac90fb129145a,0000000000000000bf03000000000000,,,,,False,,,,,,,,,,False,False
/itemtool/itemdata/pl_item_data.narc,/itemtool/itemdata/pl_item_data.narc!/member_00418,0,/itemtool/itemdata/pl_item_data.narc,376,418,,18668,18702,15048,15082,34,a8362fe4a0998375f85e58e0f0df27df4d8033597bc7d129688ac90fb129145a,0000000000000000bf03000000000000,,,,,False,,,,,,,,,,False,False
/itemtool/itemdata/pl_item_data.narc,/itemtool/itemdata/pl_item_data.narc!/member_00419,0,/itemtool/itemdata/pl_item_data.narc,376,419,,18704,18738,15084,15118,34,a8362fe4a0998375f85e58e0f0df27df4d8033597bc7d129688ac90fb129145a,0000000000000000bf03000000000000,,,,,False,,,,,,,,,,False,False
/itemtool/itemdata/pl_item_data.narc,/itemtool/itemdata/pl_item_data.narc!/member_00420,0,/itemtool/itemdata/pl_item_data.narc,376,420,,18740,18774,15120,15154,34,1f780e57f180525336733f5269aba230976fe752dc57c4b3093d56224b3709c7,0000000000000000ff03020000000000,,,,,False,,,,,,,,,,False,False
/itemtool/itemdata/pl_item_data.narc,/itemtool/itemdata/pl_item_data.narc!/member_00421,0,/itemtool/itemdata/pl_item_data.narc,376,421,,18776,18810,15156,15190,34,8197c66b854a5bc322688868880c368f0e9c03496d44aa281a235e87af77f100,0000000000000000ff030f0000000000,,,,,False,,,,,,,,,,False,False
/itemtool/itemdata/pl_item_data.narc,/itemtool/itemdata/pl_item_data.narc!/member_00422,0,/itemtool/itemdata/pl_item_data.narc,376,422,,18812,18846,15192,15226,34,835ab45ef15bdb9bff34fe0c8879e67787fca19044977ae99e867d56bae960c5,0000000000000000ff03130000000000,,,,,False,,,,,,,,,,False,False
/itemtool/itemdata/pl_item_data.narc,/itemtool/itemdata/pl_item_data.narc!/member_00423,0,/itemtool/itemdata/pl_item_data.narc,376,423,,18848,18882,15228,15262,34,f385161749c06934d35bf9e1b33ea46f19351e07d63118e84b4ca060519ed48f,0000000000000000ff03100000000000,,,,,False,,,,,,,,,,False,False
/itemtool/itemdata/pl_item_data.narc,/itemtool/itemdata/pl_item_data.narc!/member_00424,0,/itemtool/itemdata/pl_item_data.narc,376,424,,18884,18918,15264,15298,34,8b9cff975de7e6ba838fe839148184a83e17a1ac07aee6b3204e81aa4db63cd7,0000000000000000ff03110000000100,,,,,False,,,,,,,,,,False,False
/itemtool/itemdata/pl_item_data.narc,/itemtool/itemdata/pl_item_data.narc!/member_00425,0,/itemtool/itemdata/pl_item_data.narc,376,425,,18920,18954,15300,15334,34,76f4b4c7d78c5e6d6cbd30484ce7efc4652f5abd688086f1ed3cc1780d859535,0000000000000000ff03120000000200,,,,,False,,,,,,,,,,False,False
/itemtool/itemdata/pl_item_data.narc,/itemtool/itemdata/pl_item_data.narc!/member_00426,0,/itemtool/itemdata/pl_item_data.narc,376,426,,18956,18990,15336,15370,34,2cff1c2227a3e6b74e00570ff956594146ee3ec0b916873512c80ea2f2be3fbd,0000000000000000ff030c0000000000,,,,,False,,,,,,,,,,False,False
/itemtool/itemdata/pl_item_data.narc,/itemtool/itemdata/pl_item_data.narc!/member_00427,0,/itemtool/itemdata/pl_item_data.narc,376,427,,18992,19026,15372,15406,34,5c1b288db127891e2f7478ec47d82905c0a399cd5f3492470d524c4ab44ec2a8,0000000000000000ff03090000000000,,,,,False,,,,,,,,,,False,False
/itemtool/itemdata/pl_item_data.narc,/itemtool/itemdata/pl_item_data.narc!/member_00428,0,/itemtool/itemdata/pl_item_data.narc,376,428,,19028,19062,15408,15442,34,4af59e7533467895eb045a6a75546c6718b694ca02f9b05d653188bb8bf88abc,0000000000000000ff03040000000000,,,,,False,,,,,,,,,,False,False
/itemtool/itemdata/pl_item_data.narc,/itemtool/itemdata/pl_item_data.narc!/member_00429,0,/itemtool/itemdata/pl_item_data.narc,376,429,,19064,19098,15444,15478,34,a8362fe4a0998375f85e58e0f0df27df4d8033597bc7d129688ac90fb129145a,0000000000000000bf03000000000000,,,,,False,,,,,,,,,,False,False
/itemtool/itemdata/pl_item_data.narc,/itemtool/itemdata/pl_item_data.narc!/member_00430,0,/itemtool/itemdata/pl_item_data.narc,376,430,,19100,19134,15480,15514,34,a8362fe4a0998375f85e58e0f0df27df4d8033597bc7d129688ac90fb129145a,0000000000000000bf03000000000000,,,,,False,,,,,,,,,,False,False
/itemtool/itemdata/pl_item_data.narc,/itemtool/itemdata/pl_item_data.narc!/member_00431,0,/itemtool/itemdata/pl_item_data.narc,376,431,,19136,19170,15516,15550,34,a8362fe4a0998375f85e58e0f0df27df4d8033597bc7d129688ac90fb129145a,0000000000000000bf03000000000000,,,,,False,,,,,,,,,,False,False
/itemtool/itemdata/pl_item_data.narc,/itemtool/itemdata/pl_item_data.narc!/member_00432,0,/itemtool/itemdata/pl_item_data.narc,376,432,,19172,19206,15552,15586,34,a8362fe4a0998375f85e58e0f0df27df4d8033597bc7d129688ac90fb129145a,0000000000000000bf03000000000000,,,,,False,,,,,,,,,,False,False
/itemtool/itemdata/pl_item_data.narc,/itemtool/itemdata/pl_item_data.narc!/member_00433,0,/itemtool/itemdata/pl_item_data.narc,376,433,,19208,19242,15588,15622,34,dbde853120cd5e1d015476682c268b03259628adc03649b566da4169a4c38469,0000000000000000ff03160000000000,,,,,False,,,,,,,,,,False,False
/itemtool/itemdata/pl_item_data.narc,/itemtool/itemdata/pl_item_data.narc!/member_00434,0,/itemtool/itemdata/pl_item_data.narc,376,434,,19244,19278,15624,15658,34,a8362fe4a0998375f85e58e0f0df27df4d8033597bc7d129688ac90fb129145a,0000000000000000bf03000000000000,,,,,False,,,,,,,,,,False,False
/itemtool/itemdata/pl_item_data.narc,/itemtool/itemdata/pl_item_data.narc!/member_00435,0,/itemtool/itemdata/pl_item_data.narc,376,435,,19280,19314,15660,15694,34,a8362fe4a0998375f85e58e0f0df27df4d8033597bc7d129688ac90fb129145a,0000000000000000bf03000000000000,,,,,False,,,,,,,,,,False,False
/itemtool/itemdata/pl_item_data.narc,/itemtool/itemdata/pl_item_data.narc!/member_00436,0,/itemtool/itemdata/pl_item_data.narc,376,436,,19316,19350,15696,15730,34,a8362fe4a0998375f85e58e0f0df27df4d8033597bc7d129688ac90fb129145a,0000000000000000bf03000000000000,,,,,False,,,,,,,,,,False,False
/itemtool/itemdata/pl_item_data.narc,/itemtool/itemdata/pl_item_data.narc!/member_00437,0,/itemtool/itemdata/pl_item_data.narc,376,437,,19352,19386,15732,15766,34,a8362fe4a0998375f85e58e0f0df27df4d8033597bc7d129688ac90fb129145a,0000000000000000bf03000000000000,,,,,False,,,,,,,,,,False,False
/itemtool/itemdata/pl_item_data.narc,/itemtool/itemdata/pl_item_data.narc!/member_00438,0,/itemtool/itemdata/pl_item_data.narc,376,438,,19388,19422,15768,15802,34,a8362fe4a0998375f85e58e0f0df27df4d8033597bc7d129688ac90fb129145a,0000000000000000bf03000000000000,,,,,False,,,,,,,,,,False,False
/itemtool/itemdata/pl_item_data.narc,/itemtool/itemdata/pl_item_data.narc!/member_00439,0,/itemtool/itemdata/pl_item_data.narc,376,439,,19424,19458,15804,15838,34,a8362fe4a0998375f85e58e0f0df27df4d8033597bc7d129688ac90fb129145a,0000000000000000bf03000000000000,,,,,False,,,,,,,,,,False,False
/itemtool/itemdata/pl_item_data.narc,/itemtool/itemdata/pl_item_data.narc!/member_00440,0,/itemtool/itemdata/pl_item_data.narc,376,440,,19460,19494,15840,15874,34,a8362fe4a0998375f85e58e0f0df27df4d8033597bc7d129688ac90fb129145a,0000000000000000bf03000000000000,,,,,False,,,,,,,,,,False,False
/itemtool/itemdata/pl_item_data.narc,/itemtool/itemdata/pl_item_data.narc!/member_00441,0,/itemtool/itemdata/pl_item_data.narc,376,441,,19496,19530,15876,15910,34,a8362fe4a0998375f85e58e0f0df27df4d8033597bc7d129688ac90fb129145a,0000000000000000bf03000000000000,,,,,False,,,,,,,,,,False,False
/itemtool/itemdata/pl_item_data.narc,/itemtool/itemdata/pl_item_data.narc!/member_00442,0,/itemtool/itemdata/pl_item_data.narc,376,442,,19532,19566,15912,15946,34,a8362fe4a0998375f85e58e0f0df27df4d8033597bc7d129688ac90fb129145a,0000000000000000bf03000000000000,,,,,False,,,,,,,,,,False,False
/itemtool/itemdata/pl_item_data.narc,/itemtool/itemdata/pl_item_data.narc!/member_00443,0,/itemtool/itemdata/pl_item_data.narc,376,443,,19568,19602,15948,15982,34,ea0cab0106770015860fc62b9fb372b2df2031d77f9353d120fdfa85b89611b6,0000000000000000ff03170000000000,,,,,False,,,,,,,,,,False,False
/itemtool/itemdata/pl_item_data.narc,/itemtool/itemdata/pl_item_data.narc!/member_00444,0,/itemtool/itemdata/pl_item_data.narc,376,444,,19604,19638,15984,16018,34,cda421d9a6be93b233c6b1f860e32f20a92f0f62b8908d2aa5f3cbfc7d076280,0000000000000000ff03180000000000,,,,,False,,,,,,,,,,False,False
/itemtool/itemdata/pl_item_data.narc,/itemtool/itemdata/pl_item_data.narc!/member_00445,0,/itemtool/itemdata/pl_item_data.narc,376,445,,19640,19674,16020,16054,34,a8362fe4a0998375f85e58e0f0df27df4d8033597bc7d129688ac90fb129145a,0000000000000000bf03000000000000,,,,,False,,,,,,,,,,False,False
/msgdata/msg.narc,/msgdata/msg.narc!/member_00000,0,/msgdata/msg.narc,377,0,,4948,60404,0,55456,55456,6a4ed7f21c94afbadcf5876aa335dbb23b2fed0fb6d7a466fe80588225095f2e,7c05e658aa8c4ea74ca74ea774659c4e,,,,,False,,,,,,,,,,False,False
/msgdata/msg.narc,/msgdata/msg.narc!/member_00001,0,/msgdata/msg.narc,377,1,,60404,60644,55456,55696,240,21633f1950846e412d0021bec4bee92addfbf2b89fb6e067a44ea6d2d4c9ec36,0400d43aa0cb84cb88cb84cb34970897,,,,,False,,,,,,,,,,False,False
/msgdata/msg.narc,/msgdata/msg.narc!/member_00002,0,/msgdata/msg.narc,377,2,,60644,61992,55696,57044,1348,60b0434e1dd51f1d2c43d1ef2143e382ed7925c2a1d5aeae076640335a30d484,3100f3b6abb527b421b427b4d6694e68,,,,,False,,,,,,,,,,False,False
/msgdata/msg.narc,/msgdata/msg.narc!/member_00003,0,/msgdata/msg.narc,377,3,,61992,64392,57044,59444,2400,0fe504951f7d37db94a1c2f23a87d0df808443dda92a3c6a7f3eb5b89a0adb8d,6000a30f13b917ba11ba17ba3e772e74,,,,,False,,,,,,,,,,False,False
/msgdata/msg.narc,/msgdata/msg.narc!/member_00004,0,/msgdata/msg.narc,377,4,,64392,64568,59444,59620,176,2cdac8c5d84846b2a96ca8f7f69c71387763ebadb9f3efc47034682507fee419,03004f760f8a138a078a138a62142614,,,,,False,,,,,,,,,,False,False
/msgdata/msg.narc,/msgdata/msg.narc!/member_00005,0,/msgdata/msg.narc,377,5,,64568,64750,59620,59802,182,2b853b6a75a0c733fede3f83b04d6abdc037ef219b298ed2014d4a0ffd1f056c,02008a86760a620a470a620a9a14c414,,,,,False,,,,,,,,,,False,False
/msgdata/msg.narc,/msgdata/msg.narc!/member_00006,0,/msgdata/msg.narc,377,6,,64752,65004,59804,60056,252,ca74faec647f3089f09747daae216f6b75015cb6fc210b970d209b373e157cda,0200caadb654a2548754a2541aa944a9,,,,,False,,,,,,,,,,False,False
/msgdata/msg.narc,/msgdata/msg.narc!/member_00007,0,/msgdata/msg.narc,377,7,,65004,68500,60056,63552,3496,2c149ecd9436bbc44c93d1e3c5dd4e308bb26a49b1fed75986cd97fedb127462,7000c1023939bd3abe3abd3af0767a75,,,,,False,,,,,,,,,,False,False
/msgdata/msg.narc,/msgdata/msg.narc!/member_00008,0,/msgdata/msg.narc,377,8,,68500,68958,63552,64010,458,838ff33a3ad8106ce71d533a9f6f0fce2851e832ff12063cbc98c6f72ec4e43e,11001dd225e0a9e0aae0a9e0c0c152c1,,Nintendo LZ11,Probable,,True,Nintendo LZ11,Probable,True,13769984,False,,,,,False,False
/msgdata/msg.narc,/msgdata/msg.narc!/member_00009,0,/msgdata/msg.narc,377,9,,68960,70178,64012,65230,1218,afcf34a9da53cc8bd1b2eda647f9c933a4ad27eec2c4ec04047445b19a6f62dd,19000238365dfa5ded5dfa5d0ebbf4bb,,,,,False,,,,,,,,,,False,False
/msgdata/msg.narc,/msgdata/msg.narc!/member_00010,0,/msgdata/msg.narc,377,10,,70180,71574,65232,66626,1394,d52eb64489c1d5445653930ccb8cb436235ebfd8f45fed933cd306959fe863c1,5100d3d80bec87ee86ee87ee80df0edd,,,,,False,,,,,,,,,,False,False
/msgdata/msg.narc,/msgdata/msg.narc!/member_00011,0,/msgdata/msg.narc,377,11,,71576,72676,66628,67728,1100,d88b57c49fcab320a0dd69c8e3e5f81aadd99f2827f396ffbeee0c4acfcaef4f,06003b447be44fe43ee44fe488c99ec8,,,,,False,,,,,,,,,,False,False
/msgdata/msg.narc,/msgdata/msg.narc!/member_00012,0,/msgdata/msg.narc,377,12,,72676,73160,67728,68212,484,a95854b27866fabc79e2c8234ab1739a102813f38c48022b791ef4f4e8b49e40,0800a479507f147f077f147f42fe28fe,,,,,False,,,,,,,,,,False,False
/msgdata/msg.narc,/msgdata/msg.narc!/member_00013,0,/msgdata/msg.narc,377,13,,73160,74496,68212,69548,1336,2e67dd42fb562b13086274be0642cf0cfd37bffadad66aab4f01d4672f2e14b8,500040f3c4e440e646e640e610ce80cc,,,,,False,,,,,,,,,,False,False
/msgdata/msg.narc,/msgdata/msg.narc!/member_00014,0,/msgdata/msg.narc,377,14,,74496,75886,69548,70938,1390,1b7f9378a798c5f9fc23526bab48ec3ba72f8a56c1cf617f99c28bae08f0bfe6,2d0007298798eb99fa99eb995832d633,,,,,False,,,,,,,,,,False,False
/msgdata/msg.narc,/msgdata/msg.narc!/member_00015,0,/msgdata/msg.narc,377,15,,75888,80366,70940,75418,4478,53e6f48509e7071db0e4454d5a8de78662e2ce38212fbffc0b6c67dad39f355a,33018567ed5171587258715840b9e2b0,,,,,False,,,,,,,,,,False,False
/msgdata/msg.narc,/msgdata/msg.narc!/member_00016,0,/msgdata/msg.narc,377,16,,80368,81234,75420,76286,866,f9f527330320f8d00736e9e953a8cc1da0ed145a6549165a5fa831749c9d7ce6,18000b301b90df90d890df906c21be21,,,,,False,,,,,,,,,,False,False
/msgdata/msg.narc,/msgdata/msg.narc!/member_00017,0,/msgdata/msg.narc,377,17,,81236,90416,76288,85468,9180,d0c092d50687428b7d2afa7459050c3e63b9fedebe94a295176636dcace4100c,51009347cbe047e250e247e234c68ec4,,,,,False,,,,,,,,,,False,False
/msgdata/msg.narc,/msgdata/msg.narc!/member_00018,0,/msgdata/msg.narc,377,18,,90416,90592,85468,85644,176,10efd158987a8ac282e9fcf787d87f4207c12f7166a04995894001af2c13c4b1,0200b0cae4aff0afdaaff0af885fe05f,,,,,False,,,,,,,,,,False,False
/msgdata/msg.narc,/msgdata/msg.narc!/member_00019,0,/msgdata/msg.narc,377,19,,90592,90686,85644,85738,94,5ec459c0929cc445e7e931154ba85d1b38ea59fb054d1a101fc0d1863aa82d85,01006e99ba7db67d9f7db67d0d1ace64,,,,,False,,,,,,,,,,False,False
/msgdata/msg.narc,/msgdata/msg.narc!/member_00020,0,/msgdata/msg.narc,377,20,,90688,91126,85740,86178,438,1ad00b9ea85943238df7d27963c5bcf155b681af360e6b0903fe3007a9857ba8,0300b32bfb95e795d595e7954e2bce2b,,,,,False,,,,,,,,,,False,False
/msgdata/msg.narc,/msgdata/msg.narc!/member_00021,0,/msgdata/msg.narc,377,21,,91128,92908,86180,87960,1780,dfa21416d396b4c0ca758b89f689ff00e831798e970b2130033556a9e5aab643,110003447b3cf73ceb3cf73c2a79ee79,,Nintendo LZ11,Probable,,True,Nintendo LZ11,Probable,True,4457216,False,,,,,False,False
/msgdata/msg.narc,/msgdata/msg.narc!/member_00022,0,/msgdata/msg.narc,377,22,,92908,93240,87960,88292,332,bc9d067bf25b8f08f8730088a00d5bdffabe24dc3c04eeb7ba79c01518440bf5,04000f44f760d3609260d36000c1a6c1,,,,,False,,,,,,,,,,False,False
/msgdata/msg.narc,/msgdata/msg.narc!/member_00023,0,/msgdata/msg.narc,377,23,,93240,97242,88292,92294,4002,c6818e8205a329c0742af00f4642a1ace6e515628a08e05c81275abc07879dc3,24000b44fb55df54f854df54cca8bea9,,,,,True,Nintendo Huffman 4-bit,Probable,False,4459264,,,,,,False,False
/msgdata/msg.narc,/msgdata/msg.narc!/member_00024,0,/msgdata/msg.narc,377,24,,97244,101678,92296,96730,4434,866e842048e895df3c3a07cf96e72fadd5f6d71b35640324e61c65a8967fe0d8,3a001b447b85af84ee84af84080b5e09,,,,,False,,,,,,,,,,False,False
/msgdata/msg.narc,/msgdata/msg.narc!/member_00025,0,/msgdata/msg.narc,377,25,,101680,101924,96732,96976,244,cc8d0e241db271493bf86294667c64364f95889f3aca9ef263219a7a474ea9c3,03001744a778bb789878bb7814f176f1,,,,,False,,,,,,,,,,False,False
/msgdata/msg.narc,/msgdata/msg.narc!/member_00026,0,/msgdata/msg.narc,377,26,,101924,103044,96976,98096,1120,351c750ca969952835c71a81bffc0684e623fcd807080bd0fbf5384c8a0baabc,090013448b6cc76cec6cc76c2cd98ed9,,,,,False,,,,,,,,,,False,False
/msgdata/msg.narc,/msgdata/msg.narc!/member_00027,0,/msgdata/msg.narc,377,27,,103044,103210,98096,98262,166,46ca2832a936107e894b4adb4bf853e2bfc126857c2df4728bfe547d7e8e0cff,02000f44c760d360fe60d360c8c1a6c1,,,,,False,,,,,,,,,,False,False
/msgdata/msg.narc,/msgdata/msg.narc!/member_00028,0,/msgdata/msg.narc,377,28,,103212,104870,98264,99922,1658,aac3f360d0b91442301c17ad775c72551922081b36f5eb2f0330d6c8993eb97c,12000b444b54df54e454df54b4a8bea9,,,,,False,,,,,,,,,,False,False
/msgdata/msg.narc,/msgdata/msg.narc!/member_00029,0,/msgdata/msg.narc,377,29,,104872,105304,99924,100356,432,7e3326d04d02a9f25207720f284aa15a2ea26d9135b0b9a06e3d8f763d6a7b76,04000744cf48eb48da48eb485091d691,,,,,False,,,,,,,,,,False,False
/msgdata/msg.narc,/msgdata/msg.narc!/member_00030,0,/msgdata/msg.narc,377,30,,105304,105552,100356,100604,248,a69a55b5fbffe5bd4899c7b8537073cf3b9dc04f95d89cba4ad0b807dde8176d,03000344eb3cf73ccc3cf73c7c79ee79,,,,,False,,,,,,,,,,False,False
/msgdata/msg.narc,/msgdata/msg.narc!/member_00031,0,/msgdata/msg.narc,377,31,,105552,105860,100604,100912,308,547a579257593d02d04b4778a5fd0f98ffb303a3f6c022c8af2e3ba3f3664277,06003f4477f043f06df043f016e086e0,,,,,False,,,,,,,,,,False,False
/msgdata/msg.narc,/msgdata/msg.narc!/member_00032,0,/msgdata/msg.narc,377,32,,105860,106174,100912,101226,314,ee10423b0411093dbb545dd7ea18785779655bec6fb2351855905985ddd6e41d,020012c4dee9cae9fce9cae914d394d3,,,,,False,,,,,,,,,,False,False
/msgdata/msg.narc,/msgdata/msg.narc!/member_00033,0,/msgdata/msg.narc,377,33,,106176,106348,101228,101400,172,5f733af2518d736428ca0ce6e1bd27748a75277530b87d39297885b1d45feb93,02001ec4b20da60d900da60dcc1b4c1b,,,,,False,,,,,,,,,,False,False
/msgdata/msg.narc,/msgdata/msg.narc!/member_00034,0,/msgdata/msg.narc,377,34,,106348,106440,101400,101492,92,b13b46c278d3f06dafeceeb7fc1fb0694255a5aee926e90b677499236fddaf23,01001ac4be01b2019a01b201b817976e,,,,,False,,,,,,,,,,False,False
/msgdata/msg.narc,/msgdata/msg.narc!/member_00035,0,/msgdata/msg.narc,377,35,,106440,106518,101492,101570,78,015efd6e4385aab2c0f72c9d96e340c614ef12fd0b54cdf3864202a1ca37286b,01002b4473b47fb45eb47fb40d1ace64,,,,,False,,,,,,,,,,False,False
/msgdata/msg.narc,/msgdata/msg.narc!/member_00036,0,/msgdata/msg.narc,377,36,,106520,107020,101572,102072,500,2dd36d7ea1ce00193addc599de2940e97833c00f733a212ab1e014f1ba0859c5,050022c4b6199a19bd199a194e333433,,,,,False,,,,,,,,,,False,False
/msgdata/msg.narc,/msgdata/msg.narc!/member_00037,0,/msgdata/msg.narc,377,37,,107020,107384,102072,102436,364,8f29cefb151d314be21dec50e21362269fb921cfc8dfd17b5cbabaaa80ce7ddd,02002ec4623d763d383d763d5c7aec7a,,,,,False,,,,,,,,,,False,False
/msgdata/msg.narc,/msgdata/msg.narc!/member_00038,0,/msgdata/msg.narc,377,38,,107384,107602,102436,102654,218,6b2d8efbde3f124ed3abf9e19bf807f8d81b0d61119532e8d3f2718e45a446a1,02002ac496318231bc31823194630463,,,,,False,,,,,,,,,,False,False
/msgdata/msg.narc,/msgdata/msg.narc!/member_00039,0,/msgdata/msg.narc,377,39,,107604,107856,102656,102908,252,6ec4cbc480df3c250f097e40e321f01303c1f272f3e92c63f5c0fec1536e1b6b,020036c44a555e551f555e552aaabcaa,,,,,False,,,,,,,,,,False,False
/msgdata/msg.narc,/msgdata/msg.narc!/member_00040,0,/msgdata/msg.narc,377,40,,107856,109884,102908,104936,2028,2b3d786dcc47a094dba448c985a3d7afac71eeb2be790d25b12624e791c355d9,10003ac4d66152613f615261fac3a4c2,,Nintendo LZ10,Probable,,True,Nintendo LZ10,Probable,True,12859904,False,,,,,False,False
/msgdata/msg.narc,/msgdata/msg.narc!/member_00041,0,/msgdata/msg.narc,377,41,,109884,113396,104936,108448,3512,b35448b693e714489b3d24b74ee5d3b66cd931d0535252e7be3ae76777f2eead,1c00334483cc67cceccc67cc3499ce98,,,,,False,,,,,,,,,,False,False
/msgdata/msg.narc,/msgdata/msg.narc!/member_00042,0,/msgdata/msg.narc,377,42,,113396,113690,108448,108742,294,649961bc9fc4757593d2ad8af48629af2b7b3efb42a25990a134af7a273cced7,03004b4403141f1456141f1490283e28,,,,,False,,,,,,,,,,False,False
/msgdata/msg.narc,/msgdata/msg.narc!/member_00043,0,/msgdata/msg.narc,377,43,,113692,114096,108744,109148,404,1c83613a68b358986dae48ca367dc6fc43746dd8d3902820bae702eb7efa4bd2,040047440f082b0802082b0820105610,,,,,False,,,,,,,,,,False,False
/msgdata/msg.narc,/msgdata/msg.narc!/member_00044,0,/msgdata/msg.narc,377,44,,114096,114240,109148,109292,144,ddccf3d0b4553f32ba43ef100d5469da7a0bc0ef475c05f4f2b5182025588c76,020042c42e793a7921793a793ef274f2,,,,,False,,,,,,,,,,False,False
/msgdata/msg.narc,/msgdata/msg.narc!/member_00045,0,/msgdata/msg.narc,377,45,,114240,114416,109292,109468,176,f90dca621bf6481e71ba25fd3ad5b6fb4e8de93649f756c09574b3920634b033,01000b4cd33cdf3c8d3cdf3c0d1ace64,,,,,False,,,,,,,,,,False,False
/msgdata/msg.narc,/msgdata/msg.narc!/member_00046,0,/msgdata/msg.narc,377,46,,114416,117948,109468,113000,3532,df00242ab3dd1751f3d2cbe91c0c2ed30329ca8883af0d39682eec1738df296f,29009f476f072306430623064a0e460c,,,,,False,,,,,,,,,,False,False
/msgdata/msg.narc,/msgdata/msg.narc!/member_00047,0,/msgdata/msg.narc,377,47,,117948,118090,113000,113142,142,48a961e6375c74f26e0d5d31fff39f004a90f1909bc964b2fae517bc077405a2,0200d0ca840f900fb30f900f7a1f201f,,,,,False,,,,,,,,,,False,False
/msgdata/msg.narc,/msgdata/msg.narc!/member_00048,0,/msgdata/msg.narc,377,48,,118092,119542,113144,114594,1450,301ebbcdd0ec2044b8b60d83bc135b83e228f0d72b39cea6d5da7e5149db8e08,0a006ef9e25db65dee5db65d68ba6cbb,,,,,False,,,,,,,,,,False,False
/msgdata/msg.narc,/msgdata/msg.narc!/member_00049,0,/msgdata/msg.narc,377,49,,119544,119900,114596,114952,356,333faaa17ce23c3f8e1766f19374c8686d716afd281ec435a74b75ef3931fe1b,0300d32b9bf587f5a1f587f566eb0eeb,,,,,False,,,,,,,,,,False,False
/msgdata/msg.narc,/msgdata/msg.narc!/member_00050,0,/msgdata/msg.narc,377,50,,119900,120544,114952,115596,644,46b6718e1af5ae05305788f799fd09f794782354bf454021f7d03cc284a2f8c8,07000374cbacf7acd0acf7ac6459ee59,,,,,False,,,,,,,,,,False,False
/msgdata/msg.narc,/msgdata/msg.narc!/member_00051,0,/msgdata/msg.narc,377,51,,120544,120868,115596,115920,324,c7ba775d9c13c6e9bee9122da6c78008e9c6db10aa0436a5024faee5021e8df7,05000f74ffd0d3d0f3d0d3d0caa1a6a1,,,,,False,,,,,,,,,,False,False
/msgdata/msg.narc,/msgdata/msg.narc!/member_00052,0,/msgdata/msg.narc,377,52,,120868,127490,115920,122542,6622,502fd7d8aa6bc70a4262618beb103ff089da20f626b1e81f824d1a1620c911d0,36000b746bc5dfc4c4c4dfc45488be89,,,,,False,,,,,,,,,,False,False
/msgdata/msg.narc,/msgdata/msg.narc!/member_00053,0,/msgdata/msg.narc,377,53,,127492,127898,122544,122950,406,b80885817b74179ae4b258e520961bc0f243cbcaba2085010575ff1985190f61,04001b748bf4aff4a4f4aff464e95ee9,,,,,False,,,,,,,,,,False,False
/msgdata/msg.narc,/msgdata/msg.narc!/member_00054,0,/msgdata/msg.narc,377,54,,127900,128560,122952,123612,660,78b1c469f4a4ee8c10adeb9d2351e3f2004c7eba57b0e5e1dddf7173f54edd0d,090012f48659ca599e59ca5960b394b3,,,,,False,,,,,,,,,,False,False
/msgdata/msg.narc,/msgdata/msg.narc!/member_00055,0,/msgdata/msg.narc,377,55,,128560,128810,123612,123862,250,d661f1c23355456dbd91c6c990db1c2a829c990c41ce52bb45b33a18b67f023c,03002b7463247f2437247f245248fe48,,,,,False,,,,,,,,,,False,False
/msgdata/msg.narc,/msgdata/msg.narc!/member_00056,0,/msgdata/msg.narc,377,56,,128812,129954,123864,125006,1142,722f7a14cda4e6a62c8f23ae039523ae68dcdaf18240265c9eef945274c2bd69,0b0022f4c6899a89d4899a89cc133413,,,,,False,,,,,,,,,,False,False
/msgdata/msg.narc,/msgdata/msg.narc!/member_00057,0,/msgdata/msg.narc,377,57,,129956,133584,125008,128636,3628,f10de6dcc328062d9a176c4e635b185b62960f7b54ae66876374fc4e7b2e90dc,20009b472bfb2ffa50fa2ffa5cf65ef4,,Nintendo Huffman,Probable,,True,Nintendo Huffman,Probable,False,4692736,,,,,,False,False
/msgdata/msg.narc,/msgdata/msg.narc!/member_00058,0,/msgdata/msg.narc,377,58,,133584,133870,128636,128922,286,298d4a7a0d5ec4bb70cd267020103ff398e9ae8fe6697f2c5852eb21041dae17,0200f14a39f22df26af22df2f8e45ae4,,,,,False,,,,,,,,,,False,False
/msgdata/msg.narc,/msgdata/msg.narc!/member_00059,0,/msgdata/msg.narc,377,59,,133872,135792,128924,130844,1920,bd04cf415a93c71de2dbed0da535e35dfc5c114cf92cf92fc8279ee0ea870933,0a006f59e740b3403640b34038806681,,,,,False,,,,,,,,,,False,False
/msgdata/msg.narc,/msgdata/msg.narc!/member_00060,0,/msgdata/msg.narc,377,60,,135792,136522,130844,131574,730,a5b2d3fbebc014d754928b47605390c40fe2a79f39c2f90cc45cb40c8559fb9b,0800f2ab6ed22ad209d22ad2dea454a4,,,,,False,,,,,,,,,,False,False
/msgdata/msg.narc,/msgdata/msg.narc!/member_00061,0,/msgdata/msg.narc,377,61,,136524,136658,131576,131710,134,e7453e52fa7143a8387ecf7dee2a0bb8a2b5efa4c29fbf1b77110a44de139c35,0100faab1eea12ea2fea12ea461fce64,,,,,False,,,,,,,,,,False,False
/msgdata/msg.narc,/msgdata/msg.narc!/member_00062,0,/msgdata/msg.narc,377,62,,136660,137078,131712,132130,418,20268ec576efd9bd911c83b02d5039113d0affb4821ced0654c4ce56ff8cbe26,05000364dbdcf7dcb7dcf7dc42b9eeb9,,,,,False,,,,,,,,,,False,False
/msgdata/msg.narc,/msgdata/msg.narc!/member_00063,0,/msgdata/msg.narc,377,63,,137080,137466,132132,132518,386,60380abe918c081131c8748610d45ef4a23ece631cb655f1893e5aa86bd3c4ba,05000f64ff00d300f900d3002601a601,,,,,False,,,,,,,,,,False,False
/msgdata/msg.narc,/msgdata/msg.narc!/member_00064,0,/msgdata/msg.narc,377,64,,137468,137722,132520,132774,254,673763fa67625ce018b9d3299dd87c2086baea291f3d50d14aa7a9fcd1bd00f5,03000b64c3f4dff4f0f4dff4c4e9bee9,,,,,False,,,,,,,,,,False,False
/msgdata/msg.narc,/msgdata/msg.narc!/member_00065,0,/msgdata/msg.narc,377,65,,137724,137880,132776,132932,156,b5f0c0dcc6220c241d797f3f172e3c3597f5b4391bf29fb822b81ab5ee883a7a,03001764a718bb18a818bb1834317631,,,,,False,,,,,,,,,,False,False
/msgdata/msg.narc,/msgdata/msg.narc!/member_00066,0,/msgdata/msg.narc,377,66,,137880,138460,132932,133512,580,d06641b3e1debf8880a9824826e02e2b3fbf3baa161adb50f9cdbd0891843755,06001b649b24af249424af24f4495e49,,,,,False,,,,,,,,,,False,False
/msgdata/msg.narc,/msgdata/msg.narc!/member_00067,0,/msgdata/msg.narc,377,67,,138460,139078,133512,134130,618,fc264acb508595e32808ebd5fe4defd4cbc764ae59e5b3e7327d4949b3d6dfac,050017649718bb189a18bb1818317631,,,,,False,,,,,,,,,,False,False
/msgdata/msg.narc,/msgdata/msg.narc!/member_00068,0,/msgdata/msg.narc,377,68,,139080,139304,134132,134356,224,680b59c650ed1ba40d8d7315f5d1ccca37a063d063354c356b8bbfbe55270f01,03001364db0cc70ce10cc70ce6198e19,,,,,False,,,,,,,,,,False,False
/msgdata/msg.narc,/msgdata/msg.narc!/member_00069,0,/msgdata/msg.narc,377,69,,139304,139736,134356,134788,432,4493173b9e2e4e041428df8fc0bd863cc2eeea2ab71ef46fc8ae806656cbacae,03000f64cf00d3009900d3001601a601,,,,,False,,,,,,,,,,False,False
/msgdata/msg.narc,/msgdata/msg.narc!/member_00070,0,/msgdata/msg.narc,377,70,,139736,139946,134788,134998,210,7e7b2146c8164d2cd542877bb95da4d02adea9e727755d7a87aa9a4ded9a87bf,020012e4de89ca89f289ca8910139413,,,,,False,,,,,,,,,,False,False
/msgdata/msg.narc,/msgdata/msg.narc!/member_00071,0,/msgdata/msg.narc,377,71,,139948,141934,135000,136986,1986,db56b0e6775d44efee592fd7b8f7ee2e609ddba24e10ac0cb1bd64a37d25fac1,18002b64bb547f5467547f540aa8fea8,,,,,False,,,,,,,,,,False,False
/msgdata/msg.narc,/msgdata/msg.narc!/member_00072,0,/msgdata/msg.narc,377,72,,141936,142262,136988,137314,326,271805ff4513980e90693c9e1605b7ee10c16ff8d5ccecb80a31323400b422c1,030022e486b99ab9cdb99ab9fe733473,,,,,False,,,,,,,,,,False,False
/msgdata/msg.narc,/msgdata/msg.narc!/member_00073,0,/msgdata/msg.narc,377,73,,142264,142542,137316,137594,278,15eaa5944656c3f3c93dc95ea95491a29aad778edfd5d6dcbbfeeee55a4f5d39,03003ae44e015201610152012602a402,,,,,False,,,,,,,,,,False,False
/msgdata/msg.narc,/msgdata/msg.narc!/member_00074,0,/msgdata/msg.narc,377,74,,142544,143052,137596,138104,508,2928aa7fbdcaec6bde1b87983401f93e6e82014a9c9ca8e5b9a18be379cd127f,050036e472f55ef571f55ef536eabcea,,,,,False,,,,,,,,,,False,False
/msgdata/msg.narc,/msgdata/msg.narc!/member_00075,0,/msgdata/msg.narc,377,75,,143052,143240,138104,138292,188,6e9faddff6a01456b6d7785b3f779623c9d9026ab91716099c5d441f7c25477e,020032e47ee96ae95be96ae9a2d2d4d2,,,,,False,,,,,,,,,,False,False
/msgdata/msg.narc,/msgdata/msg.narc!/member_00076,0,/msgdata/msg.narc,377,76,,143240,143374,138292,138426,134,b6950e54726f5997b668b486e2ac5b12c0812c882cbf478cf0fb0f103ca3a2fe,010033646b6c676c5a6c676c971efb60,,,,,False,,,,,,,,,,False,False
/msgdata/msg.narc,/msgdata/msg.narc!/member_00077,0,/msgdata/msg.narc,377,77,,143376,146660,138428,141712,3284,ba51f707d7989918bbe415ce6e3762f2067fe5d92719d869e4e30bb2e9438ced,1d00874787be6bbeffbe6bbec27ed67c,,,,,False,,,,,,,,,,False,False
/msgdata/msg.narc,/msgdata/msg.narc!/member_00078,0,/msgdata/msg.narc,377,78,,146660,146838,141712,141890,178,480c17a112f40a4957be4f408521d114aa6c0b6a3e6cb050bb8920e2e374bae7,020010cac4d1d0d1ccd1d0d1eca3a0a3,,,,,False,,,,,,,,,,False,False
/msgdata/msg.narc,/msgdata/msg.narc!/member_00079,0,/msgdata/msg.narc,377,79,,146840,147728,141892,142780,888,127b7a0adc2cfb1ecaaffdb610b8c339dc1635321790f5a621797c63e0ff1117,05006e399a9db69dfa9db69da83b6c3b,,,,,False,,,,,,,,,,False,False
/msgdata/msg.narc,/msgdata/msg.narc!/member_00080,0,/msgdata/msg.narc,377,80,,147728,149168,142780,144220,1440,be64217539838a27304a8547688bf960cdbb1c46c9c87a6b6d8daa2652a690c6,0e006239ae79da79aa79da79e0f2b4f3,,,,,False,,,,,,,,,,False,False
/msgdata/msg.narc,/msgdata/msg.narc!/member_00081,0,/msgdata/msg.narc,377,81,,149168,150120,144220,145172,952,f7fb683b7fd6787ba701ab94b5a231d8ea2b5716be9643b39b3818d1b8c4c4ce,0b00132b9bb7c7b7e8b7c7b7346f8e6f,,,,,False,,,,,,,,,,False,False
/msgdata/msg.narc,/msgdata/msg.narc!/member_00082,0,/msgdata/msg.narc,377,82,,150120,150188,145172,145240,68,791a96b57d216cd450c89680f76fd95d82bbc67cadd0bb8aeb4062d2358211a2,01001f2bafdba3dbbfdba3dbf51c2069,,,,,False,,,,,,,,,,False,False
/msgdata/msg.narc,/msgdata/msg.narc!/member_00083,0,/msgdata/msg.narc,377,83,,150188,151010,145240,146062,822,7977a51997b518100e26343b1981cfbb1d6309ce4591c9c6635959cd2d88ff78,07000314cbccf7ccdbccf7cc7a99ee99,,,,,False,,,,,,,,,,False,False
/msgdata/msg.narc,/msgdata/msg.narc!/member_00084,0,/msgdata/msg.narc,377,84,,151012,151226,146064,146278,214,254846f4debd5a3a6d4b7d0de5ba97805785f99ee37a07719160ab08d13df2e7,02001b14bb14af14e914af14fe295e29,,,,,False,,,,,,,,,,False,False
/msgdata/msg.narc,/msgdata/msg.narc!/member_00085,0,/msgdata/msg.narc,377,85,,151228,151424,146280,146476,196,5519559e0df2b7d2ea1197c27cc3aa130f7da36c7133aafea0f2d468988d65bf,02001714af08bb089f08bb082a117611,,,,,False,,,,,,,,,,False,False
/msgdata/msg.narc,/msgdata/msg.narc!/member_00086,0,/msgdata/msg.narc,377,86,,151424,151548,146476,146600,124,cfb5276bed611282d848d021efe9b7fdb38cbdbef67bd8676d7a24a5e13c851a,01001314cbfcc7fcfffcc7fc971e3168,,,,,False,,,,,,,,,,False,False
/msgdata/msg.narc,/msgdata/msg.narc!/member_00087,0,/msgdata/msg.narc,377,87,,151548,152326,146600,147378,778,9d712e8624a61114ad8efb20bcd10b40b981cf827b7d7fb6b0a6ea2c7e588171,06000f14e7f0d3f0e0f0d3f03ce1a6e1,,,,,False,,,,,,,,,,False,False
/msgdata/msg.narc,/msgdata/msg.narc!/member_00088,0,/msgdata/msg.narc,377,88,,152328,153792,147380,148844,1464,4b8d69df66508775e59c09b02a211326ac91986ca8e99bbd09a41a82c4b4c46e,100012944e79ca798a79ca7990f294f3,,Nintendo LZ10,Probable,,True,Nintendo LZ10,Probable,True,9703936,False,,,,,False,False
/msgdata/msg.narc,/msgdata/msg.narc!/member_00089,0,/msgdata/msg.narc,377,89,,153792,154098,148844,149150,306,1a4bcd639a023e356c46016743c0cf81278e30a16ad5ad26ea865bd3b9c31dec,03001e94ba9da69d939da69dca3b4c3b,,,,,False,,,,,,,,,,False,False
/msgdata/msg.narc,/msgdata/msg.narc!/member_00090,0,/msgdata/msg.narc,377,90,,154100,154466,149152,149518,366,c9cd9a30110a904272335effb010ee3423af6a30027b88d4b9bdfa8c192d1632,04001a949691b2918191b291ee236423,,,,,False,,,,,,,,,,False,False
/msgdata/msg.narc,/msgdata/msg.narc!/member_00091,0,/msgdata/msg.narc,377,91,,154468,154686,149520,149738,218,2e0ce8114523d9ac78e6a35dd0f2674d7f8a649e646838ccc9f291f55be64f6b,02000694fa55ee55df55ee55aaabdcab,,,,,False,,,,,,,,,,False,False
/msgdata/msg.narc,/msgdata/msg.narc!/member_00092,0,/msgdata/msg.narc,377,92,,154688,156060,149740,151112,1372,de13f5376beb060eaa1a4f813783655c77ab245a78b42ce20655746f971e7df5,08002b143b447f445b447f447288fe88,,,,,False,,,,,,,,,,False,False
/msgdata/msg.narc,/msgdata/msg.narc!/member_00093,0,/msgdata/msg.narc,377,93,,156060,156268,151112,151320,208,fa71566d1b0d3ba1cab5fa7f7873c1b3a7458b4757a98b0fe2db1dedb031b2f9,0300229486a99aa98da99aa97e533453,,,,,False,,,,,,,,,,False,False
/msgdata/msg.narc,/msgdata/msg.narc!/member_00094,0,/msgdata/msg.narc,377,94,,156268,156614,151320,151666,346,8997baa10c9e6484bbc2aa9a15a376d6d568af9bcbc7f0f30923b94b37f9744b,03003a944ef152f116f152f100e2a4e2,,,,,False,,,,,,,,,,False,False
/msgdata/msg.narc,/msgdata/msg.narc!/member_00095,0,/msgdata/msg.narc,377,95,,156616,156886,151668,151938,270,fd6d50ebd19d3b060b8011c7616806e94feb2237efa2a5baf0adfafbb1cf6f61,02003314735c675c375c675c7ab8ceb8,,,,,False,,,,,,,,,,False,False
/msgdata/msg.narc,/msgdata/msg.narc!/member_00096,0,/msgdata/msg.narc,377,96,,156888,165432,151940,160484,8544,bc18173539217145fcc45833a963e0690d72fa57e958179073a6a327a4a9fc4e,2f004b1463a51fa420a41fa4c4493e48,,,,,False,,,,,,,,,,False,False
/msgdata/msg.narc,/msgdata/msg.narc!/member_00097,0,/msgdata/msg.narc,377,97,,165432,171950,160484,167002,6518,70e52487e1a61dbd5fcc6120655790ca2934a7059c13346882829187d956e27d,430083476bb077b243b277b26a66ee64,,,,,False,,,,,,,,,,False,False
/msgdata/msg.narc,/msgdata/msg.narc!/member_00098,0,/msgdata/msg.narc,377,98,,171952,172126,167004,167178,174,4354cf68ec7a8165f2b8ba7e143fa6931997f0be39f4a413aaf83d9f133fa836,0200314a79b46db44ab46db4b868da68,,,,,False,,,,,,,,,,False,False
/msgdata/msg.narc,/msgdata/msg.narc!/member_00099,0,/msgdata/msg.narc,377,99,,172128,173284,167180,168336,1156,5c1252b03e78d0018bb3f208e801fc976766b623c228a8920f084e606a13163b,09006f99ff80b3809480b380fc016601,,,,,False,,,,,,,,,,False,False
/msgdata/msg.narc,/msgdata/msg.narc!/member_00100,0,/msgdata/msg.narc,377,100,,173284,173436,168336,168488,152,fe51ba36867761ed033e5f82565e952e185ca31c6ab79c42c9dec6fa10890b65,03007b9993a48fa4aca48fa47c491e49,,,,,False,,,,,,,,,,False,False
/msgdata/msg.narc,/msgdata/msg.narc!/member_00101,0,/msgdata/msg.narc,377,101,,173436,173586,168488,168638,150,fc548702d320cadc28c4dfdf554f70f6a5f4320aec30099b57df9722f5e1755e,03007399bb8ca78c858ca78c2e194e19,,,,,False,,,,,,,,,,False,False
/msgdata/msg.narc,/msgdata/msg.narc!/member_00102,0,/msgdata/msg.narc,377,102,,173588,173734,168640,168786,146,8c82fb2c0bd628fff5751ebabb95fc33707465fe3244a12ae5292c2b620818aa,03004b9903151f153f151f15622a3e2a,,,,,False,,,,,,,,,,False,False
/msgdata/msg.narc,/msgdata/msg.narc!/member_00103,0,/msgdata/msg.narc,377,103,,173736,174654,168788,169706,918,c4a0b9af5a5fdff0fcaad7be06af0d2af5b098f3826befef57a469044c47a39d,0600679dff5ccb5c505ccb5cfcb896b9,,,,,False,,,,,,,,,,False,False
/msgdata/msg.narc,/msgdata/msg.narc!/member_00104,0,/msgdata/msg.narc,377,104,,174656,175162,169708,170214,506,0a745b409c1b4d320d4aa26e5b8f97ff8fcf6ad50b7ee41b5477227e3b524d06,050032ab46946a9457946a947228d428,,,,,False,,,,,,,,,,False,False
/msgdata/msg.narc,/msgdata/msg.narc!/member_00105,0,/msgdata/msg.narc,377,105,,175164,175384,170216,170436,220,3901c749b824dec1925c24da71f09407e1826c8294e78f79f88e587c2350ecd9,02000304e3fcf7fcdffcf7fc8af9eef9,,,,,False,,,,,,,,,,False,False
/msgdata/msg.narc,/msgdata/msg.narc!/member_00106,0,/msgdata/msg.narc,377,106,,175384,175604,170436,170656,220,d899715d0f5cc485e05c2c0934da8333ee5ff8b144706ac5a338f5e61f9b4dd5,03000f04cf20d320c820d320f441a641,,,,,False,,,,,,,,,,False,False
/msgdata/msg.narc,/msgdata/msg.narc!/member_00107,0,/msgdata/msg.narc,377,107,,175604,175674,170656,170726,70,3e3ebe16b9a2948be22a04f067470d21f0f142af21f120a91eb0995fe44d68b0,01000b04d314df14c214df140d1ace64,,,,,False,,,,,,,,,,False,False
/msgdata/msg.narc,/msgdata/msg.narc!/member_00108,0,/msgdata/msg.narc,377,108,,175676,177076,170728,172128,1400,024d05f9b7ed4c22f235ba54765972326ca1e8134c7e0b1636a12f79a99d73ce,0e001b04db44af44af45af442a8b5e89,,,,,False,,,,,,,,,,False,False
/msgdata/msg.narc,/msgdata/msg.narc!/member_00109,0,/msgdata/msg.narc,377,109,,177076,177318,172128,172370,242,bf01bb5b8d83aded1aae2e18dfb04efcc1646afd0e86c7d2762b22813ac312e8,03001284d6a9caa9eda9caa9fe539453,,,,,False,,,,,,,,,,False,False
/msgdata/msg.narc,/msgdata/msg.narc!/member_00110,0,/msgdata/msg.narc,377,110,,177320,177516,172372,172568,196,e78d5148792f9270a82a98fbd7cbaba12d5546861a722d656bc9ccf9ebb5b06f,02002b046b747f7458747f749ce8fee8,,,,,False,,,,,,,,,,False,False
/msgdata/msg.narc,/msgdata/msg.narc!/member_00111,0,/msgdata/msg.narc,377,111,,177516,177736,172568,172788,220,ac43605aafd199a5b18f547e8553eca08f3f75130b064fc11cd5d7446b9f3689,0300228486d99ad9b2d99ad958b334b3,,,,,False,,,,,,,,,,False,False
/msgdata/msg.narc,/msgdata/msg.narc!/member_00112,0,/msgdata/msg.narc,377,112,,177736,177812,172788,172864,76,9ba28baabd0e671991686b6d72bc8fa0134f34c57ef414c9af87955e8c633025,01003a845e21522172215221df11ce64,,,,,False,,,,,,,,,,False,False
/msgdata/msg.narc,/msgdata/msg.narc!/member_00113,0,/msgdata/msg.narc,377,113,,177812,178228,172864,173280,416,2c7a8a8c62d80ac6f843c8c18da20939d652d30673abf107e61b1cb5d8211892,06003304538c678c478c678cba18ce18,,,,,False,,,,,,,,,,False,False
/msgdata/msg.narc,/msgdata/msg.narc!/member_00114,0,/msgdata/msg.narc,377,114,,178228,178956,173280,174008,728,8ef14b8f167d38c621dd92d162233726b54056a253cea45443029ae5dc2ef287,09004b0453d41fd47bd41fd42aa93ea8,,,,,False,,,,,,,,,,False,False
/msgdata/msg.narc,/msgdata/msg.narc!/member_00115,0,/msgdata/msg.narc,377,115,,178956,179358,174008,174410,402,1fbfe847816f0c34099b6e6d40cfdee1e205905dae67df70299a6eb807f93200,040047040fc82bc818c82bc8dc905690,,,,,False,,,,,,,,,,False,False
/msgdata/msg.narc,/msgdata/msg.narc!/member_00116,0,/msgdata/msg.narc,377,116,,179360,179430,174412,174482,70,f065428f651d92df2fbb88fb1eff4307a31fe53736130318d98a13221e9a5e80,010043043bbc37bc2abc37bc0d1ace64,,,,,False,,,,,,,,,,False,False
/msgdata/msg.narc,/msgdata/msg.narc!/member_00117,0,/msgdata/msg.narc,377,117,,179432,180584,174484,175636,1152,1438fdacbcaa7fcb2a63884f59ef66c00fb863f352e34c471e9f82907e55182a,0a0042846e393a3942393a3930737472,,,,,False,,,,,,,,,,False,False
/msgdata/msg.narc,/msgdata/msg.narc!/member_00118,0,/msgdata/msg.narc,377,118,,180584,181056,175636,176108,472,9f04cdfabd25be4cb327a80389a464ce1c99da3c8b3f0a110471bcbd05d95387,03000b0cc3fcdffcbafcdffc58f9bef9,,,,,False,,,,,,,,,,False,False
/msgdata/msg.narc,/msgdata/msg.narc!/member_00119,0,/msgdata/msg.narc,377,119,,181056,183912,176108,178964,2856,4f397320cb0ed57ff0e58b6a4bfba3af8f5dc9c533966a4a5a78404e75243c60,1b00028c2661fa61f461fa610cc3f4c3,,,,,False,,,,,,,,,,False,False
/msgdata/msg.narc,/msgdata/msg.narc!/member_00120,0,/msgdata/msg.narc,377,120,,183912,184504,178964,179556,592,c959bc62752a35daac86f655243df34458b36ca9bfde0c9f21b43d0983b742fb,04000a8cc679e279a679e27968f3c4f3,,,,,False,,,,,,,,,,False,False
/msgdata/msg.narc,/msgdata/msg.narc!/member_00121,0,/msgdata/msg.narc,377,121,,184504,185342,179556,180394,838,09014760c51f7b1090d2fe233ccb1034ce10fc40abd52390cd8624cbfd9bef25,06001a8c86a9b2a9f1a9b2a9de536453,,,,,False,,,,,,,,,,False,False
/msgdata/msg.narc,/msgdata/msg.narc!/member_00122,0,/msgdata/msg.narc,377,122,,185344,188612,180396,183664,3268,42a1bf72d63ca8c35c54bdcc5431c587573939192c0368d73d9e0ea56cf08a2f,18008f4797d653d63cd653d604ada6ac,,,,,False,,,,,,,,,,False,False
/msgdata/msg.narc,/msgdata/msg.narc!/member_00123,0,/msgdata/msg.narc,377,123,,188612,188950,183664,184002,338,e9fe6a8b0ce64d8a3cac6648dc43eec7788f6c3d856680fb1347b3feb2202802,0300514a11140d143b140d1492281a28,,,,,False,,,,,,,,,,False,False
/msgdata/msg.narc,/msgdata/msg.narc!/member_00124,0,/msgdata/msg.narc,377,124,,188952,190470,184004,185522,1518,eb1f3c0162699d14a10f0abaab0a2751ccc3dadc9052ee5e686e4557ba9f883e,0a006ff9e760b360d360b36072c066c1,,,,,False,,,,,,,,,,False,False
/msgdata/msg.narc,/msgdata/msg.narc!/member_00125,0,/msgdata/msg.narc,377,125,,190472,190722,185524,185774,250,0a79a78872c841c1ed12450d31cad61fc80745f38e83e39009f7471a14b470aa,020052ab1ef40af43af40af460e814e8,,,,,False,,,,,,,,,,False,False
/msgdata/msg.narc,/msgdata/msg.narc!/member_00126,0,/msgdata/msg.narc,377,126,,190724,190834,185776,185886,110,0f96ac60b6f570fb7be0280199c68aeeadf2f947ee9a909b9213a09175b362a7,01005eabea17e617d717e617931c1463,,,,,False,,,,,,,,,,False,False
/msgdata/msg.narc,/msgdata/msg.narc!/member_00127,0,/msgdata/msg.narc,377,127,,190836,192122,185888,187174,1286,65899bc7494642996e0840e50daddcdbbf013372881f3043959e7c136d7d79f2,0f0003348b6cf76cc46cf76c0cd9eed9,,,,,False,,,,,,,,,,False,False
/msgdata/msg.narc,/msgdata/msg.narc!/member_00128,0,/msgdata/msg.narc,377,128,,192124,192572,187176,187624,448,fa7262c7fcb3d81ffa6e61b93f7866eb475b29f5700cdcf62a142c767e5bc509,06000f34e790d390ca90d390c021a621,,,,,False,,,,,,,,,,False,False
/msgdata/msg.narc,/msgdata/msg.narc!/member_00129,0,/msgdata/msg.narc,377,129,,192572,192934,187624,187986,362,60134e28fe953b37961d5847154dfda79c3bea3107b2f6e98a16746f421f8c08,03001b34b3b4afb495b4afb4ce695e69,,,,,False,,,,,,,,,,False,False
/msgdata/msg.narc,/msgdata/msg.narc!/member_00130,0,/msgdata/msg.narc,377,130,,192936,193550,187988,188602,614,8abe6a71390765ed5ae51305952209e3b61679ac1c170f6805504ecd36da333a,070012b4f619ca19fe19ca1930339433,,,,,False,,,,,,,,,,False,False
/msgdata/msg.narc,/msgdata/msg.narc!/member_00131,0,/msgdata/msg.narc,377,131,,193552,194950,188604,190002,1398,c8454177535a8e45b4c4ab989b82cb3a6705ee9497adae99777446d78387e85c,11002b34f3e47fe415e47fe49ec9fec8,,Nintendo LZ11,Probable,,True,Nintendo LZ11,Probable,True,3418880,False,,,,,False,False
/msgdata/msg.narc,/msgdata/msg.narc!/member_00132,0,/msgdata/msg.narc,377,132,,194952,195106,190004,190158,154,d98ac9a267b59200733c54e4f8352d0c641f0918e01cc8dcb1556aa7accbb722,020022b48e499a49a2499a49b0933493,,,,,False,,,,,,,,,,False,False
/msgdata/msg.narc,/msgdata/msg.narc!/member_00133,0,/msgdata/msg.narc,377,133,,195108,196236,190160,191288,1128,d5f37a2666294be77c4ee7218365f28dc5bf9d50cfcc3eab070b776733b9aacd,0d003ab43e915291739152910a22a422,,,,,False,,,,,,,,,,False,False
/msgdata/msg.narc,/msgdata/msg.narc!/member_00134,0,/msgdata/msg.narc,377,134,,196236,201702,191288,196754,5466,3f93c76050dba21ce9375c9c40bd15f68d0f990920253a6f40ec45614986404e,31008b47d3cb5fca06ca5fca8096be94,,,,,False,,,,,,,,,,False,False
/msgdata/msg.narc,/msgdata/msg.narc!/member_00135,0,/msgdata/msg.narc,377,135,,201704,203234,196756,198286,1530,6bf87f4f37b9fdbc570c36b2d1f0bea484fe46583fca08a193a642261ecc2564,0a006e59e23db63dc93db63d3e7a6c7b,,,,,False,,,,,,,,,,False,False
/msgdata/msg.narc,/msgdata/msg.narc!/member_00136,0,/msgdata/msg.narc,377,136,,203236,203456,198288,198508,220,8cfa33590cdaaa45e0f49b2c69c0e403f9f5a1a7b0b7668c96bf4bf9f6e60f5a,0200732bb3d6a7d68cd6a7d624ad4ead,,,,,False,,,,,,,,,,False,False
/msgdata/msg.narc,/msgdata/msg.narc!/member_00137,0,/msgdata/msg.narc,377,137,,203456,203520,198508,198572,64,a8efca9411173eee11244eb7157b2bcaec169dd14eb0a568819ce3238a3c8428,01007b2b83ee8fee95ee8feec61c1f6f,,,,,False,,,,,,,,,,False,False
/msgdata/msg.narc,/msgdata/msg.narc!/member_00138,0,/msgdata/msg.narc,377,138,,203520,206084,198572,201136,2564,de7109c1ed41dd40c3216609416c54ce4f227bf9de168884b0c48332389b535a,190003243b9cf79ce09cf79c1439ee39,,,,,False,,,,,,,,,,False,False
/msgdata/msg.narc,/msgdata/msg.narc!/member_00139,0,/msgdata/msg.narc,377,139,,206084,206612,201136,201664,528,c99607da608e218bb085e3f667fbbdb297e13efbed2268b40ff5b9772154dff8,07001b2493e4afe4bee4afe400c95ec9,,,,,False,,,,,,,,,,False,False
/msgdata/msg.narc,/msgdata/msg.narc!/member_00140,0,/msgdata/msg.narc,377,140,,206612,207534,201664,202586,922,85e5fb88330fa28e970d9ee552560c4c5aef868e2a97d890c0e32053cd59518c,0e001724cfd8bbd8b4d8bbd8e4b176b1,,,,,False,,,,,,,,,,False,False
/msgdata/msg.narc,/msgdata/msg.narc!/member_00141,0,/msgdata/msg.narc,377,141,,207536,208318,202588,203370,782,a688826cdb0ca5db3828769e52606161c2318fb2c29b6174ce83ddeb616bf53d,0a00132493ccc7ccc8ccc7ccfc998e99,,,,,False,,,,,,,,,,False,False
/msgdata/msg.narc,/msgdata/msg.narc!/member_00142,0,/msgdata/msg.narc,377,142,,208320,208956,203372,204008,636,4409774bc6b6fe32d9939b71da23ec8c407896640e7c413bdbcac9700010188d,0a000f2487c0d3c0dcc0d3c0d481a681,,,,,False,,,,,,,,,,False,False
/msgdata/msg.narc,/msgdata/msg.narc!/member_00143,0,/msgdata/msg.narc,377,143,,208956,209716,204008,204768,760,417343d457f5ef8d54735cee6af2239ab064b72e9b57a86bbd303552d9c770a7,0b000b2483b4dfb4c1b4dfb42669be69,,,,,False,,,,,,,,,,False,False
/msgdata/msg.narc,/msgdata/msg.narc!/member_00144,0,/msgdata/msg.narc,377,144,,209716,210256,204768,205308,540,932948cdadb356aaab1a9fbfaa89e82f34eb9f108e87872492d1c52051d5df50,0a000724bfa8eba8c6a8eba87851d651,,,,,False,,,,,,,,,,False,False
/msgdata/msg.narc,/msgdata/msg.narc!/member_00145,0,/msgdata/msg.narc,377,145,,210256,211364,205308,206416,1108,508cda778077341e8743938233c3223bc529af2f061564c7aa523d9beefe2168,070012a4f649ca49a149ca4986929493,,,,,False,,,,,,,,,,False,False
/msgdata/msg.narc,/msgdata/msg.narc!/member_00146,0,/msgdata/msg.narc,377,146,,211364,211882,206416,206934,518,72055b2f3dd8a4e3ab8735cd45e78bb6c5a8d1481f3b5d296fd481dbb13e4ff1,0a002b242b147f1453147f145228fe28,,,,,False,,,,,,,,,,False,False
/msgdata/msg.narc,/msgdata/msg.narc!/member_00147,0,/msgdata/msg.narc,377,147,,211884,212292,206936,207344,408,4bf0e19be34c9d7baf8cbc2770cd40d390c749aea41bb1f7b300479fa9901478,070022a4a6799a798b799a796af334f3,,,,,False,,,,,,,,,,False,False
/msgdata/msg.narc,/msgdata/msg.narc!/member_00148,0,/msgdata/msg.narc,377,148,,212292,212548,207344,207600,256,6709d3aa1d9498061085af45b3886525f43f1c74b39f6b40aa331185f7e77a05,03003aa44ec152c169c152c13682a482,,,,,False,,,,,,,,,,False,False
/msgdata/msg.narc,/msgdata/msg.narc!/member_00149,0,/msgdata/msg.narc,377,149,,212548,212686,207600,207738,138,7e25ae62cd353bf52508b3608bd8472380ec5d59f0c15c06a612f988886eea8f,02003324732c672c7b2c672c8258ce58,,,,,False,,,,,,,,,,False,False
/msgdata/msg.narc,/msgdata/msg.narc!/member_00150,0,/msgdata/msg.narc,377,150,,212688,213432,207740,208484,744,76d05a4536c2255cfb04e06e7180a8a8ab77cbb7f5b0f6e4e24d47d3ae02dc83,0b004b2443741f742a741f74f8e83ee8,,,,,False,,,,,,,,,,False,False
/msgdata/msg.narc,/msgdata/msg.narc!/member_00151,0,/msgdata/msg.narc,377,151,,213432,213648,208484,208700,216,76fb2e833f79d3134021a40912f657ec77e909fcd64858f332c90ec0fb8c907c,030042a426d93ad919d93ad916b274b2,,,,,False,,,,,,,,,,False,False
/msgdata/msg.narc,/msgdata/msg.narc!/member_00152,0,/msgdata/msg.narc,377,152,,213648,216362,208700,211414,2714,6e63418d85c61286ec728ee51444b1a1315513a23ea98399a000e8d60ea0f508,1800b7471f4ddb4d9c4ddb4de49ab69b,,,,,False,,,,,,,,,,False,False
/msgdata/msg.narc,/msgdata/msg.narc!/member_00153,0,/msgdata/msg.narc,377,153,,216364,216606,211416,211658,242,2a347d6c84909b826ba1175eb0cf2ee3582b232bdbb645027ac62891fea84df5,020090cb444d504d104d504d349aa09a,,,,,False,,,,,,,,,,False,False
/msgdata/msg.narc,/msgdata/msg.narc!/member_00154,0,/msgdata/msg.narc,377,154,,216608,217474,211660,212526,866,04b8bafde263e935233ce8a1d97029fff5755f682a173049e8e211a9b6bb6289,05006d39959ab99a159ab99af6347235,,,,,False,,,,,,,,,,False,False
/msgdata/msg.narc,/msgdata/msg.narc!/member_00155,0,/msgdata/msg.narc,377,155,,217476,218634,212528,213686,1158,cb1812c608544e83fc7f0fa3bc76e197b5aee67d0020be3a61a2e8e69008d517,06006539e582d1824d82d182ce04a205,,,,,False,,,,,,,,,,False,False
/msgdata/msg.narc,/msgdata/msg.narc!/member_00156,0,/msgdata/msg.narc,377,156,,218636,219180,213688,214232,544,ed46f18619b24a32ebeaf1dbb38f2b0016163702d290462c3cd1441f5e041eee,0400932a633947390a39473930728e72,,,,,False,,,,,,,,,,False,False
/msgdata/msg.narc,/msgdata/msg.narc!/member_00157,0,/msgdata/msg.narc,377,157,,219180,220030,214232,215082,850,ff87af30d312a2966f0e553b2b7c70fced58950703976b542dac39f7ca68c76d,0c0003d4938cf78ce68cf78c6819ee19,,,,,False,,,,,,,,,,False,False
/msgdata/msg.narc,/msgdata/msg.narc!/member_00158,0,/msgdata/msg.narc,377,158,,220032,222672,215084,217724,2640,fbe761e2792e739e20055aa88ad76e446ed659a5321aae16dcf0398d9707c959,16001bd41bd4afd4f6d4afd438a85ea9,,,,,False,,,,,,,,,,False,False
/msgdata/msg.narc,/msgdata/msg.narc!/member_00159,0,/msgdata/msg.narc,377,159,,222672,223392,217724,218444,720,59f5bb4a96e17bd471ae9a7c4a7f0c8f45482fab9678df3cd2bbff93303e9f85,07001254f639ca398939ca3956739473,,,,,False,,,,,,,,,,False,False
/msgdata/msg.narc,/msgdata/msg.narc!/member_00160,0,/msgdata/msg.narc,377,160,,223392,223704,218444,218756,312,6ffc53798f6a6821f51548497ee6f0245d336a01f63f3fd13a48f8f9f63706ae,02002bd46b047f0442047f047008fe08,,,,,False,,,,,,,,,,False,False
/msgdata/msg.narc,/msgdata/msg.narc!/member_00161,0,/msgdata/msg.narc,377,161,,223704,224254,218756,219306,550,a80eadde76765be5704aa79cb59cafa3038d1c427006963b969612ed2cedd820,07002254a6699a69ae699a6990d334d3,,,,,False,,,,,,,,,,False,False
/msgdata/msg.narc,/msgdata/msg.narc!/member_00162,0,/msgdata/msg.narc,377,162,,224256,225176,219308,220228,920,21f8abda82426e3f6ff5dca0222e163e8c7cce35cccf22c56bafe350a47230b6,08003a5416b152b166b152b10862a462,,,,,False,,,,,,,,,,False,False
/msgdata/msg.narc,/msgdata/msg.narc!/member_00163,0,/msgdata/msg.narc,377,163,,225176,226068,220228,221120,892,0903c2f57caa9c9e530c56bad95693d9bcc7f84a1fde69a060a36ad8f6b0cb7d,080033d4231c671c1d1c671cf639ce38,,,,,False,,,,,,,,,,False,False
/msgdata/msg.narc,/msgdata/msg.narc!/member_00164,0,/msgdata/msg.narc,377,164,,226068,227506,221120,222558,1438,c2716bf1aad79ee6f6f5ab557ae99929715a96001903200a697684954926d0b4,0e004bd46b641f645a641f64c0c83ec8,,,,,False,,,,,,,,,,False,False
/msgdata/msg.narc,/msgdata/msg.narc!/member_00165,0,/msgdata/msg.narc,377,165,,227508,228396,222560,223448,888,4908d0e5727b2968e6a479234f595a167a4163ec15d49a24c400a400cbd0987c,080042547ec93ac940c93ac94c937492,,,,,False,,,,,,,,,,False,False
/msgdata/msg.narc,/msgdata/msg.narc!/member_00166,0,/msgdata/msg.narc,377,166,,228396,229868,223448,224920,1472,ab9b45cd3be354de125a342ab012a21a23a23b1c16e0ab4fc288e7121e1b1107,1100b3476b41e741ca41e7412883ce83,,Nintendo LZ11,Probable,,True,Nintendo LZ11,Probable,True,4698880,False,,,,,False,False
/msgdata/msg.narc,/msgdata/msg.narc!/member_00167,0,/msgdata/msg.narc,377,167,,229868,230134,224920,225186,266,2f9387c5603fd828789a3065b5b2325327f4ee28d16551bdf6dbbb98105bb608,0200b14bf92fed2fbe2fed2f605fda5f,,,,,False,,,,,,,,,,False,False
/msgdata/msg.narc,/msgdata/msg.narc!/member_00168,0,/msgdata/msg.narc,377,168,,230136,231570,225188,226622,1434,d3c39d2110d13c6cbd884b0f83841ab2abd3345e80c327c8aa7a393d327385f9,0a006c99e877bc77da77bc7758ee78ef,,,,,False,,,,,,,,,,False,False
/msgdata/msg.narc,/msgdata/msg.narc!/member_00169,0,/msgdata/msg.narc,377,169,,231572,231754,226624,226806,182,c4349581644602b3bddcf9b805b03161b9b338609a5c7a0cd68c26a22013c5f1,0300b2aaf615ea15cd15ea15be2bd42b,,,,,False,,,,,,,,,,False,False
/msgdata/msg.narc,/msgdata/msg.narc!/member_00170,0,/msgdata/msg.narc,377,170,,231756,232324,226808,227376,568,fb5edbf53156a2333f4e53febbdbec20365acff26ff8ebfbf58f72a07464b59f,070003c4cbbcf7bce5bcf7bc8e79ee79,,,,,False,,,,,,,,,,False,False
/msgdata/msg.narc,/msgdata/msg.narc!/member_00171,0,/msgdata/msg.narc,377,171,,232324,232690,227376,227742,366,bc299a3ffda1b62d36307345d39d806a5593b66d5257d7de289b3c9cc8bdcfe5,07001bc49304af04bd04af043e095e09,,,,,False,,,,,,,,,,False,False
/msgdata/msg.narc,/msgdata/msg.narc!/member_00172,0,/msgdata/msg.narc,377,172,,232692,232808,227744,227860,116,9c7b3f9e43c26ea2b820ef5956a5d02ffad3a6fb057f0d4b3943ef2ef31fdf83,0300974327fa3bfa23fa3bfa3af476f4,,,,,False,,,,,,,,,,False,False
/msgdata/msg.narc,/msgdata/msg.narc!/member_00173,0,/msgdata/msg.narc,377,173,,232808,232926,227860,227978,118,8aa8318e215f28474898448d9c4e9ac8610e489dee634910bfef26b53a047737,0200930b539647965f964796ca2c8e2c,,,,,False,,,,,,,,,,False,False
/msgdata/msg.narc,/msgdata/msg.narc!/member_00174,0,/msgdata/msg.narc,377,174,,232928,233976,227980,229028,1048,685da090a7e3193eb3112e1ee1be8dd88f23f17dcbba3d3f681348458ba95074,060022d4aee99ae9d7e99ae9fad334d3,,,,,False,,,,,,,,,,False,False
/msgdata/msg.narc,/msgdata/msg.narc!/member_00175,0,/msgdata/msg.narc,377,175,,233976,234646,229028,229698,670,a5c2ffde2d5e1ca09821f4b223e313fdc77e7b5fb40e65e22eff671e3e9c85a8,03002ad49e0182010801820134020403,,,,,False,,,,,,,,,,False,False
/msgdata/msg.narc,/msgdata/msg.narc!/member_00176,0,/msgdata/msg.narc,377,176,,234648,235158,229700,230210,510,e4cc625e9b853598a8cb14af80d2481b44de99226f1392ce86546760596c1cf1,030032d476196a1908196a193432d432,,,,,False,,,,,,,,,,False,False
/msgdata/msg.narc,/msgdata/msg.narc!/member_00177,0,/msgdata/msg.narc,377,177,,235160,236574,230212,231626,1414,34258afd19e292b881a735800214d344c9a8cdec7c9e759b84f0e36078526de1,07003ad46e315231003152314462a462,,,,,False,,,,,,,,,,False,False
/msgdata/msg.narc,/msgdata/msg.narc!/member_00178,0,/msgdata/msg.narc,377,178,,236576,237188,231628,232240,612,8a235859ccca298eb804434a396af3db8a39b9fbabf7d65645838c004aa0e83e,030002d4e689fa898489fa89ec12f413,,,,,False,,,,,,,,,,False,False
/msgdata/msg.narc,/msgdata/msg.narc!/member_00179,0,/msgdata/msg.narc,377,179,,237188,238726,232240,233778,1538,bab42d243f2db3084e3fc8af29c17668f7a00cf64daf0ddfdbaf455d2e94e58f,0a0022d0cef59af532f59af590ea34eb,,,,,False,,,,,,,,,,False,False
/msgdata/msg.narc,/msgdata/msg.narc!/member_00180,0,/msgdata/msg.narc,377,180,,238728,239342,233780,234394,614,162647e15df107339dc16b5166cf789279c0b77f72436326d57500dddd718419,09002ed03a1976196d1976196e32ec32,,,,,False,,,,,,,,,,False,False
/msgdata/msg.narc,/msgdata/msg.narc!/member_00181,0,/msgdata/msg.narc,377,181,,239344,239970,234396,235022,626,90592bd8864230ff8ba01f82d98110c1dcaf4cb54f0d6d4c98c0d31019e39a68,07002ad0be0d820d980d820d741b041b,,,,,False,,,,,,,,,,False,False
/msgdata/msg.narc,/msgdata/msg.narc!/member_00182,0,/msgdata/msg.narc,377,182,,239972,242938,235024,237990,2966,743321cf4abfbf805a485e8250334a842b8b62d833cf87631326c0624733c035,1b0093439bee47ee1fee47ee02dd8edc,,,,,False,,,,,,,,,,False,False
/msgdata/msg.narc,/msgdata/msg.narc!/member_00183,0,/msgdata/msg.narc,377,183,,242940,243182,237992,238234,242,0895393907ae582ebd0ea91a1198bf43a84214aeda863e131ea0c34cf34ef2d0,0300b16af1d2edd2c4d2edd2b4a5daa5,,,,,False,,,,,,,,,,False,False
/msgdata/msg.narc,/msgdata/msg.narc!/member_00184,0,/msgdata/msg.narc,377,184,,243184,243400,238236,238452,216,d5812ffa76377eada8e1089345f3d4ece081e60d0d20488155e2e762d687f2c0,0300b28bf672ea72f072ea7284e5d4e5,,,,,False,,,,,,,,,,False,False
/msgdata/msg.narc,/msgdata/msg.narc!/member_00185,0,/msgdata/msg.narc,377,185,,243400,246384,238452,241436,2984,e55cb983598da2c43a07183ba65e36418683a642ac4b06467c7a025c8fa9538d,1d0022c476199a19b2199a1908323433,,,,,False,,,,,,,,,,False,False
/msgdata/msg.narc,/msgdata/msg.narc!/member_00186,0,/msgdata/msg.narc,377,186,,246384,246516,241436,241568,132,78ba48198bcb5af89b6a9dbdf81377ff356af63329f5b87af83767f68a98ad8f,02003ac44661526148615261ecc2a4c2,,,,,False,,,,,,,,,,False,False
/msgdata/msg.narc,/msgdata/msg.narc!/member_00187,0,/msgdata/msg.narc,377,187,,246516,246692,241568,241744,176,8138c25a8d71f34d56f07f7d0744ecad1f9ae91ca40db43ccc63290920ca7e00,0200334473cc67cc51cc67cc4e98ce98,,,,,False,,,,,,,,,,False,False
/msgdata/msg.narc,/msgdata/msg.narc!/member_00188,0,/msgdata/msg.narc,377,188,,246692,246978,241744,242030,286,c4233615e7b68494492e6e968bed57691da36c7ce26f0eef79c77c26229d7ca5,03000ac4fed1e2d1abd1e2d16aa3c4a3,,,,,False,,,,,,,,,,False,False
/msgdata/msg.narc,/msgdata/msg.narc!/member_00189,0,/msgdata/msg.narc,377,189,,246980,247358,242032,242410,378,7edb753489ed3ebc42f5ce14aa39e983f3e0fa51e74eccb9aa3112b725caa68a,19009ca6e0e02ce02fe02ce08ac058c0,,,,,False,,,,,,,,,,False,False
/msgdata/msg.narc,/msgdata/msg.narc!/member_00190,0,/msgdata/msg.narc,377,190,,247360,251192,242412,246244,3832,7d4e3e6237df163ef464e2c9565e626c2d92844f49e6547ef5f155a8486d5c76,4900f9a859f215f00df015f056e22ae0,,,,,False,,,,,,,,,,False,False
/msgdata/msg.narc,/msgdata/msg.narc!/member_00191,0,/msgdata/msg.narc,377,191,,251192,254002,246244,249054,2810,894c06a3127e60468f8d433c66fa882af9c32b58457571ad6c90d8e04da6ce82,c0007d818df489f28cf289f21ce312e5,,,,,False,,,,,,,,,,False,False
/msgdata/msg.narc,/msgdata/msg.narc!/member_00192,0,/msgdata/msg.narc,377,192,,254004,255714,249056,250766,1710,9b52f890afaeb5cf0d7aad5642b9842cdf558d1eaf0ba505289f658fa7cd5c5d,150005e95d53f153f253f15350a7e2a7,,,,,False,,,,,,,,,,False,False
/msgdata/msg.narc,/msgdata/msg.narc!/member_00193,0,/msgdata/msg.narc,377,193,,255716,255880,250768,250932,164,ced153bab9029e6a4995bb836445a4250659d0923c362ab9920832c5b1608372,0c00b5598511e111e311e111aa23c223,,,,,False,,,,,,,,,,False,False
/msgdata/msg.narc,/msgdata/msg.narc!/member_00194,0,/msgdata/msg.narc,377,194,,255880,256476,250932,251528,596,3d70f95bfaf45611bc170eecedd219bc318470f26cb27a3adbb20fce82b79315,1f0033009b98679860986798c431ce30,,,,,False,,,,,,,,,,False,False
/msgdata/msg.narc,/msgdata/msg.narc!/member_00195,0,/msgdata/msg.narc,377,195,,256476,257708,251528,252760,1232,82e9e5020754d124a5c1bf6316a56e35d82da8791712e99e4d6b84c48e4dbefc,1200965caaac3eac23ac3eacb2587c58,,,,,False,,,,,,,,,,False,False
/msgdata/msg.narc,/msgdata/msg.narc!/member_00196,0,/msgdata/msg.narc,377,196,,257708,260038,252760,255090,2330,98f2422e8783969757205c0f5a521aa03161b3473dc89b42b02dea9d86ce791f,4500429516043a063d063a064e0e740c,,,,,False,,,,,,,,,,False,False
/msgdata/msg.narc,/msgdata/msg.narc!/member_00197,0,/msgdata/msg.narc,377,197,,260040,262284,255092,257336,2244,c994323c895e8c0c3e6b28255288f5f3628027d95d524f869255437972fba7ef,2200d69f6aa37ea269a27ea2be45fc44,,,,,False,,,,,,,,,,False,False
/msgdata/msg.narc,/msgdata/msg.narc!/member_00198,0,/msgdata/msg.narc,377,198,,262284,272710,257336,267762,10426,f1ba782b447204c4ee612c1829a8a8c221010da4a25a6908c30a22d9d64660d1,8100d3d88bea87eebbee87ee8ad90edd,,,,,False,,,,,,,,,,False,False
/msgdata/msg.narc,/msgdata/msg.narc!/member_00199,0,/msgdata/msg.narc,377,199,,272712,273474,267764,268526,762,d82d9c50a7170162e503d3e427422c2a502b44e0e14903ff3b7ac04f7d81e70a,0600b86eecdbd8dbcbdbd8dbeab7b0b7,,,,,False,,,,,,,,,,False,False
/msgdata/msg.narc,/msgdata/msg.narc!/member_00200,0,/msgdata/msg.narc,377,200,,273476,273506,268528,268558,30,1d0e7b610669a749c27d1adf6a445881d641357b828bd09262977a2aac552c8d,01002656826f8e6f876f8e6f0d1ace64,,,,,False,,,,,,,,,,False,False
/msgdata/msg.narc,/msgdata/msg.narc!/member_00201,0,/msgdata/msg.narc,377,201,,273508,274022,268560,269074,514,9594b71b9a59cabc5b426648eed87f2ba746deb300a480c1f2ceb9e5896ab51b,0900394c19c655c66bc655c6628caa8c,,,,,False,,,,,,,,,,False,False
/msgdata/msg.narc,/msgdata/msg.narc!/member_00202,0,/msgdata/msg.narc,377,202,,274024,288926,269076,283978,14902,bceab2eb5a6efe56d6f80ffcddf9143962472e1b71faaee7f1e2ea84115000de,dc00b2ee0e4fea496849ea493c94d493,,,,,False,,,,,,,,,,False,False
/msgdata/msg.narc,/msgdata/msg.narc!/member_00203,0,/msgdata/msg.narc,377,203,,288928,289374,283980,284426,446,966ccb71b9811dacad7e4bf45aa45f58bf0b0ce516ea4f9e165beabc5aada58c,0600ffca379c039c3f9c039caa380638,,,,,False,,,,,,,,,,False,False
/msgdata/msg.narc,/msgdata/msg.narc!/member_00204,0,/msgdata/msg.narc,377,204,,289376,289480,284428,284532,104,73052f343cf8f2c117f5ed30d9299f2384ebaa900cc369435209bedb6a2b89df,07005c5fd0f5ecf5eff5ecf59aebd8eb,,,,,False,,,,,,,,,,False,False
/msgdata/msg.narc,/msgdata/msg.narc!/member_00205,0,/msgdata/msg.narc,377,205,,289480,290244,284532,285296,764,218d63d077c63f304203e22c76abd0cde4ef2f1b8d62438872d7b59fdb81cf04,2a000fb98700d301db01d301c202a603,,,,,False,,,,,,,,,,False,False
/msgdata/msg.narc,/msgdata/msg.narc!/member_00206,0,/msgdata/msg.narc,377,206,,290244,300518,285296,295570,10274,18abddaeb915527ebb38f08f68aa2b6a6b37d9fd3c5b5247f265e1e60a68c2e5,8000055ef5f0f1f4c7f4f1f492ede2e9,,,,,False,,,,,,,,,,False,False
/msgdata/msg.narc,/msgdata/msg.narc!/member_00207,0,/msgdata/msg.narc,377,207,,300520,300702,295572,295754,182,cc0be36d36ec34bda83962acc98592cf95e62344cd1e4586f95cf550a60f35ec,02000224ee99fa99cd99fa997633f433,,,,,False,,,,,,,,,,False,False
/msgdata/msg.narc,/msgdata/msg.narc!/member_00208,0,/msgdata/msg.narc,377,208,,300704,301260,295756,296312,556,5ba92f6a8bf07024f38262da9c435997cdba293a4737a74f6d48ae583dd6a818,06000e24e2bdd6bdf0bdd6bd2c7bac7b,,,,,False,,,,,,,,,,False,False
/msgdata/msg.narc,/msgdata/msg.narc!/member_00209,0,/msgdata/msg.narc,377,209,,301260,301958,296312,297010,698,8c8cba3a6509bb242df6f688c1cd9899189dc49a7798541ff3d19c3e61053a45,0800a6c74a9b0e9b539b0e9be2361c36,,,,,False,,,,,,,,,,False,False
/msgdata/msg.narc,/msgdata/msg.narc!/member_00210,0,/msgdata/msg.narc,377,210,,301960,303628,297012,298680,1668,142241a27a75bd9b491dabb34ecebbf8dbeaad68df9045df0477c34e49643317,0b000214a6c9fac9acc9fac9fc92f493,,,,,False,,,,,,,,,,False,False
/msgdata/msg.narc,/msgdata/msg.narc!/member_00211,0,/msgdata/msg.narc,377,211,,303628,303998,298680,299050,370,157e8aa54200597ca11feae0c15ebcd5eb2155c16b2cebdec2b2fbada76bb0d1,0400a2c73e8f1a8f3b8f1a8f521e341e,,,,,False,,,,,,,,,,False,False
/msgdata/msg.narc,/msgdata/msg.narc!/member_00212,0,/msgdata/msg.narc,377,212,,304000,305564,299052,300616,1564,b3c8dd6611e0358fab2d6368ea227f6734405221cfbcae4ed49bdecc3e529242,0e0002048ef9faf96cf9faf954f2f4f3,,,,,False,,,,,,,,,,False,False
/msgdata/msg.narc,/msgdata/msg.narc!/member_00213,0,/msgdata/msg.narc,377,213,,305564,305610,300616,300662,46,21f346963fb44b8659d272f7f141e22892398761e9794f0a4c83f8c6eb6869df,0100bec7cae2c6e2d7e2c6e2671a4161,,,,,False,,,,,,,,,,False,False
/msgdata/msg.narc,/msgdata/msg.narc!/member_00214,0,/msgdata/msg.narc,377,214,,305612,305970,300664,301022,358,3f51a59362fee6359ca8c5301e0193878fdd32217ac8ae550d3b9c3dd7f55b92,02000274eea9faa994a9faa90453f453,,,,,False,,,,,,,,,,False,False
/msgdata/msg.narc,/msgdata/msg.narc!/member_00215,0,/msgdata/msg.narc,377,215,,305972,306828,301024,301880,856,ab8138693984bbc8b63e0e2e25e8e19c82b5e866707f6e335992a928ad4e0f80,05000264d6d9fad9e8d9fad9a4b3f4b3,,,,,False,,,,,,,,,,False,False
/msgdata/msg.narc,/msgdata/msg.narc!/member_00216,0,/msgdata/msg.narc,377,216,,306828,306890,301880,301942,62,5a3c9f835dd4b1314a6fa24560198df7f16e28f73ab940dabdbbef7517de4286,01000e64dafdd6fdcffdd6fdf61cce64,,,,,False,,,,,,,,,,False,False
/msgdata/msg.narc,/msgdata/msg.narc!/member_00217,0,/msgdata/msg.narc,377,217,,306892,306992,301944,302044,100,d35a19b0d7f77c80c8d256b2ef7c25923c79800b5ac1f4993d1ebe07cc6fe1cb,01000660e2f1eef1c2f1eef15812b061,,,,,False,,,,,,,,,,False,False
/msgdata/msg.narc,/msgdata/msg.narc!/member_00218,0,/msgdata/msg.narc,377,218,,306992,307132,302044,302184,140,ad5635d4fc19726348184dea1d1a173a8fe2aec324d9475ce5bbb62b483897d2,01000e60da09d6099609d6095812b061,,,,,False,,,,,,,,,,False,False
/msgdata/msg.narc,/msgdata/msg.narc!/member_00219,0,/msgdata/msg.narc,377,219,,307132,314022,302184,309074,6890,c4c8e7cefea13b95015f2e2c05f8499134842355a144c765d84dd91e13b90e94,340016601a20be21fe21be2158417c43,,,,,False,,,,,,,,,,False,False
/msgdata/msg.narc,/msgdata/msg.narc!/member_00220,0,/msgdata/msg.narc,377,220,,314024,314104,309076,309156,80,498eb8f66cfa2434294692494a670e28b316eea8dd2791f466ead5ebad2e1df7,02001e60b239a639ae39a63968734c73,,,,,False,,,,,,,,,,False,False
/msgdata/msg.narc,/msgdata/msg.narc!/member_00221,0,/msgdata/msg.narc,377,221,,314104,314306,309156,309358,202,876fc7f1ef6737640816cc86ec745775fad5d87bb39d37543985341fc85035d0,02000254ee09fa09b409fa094413f413,,,,,False,,,,,,,,,,False,False
/msgdata/msg.narc,/msgdata/msg.narc!/member_00222,0,/msgdata/msg.narc,377,222,,314308,314484,309360,309536,176,f0b03497ff2d96e017a9242cd45387eec63f0f91a643347746185b6ff7336dc6,02001a54a651b251f351b251f2a364a3,,,,,False,,,,,,,,,,False,False
/msgdata/msg.narc,/msgdata/msg.narc!/member_00223,0,/msgdata/msg.narc,377,223,,314484,314578,309536,309630,94,00b3ff10251a53512f99fb3acb65ef7141b000bd94e1802e74f877cb8628af54,02001654aa45be45a645be45388b7c8b,,,,,False,,,,,,,,,,False,False
/msgdata/msg.narc,/msgdata/msg.narc!/member_00224,0,/msgdata/msg.narc,377,224,,314580,314788,309632,309840,208,4a0a62d34039890bf3ff5a2191f4aaba32e5d558ffc3997857f672b0d830bb30,02001254de39ca399b39ca3922739473,,,,,False,,,,,,,,,,False,False
/msgdata/msg.narc,/msgdata/msg.narc!/member_00225,0,/msgdata/msg.narc,377,225,,314788,314958,309840,310010,170,af8cd6d507297b7ab16fad7e2a89e8be6ac7f810265e8896642d2993d9c47c2f,02000e54c22dd62de82dd62d3c5bac5b,,,,,False,,,,,,,,,,False,False
/msgdata/msg.narc,/msgdata/msg.narc!/member_00226,0,/msgdata/msg.narc,377,226,,314960,315100,310012,310152,140,5462246850e4c6d65a39a2cff4adbdbeb97cf3d2eb7574b4577710de0538595c,02000a54f621e221cd21e221b643c443,,,,,False,,,,,,,,,,False,False
/msgdata/msg.narc,/msgdata/msg.narc!/member_00227,0,/msgdata/msg.narc,377,227,,315100,315358,310152,310410,258,508e77c871f669380474527c48993e6dd219e1b372df7f9755df30d564f301f3,03000654f215ee15d515ee154e2bdc2b,,,,,False,,,,,,,,,,False,False
/msgdata/msg.narc,/msgdata/msg.narc!/member_00228,0,/msgdata/msg.narc,377,228,,315360,315378,310412,310430,18,5992b07d05463c40e960b944d8d7c8090a5adc58a6a3e35ea68d84df4362895c,01000244f639fa39f939fa39781abc64,,,,,False,,,,,,,,,,False,False
/msgdata/msg.narc,/msgdata/msg.narc!/member_00229,0,/msgdata/msg.narc,377,229,,315380,315512,310432,310564,132,37faeef9300d32fbca8a0d94854379c059be73cf0fd397257ab9a20ff5fb7ae3,01000e44da5dd65dea5dd65ded1a2964,,,,,False,,,,,,,,,,False,False
/msgdata/msg.narc,/msgdata/msg.narc!/member_00230,0,/msgdata/msg.narc,377,230,,315512,315630,310564,310682,118,09079fbefd5cc048170e82c309feaeb74058642ce303542ce6178daea6665d0a,01001244c669ca69ff69ca69df11ce64,,,,,False,,,,,,,,,,False,False
/msgdata/msg.narc,/msgdata/msg.narc!/member_00231,0,/msgdata/msg.narc,377,231,,315632,315792,310684,310844,160,1666be1cbe0772dd876e2a27cd8487d00026dd755597331e0c56a768e4ab15c7,01001e40aa99a699ec99a699e31a2c64,,,,,False,,,,,,,,,,False,False
/msgdata/msg.narc,/msgdata/msg.narc!/member_00232,0,/msgdata/msg.narc,377,232,,315792,316712,310844,311764,920,8d6e630a7cb71d03020c04e849f6a54df41d0b53793136360d9afb6d8104aa35,0c0002a49e19fa19b119fa190e33f433,,,,,False,,,,,,,,,,False,False
/msgdata/msg.narc,/msgdata/msg.narc!/member_00233,0,/msgdata/msg.narc,377,233,,316712,317556,311764,312608,844,9259050a5b86aba6066c8604592315ac3f794aa12cbe1fe7c7d12d1c9793c0b3,0c0016a4da55be55f455be5584ab7cab,,,,,False,,,,,,,,,,False,False
/msgdata/msg.narc,/msgdata/msg.narc!/member_00234,0,/msgdata/msg.narc,377,234,,317556,318282,312608,313334,726,636c37e3589a21ccb3e1ba96ab1a7f694c0f9598bd003cbc4353b92b8efc0c78,0e0023b4e34c974cb64c974c98992e99,,,,,False,,,,,,,,,,False,False
/msgdata/msg.narc,/msgdata/msg.narc!/member_00235,0,/msgdata/msg.narc,377,235,,318284,320622,313336,315674,2338,f453d8c6163d5e6b732cf5ee18a0b12b3b4ed9e7c9c069a7ea1156e350cc7ecb,1f0023a46b7c977cff7c977ce2f82ef9,,,,,False,,,,,,,,,,False,False
/msgdata/msg.narc,/msgdata/msg.narc!/member_00236,0,/msgdata/msg.narc,377,236,,320624,320816,315676,315868,192,9a64f3269f52eff4c070a858d74a89f4eb4776f76759ce6c6e813fbc7edfca18,0400a2c33e9b1a9b079b1a9b6a363436,,,,,False,,,,,,,,,,False,False
/msgdata/msg.narc,/msgdata/msg.narc!/member_00237,0,/msgdata/msg.narc,377,237,,320816,322302,315868,317354,1486,02ebf0988161ebf44809e1890c71f832e395f4b93e6cda7a97844ca2a12a0e51,1000238413dc97dc88dc97dcecb92eb9,,Nintendo LZ10,Probable,,True,Nintendo LZ10,Probable,True,8659712,False,,,,,False,False
/msgdata/msg.narc,/msgdata/msg.narc!/member_00238,0,/msgdata/msg.narc,377,238,,322304,322534,317356,317586,230,6e1895e63fd19e50e1b5d35fab4ddde87be4ec3eab359f08ff08b9ba7a9acbda,02002f8467007300420073009000e600,,,,,False,,,,,,,,,,False,False
/msgdata/msg.narc,/msgdata/msg.narc!/member_00239,0,/msgdata/msg.narc,377,239,,322536,323090,317588,318142,554,7f7e2e99c520a537f533d6a67897096872e1e92ba7a5a9330dc455a160774e8f,030023f48b8c978cc18c978ce6192e19,,,,,False,,,,,,,,,,False,False
/msgdata/msg.narc,/msgdata/msg.narc!/member_00240,0,/msgdata/msg.narc,377,240,,323092,323182,318144,318234,90,5197a9d59fdd2e07b8661dcb20f1189d052b1082cdc2c96019438bd4dcdcff74,01002ff47fb073b054b073b0c9112c6f,,,,,False,,,,,,,,,,False,False
/msgdata/msg.narc,/msgdata/msg.narc!/member_00241,0,/msgdata/msg.narc,377,241,,323184,323528,318236,318580,344,36df50e529cd1bb778e3c2a94af4424f3ee7e505edf7f18e04aff84b2d7cf155,0400bac3f6e2d2e2bbe2d2e252c5a4c5,,,,,False,,,,,,,,,,False,False
/msgdata/msg.narc,/msgdata/msg.narc!/member_00242,0,/msgdata/msg.narc,377,242,,323528,323622,318580,318674,94,825fc49a3e47cd562a32913c0ad26558fd062f1003e4edef09d8dee4a9cabe6b,010023e49bbc97bcbebc97bcb817976e,,,,,False,,,,,,,,,,False,False
/msgdata/msg.narc,/msgdata/msg.narc!/member_00243,0,/msgdata/msg.narc,377,243,,323624,323674,318676,318726,50,968a754e5a90d024a143cfe867c2c2c878f1a2bd83965e0fb6089759b7cc0dbe,0100b6c3d2d6ded6cdd6ded65812b061,,,,,False,,,,,,,,,,False,False
/msgdata/msg.narc,/msgdata/msg.narc!/member_00244,0,/msgdata/msg.narc,377,244,,323676,324294,318728,319346,618,ff1ac1c4ae293b0b633807c9e10c42fdf8cd64868700e36494db5df780e34766,030023d48bec97ecedec97ec3ed82ed9,,,,,False,,,,,,,,,,False,False
/msgdata/msg.narc,/msgdata/msg.narc!/member_00245,0,/msgdata/msg.narc,377,245,,324296,325978,319348,321030,1682,744755252bb890e4d96e9003c5588f158c0e3993f5c97a72d055ff870f42562e,0c002fd4171073100e107310b821e620,,,,,False,,,,,,,,,,False,False
/msgdata/msg.narc,/msgdata/msg.narc!/member_00246,0,/msgdata/msg.narc,377,246,,325980,326726,321032,321778,746,256f7d3f8d7f3a10a20ab28b60f7984a12893665b87d9f89aa99043b8d3230ac,06002bd44b047f0434047f043408fe08,,,,,False,,,,,,,,,,False,False
/msgdata/msg.narc,/msgdata/msg.narc!/member_00247,0,/msgdata/msg.narc,377,247,,326728,326972,321780,322024,244,3d02f21e9cff867322b10b70027a9e124c453fbe9fc3c2d445ab3f6373ecef40,02002fc4674073404a4073406080e680,,,,,False,,,,,,,,,,False,False
/msgdata/msg.narc,/msgdata/msg.narc!/member_00248,0,/msgdata/msg.narc,377,248,,326972,327008,322024,322060,36,76d30c8de6290e67e447dc9153a36ca89966ca9fd450f9371fa0b4cb659f1043,01002bc473347f3473347f342de42364,,,,,False,,,,,,,,,,False,False
/msgdata/msg.narc,/msgdata/msg.narc!/member_00249,0,/msgdata/msg.narc,377,249,,327008,327176,322060,322228,168,c18ade845bfd4cd4aad22cd6537b74c0f0f60657ee7166b53579c5417f22d3b3,030037c447585b5857585b5882b0b6b0,,,,,False,,,,,,,,,,False,False
/msgdata/msg.narc,/msgdata/msg.narc!/member_00250,0,/msgdata/msg.narc,377,250,,327176,327262,322228,322314,86,ad4cada9f8d57b52753b0b3ce20f4e14dccc818e924c876948a9e8d9cbdaf441,02008ec3425f565f5f5f565f8abeacbe,,,,,False,,,,,,,,,,False,False
/msgdata/msg.narc,/msgdata/msg.narc!/member_00251,0,/msgdata/msg.narc,377,251,,327264,327814,322316,322866,550,12cec468a96c086b1c5d5041c9ec52c6c33a610c6c2fc15309873c279785e718,04005fb4c7ffe3ffbeffe3ff18ffc6ff,,,,,False,,,,,,,,,,False,False
/msgdata/msg.narc,/msgdata/msg.narc!/member_00252,0,/msgdata/msg.narc,377,252,,327816,328852,322868,323904,1036,901c98d5bd7ea5c4ad81dba386355fb0a5bddb1931698b954b4231c2bb2bf886,0c0043a453dc37dc77dc37dc8ab86eb8,,,,,False,,,,,,,,,,False,False
/msgdata/msg.narc,/msgdata/msg.narc!/member_00253,0,/msgdata/msg.narc,377,253,,328852,329350,323904,324402,498,9300e507c27092d7fa7b41b11caeead8db7fe5720389a341cd28e5aaf1d46886,02004394230c370cb50c370c76196e18,,,,,False,,,,,,,,,,False,False
/msgdata/msg.narc,/msgdata/msg.narc!/member_00254,0,/msgdata/msg.narc,377,254,,329352,329810,324404,324862,458,2da5b8c0c97d41be64c113dae422a29662b69bfc6389268f4b36fe4aa6c1099e,02004f940730133048301330ec602660,,,,,False,,,,,,,,,,False,False
/msgdata/msg.narc,/msgdata/msg.narc!/member_00255,0,/msgdata/msg.narc,377,255,,329812,329920,324864,324972,108,e23b61b854f72954e463fb1733f4e3f07e92877bdf2ff08988b49edb4f226249,01004b9413241f242f241f24a31f356f,,,,,False,,,,,,,,,,False,False
/msgdata/msg.narc,/msgdata/msg.narc!/member_00256,0,/msgdata/msg.narc,377,256,,329920,330022,324972,325074,102,90c40796a2a444a6baac7c2c32653d00466288ac868058d5335eb35d39826823,0300becfdacac6cacecac6caa0958c95,,,,,False,,,,,,,,,,False,False
/msgdata/msg.narc,/msgdata/msg.narc!/member_00257,0,/msgdata/msg.narc,377,257,,330024,332554,325076,327606,2530,68a5bef974d4f5838b5ba62c11df85783c07e07a85b53ac3421f57dd6646221b,170053f4bb1c071c561c071c50390e38,,,,,False,,,,,,,,,,False,False
/msgdata/msg.narc,/msgdata/msg.narc!/member_00258,0,/msgdata/msg.narc,377,258,,332556,332938,327608,327990,382,4792207e01fb86af98ef5d63a4c2992d120b75cfea95da086c3760c605fcc629,02005bf4fb33ef339433ef33d466de67,,,,,False,,,,,,,,,,False,False
/msgdata/msg.narc,/msgdata/msg.narc!/member_00259,0,/msgdata/msg.narc,377,259,,332940,333018,327992,328070,78,58df4cb55ff855e242bdbe73e8e566d6c5f62820869242c44ed1665ea0f1a0a2,010043e43b1c371c161c371c7d1abe64,,,,,False,,,,,,,,,,False,False
/msgdata/msg.narc,/msgdata/msg.narc!/member_00260,0,/msgdata/msg.narc,377,260,,333020,333332,328072,328384,312,2086ab69fda6229811c5c3837698f46b2f9327d1c2d700b32699b04f83214f3b,04005fe4c76fe36ffc6fe36fa4dfc6df,,,,,False,,,,,,,,,,False,False
/msgdata/msg.narc,/msgdata/msg.narc!/member_00261,0,/msgdata/msg.narc,377,261,,333332,335054,328384,330106,1722,bb9a747147f81ce461b846a26890723d4f28ee6117edd0ea0319f91170cf2d38,0d0043d45b4c374c624c374c78996e98,,,,,False,,,,,,,,,,False,False
/msgdata/msg.narc,/msgdata/msg.narc!/member_00262,0,/msgdata/msg.narc,377,262,,335056,335844,330108,330896,788,7b9d8c53830e01a738f691ebb66a1fc5185f5b40ee311d59727ddfa087f93b05,08004fd4577013700b70137052e026e0,,,,,False,,,,,,,,,,False,False
/msgdata/msg.narc,/msgdata/msg.narc!/member_00263,0,/msgdata/msg.narc,377,263,,335844,336294,330896,331346,450,b54f54cf51b941ea953594a08b6697cda4f96326a4ef561e8e04ec9aa5535c93,05004bd433641f645b641f648ac83ec8,,,,,False,,,,,,,,,,False,False
/msgdata/msg.narc,/msgdata/msg.narc!/member_00264,0,/msgdata/msg.narc,377,264,,336296,338998,331348,334050,2702,130d2b44e7182bbe3fd455f88e83971f5fc706c2c6b4c302e3077076a9dd0824,0e0057d48f87fb879887fb87cc0ef60f,,,,,False,,,,,,,,,,False,False
/msgdata/msg.narc,/msgdata/msg.narc!/member_00265,0,/msgdata/msg.narc,377,265,,339000,339146,334052,334198,146,b8660f74219b234163a2eca1fc94e504bbd1a5e4b51ce5c121d9948d43317e23,010053d40b7c077c447c077cf71e8a60,,,,,False,,,,,,,,,,False,False
/msgdata/msg.narc,/msgdata/msg.narc!/member_00266,0,/msgdata/msg.narc,377,266,,339148,339532,334200,334584,384,18557b7b91b06f325bfd9e3532b6db496f7e87b20e4cb7ce026a63dcd7dee6da,05005fd4cf9fe39fd49fe39f5c3fc63f,,,,,False,,,,,,,,,,False,False
/msgdata/msg.narc,/msgdata/msg.narc!/member_00267,0,/msgdata/msg.narc,377,267,,339532,340972,334584,336024,1440,951a0fe58b0098231ca370b5b8c0cebb23ef8b13a22bef7d8b0d8691fcfac099,0e005bd49b93ef934d93ef936626de27,,,,,False,,,,,,,,,,False,False
/msgdata/msg.narc,/msgdata/msg.narc!/member_00268,0,/msgdata/msg.narc,377,268,,340972,341188,336024,336240,216,83455677d3028fa2ec1c595ff045233b93bc3e9a647bc6d3ce37089bba2d022f,030067d4d7b7cbb7d1b7cbb7c66f966f,,,,,False,,,,,,,,,,False,False
/msgdata/msg.narc,/msgdata/msg.narc!/member_00269,0,/msgdata/msg.narc,377,269,,341188,346104,336240,341156,4916,a5f5daf4fe9034959071fa49a5f880401e0aca725d9536b407b6e9333c40c3e1,2d0043c45b7d377c387c377ce4f96ef8,,,,,False,,,,,,,,,,False,False
/msgdata/msg.narc,/msgdata/msg.narc!/member_00270,0,/msgdata/msg.narc,377,270,,346104,348956,341156,344008,2852,4f9ad3d1c07966c0c2283c73bc5ca99a9a1abb0bce9d2e44834599a457755b08,15004fc4bfa013a040a013a074412640,,,,,False,,,,,,,,,,False,False
/msgdata/msg.narc,/msgdata/msg.narc!/member_00271,0,/msgdata/msg.narc,377,271,,348956,349952,344008,345004,996,de04d65322b320ea0d5e1b89d169da2817871f60a086e61b2e7ba230ca2e7c00,06004bc42b941f941a941f9400283e28,,,,,False,,,,,,,,,,False,False
/msgdata/msg.narc,/msgdata/msg.narc!/member_00272,0,/msgdata/msg.narc,377,272,,349952,350404,345004,345456,452,9f72a5a4b6e214fba543c34d073df5972c6639cd559399050522faa594c96055,04004334132c372c5f2c372c9a586e58,,,,,False,,,,,,,,,,False,False
/msgdata/msg.narc,/msgdata/msg.narc!/member_00273,0,/msgdata/msg.narc,377,273,,350404,351294,345456,346346,890,c64dba994f3e18d31ea6c5cd77329632211e8b7eb0e62cb35b40c56c59494f36,07004f342f50135023501350baa026a0,,,,,False,,,,,,,,,,False,False
/msgdata/msg.narc,/msgdata/msg.narc!/member_00274,0,/msgdata/msg.narc,377,274,,351296,352008,346348,347060,712,b518c0685b04a2814631caf49e56a0c731ded377b4410779d3c0729a922906bd,05004b3433441f442f441f44b2883e88,,,,,False,,,,,,,,,,False,False
/msgdata/msg.narc,/msgdata/msg.narc!/member_00275,0,/msgdata/msg.narc,377,275,,352008,352386,347060,347438,378,6f4a09bf458089e30263179b35d68e7f494ff0c95ca8165ebeacd546c35755eb,02004324235c375c695c375cbeb86eb8,,,,,False,,,,,,,,,,False,False
/msgdata/msg.narc,/msgdata/msg.narc!/member_00276,0,/msgdata/msg.narc,377,276,,352388,353320,347440,348372,932,116b8ca8450be412b279405ebdf6b697cb1a893e4d7f7fb81579dba43d4f6e8a,06004f24278013800b80138042002600,,,,,False,,,,,,,,,,False,False
/msgdata/msg.narc,/msgdata/msg.narc!/member_00277,0,/msgdata/msg.narc,377,277,,353320,353406,348372,348458,86,da74f592b3b9d7ac96546f36d9129b22d3cda1d30e8245f1fce23660e8e8a005,02004b240b741f7419741f741ee83ee8,,,,,False,,,,,,,,,,False,False
/msgdata/msg.narc,/msgdata/msg.narc!/member_00278,0,/msgdata/msg.narc,377,278,,353408,353534,348460,348586,126,36759b9099f31b940009d56aabd31a10e6a84576c8eb71d8eff8b03ea6fa7492,0300aecbeaa6f6a6f9a6f6a6d64dec4d,,,,,False,,,,,,,,,,False,False
/msgdata/msg.narc,/msgdata/msg.narc!/member_00279,0,/msgdata/msg.narc,377,279,,353536,353694,348588,348746,158,e6ba873739ff36dcbf20ac2a8b26f59510664785e67988f4d26c546e0baa6797,02006234ce88da88f188da88de11b411,,,,,False,,,,,,,,,,False,False
/msgdata/msg.narc,/msgdata/msg.narc!/member_00280,0,/msgdata/msg.narc,377,280,,353696,355410,348748,350462,1714,fe9dd64d913f3978dc73ebb332fb0e1e31e0369ccccc9582cd49ae2446fc6973,1100aacb8e9b029b0f9b029ba2360436,,Nintendo LZ11,Probable,,True,Nintendo LZ11,Probable,True,13347328,False,,,,,False,False
/msgdata/msg.narc,/msgdata/msg.narc!/member_00281,0,/msgdata/msg.narc,377,281,,355412,356518,350464,351570,1106,e952b93ad2df56f929a87d3dbb5eb086b96dbfea3a1dbfe6d4f302fdde69abd2,0f006224a6b8dab8f7b8dab86271b471,,,,,False,,,,,,,,,,False,False
/msgdata/msg.narc,/msgdata/msg.narc!/member_00282,0,/msgdata/msg.narc,377,282,,356520,374166,351572,369218,17646,51fe05d285b44adcdc34ea1d863874a48e4e7c3f5069d03d4ccb4e9a3fe18ede,75007a243e039200a100920036052401,,,,,False,,,,,,,,,,False,False
/msgdata/msg.narc,/msgdata/msg.narc!/member_00283,0,/msgdata/msg.narc,377,283,,374168,375918,369220,370970,1750,e6dc0a26ff13035bd4339d4cb042f6524e8fecbdf8b9dc093c84621be19d0eee,0e006a24b6d0c2d0d5d0c2d026a184a1,,,,,False,,,,,,,,,,False,False
/msgdata/msg.narc,/msgdata/msg.narc!/member_00284,0,/msgdata/msg.narc,377,284,,375920,376374,370972,371426,454,c0d1cde94aae992d17aa834f2f66e80b438d83467cdc0a921476dbadde077a80,080066248ac4cec4e3c4cec402899c89,,,,,False,,,,,,,,,,False,False
/msgdata/msg.narc,/msgdata/msg.narc!/member_00285,0,/msgdata/msg.narc,377,285,,376376,377876,371428,372928,1500,34607053d76dbdce7157026669f270a9bbe886bb33787ff130a9d8e5e3f896f8,120062244eb8dab8c5b8dab86671b471,,,,,False,,,,,,,,,,False,False
/msgdata/msg.narc,/msgdata/msg.narc!/member_00286,0,/msgdata/msg.narc,377,286,,377876,379030,372928,374082,1154,dc6eace3dd15bb56f6e405a5f0dcdce4ab977b971b8e67440dc612c765ddd6ba,2b00c3eaeb89b788a488b788ec106e11,,,,,False,,,,,,,,,,False,False
/msgdata/msg.narc,/msgdata/msg.narc!/member_00287,0,/msgdata/msg.narc,377,287,,379032,382178,374084,377230,3146,92973da4d1a8197f9ebc2c526bc5f38303d97cf79b54d2539160593c604389e1,a00052780e880a8d0e8d0a8d181f141a,,,,,False,,,,,,,,,,False,False
/msgdata/msg.narc,/msgdata/msg.narc!/member_00288,0,/msgdata/msg.narc,377,288,,382180,382834,377232,377886,654,d9b549b843247613aed9daa94d413ef2c57dabb7301bcb5b22017556343c60b6,1b00edbae59639963e963996982c722c,,,,,False,,,,,,,,,,False,False
/msgdata/msg.narc,/msgdata/msg.narc!/member_00289,0,/msgdata/msg.narc,377,289,,382836,384998,377888,380050,2162,87b078e618006ef77aa4e7c80917390ee03f68742b6933a21f926d0c9e5b2a37,5b000e770ac6d6c4d0c4d6c4448bac89,,,,,False,,,,,,,,,,False,False
/msgdata/msg.narc,/msgdata/msg.narc!/member_00290,0,/msgdata/msg.narc,377,290,,385000,386550,380052,381602,1550,40d366acc378c808b29470fc18bd932fef6ebcf33e7bbc2a3bee19cbef44ad5e,4300d46698458447884784473c8d088f,,,,,False,,,,,,,,,,False,False
/msgdata/msg.narc,/msgdata/msg.narc!/member_00291,0,/msgdata/msg.narc,377,291,,386552,386964,381604,382016,412,a702cd1d00726862b040962577080bb70f28c94c8f4482eeaa697ab37f1bcbbc,14009dca8d7729772e772977e0ee52ee,,,,,False,,,,,,,,,,False,False
/msgdata/msg.narc,/msgdata/msg.narc!/member_00292,0,/msgdata/msg.narc,377,292,,386964,391932,382016,386984,4968,68306700ab0d8d0fb4b07b9978bcdcdc4038bf6d15705918c43bb2fc0dd45095,9100d80ef45f785b725b785b50b2f0b6,,,,,False,,,,,,,,,,False,False
/msgdata/msg.narc,/msgdata/msg.narc!/member_00293,0,/msgdata/msg.narc,377,293,,391932,392450,386984,387502,518,a08df2c7f97ff470ccd4efc7a823dd1dff9694fbad5fe1fd39b2a7a2c1f65280,16007e54327c867c8e7c867cc8f90cf9,,,,,False,,,,,,,,,,False,False
/msgdata/msg.narc,/msgdata/msg.narc!/member_00294,0,/msgdata/msg.narc,377,294,,392452,392472,387504,387524,20,0c6f26a3a8da7f4030c609932915c9404a92b66f87d769b921db7e5cc1bf5a10,01003c1040834c8348834c83e51b0865,,,,,False,,,,,,,,,,False,False
/msgdata/msg.narc,/msgdata/msg.narc!/member_00295,0,/msgdata/msg.narc,377,295,,392472,392968,387524,388020,496,4a86d0d06417cf63f7bcfde9a237a2c1f41fa3f205ba24d3d999d64fd9b0f684,17007b6e33258f2589258f25d64b1e4b,,,,,False,,,,,,,,,,False,False
/msgdata/msg.narc,/msgdata/msg.narc!/member_00296,0,/msgdata/msg.narc,377,296,,392968,393566,388020,388618,598,d14a1120390c2c1ee7e3c9b1a01a415c2da66831bcd2d9d911b2b412f17a58f2,1900cc2e50d79cd794d79cd7e4af38af,,,,,False,,,,,,,,,,False,False
/msgdata/msg.narc,/msgdata/msg.narc!/member_00297,0,/msgdata/msg.narc,377,297,,393568,396110,388620,391162,2542,87289bf0d0366b54a2df9cc22563e6578d50c5cfd64c978b8166eaacce106e5a,7900ce0b5a45964698469646c48e2c8d,,,,,False,,,,,,,,,,False,False
/msgdata/msg.narc,/msgdata/msg.narc!/member_00298,0,/msgdata/msg.narc,377,298,,396112,397514,391164,392566,1402,534780ef406cea03967bec56264749b91b082303cd92ee47b27cdf94ae4adbfd,3f009bb2d3b82fb927b92fb952705e72,,,,,False,,,,,,,,,,False,False
/msgdata/msg.narc,/msgdata/msg.narc!/member_00299,0,/msgdata/msg.narc,377,299,,397516,399342,392568,394394,1826,c22384da383c4edd3dc5f127ba2d7626a4a7f11b1b7665d8e35794d6ff2697d8,49006bc5f3f2bff0b9f0bff026e37ee1,,,,,False,,,,,,,,,,False,False
/msgdata/msg.narc,/msgdata/msg.narc!/member_00300,0,/msgdata/msg.narc,377,300,,399344,400652,394396,395704,1308,72ecf8f3c86410255e33db3591da93c57f53a61422de9a2b79cd3c4b8d6138d2,3800ec4ef8d63cd735d73cd7aeaf78ae,,,,,False,,,,,,,,,,False,False
/msgdata/msg.narc,/msgdata/msg.narc!/member_00301,0,/msgdata/msg.narc,377,301,,400652,400932,395704,395984,280,9dbd9cdd1caccd560f5dcabdb2f56a4f613001ed3181140ffea7398bbce0bb6d,0a0013bb9307c707c007c707ec0f8e0f,,,,,False,,,,,,,,,,False,False
/msgdata/msg.narc,/msgdata/msg.narc!/member_00302,0,/msgdata/msg.narc,377,302,,400932,401992,395984,397044,1060,00b07374c135069b5067fe1a1b45c43cfded1c7fbc1ae59e1e5ca8e275aefd93,37001e491a7fa67ea17ea67e86fc4cfd,,,,,False,,,,,,,,,,False,False
/msgdata/msg.narc,/msgdata/msg.narc!/member_00303,0,/msgdata/msg.narc,377,303,,401992,402482,397044,397534,490,199ae862a520915938ebf585d22475486f1b036e924cb0f2c07bc3b6f3ea75fe,190078e254c098c090c098c0ec813081,,,,,False,,,,,,,,,,False,False
/msgdata/msg.narc,/msgdata/msg.narc!/member_00304,0,/msgdata/msg.narc,377,304,,402484,402888,397536,397940,404,9299f93246f7a4ca959fa3d513e18793a85cd88eb539e0cd09cda8c2f0bd2f7f,0f009cca50742c7425742c74d6e858e8,,,,,False,,,,,,,,,,False,False
/msgdata/msg.narc,/msgdata/msg.narc!/member_00305,0,/msgdata/msg.narc,377,305,,402888,403496,397940,398548,608,35abcccbca2d3a2103bf548aa29551c6d40a52a7f710d52c312f53968c0e9f0b,1400afe9574ff34ffb4ff34f529fe69f,,,,,False,,,,,,,,,,False,False
/msgdata/msg.narc,/msgdata/msg.narc!/member_00306,0,/msgdata/msg.narc,377,306,,403496,407042,398548,402094,3546,dd43b57eecbb2218a21f79b8a5de880f10bc179441253bb65fbaac93f6cbd68a,9600e916f17245764e76457640e88aec,,,,,False,,,,,,,,,,False,False
/msgdata/msg.narc,/msgdata/msg.narc!/member_00307,0,/msgdata/msg.narc,377,307,,407044,407658,402096,402710,614,e9885fce1d03c81ebdff06a75cf8b2a9cb71e51d9fa0ff31cd14aa4f4ecc8a75,1600b2b45ef7eaf7eff7eaf76aefd4ef,,,,,False,,,,,,,,,,False,False
/msgdata/msg.narc,/msgdata/msg.narc!/member_00308,0,/msgdata/msg.narc,377,308,,407660,408232,402712,403284,572,74352e9e45fd38aa11b87b112aa0072bb0eb5ba03623ce7752e8360014bfe94b,16009b3d9b182f182b182f18e2305e30,,,,,False,,,,,,,,,,False,False
/msgdata/msg.narc,/msgdata/msg.narc!/member_00309,0,/msgdata/msg.narc,377,309,,408232,409078,403284,404130,846,33c427b6fa93b7312a2465e9a6de96ff9c07adcc97d35aa1489729234e313589,3a0090d784285029532950297a53a052,,,,,False,,,,,,,,,,False,False
/msgdata/msg.narc,/msgdata/msg.narc!/member_00310,0,/msgdata/msg.narc,377,310,,409080,409312,404132,404364,232,c89ba1eac14e8de0486fbdcd41aa27043929a77208a8362e9ce65f642a54b5bf,060078efac9998998c9998996c333033,,,,,False,,,,,,,,,,False,False
/msgdata/msg.narc,/msgdata/msg.narc!/member_00311,0,/msgdata/msg.narc,377,311,,409312,409846,404364,404898,534,04e9aced1fff3a0b4ca88386153b73ca7b2adf1833d69c8bedf7bd0fa54fa6df,0e00bf05b72bc32bce2bc32b08578657,,,,,False,,,,,,,,,,False,False
/msgdata/msg.narc,/msgdata/msg.narc!/member_00312,0,/msgdata/msg.narc,377,312,,409848,410032,404900,405084,184,2158ed76484733edd4eb83758c2f827e3f34622cb97a166d1a1ef210211819bf,06007a6ba62b922b8d2b922b56572457,,,,,False,,,,,,,,,,False,False
/msgdata/msg.narc,/msgdata/msg.narc!/member_00313,0,/msgdata/msg.narc,377,313,,410032,415178,405084,410230,5146,a1e871ddd0338621a1e581924766537ca9769928e38e64bde9e5bf7210b91f63,6d00410d51983d9b2d9b3d9bf6357a36,,,,,False,,,,,,,,,,False,False
/msgdata/msg.narc,/msgdata/msg.narc!/member_00314,0,/msgdata/msg.narc,377,314,,415180,417184,410232,412236,2004,e2b80f61998f4d7fdfe6617b94633dd910a89cb0f6b88e1363fbbbe883c7e7f8,130019f62968b568ed68b56826d06ad1,,,,,False,,,,,,,,,,False,False
/msgdata/msg.narc,/msgdata/msg.narc!/member_00315,0,/msgdata/msg.narc,377,315,,417184,418500,412236,413552,1316,ac20da79b2e68deffb9a29767b3de32453ec30d8f603bf376c343d8e3ebddf9d,310023631b3e973f943f973fbc7e2e7f,,,,,False,,,,,,,,,,False,False
/msgdata/msg.narc,/msgdata/msg.narc!/member_00316,0,/msgdata/msg.narc,377,316,,418500,418556,413552,413608,56,7fe9004645ac9c486e2d6d565015a3baa63c79e1bc7d8df9f24b12966f2515a8,01005967f9d4f5d4e3d4f5d40d1ace64,,,,,False,,,,,,,,,,False,False
/msgdata/msg.narc,/msgdata/msg.narc!/member_00317,0,/msgdata/msg.narc,377,317,,418556,419350,413608,414402,794,98a35ee221698d88101c387e415a7a536fc1329abb4113eac0789bd078cd4049,0f003c9230fd4cfd54fd4cfd34fa98fa,,,,,False,,,,,,,,,,False,False
/msgdata/msg.narc,/msgdata/msg.narc!/member_00318,0,/msgdata/msg.narc,377,318,,419352,419490,414404,414542,138,3c42a811aa696c9116b6906b33364b2a635afc4b68a1be0e380eb41f7f077909,0400e6bb6a7e4e7e5a7e4e7ed0fc9cfc,,,,,False,,,,,,,,,,False,False
/msgdata/msg.narc,/msgdata/msg.narc!/member_00319,0,/msgdata/msg.narc,377,319,,419492,419990,414544,415042,498,62c25a66de63f4b9265de836001644912ef3910c3984dfb7c285306b3ffbc81b,0800e4e610f754f740f754f7c4eea8ee,,,,,False,,,,,,,,,,False,False
/msgdata/msg.narc,/msgdata/msg.narc!/member_00320,0,/msgdata/msg.narc,377,320,,419992,426016,415044,421068,6024,e98c1077c0c6f700f2ebaf522a231f72cda776a4dd688d7395b97cf58d14553d,0f01315011aa6da26fa26da25a4cda44,,,,,False,,,,,,,,,,False,False
/msgdata/msg.narc,/msgdata/msg.narc!/member_00321,0,/msgdata/msg.narc,377,321,,426016,429288,421068,424340,3272,8ebeac79b9e7365d95e495a7796b55ca7fe045016faf6ca7b9eeeef4e38690a8,55003d2ee52e492c452c492c565a9258,,,,,False,,,,,,,,,,False,False
/msgdata/msg.narc,/msgdata/msg.narc!/member_00322,0,/msgdata/msg.narc,377,322,,429288,429496,424340,424548,208,4e3639e27218d155dc76fb88805a0131bf2f68555935cab8ba4dc73177de7536,0c00a0d344652065236520652aca40ca,,,,,False,,,,,,,,,,False,False
/msgdata/msg.narc,/msgdata/msg.narc!/member_00323,0,/msgdata/msg.narc,377,323,,429496,500850,424548,495902,71354,41a6919ad715ab0dca5a531d814ee00fa10e11e7a3098f09e094d8fd517024bf,ec04f4ba408c24ab2dab24ab3e714856,,,,,False,,,,,,,,,,False,False
/msgdata/msg.narc,/msgdata/msg.narc!/member_00324,0,/msgdata/msg.narc,377,324,,500852,501422,495904,496474,570,269b7a2a84f5d0e6dde23d70ee3f039a4ab9206ca25b9fca78193f6420e7083d,0a0006a2ba2bee2bfa2bee2ba057dc57,,,,,False,,,,,,,,,,False,False
/msgdata/msg.narc,/msgdata/msg.narc!/member_00325,0,/msgdata/msg.narc,377,325,,501424,501554,496476,496606,130,98d43c13be3b57cede4cd378f5e2f6f96a11b712139f6fca1fbbf08430b7900d,0800e7120f7c4b7c4e7c4b7cd8f896f8,,,,,False,,,,,,,,,,False,False
/msgdata/msg.narc,/msgdata/msg.narc!/member_00326,0,/msgdata/msg.narc,377,326,,501556,501658,496608,496710,102,5e28dc2bc27a0ed788473b134cef5e34a3433ecaddf72dec1347e5b87798af5a,0200d09084bd90bd81bd90bd167b207b,,,,,False,,,,,,,,,,False,False
/msgdata/msg.narc,/msgdata/msg.narc!/member_00327,0,/msgdata/msg.narc,377,327,,501660,502590,496712,497642,930,b9014eef6d048a44e984a98a54c2a9ec5b81cb9e4a3db7b23f02af7a1a2513bc,05006ba0935fbf5f355fbf5f3ebe7ebf,,,,,False,,,,,,,,,,False,False
/msgdata/msg.narc,/msgdata/msg.narc!/member_00328,0,/msgdata/msg.narc,377,328,,502592,504096,497644,499148,1504,913a0c58aa4204e9d358303eee68ac17dc02a07e95bda1af6e13061e9ba9ebb3,1700958efd13411303134113c2278226,,,,,False,,,,,,,,,,False,False
/msgdata/msg.narc,/msgdata/msg.narc!/member_00329,0,/msgdata/msg.narc,377,329,,504096,505794,499148,500846,1698,04642d4011c4c08dbfe5d33bca885f065f08f75ff1ad4904daf46cad5ed3e8e2,0e00f95661e615e67be615e67acd2acc,,,,,False,,,,,,,,,,False,False
/msgdata/msg.narc,/msgdata/msg.narc!/member_00330,0,/msgdata/msg.narc,377,330,,505796,505960,500848,501012,164,8315206f2f6aae673a0449dff653942c40950fbe254e6eeeb66277435f13ce63,08002e083271767170717671bce2ece2,,,,,False,,,,,,,,,,False,False
/msgdata/msg.narc,/msgdata/msg.narc!/member_00331,0,/msgdata/msg.narc,377,331,,505960,507420,501012,502472,1460,02d015a9b7b8fb240b7fd00a57f56b1063cb4eb7486c21ddc2691e1fe8e20052,150030b3dc767076597670761eece0ec,,,,,False,,,,,,,,,,False,False
/msgdata/msg.narc,/msgdata/msg.narc!/member_00332,0,/msgdata/msg.narc,377,332,,507420,507990,502472,503042,570,ba843c5628d4a98289a80566adaa25f8c944c3451f87acfbd7c6601b58571117,0a00584fac19f819ec19f8198c33f033,,,,,False,,,,,,,,,,False,False
/msgdata/msg.narc,/msgdata/msg.narc!/member_00333,0,/msgdata/msg.narc,377,333,,507992,509666,503044,504718,1674,b0271a1683d66a4ba023b8c9e80e2c35c0e54714a52f36b25a3f8af7920ee308,1b004496e8093409100934094c136812,,,,,False,,,,,,,,,,False,False
/msgdata/msg.narc,/msgdata/msg.narc!/member_00334,0,/msgdata/msg.narc,377,334,,509668,513918,504720,508970,4250,1c2255c483fbcb965d5badec98804a768411bee23a77e73cabcc1fd797c1f021,2a00ef0867b333b211b233b2fe656664,,,,,False,,,,,,,,,,False,False
/msgdata/msg.narc,/msgdata/msg.narc!/member_00335,0,/msgdata/msg.narc,377,335,,513920,514110,508972,509162,190,0444a51dcac7900b13f1e696e5506c014249e98bb10c21987823b7cb25b1bb8d,040019c0910ab50aa10ab50a26156a15,,,,,False,,,,,,,,,,False,False
/msgdata/msg.narc,/msgdata/msg.narc!/member_00336,0,/msgdata/msg.narc,377,336,,514112,517218,509164,512270,3106,68922d3e9112c8c9fbec87d41262a88da6af3936d752aece1da986d7fe1f9fb2,3100ad0c75e1f9e0fde0f9e066c0f2c1,,,,,False,,,,,,,,,,False,False
/msgdata/msg.narc,/msgdata/msg.narc!/member_00337,0,/msgdata/msg.narc,377,337,,517220,519162,512272,514214,1942,e19133034b62e9a91a62716d44c6d57e045f92ebb32b4146de161a7988a0f391,64004d7b3d7619751c7519751ce932ea,,,,,False,,,,,,,,,,False,False
/msgdata/msg.narc,/msgdata/msg.narc!/member_00338,0,/msgdata/msg.narc,377,338,,519164,519486,514216,514538,322,f53b5799bcea395c494aad0951197e7c4432dd14ede705165583c69467e35fc5,12001f143720a320a520a320e6414641,,,,,False,,,,,,,,,,False,False
/msgdata/msg.narc,/msgdata/msg.narc!/member_00339,0,/msgdata/msg.narc,377,339,,519488,522554,514540,517606,3066,e516900b8374045bbebe34f8c9d376ac7aeadefab990b8322987783b427589a1,2d00d0f2fc969097b2979097902e202f,,,,,False,,,,,,,,,,False,False
/msgdata/msg.narc,/msgdata/msg.narc!/member_00340,0,/msgdata/msg.narc,377,340,,522556,531688,517608,526740,9132,a72b44adb50dc99ee5b9d17ec3af7d6158391a89cd5d57cd5fa78687666f9c50,d101e63fc2fc4ef24af24ef208ea9ce4,,,,,False,,,,,,,,,,False,False
/msgdata/msg.narc,/msgdata/msg.narc!/member_00341,0,/msgdata/msg.narc,377,341,,531688,570584,526740,565636,38896,5769ebe95b556d1b3df8c904d6f0de5304f540150fd3b85450b9c924efa2f284,d101fc5e80d90cd708d70cd78ca018ae,,,,,False,,,,,,,,,,False,False
/msgdata/msg.narc,/msgdata/msg.narc!/member_00342,0,/msgdata/msg.narc,377,342,,570584,579632,565636,574684,9048,0eb4970b8e7f159e758da2a542dabc59ce1ae34693484368a00f9bfa872f26c7,d101adca75a8f9a6faa6f9a66043f24d,,,,,False,,,,,,,,,,False,False
/msgdata/msg.narc,/msgdata/msg.narc!/member_00343,0,/msgdata/msg.narc,377,343,,579632,579764,574684,574816,132,f15c2d5a5891ce7dfcebb7aaf728339b6fa9b4422cbf19d701c38066b26da76b,0800dcd6280f6c0f6f0f6c0f921ed81e,,,,,False,,,,,,,,,,False,False
/msgdata/msg.narc,/msgdata/msg.narc!/member_00344,0,/msgdata/msg.narc,377,344,,579764,580040,574816,575092,276,812e041be12ddab85e0c2949e2a93a54adeb0ecb280e1611637e5c6476a5d8c2,0800b249ae38ea38e638ea388871d471,,,,,False,,,,,,,,,,False,False
/msgdata/msg.narc,/msgdata/msg.narc!/member_00345,0,/msgdata/msg.narc,377,345,,580040,581412,575092,576464,1372,9a8e0bb3205d0d3d4f392bcc85e1248e11a90c71845ecd50560f5f9d415febf8,26001f2997e0a3e1a8e1a3e10cc246c3,,,,,False,,,,,,,,,,False,False
/msgdata/msg.narc,/msgdata/msg.narc!/member_00346,0,/msgdata/msg.narc,377,346,,581412,581730,576464,576782,318,ba5ed257350cbde48ca985751ee07f237571fa475cb81c1258c1a7c370b7b14d,10000a1166eae2eaeaeae2ea50d5c4d5,,Nintendo LZ10,Probable,,True,Nintendo LZ10,Probable,True,1116672,False,,,,,False,False
/msgdata/msg.narc,/msgdata/msg.narc!/member_00347,0,/msgdata/msg.narc,377,347,,581732,582086,576784,577138,354,e6a7ed7dd89e1e2661e81ed00b8ba499bc44a921bc7697e48f5d03721a0c753e,0400eb471be93fe91ce93fe914d27ed2,,,,,False,,,,,,,,,,False,False
/msgdata/msg.narc,/msgdata/msg.narc!/member_00348,0,/msgdata/msg.narc,377,348,,582088,582166,577140,577218,78,7b23066a74447c07d893270d7861325ff009aecb1c240e8a4abe5c3d2f2392e3,010000240c940094219400940d1ace64,,,,,False,,,,,,,,,,False,False
/msgdata/msg.narc,/msgdata/msg.narc!/member_00349,0,/msgdata/msg.narc,377,349,,582168,584476,577220,579528,2308,a9bde719ceee1b2dd5967a1644016587a5f7341aa49d65231386f4ebc4a5f7db,1000e747cfdd4bdd05dd4bddb6bb96ba,,Nintendo LZ10,Probable,,True,Nintendo LZ10,Probable,True,4712192,False,,,,,False,False
/msgdata/msg.narc,/msgdata/msg.narc!/member_00350,0,/msgdata/msg.narc,377,350,,584476,604568,579528,599620,20092,7de96b4b5d7076de96f2cc35e0711f3787d5cd8b44dae4125857a70dcd0dc0ab,ec00001464c300c425c400c4ae8f0088,,,,,False,,,,,,,,,,False,False
/msgdata/msg.narc,/msgdata/msg.narc!/member_00351,0,/msgdata/msg.narc,377,351,,604568,604684,599620,599736,116,62211a2baa4c91d6cbc3c2bf30acc5a8fbbc552b0a7afafd2da18c9962f26d64,02001814ac0bb80ba10bb80b36177017,,,,,False,,,,,,,,,,False,False
/msgdata/msg.narc,/msgdata/msg.narc!/member_00352,0,/msgdata/msg.narc,377,352,,604684,605388,599736,600440,704,33927c5ff90c0dad706d3d2fd47c60e84f40cdf5fc515d0e59a31a8f035e1397,04001194e976cd768276cd7658ed9aed,,,,,False,,,,,,,,,,False,False
/msgdata/msg.narc,/msgdata/msg.narc!/member_00353,0,/msgdata/msg.narc,377,353,,605388,605760,600440,600812,372,dfa42aebc79e14d32062e22888e5d993235f7e4bbef0b6f80cb1bbfe676b73ae,0500e3477bd157d176d157d1c0a2aea2,,,,,False,,,,,,,,,,False,False
/msgdata/msg.narc,/msgdata/msg.narc!/member_00354,0,/msgdata/msg.narc,377,354,,605760,605898,600812,600950,138,02fb6795626cb09063fd66b8737e3820426547639ec546ffda3b645172a03b7a,02005447102604262c2604266c4c084c,,,,,False,,,,,,,,,,False,False
/msgdata/msg.narc,/msgdata/msg.narc!/member_00355,0,/msgdata/msg.narc,377,355,,605900,606352,600952,601404,452,51f8fe8f03764deb372890faea38e16663731eb481a96216522d5ae2f197f778,0c00bc1fa8d4ccd4c9d4ccd4f6a998a9,,,,,False,,,,,,,,,,False,False
/msgdata/msg.narc,/msgdata/msg.narc!/member_00356,0,/msgdata/msg.narc,377,356,,606352,606464,601404,601516,112,738499eba671faecfa1bfbd9cdc1ddf13ed8649b202146b774b3d6b1be88f4d4,040014e8e083c483c783c483a2078807,,,,,False,,,,,,,,,,False,False
/msgdata/msg.narc,/msgdata/msg.narc!/member_00357,0,/msgdata/msg.narc,377,357,,606464,614608,601516,609660,8144,1e92baba0559930aeee2bf84401bfeb8d1ee413cf325783e6db60b4b08d03257,f0012c78f8147c1b7a1b7c1b6839f836,,,,,False,,,,,,,,,,False,False
/msgdata/msg.narc,/msgdata/msg.narc!/member_00358,0,/msgdata/msg.narc,377,358,,614608,614810,609660,609862,202,eaf964f678d4aa5d4be59033e24062f268f80de70e40d8591f1f02c38b76df5c,0c005ce2886cec6ce86cec6cb4d9d8d9,,,,,False,,,,,,,,,,False,False
/msgdata/msg.narc,/msgdata/msg.narc!/member_00359,0,/msgdata/msg.narc,377,359,,614812,636050,609864,631102,21238,73efea6b2a73a3f8aa76757fd98a6c989bb16b3ec1759296bf8138e3f7fbc045,2f00e3802b2757261b275726ba48ae4c,,,,,False,,,,,,,,,,False,False
/msgdata/msg.narc,/msgdata/msg.narc!/member_00360,0,/msgdata/msg.narc,377,360,,636052,655724,631104,650776,19672,62a39ab8eedb20cb90bf93b0e43ed6fa6e5f3ec2bcc9ce2aea05f29b9aad8f0c,2600ef80074b334a604b334abc976694,,,,,False,,,,,,,,,,False,False
/msgdata/msg.narc,/msgdata/msg.narc!/member_00361,0,/msgdata/msg.narc,377,361,,655724,659278,650776,654330,3554,57e4e8593c8a2db577125dff038c514283f275f042cdbee3544a5f16654d5dca,0900eb80733e3f3e8a3e3f3ec87d7e7c,,,,,False,,,,,,,,,,False,False
/msgdata/msg.narc,/msgdata/msg.narc!/member_00362,0,/msgdata/msg.narc,377,362,,659280,681740,654332,676792,22460,ff02f07d67d565687ece6e6bf8c2f9a0b5a5d322fbb4f03cfe036a49d6216eff,3600f780af631b62d1621b627ec736c4,,,,,False,,,,,,,,,,False,False
/msgdata/msg.narc,/msgdata/msg.narc!/member_00363,0,/msgdata/msg.narc,377,363,,681740,682416,676792,677468,676,c8855c1b266393b0d2c9f947750334454bbb54c89ebb4325be29258217706e01,10009688ba283e2804283e2884507c50,,Nintendo LZ10,Probable,,True,Nintendo LZ10,Probable,True,8951296,False,,,,,False,False
/msgdata/msg.narc,/msgdata/msg.narc!/member_00364,0,/msgdata/msg.narc,377,364,,682416,685832,677468,680884,3416,17ed6dddd9872da8ec005890d121a647110649e1588d90489dd827aeb9926d56,4f00222ae6e59ae78be79ae7aacd34cf,,,,,False,,,,,,,,,,False,False
/msgdata/msg.narc,/msgdata/msg.narc!/member_00365,0,/msgdata/msg.narc,377,365,,685832,686146,680884,681198,314,a876e779f990be1a0ae8bb56f4d87b31495fa87ca5829351ad374ce734b597ba,0900d371cb2387238a23872368470e47,,,,,False,,,,,,,,,,False,False
/msgdata/msg.narc,/msgdata/msg.narc!/member_00366,0,/msgdata/msg.narc,377,366,,686148,692086,681200,687138,5938,766dc83c78e851bd0d919085ad7a022d861d5037ed43594cb319de4cfc32e790,400004a0f029f42bdf2bf42bb255e857,,,,,False,,,,,,,,,,False,False
/msgdata/msg.narc,/msgdata/msg.narc!/member_00367,0,/msgdata/msg.narc,377,367,,692088,693000,687140,688052,912,3f14c41aeb556afac5ed3e5c5009a82247a506409df992e57c8ac1e05ca772f6,40005534056001620262016208c602c4,,,,,False,,,,,,,,,,False,False
/msgdata/msg.narc,/msgdata/msg.narc!/member_00368,0,/msgdata/msg.narc,377,368,,693000,693522,688052,688574,522,2141fc452345a3071d66c516b88364f1a0fc713857218a03b1253546649f788e,0e00aed9827cf67cf97cf67c7ef9ecf9,,,,,False,,,,,,,,,,False,False
/msgdata/msg.narc,/msgdata/msg.narc!/member_00369,0,/msgdata/msg.narc,377,369,,693524,697000,688576,692052,3476,889e446e153aa961b32ac724a498afcb681f5bacccb92a7f3e7c5426c3fc9b68,21001a1bbefdb2fc31fcb2fc76fb64f9,,,,,False,,,,,,,,,,False,False
/msgdata/msg.narc,/msgdata/msg.narc!/member_00370,0,/msgdata/msg.narc,377,370,,697000,698296,692052,693348,1296,4186ec625eba3079d663dcdab4526769b1a216c3c178ea18bdd5814bbb09bf90,5a00e1e789e95deb5beb5deb5ad4bad6,,,,,False,,,,,,,,,,False,False
/msgdata/msg.narc,/msgdata/msg.narc!/member_00371,0,/msgdata/msg.narc,377,371,,698296,699024,693348,694076,728,cbbf384137733adc668d3e1d4233333643f48a3031ef213601b0ba4ddd293f8f,0e00051685ccf1ccd2ccf1cc5899e299,,,,,False,,,,,,,,,,False,False
/msgdata/msg.narc,/msgdata/msg.narc!/member_00372,0,/msgdata/msg.narc,377,372,,699024,703828,694076,698880,4804,86efa6f238e1b7de69718ace97200a0d509f55be6c17bf3aa5d15bbdfc8bf595,30003599e5d261d345d361d30ea7c2a6,,Nintendo RLE,Probable,,True,Nintendo RLE,Probable,False,10040576,,,,,,False,False
/msgdata/msg.narc,/msgdata/msg.narc!/member_00373,0,/msgdata/msg.narc,377,373,,703828,705370,698880,700422,1542,b5b94140a79562de96210e16db4bcb291f602a4907af0cbea97bb2c156d2c146,0d003906399855985a9855982030aa30,,,,,False,,,,,,,,,,False,False
/msgdata/msg.narc,/msgdata/msg.narc!/member_00374,0,/msgdata/msg.narc,377,374,,705372,705742,700424,700794,370,fddc827698ba919a8a6714b9a2e5103e3a3cc1f79cb3bd117bba813cbf08b722,08000d679df1d9f1c4f1d9f1cce3b2e3,,,,,False,,,,,,,,,,False,False
/msgdata/msg.narc,/msgdata/msg.narc!/member_00375,0,/msgdata/msg.narc,377,375,,705744,707530,700796,702582,1786,5c642d0c2a0c767acdf205f49f458d349a0760d542d08337be6de25731ba7abb,240082a75e8e7a8f5d8f7a8f861ff41e,,,,,True,Nintendo Huffman 4-bit,Probable,False,10977792,,,,,,False,False
/msgdata/msg.narc,/msgdata/msg.narc!/member_00376,0,/msgdata/msg.narc,377,376,,707532,709844,702584,704896,2312,993b2e2c851f22e457a830af642b9f04d78db485d2615ab45b8fe1e0c8da1d1a,7000060a6af0eef3e7f3eef34ae4dce7,,,,,False,,,,,,,,,,False,False
/msgdata/msg.narc,/msgdata/msg.narc!/member_00377,0,/msgdata/msg.narc,377,377,,709844,711668,704896,706720,1824,e56923df040124427256613b587e19870b0ba6c8845610dfeccd3269d5b7e921,4d007d5ce56389618e61896168c112c3,,,,,False,,,,,,,,,,False,False
/msgdata/msg.narc,/msgdata/msg.narc!/member_00378,0,/msgdata/msg.narc,377,378,,711668,711892,706720,706944,224,31742522451f4cecc68d24f3c0d62875de249dc15cf87296eb77176dac42f481,0b007810c43698369f3698365a6d306d,,,,,False,,,,,,,,,,False,False
/msgdata/msg.narc,/msgdata/msg.narc!/member_00379,0,/msgdata/msg.narc,377,379,,711892,712128,706944,707180,236,1741ead7a7b5100cbab056a2ed0e4ad4a65353b2699fde45d746cfb97b63d2e3,0e0075a3d574a174a574a1743ee942e9,,,,,False,,,,,,,,,,False,False
/msgdata/msg.narc,/msgdata/msg.narc!/member_00380,0,/msgdata/msg.narc,377,380,,712128,712568,707180,707620,440,c3cd5651d0f8518c617e398d714a1b1bc1f4db56bc071399822d461788ac42e2,0f009b90531f2f1f241f2f1fcc3e5e3e,,,,,False,,,,,,,,,,False,False
/msgdata/msg.narc,/msgdata/msg.narc!/member_00381,0,/msgdata/msg.narc,377,381,,712568,712604,707620,707656,36,44a5631eeaa4160e0691ea2c81a57ae1c0ae9a4b2780cbb14bb34bf9c7cfaf60,0200ce3d82b096b095b096b036612c61,,,,,False,,,,,,,,,,False,False
/msgdata/msg.narc,/msgdata/msg.narc!/member_00382,0,/msgdata/msg.narc,377,382,,712604,713180,707656,708232,576,3ab2485d206307f3b5fe7e2ddab61ad3b441ab2b8f1de1058f40d48416835a64,2600a6fb3afe0eff0dff0eff26ff1cfe,,,,,False,,,,,,,,,,False,False
/msgdata/msg.narc,/msgdata/msg.narc!/member_00383,0,/msgdata/msg.narc,377,383,,713180,713746,708232,708798,566,9b89c045e05fd5ca8f9de9f4c6229df92d6e2707dac596cb05865c0200f86ee6,2600a2fb2ef21af319f31af30ee734e6,,,,,False,,,,,,,,,,False,False
/msgdata/msg.narc,/msgdata/msg.narc!/member_00384,0,/msgdata/msg.narc,377,384,,713748,715410,708800,710462,1662,7f7d7e9e7eab93bf4c473929932aee21238caa0587e1893715dec60d2a8ba43b,6b009efb7ae426e720e726e724cd4cce,,,,,False,,,,,,,,,,False,False
/msgdata/msg.narc,/msgdata/msg.narc!/member_00385,0,/msgdata/msg.narc,377,385,,715412,716938,710464,711990,1526,8d9996bd0cc6edb248f0d174f0f22a887cc9e6098a505d81ce3e9e728e71e53a,68009afb76d832db36db32db28b564b6,,,,,False,,,,,,,,,,False,False
/msgdata/msg.narc,/msgdata/msg.narc!/member_00386,0,/msgdata/msg.narc,377,386,,716940,717690,711992,712742,750,6fe1ab963003e4149ce21a8f9d89f780378fe3df61adc8815306569d87b88827,2f00beffba3bc63ac33ac63a0a748c75,,,,,False,,,,,,,,,,False,False
/msgdata/msg.narc,/msgdata/msg.narc!/member_00387,0,/msgdata/msg.narc,377,387,,717692,718234,712744,713286,542,3e81f47bcaf27bdcbc51482f21fedc3a4f4ad2d11b34833d9846dc2878509138,2000baffd62fd22ed62ed22ea85ca45d,,Nintendo Huffman,Probable,,True,Nintendo Huffman,Probable,False,16759296,,,,,,False,False
/msgdata/msg.narc,/msgdata/msg.narc!/member_00388,0,/msgdata/msg.narc,377,388,,718236,718646,713288,713698,410,3c2056f4f3fdb1554f97290366fced0d75aaa4972147c5698c61f365921bf761,1700b6ff6222de22db22de227a45bc45,,,,,False,,,,,,,,,,False,False
/msgdata/msg.narc,/msgdata/msg.narc!/member_00389,0,/msgdata/msg.narc,377,389,,718648,719488,713700,714540,840,c03e120970608da8bed7fa117107dffab864caca89831a414ba0e5c6aa920443,140006db4a80ee80e180ee801e01dc01,,,,,False,,,,,,,,,,False,False
/msgdata/msg.narc,/msgdata/msg.narc!/member_00390,0,/msgdata/msg.narc,377,390,,719488,720322,714540,715374,834,eff381e0a3e0d50d6bd6eeb802e682290b731a18136686778c7cb5c59e224b85,140016bb1a10be10b510be10c6217c21,,,,,False,,,,,,,,,,False,False
/msgdata/msg.narc,/msgdata/msg.narc!/member_00391,0,/msgdata/msg.narc,377,391,,720324,721064,715376,716116,740,a1654c47ea89fcbc8a94d796167a3adeae70182e507dfa1437c8dbd7adc2cf01,1400e516f56a516a5f6a516a62d4a2d4,,,,,False,,,,,,,,,,False,False
/msgdata/msg.narc,/msgdata/msg.narc!/member_00392,0,/msgdata/msg.narc,377,392,,721064,721924,716116,716976,860,9ce9e2b09d9fe3add70644adc9fbdaec4756afff82b06c1a9aabbe2d45eb53ff,14008962c17365736e73657370e6cae6,,,,,False,,,,,,,,,,False,False
/msgdata/msg.narc,/msgdata/msg.narc!/member_00393,0,/msgdata/msg.narc,377,393,,721924,722674,716976,717726,750,7cd151712faae4f81b0aa5a16f90d557dcf217f3592a37e56ce0368a00cb520a,1400f708bfca1bca15ca1bcaf6943694,,,,,False,,,,,,,,,,False,False
/msgdata/msg.narc,/msgdata/msg.narc!/member_00394,0,/msgdata/msg.narc,377,394,,722676,726098,717728,721150,3422,2a42e54e2ddbf61b8832e20c54f419fb99ca22d73151a64a96f214d0ed3ff3d7,8600a2e92e2d1a2913291a2972563452,,,,,False,,,,,,,,,,False,False
/msgdata/msg.narc,/msgdata/msg.narc!/member_00395,0,/msgdata/msg.narc,377,395,,726100,726474,721152,721526,374,cdbe54f4e66a8c10d7e8f41294e98ee97f817422880e9b8f1f7fbaec473015a2,16005438b05304531c530453eca608a6,,,,,False,,,,,,,,,,False,False
/msgdata/msg.narc,/msgdata/msg.narc!/member_00396,0,/msgdata/msg.narc,377,396,,726476,733362,721528,728414,6886,70d6cb52ba103ffdf8fc42182a0c7eade0b9bdd6398329653fefcd757b43688d,c5004ee13a401646154616461e8a2c8c,,,,,False,,,,,,,,,,False,False
/msgdata/msg.narc,/msgdata/msg.narc!/member_00397,0,/msgdata/msg.narc,377,397,,733364,736618,728416,731670,3254,823d9ce2f6036746b8164b932b162ef045bdadf30b4884503db6db2edc6b0b22,2e0098514cd238d323d338d3daa770a6,,,,,False,,,,,,,,,,False,False
/msgdata/msg.narc,/msgdata/msg.narc!/member_00398,0,/msgdata/msg.narc,377,398,,736620,744780,731672,739832,8160,66a97e4555ae6c28de0e5868a2cc0ba007333ebbe04f6e83f8799825ed4f180b,bb0047b0f7c12bc42dc42bc4be8d5688,,,,,False,,,,,,,,,,False,False
/msgdata/msg.narc,/msgdata/msg.narc!/member_00399,0,/msgdata/msg.narc,377,399,,744780,744986,739832,740038,206,87e89ce98a734ed455dcd91ce02ab0d74e5754bb97a0f5e883252f526e6a1a5c,07004f0d2fc513c51dc513c57e8a268a,,,,,False,,,,,,,,,,False,False
/msgdata/msg.narc,/msgdata/msg.narc!/member_00400,0,/msgdata/msg.narc,377,400,,744988,745476,740040,740528,488,a479202af8d46715d692fb34e6ab802b5e1f966203d3d219a7d541585961f001,1900b76217fcdbfcddfcdbfc6ef9b6f9,,,,,False,,,,,,,,,,False,False
/msgdata/msg.narc,/msgdata/msg.narc!/member_00401,0,/msgdata/msg.narc,377,401,,745476,745508,740528,740560,32,688ff5299119cb648f008e7c82c317318c0098ec032ee57b06c9e024ae6d432c,0100193ab99cb59cbf9cb59c4e13936c,,,,,False,,,,,,,,,,False,False
/msgdata/msg.narc,/msgdata/msg.narc!/member_00402,0,/msgdata/msg.narc,377,402,,745508,745530,740560,740582,22,236d829a3fecdffdc95dcbcaff9c7b06d02e811ed24d55921c423082f15aeb65,01008ecd5a41564153415641f71e4962,,,,,False,,,,,,,,,,False,False
/msgdata/msg.narc,/msgdata/msg.narc!/member_00403,0,/msgdata/msg.narc,377,403,,745532,747736,740584,742788,2204,0c6f7bd49c1a02c55dbfcb014516bd48d4e03f7c0b2ef749808f92377522168b,19007abf5e2f922fb52f922f3e5e245f,,,,,False,,,,,,,,,,False,False
/msgdata/msg.narc,/msgdata/msg.narc!/member_00404,0,/msgdata/msg.narc,377,404,,747736,748072,742788,743124,336,4b1d0204aca325a9c7740e37536102839378ed35952173d404798a6ad7dfe50e,0b00580fa4d9f8d9fed9f8d998b3f0b3,,,,,False,,,,,,,,,,False,False
/msgdata/msg.narc,/msgdata/msg.narc!/member_00405,0,/msgdata/msg.narc,377,405,,748072,748218,743124,743270,146,ff8e0695f8a6a07ef1c19233aa36f0692492ee6dff32004b2976510fa5e30c30,0300dc8b70f06cf078f06cf09ce0d8e0,,,,,False,,,,,,,,,,False,False
/msgdata/msg.narc,/msgdata/msg.narc!/member_00406,0,/msgdata/msg.narc,377,406,,748220,748750,743272,743802,530,aab8dc0e7bdeba5b3e2fcd5716383fc768c8d4a82d9049985bb16c79e3231c01,1700ff24bf8e038e058e038ece1c061c,,,,,False,,,,,,,,,,False,False
/msgdata/msg.narc,/msgdata/msg.narc!/member_00407,0,/msgdata/msg.narc,377,407,,748752,749592,743804,744644,840,57b04d4b0d2dc4d18e9ee4980cfaf39525b668e9a55c8d906e15b3a8ae33e66f,1a006501052ad12ac92ad12aa654a255,,,,,False,,,,,,,,,,False,False
/msgdata/msg.narc,/msgdata/msg.narc!/member_00408,0,/msgdata/msg.narc,377,408,,749592,750278,744644,745330,686,8e6b38d1f042257908854542559d99f909add16c28809f2efc858094da9d676d,1d00007bec8f008f068f008ff81e001e,,,,,False,,,,,,,,,,False,False
/msgdata/msg.narc,/msgdata/msg.narc!/member_00409,0,/msgdata/msg.narc,377,409,,750280,752620,745332,747672,2340,f21dedddf2219144c9459f11565d300d17eaec172906479ea62352cfd6219f43,14009c9e88f82cf8a5f82cf8eef158f0,,,,,False,,,,,,,,,,False,False
/msgdata/msg.narc,/msgdata/msg.narc!/member_00410,0,/msgdata/msg.narc,377,410,,752620,754818,747672,749870,2198,0f27e893416df4d55cc94082826beb47655ac7841aa7135c7ead3483f4980963,0e00909e24d450d40fd450d492a9a0a8,,,,,False,,,,,,,,,,False,False
/msgdata/msg.narc,/msgdata/msg.narc!/member_00411,0,/msgdata/msg.narc,377,411,,754820,755708,749872,750760,888,d125e35e1cd498dd1198036461166da3593732c1588955c399a23b1662e770e7,0700949e78e044e078e044e03cc088c0,,,,,False,,,,,,,,,,False,False
/msgdata/msg.narc,/msgdata/msg.narc!/member_00412,0,/msgdata/msg.narc,377,412,,755708,755904,750760,750956,196,6b348dd0f77151538cad96115a2cc016787831b80c29a239b23b6e2c77a41e57,03007e099a5d865dbc5d865d9cbb0cbb,,,,,False,,,,,,,,,,False,False
/msgdata/msg.narc,/msgdata/msg.narc!/member_00413,0,/msgdata/msg.narc,377,413,,755904,756504,750956,751556,600,af27fa4ab45dab02dc09083b5fce22227f49942191d37360074204af207fc965,040072098e39aa399539aa39f6735473,,,,,False,,,,,,,,,,False,False
/msgdata/msg.narc,/msgdata/msg.narc!/member_00414,0,/msgdata/msg.narc,377,414,,756504,757784,751556,752836,1280,7f53cad2eca71094c72fc4b1d38ad3d49ed10b0b6467f534dc69d622a10656e6,0b007e0dda518651d251865108a20ca3,,,,,False,,,,,,,,,,False,False
/msgdata/msg.narc,/msgdata/msg.narc!/member_00415,0,/msgdata/msg.narc,377,415,,757784,758032,752836,753084,248,6bffd0267c9c88f9ebb69b387af2474f5b66c2d6bb8900c2a18f9a7e02c916f7,0400547220a504a518a504a5544a084a,,,,,False,,,,,,,,,,False,False
/msgdata/msg.narc,/msgdata/msg.narc!/member_00416,0,/msgdata/msg.narc,377,416,,758032,758180,753084,753232,148,bcf43c317b1f3e16fd8958a9d45aa6c0cf136beb3c093fb523445a7efc1276e6,0300720db62daa2db12daa2d065b545b,,,,,False,,,,,,,,,,False,False
/msgdata/msg.narc,/msgdata/msg.narc!/member_00417,0,/msgdata/msg.narc,377,417,,758180,758486,753232,753538,306,53c6dcf298538266280604242853fe58421791a5967d45ca416c20ed3a4b9634,0500809eaca480a4a9a480a47e490049,,,,,False,,,,,,,,,,False,False
/msgdata/msg.narc,/msgdata/msg.narc!/member_00418,0,/msgdata/msg.narc,377,418,,758488,758930,753540,753982,442,6b4213d5a4995cd90add84c754742a99f3034aa3e774dc40cfee62670d6a13ba,0500ca8e8eb1a2b186b1a2b130634463,,,,,False,,,,,,,,,,False,False
/msgdata/msg.narc,/msgdata/msg.narc!/member_00419,0,/msgdata/msg.narc,377,419,,758932,759132,753984,754184,200,c2453a4ddd86e361ea7b8043544d2a4b8b3fc811a6949cd488017d8d8a6cb46b,0200d28e9ec98ac996c98ac958931493,,,,,False,,,,,,,,,,False,False
/msgdata/msg.narc,/msgdata/msg.narc!/member_00420,0,/msgdata/msg.narc,377,420,,759132,761296,754184,756348,2164,4dca17b7ef40cdb33bafbf4512a8d5ca303b3a6aeceb9a8b4098e23c3626e66a,0e00849e00b074b01ab074b0b861e860,,,,,False,,,,,,,,,,False,False
/msgdata/msg.narc,/msgdata/msg.narc!/member_00421,0,/msgdata/msg.narc,377,421,,761296,761770,756348,756822,474,c6763cf1a5333910565fd809b3bfc9eb194ac284c9a87b07da39ebf9de6bb594,0600b89eec4bd84bcd4bd84bee97b097,,,,,False,,,,,,,,,,False,False
/msgdata/msg.narc,/msgdata/msg.narc!/member_00422,0,/msgdata/msg.narc,377,422,,761772,762892,756824,757944,1120,3b1b69b92bb10828c78db357b1a8f3f49c9c56a691f193ee45a075ecd1176817,0d00ca6ece11a211ed11a2114e224423,,,,,False,,,,,,,,,,False,False
/msgdata/msg.narc,/msgdata/msg.narc!/member_00423,0,/msgdata/msg.narc,377,423,,762892,764584,757944,759636,1692,bc560a3cd2dda8e918825df599307ec0e5b695ca0b0f61f2947b3abef5bb0a0b,1600bc9e7857cc57d457cc577caf98af,,,,,False,,,,,,,,,,False,False
/msgdata/msg.narc,/msgdata/msg.narc!/member_00424,0,/msgdata/msg.narc,377,424,,764584,764662,759636,759714,78,e2671bf85b65bfd8d272c811cb25023977b458947edf8fce1e46d7b1aa0eb4f6,0100ca7eaee1a2e183e1a2e1df11ce64,,,,,False,,,,,,,,,,False,False
/msgdata/msg.narc,/msgdata/msg.narc!/member_00425,0,/msgdata/msg.narc,377,425,,764664,765276,759716,760328,612,396adafbc9fe408cb751b5ce32de190784ee10927507dbc69d0e517f4c35b98c,0500da7e5e117211291172110622e422,,,,,False,,,,,,,,,,False,False
/msgdata/msg.narc,/msgdata/msg.narc!/member_00426,0,/msgdata/msg.narc,377,426,,765276,766662,760328,761714,1386,1382045bcb9f35933d676ffd784ac37421b20c9d6886770356219b02a9bf7c81,0c007799ff989b9884989b9894313631,,,,,False,,,,,,,,,,False,False
/msgdata/msg.narc,/msgdata/msg.narc!/member_00427,0,/msgdata/msg.narc,377,427,,766664,767360,761716,762412,696,b0c21a13b935ef81d3c520b050452be8c54afd0da9f17fcbdf2e357ce5271da4,0800f5d26566216607662166d2cc42cc,,,,,False,,,,,,,,,,False,False
/msgdata/msg.narc,/msgdata/msg.narc!/member_00428,0,/msgdata/msg.narc,377,428,,767360,767568,762412,762620,208,802d886fd085c30adc323e30404410a5074a6ff232a3e0ad2ffd2c28d744d0d8,03007b9993a48fa4cca48fa4bc491e49,,,,,False,,,,,,,,,,False,False
/msgdata/msg.narc,/msgdata/msg.narc!/member_00429,0,/msgdata/msg.narc,377,429,,767568,769298,762620,764350,1730,c3e63d28abb45fc9c5442a707d080c2e41a680fe5e34b6f16122c9e207c43dfb,1100f5e2ad362136583621363c6d426c,,Nintendo LZ11,Probable,,True,Nintendo LZ11,Probable,True,14873856,False,,,,,False,False
/msgdata/msg.narc,/msgdata/msg.narc!/member_00430,0,/msgdata/msg.narc,377,430,,769300,769548,764352,764600,248,933ea652ae084755a8379f65cca668d31f377fdedf2ab3429092049eb24b2220,0300779d878c9b8cd48c9b8c8c193619,,,,,False,,,,,,,,,,False,False
/msgdata/msg.narc,/msgdata/msg.narc!/member_00431,0,/msgdata/msg.narc,377,431,,769548,770252,764600,765304,704,bc09a06ee047a0162d3e789f351195082e9b68a47aa26eb531d49dd9ea7c4cb9,06007b9dbb988f98e7988f981a301e31,,,,,False,,,,,,,,,,False,False
/msgdata/msg.narc,/msgdata/msg.narc!/member_00432,0,/msgdata/msg.narc,377,432,,770252,770890,765304,765942,638,5f493fd6d696c2d25312adeb5f41628b6f2dec01ef1ba5b5079af65131289846,09007791d7b09bb082b09bb048613661,,,,,False,,,,,,,,,,False,False
/msgdata/msg.narc,/msgdata/msg.narc!/member_00433,0,/msgdata/msg.narc,377,433,,770892,771162,765944,766214,270,b26d35e50640cbc7c86b7cd6ac255335ddc29feda6fa71c649266e057d4eb7a2,0400b452c023e423f223e4239847c847,,,,,False,,,,,,,,,,False,False
/msgdata/msg.narc,/msgdata/msg.narc!/member_00434,0,/msgdata/msg.narc,377,434,,771164,771412,766216,766464,248,a34db53f7c258d926677277482f86788c5d78c882a01b5dbe46f4fbcc20f3f5a,0300b852c42fd82fe12fd82f3e5fb05f,,,,,False,,,,,,,,,,False,False
/msgdata/msg.narc,/msgdata/msg.narc!/member_00435,0,/msgdata/msg.narc,377,435,,771412,773946,766464,768998,2534,9513502ab7318f2ead34fea8d8d26288329c5c939cca4080080e105971043ed2,1400bc52683bcc3bb23bcc3b38769877,,,,,False,,,,,,,,,,False,False
/msgdata/msg.narc,/msgdata/msg.narc!/member_00436,0,/msgdata/msg.narc,377,436,,773948,774624,769000,769676,676,e94e8d923b1a42a39f6df23f6985b8880c4ee6c8c2c672fbe17a22e9fd03388c,07007b91b3bc8fbc92bc8fbc68791e79,,,,,False,,,,,,,,,,False,False
/msgdata/msg.narc,/msgdata/msg.narc!/member_00437,0,/msgdata/msg.narc,377,437,,774624,775406,769676,770458,782,d8e7fdac5d710200195458689172c675feca94452f25ffc8f552b5b790ae2a33,0a00b462b0f3e4f3c7f3e4f352e7c8e7,,,,,False,,,,,,,,,,False,False
/msgdata/msg.narc,/msgdata/msg.narc!/member_00438,0,/msgdata/msg.narc,377,438,,775408,776156,770460,771208,748,6c2aba313e329fd0020ab72b914fd79eee56086e189497946da7c8806e95376e,0800949a00ec44ec7dec44ec3ed888d8,,,,,False,,,,,,,,,,False,False
/msgdata/msg.narc,/msgdata/msg.narc!/member_00439,0,/msgdata/msg.narc,377,439,,776156,776312,771208,771364,156,8253cfe5313d3113de67b8b3d2cfdb265fabf7b4e033965e0d0ef9c92fb34764,0200eb5e2ba43fa411a43fa40e487e48,,,,,False,,,,,,,,,,False,False
/msgdata/msg.narc,/msgdata/msg.narc!/member_00440,0,/msgdata/msg.narc,377,440,,776312,784628,771364,779680,8316,956bbb228096351929b08933f6f3087112d8f980950b54c7018be4095eda9a3f,3300f35ebbbd27bc5ebc27bcc07a4e78,,,,,False,,,,,,,,,,False,False
/msgdata/msg.narc,/msgdata/msg.narc!/member_00441,0,/msgdata/msg.narc,377,441,,784628,784866,779680,779918,238,6a575086897a9b6bd5f4f383763ef748609e3fc001a3c5d9fe217517b50e55b2,0300fade0e5112513b5112514aa224a2,,,,,False,,,,,,,,,,False,False
/msgdata/msg.narc,/msgdata/msg.narc!/member_00442,0,/msgdata/msg.narc,377,442,,784868,785378,779920,780430,510,9132ef0e172ac93f0ce6fcb8d29dbf2f472c73d41ae24fedc12b4b5498ff44a3,0500c35e9b2cb72c932cb72c1a596e59,,,,,False,,,,,,,,,,False,False
/msgdata/msg.narc,/msgdata/msg.narc!/member_00443,0,/msgdata/msg.narc,377,443,,785380,786382,780432,781434,1002,1159a8d1018b472b8fded61d391f1ee6c2793650f870925567f59a5edb5bfef9,0900cadeeec1a2c181c1a2c1d6834483,,,,,False,,,,,,,,,,False,False
/msgdata/msg.narc,/msgdata/msg.narc!/member_00444,0,/msgdata/msg.narc,377,444,,786384,786770,781436,781822,386,0bec530c0e21f8c863f3f2593407121d8f5f2232d88804d9df0d750ff522bf57,0400d2deaed98ad9b5d98ad9b6b314b3,,,,,False,,,,,,,,,,False,False
/msgdata/msg.narc,/msgdata/msg.narc!/member_00445,0,/msgdata/msg.narc,377,445,,786772,786856,781824,781908,84,024361401c3a93a3ac4c7773fb82207199ffa1b4d0c1db6365bed945081e0b07,0200889a7cc868c878c868c8e490d090,,,,,False,,,,,,,,,,False,False
/msgdata/msg.narc,/msgdata/msg.narc!/member_00446,0,/msgdata/msg.narc,377,446,,786856,787158,781908,782210,302,531229f31891e22680e208d824d5f822d62035cd153ffafa0a1f2546e3d748b2,0300eb2e23343f341c343f341c687e68,,,,,False,,,,,,,,,,False,False
/msgdata/msg.narc,/msgdata/msg.narc!/member_00447,0,/msgdata/msg.narc,377,447,,787160,787870,782212,782922,710,ed14cb9b1a9ff272c4d6b3943dfde4de0f976f3a3f1459d63b15783e441e43aa,08008c9a18d45cd473d45cd41aa8b8a8,,,,,False,,,,,,,,,,False,False
/msgdata/msg.narc,/msgdata/msg.narc!/member_00448,0,/msgdata/msg.narc,377,448,,787872,788028,782924,783080,156,167d3401c93a2856198777d7bcc6f5da17743eb32b0014125829f8ae09a21aca,0300809a9cb080b09bb080b052610061,,,,,False,,,,,,,,,,False,False
/msgdata/msg.narc,/msgdata/msg.narc!/member_00449,0,/msgdata/msg.narc,377,449,,788028,788384,783080,783436,356,3f0ecfc489d37e37f26ef0653e50e7d7708d46cc6c12b9abf92e67c0ee8c9858,0500eb0e13943f941d943f940e287e28,,,,,False,,,,,,,,,,False,False
/msgdata/msg.narc,/msgdata/msg.narc!/member_00450,0,/msgdata/msg.narc,377,450,,788384,788620,783436,783672,236,efb1d9eba8c39191faeeb7d8af232c9e822d86825e61edf999a2c7b65847cc34,0400849a50bc74bc5dbc74bc9e78e878,,,,,False,,,,,,,,,,False,False
/msgdata/msg.narc,/msgdata/msg.narc!/member_00451,0,/msgdata/msg.narc,377,451,,788620,789182,783672,784234,562,0b7132d16098959e406c81c4013a27807cf87ec35768c8482f215599627a6e36,0300eb1e23643f640b643f64fac87ec8,,,,,False,,,,,,,,,,False,False
/msgdata/msg.narc,/msgdata/msg.narc!/member_00452,0,/msgdata/msg.narc,377,452,,789184,789372,784236,784424,188,73c1e3698fba94255b56b1fb689c9f019873f1c047bb988de68247b073a40c08,0200f31e337c277c017c277c2ef84ef8,,,,,False,,,,,,,,,,False,False
/msgdata/msg.narc,/msgdata/msg.narc!/member_00453,0,/msgdata/msg.narc,377,453,,789372,789456,784424,784508,84,46ddf266cb6701a415944262ea7fa72e6cdf12c89883cd36b5c23cdb45e20693,0200b89acc57d857c857d85784afb0af,,,,,False,,,,,,,,,,False,False
/msgdata/msg.narc,/msgdata/msg.narc!/member_00454,0,/msgdata/msg.narc,377,454,,789456,790100,784508,785152,644,fc0599b87f1238e95efab7f4b39bbfee06c8a9bf7e72d5c518920db32c2ea863,0700ebee03f43ff425f43ff40ee87ee8,,,,,False,,,,,,,,,,False,False
/msgdata/msg.narc,/msgdata/msg.narc!/member_00455,0,/msgdata/msg.narc,377,455,,790100,791354,785152,786406,1254,995f00e3ff3252d790c34a0af9a8cd3f604664065e76aad2b152544f4061a219,0500f3ee0b0c270c290c270c06184e18,,,,,False,,,,,,,,,,False,False
/msgdata/msg.narc,/msgdata/msg.narc!/member_00456,0,/msgdata/msg.narc,377,456,,791356,791410,786408,786462,54,d32401b0fe0f411df85bc264c972c9660c45fc80f9e75627fe496cf813126af6,0100bc9ac063cc63d963cc635812b061,,,,,False,,,,,,,,,,False,False
/msgdata/msg.narc,/msgdata/msg.narc!/member_00457,0,/msgdata/msg.narc,377,457,,791412,791572,786464,786624,160,85bc2a999ce3b13a4072b8fb4eea60c0a5ca14ed99eaf8748ab4a451e0db4599,03009c9630102c1039102c101e205820,,,,,False,,,,,,,,,,False,False
/msgdata/msg.narc,/msgdata/msg.narc!/member_00458,0,/msgdata/msg.narc,377,458,,791572,800090,786624,795142,8518,d3cef18bece3b465f57b22b88b8f08b23557137f7f5bbdb1b40f2887f55f5a5d,4b008b7e03275f2544255f252c48be4a,,,,,False,,,,,,,,,,False,False
/msgdata/msg.narc,/msgdata/msg.narc!/member_00459,0,/msgdata/msg.narc,377,459,,800092,800878,795144,795930,786,34685c36c91ff60e2dbad882f26cc184d1b9829f6530e102f469f7336658d741,0600937e733d473d763d473d187a8e7a,,,,,False,,,,,,,,,,False,False
/msgdata/msg.narc,/msgdata/msg.narc!/member_00460,0,/msgdata/msg.narc,377,460,,800880,801652,795932,796704,772,4b71179ca6a15045bf80dde46dc2fe27d7ba16e87b421b1bff1cd6cae9febdb9,090090961cec50ec75ec50ec36d8a0d8,,,,,False,,,,,,,,,,False,False
/msgdata/msg.narc,/msgdata/msg.narc!/member_00461,0,/msgdata/msg.narc,377,461,,801652,801886,796704,796938,234,201372cbefc238e5213d091dfbd5a74b08a8bb2ee0762e1c4133480cd5ec858c,06008b4e6bb55fb554b55fb5f46abe6a,,,,,False,,,,,,,,,,False,False
/msgdata/msg.narc,/msgdata/msg.narc!/member_00462,0,/msgdata/msg.narc,377,462,,801888,802812,796940,797864,924,356845f1162775f23e0bdb677e99d05aa66b925d3389e1450ac88918ca2db0a7,0900934e0bcd47cd6acd47cd289a8e9a,,,,,False,,,,,,,,,,False,False
/msgdata/msg.narc,/msgdata/msg.narc!/member_00463,0,/msgdata/msg.narc,377,463,,802812,802988,797864,798040,176,0feb956a1c8b2abb057f972c9ccd827ab5a136fcd014a256564b47710cab3b01,02009ace266232621562326206c464c4,,,,,False,,,,,,,,,,False,False
/msgdata/msg.narc,/msgdata/msg.narc!/member_00464,0,/msgdata/msg.narc,377,464,,802988,804212,798040,799264,1224,abb88e30f017a16298c8c8afee2d48c5851dcd024a2a0d47f19a8cf7a6849336,080088962cd468d43ed468d420a8d0a8,,,,,False,,,,,,,,,,False,False
/msgdata/msg.narc,/msgdata/msg.narc!/member_00465,0,/msgdata/msg.narc,377,465,,804212,804306,799264,799358,94,9ec9aa4fa3f10a6ed5a2c6d9eaed6d3f3c8f829e570a0c980591d159aad9eb3c,02008c9648e05ce04ee05ce080c0b8c0,,,,,False,,,,,,,,,,False,False
/msgdata/msg.narc,/msgdata/msg.narc!/member_00466,0,/msgdata/msg.narc,377,466,,804308,804442,799360,799494,134,3e8c57675639a9b7d8a511e7762a160025e30afd7e13828f153c5215e406b29f,02008b3e4be55fe546e55fe5f8cabeca,,,,,False,,,,,,,,,,False,False
/msgdata/msg.narc,/msgdata/msg.narc!/member_00467,0,/msgdata/msg.narc,377,467,,804444,804492,799496,799544,48,c190638a41d0f87c7e3f2725f4fb18236ea0207eb3b759271d9aad5c90d6bae3,010080968cbc80bc92bc80bc5812b061,,,,,False,,,,,,,,,,False,False
/msgdata/msg.narc,/msgdata/msg.narc!/member_00468,0,/msgdata/msg.narc,377,468,,804492,805580,799544,800632,1088,a1d034fdf353342e3ad489c6a6070170e31a63b415e7647034be6204425bde2a,0700849648c874c81fc874c8fa91e890,,,,,False,,,,,,,,,,False,False
/msgdata/msg.narc,/msgdata/msg.narc!/member_00469,0,/msgdata/msg.narc,377,469,,805580,805962,800632,801014,382,847ac665b0f542608e49ef4634724a711c3b95534d6246a45fb30cacca00ac62,04008b1e7b455f4568455f452c8abe8a,,,,,False,,,,,,,,,,False,False
/msgdata/msg.narc,/msgdata/msg.narc!/member_00470,0,/msgdata/msg.narc,377,470,,805964,806056,801016,801108,92,81491b8aabe89261af7c74fd3b4e1881f06b9f33593815e88758cb4db6a6f29e,0200b896cc63d863ca63d86388c7b0c7,,,,,False,,,,,,,,,,False,False
/msgdata/msg.narc,/msgdata/msg.narc!/member_00471,0,/msgdata/msg.narc,377,471,,806056,806406,801108,801458,350,84b86a0bada5fc8f091d395cc17ad1aac02e8ec2d2a601c6d83e1128bef5e464,03008bee43d55fd51dd55fd51eaabeaa,,,,,False,,,,,,,,,,False,False
/msgdata/msg.narc,/msgdata/msg.narc!/member_00472,0,/msgdata/msg.narc,377,472,,806408,808064,801460,803116,1656,a3906baf741f2628ca2131828432e2473a00e9a245fd046802e06ac61663f00b,130093eedbed47ed08ed47edb4db8eda,,,,,False,,,,,,,,,,False,False
/msgdata/msg.narc,/msgdata/msg.narc!/member_00473,0,/msgdata/msg.narc,377,473,,808064,808434,803116,803486,370,4cb3c978be803a1ee5422aa038bf479d9d2f7469536fe1a382e234f1696c9ef4,03009a6e2e82328275823282ce046404,,,,,False,,,,,,,,,,False,False
/msgdata/msg.narc,/msgdata/msg.narc!/member_00474,0,/msgdata/msg.narc,377,474,,808436,808650,803488,803702,214,23c9aff9e65b94bd910e8b667545ff8e18440c8ca793d4a592fc577d45a0b383,0300bc96d06fcc6fe86fcc6ffcdf98df,,,,,False,,,,,,,,,,False,False
/msgdata/msg.narc,/msgdata/msg.narc!/member_00475,0,/msgdata/msg.narc,377,475,,808652,809874,803704,804926,1222,40518cae0b8745680668ba7033c6c30bcf1f193b00efabcf4690a1b4b4aa7d65,280009a0a13be53ae03ae53a8474ca75,,,,,True,Nintendo Huffman 8-bit,Probable,False,10488064,,,,,,False,False
/msgdata/msg.narc,/msgdata/msg.narc!/member_00476,0,/msgdata/msg.narc,377,476,,809876,810830,804928,805882,954,87b0ef43ba75d1c84873478c1fb25ab51070fb7c5ffde6ba574b826541c74709,1500e9ade9b145b143b145b132628a62,,,,,False,,,,,,,,,,False,False
/msgdata/msg.narc,/msgdata/msg.narc!/member_00477,0,/msgdata/msg.narc,377,477,,810832,811050,805884,806102,218,3a62a8b056c7c5bd024fa3627ddc88085252a867802ff024bb9e305e1d3e9598,0900a8b544d708d706d708d778ae10ae,,,,,False,,,,,,,,,,False,False
/msgdata/msg.narc,/msgdata/msg.narc!/member_00478,0,/msgdata/msg.narc,377,478,,811052,829080,806104,824132,18028,45b03b14ac9bf61f32b18165e7ca88af0a76a307b97ac5d0503814176a2eeff8,930169d159cac5c6cdc6c5c626818a8d,,,,,False,,,,,,,,,,False,False
/msgdata/msg.narc,/msgdata/msg.narc!/member_00479,0,/msgdata/msg.narc,377,479,,829080,829400,824132,824452,320,47b158b92183a7ddbd121917341084e2865443fb9181ecef9d128f7a2c32fc63,0600ec1508823c8221823c8216047804,,,,,False,,,,,,,,,,False,False
/msgdata/msg.narc,/msgdata/msg.narc!/member_00480,0,/msgdata/msg.narc,377,480,,829400,829626,824452,824678,226,ba72bd27e7bd3486d3e0b5599acad2a93086a57f3e225e75404d248fecfa99df,03006031fc8be08bfe8be08b9817c017,,,,,False,,,,,,,,,,False,False
/msgdata/msg.narc,/msgdata/msg.narc!/member_00481,0,/msgdata/msg.narc,377,481,,829628,831734,824680,826786,2106,5b0669a4b8139962522440b5d41a49e52ad0609e052c219a29a011c2ca45eb7a,340017bb1f12bb13aa13bb13b0267627,,,,,False,,,,,,,,,,False,False
/msgdata/msg.narc,/msgdata/msg.narc!/member_00482,0,/msgdata/msg.narc,377,482,,831736,832658,826788,827710,922,0a836163ef8e1d86d462d906df453f1fee1e646b86326989d87ac54ad9107a08,19004ae9ee22222231222222b6444444,,,,,False,,,,,,,,,,False,False
/msgdata/msg.narc,/msgdata/msg.narc!/member_00483,0,/msgdata/msg.narc,377,483,,832660,832882,827712,827934,222,500e32e2a9ad3a25a8a9428afa773079ea5fc0578039a7e28e90da093cded062,03007b6993348f34af348f3442691e69,,,,,False,,,,,,,,,,False,False
/msgdata/msg.narc,/msgdata/msg.narc!/member_00484,0,/msgdata/msg.narc,377,484,,832884,858472,827936,853524,25588,c8784cdb50058e35b751f26e787bc716b6726f859cb2ea4c302b970eb88b7e13,3d03ad321577f96eff6ef96e0ac4f2dd,,,,,False,,,,,,,,,,False,False
/msgdata/msg.narc,/msgdata/msg.narc!/member_00485,0,/msgdata/msg.narc,377,485,,858472,858704,853524,853756,232,556876f01fd7ca43a4e730a80539fe323cd69e9f634d907fd6bc0cfb4d194a3d,0c00a7ab6ff20bf20ff20bf27ae416e4,,,,,False,,,,,,,,,,False,False
/msgdata/msg.narc,/msgdata/msg.narc!/member_00486,0,/msgdata/msg.narc,377,486,,858704,861382,853756,856434,2678,5f141e6d030450d8115ef2e1400e2e1fdaa6a2b9234dc32c97d07feb370b7d48,2a003a9906e352e26de252e276c5a4c4,,,,,False,,,,,,,,,,False,False
/msgdata/msg.narc,/msgdata/msg.narc!/member_00487,0,/msgdata/msg.narc,377,487,,861384,871564,856436,866616,10180,a34bf4e18d7972d84412b85bd508bcb8cc517a36a513cbc506fa5133503af617,d20022aa0e619a6780679a67fcc934cf,,,,,False,,,,,,,,,,False,False
/msgdata/msg.narc,/msgdata/msg.narc!/member_00488,0,/msgdata/msg.narc,377,488,,871564,872104,866616,867156,540,fae90867001a68ab14a9eb7000ad48010a1918380722207e21fe85049c97b125,140064977065d465dd65d4651ecba8cb,,,,,False,,,,,,,,,,False,False
/msgdata/msg.narc,/msgdata/msg.narc!/member_00489,0,/msgdata/msg.narc,377,489,,872104,872252,867156,867304,148,90da2555bc6fe158ef7659477efd3d4ca32b5657b2f4ae684d6ea4d9a39014ad,09007c30c0e28ce28fe28ce24ac518c5,,,,,False,,,,,,,,,,False,False
/msgdata/msg.narc,/msgdata/msg.narc!/member_00490,0,/msgdata/msg.narc,377,490,,872252,875706,867304,870758,3454,33748c4ed7b92b52ad845948adecdff1d96a735293ead2f0e775aec4853df98e,1c00b7493f47db47ef47db47fa8eb68f,,,,,False,,,,,,,,,,False,False
/msgdata/msg.narc,/msgdata/msg.narc!/member_00491,0,/msgdata/msg.narc,377,491,,875708,875740,870760,870792,32,38d6583c4b088272fee979cdfddd7d33e9949e46559a3ac8c2b7e66761928662,02000a2bf69ce29ce19ce29cde39c439,,,,,False,,,,,,,,,,False,False
/msgdata/msg.narc,/msgdata/msg.narc!/member_00492,0,/msgdata/msg.narc,377,492,,875740,876966,870792,872018,1226,b8f27701dbd9b6a53bc3233a205386d6a6f76ff6456e2d5f0e26aa251b44003f,0f002b4703ab7fab71ab7fab6656fe56,,,,,False,,,,,,,,,,False,False
/msgdata/msg.narc,/msgdata/msg.narc!/member_00493,0,/msgdata/msg.narc,377,493,,876968,877892,872020,872944,924,ee4db5f07d474ad7f79d50db87d4263af48513f4be94c1f94d4752975236232d,06000624daa5eea5baa5eea5004bdc4b,,,,,False,,,,,,,,,,False,False
/msgdata/msg.narc,/msgdata/msg.narc!/member_00494,0,/msgdata/msg.narc,377,494,,877892,878326,872944,873378,434,f93e34956ebe946d12cb7bcb3ff0352cec019ce371ff93194145895740261791,04000a24c6b1e2b1ffb1e2b19a63c463,,,,,False,,,,,,,,,,False,False
/msgdata/msg.narc,/msgdata/msg.narc!/member_00495,0,/msgdata/msg.narc,377,495,,878328,883486,873380,878538,5158,0a8c3bb9a6a8c4481e47b878834cf91cbf18cd2e8a6d50821f40bc1a3e585f72,25001e248aeca6ed9ceda6edecda4cdb,,,,,False,,,,,,,,,,False,False
/msgdata/msg.narc,/msgdata/msg.narc!/member_00496,0,/msgdata/msg.narc,377,496,,883488,884138,878540,879190,650,0a7028d576854a3d9ac005ecfda27459ef5bb077b98a680f9c5186584e1e8c47,07001224f6c9cac98ec9cac950939493,,,,,False,,,,,,,,,,False,False
/msgdata/msg.narc,/msgdata/msg.narc!/member_00497,0,/msgdata/msg.narc,377,497,,884140,884304,879192,879356,164,529f7a1563e64ee65c56a4587d0ee68dbbf2d9acdf75d2a8ea50a70dd695a7ff,020017a4af58bb58a658bb5838b176b1,,,,,False,,,,,,,,,,False,False
/msgdata/msg.narc,/msgdata/msg.narc!/member_00498,0,/msgdata/msg.narc,377,498,,884304,884656,879356,879708,352,098554003ef9bbcc0fe7c288ffe90b716612dd731b9fa750328e1c7b1b31d14b,04002e24521d761d481d761d4c3aec3a,,,,,False,,,,,,,,,,False,False
/msgdata/msg.narc,/msgdata/msg.narc!/member_00499,0,/msgdata/msg.narc,377,499,,884656,887632,879708,882684,2976,00828d87c75dc772ff7c9b354baea3eee12fdbad375d955f4aa801192b08005d,1a0027475f9f8b9faf9f8b9f0a3e163f,,,,,False,,,,,,,,,,False,False
/msgdata/msg.narc,/msgdata/msg.narc!/member_00500,0,/msgdata/msg.narc,377,500,,887632,887834,882684,882886,202,40ba3bd81eb171dab4c8d3d0cc3a019c2efa11c3512e5ee87f453471f1b135ee,020010cfc4c2d0c2e8c2d0c22485a085,,,,,False,,,,,,,,,,False,False
/msgdata/msg.narc,/msgdata/msg.narc!/member_00501,0,/msgdata/msg.narc,377,501,,887836,888156,882888,883208,320,ea9321be4070bed12f13d6605df6df84956a3568e79faac49d0a5b171274db0f,0300132edbaec7aef2aec7ae085d8e5d,,,,,False,,,,,,,,,,False,False
/msgdata/msg.narc,/msgdata/msg.narc!/member_00502,0,/msgdata/msg.narc,377,502,,888156,888208,883208,883260,52,352f6c5a58da72585e2a1f684e45c54b2a0612ca6a861351b97c2fa6ae8e6290,01001f2eafd2a3d2b7d2a3d2f117bb63,,,,,False,,,,,,,,,,False,False
/msgdata/msg.narc,/msgdata/msg.narc!/member_00503,0,/msgdata/msg.narc,377,503,,888208,895376,883260,890428,7168,e0504676e7061486ede88ed4b27b594062aaf8e1a6eddecaa7e464edcef1c9ff,340006144ad4eed5acd5eed5f4a9dcab,,,,,False,,,,,,,,,,False,False
/msgdata/msg.narc,/msgdata/msg.narc!/member_00504,0,/msgdata/msg.narc,377,504,,895376,896730,890428,891782,1354,9921df5253c61cfe40e97be3d6ed896d77daed69456b6a0716c0e4c784c065e8,07001e149a1da61df51da61dae3b4c3b,,,,,False,,,,,,,,,,False,False
/msgdata/msg.narc,/msgdata/msg.narc!/member_00505,0,/msgdata/msg.narc,377,505,,896732,896996,891784,892048,264,9e904d930cda0d9d3ea3d62243a8ebb91060feea130e1ce72eaf989d236c455f,02001214def9caf9d1f9caf9def394f3,,,,,False,,,,,,,,,,False,False
/msgdata/msg.narc,/msgdata/msg.narc!/member_00506,0,/msgdata/msg.narc,377,506,,896996,897220,892048,892272,224,1715c5a19e5dead24eedfb0d25bf6f5965f56f780cdedd19953092c746a342a6,02001794af88bb888688bb88f8117611,,,,,False,,,,,,,,,,False,False
/msgdata/msg.narc,/msgdata/msg.narc!/member_00507,0,/msgdata/msg.narc,377,507,,897220,899658,892272,894710,2438,79554e5d1238124f6eb6d487baaf6811f3d95d91fddd9e5fd700008b53b114f7,110023471b939793bf939793f2272e27,,Nintendo LZ11,Probable,,True,Nintendo LZ11,Probable,True,4662016,False,,,,,False,False
/msgdata/msg.narc,/msgdata/msg.narc!/member_00508,0,/msgdata/msg.narc,377,508,,899660,899898,894712,894950,238,3938db3809d02097ad9e6e4927bd3a81e0c79573dad78225f8a06d15ab0ce345,0200314f79a56da53da56da56e4ada4a,,,,,False,,,,,,,,,,False,False
/msgdata/msg.narc,/msgdata/msg.narc!/member_00509,0,/msgdata/msg.narc,377,509,,899900,900242,894952,895294,342,12026df53a006f7ff22ab6c7fe10af0f8f378e70af350bd24a61ad1fe667fa95,030032ae768b6a8b428b6a8bb816d416,,,,,False,,,,,,,,,,False,False
/msgdata/msg.narc,/msgdata/msg.narc!/member_00510,0,/msgdata/msg.narc,377,510,,900244,901262,895296,896314,1018,6ea839f4a2bbe2b196eb4b6a26c71e0bddd2b2e6a56e5c6b4813cf4632a5a4f6,140006044a05ee05bf05ee059a0adc0b,,,,,False,,,,,,,,,,False,False
/msgdata/msg.narc,/msgdata/msg.narc!/member_00511,0,/msgdata/msg.narc,377,511,,901264,901420,896316,896472,156,bfc53b1c86f304c3b9a2f6964d83e0871bd83ada0005a74f3100cc4c2b2f825f,02001e04b24da64d834da64d129b4c9b,,,,,False,,,,,,,,,,False,False
/msgdata/msg.narc,/msgdata/msg.narc!/member_00512,0,/msgdata/msg.narc,377,512,,901420,902026,896472,897078,606,4689bf5799e69c8f517f82c86349b6858531cb39619edea6e9ea132c12e154b8,060017848fb8bbb83eb8bbb848707671,,,,,False,,,,,,,,,,False,False
/msgdata/msg.narc,/msgdata/msg.narc!/member_00513,0,/msgdata/msg.narc,377,513,,902028,903174,897080,898226,1146,053cd29682dc9e963da1c97c6168ae9c1732f50cf72a19810d13c44b16e54d70,0c003f4727e743e76ce743e744ce86ce,,,,,False,,,,,,,,,,False,False
/msgdata/msg.narc,/msgdata/msg.narc!/member_00514,0,/msgdata/msg.narc,377,514,,903176,903330,898228,898382,154,e33837cec2d7d3d2689cf518e554eb6e2c7b69e5dbb7bc4801c0a57702038669,0200d0cf840090008900900066012001,,,,,False,,,,,,,,,,False,False
/msgdata/msg.narc,/msgdata/msg.narc!/member_00515,0,/msgdata/msg.narc,377,515,,903332,903512,898384,898564,180,1e315b938849557f6be844f169e2226f8893f700d8f7bcefc48527db5d17d6b8,0200d32e93ec87eca3ec87ec52d90ed9,,,,,False,,,,,,,,,,False,False
/msgdata/msg.narc,/msgdata/msg.narc!/member_00516,0,/msgdata/msg.narc,377,516,,903512,903926,898564,898978,414,7de58a3ea6603c88b80ab1e0b472870baa4d96b54921cd986984f2eeee2f6e39,03000674f2b5eeb5b9b5eeb5166bdc6b,,,,,False,,,,,,,,,,False,False
/msgdata/msg.narc,/msgdata/msg.narc!/member_00517,0,/msgdata/msg.narc,377,517,,903928,904144,898980,899196,216,be310790fb134241a58b11d4ed84c77cd3f1c131d94f12f86494ba290fea557b,02001e74b2fda6fd92fda6fd30fb4cfb,,,,,False,,,,,,,,,,False,False
/msgdata/msg.narc,/msgdata/msg.narc!/member_00518,0,/msgdata/msg.narc,377,518,,904144,906548,899196,901600,2404,06a0170d598041932c5781bbfd8b97c4658641bc10e4f9259e18982a9941c842,110017f43768bb68e468bb683cd076d1,,Nintendo LZ11,Probable,,True,Nintendo LZ11,Probable,True,15996672,False,,,,,False,False
/msgdata/msg.narc,/msgdata/msg.narc!/member_00519,0,/msgdata/msg.narc,377,519,,906548,906800,901600,901852,252,8de75360a58b91bbc2f0db90a1a24c937e099b549929feb48c583fb9ae1bd7ee,02002e74622d762d422d762d905aec5a,,,,,False,,,,,,,,,,False,False
/msgdata/msg.narc,/msgdata/msg.narc!/member_00520,0,/msgdata/msg.narc,377,520,,906800,907566,901852,902618,766,a45f1da380ab0dcf304dda362673419655e5c2dbf55f6ec6710717368ad562cf,080027f4cf988b9892988b9860311631,,,,,False,,,,,,,,,,False,False
/msgdata/msg.narc,/msgdata/msg.narc!/member_00521,0,/msgdata/msg.narc,377,521,,907568,909868,902620,904920,2300,22be560aeb4e4d09e1af44443d28877dedeb50048cf5885a2a730bce4cc979ff,11003b47c3db4fdb2edb4fdbd0b79eb6,,Nintendo LZ11,Probable,,True,Nintendo LZ11,Probable,True,4668160,False,,,,,False,False
/msgdata/msg.narc,/msgdata/msg.narc!/member_00522,0,/msgdata/msg.narc,377,522,,909868,910346,904920,905398,478,f83b2a84afafe8fdfa722ba161088f0bcb0bb40dafac760a80ccec5ec8f653ca,0700f2ae16c92ac909c92ac9d6925492,,,,,False,,,,,,,,,,False,False
/msgdata/msg.narc,/msgdata/msg.narc!/member_00523,0,/msgdata/msg.narc,377,523,,910348,911850,905400,906902,1502,67444376a5173ab4c7665695de713f9cde93e136ee5126c1c1207ff51463e692,0a000664bae5eee584e5eee5f4cadccb,,,,,False,,,,,,,,,,False,False
/msgdata/msg.narc,/msgdata/msg.narc!/member_00524,0,/msgdata/msg.narc,377,524,,911852,912478,906904,907530,626,03dba3d80f954eac1fbbba5528ba02bfb973cc106e5cc8415cc2b2f601e3e206,0a001e64f22da62db52da62d365b4c5b,,,,,False,,,,,,,,,,False,False
/msgdata/msg.narc,/msgdata/msg.narc!/member_00525,0,/msgdata/msg.narc,377,525,,912480,912640,907532,907692,160,d2807ecb616898233878f444f73ea1e860722cd9409d349f9ab196cb32b72c8f,020017e4af98bb989498bb9804317631,,,,,False,,,,,,,,,,False,False
/msgdata/msg.narc,/msgdata/msg.narc!/member_00526,0,/msgdata/msg.narc,377,526,,912640,912880,907692,907932,240,8103546962b572964cd102d1d7419dd39e738ceb2cf20b281df55a3dedd42bae,03002e646a5d765d505d765d84baecba,,,,,False,,,,,,,,,,False,False
/msgdata/msg.narc,/msgdata/msg.narc!/member_00527,0,/msgdata/msg.narc,377,527,,912880,913904,907932,908956,1024,09f67f003800bfb1f43520668bf4cf0643d18d00a4a60636a173c43af9dd998b,050027e4a7c88bc8efc88bc8e2911691,,,,,False,,,,,,,,,,False,False
/msgdata/msg.narc,/msgdata/msg.narc!/member_00528,0,/msgdata/msg.narc,377,528,,913904,914946,908956,909998,1042,d9c0a287da88bd374c34e31453b2038d6c1834ac617a9b59b88a399e9c2ac137,080037471fcf5bcf3ccf5bcfa49fb69e,,,,,False,,,,,,,,,,False,False
/msgdata/msg.narc,/msgdata/msg.narc!/member_00529,0,/msgdata/msg.narc,377,529,,914948,915168,910000,910220,220,a8d3be5ddab10f1d6b76b82dfc37c48b0fa8b1a2b3dc55ac86986004272e5054,0200914f59c44dc40cc44dc40c889a88,,,,,False,,,,,,,,,,False,False
/msgdata/msg.narc,/msgdata/msg.narc!/member_00530,0,/msgdata/msg.narc,377,530,,915168,915614,910220,910666,446,e3d1539d3fdfa3857579c448f80a02846d7f6df3604fcb6b1ece6701e173cca2,030092ae56aa4aaa1aaa4aaa28549454,,,,,False,,,,,,,,,,False,False
/msgdata/msg.narc,/msgdata/msg.narc!/member_00531,0,/msgdata/msg.narc,377,531,,915616,916586,910668,911638,970,9e1580ef7f958b1d68df6415ccba245a535eaab5b4d52eea5002f18290d36439,05000654c215ee159515ee15fe2adc2b,,,,,False,,,,,,,,,,False,False
/msgdata/msg.narc,/msgdata/msg.narc!/member_00532,0,/msgdata/msg.narc,377,532,,916588,916768,911640,911820,180,a506d236ff2f8c6fc9cd12956848597313542fd1674ca16fffd70876b9738e7e,02001e54b25da65d8c5da65d24bb4cbb,,,,,False,,,,,,,,,,False,False
/msgdata/msg.narc,/msgdata/msg.narc!/member_00533,0,/msgdata/msg.narc,377,533,,916768,916882,911820,911934,114,bf3869101353364e78e5dff61d8a5bd480262c07f1f0dcb8a4e2c0ab2dabfe53,010017d4b7c8bbc888c8bbc8dc11ca62,,,,,False,,,,,,,,,,False,False
/msgdata/msg.narc,/msgdata/msg.narc!/member_00534,0,/msgdata/msg.narc,377,534,,916884,917442,911936,912494,558,c44d830d562019cb9dbe4cabdb376e76d5ead1803385a613a635b8e545b4b7bc,070033475bc367c35fc367c36286ce86,,,,,False,,,,,,,,,,False,False
/msgdata/msg.narc,/msgdata/msg.narc!/member_00535,0,/msgdata/msg.narc,377,535,,917444,917494,912496,912546,50,110ceb03137182919b77e98d84b1ef0a04296e2decf30ea3aef60aad2c7ba7ea,0100b0cffca0f0a0e3a0f0a00d1ace64,,,,,False,,,,,,,,,,False,False
/msgdata/msg.narc,/msgdata/msg.narc!/member_00536,0,/msgdata/msg.narc,377,536,,917496,917732,912548,912784,236,b7f9801b62c68520df43452c8f9a2cb525085d259c5d729338768289be73cd15,0200b32ef38ce78cde8ce78c4819ce19,,,,,False,,,,,,,,,,False,False
/msgdata/msg.narc,/msgdata/msg.narc!/member_00537,0,/msgdata/msg.narc,377,537,,917732,919598,912784,914650,1866,d5117a07b624b90e37da7595423ded4e07f20374afec4a9c24dc020e33acc99d,140006444a45ee45a945ee45ee8adc8b,,,,,False,,,,,,,,,,False,False
/msgdata/msg.narc,/msgdata/msg.narc!/member_00538,0,/msgdata/msg.narc,377,538,,919600,920418,914652,915470,818,5f206a0c5e05706c5cf09b1094353b96fd0fc2a1d52f7c10307747ae3da7a539,0d000a448e51e251dc51e2512ca3c4a3,,,,,False,,,,,,,,,,False,False
/msgdata/msg.narc,/msgdata/msg.narc!/member_00539,0,/msgdata/msg.narc,377,539,,920420,920686,915472,915738,266,1ab96d3f5d768122dd2cc111fda2b9a7dcefaf40f3a9c941d0b79178e54695ae,05000e44fa5dd65de55dd65d3ebbacbb,,,,,False,,,,,,,,,,False,False
/msgdata/msg.narc,/msgdata/msg.narc!/member_00540,0,/msgdata/msg.narc,377,540,,920688,921170,915740,916222,482,f3f5bd20edb55dac873c4638b67aa33599877425114df352a45b01cfa0d9b80f,04001e44828da68d8e8da68d381b4c1b,,,,,False,,,,,,,,,,False,False
/msgdata/msg.narc,/msgdata/msg.narc!/member_00541,0,/msgdata/msg.narc,377,541,,921172,921526,916224,916578,354,28396cb151a598761f76e1d405b414209eb4cad953f161dea7118cb8f2bbdcb9,020017c4aff8bbf8c7f8bbf87af076f1,,,,,False,,,,,,,,,,False,False
/msgdata/msg.narc,/msgdata/msg.narc!/member_00542,0,/msgdata/msg.narc,377,542,,921528,921648,916580,916700,120,84655d5e3008503a6aee88f81e235b1f5d21da2e4604fbddb4b49694c20e82d4,05001113e1f9cdf9c5f9cdf9a6f39af3,,,,,False,,,,,,,,,,False,False
/msgdata/msg.narc,/msgdata/msg.narc!/member_00543,0,/msgdata/msg.narc,377,543,,921648,921796,916700,916848,148,686a42138d48028d1d1b8083888369786834f24e38930467f2ac07c4a34bfce8,0100bd5fc517c9178d17c917921f6761,,,,,False,,,,,,,,,,False,False
/msgdata/msg.narc,/msgdata/msg.narc!/member_00544,0,/msgdata/msg.narc,377,544,,921796,921866,916848,916918,70,80db8930dc2c1ed474b3f9eb846fc9bfc2743278a195f31af65969f97d6baec9,050016d992b6beb6bdb6beb64e6d7c6d,,,,,False,,,,,,,,,,False,False
/msgdata/msg.narc,/msgdata/msg.narc!/member_00545,0,/msgdata/msg.narc,377,545,,921868,921916,916920,916968,48,bacc426be11e791ffbead123f0faa0521116c652d99bc809b51771b026fc3862,0100293389e185e197e185e1e91a2f64,,,,,False,,,,,,,,,,False,False
/msgdata/msg.narc,/msgdata/msg.narc!/member_00546,0,/msgdata/msg.narc,377,546,,921916,923980,916968,919032,2064,c5b1cad42d4e08a4fee3ab8cc0681cf3f407b607361487c43b6b43466600f57d,7c00701c54f9b0fab3fab0fa8af660f5,,,,,False,,,,,,,,,,False,False
/msgdata/msg.narc,/msgdata/msg.narc!/member_00547,0,/msgdata/msg.narc,377,547,,923980,929728,919032,924780,5748,941bd77e3f4a5ec791dedc71bf889e933220510696a9cc52b24e6b052e781e04,7c004468d09034933793349382256826,,,,,False,,,,,,,,,,False,False
/msgdata/msg.narc,/msgdata/msg.narc!/member_00548,0,/msgdata/msg.narc,377,548,,929728,968992,924780,964044,39264,6fb610a0b5511af931397148d69c5f7871d72ff7166ee712d74eab752b61fa70,99039b06e3a12fbd2abd2fbd88665e7a,,,,,False,,,,,,,,,,False,False
/msgdata/msg.narc,/msgdata/msg.narc!/member_00549,0,/msgdata/msg.narc,377,549,,968992,979332,964044,974384,10340,60c374a7b2ea3b10a693f23d7fc955d600ec40e2252d534a962a49a7817deef5,820024d580e894ec9fec94ec02dd28d9,,,,,False,,,,,,,,,,False,False
/msgdata/msg.narc,/msgdata/msg.narc!/member_00550,0,/msgdata/msg.narc,377,550,,979332,979838,974384,974890,506,98a9aed09d4c07b7d196fae12b3578f80f20cb8a93861914144d51909e4ffb95,17009e409a1826182018261884304c30,,,,,False,,,,,,,,,,False,False
/msgdata/msg.narc,/msgdata/msg.narc!/member_00551,0,/msgdata/msg.narc,377,551,,979840,1131692,974892,1126744,151852,1028de94a384488b6ba5df8494353246ea972552154f74c706883c5d4af984d3,5209e817dc3a48705c7048702caa90e0,,,,,False,,,,,,,,,,False,False
/msgdata/msg.narc,/msgdata/msg.narc!/member_00552,0,/msgdata/msg.narc,377,552,,1131692,1143906,1126744,1138958,12214,23f57abc646c9896f27b023da639fac10f330ee8263da456c95ef402712536fb,5203edd8ad26393c3a3c393ce8627278,,,,,False,,,,,,,,,,False,False
/msgdata/msg.narc,/msgdata/msg.narc!/member_00553,0,/msgdata/msg.narc,377,553,,1143908,1145882,1138960,1140934,1974,3b585d2bd89f353a00a66cc7ee1a14869494a45768ad9de064bcff0a8dfa6a34,62002cfc688c7c8f758f7c8fde1df81e,,,,,False,,,,,,,,,,False,False
/msgdata/msg.narc,/msgdata/msg.narc!/member_00554,0,/msgdata/msg.narc,377,554,,1145884,1147550,1140936,1142602,1666,8a999a1ecf022a1700cafc701a92998cb3d1395aa8d890f6d434d5613901aa48,2100be44ca6ac66bec6bc66becd68cd7,,,,,False,,,,,,,,,,False,False
/msgdata/msg.narc,/msgdata/msg.narc!/member_00555,0,/msgdata/msg.narc,377,555,,1147552,1154056,1142604,1149108,6504,a36f8923f5a42ed887ad510ddfbcf69dbae64bf128606d6c3f9e3d3c029698b0,380050c5d4a110a03da010a03e422040,,,,,False,,,,,,,,,,False,False
/msgdata/msg.narc,/msgdata/msg.narc!/member_00556,0,/msgdata/msg.narc,377,556,,1154056,1156520,1149108,1151572,2464,031eeaec0665220a486398ccfd365d4a752b392e078224b2504b09be9e0a8a6d,1d00cf617f479347854793473e8e268f,,,,,False,,,,,,,,,,False,False
/msgdata/msg.narc,/msgdata/msg.narc!/member_00557,0,/msgdata/msg.narc,377,557,,1156520,1156774,1151572,1151826,254,93fbdc751a01adba66642da8eadaf45a3e9908caa5d963ef81afc9dc797badb7,1200893bf1e865e866e865e850d0cad0,,,,,False,,,,,,,,,,False,False
/msgdata/msg.narc,/msgdata/msg.narc!/member_00558,0,/msgdata/msg.narc,377,558,,1156776,1157354,1151828,1152406,578,3540a44133c85ec2c41750a094260a5941407471fb7054164c5e5e977b20b86d,01001a11be1ab21aa91bb21a0d1ace64,,,,,False,,,,,,,,,,False,False
/msgdata/msg.narc,/msgdata/msg.narc!/member_00559,0,/msgdata/msg.narc,377,559,,1157356,1166776,1152408,1161828,9420,431f7517f46cd3f7d81f040345371858cecaa6713b40344d4d1b8c7993f025be,170143308b30373833383738aa786e70,,,,,False,,,,,,,,,,False,False
/msgdata/msg.narc,/msgdata/msg.narc!/member_00560,0,/msgdata/msg.narc,377,560,,1166776,1171818,1161828,1166870,5042,a871b75d21fe20f4541708808f757bc07d736c17fc0349c789dbbbe8f45d23ae,7a00cdfc4d7399709c709970ece232e1,,,,,False,,,,,,,,,,False,False
/msgdata/msg.narc,/msgdata/msg.narc!/member_00561,0,/msgdata/msg.narc,377,561,,1171820,1174732,1166872,1169784,2912,1a910968a1037040912fa00a5132306990e9170bd6ff8cb3a05268ca78386a1a,45008904498f658d618d658dfe18ca1a,,,,,False,,,,,,,,,,False,False
/msgdata/msg.narc,/msgdata/msg.narc!/member_00562,0,/msgdata/msg.narc,377,562,,1174732,1175578,1169784,1170630,846,3e51b756acd71ef50aa51677fd525903384da3010f9b3c5f538820b4e445aa76,3100b67352c7dec6ddc6dec62e8cbc8d,,,,,False,,,,,,,,,,False,False
/msgdata/msg.narc,/msgdata/msg.narc!/member_00563,0,/msgdata/msg.narc,377,563,,1175580,1175876,1170632,1170928,296,a29f449f3dae1586dbadcd4b87f9d54b6748eae001f4a7d5bf7414bf3fffa01d,0c00ecf758dc3cdc34dc3cdc0cb878b8,,,,,False,,,,,,,,,,False,False
/msgdata/msg.narc,/msgdata/msg.narc!/member_00564,0,/msgdata/msg.narc,377,564,,1175876,1184362,1170928,1179414,8486,bc7e7aa2a33274db62d9a903284d5cde2c19bd6c728ae64a581dc1c8ba2fa054,aa005a94a655f250fe50f25088a4e4a1,,,,,False,,,,,,,,,,False,False
/msgdata/msg.narc,/msgdata/msg.narc!/member_00565,0,/msgdata/msg.narc,377,565,,1184364,1198286,1179416,1193338,13922,150425d3191c0b8950959ff3586a507318ff676d535a3b159d7dbc9dab75417f,d800fc87c85a0c5c095c0c5cd6be18b8,,,,,False,,,,,,,,,,False,False
/msgdata/msg.narc,/msgdata/msg.narc!/member_00566,0,/msgdata/msg.narc,377,566,,1198288,1203476,1193340,1198528,5188,1e4fa440e0dc0d34a60234009faff1dc103d3b059e5c0615854eff280b60a77f,5c00f827fc7218703870187014e330e0,,,,,False,,,,,,,,,,False,False
/msgdata/msg.narc,/msgdata/msg.narc!/member_00567,0,/msgdata/msg.narc,377,567,,1203476,1204420,1198528,1199472,944,4198f1adfd1e7e1ce1ea1459bc14599c9eff89f2d4feb993ec8bef12d1d22f73,1a00d000446d906d966d906dc0db20db,,,,,False,,,,,,,,,,False,False
/msgdata/msg.narc,/msgdata/msg.narc!/member_00568,0,/msgdata/msg.narc,377,568,,1204420,1205820,1199472,1200872,1400,9e69622770d9e1f2fcb88ee22eee53fe6e8fc4024d5121b51e675a79d372cb1f,1200ddb8fd6c696c586c696c24d8d2d8,,,,,False,,,,,,,,,,False,False
/msgdata/msg.narc,/msgdata/msg.narc!/member_00569,0,/msgdata/msg.narc,377,569,,1205820,1208298,1200872,1203350,2478,5235f6f0a59fb668673c0fbedf59935a2e67fbcc2bb35d45cfd6a0766787e90f,3d009e26ca6726662c6626664cce4ccc,,,,,False,,,,,,,,,,False,False
/msgdata/msg.narc,/msgdata/msg.narc!/member_00570,0,/msgdata/msg.narc,377,570,,1208300,1210392,1203352,1205444,2092,e1604acd3376fb0c87eab2944b87595bae4a2aad3d557f1b852a2beabc5b39f0,2e00a8b37cdc08dd0bdd08dd6abb10ba,,,,,False,,,,,,,,,,False,False
/msgdata/msg.narc,/msgdata/msg.narc!/member_00571,0,/msgdata/msg.narc,377,571,,1210392,1210806,1205444,1205858,414,b16516c058d4fe3d3e564e3b714f4fa96bacef6a0242d7572ef95dfd446dba64,050098be148c388c378c388c3a187018,,,,,False,,,,,,,,,,False,False
/msgdata/msg.narc,/msgdata/msg.narc!/member_00572,0,/msgdata/msg.narc,377,572,,1210808,1210894,1205860,1205946,86,2fe6671f60f0a17a6738ae9f1a7a7854a28d62863fa0ecee04b340d1e1c3b3d3,020080be94448044934480443a890089,,,,,False,,,,,,,,,,False,False
/msgdata/msg.narc,/msgdata/msg.narc!/member_00573,0,/msgdata/msg.narc,377,573,,1210896,1212300,1205948,1207352,1404,49d67328212d41d2b21a07690214c5659472dc6dae6b6e113e78366edd2dbe1e,0800cb0fdb319f31aa319f3190633e63,,,,,False,,,,,,,,,,False,False
/msgdata/msg.narc,/msgdata/msg.narc!/member_00574,0,/msgdata/msg.narc,377,574,,1212300,1212692,1207352,1207744,392,092548be5a2a44c69dfd5f9fd01d3c9f089cb1b54c0ef7e833c2761500da9acf,030098ba249838982a98389830307030,,,,,False,,,,,,,,,,False,False
/msgdata/msg.narc,/msgdata/msg.narc!/member_00575,0,/msgdata/msg.narc,377,575,,1212692,1214660,1207744,1209712,1968,cb243d3639630ca0c7ac5a628e8aa7443aa65c5808509de5899e59ba1d5846dc,2200cb938ba49fa585a59fa5764a3e4b,,,,,False,,,,,,,,,,False,False
/msgdata/msg.narc,/msgdata/msg.narc!/member_00576,0,/msgdata/msg.narc,377,576,,1214660,1255456,1209712,1250508,40796,22c0caa3dc02431794a6b8c576b164d70c14fc31027fa964b2253d45f232a206,d401986c9c8c38823d823882de0a7004,,,,,False,,,,,,,,,,False,False
/msgdata/msg.narc,/msgdata/msg.narc!/member_00577,0,/msgdata/msg.narc,377,577,,1255456,1263728,1250508,1258780,8272,92783d430d72358dba885d6bad33c2a1f44b12836d81adc319e5f6cafc566e14,d401c9f8017ea570a770a570e2ef4ae1,,,,,False,,,,,,,,,,False,False
/msgdata/msg.narc,/msgdata/msg.narc!/member_00578,0,/msgdata/msg.narc,377,578,,1263728,1264706,1258780,1259758,978,d063b4e4eeaefb239ad1eaa0914ef71ac3017aa2253053a660d0f88f158e02f8,1000d48100f684f698f684f6b4ed08ed,,Nintendo LZ10,Probable,,True,Nintendo LZ10,Probable,True,8508416,False,,,,,False,False
/msgdata/msg.narc,/msgdata/msg.narc!/member_00579,0,/msgdata/msg.narc,377,579,,1264708,1269362,1259760,1264414,4654,a2d1348d3f3b092db789b0c5816a47d9d6937fce378d0f105a639e59fb2b8bb3,990061d511a6dda2d6a2dda25841ba45,,,,,False,,,,,,,,,,False,False
/msgdata/msg.narc,/msgdata/msg.narc!/member_00580,0,/msgdata/msg.narc,377,580,,1269364,1272578,1264416,1267630,3214,ede3c33a61341d35090607a2c77943cc384f0f238d1a30e1a3af57e084099ac7,50005b3d6b5aef58fd58ef5876b3deb1,,,,,False,,,,,,,,,,False,False
/msgdata/msg.narc,/msgdata/msg.narc!/member_00581,0,/msgdata/msg.narc,377,581,,1272580,1274134,1267632,1269186,1554,84d4db28b1147103025ac52f15acd28612f23c6c44ad35f6c6013a192336ac88,2c0020f4c482a083a583a0832e064007,,,,,False,,,,,,,,,,False,False
/msgdata/msg.narc,/msgdata/msg.narc!/member_00582,0,/msgdata/msg.narc,377,582,,1274136,1274616,1269188,1269668,480,a20800cdefc86a3628286b5bdda83b065d668e729e05e129990093b22fca2672,1900948188374437473744375a6e886e,,,,,False,,,,,,,,,,False,False
/msgdata/msg.narc,/msgdata/msg.narc!/member_00583,0,/msgdata/msg.narc,377,583,,1274616,1274790,1269668,1269842,174,6e0bc918910dc34c93d1f0bc0dfb613a9d90b55fba7f84111a78538cbe57f71e,0800c49df072b472b772b47222e568e5,,,,,False,,,,,,,,,,False,False
/msgdata/msg.narc,/msgdata/msg.narc!/member_00584,0,/msgdata/msg.narc,377,584,,1274792,1275330,1269844,1270382,538,4952633301bb7faa5ecae353a03ed588181eb3f3bcc4a7ea127874468c085fdc,1c009481a037443747374437626e886e,,,,,False,,,,,,,,,,False,False
/msgdata/msg.narc,/msgdata/msg.narc!/member_00585,0,/msgdata/msg.narc,377,585,,1275332,1275616,1270384,1270668,284,68be37ba028a467b9042b35bc4b7624412d1eb31e3b3ab6289c058a64d71b8ce,0e00a14d69fa1dfa1efa1dfa40f43af4,,,,,False,,,,,,,,,,False,False
/msgdata/msg.narc,/msgdata/msg.narc!/member_00586,0,/msgdata/msg.narc,377,586,,1275616,1276144,1270668,1271196,528,e018a07189916d63110ed2065cfb27223bea059a1f484c9e7e93c2dd27329c21,2000a16919a71da61ea61da6304d3a4c,,Nintendo Huffman,Probable,,True,Nintendo Huffman,Probable,False,6922496,,,,,,False,False
/msgdata/msg.narc,/msgdata/msg.narc!/member_00587,0,/msgdata/msg.narc,377,587,,1276144,1276490,1271196,1271542,346,0ede0c41fc17aee22aa2a34f27fdd1b1dbb6d78c39af146dd7c8592f43c78bd0,1100f4dda842244227422442da844884,,Nintendo LZ11,Probable,,True,Nintendo LZ11,Probable,True,14545920,False,,,,,False,False
/msgdata/msg.narc,/msgdata/msg.narc!/member_00588,0,/msgdata/msg.narc,377,588,,1276492,1276850,1271544,1271902,358,b3f8de36b04a47900521d1e875bf274298dd1d043eb6cca4229d83959d12acf1,1200e905d1a945a946a945a910528a52,,,,,False,,,,,,,,,,False,False
/msgdata/msg.narc,/msgdata/msg.narc!/member_00589,0,/msgdata/msg.narc,377,589,,1276852,1276974,1271904,1272026,122,e998805e629795c15f29ac9735fe263fa5b9cffda1720c94c5a889946e65d82f,0700896d595265526652655288a4caa4,,,,,False,,,,,,,,,,False,False
/msgdata/msg.narc,/msgdata/msg.narc!/member_00590,0,/msgdata/msg.narc,377,590,,1276976,1277408,1272028,1272460,432,adaff1f3cba004ae4a927bc98184bc605c068837f59e2bb784845f90fad50515,1700b5015d19e119e219e1190033c233,,,,,False,,,,,,,,,,False,False
/msgdata/msg.narc,/msgdata/msg.narc!/member_00591,0,/msgdata/msg.narc,377,591,,1277408,1277700,1272460,1272752,292,df9507887e37f74a2b46b752a8fb4f1fc40250ea1fb9edf7b92974f33ce4213f,0d00f0c15c8a308a338a308a12146014,,,,,False,,,,,,,,,,False,False
/msgdata/msg.narc,/msgdata/msg.narc!/member_00592,0,/msgdata/msg.narc,377,592,,1277700,1278386,1272752,1273438,686,fed6896bab33f34e26e993cfa33cfcd262f22b625f2893579c126716d171f296,2400d9715134753576357535c06bea6a,,,,,True,Nintendo Huffman 4-bit,Probable,False,7461120,,,,,,False,False
/msgdata/msg.narc,/msgdata/msg.narc!/member_00593,0,/msgdata/msg.narc,377,593,,1278388,1278796,1273440,1273848,408,09f60a8e4c123d2e689bd3bb8184f0f8a48dd4bff4ab2869767aef6ad8af8239,1500cd19351999199a19991980333233,,,,,False,,,,,,,,,,False,False
/msgdata/msg.narc,/msgdata/msg.narc!/member_00594,0,/msgdata/msg.narc,377,594,,1278796,1279692,1273848,1274744,896,25328fda52e5baa47e41b8279455cf458503a786513c304fc1fa6ca295154854,3300e909d99c459d469d459d283b8a3a,,,,,False,,,,,,,,,,False,False
/msgdata/msg.narc,/msgdata/msg.narc!/member_00595,0,/msgdata/msg.narc,377,595,,1279692,1280108,1274744,1275160,416,f79d8a865be844479b11dd2a097bf968f1801df73a5a4cb49150d257a5e50f7c,1500b8f57446d846db46d846028db08d,,,,,False,,,,,,,,,,False,False
/msgdata/msg.narc,/msgdata/msg.narc!/member_00596,0,/msgdata/msg.narc,377,596,,1280108,1280470,1275160,1275522,362,97c4012e2ef37589cb09c855fe852e775b71ea56c99cf382cf370d78c5d755ee,110030f5fcb070b073b070b07260e060,,Nintendo LZ11,Probable,,True,Nintendo LZ11,Probable,True,16068608,False,,,,,False,False
/msgdata/msg.narc,/msgdata/msg.narc!/member_00597,0,/msgdata/msg.narc,377,597,,1280472,1280662,1275524,1275714,190,4e5431d366161ee8b5f3066c144e17cf75962805aecac0fa5ea8121f73cb09f0,08005d1dadbee9beeabee9be987dd27d,,,,,False,,,,,,,,,,False,False
/msgdata/msg.narc,/msgdata/msg.narc!/member_00598,0,/msgdata/msg.narc,377,598,,1280664,1281144,1275716,1276196,480,fb211697d05e952780e8b3b8c132612f2e227b51b0d99a79ee50f6e1b74a1deb,19000c951064dc64df64dc646ac9b8c9,,,,,False,,,,,,,,,,False,False
/msgdata/msg.narc,/msgdata/msg.narc!/member_00599,0,/msgdata/msg.narc,377,599,,1281144,1282086,1276196,1277138,942,5419dd82496e14461bea5d6c4687ae4e1d99dd086515f51c28f5df99ecf3bad6,34002c85d8f57cf47ff47cf452e9f8e8,,,,,False,,,,,,,,,,False,False
/msgdata/msg.narc,/msgdata/msg.narc!/member_00600,0,/msgdata/msg.narc,377,600,,1282088,1286416,1277140,1281468,4328,6f04ca077b62fb991b45e22d598a9ce3d7c1cb961138450f2d046da38a6c1169,ea00b79e8f4fdb48d848db48ec96b691,,,,,False,,,,,,,,,,False,False
/msgdata/msg.narc,/msgdata/msg.narc!/member_00601,0,/msgdata/msg.narc,377,601,,1286416,1289530,1281468,1284582,3114,5aa3d6c823a6000f06b14984cabe5742d552a51b9d1c33f6d3ac920b80d89ef7,1d00dad29e1572154a157215b82be42a,,,,,False,,,,,,,,,,False,False
/msgdata/msg.narc,/msgdata/msg.narc!/member_00602,0,/msgdata/msg.narc,377,602,,1289532,1291752,1284584,1286804,2220,e248a52fa54e24553569c22f623a39f9192bafe7683dd28817e9f0e9c352639c,7500252a3df391f097f091f09ae222e1,,,,,False,,,,,,,,,,False,False
/msgdata/msg.narc,/msgdata/msg.narc!/member_00603,0,/msgdata/msg.narc,377,603,,1291752,1340750,1286804,1335802,48998,9142da7cd7f199b5113029b6cbcf3f7c8ebdffcb39227f0206da9dd466dcf2d2,ee0142754e693a663b663a6602c374cc,,,,,False,,,,,,,,,,False,False
/msgdata/msg.narc,/msgdata/msg.narc!/member_00604,0,/msgdata/msg.narc,377,604,,1340752,1389558,1335804,1384610,48806,24743b6cfd268a4a7bb35912bda070e68678d5b7f66bc76c976dfb69b59c00d5,ee0146755a7d2e722f722e722aeb5ce4,,,,,False,,,,,,,,,,False,False
/msgdata/msg.narc,/msgdata/msg.narc!/member_00605,0,/msgdata/msg.narc,377,605,,1389560,1405144,1384612,1400196,15584,28017910c6bb70aa279afea7e386b4c6dffcc3c74922fd51c13661cb79f5de8b,54004a75867c227e177e227e4aff44fc,,,,,False,,,,,,,,,,False,False
/msgdata/msg.narc,/msgdata/msg.narc!/member_00606,0,/msgdata/msg.narc,377,606,,1405144,1410044,1400196,1405096,4900,527049a81de667c5a49ebadbb5f026fed2755bc28a03a397429b301626c36b79,98014e75d286168a148a168ae4182c14,,,,,False,,,,,,,,,,False,False
/msgdata/msg.narc,/msgdata/msg.narc!/member_00607,0,/msgdata/msg.narc,377,607,,1410044,1421904,1405096,1416956,11860,8462244566ec1546886b33e4df5ac6b21b72dd66099ccf0251e8578aa2f1ec67,ee01d162f9458d4a854a8d4a9e9a1a95,,,,,False,,,,,,,,,,False,False
/msgdata/msg.narc,/msgdata/msg.narc!/member_00608,0,/msgdata/msg.narc,377,608,,1421904,1432776,1416956,1427828,10872,f7572fd4764f23a9d53647638662fd4eac1e9ef4fbbf119cf4bed99c174226cd,ee019513358b41844684418400078208,,,,,False,,,,,,,,,,False,False
/msgdata/msg.narc,/msgdata/msg.narc!/member_00609,0,/msgdata/msg.narc,377,609,,1432776,1443276,1427828,1438328,10500,e44904704e6038a57c07e75221000a064d26fd9d5b2de3429f8f59fb5e7cfd99,ee01a9be71b005bf0cbf05bf8c710a7e,,,,,False,,,,,,,,,,False,False
/msgdata/msg.narc,/msgdata/msg.narc!/member_00610,0,/msgdata/msg.narc,377,610,,1443276,1446114,1438328,1441166,2838,e7635fbd6a66110aa24cd64ec6969d00a66a49c08bc294105d5cd5a440912421,5400f97db17315711c7115719ce02ae2,,,,,False,,,,,,,,,,False,False
/msgdata/msg.narc,/msgdata/msg.narc!/member_00611,0,/msgdata/msg.narc,377,611,,1446116,1449056,1441168,1444108,2940,6be81ae30b15c81524240a6f989a49684d95e9662436284ebb437109a05e5672,54003859fc9e589c5f9c589c023ab038,,,,,False,,,,,,,,,,False,False
/msgdata/pl_msg.narc,/msgdata/pl_msg.narc!/member_00000,0,/msgdata/pl_msg.narc,378,0,,5764,61220,0,55456,55456,6a4ed7f21c94afbadcf5876aa335dbb23b2fed0fb6d7a466fe80588225095f2e,7c05e658aa8c4ea74ca74ea774659c4e,,,,,False,,,,,,,,,,False,False
/msgdata/pl_msg.narc,/msgdata/pl_msg.narc!/member_00001,0,/msgdata/pl_msg.narc,378,1,,61220,61460,55456,55696,240,21633f1950846e412d0021bec4bee92addfbf2b89fb6e067a44ea6d2d4c9ec36,0400d43aa0cb84cb88cb84cb34970897,,,,,False,,,,,,,,,,False,False
/msgdata/pl_msg.narc,/msgdata/pl_msg.narc!/member_00002,0,/msgdata/pl_msg.narc,378,2,,61460,62808,55696,57044,1348,60b0434e1dd51f1d2c43d1ef2143e382ed7925c2a1d5aeae076640335a30d484,3100f3b6abb527b421b427b4d6694e68,,,,,False,,,,,,,,,,False,False
/msgdata/pl_msg.narc,/msgdata/pl_msg.narc!/member_00003,0,/msgdata/pl_msg.narc,378,3,,62808,65208,57044,59444,2400,0fe504951f7d37db94a1c2f23a87d0df808443dda92a3c6a7f3eb5b89a0adb8d,6000a30f13b917ba11ba17ba3e772e74,,,,,False,,,,,,,,,,False,False
/msgdata/pl_msg.narc,/msgdata/pl_msg.narc!/member_00004,0,/msgdata/pl_msg.narc,378,4,,65208,65384,59444,59620,176,2cdac8c5d84846b2a96ca8f7f69c71387763ebadb9f3efc47034682507fee419,03004f760f8a138a078a138a62142614,,,,,False,,,,,,,,,,False,False
/msgdata/pl_msg.narc,/msgdata/pl_msg.narc!/member_00005,0,/msgdata/pl_msg.narc,378,5,,65384,65556,59620,59792,172,9d7f6f3908346fd18868ccbf021cac45d184002596e51f408371373da66dd6ef,02008a86760a620a470a620a9a14c414,,,,,False,,,,,,,,,,False,False
/msgdata/pl_msg.narc,/msgdata/pl_msg.narc!/member_00006,0,/msgdata/pl_msg.narc,378,6,,65556,65808,59792,60044,252,ca74faec647f3089f09747daae216f6b75015cb6fc210b970d209b373e157cda,0200caadb654a2548754a2541aa944a9,,,,,False,,,,,,,,,,False,False
/msgdata/pl_msg.narc,/msgdata/pl_msg.narc!/member_00007,0,/msgdata/pl_msg.narc,378,7,,65808,69374,60044,63610,3566,63982bd850943de0ec75d74c18b08c6ef4c299f66d2eaf509de84bf93de5f93e,7100c1023139bd3abe3abd3ae8767a75,,,,,False,,,,,,,,,,False,False
/msgdata/pl_msg.narc,/msgdata/pl_msg.narc!/member_00008,0,/msgdata/pl_msg.narc,378,8,,69376,69834,63612,64070,458,838ff33a3ad8106ce71d533a9f6f0fce2851e832ff12063cbc98c6f72ec4e43e,11001dd225e0a9e0aae0a9e0c0c152c1,,Nintendo LZ11,Probable,,True,Nintendo LZ11,Probable,True,13769984,False,,,,,False,False
/msgdata/pl_msg.narc,/msgdata/pl_msg.narc!/member_00009,0,/msgdata/pl_msg.narc,378,9,,69836,70094,64072,64330,258,5c0eb83eeeec6c63c2393e93fceba93c658ef39119e03b2a80fd224ce61cf1cb,0e003d9e3ddc49dc43dc49dc1ab892b8,,,,,False,,,,,,,,,,False,False
/msgdata/pl_msg.narc,/msgdata/pl_msg.narc!/member_00010,0,/msgdata/pl_msg.narc,378,10,,70096,81840,64332,76076,11744,28bda15d7d3be1999981ac6f2fe15dd624c5b1e1405694cf295077a5492d8b3b,4d018810046c68666f666866aac6d0cc,,,,,False,,,,,,,,,,False,False
/msgdata/pl_msg.narc,/msgdata/pl_msg.narc!/member_00011,0,/msgdata/pl_msg.narc,378,11,,81840,83058,76076,77294,1218,afcf34a9da53cc8bd1b2eda647f9c933a4ad27eec2c4ec04047445b19a6f62dd,19000238365dfa5ded5dfa5d0ebbf4bb,,,,,False,,,,,,,,,,False,False
/msgdata/pl_msg.narc,/msgdata/pl_msg.narc!/member_00012,0,/msgdata/pl_msg.narc,378,12,,83060,84454,77296,78690,1394,d52eb64489c1d5445653930ccb8cb436235ebfd8f45fed933cd306959fe863c1,5100d3d80bec87ee86ee87ee80df0edd,,,,,False,,,,,,,,,,False,False
/msgdata/pl_msg.narc,/msgdata/pl_msg.narc!/member_00013,0,/msgdata/pl_msg.narc,378,13,,84456,85556,78692,79792,1100,d88b57c49fcab320a0dd69c8e3e5f81aadd99f2827f396ffbeee0c4acfcaef4f,06003b447be44fe43ee44fe488c99ec8,,,,,False,,,,,,,,,,False,False
/msgdata/pl_msg.narc,/msgdata/pl_msg.narc!/member_00014,0,/msgdata/pl_msg.narc,378,14,,85556,87472,79792,81708,1916,c315a4a99a8dedc18bd6ab101b00c5cad1fb6b734ea991a733ce647916b84090,2200006114dc00dd10dd00dd34bb00ba,,,,,False,,,,,,,,,,False,False
/msgdata/pl_msg.narc,/msgdata/pl_msg.narc!/member_00015,0,/msgdata/pl_msg.narc,378,15,,87472,88356,81708,82592,884,6c2ee15233587a37f14e6ef1025137ba7e249b08b1247486eb887ddeea7fcf6c,2c00f13949242d2523252d25da4b5a4a,,,,,False,,,,,,,,,,False,False
/msgdata/pl_msg.narc,/msgdata/pl_msg.narc!/member_00016,0,/msgdata/pl_msg.narc,378,16,,88356,88840,82592,83076,484,a95854b27866fabc79e2c8234ab1739a102813f38c48022b791ef4f4e8b49e40,0800a479507f147f077f147f42fe28fe,,,,,False,,,,,,,,,,False,False
/msgdata/pl_msg.narc,/msgdata/pl_msg.narc!/member_00017,0,/msgdata/pl_msg.narc,378,17,,88840,90182,83076,84418,1342,b120822f7c68a4a35931a22767381178fd881427b1f6eba84ad97c3634586e43,500040f3c4e440e646e640e610ce80cc,,,,,False,,,,,,,,,,False,False
/msgdata/pl_msg.narc,/msgdata/pl_msg.narc!/member_00018,0,/msgdata/pl_msg.narc,378,18,,90184,91612,84420,85848,1428,c05c736ab284ac87f687762e29cdff8dca88eee92381a20ab571b6f8057fda4d,2e0007299f98eb99fa99eb994032d633,,,,,False,,,,,,,,,,False,False
/msgdata/pl_msg.narc,/msgdata/pl_msg.narc!/member_00019,0,/msgdata/pl_msg.narc,378,19,,91612,96502,85848,90738,4890,b652f805c0c67fff6b3f18eedb577ae9c662c925e46191f4b8965739ae001f40,b600f828ac68186d116d186df6df30da,,,,,False,,,,,,,,,,False,False
/msgdata/pl_msg.narc,/msgdata/pl_msg.narc!/member_00020,0,/msgdata/pl_msg.narc,378,20,,96504,101176,90740,95412,4672,af3890dab497354e29b76d0007d58d3a1b625d0164e94b2b95433e5014d9a9f3,3b018567ad5171587258715800b9e2b0,,,,,False,,,,,,,,,,False,False
/msgdata/pl_msg.narc,/msgdata/pl_msg.narc!/member_00021,0,/msgdata/pl_msg.narc,378,21,,101176,102046,95412,96282,870,ac8f130abe663081e02e7f4ea87b9ecb8435da4b3ecff7424d93915930bb791a,18000b301b90df90d890df906c21be21,,,,,False,,,,,,,,,,False,False
/msgdata/pl_msg.narc,/msgdata/pl_msg.narc!/member_00022,0,/msgdata/pl_msg.narc,378,22,,102048,114760,96284,108996,12712,588a12b04612e5fe98b9476fd675c2ef33021b654015fcbfab79ba6f77f5ef78,650093476be147e250e247e2d4c78ec4,,,,,False,,,,,,,,,,False,False
/msgdata/pl_msg.narc,/msgdata/pl_msg.narc!/member_00023,0,/msgdata/pl_msg.narc,378,23,,114760,115172,108996,109408,412,62914a6be52bb331db76af302377a81bfae05ad630e2bd3e058627815b1cc4c3,0300b0caecaff0afcdaff0af765fe05f,,,,,False,,,,,,,,,,False,False
/msgdata/pl_msg.narc,/msgdata/pl_msg.narc!/member_00024,0,/msgdata/pl_msg.narc,378,24,,115172,115266,109408,109502,94,5ec459c0929cc445e7e931154ba85d1b38ea59fb054d1a101fc0d1863aa82d85,01006e99ba7db67d9f7db67d0d1ace64,,,,,False,,,,,,,,,,False,False
/msgdata/pl_msg.narc,/msgdata/pl_msg.narc!/member_00025,0,/msgdata/pl_msg.narc,378,25,,115268,116530,109504,110766,1262,98d61894d30e0eadb9f08138a47e04a5df3fd60ad66ee382d4a71c4082005a3d,0f00b32b9b95e795d295e795282bce2b,,,,,False,,,,,,,,,,False,False
/msgdata/pl_msg.narc,/msgdata/pl_msg.narc!/member_00026,0,/msgdata/pl_msg.narc,378,26,,116532,118444,110768,112680,1912,095d3319ba14a3d271e2da606d3ab101244924b55f07d203e49aee66dcb5524f,12000344633cf73ceb3cf73c2279ee79,,,,,False,,,,,,,,,,False,False
/msgdata/pl_msg.narc,/msgdata/pl_msg.narc!/member_00027,0,/msgdata/pl_msg.narc,378,27,,118444,118718,112680,112954,274,191fb58e770af5f3eced392d6aed1ad7b6bcacbb447adc4bed0800296108f99d,04000f44f760d360f760d360cac1a6c1,,,,,False,,,,,,,,,,False,False
/msgdata/pl_msg.narc,/msgdata/pl_msg.narc!/member_00028,0,/msgdata/pl_msg.narc,378,28,,118720,122722,112956,116958,4002,c6818e8205a329c0742af00f4642a1ace6e515628a08e05c81275abc07879dc3,24000b44fb55df54f854df54cca8bea9,,,,,True,Nintendo Huffman 4-bit,Probable,False,4459264,,,,,,False,False
/msgdata/pl_msg.narc,/msgdata/pl_msg.narc!/member_00029,0,/msgdata/pl_msg.narc,378,29,,122724,124964,116960,119200,2240,3ff6558320ed034d725e0e798b2800203234b7200105a7def1ba3cd94f9423c1,16001b441b84af84ee84af8468085e09,,,,,False,,,,,,,,,,False,False
/msgdata/pl_msg.narc,/msgdata/pl_msg.narc!/member_00030,0,/msgdata/pl_msg.narc,378,30,,124964,125318,119200,119554,354,70856200ee0a7be26d9210f457e2b23593e765e0b35f0e6935bb49677bbe32d5,040017449f78bb789878bb781cf176f1,,,,,False,,,,,,,,,,False,False
/msgdata/pl_msg.narc,/msgdata/pl_msg.narc!/member_00031,0,/msgdata/pl_msg.narc,378,31,,125320,126502,119556,120738,1182,2fe6147b659e239e4d929ea59b074dcbb68cce5d0ae94481ae2941679187cba9,0a001344936cc76cd16cc76c0ed98ed9,,,,,False,,,,,,,,,,False,False
/msgdata/pl_msg.narc,/msgdata/pl_msg.narc!/member_00032,0,/msgdata/pl_msg.narc,378,32,,126504,126762,120740,120998,258,ba385a584b8d81b5e2c95dd504a40e62d72eb34e940f2aef8130500463396328,03000f44cf60d360fe60d360d0c1a6c1,,,,,False,,,,,,,,,,False,False
/msgdata/pl_msg.narc,/msgdata/pl_msg.narc!/member_00033,0,/msgdata/pl_msg.narc,378,33,,126764,128434,121000,122670,1670,3744bdb81d703aa857d0c68e3f27bd25376e32641cef3339db0a157e0da7fb9d,12000b444b54df54e454df54b4a8bea9,,,,,False,,,,,,,,,,False,False
/msgdata/pl_msg.narc,/msgdata/pl_msg.narc!/member_00034,0,/msgdata/pl_msg.narc,378,34,,128436,128796,122672,123032,360,3c68b729a9d384eaed11512d79ebef8c6740ce5ebe40a4d6d5677bba9d74681c,04000744cf48eb48c548eb485691d691,,,,,False,,,,,,,,,,False,False
/msgdata/pl_msg.narc,/msgdata/pl_msg.narc!/member_00035,0,/msgdata/pl_msg.narc,378,35,,128796,129026,123032,123262,230,d54ce000845f3f0b2797fdf3398667b6a604c41b9389480c8d74bcebaf7ef3d8,03000344eb3cf73cc53cf73c6e79ee79,,,,,False,,,,,,,,,,False,False
/msgdata/pl_msg.narc,/msgdata/pl_msg.narc!/member_00036,0,/msgdata/pl_msg.narc,378,36,,129028,129336,123264,123572,308,547a579257593d02d04b4778a5fd0f98ffb303a3f6c022c8af2e3ba3f3664277,06003f4477f043f06df043f016e086e0,,,,,False,,,,,,,,,,False,False
/msgdata/pl_msg.narc,/msgdata/pl_msg.narc!/member_00037,0,/msgdata/pl_msg.narc,378,37,,129336,129698,123572,123934,362,828a2569988f6244a22613cb4271dbb15c556d27b62e2a65c169832ce572e772,030012c4d6e9cae9f6e9cae900d394d3,,,,,False,,,,,,,,,,False,False
/msgdata/pl_msg.narc,/msgdata/pl_msg.narc!/member_00038,0,/msgdata/pl_msg.narc,378,38,,129700,130014,123936,124250,314,c46267e2e8efb6c210aa34c539965fba17cc9beeccb342bb1010c28d082a2a81,03001ec4ba0da60d900da60dc41b4c1b,,,,,False,,,,,,,,,,False,False
/msgdata/pl_msg.narc,/msgdata/pl_msg.narc!/member_00039,0,/msgdata/pl_msg.narc,378,39,,130016,130108,124252,124344,92,b13b46c278d3f06dafeceeb7fc1fb0694255a5aee926e90b677499236fddaf23,01001ac4be01b2019a01b201b817976e,,,,,False,,,,,,,,,,False,False
/msgdata/pl_msg.narc,/msgdata/pl_msg.narc!/member_00040,0,/msgdata/pl_msg.narc,378,40,,130108,130186,124344,124422,78,015efd6e4385aab2c0f72c9d96e340c614ef12fd0b54cdf3864202a1ca37286b,01002b4473b47fb45eb47fb40d1ace64,,,,,False,,,,,,,,,,False,False
/msgdata/pl_msg.narc,/msgdata/pl_msg.narc!/member_00041,0,/msgdata/pl_msg.narc,378,41,,130188,130750,124424,124986,562,bbc52a8efd6c208d9325c71154bf8606e0020fff9bb3b9d718c84ec367f0b0e2,050022c4b6199a19de199a1980333433,,,,,False,,,,,,,,,,False,False
/msgdata/pl_msg.narc,/msgdata/pl_msg.narc!/member_00042,0,/msgdata/pl_msg.narc,378,42,,130752,131102,124988,125338,350,54395e53f7416d261bd947242466378baf387a7501b91c813ecaead7fb73fcd5,02002ec4623d763d313d763d4e7aec7a,,,,,False,,,,,,,,,,False,False
/msgdata/pl_msg.narc,/msgdata/pl_msg.narc!/member_00043,0,/msgdata/pl_msg.narc,378,43,,131104,131322,125340,125558,218,6b2d8efbde3f124ed3abf9e19bf807f8d81b0d61119532e8d3f2718e45a446a1,02002ac496318231bc31823194630463,,,,,False,,,,,,,,,,False,False
/msgdata/pl_msg.narc,/msgdata/pl_msg.narc!/member_00044,0,/msgdata/pl_msg.narc,378,44,,131324,131576,125560,125812,252,6ec4cbc480df3c250f097e40e321f01303c1f272f3e92c63f5c0fec1536e1b6b,020036c44a555e551f555e552aaabcaa,,,,,False,,,,,,,,,,False,False
/msgdata/pl_msg.narc,/msgdata/pl_msg.narc!/member_00045,0,/msgdata/pl_msg.narc,378,45,,131576,136216,125812,130452,4640,cc420f25321d84699eca511dbb635c8b68db3e218b91df6cbdef9bbb935d4d9a,2b003ac40e6052613f61526192c0a4c2,,,,,False,,,,,,,,,,False,False
/msgdata/pl_msg.narc,/msgdata/pl_msg.narc!/member_00046,0,/msgdata/pl_msg.narc,378,46,,136216,137800,130452,132036,1584,2fc73f364f928e55596374cd1a84ef439766ffb71db0247232293cf5d090aeca,120036c4ca555e5577555e555aaabcaa,,,,,False,,,,,,,,,,False,False
/msgdata/pl_msg.narc,/msgdata/pl_msg.narc!/member_00047,0,/msgdata/pl_msg.narc,378,47,,137800,139590,132036,133826,1790,f8ccfe103b5282d207f916c6fa037ce37385b37c0423d6d038193e9cbdfe3ed1,100032c4ee496a4959496a493e92d492,,Nintendo LZ10,Probable,,True,Nintendo LZ10,Probable,True,12857856,False,,,,,False,False
/msgdata/pl_msg.narc,/msgdata/pl_msg.narc!/member_00048,0,/msgdata/pl_msg.narc,378,48,,139592,143144,133828,137380,3552,8e8d0edd7ee6bd546e68e8932ff224a806996d8d6f8cb0bd322efe9bc3a795b1,1c00334483cc67cceccc67cc3499ce98,,,,,False,,,,,,,,,,False,False
/msgdata/pl_msg.narc,/msgdata/pl_msg.narc!/member_00049,0,/msgdata/pl_msg.narc,378,49,,143144,143526,137380,137762,382,05a0221bb426d940af74498b9eab74ed28dfbad2318a99a969c07e3574ca1826,03004b4403141f146a141f1438293e28,,,,,False,,,,,,,,,,False,False
/msgdata/pl_msg.narc,/msgdata/pl_msg.narc!/member_00050,0,/msgdata/pl_msg.narc,378,50,,143528,143932,137764,138168,404,1c83613a68b358986dae48ca367dc6fc43746dd8d3902820bae702eb7efa4bd2,040047440f082b0802082b0820105610,,,,,False,,,,,,,,,,False,False
/msgdata/pl_msg.narc,/msgdata/pl_msg.narc!/member_00051,0,/msgdata/pl_msg.narc,378,51,,143932,144076,138168,138312,144,ddccf3d0b4553f32ba43ef100d5469da7a0bc0ef475c05f4f2b5182025588c76,020042c42e793a7921793a793ef274f2,,,,,False,,,,,,,,,,False,False
/msgdata/pl_msg.narc,/msgdata/pl_msg.narc!/member_00052,0,/msgdata/pl_msg.narc,378,52,,144076,144252,138312,138488,176,f90dca621bf6481e71ba25fd3ad5b6fb4e8de93649f756c09574b3920634b033,01000b4cd33cdf3c8d3cdf3c0d1ace64,,,,,False,,,,,,,,,,False,False
/msgdata/pl_msg.narc,/msgdata/pl_msg.narc!/member_00053,0,/msgdata/pl_msg.narc,378,53,,144252,148470,138488,142706,4218,f6113e7131e776b9a3a5aabbd428be5255f8502ecef90feb95fbfbc1d0d1e72b,2c009f474707230643062306620e460c,,,,,False,,,,,,,,,,False,False
/msgdata/pl_msg.narc,/msgdata/pl_msg.narc!/member_00054,0,/msgdata/pl_msg.narc,378,54,,148472,148680,142708,142916,208,ee9bb44105c618541ac3793f72fa125944ae7b8b45f0dbb339d48dc7e3b41596,0200d0ca840f900fb30f900f7a1f201f,,,,,False,,,,,,,,,,False,False
/msgdata/pl_msg.narc,/msgdata/pl_msg.narc!/member_00055,0,/msgdata/pl_msg.narc,378,55,,148680,150130,142916,144366,1450,301ebbcdd0ec2044b8b60d83bc135b83e228f0d72b39cea6d5da7e5149db8e08,0a006ef9e25db65dee5db65d68ba6cbb,,,,,False,,,,,,,,,,False,False
/msgdata/pl_msg.narc,/msgdata/pl_msg.narc!/member_00056,0,/msgdata/pl_msg.narc,378,56,,150132,150862,144368,145098,730,3ee31dd176a1054c33350712e0d85f5aa9afff936067a56235581c1245206b8a,0800d32bc3f587f5a0f587f59ceb0eeb,,,,,False,,,,,,,,,,False,False
/msgdata/pl_msg.narc,/msgdata/pl_msg.narc!/member_00057,0,/msgdata/pl_msg.narc,378,57,,150864,152972,145100,147208,2108,d21e0f5ab35ca171a8d9dde243a3cc894195fbf7f304d91add87242424d16836,0e00037483acf7acd0acf7ac2c59ee59,,,,,False,,,,,,,,,,False,False
/msgdata/pl_msg.narc,/msgdata/pl_msg.narc!/member_00058,0,/msgdata/pl_msg.narc,378,58,,152972,155790,147208,150026,2818,1dc6288e7958640cbbd89918260224c4e2eac0c9685c2e1900898e49c032d871,0e000f74a7d0d3d0f3d0d3d012a1a6a1,,,,,False,,,,,,,,,,False,False
/msgdata/pl_msg.narc,/msgdata/pl_msg.narc!/member_00059,0,/msgdata/pl_msg.narc,378,59,,155792,163064,150028,157300,7272,c13858e382db5a362a93ff39206557773e902dbe6eb4f676769e4813452ce413,3b000b7403c5dfc4c4c4dfc4ac8bbe89,,,,,False,,,,,,,,,,False,False
/msgdata/pl_msg.narc,/msgdata/pl_msg.narc!/member_00060,0,/msgdata/pl_msg.narc,378,60,,163064,163450,157300,157686,386,4b5805f1baf025dc34389ad5a315fad931f799a7422596d67bc2f997ea91ace1,03001b74b3f4aff481f4aff426e95ee9,,,,,False,,,,,,,,,,False,False
/msgdata/pl_msg.narc,/msgdata/pl_msg.narc!/member_00061,0,/msgdata/pl_msg.narc,378,61,,163452,164112,157688,158348,660,78b1c469f4a4ee8c10adeb9d2351e3f2004c7eba57b0e5e1dddf7173f54edd0d,090012f48659ca599e59ca5960b394b3,,,,,False,,,,,,,,,,False,False
/msgdata/pl_msg.narc,/msgdata/pl_msg.narc!/member_00062,0,/msgdata/pl_msg.narc,378,62,,164112,164888,158348,159124,776,27b5307309aa0460f21f449db5074dc17de873eca48475b6fe9d7358af82025b,06002b744b247f2437247f243a48fe48,,,,,False,,,,,,,,,,False,False
/msgdata/pl_msg.narc,/msgdata/pl_msg.narc!/member_00063,0,/msgdata/pl_msg.narc,378,63,,164888,166254,159124,160490,1366,2482ef9fd60009dae5e8aea5f8d6427917adebab5b67fe19538814664b06de71,0b0022f4c6899a89d4899a89cc133413,,,,,False,,,,,,,,,,False,False
/msgdata/pl_msg.narc,/msgdata/pl_msg.narc!/member_00064,0,/msgdata/pl_msg.narc,378,64,,166256,169320,160492,163556,3064,59023971f7d1d8a56b672f207d61f05485f5b299bbe200839307d328a1c5718c,1f009b47d3fa2ffa9cfa2ffa3cf65ef4,,,,,False,,,,,,,,,,False,False
/msgdata/pl_msg.narc,/msgdata/pl_msg.narc!/member_00065,0,/msgdata/pl_msg.narc,378,65,,169320,169548,163556,163784,228,a8438fca31dbd1fb93c7a92e67640be592dec205617ac27379dbaeda9dbbf90c,0200f14a39f22df26af22df2f8e45ae4,,,,,False,,,,,,,,,,False,False
/msgdata/pl_msg.narc,/msgdata/pl_msg.narc!/member_00066,0,/msgdata/pl_msg.narc,378,66,,169548,171468,163784,165704,1920,bd04cf415a93c71de2dbed0da535e35dfc5c114cf92cf92fc8279ee0ea870933,0a006f59e740b3403640b34038806681,,,,,False,,,,,,,,,,False,False
/msgdata/pl_msg.narc,/msgdata/pl_msg.narc!/member_00067,0,/msgdata/pl_msg.narc,378,67,,171468,173160,165704,167396,1692,773cc42cae698c92745b94273962d5b96112ad56235976c7a90c98d23296a131,1000f2abaed22ad209d22ad29ea454a4,,Nintendo LZ10,Probable,,True,Nintendo LZ10,Probable,True,11268608,False,,,,,False,False
/msgdata/pl_msg.narc,/msgdata/pl_msg.narc!/member_00068,0,/msgdata/pl_msg.narc,378,68,,173160,173296,167396,167532,136,1339fefe19ebebedf1f22901c2a467c234c81c319b566f50a5158832d975be27,0100faab1eea12ea2cea12eae61ece64,,,,,False,,,,,,,,,,False,False
/msgdata/pl_msg.narc,/msgdata/pl_msg.narc!/member_00069,0,/msgdata/pl_msg.narc,378,69,,173296,173622,167532,167858,326,9c750c36f2943f3c31c69a156a62182d6b3838a1f977afb9a25c07f4c38b0cc1,03000364ebdcf7dcb3dcf7dc4ab9eeb9,,,,,False,,,,,,,,,,False,False
/msgdata/pl_msg.narc,/msgdata/pl_msg.narc!/member_00070,0,/msgdata/pl_msg.narc,378,70,,173624,174010,167860,168246,386,60380abe918c081131c8748610d45ef4a23ece631cb655f1893e5aa86bd3c4ba,05000f64ff00d300f900d3002601a601,,,,,False,,,,,,,,,,False,False
/msgdata/pl_msg.narc,/msgdata/pl_msg.narc!/member_00071,0,/msgdata/pl_msg.narc,378,71,,174012,174266,168248,168502,254,673763fa67625ce018b9d3299dd87c2086baea291f3d50d14aa7a9fcd1bd00f5,03000b64c3f4dff4f0f4dff4c4e9bee9,,,,,False,,,,,,,,,,False,False
/msgdata/pl_msg.narc,/msgdata/pl_msg.narc!/member_00072,0,/msgdata/pl_msg.narc,378,72,,174268,174424,168504,168660,156,b5f0c0dcc6220c241d797f3f172e3c3597f5b4391bf29fb822b81ab5ee883a7a,03001764a718bb18a818bb1834317631,,,,,False,,,,,,,,,,False,False
/msgdata/pl_msg.narc,/msgdata/pl_msg.narc!/member_00073,0,/msgdata/pl_msg.narc,378,73,,174424,175144,168660,169380,720,682f1e70a5469bcbe92888ed0d0eb3534eb3d2628fc6b3bd04b6668f4af051f8,07001b649324af249424af24ec495e49,,,,,False,,,,,,,,,,False,False
/msgdata/pl_msg.narc,/msgdata/pl_msg.narc!/member_00074,0,/msgdata/pl_msg.narc,378,74,,175144,175824,169380,170060,680,69a7942b3d467739d5504eb4d73c8d7a2d2a92b8ba777dcd4df4a95c453b0938,050017649718bb189a18bb1818317631,,,,,False,,,,,,,,,,False,False
/msgdata/pl_msg.narc,/msgdata/pl_msg.narc!/member_00075,0,/msgdata/pl_msg.narc,378,75,,175824,176048,170060,170284,224,680b59c650ed1ba40d8d7315f5d1ccca37a063d063354c356b8bbfbe55270f01,03001364db0cc70ce10cc70ce6198e19,,,,,False,,,,,,,,,,False,False
/msgdata/pl_msg.narc,/msgdata/pl_msg.narc!/member_00076,0,/msgdata/pl_msg.narc,378,76,,176048,176480,170284,170716,432,4493173b9e2e4e041428df8fc0bd863cc2eeea2ab71ef46fc8ae806656cbacae,03000f64cf00d3009900d3001601a601,,,,,False,,,,,,,,,,False,False
/msgdata/pl_msg.narc,/msgdata/pl_msg.narc!/member_00077,0,/msgdata/pl_msg.narc,378,77,,176480,176690,170716,170926,210,7e7b2146c8164d2cd542877bb95da4d02adea9e727755d7a87aa9a4ded9a87bf,020012e4de89ca89f289ca8910139413,,,,,False,,,,,,,,,,False,False
/msgdata/pl_msg.narc,/msgdata/pl_msg.narc!/member_00078,0,/msgdata/pl_msg.narc,378,78,,176692,179070,170928,173306,2378,0a635c0aa6a5bfa992a6f2e8b6ad4ac0c13f373e04331c1f579395248d5b8c75,1b002b64a3547f5467547f54f2a9fea8,,,,,False,,,,,,,,,,False,False
/msgdata/pl_msg.narc,/msgdata/pl_msg.narc!/member_00079,0,/msgdata/pl_msg.narc,378,79,,179072,179400,173308,173636,328,7a4d71722b0a868b924255e93e7f24ea6296c6c10e7a55458f2d1c3c992859fd,030022e486b99ab9c2b99ab9f8733473,,,,,False,,,,,,,,,,False,False
/msgdata/pl_msg.narc,/msgdata/pl_msg.narc!/member_00080,0,/msgdata/pl_msg.narc,378,80,,179400,179678,173636,173914,278,15eaa5944656c3f3c93dc95ea95491a29aad778edfd5d6dcbbfeeee55a4f5d39,03003ae44e015201610152012602a402,,,,,False,,,,,,,,,,False,False
/msgdata/pl_msg.narc,/msgdata/pl_msg.narc!/member_00081,0,/msgdata/pl_msg.narc,378,81,,179680,180120,173916,174356,440,ea65e06382edc536617be68f7f8c0bb97da3667054b53b69f2589c163fcfc1b3,040036e47af55ef571f55ef53eeabcea,,,,,False,,,,,,,,,,False,False
/msgdata/pl_msg.narc,/msgdata/pl_msg.narc!/member_00082,0,/msgdata/pl_msg.narc,378,82,,180120,180308,174356,174544,188,6e9faddff6a01456b6d7785b3f779623c9d9026ab91716099c5d441f7c25477e,020032e47ee96ae95be96ae9a2d2d4d2,,,,,False,,,,,,,,,,False,False
/msgdata/pl_msg.narc,/msgdata/pl_msg.narc!/member_00083,0,/msgdata/pl_msg.narc,378,83,,180308,180432,174544,174668,124,56307d961b27835d665b3ddbc35da62a759663ce736ce44495a04d2062a34a6c,010033646b6c676c5f6c676c971efb60,,,,,False,,,,,,,,,,False,False
/msgdata/pl_msg.narc,/msgdata/pl_msg.narc!/member_00084,0,/msgdata/pl_msg.narc,378,84,,180432,185396,174668,179632,4964,cf4b64d2eb0a3f7178bb67171b9e6c4343a2055327699f22a3ff0a49109cf98c,2b00874737bf6bbe65be6bbeae7dd67c,,,,,False,,,,,,,,,,False,False
/msgdata/pl_msg.narc,/msgdata/pl_msg.narc!/member_00085,0,/msgdata/pl_msg.narc,378,85,,185396,185780,179632,180016,384,7facdbdc5067138c1e1ff88aaf2099dd008909cff8f6a80e5b30bc5e07a82169,020010cac4d1d0d1a8d1d0d1a4a2a0a3,,,,,False,,,,,,,,,,False,False
/msgdata/pl_msg.narc,/msgdata/pl_msg.narc!/member_00086,0,/msgdata/pl_msg.narc,378,86,,185780,188052,180016,182288,2272,3b514fd6adfa24fc58607514735c7c339868336f169c89b3205c1f532ff64aa5,11006e393a9db69dd99db69d063a6c3b,,Nintendo LZ11,Probable,,True,Nintendo LZ11,Probable,True,3763712,False,,,,,False,False
/msgdata/pl_msg.narc,/msgdata/pl_msg.narc!/member_00087,0,/msgdata/pl_msg.narc,378,87,,188052,189492,182288,183728,1440,be64217539838a27304a8547688bf960cdbb1c46c9c87a6b6d8daa2652a690c6,0e006239ae79da79aa79da79e0f2b4f3,,,,,False,,,,,,,,,,False,False
/msgdata/pl_msg.narc,/msgdata/pl_msg.narc!/member_00088,0,/msgdata/pl_msg.narc,378,88,,189492,191070,183728,185306,1578,d2da10fa5f822a527dc3684767996dfb5ca8a042106ce87d2f3f14880338745c,1400132b63b7c7b7ebb7c7b7726f8e6f,,,,,False,,,,,,,,,,False,False
/msgdata/pl_msg.narc,/msgdata/pl_msg.narc!/member_00089,0,/msgdata/pl_msg.narc,378,89,,191072,191140,185308,185376,68,791a96b57d216cd450c89680f76fd95d82bbc67cadd0bb8aeb4062d2358211a2,01001f2bafdba3dbbfdba3dbf51c2069,,,,,False,,,,,,,,,,False,False
/msgdata/pl_msg.narc,/msgdata/pl_msg.narc!/member_00090,0,/msgdata/pl_msg.narc,378,90,,191140,191968,185376,186204,828,8e5bd73b3b50959afc1d553def067a4bbcc239f6a6ae15b34a111b636ceed281,07000314cbccf7ccdbccf7cc7a99ee99,,,,,False,,,,,,,,,,False,False
/msgdata/pl_msg.narc,/msgdata/pl_msg.narc!/member_00091,0,/msgdata/pl_msg.narc,378,91,,191968,193044,186204,187280,1076,0d0a4dd18edc9f4a14711b9c2b5d8183a880e4ec0db37133aee02a81b28db26b,08001b14eb14af148614af14c8295e29,,,,,False,,,,,,,,,,False,False
/msgdata/pl_msg.narc,/msgdata/pl_msg.narc!/member_00092,0,/msgdata/pl_msg.narc,378,92,,193044,193320,187280,187556,276,d59bc162d6cb72066984c2461cb9de8bee7c54bf37a76dc2ce50fa24fdc09421,03001714a708bb089f08bb0812117611,,,,,False,,,,,,,,,,False,False
/msgdata/pl_msg.narc,/msgdata/pl_msg.narc!/member_00093,0,/msgdata/pl_msg.narc,378,93,,193320,193506,187556,187742,186,c5526f0b07c33b58f8e56e999fac3bcf445aa2ec36a24dc81bd87738c40c7af5,02001314d3fcc7fcfffcc7fc0af98ef9,,,,,False,,,,,,,,,,False,False
/msgdata/pl_msg.narc,/msgdata/pl_msg.narc!/member_00094,0,/msgdata/pl_msg.narc,378,94,,193508,194364,187744,188600,856,eeb9fb7bff8e38026ebc918ea462b2312121edd8861873149d0d6ac75a93b671,07000f14eff0d3f0e9f0d3f016e1a6e1,,,,,False,,,,,,,,,,False,False
/msgdata/pl_msg.narc,/msgdata/pl_msg.narc!/member_00095,0,/msgdata/pl_msg.narc,378,95,,194364,201080,188600,195316,6716,12737eab6dd0a7f0363047866df66248ca211a5ba4b8fb228861cfa0d9addc0f,38000b141be5dfe4bfe4dfe43acbbec9,,,,,False,,,,,,,,,,False,False
/msgdata/pl_msg.narc,/msgdata/pl_msg.narc!/member_00096,0,/msgdata/pl_msg.narc,378,96,,201080,202578,195316,196814,1498,9ab0828bf9c87ac4b58efe0d28d9664f6f968d76c7c534b27e552f2378cb3866,100012944e79ca79f879ca797cf394f3,,Nintendo LZ10,Probable,,True,Nintendo LZ10,Probable,True,9703936,False,,,,,False,False
/msgdata/pl_msg.narc,/msgdata/pl_msg.narc!/member_00097,0,/msgdata/pl_msg.narc,378,97,,202580,202990,196816,197226,410,beecbfc8d592ff0277a279f5c7dcb9091d715676f0736cba1698b872485f90df,04001e94829da69d939da69dc23b4c3b,,,,,False,,,,,,,,,,False,False
/msgdata/pl_msg.narc,/msgdata/pl_msg.narc!/member_00098,0,/msgdata/pl_msg.narc,378,98,,202992,203358,197228,197594,366,978981bb8379b32bf2f4f7db35cc44fe1a2131e0744d3785d41eabf6ebfa4bf2,04001a949691b2918191b291ee236423,,,,,False,,,,,,,,,,False,False
/msgdata/pl_msg.narc,/msgdata/pl_msg.narc!/member_00099,0,/msgdata/pl_msg.narc,378,99,,203360,203578,197596,197814,218,2e0ce8114523d9ac78e6a35dd0f2674d7f8a649e646838ccc9f291f55be64f6b,02000694fa55ee55df55ee55aaabdcab,,,,,False,,,,,,,,,,False,False
/msgdata/pl_msg.narc,/msgdata/pl_msg.narc!/member_00100,0,/msgdata/pl_msg.narc,378,100,,203580,204988,197816,199224,1408,2f9b366c7b5aecbf431de0918a7e82dbd2c5e4fda84377c24ab103b0d90a2bd6,08002b143b447f4450447f445c88fe88,,,,,False,,,,,,,,,,False,False
/msgdata/pl_msg.narc,/msgdata/pl_msg.narc!/member_00101,0,/msgdata/pl_msg.narc,378,101,,204988,205196,199224,199432,208,fa71566d1b0d3ba1cab5fa7f7873c1b3a7458b4757a98b0fe2db1dedb031b2f9,0300229486a99aa98da99aa97e533453,,,,,False,,,,,,,,,,False,False
/msgdata/pl_msg.narc,/msgdata/pl_msg.narc!/member_00102,0,/msgdata/pl_msg.narc,378,102,,205196,206070,199432,200306,874,b802d854820e29a76b8fe94786b4fe4df96aed96aa2747a7f8abc7dfc37e04d6,06003a9466f152f116f152f118e2a4e2,,,,,False,,,,,,,,,,False,False
/msgdata/pl_msg.narc,/msgdata/pl_msg.narc!/member_00103,0,/msgdata/pl_msg.narc,378,103,,206072,207158,200308,201394,1086,231fe55746336189b3cd7bbf2d1346a39fad059c35fd0c1b00844624d2bdd77a,06003314535c675c375c675c1ab8ceb8,,,,,False,,,,,,,,,,False,False
/msgdata/pl_msg.narc,/msgdata/pl_msg.narc!/member_00104,0,/msgdata/pl_msg.narc,378,104,,207160,215832,201396,210068,8672,70768553f4fcd059dbbcd6e8b2652c3140aadfa5a27f2ed536155d21d3b7355b,30004b149ba51fa420a41fa43c4a3e48,,Nintendo RLE,Probable,,True,Nintendo RLE,Probable,False,1329920,,,,,,False,False
/msgdata/pl_msg.narc,/msgdata/pl_msg.narc!/member_00105,0,/msgdata/pl_msg.narc,378,105,,215832,221970,210068,216206,6138,a930a40e59e699be672fbeffaaf442c49fa78fcf86491ee94688d786ce4b3ab9,3d0083479bb377b243b277b2ba66ee64,,,,,False,,,,,,,,,,False,False
/msgdata/pl_msg.narc,/msgdata/pl_msg.narc!/member_00106,0,/msgdata/pl_msg.narc,378,106,,221972,222246,216208,216482,274,44beafc679fc762ed17d58f0a9d09ce9b750a93448a257dff21c1e3a5ab1f6a6,0200314a79b46db451b46db45668da68,,,,,False,,,,,,,,,,False,False
/msgdata/pl_msg.narc,/msgdata/pl_msg.narc!/member_00107,0,/msgdata/pl_msg.narc,378,107,,222248,224018,216484,218254,1770,58f92e84ca9c73d0980f860fb34cfda08bf98450402177294d093f4c5eb21872,07006f998f80b380a681b38000036601,,,,,False,,,,,,,,,,False,False
/msgdata/pl_msg.narc,/msgdata/pl_msg.narc!/member_00108,0,/msgdata/pl_msg.narc,378,108,,224020,225110,218256,219346,1090,2d60bdfbce46f0a9855a017f99be9cd3dc5378de97101e7111f615c5cb642e3d,09007b99c3a48fa414a48fa49c481e49,,,,,False,,,,,,,,,,False,False
/msgdata/pl_msg.narc,/msgdata/pl_msg.narc!/member_00109,0,/msgdata/pl_msg.narc,378,109,,225112,225262,219348,219498,150,fc548702d320cadc28c4dfdf554f70f6a5f4320aec30099b57df9722f5e1755e,03007399bb8ca78c858ca78c2e194e19,,,,,False,,,,,,,,,,False,False
/msgdata/pl_msg.narc,/msgdata/pl_msg.narc!/member_00110,0,/msgdata/pl_msg.narc,378,110,,225264,225410,219500,219646,146,8c82fb2c0bd628fff5751ebabb95fc33707465fe3244a12ae5292c2b620818aa,03004b9903151f153f151f15622a3e2a,,,,,False,,,,,,,,,,False,False
/msgdata/pl_msg.narc,/msgdata/pl_msg.narc!/member_00111,0,/msgdata/pl_msg.narc,378,111,,225412,226412,219648,220648,1000,50a5756a43fda788bf8a082e33cfa036f54a6b33ae542d47190df1baa85003d5,0600679dff5ccb5c7a5ccb5c00b896b9,,,,,False,,,,,,,,,,False,False
/msgdata/pl_msg.narc,/msgdata/pl_msg.narc!/member_00112,0,/msgdata/pl_msg.narc,378,112,,226412,227546,220648,221782,1134,f6be78316953601f308e6e3857b6022f4b7b9e6de03bc2586e6ade51129d8cb9,0d0032ab06946a9422946a942828d428,,,,,False,,,,,,,,,,False,False
/msgdata/pl_msg.narc,/msgdata/pl_msg.narc!/member_00113,0,/msgdata/pl_msg.narc,378,113,,227548,227898,221784,222134,350,1e487c03dff3e4c79572f9edb52bfe7bd7c107d34c67dd5a47f2bcb91990e954,04000304d3fcf7fcd8fcf7fc6cf9eef9,,,,,False,,,,,,,,,,False,False
/msgdata/pl_msg.narc,/msgdata/pl_msg.narc!/member_00114,0,/msgdata/pl_msg.narc,378,114,,227900,228130,222136,222366,230,b91b6138e81b5c087c82d985cd4f9880916d3f3e732f442bb01e544ab42a10a4,03000f04cf20d320c820d320f441a641,,,,,False,,,,,,,,,,False,False
/msgdata/pl_msg.narc,/msgdata/pl_msg.narc!/member_00115,0,/msgdata/pl_msg.narc,378,115,,228132,228202,222368,222438,70,3e3ebe16b9a2948be22a04f067470d21f0f142af21f120a91eb0995fe44d68b0,01000b04d314df14c214df140d1ace64,,,,,False,,,,,,,,,,False,False
/msgdata/pl_msg.narc,/msgdata/pl_msg.narc!/member_00116,0,/msgdata/pl_msg.narc,378,116,,228204,229604,222440,223840,1400,024d05f9b7ed4c22f235ba54765972326ca1e8134c7e0b1636a12f79a99d73ce,0e001b04db44af44af45af442a8b5e89,,,,,False,,,,,,,,,,False,False
/msgdata/pl_msg.narc,/msgdata/pl_msg.narc!/member_00117,0,/msgdata/pl_msg.narc,378,117,,229604,229842,223840,224078,238,afefc8551d054d9662d67c96cc5219638dab849900c2e3e133335acef57fda66,03001284d6a9caa9eda9caa9fe539453,,,,,False,,,,,,,,,,False,False
/msgdata/pl_msg.narc,/msgdata/pl_msg.narc!/member_00118,0,/msgdata/pl_msg.narc,378,118,,229844,230040,224080,224276,196,e78d5148792f9270a82a98fbd7cbaba12d5546861a722d656bc9ccf9ebb5b06f,02002b046b747f7458747f749ce8fee8,,,,,False,,,,,,,,,,False,False
/msgdata/pl_msg.narc,/msgdata/pl_msg.narc!/member_00119,0,/msgdata/pl_msg.narc,378,119,,230040,230260,224276,224496,220,ac43605aafd199a5b18f547e8553eca08f3f75130b064fc11cd5d7446b9f3689,0300228486d99ad9b2d99ad958b334b3,,,,,False,,,,,,,,,,False,False
/msgdata/pl_msg.narc,/msgdata/pl_msg.narc!/member_00120,0,/msgdata/pl_msg.narc,378,120,,230260,230954,224496,225190,694,acb70cfab1b39f3b05b9a3671015ac5ac8ba7ee7590ba9de0a764de9c569c4ae,03003a844e21522172215221f842a442,,,,,False,,,,,,,,,,False,False
/msgdata/pl_msg.narc,/msgdata/pl_msg.narc!/member_00121,0,/msgdata/pl_msg.narc,378,121,,230956,231518,225192,225754,562,1c5267d4e239c3256bf9577e78f08306b1b9881e4e19213c039859f6ddc37844,06003304538c678c478c678cba18ce18,,,,,False,,,,,,,,,,False,False
/msgdata/pl_msg.narc,/msgdata/pl_msg.narc!/member_00122,0,/msgdata/pl_msg.narc,378,122,,231520,232248,225756,226484,728,fcafe3df4f541b6acb210b3aaebffd4becaf05007775c424bd212ce69bc4d0dc,09004b0453d41fd47bd41fd42aa93ea8,,,,,False,,,,,,,,,,False,False
/msgdata/pl_msg.narc,/msgdata/pl_msg.narc!/member_00123,0,/msgdata/pl_msg.narc,378,123,,232248,232672,226484,226908,424,961e28842924f440829c40bc78c3e3800840080bb46b12a2a06ff88fd1c5ca27,040047040fc82bc818c82bc8dc905690,,,,,False,,,,,,,,,,False,False
/msgdata/pl_msg.narc,/msgdata/pl_msg.narc!/member_00124,0,/msgdata/pl_msg.narc,378,124,,232672,232742,226908,226978,70,f065428f651d92df2fbb88fb1eff4307a31fe53736130318d98a13221e9a5e80,010043043bbc37bc2abc37bc0d1ace64,,,,,False,,,,,,,,,,False,False
/msgdata/pl_msg.narc,/msgdata/pl_msg.narc!/member_00125,0,/msgdata/pl_msg.narc,378,125,,232744,233924,226980,228160,1180,11fe540f3c5d14fe97453579c7d9d03be48155323259012ddb7c2c3e51b21d47,0900428476393a39af393a3902737472,,,,,False,,,,,,,,,,False,False
/msgdata/pl_msg.narc,/msgdata/pl_msg.narc!/member_00126,0,/msgdata/pl_msg.narc,378,126,,233924,234470,228160,228706,546,e21dbd87ed80a68de49ee01401e50fefc1103fc3cd79262189245190a5d662e2,04000b0cfbfcdffcbafcdffc50f9bef9,,,,,False,,,,,,,,,,False,False
/msgdata/pl_msg.narc,/msgdata/pl_msg.narc!/member_00127,0,/msgdata/pl_msg.narc,378,127,,234472,237260,228708,231496,2788,f7344a8c052db98ff7362fbc5c1af1114dd5c9b7355bba68b2e5c62916e3bf46,1900028c3661fa61f461fa611cc3f4c3,,,,,False,,,,,,,,,,False,False
/msgdata/pl_msg.narc,/msgdata/pl_msg.narc!/member_00128,0,/msgdata/pl_msg.narc,378,128,,237260,237852,231496,232088,592,c959bc62752a35daac86f655243df34458b36ca9bfde0c9f21b43d0983b742fb,04000a8cc679e279a679e27968f3c4f3,,,,,False,,,,,,,,,,False,False
/msgdata/pl_msg.narc,/msgdata/pl_msg.narc!/member_00129,0,/msgdata/pl_msg.narc,378,129,,237852,239098,232088,233334,1246,7a55440041a0594be5d02f886923cfb8fe71c2c258a75b0be803711c8f7506d2,09001a8cfea9b2a9f1a9b2a9b6536453,,,,,False,,,,,,,,,,False,False
/msgdata/pl_msg.narc,/msgdata/pl_msg.narc!/member_00130,0,/msgdata/pl_msg.narc,378,130,,239100,244066,233336,238302,4966,901a5de94e6a503acc32c780cbb30d23b6c221b4f78669dda52d3afc99aa7678,2d008f473fd753d63cd653d6ecaea6ac,,,,,False,,,,,,,,,,False,False
/msgdata/pl_msg.narc,/msgdata/pl_msg.narc!/member_00131,0,/msgdata/pl_msg.narc,378,131,,244068,244444,238304,238680,376,d51f7d4de7b29099bd43535a7df0ee7886fbc5904c801eb3335a80232ef8c6ab,0300514a11140d143b140d1492281a28,,,,,False,,,,,,,,,,False,False
/msgdata/pl_msg.narc,/msgdata/pl_msg.narc!/member_00132,0,/msgdata/pl_msg.narc,378,132,,244444,245962,238680,240198,1518,cd67f3430301700113bba6b9aeee266b49ea43c086b207fe9af69ef089c2a5cf,0a006ff9e760b360d360b36072c066c1,,,,,False,,,,,,,,,,False,False
/msgdata/pl_msg.narc,/msgdata/pl_msg.narc!/member_00133,0,/msgdata/pl_msg.narc,378,133,,245964,246960,240200,241196,996,9054a04b2e545899542970edaf8164f62e3e0a1c5dd2cbc41369834daaaf4fbf,0e0052ab7ef40af43af40af4c0e814e8,,,,,False,,,,,,,,,,False,False
/msgdata/pl_msg.narc,/msgdata/pl_msg.narc!/member_00134,0,/msgdata/pl_msg.narc,378,134,,246960,247032,241196,241268,72,82a9ddf97a784e86e0fc92826a0f740654b6f9cc62f669ca1e45f46d73f5aab0,01005eabea17e617f817e617931c1463,,,,,False,,,,,,,,,,False,False
/msgdata/pl_msg.narc,/msgdata/pl_msg.narc!/member_00135,0,/msgdata/pl_msg.narc,378,135,,247032,249354,241268,243590,2322,e8f115d8878b0cc1c088f8a79c2cb22a5082b6694eb3b6f9a8062b634f519f27,150003345b6cf76cc46cf76cfcd8eed9,,,,,False,,,,,,,,,,False,False
/msgdata/pl_msg.narc,/msgdata/pl_msg.narc!/member_00136,0,/msgdata/pl_msg.narc,378,136,,249356,249844,243592,244080,488,25358bd8e7f4a3ba8e78d3e65acd7a3e2cb05ed20e297042e61cf7b2f13def54,06000f34e790d390ca90d390c021a621,,,,,False,,,,,,,,,,False,False
/msgdata/pl_msg.narc,/msgdata/pl_msg.narc!/member_00137,0,/msgdata/pl_msg.narc,378,137,,249844,250214,244080,244450,370,68799c056b1bec1a58947020700239e1ff34aae93bd0dc95e45bf104460e14ca,03001b34b3b4afb495b4afb4ce695e69,,,,,False,,,,,,,,,,False,False
/msgdata/pl_msg.narc,/msgdata/pl_msg.narc!/member_00138,0,/msgdata/pl_msg.narc,378,138,,250216,251164,244452,245400,948,077b412cdc312d313fd0dda3a23f89853c030e5874ab9e7f93dd94ad8ccf0617,070012b4f619ca198219ca1958339433,,,,,False,,,,,,,,,,False,False
/msgdata/pl_msg.narc,/msgdata/pl_msg.narc!/member_00139,0,/msgdata/pl_msg.narc,378,139,,251164,252664,245400,246900,1500,95400eb0a7889451fcb48e263f08999bedf84325a0b8da39cd4c8fa8f4b00183,12002b34ebe47fe415e47fe496c9fec8,,,,,False,,,,,,,,,,False,False
/msgdata/pl_msg.narc,/msgdata/pl_msg.narc!/member_00140,0,/msgdata/pl_msg.narc,378,140,,252664,252896,246900,247132,232,1fa06932937fa5d0c5a7ba8c62d706fb1d4196c1dde20d75eae12b5fb2eac635,030022b486499a49aa499a4948933493,,,,,False,,,,,,,,,,False,False
/msgdata/pl_msg.narc,/msgdata/pl_msg.narc!/member_00141,0,/msgdata/pl_msg.narc,378,141,,252896,254024,247132,248260,1128,8526664df2a97e7172d073b9cd4ce0f7aea62f365e8ead900318c92ab1fe45ef,0d003ab43e915291739152910a22a422,,,,,False,,,,,,,,,,False,False
/msgdata/pl_msg.narc,/msgdata/pl_msg.narc!/member_00142,0,/msgdata/pl_msg.narc,378,142,,254024,261994,248260,256230,7970,f8fd97389fcf087f497f8856683db9214b8667eba6b0d0e046e00b5ce5a24c2e,45008b4773c85fca06ca5fca6096be94,,,,,False,,,,,,,,,,False,False
/msgdata/pl_msg.narc,/msgdata/pl_msg.narc!/member_00143,0,/msgdata/pl_msg.narc,378,143,,261996,263808,256232,258044,1812,7f360070345ae6ee8d180de5bffd4b32a15dc8b0dfba9860f15a48a647dd7f27,0d006e59da3db63dc93db63d067a6c7b,,,,,False,,,,,,,,,,False,False
/msgdata/pl_msg.narc,/msgdata/pl_msg.narc!/member_00144,0,/msgdata/pl_msg.narc,378,144,,263808,264596,258044,258832,788,182dee22260b7f8b6efabc297d460e654e15747dbe2880d6be6a6c288ca47a3b,0c00732bc3d6a7d68cd6a7d6f4ad4ead,,,,,False,,,,,,,,,,False,False
/msgdata/pl_msg.narc,/msgdata/pl_msg.narc!/member_00145,0,/msgdata/pl_msg.narc,378,145,,264596,264722,258832,258958,126,ac9756906edadc4e61374096412defc576b761c246b3d6f9e168353131cba815,01007b2b83ee8feeb6ee8feec61c1f6f,,,,,False,,,,,,,,,,False,False
/msgdata/pl_msg.narc,/msgdata/pl_msg.narc!/member_00146,0,/msgdata/pl_msg.narc,378,146,,264724,267802,258960,262038,3078,66076cda38855c3aeb18d52e285257c21da9e471bd8501ee64caf3667a1ffe42,1c000324139cf79ce09cf79cfc38ee39,,,,,False,,,,,,,,,,False,False
/msgdata/pl_msg.narc,/msgdata/pl_msg.narc!/member_00147,0,/msgdata/pl_msg.narc,378,147,,267804,268352,262040,262588,548,5a1deebcc9413ecc3b5a0145d1dfbb11175bbbba110c91204213b2eef664e5b9,07001b2493e4afe4bee4afe400c95ec9,,,,,False,,,,,,,,,,False,False
/msgdata/pl_msg.narc,/msgdata/pl_msg.narc!/member_00148,0,/msgdata/pl_msg.narc,378,148,,268352,269374,262588,263610,1022,8b5e7603e6423946b0253792d002fd26ed2ac5d368b74ff5eb93facd22e09a42,0f001724c7d8bbd8b4d8bbd8ecb176b1,,,,,False,,,,,,,,,,False,False
/msgdata/pl_msg.narc,/msgdata/pl_msg.narc!/member_00149,0,/msgdata/pl_msg.narc,378,149,,269376,270268,263612,264504,892,2f9906e0d46f8ca9216acd9abf2ded8f6428a3fea309eec654729a760157320b,0b0013249bccc7ccc8ccc7ccf4998e99,,,,,False,,,,,,,,,,False,False
/msgdata/pl_msg.narc,/msgdata/pl_msg.narc!/member_00150,0,/msgdata/pl_msg.narc,378,150,,270268,270996,264504,265232,728,a4c96a4d82e3d1f56be6b6fe7908ac3514bef1a89b0349ffc68a0e6eaf92781a,0b000f248fc0d3c0dcc0d3c0dc81a681,,,,,False,,,,,,,,,,False,False
/msgdata/pl_msg.narc,/msgdata/pl_msg.narc!/member_00151,0,/msgdata/pl_msg.narc,378,151,,270996,271776,265232,266012,780,17a0e4bb3ccf112a552d6796e8e00a0eea99477b2ed32723d56226211c2c449e,0b000b2483b4dfb4c1b4dfb42669be69,,,,,False,,,,,,,,,,False,False
/msgdata/pl_msg.narc,/msgdata/pl_msg.narc!/member_00152,0,/msgdata/pl_msg.narc,378,152,,271776,272354,266012,266590,578,343a21ed6a89dc368d10372585ecc2d94e49c5b1b42f8ddaaea937137e862278,0b000724b7a8eba8c6a8eba86051d651,,,,,False,,,,,,,,,,False,False
/msgdata/pl_msg.narc,/msgdata/pl_msg.narc!/member_00153,0,/msgdata/pl_msg.narc,378,153,,272356,274652,266592,268888,2296,638a131db919125c375a673ff7f50263a8b77d6f097f64ae654e946353547c02,26000324c39df79ced9cf79c8638ee39,,,,,False,,,,,,,,,,False,False
/msgdata/pl_msg.narc,/msgdata/pl_msg.narc!/member_00154,0,/msgdata/pl_msg.narc,378,154,,274652,275862,268888,270098,1210,4f010647ee63dc134d5a944b21f9ab84aab2052764064f12ff990549f2e2cfb7,0a0012a49e49ca498b49ca4942939493,,,,,False,,,,,,,,,,False,False
/msgdata/pl_msg.narc,/msgdata/pl_msg.narc!/member_00155,0,/msgdata/pl_msg.narc,378,155,,275864,276934,270100,271170,1070,1a6bc34e88b97e06f9e0e9c1b802e29878bb9cc93c7328157df6c98db30156c6,10002b24fb147f1453147f142228fe28,,Nintendo LZ10,Probable,,True,Nintendo LZ10,Probable,True,2370304,False,,,,,False,False
/msgdata/pl_msg.narc,/msgdata/pl_msg.narc!/member_00156,0,/msgdata/pl_msg.narc,378,156,,276936,277364,271172,271600,428,69bc3b2d42998840df00a90ea72cd10cad96f30b18dd4911edb582a7b550058d,070022a4a6799a798b799a796af334f3,,,,,False,,,,,,,,,,False,False
/msgdata/pl_msg.narc,/msgdata/pl_msg.narc!/member_00157,0,/msgdata/pl_msg.narc,378,157,,277364,277620,271600,271856,256,6709d3aa1d9498061085af45b3886525f43f1c74b39f6b40aa331185f7e77a05,03003aa44ec152c169c152c13682a482,,,,,False,,,,,,,,,,False,False
/msgdata/pl_msg.narc,/msgdata/pl_msg.narc!/member_00158,0,/msgdata/pl_msg.narc,378,158,,277620,278628,271856,272864,1008,b09e4a403f98afd034cea15074b121ee63a37fca22aeb0f6544a2eb3e9d70591,090033242b2c672c342c672c3c58ce58,,,,,False,,,,,,,,,,False,False
/msgdata/pl_msg.narc,/msgdata/pl_msg.narc!/member_00159,0,/msgdata/pl_msg.narc,378,159,,278628,279372,272864,273608,744,76d05a4536c2255cfb04e06e7180a8a8ab77cbb7f5b0f6e4e24d47d3ae02dc83,0b004b2443741f742a741f74f8e83ee8,,,,,False,,,,,,,,,,False,False
/msgdata/pl_msg.narc,/msgdata/pl_msg.narc!/member_00160,0,/msgdata/pl_msg.narc,378,160,,279372,279548,273608,273784,176,a8e81e0e8dc9281fc5046474d2ce9196dd708314e6f7518efb3eb08ee68d1ef5,020042a42ed93ad915d93ad906b274b2,,,,,False,,,,,,,,,,False,False
/msgdata/pl_msg.narc,/msgdata/pl_msg.narc!/member_00161,0,/msgdata/pl_msg.narc,378,161,,279548,283230,273784,277466,3682,6df67a2199383831430757c168e4730ead693debc51c6dfda4a5b6241bcd784c,1c00b7473f4ddb4d9c4ddb4dc49ab69b,,,,,False,,,,,,,,,,False,False
/msgdata/pl_msg.narc,/msgdata/pl_msg.narc!/member_00162,0,/msgdata/pl_msg.narc,378,162,,283232,283458,277468,277694,226,7ca99eb97b830435527b8ec7281fa751596c6ad47131f2de9051e82bf448acc6,020090cb444d504d694d504d269aa09a,,,,,False,,,,,,,,,,False,False
/msgdata/pl_msg.narc,/msgdata/pl_msg.narc!/member_00163,0,/msgdata/pl_msg.narc,378,163,,283460,284326,277696,278562,866,04b8bafde263e935233ce8a1d97029fff5755f682a173049e8e211a9b6bb6289,05006d39959ab99a159ab99af6347235,,,,,False,,,,,,,,,,False,False
/msgdata/pl_msg.narc,/msgdata/pl_msg.narc!/member_00164,0,/msgdata/pl_msg.narc,378,164,,284328,285496,278564,279732,1168,84d3512be4508a31e47e4275937a71b6d699806f3bfad862f2e49e74e6f8e003,06006539e582d1827082d182d404a205,,,,,False,,,,,,,,,,False,False
/msgdata/pl_msg.narc,/msgdata/pl_msg.narc!/member_00165,0,/msgdata/pl_msg.narc,378,165,,285496,286312,279732,280548,816,4b9ab4c4d469a65eedac63a1ecdae2deebb0e0e1fae14aa8615a0f20bff43b5b,0800932a033947390a39473950728e72,,,,,False,,,,,,,,,,False,False
/msgdata/pl_msg.narc,/msgdata/pl_msg.narc!/member_00166,0,/msgdata/pl_msg.narc,378,166,,286312,287276,280548,281512,964,6acf2e7c3a8e518482a9ca2990cc2ba35cb93906ccad17cf4ea61a4534eabfd8,0d0003d49b8cf78ce68cf78c6019ee19,,,,,False,,,,,,,,,,False,False
/msgdata/pl_msg.narc,/msgdata/pl_msg.narc!/member_00167,0,/msgdata/pl_msg.narc,378,167,,287276,289916,281512,284152,2640,fbe761e2792e739e20055aa88ad76e446ed659a5321aae16dcf0398d9707c959,16001bd41bd4afd4f6d4afd438a85ea9,,,,,False,,,,,,,,,,False,False
/msgdata/pl_msg.narc,/msgdata/pl_msg.narc!/member_00168,0,/msgdata/pl_msg.narc,378,168,,289916,290640,284152,284876,724,97c9717597ec43cf3442eca31cf725ba0c50d2d77d2b958d45e40df2d501c7ac,07001254f639ca398f39ca3952739473,,,,,False,,,,,,,,,,False,False
/msgdata/pl_msg.narc,/msgdata/pl_msg.narc!/member_00169,0,/msgdata/pl_msg.narc,378,169,,290640,291014,284876,285250,374,91687a1bd98376c06db8cf9f921763d8e780284b69b4e3165f74c1b82efa242c,02002bd46b047f0424047f043408fe08,,,,,False,,,,,,,,,,False,False
/msgdata/pl_msg.narc,/msgdata/pl_msg.narc!/member_00170,0,/msgdata/pl_msg.narc,378,170,,291016,291566,285252,285802,550,a80eadde76765be5704aa79cb59cafa3038d1c427006963b969612ed2cedd820,07002254a6699a69ae699a6990d334d3,,,,,False,,,,,,,,,,False,False
/msgdata/pl_msg.narc,/msgdata/pl_msg.narc!/member_00171,0,/msgdata/pl_msg.narc,378,171,,291568,292488,285804,286724,920,21f8abda82426e3f6ff5dca0222e163e8c7cce35cccf22c56bafe350a47230b6,08003a5416b152b166b152b10862a462,,,,,False,,,,,,,,,,False,False
/msgdata/pl_msg.narc,/msgdata/pl_msg.narc!/member_00172,0,/msgdata/pl_msg.narc,378,172,,292488,293400,286724,287636,912,1b0205239a6d840419accd1d139554beb1ee406fbe6f4eaa5553ca1ba67c05ae,080033d4231c671ce31c671c8239ce38,,,,,False,,,,,,,,,,False,False
/msgdata/pl_msg.narc,/msgdata/pl_msg.narc!/member_00173,0,/msgdata/pl_msg.narc,378,173,,293400,294828,287636,289064,1428,5b6a34664ad82038014abb2de11b5a0397408a29953eabb314b0260474cd4ae1,0e004bd46b641f645a641f64c0c83ec8,,,,,False,,,,,,,,,,False,False
/msgdata/pl_msg.narc,/msgdata/pl_msg.narc!/member_00174,0,/msgdata/pl_msg.narc,378,174,,294828,295716,289064,289952,888,4908d0e5727b2968e6a479234f595a167a4163ec15d49a24c400a400cbd0987c,080042547ec93ac940c93ac94c937492,,,,,False,,,,,,,,,,False,False
/msgdata/pl_msg.narc,/msgdata/pl_msg.narc!/member_00175,0,/msgdata/pl_msg.narc,378,175,,295716,297866,289952,292102,2150,41c54e0f56c0ec742890148a2b8f59e7d9b129830df92d9cbf62eec69ea5c51b,1400b3474341e741ca41e7413083ce83,,,,,False,,,,,,,,,,False,False
/msgdata/pl_msg.narc,/msgdata/pl_msg.narc!/member_00176,0,/msgdata/pl_msg.narc,378,176,,297868,298122,292104,292358,254,a981d8401e54265743e44a46d850a73cf465b026f3a02c3a5cf1d85d5a1b8006,0200b14bf92fed2fa02fed2f745fda5f,,,,,False,,,,,,,,,,False,False
/msgdata/pl_msg.narc,/msgdata/pl_msg.narc!/member_00177,0,/msgdata/pl_msg.narc,378,177,,298124,299558,292360,293794,1434,d3c39d2110d13c6cbd884b0f83841ab2abd3345e80c327c8aa7a393d327385f9,0a006c99e877bc77da77bc7758ee78ef,,,,,False,,,,,,,,,,False,False
/msgdata/pl_msg.narc,/msgdata/pl_msg.narc!/member_00178,0,/msgdata/pl_msg.narc,378,178,,299560,300612,293796,294848,1052,64bd14aa74c7cdff2ca30989da20b2ea8415d4be822e1f0987415800a0434c16,0900b2aaa615ea156515ea15be2ad42b,,,,,False,,,,,,,,,,False,False
/msgdata/pl_msg.narc,/msgdata/pl_msg.narc!/member_00179,0,/msgdata/pl_msg.narc,378,179,,300612,301180,294848,295416,568,fb5edbf53156a2333f4e53febbdbec20365acff26ff8ebfbf58f72a07464b59f,070003c4cbbcf7bce5bcf7bc8e79ee79,,,,,False,,,,,,,,,,False,False
/msgdata/pl_msg.narc,/msgdata/pl_msg.narc!/member_00180,0,/msgdata/pl_msg.narc,378,180,,301180,302556,295416,296792,1376,1e30c666056952263254378e112206f4e6c17485ccab6d444c87d8bf7c322c9c,18001bc46b04af04bd04af04b6095e09,,,,,False,,,,,,,,,,False,False
/msgdata/pl_msg.narc,/msgdata/pl_msg.narc!/member_00181,0,/msgdata/pl_msg.narc,378,181,,302556,302672,296792,296908,116,9c7b3f9e43c26ea2b820ef5956a5d02ffad3a6fb057f0d4b3943ef2ef31fdf83,0300974327fa3bfa23fa3bfa3af476f4,,,,,False,,,,,,,,,,False,False
/msgdata/pl_msg.narc,/msgdata/pl_msg.narc!/member_00182,0,/msgdata/pl_msg.narc,378,182,,302672,302852,296908,297088,180,5bc5b24096c9c8761b170302d456bf07d7a09e7577600d82748e92a4cfb7057a,0200930b5396479674964796f42c8e2c,,,,,False,,,,,,,,,,False,False
/msgdata/pl_msg.narc,/msgdata/pl_msg.narc!/member_00183,0,/msgdata/pl_msg.narc,378,183,,302852,304022,297088,298258,1170,2e1fd25eb4b2bafdbc15a7827517dd2266a40debc9cf4c61da2f9e8c184a7643,070022d4a6e99ae9d7e99ae9e2d334d3,,,,,False,,,,,,,,,,False,False
/msgdata/pl_msg.narc,/msgdata/pl_msg.narc!/member_00184,0,/msgdata/pl_msg.narc,378,184,,304024,304700,298260,298936,676,136ca9d986d01b8d778b90e4234dd41dccc50a96032c3d2526d44954089bbb5a,03002ad49e0182010f01820132020403,,,,,False,,,,,,,,,,False,False
/msgdata/pl_msg.narc,/msgdata/pl_msg.narc!/member_00185,0,/msgdata/pl_msg.narc,378,185,,304700,305210,298936,299446,510,e4cc625e9b853598a8cb14af80d2481b44de99226f1392ce86546760596c1cf1,030032d476196a1908196a193432d432,,,,,False,,,,,,,,,,False,False
/msgdata/pl_msg.narc,/msgdata/pl_msg.narc!/member_00186,0,/msgdata/pl_msg.narc,378,186,,305212,306600,299448,300836,1388,2ca72fff981b0e6c2e0f408dfe0426f287bbd42e16bd49b5f0bea1b415211352,07003ad46e315231003152314462a462,,,,,False,,,,,,,,,,False,False
/msgdata/pl_msg.narc,/msgdata/pl_msg.narc!/member_00187,0,/msgdata/pl_msg.narc,378,187,,306600,307212,300836,301448,612,8a235859ccca298eb804434a396af3db8a39b9fbabf7d65645838c004aa0e83e,030002d4e689fa898489fa89ec12f413,,,,,False,,,,,,,,,,False,False
/msgdata/pl_msg.narc,/msgdata/pl_msg.narc!/member_00188,0,/msgdata/pl_msg.narc,378,188,,307212,308294,301448,302530,1082,00de1dce146968e947dd3e4218b158fc8869f8f5175db129bcbc466a1d39b16b,040022d0bef59af52ef59af5b8ea34eb,,,,,False,,,,,,,,,,False,False
/msgdata/pl_msg.narc,/msgdata/pl_msg.narc!/member_00189,0,/msgdata/pl_msg.narc,378,189,,308296,308916,302532,303152,620,65785c6b3cf42b233444fc6ef6259fc8bafe8acbaa1fdcec3f7c2e2266e441f6,09002ed03a1976196d1976196e32ec32,,,,,False,,,,,,,,,,False,False
/msgdata/pl_msg.narc,/msgdata/pl_msg.narc!/member_00190,0,/msgdata/pl_msg.narc,378,190,,308916,309542,303152,303778,626,90592bd8864230ff8ba01f82d98110c1dcaf4cb54f0d6d4c98c0d31019e39a68,07002ad0be0d820d980d820d741b041b,,,,,False,,,,,,,,,,False,False
/msgdata/pl_msg.narc,/msgdata/pl_msg.narc!/member_00191,0,/msgdata/pl_msg.narc,378,191,,309544,315478,303780,309714,5934,da5b752e3d9abc412ce87a72f727933b896c07f3aceefcf9df191dabad921943,34009343e3ef47ee0cee47eeb4de8edc,,,,,False,,,,,,,,,,False,False
/msgdata/pl_msg.narc,/msgdata/pl_msg.narc!/member_00192,0,/msgdata/pl_msg.narc,378,192,,315480,315770,309716,310006,290,98700acc2847e94a308136ad4afc89b3d44bae7f300b3db4d35f74b81990e133,0300b16af1d2edd2c4d2edd2b4a5daa5,,,,,False,,,,,,,,,,False,False
/msgdata/pl_msg.narc,/msgdata/pl_msg.narc!/member_00193,0,/msgdata/pl_msg.narc,378,193,,315772,316542,310008,310778,770,8f7bf6524186cf6db53c5a365e63701ad4d50d1a6fd0805aff531cbad591a41c,0b00b28bb672ea72f172ea7246e5d4e5,,,,,False,,,,,,,,,,False,False
/msgdata/pl_msg.narc,/msgdata/pl_msg.narc!/member_00194,0,/msgdata/pl_msg.narc,378,194,,316544,320194,310780,314430,3650,de078b1461287681a281ba9b806663214a17f755673bcef3e3d5bcbd0c6a4988,1d0022c476199a19b1199a1976323433,,,,,False,,,,,,,,,,False,False
/msgdata/pl_msg.narc,/msgdata/pl_msg.narc!/member_00195,0,/msgdata/pl_msg.narc,378,195,,320196,320392,314432,314628,196,e4b359f59a6800e1db209f1f1faedf257e2e857ba94b182dbffa987d79071db2,02003ac4466152617c615261d4c2a4c2,,,,,False,,,,,,,,,,False,False
/msgdata/pl_msg.narc,/msgdata/pl_msg.narc!/member_00196,0,/msgdata/pl_msg.narc,378,196,,320392,320754,314628,314990,362,00aee9fb6f010fea9ec45cff8188828a1efb9d657a5c1ae93d70b4d877a1e3d3,030033447bcc67cc51cc67cc4698ce98,,,,,False,,,,,,,,,,False,False
/msgdata/pl_msg.narc,/msgdata/pl_msg.narc!/member_00197,0,/msgdata/pl_msg.narc,378,197,,320756,322788,314992,317024,2032,2e1fc1469b3ca1f21f288c7308b36c6cf6177fa00bb9b25b0f841bd0bcf130b5,17000ac45ed1e2d1abd1e2d18aa2c4a3,,,,,False,,,,,,,,,,False,False
/msgdata/pl_msg.narc,/msgdata/pl_msg.narc!/member_00198,0,/msgdata/pl_msg.narc,378,198,,322788,325850,317024,320086,3062,d37825b205a549a1290937ee810ac65e4058ad5a8548a81fc2f89617322649bb,5d006239367bda79dc79da794cf1b4f3,,,,,False,,,,,,,,,,False,False
/msgdata/pl_msg.narc,/msgdata/pl_msg.narc!/member_00199,0,/msgdata/pl_msg.narc,378,199,,325852,330068,320088,324304,4216,a110bee4ccb8374c17d758e9a038f21975ec7d3926d8c351dcdb0cf3597e9be1,3a0043b9e39c379db09d379d8c386e3a,,,,,False,,,,,,,,,,False,False
/msgdata/pl_msg.narc,/msgdata/pl_msg.narc!/member_00200,0,/msgdata/pl_msg.narc,378,200,,330068,332592,324304,326828,2524,49af2e84023aa50989d31153c8741983acf3f09ba1681bd26cdb7eb72d151d6b,51003727d72d5b2f5d2f5b2f2e5cb65e,,,,,False,,,,,,,,,,False,False
/msgdata/pl_msg.narc,/msgdata/pl_msg.narc!/member_00201,0,/msgdata/pl_msg.narc,378,201,,332592,332970,326828,327206,378,7edb753489ed3ebc42f5ce14aa39e983f3e0fa51e74eccb9aa3112b725caa68a,19009ca6e0e02ce02fe02ce08ac058c0,,,,,False,,,,,,,,,,False,False
/msgdata/pl_msg.narc,/msgdata/pl_msg.narc!/member_00202,0,/msgdata/pl_msg.narc,378,202,,332972,339198,327208,333434,6226,718a15ff0b225722c1d869e3c25a340766ad1dae8cd0a02ef5c75eb804df356f,5c00118429a4cda6d0a6cda6844e9a4d,,,,,False,,,,,,,,,,False,False
/msgdata/pl_msg.narc,/msgdata/pl_msg.narc!/member_00203,0,/msgdata/pl_msg.narc,378,203,,339200,343022,333436,337258,3822,ba43d1e9dd4ba181c43b8b9e583d65aefed36ef5a7a5a666c855a75b552a2e16,4900f9a859f215f00df015f056e22ae0,,,,,False,,,,,,,,,,False,False
/msgdata/pl_msg.narc,/msgdata/pl_msg.narc!/member_00204,0,/msgdata/pl_msg.narc,378,204,,343024,345834,337260,340070,2810,894c06a3127e60468f8d433c66fa882af9c32b58457571ad6c90d8e04da6ce82,c0007d818df489f28cf289f21ce312e5,,,,,False,,,,,,,,,,False,False
/msgdata/pl_msg.narc,/msgdata/pl_msg.narc!/member_00205,0,/msgdata/pl_msg.narc,378,205,,345836,347546,340072,341782,1710,9b52f890afaeb5cf0d7aad5642b9842cdf558d1eaf0ba505289f658fa7cd5c5d,150005e95d53f153f253f15350a7e2a7,,,,,False,,,,,,,,,,False,False
/msgdata/pl_msg.narc,/msgdata/pl_msg.narc!/member_00206,0,/msgdata/pl_msg.narc,378,206,,347548,347712,341784,341948,164,ced153bab9029e6a4995bb836445a4250659d0923c362ab9920832c5b1608372,0c00b5598511e111e311e111aa23c223,,,,,False,,,,,,,,,,False,False
/msgdata/pl_msg.narc,/msgdata/pl_msg.narc!/member_00207,0,/msgdata/pl_msg.narc,378,207,,347712,348308,341948,342544,596,3d70f95bfaf45611bc170eecedd219bc318470f26cb27a3adbb20fce82b79315,1f0033009b98679860986798c431ce30,,,,,False,,,,,,,,,,False,False
/msgdata/pl_msg.narc,/msgdata/pl_msg.narc!/member_00208,0,/msgdata/pl_msg.narc,378,208,,348308,349542,342544,343778,1234,7192c498f905b9fd49968db182768a24314bc780eeeb9a93010a547fa75ec309,1200965caaac3eac23ac3eacb2587c58,,,,,False,,,,,,,,,,False,False
/msgdata/pl_msg.narc,/msgdata/pl_msg.narc!/member_00209,0,/msgdata/pl_msg.narc,378,209,,349544,351874,343780,346110,2330,98f2422e8783969757205c0f5a521aa03161b3473dc89b42b02dea9d86ce791f,4500429516043a063d063a064e0e740c,,,,,False,,,,,,,,,,False,False
/msgdata/pl_msg.narc,/msgdata/pl_msg.narc!/member_00210,0,/msgdata/pl_msg.narc,378,210,,351876,354120,346112,348356,2244,c994323c895e8c0c3e6b28255288f5f3628027d95d524f869255437972fba7ef,2200d69f6aa37ea269a27ea2be45fc44,,,,,False,,,,,,,,,,False,False
/msgdata/pl_msg.narc,/msgdata/pl_msg.narc!/member_00211,0,/msgdata/pl_msg.narc,378,211,,354120,354356,348356,348592,236,8c2c335393e605059e4e2f62e3c69480ab7d7ac823e7838926db864f1c27a43d,070033e95bdd67dd77dd67dd92baceba,,,,,False,,,,,,,,,,False,False
/msgdata/pl_msg.narc,/msgdata/pl_msg.narc!/member_00212,0,/msgdata/pl_msg.narc,378,212,,354356,365030,348592,359266,10674,93d0a14aba5751947f48d51131981e03e6f093e19d52fb171233244ea0bbbf1c,8400d3d8a3ea87eebbee87ee92d90edd,,,,,False,,,,,,,,,,False,False
/msgdata/pl_msg.narc,/msgdata/pl_msg.narc!/member_00213,0,/msgdata/pl_msg.narc,378,213,,365032,366086,359268,360322,1054,00c5ebdc611891b59a13ba9d4155a12f878305dcf5f258ade51358ce9cd9e944,0800b86e9cdbd8dbcbdbd8dbdab7b0b7,,,,,False,,,,,,,,,,False,False
/msgdata/pl_msg.narc,/msgdata/pl_msg.narc!/member_00214,0,/msgdata/pl_msg.narc,378,214,,366088,366118,360324,360354,30,1d0e7b610669a749c27d1adf6a445881d641357b828bd09262977a2aac552c8d,01002656826f8e6f876f8e6f0d1ace64,,,,,False,,,,,,,,,,False,False
/msgdata/pl_msg.narc,/msgdata/pl_msg.narc!/member_00215,0,/msgdata/pl_msg.narc,378,215,,366120,366634,360356,360870,514,9594b71b9a59cabc5b426648eed87f2ba746deb300a480c1f2ceb9e5896ab51b,0900394c19c655c66bc655c6628caa8c,,,,,False,,,,,,,,,,False,False
/msgdata/pl_msg.narc,/msgdata/pl_msg.narc!/member_00216,0,/msgdata/pl_msg.narc,378,216,,366636,381540,360872,375776,14904,dbac39ef1f1bfcae4889aa0ec762344c5e2a29be67ee995dd91954ad13976c32,dc00b2ee0e4fea496849ea493c94d493,,,,,False,,,,,,,,,,False,False
/msgdata/pl_msg.narc,/msgdata/pl_msg.narc!/member_00217,0,/msgdata/pl_msg.narc,378,217,,381540,381986,375776,376222,446,966ccb71b9811dacad7e4bf45aa45f58bf0b0ce516ea4f9e165beabc5aada58c,0600ffca379c039c3f9c039caa380638,,,,,False,,,,,,,,,,False,False
/msgdata/pl_msg.narc,/msgdata/pl_msg.narc!/member_00218,0,/msgdata/pl_msg.narc,378,218,,381988,382092,376224,376328,104,73052f343cf8f2c117f5ed30d9299f2384ebaa900cc369435209bedb6a2b89df,07005c5fd0f5ecf5eff5ecf59aebd8eb,,,,,False,,,,,,,,,,False,False
/msgdata/pl_msg.narc,/msgdata/pl_msg.narc!/member_00219,0,/msgdata/pl_msg.narc,378,219,,382092,383322,376328,377558,1230,733fc757fa0d13a89123f41e320b7a14355da43497d6ef8390b5d75fe6ce61e6,35000fb97f00d301db01d3011a02a603,,,,,False,,,,,,,,,,False,False
/msgdata/pl_msg.narc,/msgdata/pl_msg.narc!/member_00220,0,/msgdata/pl_msg.narc,378,220,,383324,393596,377560,387832,10272,6ddfbb1d4d7c793a2e261615f539d119295a27e7872e17228197ffd6928f77fa,8000055ef5f0f1f4c7f4f1f492ede2e9,,,,,False,,,,,,,,,,False,False
/msgdata/pl_msg.narc,/msgdata/pl_msg.narc!/member_00221,0,/msgdata/pl_msg.narc,378,221,,393596,394760,387832,388996,1164,edb7c3de7283bbd3b6e7cdcf62392bd90f623bd8068682d45d22c7180b625e58,06000224ce99fa99c999fa996e33f433,,,,,False,,,,,,,,,,False,False
/msgdata/pl_msg.narc,/msgdata/pl_msg.narc!/member_00222,0,/msgdata/pl_msg.narc,378,222,,394760,395322,388996,389558,562,a7f582c6a34e4d94cbf791d87c9cc3800a44bb42541406e5178cbddbc5e3c8d0,06000e24e2bdd6bdf0bdd6bd2c7bac7b,,,,,False,,,,,,,,,,False,False
/msgdata/pl_msg.narc,/msgdata/pl_msg.narc!/member_00223,0,/msgdata/pl_msg.narc,378,223,,395324,396548,389560,390784,1224,81fb69a864a00f4a37e443d72b0e2a7e72e4c76e864b593cd97effd7641a99a7,0a00a6c75a9b0e9b789b0e9b5c371c36,,,,,False,,,,,,,,,,False,False
/msgdata/pl_msg.narc,/msgdata/pl_msg.narc!/member_00224,0,/msgdata/pl_msg.narc,378,224,,396548,399020,390784,393256,2472,d7277a338b297435f7c672a4b381e41546b12a0a4f7e208f4c3b3592c4c8d4bf,100002147ec9fac9a6c9fac9c892f493,,Nintendo LZ10,Probable,,True,Nintendo LZ10,Probable,True,1311232,False,,,,,False,False
/msgdata/pl_msg.narc,/msgdata/pl_msg.narc!/member_00225,0,/msgdata/pl_msg.narc,378,225,,399020,399390,393256,393626,370,656e4c681f72697645128caaafc4f936a7093ff8d23616a568dd8bbc928bc0fa,0400a2c73e8f1a8f3b8f1a8f521e341e,,,,,False,,,,,,,,,,False,False
/msgdata/pl_msg.narc,/msgdata/pl_msg.narc!/member_00226,0,/msgdata/pl_msg.narc,378,226,,399392,401092,393628,395328,1700,a0686af241bfa8b3ccc1c9fd039d23520d6339eda8e9d1926f0bb2ea0e372781,100002047ef9faf96cf9faf944f2f4f3,,Nintendo LZ10,Probable,,True,Nintendo LZ10,Probable,True,262656,False,,,,,False,False
/msgdata/pl_msg.narc,/msgdata/pl_msg.narc!/member_00227,0,/msgdata/pl_msg.narc,378,227,,401092,401138,395328,395374,46,21f346963fb44b8659d272f7f141e22892398761e9794f0a4c83f8c6eb6869df,0100bec7cae2c6e2d7e2c6e2671a4161,,,,,False,,,,,,,,,,False,False
/msgdata/pl_msg.narc,/msgdata/pl_msg.narc!/member_00228,0,/msgdata/pl_msg.narc,378,228,,401140,402218,395376,396454,1078,9ee2b5f6317db017c883655acce7032bf85c367adf98ca2c7bd7102a61b93f3c,09000274b6a9faa994a9faa9dc52f453,,,,,False,,,,,,,,,,False,False
/msgdata/pl_msg.narc,/msgdata/pl_msg.narc!/member_00229,0,/msgdata/pl_msg.narc,378,229,,402220,402544,396456,396780,324,f3c617d4077e29da988908cee3f908840f1755bce9957a8af6a277892f507eaf,03000264e6d9fad9e8d9fad9b4b3f4b3,,,,,False,,,,,,,,,,False,False
/msgdata/pl_msg.narc,/msgdata/pl_msg.narc!/member_00230,0,/msgdata/pl_msg.narc,378,230,,402544,403644,396780,397880,1100,0f88cf4f1d4058a3b73d3e2dac6a97fd618139e22463a3b0da76e2a9f4821468,08000e6492fdd6fd8dfdd6fd56fbacfb,,,,,False,,,,,,,,,,False,False
/msgdata/pl_msg.narc,/msgdata/pl_msg.narc!/member_00231,0,/msgdata/pl_msg.narc,378,231,,403644,403772,397880,398008,128,bc0ac6b48e1e29726aad972bce8b454e1fca1ac3f7469df43924db9f7afd297e,01000660e2f1eef1d4f1eef199125a6c,,,,,False,,,,,,,,,,False,False
/msgdata/pl_msg.narc,/msgdata/pl_msg.narc!/member_00232,0,/msgdata/pl_msg.narc,378,232,,403772,404194,398008,398430,422,c42e339fd492d8298ff537242d48fdb984d78d8aa2a531d43a8ec852a70667ab,03000e60ca09d6098809d6097413ac13,,,,,False,,,,,,,,,,False,False
/msgdata/pl_msg.narc,/msgdata/pl_msg.narc!/member_00233,0,/msgdata/pl_msg.narc,378,233,,404196,410320,398432,404556,6124,253726320669b280bcd04752a0e8184c69fa0c3549acc6d3b61cde2e635bbf85,4e001660ca23be21f821be217c407c43,,,,,False,,,,,,,,,,False,False
/msgdata/pl_msg.narc,/msgdata/pl_msg.narc!/member_00234,0,/msgdata/pl_msg.narc,378,234,,410320,411866,404556,406102,1546,7dabfde16c1bbbd01757b7b1c2b4cf860da65048becd17be74e0558dd028cb44,140012606e15ca15c515ca15562b942b,,,,,False,,,,,,,,,,False,False
/msgdata/pl_msg.narc,/msgdata/pl_msg.narc!/member_00235,0,/msgdata/pl_msg.narc,378,235,,411868,411948,406104,406184,80,498eb8f66cfa2434294692494a670e28b316eea8dd2791f466ead5ebad2e1df7,02001e60b239a639ae39a63968734c73,,,,,False,,,,,,,,,,False,False
/msgdata/pl_msg.narc,/msgdata/pl_msg.narc!/member_00236,0,/msgdata/pl_msg.narc,378,236,,411948,412272,406184,406508,324,0d3ba1c1aec2067be1e7e6ec436af0caefbd600224aaf8d52077f9e1e5477a79,05002660a2518e51a2518e5198a31ca3,,,,,False,,,,,,,,,,False,False
/msgdata/pl_msg.narc,/msgdata/pl_msg.narc!/member_00237,0,/msgdata/pl_msg.narc,378,237,,412272,412590,406508,406826,318,c3016e61d817434d9a9b13d151358a820003994a86679f1d2933bad88b1bc197,05002260b6459a45b0459a45b48b348b,,,,,False,,,,,,,,,,False,False
/msgdata/pl_msg.narc,/msgdata/pl_msg.narc!/member_00238,0,/msgdata/pl_msg.narc,378,238,,412592,412794,406828,407030,202,876fc7f1ef6737640816cc86ec745775fad5d87bb39d37543985341fc85035d0,02000254ee09fa09b409fa094413f413,,,,,False,,,,,,,,,,False,False
/msgdata/pl_msg.narc,/msgdata/pl_msg.narc!/member_00239,0,/msgdata/pl_msg.narc,378,239,,412796,412972,407032,407208,176,f0b03497ff2d96e017a9242cd45387eec63f0f91a643347746185b6ff7336dc6,02001a54a651b251f351b251f2a364a3,,,,,False,,,,,,,,,,False,False
/msgdata/pl_msg.narc,/msgdata/pl_msg.narc!/member_00240,0,/msgdata/pl_msg.narc,378,240,,412972,413094,407208,407330,122,3738f1f513154f0a3e39870eecb067f93031643abf096410f8254c9e6d1f268f,02001654aa45be459845be451c8b7c8b,,,,,False,,,,,,,,,,False,False
/msgdata/pl_msg.narc,/msgdata/pl_msg.narc!/member_00241,0,/msgdata/pl_msg.narc,378,241,,413096,413362,407332,407598,266,7c563f22bb2e2b2e2dc13fba60f1ccae66d6c1b963f4fa9c3ada05cff7360cff,02001254de39ca39a439ca3964739473,,,,,False,,,,,,,,,,False,False
/msgdata/pl_msg.narc,/msgdata/pl_msg.narc!/member_00242,0,/msgdata/pl_msg.narc,378,242,,413364,413530,407600,407766,166,6428196677fed076b43925c18587f3410f9ac215522fdfb295d39d12ac8dc556,02000e54c22dd62dea2dd62d205bac5b,,,,,False,,,,,,,,,,False,False
/msgdata/pl_msg.narc,/msgdata/pl_msg.narc!/member_00243,0,/msgdata/pl_msg.narc,378,243,,413532,413672,407768,407908,140,5462246850e4c6d65a39a2cff4adbdbeb97cf3d2eb7574b4577710de0538595c,02000a54f621e221cd21e221b643c443,,,,,False,,,,,,,,,,False,False
/msgdata/pl_msg.narc,/msgdata/pl_msg.narc!/member_00244,0,/msgdata/pl_msg.narc,378,244,,413672,413882,407908,408118,210,60006a4e07e669bf004b2c7a1dd9c63b13cf9512759b8b0667742deb60a9b62a,03000654f215ee15dc15ee155c2bdc2b,,,,,False,,,,,,,,,,False,False
/msgdata/pl_msg.narc,/msgdata/pl_msg.narc!/member_00245,0,/msgdata/pl_msg.narc,378,245,,413884,413902,408120,408138,18,5992b07d05463c40e960b944d8d7c8090a5adc58a6a3e35ea68d84df4362895c,01000244f639fa39f939fa39781abc64,,,,,False,,,,,,,,,,False,False
/msgdata/pl_msg.narc,/msgdata/pl_msg.narc!/member_00246,0,/msgdata/pl_msg.narc,378,246,,413904,414036,408140,408272,132,37faeef9300d32fbca8a0d94854379c059be73cf0fd397257ab9a20ff5fb7ae3,01000e44da5dd65dea5dd65ded1a2964,,,,,False,,,,,,,,,,False,False
/msgdata/pl_msg.narc,/msgdata/pl_msg.narc!/member_00247,0,/msgdata/pl_msg.narc,378,247,,414036,414680,408272,408916,644,ce787dd60eb2685c0689c70ad6894befb63be127b1b7152a4bcf2a113e963693,06001244fe69ca69f469ca6924d394d3,,,,,False,,,,,,,,,,False,False
/msgdata/pl_msg.narc,/msgdata/pl_msg.narc!/member_00248,0,/msgdata/pl_msg.narc,378,248,,414680,414840,408916,409076,160,1666be1cbe0772dd876e2a27cd8487d00026dd755597331e0c56a768e4ab15c7,01001e40aa99a699ec99a699e31a2c64,,,,,False,,,,,,,,,,False,False
/msgdata/pl_msg.narc,/msgdata/pl_msg.narc!/member_00249,0,/msgdata/pl_msg.narc,378,249,,414840,415854,409076,410090,1014,adeaeede80582dc5b61f73ddbf60a527d4a44c2e1a2d05baa413fe79734ac65d,0d0002a49619fa19d119fa193633f433,,,,,False,,,,,,,,,,False,False
/msgdata/pl_msg.narc,/msgdata/pl_msg.narc!/member_00250,0,/msgdata/pl_msg.narc,378,250,,415856,416700,410092,410936,844,71ced617f5dba2401b25f6dfb0eadf3501f5e0736ebddb7348172d47c17679d2,0c0016a4da55be55f455be5584ab7cab,,,,,False,,,,,,,,,,False,False
/msgdata/pl_msg.narc,/msgdata/pl_msg.narc!/member_00251,0,/msgdata/pl_msg.narc,378,251,,416700,417426,410936,411662,726,636c37e3589a21ccb3e1ba96ab1a7f694c0f9598bd003cbc4353b92b8efc0c78,0e0023b4e34c974cb64c974c98992e99,,,,,False,,,,,,,,,,False,False
/msgdata/pl_msg.narc,/msgdata/pl_msg.narc!/member_00252,0,/msgdata/pl_msg.narc,378,252,,417428,420652,411664,414888,3224,b7f6f8044a1a0efab104e2bb52964b5c2afba1d55e21c3d8416cd5dc880521de,290023a4db7d977c387c977c84fb2ef9,,,,,False,,,,,,,,,,False,False
/msgdata/pl_msg.narc,/msgdata/pl_msg.narc!/member_00253,0,/msgdata/pl_msg.narc,378,253,,420652,420844,414888,415080,192,9a64f3269f52eff4c070a858d74a89f4eb4776f76759ce6c6e813fbc7edfca18,0400a2c33e9b1a9b079b1a9b6a363436,,,,,False,,,,,,,,,,False,False
/msgdata/pl_msg.narc,/msgdata/pl_msg.narc!/member_00254,0,/msgdata/pl_msg.narc,378,254,,420844,422326,415080,416562,1482,c2f77eada6a5a0a68e4a8e9f07362394941a7d66f5cf08c4c5f51d0f9c9916a4,130023840bdc97dc88dc97dcf4b92eb9,,,,,False,,,,,,,,,,False,False
/msgdata/pl_msg.narc,/msgdata/pl_msg.narc!/member_00255,0,/msgdata/pl_msg.narc,378,255,,422328,422558,416564,416794,230,6e1895e63fd19e50e1b5d35fab4ddde87be4ec3eab359f08ff08b9ba7a9acbda,02002f8467007300420073009000e600,,,,,False,,,,,,,,,,False,False
/msgdata/pl_msg.narc,/msgdata/pl_msg.narc!/member_00256,0,/msgdata/pl_msg.narc,378,256,,422560,423148,416796,417384,588,ae9525aac917503c58e5801ebfb7a816ac5ce103062296e154ebb0a5adf770cb,030023f48b8c978cf08c978cc4192e19,,,,,False,,,,,,,,,,False,False
/msgdata/pl_msg.narc,/msgdata/pl_msg.narc!/member_00257,0,/msgdata/pl_msg.narc,378,257,,423148,423238,417384,417474,90,5197a9d59fdd2e07b8661dcb20f1189d052b1082cdc2c96019438bd4dcdcff74,01002ff47fb073b054b073b0c9112c6f,,,,,False,,,,,,,,,,False,False
/msgdata/pl_msg.narc,/msgdata/pl_msg.narc!/member_00258,0,/msgdata/pl_msg.narc,378,258,,423240,423584,417476,417820,344,36df50e529cd1bb778e3c2a94af4424f3ee7e505edf7f18e04aff84b2d7cf155,0400bac3f6e2d2e2bbe2d2e252c5a4c5,,,,,False,,,,,,,,,,False,False
/msgdata/pl_msg.narc,/msgdata/pl_msg.narc!/member_00259,0,/msgdata/pl_msg.narc,378,259,,423584,423678,417820,417914,94,825fc49a3e47cd562a32913c0ad26558fd062f1003e4edef09d8dee4a9cabe6b,010023e49bbc97bcbebc97bcb817976e,,,,,False,,,,,,,,,,False,False
/msgdata/pl_msg.narc,/msgdata/pl_msg.narc!/member_00260,0,/msgdata/pl_msg.narc,378,260,,423680,425226,417916,419462,1546,a3385385d8d5f98762a43505c561f878dae6a7ca017e206d10eb467db326806f,0a00b6c38ad6ded6fcd6ded624adbcad,,,,,False,,,,,,,,,,False,False
/msgdata/pl_msg.narc,/msgdata/pl_msg.narc!/member_00261,0,/msgdata/pl_msg.narc,378,261,,425228,426950,419464,421186,1722,0081196bffeec4b916ddb6564c29beff296bada3229b746c61096efe338ef6da,0a0023d4c3ec97ec13ec97ec72d82ed9,,,,,False,,,,,,,,,,False,False
/msgdata/pl_msg.narc,/msgdata/pl_msg.narc!/member_00262,0,/msgdata/pl_msg.narc,378,262,,426952,428374,421188,422610,1422,36091d587795113907ca5201d78adf1b6359b15a3e5bd86044333cca6e4d0ea0,0c002fd417107310491073103e20e620,,,,,False,,,,,,,,,,False,False
/msgdata/pl_msg.narc,/msgdata/pl_msg.narc!/member_00263,0,/msgdata/pl_msg.narc,378,263,,428376,430728,422612,424964,2352,c0a4d0b4113a4dcfb1f327c2a66bde03994516fdee2b47a1f036ca62e647dc1a,14002bd4db047f0400047f045c09fe08,,,,,False,,,,,,,,,,False,False
/msgdata/pl_msg.narc,/msgdata/pl_msg.narc!/member_00264,0,/msgdata/pl_msg.narc,378,264,,430728,431396,424964,425632,668,6d2dacf0de5a778011aa8dfd12662b6b7e304e76e9fcda59f64f73f4885b564b,050023c4bb1c971c991c971c66392e39,,,,,False,,,,,,,,,,False,False
/msgdata/pl_msg.narc,/msgdata/pl_msg.narc!/member_00265,0,/msgdata/pl_msg.narc,378,265,,431396,431640,425632,425876,244,3d02f21e9cff867322b10b70027a9e124c453fbe9fc3c2d445ab3f6373ecef40,02002fc4674073404a4073406080e680,,,,,False,,,,,,,,,,False,False
/msgdata/pl_msg.narc,/msgdata/pl_msg.narc!/member_00266,0,/msgdata/pl_msg.narc,378,266,,431640,431676,425876,425912,36,76d30c8de6290e67e447dc9153a36ca89966ca9fd450f9371fa0b4cb659f1043,01002bc473347f3473347f342de42364,,,,,False,,,,,,,,,,False,False
/msgdata/pl_msg.narc,/msgdata/pl_msg.narc!/member_00267,0,/msgdata/pl_msg.narc,378,267,,431676,431990,425912,426226,314,de2fc43b8d5b1fc980aacbab168633000cb1e2c0d2bab9d28741c345159b40e1,050037c477585b5857585b58f2b0b6b0,,,,,False,,,,,,,,,,False,False
/msgdata/pl_msg.narc,/msgdata/pl_msg.narc!/member_00268,0,/msgdata/pl_msg.narc,378,268,,431992,432078,426228,426314,86,ad4cada9f8d57b52753b0b3ce20f4e14dccc818e924c876948a9e8d9cbdaf441,02008ec3425f565f5f5f565f8abeacbe,,,,,False,,,,,,,,,,False,False
/msgdata/pl_msg.narc,/msgdata/pl_msg.narc!/member_00269,0,/msgdata/pl_msg.narc,378,269,,432080,432150,426316,426386,70,ac3e8c6d4ee6717fd0c2e3f9c742f3830251380fd11df90d79183da3e177227b,010043b43bac37ac2aac37ac8a1c646c,,,,,False,,,,,,,,,,False,False
/msgdata/pl_msg.narc,/msgdata/pl_msg.narc!/member_00270,0,/msgdata/pl_msg.narc,378,270,,432152,432702,426388,426938,550,12cec468a96c086b1c5d5041c9ec52c6c33a610c6c2fc15309873c279785e718,04005fb4c7ffe3ffbeffe3ff18ffc6ff,,,,,False,,,,,,,,,,False,False
/msgdata/pl_msg.narc,/msgdata/pl_msg.narc!/member_00271,0,/msgdata/pl_msg.narc,378,271,,432704,433740,426940,427976,1036,901c98d5bd7ea5c4ad81dba386355fb0a5bddb1931698b954b4231c2bb2bf886,0c0043a453dc37dc77dc37dc8ab86eb8,,,,,False,,,,,,,,,,False,False
/msgdata/pl_msg.narc,/msgdata/pl_msg.narc!/member_00272,0,/msgdata/pl_msg.narc,378,272,,433740,434234,427976,428470,494,47d1a13e471f82a15915ae251b9977391e71b5cdfabe0b8090bd969564fda1a4,02004394230c370cb50c370c76196e18,,,,,False,,,,,,,,,,False,False
/msgdata/pl_msg.narc,/msgdata/pl_msg.narc!/member_00273,0,/msgdata/pl_msg.narc,378,273,,434236,434692,428472,428928,456,34a27916fb20334f9d2882c5f56cefa7ce63e4ec4b99a541d8cd695064aac894,02004f940730133048301330ec602660,,,,,False,,,,,,,,,,False,False
/msgdata/pl_msg.narc,/msgdata/pl_msg.narc!/member_00274,0,/msgdata/pl_msg.narc,378,274,,434692,434800,428928,429036,108,e23b61b854f72954e463fb1733f4e3f07e92877bdf2ff08988b49edb4f226249,01004b9413241f242f241f24a31f356f,,,,,False,,,,,,,,,,False,False
/msgdata/pl_msg.narc,/msgdata/pl_msg.narc!/member_00275,0,/msgdata/pl_msg.narc,378,275,,434800,435434,429036,429670,634,687876be7d692caebab8962a13a16f7d4eb985a95ec2096f8d48e04e6590a755,0600becff2cac6ca8ecac6ca48958c95,,,,,False,,,,,,,,,,False,False
/msgdata/pl_msg.narc,/msgdata/pl_msg.narc!/member_00276,0,/msgdata/pl_msg.narc,378,276,,435436,437894,429672,432130,2458,66522e6fb6cc44c3fef5eebf4533d969933828522ce6271b777f3278b1abc084,170053f4bb1c071c2a1c071c18390e38,,,,,False,,,,,,,,,,False,False
/msgdata/pl_msg.narc,/msgdata/pl_msg.narc!/member_00277,0,/msgdata/pl_msg.narc,378,277,,437896,438278,432132,432514,382,4792207e01fb86af98ef5d63a4c2992d120b75cfea95da086c3760c605fcc629,02005bf4fb33ef339433ef33d466de67,,,,,False,,,,,,,,,,False,False
/msgdata/pl_msg.narc,/msgdata/pl_msg.narc!/member_00278,0,/msgdata/pl_msg.narc,378,278,,438280,438358,432516,432594,78,58df4cb55ff855e242bdbe73e8e566d6c5f62820869242c44ed1665ea0f1a0a2,010043e43b1c371c161c371c7d1abe64,,,,,False,,,,,,,,,,False,False
/msgdata/pl_msg.narc,/msgdata/pl_msg.narc!/member_00279,0,/msgdata/pl_msg.narc,378,279,,438360,438512,432596,432748,152,d2726b02ca1ee1318070d45607fcff01adbdfacbe1f01d7f87e2ca0f94bc2056,01004be413341f3459341f34f91eea6c,,,,,False,,,,,,,,,,False,False
/msgdata/pl_msg.narc,/msgdata/pl_msg.narc!/member_00280,0,/msgdata/pl_msg.narc,378,280,,438512,438824,432748,433060,312,2086ab69fda6229811c5c3837698f46b2f9327d1c2d700b32699b04f83214f3b,04005fe4c76fe36ffc6fe36fa4dfc6df,,,,,False,,,,,,,,,,False,False
/msgdata/pl_msg.narc,/msgdata/pl_msg.narc!/member_00281,0,/msgdata/pl_msg.narc,378,281,,438824,440652,433060,434888,1828,fd5968050c86f8d75ce56cc51bdc3bc1f7ceca03c9f7243fca96a8b07af2bbad,0d0043d45b4c374c624c374c78996e98,,,,,False,,,,,,,,,,False,False
/msgdata/pl_msg.narc,/msgdata/pl_msg.narc!/member_00282,0,/msgdata/pl_msg.narc,378,282,,440652,442262,434888,436498,1610,e9d40b4abe51ad58e7ea78a0372b0e988c33d49bb0b4f8e22352ed1085b1504a,0c004fd4777013700b701370b2e026e0,,,,,False,,,,,,,,,,False,False
/msgdata/pl_msg.narc,/msgdata/pl_msg.narc!/member_00283,0,/msgdata/pl_msg.narc,378,283,,442264,442714,436500,436950,450,b54f54cf51b941ea953594a08b6697cda4f96326a4ef561e8e04ec9aa5535c93,05004bd433641f645b641f648ac83ec8,,,,,False,,,,,,,,,,False,False
/msgdata/pl_msg.narc,/msgdata/pl_msg.narc!/member_00284,0,/msgdata/pl_msg.narc,378,284,,442716,445712,436952,439948,2996,d8b9b820acacc55375c2fcb43319d4fb90009218fe70a3bad768a7ad789999b5,0e0057d48f87fb875487fb87240ef60f,,,,,False,,,,,,,,,,False,False
/msgdata/pl_msg.narc,/msgdata/pl_msg.narc!/member_00285,0,/msgdata/pl_msg.narc,378,285,,445712,445858,439948,440094,146,b8660f74219b234163a2eca1fc94e504bbd1a5e4b51ce5c121d9948d43317e23,010053d40b7c077c447c077cf71e8a60,,,,,False,,,,,,,,,,False,False
/msgdata/pl_msg.narc,/msgdata/pl_msg.narc!/member_00286,0,/msgdata/pl_msg.narc,378,286,,445860,446346,440096,440582,486,3f4a9a7d2322e687862209f420d792e66e857256c753785bad5e98ba95a2c9e9,05005fd4cf9fe39fb79fe39f123fc63f,,,,,False,,,,,,,,,,False,False
/msgdata/pl_msg.narc,/msgdata/pl_msg.narc!/member_00287,0,/msgdata/pl_msg.narc,378,287,,446348,448500,440584,442736,2152,89b9b23d0d8d4d4a9773d2d4fefdc18ac0ac6afa720500e168c8da7a43c4e55d,13005bd47393ef934d93ef933e26de27,,,,,False,,,,,,,,,,False,False
/msgdata/pl_msg.narc,/msgdata/pl_msg.narc!/member_00288,0,/msgdata/pl_msg.narc,378,288,,448500,448764,442736,443000,264,1bbd0534c7b6d12ded5c36e3826432f6f8db5175cc38df27820580292ed99f41,030067d4d7b7cbb7e7b7cbb7e26f966f,,,,,False,,,,,,,,,,False,False
/msgdata/pl_msg.narc,/msgdata/pl_msg.narc!/member_00289,0,/msgdata/pl_msg.narc,378,289,,448764,450184,443000,444420,1420,ee5633f6a5637a870793684881ce827330132f294056a4e7e428c50ed36c3bfb,080063d493abd7abf1abd7ab3e57ae57,,,,,False,,,,,,,,,,False,False
/msgdata/pl_msg.narc,/msgdata/pl_msg.narc!/member_00290,0,/msgdata/pl_msg.narc,378,290,,450184,451578,444420,445814,1394,0d3c8d30aac3aa5664c5f54482fea73b325cd82c2023b6502838bc26b29b001f,0c0043c4537c377c387c377cecf86ef8,,,,,False,,,,,,,,,,False,False
/msgdata/pl_msg.narc,/msgdata/pl_msg.narc!/member_00291,0,/msgdata/pl_msg.narc,378,291,,451580,453958,445816,448194,2378,249755019dabade6be29103db23e82eba10e05d31d25bf8e139a5aae060088a0,11004fc49fa013a027a013a0d2402640,,Nintendo LZ11,Probable,,True,Nintendo LZ11,Probable,True,12865280,False,,,,,False,False
/msgdata/pl_msg.narc,/msgdata/pl_msg.narc!/member_00292,0,/msgdata/pl_msg.narc,378,292,,453960,454956,448196,449192,996,de04d65322b320ea0d5e1b89d169da2817871f60a086e61b2e7ba230ca2e7c00,06004bc42b941f941a941f9400283e28,,,,,False,,,,,,,,,,False,False
/msgdata/pl_msg.narc,/msgdata/pl_msg.narc!/member_00293,0,/msgdata/pl_msg.narc,378,293,,454956,455378,449192,449614,422,a0b80a014a9d772d3a2edab74b1ac9067937440bd144ff400fbbdb6a0ee4bd3a,04004334132c372c6e2c372cb8586e58,,,,,False,,,,,,,,,,False,False
/msgdata/pl_msg.narc,/msgdata/pl_msg.narc!/member_00294,0,/msgdata/pl_msg.narc,378,294,,455380,456270,449616,450506,890,c64dba994f3e18d31ea6c5cd77329632211e8b7eb0e62cb35b40c56c59494f36,07004f342f50135023501350baa026a0,,,,,False,,,,,,,,,,False,False
/msgdata/pl_msg.narc,/msgdata/pl_msg.narc!/member_00295,0,/msgdata/pl_msg.narc,378,295,,456272,456984,450508,451220,712,b518c0685b04a2814631caf49e56a0c731ded377b4410779d3c0729a922906bd,05004b3433441f442f441f44b2883e88,,,,,False,,,,,,,,,,False,False
/msgdata/pl_msg.narc,/msgdata/pl_msg.narc!/member_00296,0,/msgdata/pl_msg.narc,378,296,,456984,457362,451220,451598,378,6f4a09bf458089e30263179b35d68e7f494ff0c95ca8165ebeacd546c35755eb,02004324235c375c695c375cbeb86eb8,,,,,False,,,,,,,,,,False,False
/msgdata/pl_msg.narc,/msgdata/pl_msg.narc!/member_00297,0,/msgdata/pl_msg.narc,378,297,,457364,458420,451600,452656,1056,d4ef03b7687a8b578647445d080fc037cd928091f9058350781334fe29f44566,06004f24278013800b80138042002600,,,,,False,,,,,,,,,,False,False
/msgdata/pl_msg.narc,/msgdata/pl_msg.narc!/member_00298,0,/msgdata/pl_msg.narc,378,298,,458420,458506,452656,452742,86,da74f592b3b9d7ac96546f36d9129b22d3cda1d30e8245f1fce23660e8e8a005,02004b240b741f7419741f741ee83ee8,,,,,False,,,,,,,,,,False,False
/msgdata/pl_msg.narc,/msgdata/pl_msg.narc!/member_00299,0,/msgdata/pl_msg.narc,378,299,,458508,458634,452744,452870,126,36759b9099f31b940009d56aabd31a10e6a84576c8eb71d8eff8b03ea6fa7492,0300aecbeaa6f6a6f9a6f6a6d64dec4d,,,,,False,,,,,,,,,,False,False
/msgdata/pl_msg.narc,/msgdata/pl_msg.narc!/member_00300,0,/msgdata/pl_msg.narc,378,300,,458636,459670,452872,453906,1034,8e18b748444f47ea2348b10b5b2532a0fe8ad11b867b5a167e2a9243f35f5fc5,04006234fe88da88f188da88ce11b411,,,,,False,,,,,,,,,,False,False
/msgdata/pl_msg.narc,/msgdata/pl_msg.narc!/member_00301,0,/msgdata/pl_msg.narc,378,301,,459672,461386,453908,455622,1714,fe9dd64d913f3978dc73ebb332fb0e1e31e0369ccccc9582cd49ae2446fc6973,1100aacb8e9b029b0f9b029ba2360436,,Nintendo LZ11,Probable,,True,Nintendo LZ11,Probable,True,13347328,False,,,,,False,False
/msgdata/pl_msg.narc,/msgdata/pl_msg.narc!/member_00302,0,/msgdata/pl_msg.narc,378,302,,461388,462580,455624,456816,1192,e4bad49947287f035ac8682a9658b378c3fe2f3dbecc4ef422eda963165a3136,100062245eb8dab8f7b8dab86a71b471,,Nintendo LZ10,Probable,,True,Nintendo LZ10,Probable,True,2384384,False,,,,,False,False
/msgdata/pl_msg.narc,/msgdata/pl_msg.narc!/member_00303,0,/msgdata/pl_msg.narc,378,303,,462580,481546,456816,475782,18966,7d4982ce311cc4a82c8362b03c3fa7022ba39d9a180e83089516b31fe6f6932b,85007a24be049200a1009200b6052401,,,,,False,,,,,,,,,,False,False
/msgdata/pl_msg.narc,/msgdata/pl_msg.narc!/member_00304,0,/msgdata/pl_msg.narc,378,304,,481548,484004,475784,478240,2456,17ef3e001483409f9f676a72716da579ff30020f0393cc6b519b876640fca4eb,17006a247ed0c2d0d5d0c2d06ea184a1,,,,,False,,,,,,,,,,False,False
/msgdata/pl_msg.narc,/msgdata/pl_msg.narc!/member_00305,0,/msgdata/pl_msg.narc,378,305,,484004,485000,478240,479236,996,2326e4c589507a1a86aabd49eb8b63ec71f5590d4ed1478d1e8146a3d09fabf0,1100662442c4cec4e3c4cec47a899c89,,Nintendo LZ11,Probable,,True,Nintendo LZ11,Probable,True,2385408,False,,,,,False,False
/msgdata/pl_msg.narc,/msgdata/pl_msg.narc!/member_00306,0,/msgdata/pl_msg.narc,378,306,,485000,486500,479236,480736,1500,34607053d76dbdce7157026669f270a9bbe886bb33787ff130a9d8e5e3f896f8,120062244eb8dab8c5b8dab86671b471,,,,,False,,,,,,,,,,False,False
/msgdata/pl_msg.narc,/msgdata/pl_msg.narc!/member_00307,0,/msgdata/pl_msg.narc,378,307,,486500,489454,480736,483690,2954,b2ed96a4d145a99333e83e7ca51b7869744ed6017057a722517eb5690e173993,2000a6cb0a8e0e8f108f0e8f5c1f1c1e,,Nintendo Huffman,Probable,,True,Nintendo Huffman,Probable,False,13346304,,,,,,False,False
/msgdata/pl_msg.narc,/msgdata/pl_msg.narc!/member_00308,0,/msgdata/pl_msg.narc,378,308,,489456,493758,483692,487994,4302,69d44687c212e52473c9f77ce1eabf8c9d78fe99eb9e3dee974a4ee4984730f9,24006214fee9dae8f1e8dae8ced0b4d1,,,,,True,Nintendo Huffman 4-bit,Probable,False,1335808,,,,,,False,False
/msgdata/pl_msg.narc,/msgdata/pl_msg.narc!/member_00309,0,/msgdata/pl_msg.narc,378,309,,493760,497304,487996,491540,3544,e245e301e2075ddb579fb0384520fc743e1ea9c2987be68216b8bd72e2b7c1ff,22007394b39aa79b929ba79b30364e37,,,,,False,,,,,,,,,,False,False
/msgdata/pl_msg.narc,/msgdata/pl_msg.narc!/member_00310,0,/msgdata/pl_msg.narc,378,310,,497304,510488,491540,504724,13184,12b2352ff0ba51901c1d4ac0b156a9809e78488e1fe06ec983fed542a975dc51,64004a1406a222a118a122a1dc414442,,,,,False,,,,,,,,,,False,False
/msgdata/pl_msg.narc,/msgdata/pl_msg.narc!/member_00311,0,/msgdata/pl_msg.narc,378,311,,510488,516980,504724,511216,6492,a828775e9e192407c16b34b88cc11277e0162759ea28aa3ae0aa46ea4f5b431b,350043949b0d370c0f0c370c721a6e18,,,,,False,,,,,,,,,,False,False
/msgdata/pl_msg.narc,/msgdata/pl_msg.narc!/member_00312,0,/msgdata/pl_msg.narc,378,312,,516980,523928,511216,518164,6948,c4763c270b62dfeab169523c338b7e6a661c4ffa8a70e709a2601abdb4d024b5,38005b942b52ef53d753ef53eaa5dea7,,,,,False,,,,,,,,,,False,False
/msgdata/pl_msg.narc,/msgdata/pl_msg.narc!/member_00313,0,/msgdata/pl_msg.narc,378,313,,523928,524664,518164,518900,736,1498255d86566f9953ce4d9e61789331c2acf6f8429bf034df3c5cf99491ddef,0900627496c8dac8d4c8dac8dc91b491,,,,,False,,,,,,,,,,False,False
/msgdata/pl_msg.narc,/msgdata/pl_msg.narc!/member_00314,0,/msgdata/pl_msg.narc,378,314,,524664,524826,518900,519062,162,af9f51f5bb620e47e91b8340b014bfb65871a2d36b053be447cdb1e815b14939,02006e74a2ecb6ec8decb6ece6d96cd9,,,,,False,,,,,,,,,,False,False
/msgdata/pl_msg.narc,/msgdata/pl_msg.narc!/member_00315,0,/msgdata/pl_msg.narc,378,315,,524828,525234,519064,519470,406,834c8075c4781f89eb0660459cc0c72ecd98fd0b0f87da9f1879d3655c6c11a9,02006a74d6e0c2e064e0c2e0e4c084c1,,,,,False,,,,,,,,,,False,False
/msgdata/pl_msg.narc,/msgdata/pl_msg.narc!/member_00316,0,/msgdata/pl_msg.narc,378,316,,525236,526572,519472,520808,1336,6a279d1118a92f9ad47b1516d77ff81ee8dc141977113ba66317bdb1f387b7c9,05007674b2049e04f7049e04c2093c09,,,,,False,,,,,,,,,,False,False
/msgdata/pl_msg.narc,/msgdata/pl_msg.narc!/member_00317,0,/msgdata/pl_msg.narc,378,317,,526572,527330,520808,521566,758,9592629b1fda6328afa35c4333dc9f5aacc59a4e282f76aa809e05cc68903247,0700467412752e7522752e7508ea5cea,,,,,False,,,,,,,,,,False,False
/msgdata/pl_msg.narc,/msgdata/pl_msg.narc!/member_00318,0,/msgdata/pl_msg.narc,378,318,,527332,529482,521568,523718,2150,3c2929b5bdb3506d439f427626402d1be4886830d037e4658ce13568c29b834e,0d00427456693a6924693a69dcd274d2,,,,,False,,,,,,,,,,False,False
/msgdata/pl_msg.narc,/msgdata/pl_msg.narc!/member_00319,0,/msgdata/pl_msg.narc,378,319,,529484,531510,523720,525746,2026,ef30787193420bf39445b154c077aae16691f36a1917fc582b682359554948bb,0f006670b2e0cee0c8e0cee014c19cc1,,,,,False,,,,,,,,,,False,False
/msgdata/pl_msg.narc,/msgdata/pl_msg.narc!/member_00320,0,/msgdata/pl_msg.narc,378,320,,531512,531654,525748,525890,142,64c39ccbad2b9e8bd38e0a043ca64b23eb63a734f52e2f47c8663ddda0a27cbc,02006270ced4dad4f1d4dad4dea9b4a9,,,,,False,,,,,,,,,,False,False
/msgdata/pl_msg.narc,/msgdata/pl_msg.narc!/member_00321,0,/msgdata/pl_msg.narc,378,321,,531656,532210,525892,526446,554,40b258a03c89da9bb68e03cab78ff15d91704e303a4b0c8526208f2fb8999235,05006e649a1cb61cf81cb61ca4396c39,,,,,False,,,,,,,,,,False,False
/msgdata/pl_msg.narc,/msgdata/pl_msg.narc!/member_00322,0,/msgdata/pl_msg.narc,378,322,,532212,532758,526448,526994,546,1823307de25889cfa280edd0ed5033a4bd524d02d9e480a5876263a82515654c,05007664b2349e34d0349e34f4693c69,,,,,False,,,,,,,,,,False,False
/msgdata/pl_msg.narc,/msgdata/pl_msg.narc!/member_00323,0,/msgdata/pl_msg.narc,378,323,,532760,533174,526996,527410,414,797dd2ec6ebf0c16c905225c3b208c968b85e36e35abb2c6c488e66966369ee3,05007e64aa4c864cc84c864cc4990c99,,,,,False,,,,,,,,,,False,False
/msgdata/pl_msg.narc,/msgdata/pl_msg.narc!/member_00324,0,/msgdata/pl_msg.narc,378,324,,533176,534382,527412,528618,1206,861168ec5df4a927a7134cce4c96bae5c3e7e9594608c46d09303ca9fd3fde26,2d00c3eadb89b788a488b788fc106e11,,,,,False,,,,,,,,,,False,False
/msgdata/pl_msg.narc,/msgdata/pl_msg.narc!/member_00325,0,/msgdata/pl_msg.narc,378,325,,534384,538944,528620,533180,4560,59f9b2c3de05adf12ba4916cb7dca89b1c206e1243a477939d4b52943d1e20b9,ea0052785e8a0a8d0f8d0a8d4a1d141a,,,,,False,,,,,,,,,,False,False
/msgdata/pl_msg.narc,/msgdata/pl_msg.narc!/member_00326,0,/msgdata/pl_msg.narc,378,326,,538944,539646,533180,533882,702,2d833f765ffe22435170aae248428c6556d01c758e9f7c1b78601e29a49e7797,1d00edbad59639963e963996882c722c,,,,,False,,,,,,,,,,False,False
/msgdata/pl_msg.narc,/msgdata/pl_msg.narc!/member_00327,0,/msgdata/pl_msg.narc,378,327,,539648,542032,533884,536268,2384,5c94a7f07f8d5a96f1ccf7b2cf33e6f1790d903c5eb072f1d9c647ab09716553,62000e77c2c7d6c4d0c4d6c48c8aac89,,,,,False,,,,,,,,,,False,False
/msgdata/pl_msg.narc,/msgdata/pl_msg.narc!/member_00328,0,/msgdata/pl_msg.narc,378,328,,542032,544406,536268,538642,2374,20297ece57df06508628e8227094edfabb7d8ed7d9a95ab91e503982055ddefd,6900d466c8448447884784476c8c088f,,,,,False,,,,,,,,,,False,False
/msgdata/pl_msg.narc,/msgdata/pl_msg.narc!/member_00329,0,/msgdata/pl_msg.narc,378,329,,544408,545130,538644,539366,722,14e8439262065d71e198c7ec1c8ef5e99f14c3355e352ebf8440bd58c4b2edac,1f009dcad57729772e77297758ef52ee,,,,,False,,,,,,,,,,False,False
/msgdata/pl_msg.narc,/msgdata/pl_msg.narc!/member_00330,0,/msgdata/pl_msg.narc,378,330,,545132,550408,539368,544644,5276,518773aa7a12621870499549b4a228c5a8a9dcb082cea81beabd6b797b828a7d,9d00d80e945f785b725b785bf0b3f0b6,,,,,False,,,,,,,,,,False,False
/msgdata/pl_msg.narc,/msgdata/pl_msg.narc!/member_00331,0,/msgdata/pl_msg.narc,378,331,,550408,552388,544644,546624,1980,0ba94898c2de0cf23e2832633173a617e6180254a01de79ed6257dd24ac014b0,44007e54a27e867c8e7c867c38fb0cf9,,,,,False,,,,,,,,,,False,False
/msgdata/pl_msg.narc,/msgdata/pl_msg.narc!/member_00332,0,/msgdata/pl_msg.narc,378,332,,552388,552408,546624,546644,20,0c6f26a3a8da7f4030c609932915c9404a92b66f87d769b921db7e5cc1bf5a10,01003c1040834c8348834c83e51b0865,,,,,False,,,,,,,,,,False,False
/msgdata/pl_msg.narc,/msgdata/pl_msg.narc!/member_00333,0,/msgdata/pl_msg.narc,378,333,,552408,552904,546644,547140,496,4a86d0d06417cf63f7bcfde9a237a2c1f41fa3f205ba24d3d999d64fd9b0f684,17007b6e33258f2589258f25d64b1e4b,,,,,False,,,,,,,,,,False,False
/msgdata/pl_msg.narc,/msgdata/pl_msg.narc!/member_00334,0,/msgdata/pl_msg.narc,378,334,,552904,553502,547140,547738,598,d14a1120390c2c1ee7e3c9b1a01a415c2da66831bcd2d9d911b2b412f17a58f2,1900cc2e50d79cd794d79cd7e4af38af,,,,,False,,,,,,,,,,False,False
/msgdata/pl_msg.narc,/msgdata/pl_msg.narc!/member_00335,0,/msgdata/pl_msg.narc,378,335,,553504,556080,547740,550316,2576,c299d3449b41de826d36e637a12b1cd0e6a6315c003fb76114125a411dc1d700,7b00ce0b4a45964698469646d48e2c8d,,,,,False,,,,,,,,,,False,False
/msgdata/pl_msg.narc,/msgdata/pl_msg.narc!/member_00336,0,/msgdata/pl_msg.narc,378,336,,556080,557984,550316,552220,1904,98a4a1e88af3ac957dee2eb2299451f9ca6f4dc84d637a31fd5b2c8641dfa912,54009bb28bbb2fb927b92fb9ea705e72,,,,,False,,,,,,,,,,False,False
/msgdata/pl_msg.narc,/msgdata/pl_msg.narc!/member_00337,0,/msgdata/pl_msg.narc,378,337,,557984,559860,552220,554096,1876,48d2a4916ded875e9a3804fb96124b63095eb07914bf680e26671518e2678b62,4b006bc5e3f2bff0b9f0bff016e37ee1,,,,,False,,,,,,,,,,False,False
/msgdata/pl_msg.narc,/msgdata/pl_msg.narc!/member_00338,0,/msgdata/pl_msg.narc,378,338,,559860,561242,554096,555478,1382,4abe58ef1f3a5621391320ebf209fd4610ef6cab0a95530c15a485be79b59ee4,3b00ec4ee0d63cd735d73cd796af78ae,,,,,False,,,,,,,,,,False,False
/msgdata/pl_msg.narc,/msgdata/pl_msg.narc!/member_00339,0,/msgdata/pl_msg.narc,378,339,,561244,561524,555480,555760,280,9dbd9cdd1caccd560f5dcabdb2f56a4f613001ed3181140ffea7398bbce0bb6d,0a0013bb9307c707c007c707ec0f8e0f,,,,,False,,,,,,,,,,False,False
/msgdata/pl_msg.narc,/msgdata/pl_msg.narc!/member_00340,0,/msgdata/pl_msg.narc,378,340,,561524,562682,555760,556918,1158,1aaaadafbc0c0bf592439b601f873bf7c2e51eaa6fb0351fe91836d243d8f5b1,3b001e497a7fa67ea17ea67ea6fc4cfd,,,,,False,,,,,,,,,,False,False
/msgdata/pl_msg.narc,/msgdata/pl_msg.narc!/member_00341,0,/msgdata/pl_msg.narc,378,341,,562684,563174,556920,557410,490,199ae862a520915938ebf585d22475486f1b036e924cb0f2c07bc3b6f3ea75fe,190078e254c098c090c098c0ec813081,,,,,False,,,,,,,,,,False,False
/msgdata/pl_msg.narc,/msgdata/pl_msg.narc!/member_00342,0,/msgdata/pl_msg.narc,378,342,,563176,563580,557412,557816,404,9299f93246f7a4ca959fa3d513e18793a85cd88eb539e0cd09cda8c2f0bd2f7f,0f009cca50742c7425742c74d6e858e8,,,,,False,,,,,,,,,,False,False
/msgdata/pl_msg.narc,/msgdata/pl_msg.narc!/member_00343,0,/msgdata/pl_msg.narc,378,343,,563580,564294,557816,558530,714,a2893cfc244fe1dbca74abc49f687a42be561e72dde7bf943e1995f6e04c57f6,1800afe9374ff34ffb4ff34f329fe69f,,,,,False,,,,,,,,,,False,False
/msgdata/pl_msg.narc,/msgdata/pl_msg.narc!/member_00344,0,/msgdata/pl_msg.narc,378,344,,564296,569346,558532,563582,5050,8e382bd7dac4ed08413a2b258843de664a8ac759f5cae8a3524b4d5d63686a6e,b300e916d97345764e76457638e98aec,,,,,False,,,,,,,,,,False,False
/msgdata/pl_msg.narc,/msgdata/pl_msg.narc!/member_00345,0,/msgdata/pl_msg.narc,378,345,,569348,569978,563584,564214,630,e0a8639549d6c632e07bde5a5ea229d3c03f91a01a376b54da149a58de4e67d8,1700b2b456f7eaf7eff7eaf712efd4ef,,,,,False,,,,,,,,,,False,False
/msgdata/pl_msg.narc,/msgdata/pl_msg.narc!/member_00346,0,/msgdata/pl_msg.narc,378,346,,569980,570552,564216,564788,572,74352e9e45fd38aa11b87b112aa0072bb0eb5ba03623ce7752e8360014bfe94b,16009b3d9b182f182b182f18e2305e30,,,,,False,,,,,,,,,,False,False
/msgdata/pl_msg.narc,/msgdata/pl_msg.narc!/member_00347,0,/msgdata/pl_msg.narc,378,347,,570552,571486,564788,565722,934,b6679021ebfffa8bd001145783a80f45cecfc6c986358ae2f5144fdc35f5a16b,400090d7542b502953295029aa50a052,,,,,False,,,,,,,,,,False,False
/msgdata/pl_msg.narc,/msgdata/pl_msg.narc!/member_00348,0,/msgdata/pl_msg.narc,378,348,,571488,571900,565724,566136,412,42f39e473922e2479653df3aa2be9e375b44d1997a36aec273edfc215500dc5f,0a00c890fca5a8a5a1a5a8a5364b504b,,,,,False,,,,,,,,,,False,False
/msgdata/pl_msg.narc,/msgdata/pl_msg.narc!/member_00349,0,/msgdata/pl_msg.narc,378,349,,571900,572132,566136,566368,232,c89ba1eac14e8de0486fbdcd41aa27043929a77208a8362e9ce65f642a54b5bf,060078efac9998998c9998996c333033,,,,,False,,,,,,,,,,False,False
/msgdata/pl_msg.narc,/msgdata/pl_msg.narc!/member_00350,0,/msgdata/pl_msg.narc,378,350,,572132,572666,566368,566902,534,04e9aced1fff3a0b4ca88386153b73ca7b2adf1833d69c8bedf7bd0fa54fa6df,0e00bf05b72bc32bce2bc32b08578657,,,,,False,,,,,,,,,,False,False
/msgdata/pl_msg.narc,/msgdata/pl_msg.narc!/member_00351,0,/msgdata/pl_msg.narc,378,351,,572668,572852,566904,567088,184,2158ed76484733edd4eb83758c2f827e3f34622cb97a166d1a1ef210211819bf,06007a6ba62b922b8d2b922b56572457,,,,,False,,,,,,,,,,False,False
/msgdata/pl_msg.narc,/msgdata/pl_msg.narc!/member_00352,0,/msgdata/pl_msg.narc,378,352,,572852,578906,567088,573142,6054,abdbbcaee6369b5913d7854dcad140af1efb25765622b588f4b7b0790f56844f,7b00410de1983d9b2d9b3d9b86357a36,,,,,False,,,,,,,,,,False,False
/msgdata/pl_msg.narc,/msgdata/pl_msg.narc!/member_00353,0,/msgdata/pl_msg.narc,378,353,,578908,580356,573144,574592,1448,fbb44bc9612f991993c44534db2f08d43e1dd9d0766dce132d57fc837ed96376,330023630b3e973f943f973f8c7e2e7f,,,,,False,,,,,,,,,,False,False
/msgdata/pl_msg.narc,/msgdata/pl_msg.narc!/member_00354,0,/msgdata/pl_msg.narc,378,354,,580356,580412,574592,574648,56,7fe9004645ac9c486e2d6d565015a3baa63c79e1bc7d8df9f24b12966f2515a8,01005967f9d4f5d4e3d4f5d40d1ace64,,,,,False,,,,,,,,,,False,False
/msgdata/pl_msg.narc,/msgdata/pl_msg.narc!/member_00355,0,/msgdata/pl_msg.narc,378,355,,580412,581206,574648,575442,794,98a35ee221698d88101c387e415a7a536fc1329abb4113eac0789bd078cd4049,0f003c9230fd4cfd54fd4cfd34fa98fa,,,,,False,,,,,,,,,,False,False
/msgdata/pl_msg.narc,/msgdata/pl_msg.narc!/member_00356,0,/msgdata/pl_msg.narc,378,356,,581208,581346,575444,575582,138,3c42a811aa696c9116b6906b33364b2a635afc4b68a1be0e380eb41f7f077909,0400e6bb6a7e4e7e5a7e4e7ed0fc9cfc,,,,,False,,,,,,,,,,False,False
/msgdata/pl_msg.narc,/msgdata/pl_msg.narc!/member_00357,0,/msgdata/pl_msg.narc,378,357,,581348,585032,575584,579268,3684,a7bfcaa1330a7f611b12052ccb1aba4c4b2b40683e92523b78e070025e743669,3b00b5063d0be10aeb0ae10a3214c215,,,,,False,,,,,,,,,,False,False
/msgdata/pl_msg.narc,/msgdata/pl_msg.narc!/member_00358,0,/msgdata/pl_msg.narc,378,358,,585032,585056,579268,579292,24,324382cf0b95999d1a6aff38fee69c117c8cab0057d9a1bf9d43bd9ae5d4f355,01003f124f864386458643862de41364,,,,,False,,,,,,,,,,False,False
/msgdata/pl_msg.narc,/msgdata/pl_msg.narc!/member_00359,0,/msgdata/pl_msg.narc,378,359,,585056,585570,579292,579806,514,9b9d465a47d9aa1aeef5af8a5068c555ebcb0b3363825ff7ca414272db7d71f0,0800e4e610f754f743f754f7daeea8ee,,,,,False,,,,,,,,,,False,False
/msgdata/pl_msg.narc,/msgdata/pl_msg.narc!/member_00360,0,/msgdata/pl_msg.narc,378,360,,585572,591756,579808,585992,6184,c3bb77c8d954f100a78c30254d2c5ac96687e898b3c6dc29f5398ee335b19389,18013150a9aa6da26fa26da2124cda44,,,,,False,,,,,,,,,,False,False
/msgdata/pl_msg.narc,/msgdata/pl_msg.narc!/member_00361,0,/msgdata/pl_msg.narc,378,361,,591756,594260,585992,588496,2504,99beadf27f67aaaa7d41031f4227a51dfb2412a15aa9a6a964e244c4dff55c6d,1900ee84fa3b363b773b363b22776c76,,,,,False,,,,,,,,,,False,False
/msgdata/pl_msg.narc,/msgdata/pl_msg.narc!/member_00362,0,/msgdata/pl_msg.narc,378,362,,594260,594284,588496,588520,24,882f5de0b2bbd8e594d7ada8dcccfb545b52e036c27bc27a24835a05ba01d74f,01001f7aafeea3eea5eea3ee7f1abc64,,,,,False,,,,,,,,,,False,False
/msgdata/pl_msg.narc,/msgdata/pl_msg.narc!/member_00363,0,/msgdata/pl_msg.narc,378,363,,594284,594972,588520,589208,688,f5b77e91e3f6a4be0f6ce92f797bf2d5ff26eefce1c1d0cca953c702cdfb6a9a,1b006d0f6518b918af18b9187a307231,,,,,False,,,,,,,,,,False,False
/msgdata/pl_msg.narc,/msgdata/pl_msg.narc!/member_00364,0,/msgdata/pl_msg.narc,378,364,,594972,599190,589208,593426,4218,208fd41cbfd6a0cea7e8056ee970e16b6e1b9d233880bbb414a7d782fd1b42c1,2800392211455544664455440089aa88,,,,,True,Nintendo Huffman 8-bit,Probable,False,2242816,,,,,,False,False
/msgdata/pl_msg.narc,/msgdata/pl_msg.narc!/member_00365,0,/msgdata/pl_msg.narc,378,365,,599192,603142,593428,597378,3950,d38a840aa1d789b55b87dc4477107a9221c644ebb76fea8bce7f338d38c20970,67003d2e752f492c452c492cc65b9258,,,,,False,,,,,,,,,,False,False
/msgdata/pl_msg.narc,/msgdata/pl_msg.narc!/member_00366,0,/msgdata/pl_msg.narc,378,366,,603144,603352,597380,597588,208,4e3639e27218d155dc76fb88805a0131bf2f68555935cab8ba4dc73177de7536,0c00a0d344652065236520652aca40ca,,,,,False,,,,,,,,,,False,False
/msgdata/pl_msg.narc,/msgdata/pl_msg.narc!/member_00367,0,/msgdata/pl_msg.narc,378,367,,603352,674980,597588,669216,71628,f04f43134cf08f9181c8906a9d57bbfd5dfafdfaafdccbac240bc95224727823,f504f4ba888c24ab2dab24abf6714856,,,,,False,,,,,,,,,,False,False
/msgdata/pl_msg.narc,/msgdata/pl_msg.narc!/member_00368,0,/msgdata/pl_msg.narc,378,368,,674980,675550,669216,669786,570,9cbd0275790194444bc2f0fa72fa4d2c425db6402344a1724cad0aace38d6281,0a0006a2ba2bee2bfa2bee2ba057dc57,,,,,False,,,,,,,,,,False,False
/msgdata/pl_msg.narc,/msgdata/pl_msg.narc!/member_00369,0,/msgdata/pl_msg.narc,378,369,,675552,675682,669788,669918,130,98d43c13be3b57cede4cd378f5e2f6f96a11b712139f6fca1fbbf08430b7900d,0800e7120f7c4b7c4e7c4b7cd8f896f8,,,,,False,,,,,,,,,,False,False
/msgdata/pl_msg.narc,/msgdata/pl_msg.narc!/member_00370,0,/msgdata/pl_msg.narc,378,370,,675684,676034,669920,670270,350,a1eb72249508e742dab9a99334f20186531ffb283b2e56584eeaf8d7fbab7f36,1400c8d20cdfa8dfacdfa8dffcbf50bf,,,,,False,,,,,,,,,,False,False
/msgdata/pl_msg.narc,/msgdata/pl_msg.narc!/member_00371,0,/msgdata/pl_msg.narc,378,371,,676036,676138,670272,670374,102,5e28dc2bc27a0ed788473b134cef5e34a3433ecaddf72dec1347e5b87798af5a,0200d09084bd90bd81bd90bd167b207b,,,,,False,,,,,,,,,,False,False
/msgdata/pl_msg.narc,/msgdata/pl_msg.narc!/member_00372,0,/msgdata/pl_msg.narc,378,372,,676140,677070,670376,671306,930,b9014eef6d048a44e984a98a54c2a9ec5b81cb9e4a3db7b23f02af7a1a2513bc,05006ba0935fbf5f355fbf5f3ebe7ebf,,,,,False,,,,,,,,,,False,False
/msgdata/pl_msg.narc,/msgdata/pl_msg.narc!/member_00373,0,/msgdata/pl_msg.narc,378,373,,677072,678576,671308,672812,1504,913a0c58aa4204e9d358303eee68ac17dc02a07e95bda1af6e13061e9ba9ebb3,1700958efd13411303134113c2278226,,,,,False,,,,,,,,,,False,False
/msgdata/pl_msg.narc,/msgdata/pl_msg.narc!/member_00374,0,/msgdata/pl_msg.narc,378,374,,678576,680274,672812,674510,1698,04642d4011c4c08dbfe5d33bca885f065f08f75ff1ad4904daf46cad5ed3e8e2,0e00f95661e615e67be615e67acd2acc,,,,,False,,,,,,,,,,False,False
/msgdata/pl_msg.narc,/msgdata/pl_msg.narc!/member_00375,0,/msgdata/pl_msg.narc,378,375,,680276,681098,674512,675334,822,4a55a154a6157fc7f425fd13fb7f1bb965e25a619dff3adff0abd43bc26c02e0,0d007437c8b5a4b5a9b5a4b5ce6b486b,,,,,False,,,,,,,,,,False,False
/msgdata/pl_msg.narc,/msgdata/pl_msg.narc!/member_00376,0,/msgdata/pl_msg.narc,378,376,,681100,682072,675336,676308,972,40c06b209567106e514490a191f07e7ad0261192d66f9894d7eb2293a08c0cb4,1500cac30e12a212a412a212fc254425,,,,,False,,,,,,,,,,False,False
/msgdata/pl_msg.narc,/msgdata/pl_msg.narc!/member_00377,0,/msgdata/pl_msg.narc,378,377,,682072,682236,676308,676472,164,8315206f2f6aae673a0449dff653942c40950fbe254e6eeeb66277435f13ce63,08002e083271767170717671bce2ece2,,,,,False,,,,,,,,,,False,False
/msgdata/pl_msg.narc,/msgdata/pl_msg.narc!/member_00378,0,/msgdata/pl_msg.narc,378,378,,682236,683758,676472,677994,1522,d11dfd362579675e53e1db5129bfd42647c703528ab7ea370f1b8624df7d6900,160030b3c476707659767076e6ede0ec,,,,,False,,,,,,,,,,False,False
/msgdata/pl_msg.narc,/msgdata/pl_msg.narc!/member_00379,0,/msgdata/pl_msg.narc,378,379,,683760,684330,677996,678566,570,856ab79ec04b7bcaf0e476ab43c05896ae19fd123d28af547dd5c287c3ab2bc0,0a00584fac19f819ec19f8198c33f033,,,,,False,,,,,,,,,,False,False
/msgdata/pl_msg.narc,/msgdata/pl_msg.narc!/member_00380,0,/msgdata/pl_msg.narc,378,380,,684332,686006,678568,680242,1674,b0271a1683d66a4ba023b8c9e80e2c35c0e54714a52f36b25a3f8af7920ee308,1b004496e8093409100934094c136812,,,,,False,,,,,,,,,,False,False
/msgdata/pl_msg.narc,/msgdata/pl_msg.narc!/member_00381,0,/msgdata/pl_msg.narc,378,381,,686008,686040,680244,680276,32,1e1248b594363e81ba8f371c36db2bac693288428f0235a98922b8b0d4a10a73,01003e454aea46ea4cea46ea461fb563,,,,,False,,,,,,,,,,False,False
/msgdata/pl_msg.narc,/msgdata/pl_msg.narc!/member_00382,0,/msgdata/pl_msg.narc,378,382,,686040,690616,680276,684852,4576,08141909df668fd3837e12867dd04e933ef6d05a8b057b782cbd2a61ac9e6fb1,2d00ef085fb333b211b233b2d6656664,,,,,False,,,,,,,,,,False,False
/msgdata/pl_msg.narc,/msgdata/pl_msg.narc!/member_00383,0,/msgdata/pl_msg.narc,378,383,,690616,690806,684852,685042,190,0444a51dcac7900b13f1e696e5506c014249e98bb10c21987823b7cb25b1bb8d,040019c0910ab50aa10ab50a26156a15,,,,,False,,,,,,,,,,False,False
/msgdata/pl_msg.narc,/msgdata/pl_msg.narc!/member_00384,0,/msgdata/pl_msg.narc,378,384,,690808,693912,685044,688148,3104,3bc73cc921d03fe50523fae46bf3f55cf09a3810f23e49db7823e42d0e3cf44b,3100ad0c75e1f9e0fde0f9e066c0f2c1,,,,,False,,,,,,,,,,False,False
/msgdata/pl_msg.narc,/msgdata/pl_msg.narc!/member_00385,0,/msgdata/pl_msg.narc,378,385,,693912,695856,688148,690092,1944,2933849f98cc0cde544b96175b29e02d551ea011c068d107dcb6674d11240cb6,64004d7b3d7619751c7519751ce932ea,,,,,False,,,,,,,,,,False,False
/msgdata/pl_msg.narc,/msgdata/pl_msg.narc!/member_00386,0,/msgdata/pl_msg.narc,378,386,,695856,696178,690092,690414,322,f53b5799bcea395c494aad0951197e7c4432dd14ede705165583c69467e35fc5,12001f143720a320a520a320e6414641,,,,,False,,,,,,,,,,False,False
/msgdata/pl_msg.narc,/msgdata/pl_msg.narc!/member_00387,0,/msgdata/pl_msg.narc,378,387,,696180,699246,690416,693482,3066,e516900b8374045bbebe34f8c9d376ac7aeadefab990b8322987783b427589a1,2d00d0f2fc969097b2979097902e202f,,,,,False,,,,,,,,,,False,False
/msgdata/pl_msg.narc,/msgdata/pl_msg.narc!/member_00388,0,/msgdata/pl_msg.narc,378,388,,699248,708428,693484,702664,9180,18ba18ff4879e466e8d274e528816cd72befa0bf22af024a7975aebf7934cf27,d401e63feafc4ef24af24ef230ea9ce4,,,,,False,,,,,,,,,,False,False
/msgdata/pl_msg.narc,/msgdata/pl_msg.narc!/member_00389,0,/msgdata/pl_msg.narc,378,389,,708428,747702,702664,741938,39274,5fe113b62c01f1205ad6bcc9e143139a4468c80892169829b1f0514f54192649,d401fc5ea8d90cd708d70cd7b4a018ae,,,,,False,,,,,,,,,,False,False
/msgdata/pl_msg.narc,/msgdata/pl_msg.narc!/member_00390,0,/msgdata/pl_msg.narc,378,390,,747704,756814,741940,751050,9110,0d3fe9a402385823458b954ed46c931672bc2deaa2b4bdc015d83090398f004a,d401adca5da8f9a6faa6f9a65843f24d,,,,,False,,,,,,,,,,False,False
/msgdata/pl_msg.narc,/msgdata/pl_msg.narc!/member_00391,0,/msgdata/pl_msg.narc,378,391,,756816,756948,751052,751184,132,f15c2d5a5891ce7dfcebb7aaf728339b6fa9b4422cbf19d701c38066b26da76b,0800dcd6280f6c0f6f0f6c0f921ed81e,,,,,False,,,,,,,,,,False,False
/msgdata/pl_msg.narc,/msgdata/pl_msg.narc!/member_00392,0,/msgdata/pl_msg.narc,378,392,,756948,757224,751184,751460,276,812e041be12ddab85e0c2949e2a93a54adeb0ecb280e1611637e5c6476a5d8c2,0800b249ae38ea38e638ea388871d471,,,,,False,,,,,,,,,,False,False
/msgdata/pl_msg.narc,/msgdata/pl_msg.narc!/member_00393,0,/msgdata/pl_msg.narc,378,393,,757224,758596,751460,752832,1372,9a8e0bb3205d0d3d4f392bcc85e1248e11a90c71845ecd50560f5f9d415febf8,26001f2997e0a3e1a8e1a3e10cc246c3,,,,,False,,,,,,,,,,False,False
/msgdata/pl_msg.narc,/msgdata/pl_msg.narc!/member_00394,0,/msgdata/pl_msg.narc,378,394,,758596,758914,752832,753150,318,ba5ed257350cbde48ca985751ee07f237571fa475cb81c1258c1a7c370b7b14d,10000a1166eae2eaeaeae2ea50d5c4d5,,Nintendo LZ10,Probable,,True,Nintendo LZ10,Probable,True,1116672,False,,,,,False,False
/msgdata/pl_msg.narc,/msgdata/pl_msg.narc!/member_00395,0,/msgdata/pl_msg.narc,378,395,,758916,759402,753152,753638,486,b8e540b7691dd3cd2550f345be4da52dc9aec48ec13846fed70223d26130e0ba,0400eb471be93fe974e93fe9c4d27ed2,,,,,False,,,,,,,,,,False,False
/msgdata/pl_msg.narc,/msgdata/pl_msg.narc!/member_00396,0,/msgdata/pl_msg.narc,378,396,,759404,759482,753640,753718,78,7b23066a74447c07d893270d7861325ff009aecb1c240e8a4abe5c3d2f2392e3,010000240c940094219400940d1ace64,,,,,False,,,,,,,,,,False,False
/msgdata/pl_msg.narc,/msgdata/pl_msg.narc!/member_00397,0,/msgdata/pl_msg.narc,378,397,,759484,762416,753720,756652,2932,0671af9ad4fd99efb1e8970cf5e1d65c26fc7a15d633b36a43f0a3b6cc2ac45d,1500e747e7dd4bdd1edd4bddc0bb96ba,,,,,False,,,,,,,,,,False,False
/msgdata/pl_msg.narc,/msgdata/pl_msg.narc!/member_00398,0,/msgdata/pl_msg.narc,378,398,,762416,782400,756652,776636,19984,66af46b18279a8e83aa70faadf4905e43595365955e6f3e369203abb2dd2ff51,ec00001464c300c425c400c4ae8f0088,,,,,False,,,,,,,,,,False,False
/msgdata/pl_msg.narc,/msgdata/pl_msg.narc!/member_00399,0,/msgdata/pl_msg.narc,378,399,,782400,782578,776636,776814,178,230daacc2f217f8f07b76653c880c663a71e5f2a4ab44b2eb295eee22de34615,02001814ac0bb80ba10bb80b36177017,,,,,False,,,,,,,,,,False,False
/msgdata/pl_msg.narc,/msgdata/pl_msg.narc!/member_00400,0,/msgdata/pl_msg.narc,378,400,,782580,783206,776816,777442,626,33fb33e99ee3e995dc3310db97dd0b94072360d2b9684dac0d7ecf1ec4f61942,04001194e976cd76fa76cd7608ed9aed,,,,,False,,,,,,,,,,False,False
/msgdata/pl_msg.narc,/msgdata/pl_msg.narc!/member_00401,0,/msgdata/pl_msg.narc,378,401,,783208,783864,777444,778100,656,8453a73c36e07c9987c7c4f66f4285ed36f88126509ebe922718e00b2f47dc2a,0600e34763d157d1ddd157d1e6a3aea2,,,,,False,,,,,,,,,,False,False
/msgdata/pl_msg.narc,/msgdata/pl_msg.narc!/member_00402,0,/msgdata/pl_msg.narc,378,402,,783864,784320,778100,778556,456,853db79d7b142a58bc0fa722d3b65bfb57e5250ca064499a971fbfbe23eef9d7,06005447302604262c2604268c4c084c,,,,,False,,,,,,,,,,False,False
/msgdata/pl_msg.narc,/msgdata/pl_msg.narc!/member_00403,0,/msgdata/pl_msg.narc,378,403,,784320,784516,778556,778752,196,b111a4b215b5487fa792cb1eaa1963db2e30e52b562b69bb13a90e47ac969cf8,09007c38c0ca8cca98ca8cca6c951895,,,,,False,,,,,,,,,,False,False
/msgdata/pl_msg.narc,/msgdata/pl_msg.narc!/member_00404,0,/msgdata/pl_msg.narc,378,404,,784516,784968,778752,779204,452,51f8fe8f03764deb372890faea38e16663731eb481a96216522d5ae2f197f778,0c00bc1fa8d4ccd4c9d4ccd4f6a998a9,,,,,False,,,,,,,,,,False,False
/msgdata/pl_msg.narc,/msgdata/pl_msg.narc!/member_00405,0,/msgdata/pl_msg.narc,378,405,,784968,785080,779204,779316,112,738499eba671faecfa1bfbd9cdc1ddf13ed8649b202146b774b3d6b1be88f4d4,040014e8e083c483c783c483a2078807,,,,,False,,,,,,,,,,False,False
/msgdata/pl_msg.narc,/msgdata/pl_msg.narc!/member_00406,0,/msgdata/pl_msg.narc,378,406,,785080,785164,779316,779400,84,877a70c2e197d88afc5e73d4a16935f72382092b9fd0c0e7dc9f8a197b57c6d7,0200fc5618ef0cef16ef0cef50de18de,,,,,False,,,,,,,,,,False,False
/msgdata/pl_msg.narc,/msgdata/pl_msg.narc!/member_00407,0,/msgdata/pl_msg.narc,378,407,,785164,786194,779400,780430,1030,8d994ca503a9868ab034799dc357ef14a10e72c787d38912906749a20c029fd1,1800e7668f804b8044804b8074009600,,,,,False,,,,,,,,,,False,False
/msgdata/pl_msg.narc,/msgdata/pl_msg.narc!/member_00408,0,/msgdata/pl_msg.narc,378,408,,786196,794340,780432,788576,8144,1e92baba0559930aeee2bf84401bfeb8d1ee413cf325783e6db60b4b08d03257,f0012c78f8147c1b7a1b7c1b6839f836,,,,,False,,,,,,,,,,False,False
/msgdata/pl_msg.narc,/msgdata/pl_msg.narc!/member_00409,0,/msgdata/pl_msg.narc,378,409,,794340,794518,788576,788754,178,f9e1bfb3da66117d6d06eaea71d9601cbfab36140e40bf47ec2bc4bef0062143,0c005ce2886cec6cef6cec6cb2d9d8d9,,,,,False,,,,,,,,,,False,False
/msgdata/pl_msg.narc,/msgdata/pl_msg.narc!/member_00410,0,/msgdata/pl_msg.narc,378,410,,794520,819806,788756,814042,25286,ee7c244b94639aba1af7316a905de550726f240574cc9b883cc88ea121444863,3900e3809b27572615275726fe48ae4c,,,,,False,,,,,,,,,,False,False
/msgdata/pl_msg.narc,/msgdata/pl_msg.narc!/member_00411,0,/msgdata/pl_msg.narc,378,411,,819808,840330,814044,834566,20522,abb31a6dd3c1a37b1c82a31086e3ee41d4ebcf88b21251d9097eec66c223962d,2800ef80774b334a604b334a8c976694,,,,,True,Nintendo Huffman 8-bit,Probable,False,8449792,,,,,,False,False
/msgdata/pl_msg.narc,/msgdata/pl_msg.narc!/member_00412,0,/msgdata/pl_msg.narc,378,412,,840332,845208,834568,839444,4876,0fcf72aaf70356d7831d50c91deedab536f7a2c4a855f72cef7c04b3f6c23bcb,0b00eb80633e3f3e8a3e3f3eb87d7e7c,,,,,False,,,,,,,,,,False,False
/msgdata/pl_msg.narc,/msgdata/pl_msg.narc!/member_00413,0,/msgdata/pl_msg.narc,378,413,,845208,867562,839444,861798,22354,ca4028fc61f906b8077a806f3f21f46e38f1846a86fbd36e8cf478596d1f91f4,3800f780df631b62da621b6270c736c4,,,,,False,,,,,,,,,,False,False
/msgdata/pl_msg.narc,/msgdata/pl_msg.narc!/member_00414,0,/msgdata/pl_msg.narc,378,414,,867564,879324,861800,873560,11760,9ce19dbe9483e4259efdb50262abb8e56563a00ffb9c64c9e264ac6115a36b00,1d00f380cb562756ab5627564aae4eac,,,,,False,,,,,,,,,,False,False
/msgdata/pl_msg.narc,/msgdata/pl_msg.narc!/member_00415,0,/msgdata/pl_msg.narc,378,415,,879324,879996,873560,874232,672,2ab8b90db71623a7a6377b07a65db1976dbf7e1e398c7408e98c4ab900f4b38b,10009688ba283e2806283e2888507c50,,Nintendo LZ10,Probable,,True,Nintendo LZ10,Probable,True,8951296,False,,,,,False,False
/msgdata/pl_msg.narc,/msgdata/pl_msg.narc!/member_00416,0,/msgdata/pl_msg.narc,378,416,,879996,883410,874232,877646,3414,9e5188bafbc324d651e5bb81602480ced3a5b2e6f0bc581c061c2883319b081f,4f00222ae6e59ae78be79ae7aacd34cf,,,,,False,,,,,,,,,,False,False
/msgdata/pl_msg.narc,/msgdata/pl_msg.narc!/member_00417,0,/msgdata/pl_msg.narc,378,417,,883412,883726,877648,877962,314,a876e779f990be1a0ae8bb56f4d87b31495fa87ca5829351ad374ce734b597ba,0900d371cb2387238a23872368470e47,,,,,False,,,,,,,,,,False,False
/msgdata/pl_msg.narc,/msgdata/pl_msg.narc!/member_00418,0,/msgdata/pl_msg.narc,378,418,,883728,889666,877964,883902,5938,766dc83c78e851bd0d919085ad7a022d861d5037ed43594cb319de4cfc32e790,400004a0f029f42bdf2bf42bb255e857,,,,,False,,,,,,,,,,False,False
/msgdata/pl_msg.narc,/msgdata/pl_msg.narc!/member_00419,0,/msgdata/pl_msg.narc,378,419,,889668,890580,883904,884816,912,3f14c41aeb556afac5ed3e5c5009a82247a506409df992e57c8ac1e05ca772f6,40005534056001620262016208c602c4,,,,,False,,,,,,,,,,False,False
/msgdata/pl_msg.narc,/msgdata/pl_msg.narc!/member_00420,0,/msgdata/pl_msg.narc,378,420,,890580,891102,884816,885338,522,2141fc452345a3071d66c516b88364f1a0fc713857218a03b1253546649f788e,0e00aed9827cf67cf97cf67c7ef9ecf9,,,,,False,,,,,,,,,,False,False
/msgdata/pl_msg.narc,/msgdata/pl_msg.narc!/member_00421,0,/msgdata/pl_msg.narc,378,421,,891104,894580,885340,888816,3476,889e446e153aa961b32ac724a498afcb681f5bacccb92a7f3e7c5426c3fc9b68,21001a1bbefdb2fc31fcb2fc76fb64f9,,,,,False,,,,,,,,,,False,False
/msgdata/pl_msg.narc,/msgdata/pl_msg.narc!/member_00422,0,/msgdata/pl_msg.narc,378,422,,894580,895870,888816,890106,1290,6ffd24232a4347727d0f45f42e40de7fb1dbe1ec85d68438b4fd7815a8060755,5a00e1e789e95deb58eb5deb64d4bad6,,,,,False,,,,,,,,,,False,False
/msgdata/pl_msg.narc,/msgdata/pl_msg.narc!/member_00423,0,/msgdata/pl_msg.narc,378,423,,895872,896600,890108,890836,728,cbbf384137733adc668d3e1d4233333643f48a3031ef213601b0ba4ddd293f8f,0e00051685ccf1ccd2ccf1cc5899e299,,,,,False,,,,,,,,,,False,False
/msgdata/pl_msg.narc,/msgdata/pl_msg.narc!/member_00424,0,/msgdata/pl_msg.narc,378,424,,896600,901358,890836,895594,4758,0234084e1843810a156efe0aaa32f2c5b830385f29f6b8d0b0b85c60969a24c1,2e00359915d261d345d361d37ea7c2a6,,,,,False,,,,,,,,,,False,False
/msgdata/pl_msg.narc,/msgdata/pl_msg.narc!/member_00425,0,/msgdata/pl_msg.narc,378,425,,901360,904020,895596,898256,2660,c3f6e4d596ad288b3f3378e1aff354bc5921026c2f0b25df4bf8fb95a060171f,1a003906819855985a9855985830aa30,,,,,False,,,,,,,,,,False,False
/msgdata/pl_msg.narc,/msgdata/pl_msg.narc!/member_00426,0,/msgdata/pl_msg.narc,378,426,,904020,904390,898256,898626,370,fddc827698ba919a8a6714b9a2e5103e3a3cc1f79cb3bd117bba813cbf08b722,08000d679df1d9f1c4f1d9f1cce3b2e3,,,,,False,,,,,,,,,,False,False
/msgdata/pl_msg.narc,/msgdata/pl_msg.narc!/member_00427,0,/msgdata/pl_msg.narc,378,427,,904392,906178,898628,900414,1786,5c642d0c2a0c767acdf205f49f458d349a0760d542d08337be6de25731ba7abb,240082a75e8e7a8f5d8f7a8f861ff41e,,,,,True,Nintendo Huffman 4-bit,Probable,False,10977792,,,,,,False,False
/msgdata/pl_msg.narc,/msgdata/pl_msg.narc!/member_00428,0,/msgdata/pl_msg.narc,378,428,,906180,908790,900416,903026,2610,3569e2c26ab882de2efda0a4eac74d8d2bc3dd089f7cba0cbece451dc925954d,7e00060a1af0eef3e7f3eef3dae3dce7,,,,,False,,,,,,,,,,False,False
/msgdata/pl_msg.narc,/msgdata/pl_msg.narc!/member_00429,0,/msgdata/pl_msg.narc,378,429,,908792,910616,903028,904852,1824,e56923df040124427256613b587e19870b0ba6c8845610dfeccd3269d5b7e921,4d007d5ce56389618e61896168c112c3,,,,,False,,,,,,,,,,False,False
/msgdata/pl_msg.narc,/msgdata/pl_msg.narc!/member_00430,0,/msgdata/pl_msg.narc,378,430,,910616,910868,904852,905104,252,6efc57ce42432368bd381b860c7e10e8470b3c5614b8e9b2ec6168b015955c60,0d007810f43698369f3698364a6d306d,,,,,False,,,,,,,,,,False,False
/msgdata/pl_msg.narc,/msgdata/pl_msg.narc!/member_00431,0,/msgdata/pl_msg.narc,378,431,,910868,911104,905104,905340,236,1741ead7a7b5100cbab056a2ed0e4ad4a65353b2699fde45d746cfb97b63d2e3,0e0075a3d574a174a574a1743ee942e9,,,,,False,,,,,,,,,,False,False
/msgdata/pl_msg.narc,/msgdata/pl_msg.narc!/member_00432,0,/msgdata/pl_msg.narc,378,432,,911104,911528,905340,905764,424,406a35925b9a19542568aacc2afc1440a9dffaccf24451822e580d6dc6ec961f,0d009b90431f2f1f241f2f1fdc3e5e3e,,,,,False,,,,,,,,,,False,False
/msgdata/pl_msg.narc,/msgdata/pl_msg.narc!/member_00433,0,/msgdata/pl_msg.narc,378,433,,911528,911564,905764,905800,36,44a5631eeaa4160e0691ea2c81a57ae1c0ae9a4b2780cbb14bb34bf9c7cfaf60,0200ce3d82b096b095b096b036612c61,,,,,False,,,,,,,,,,False,False
/msgdata/pl_msg.narc,/msgdata/pl_msg.narc!/member_00434,0,/msgdata/pl_msg.narc,378,434,,911564,912140,905800,906376,576,3ab2485d206307f3b5fe7e2ddab61ad3b441ab2b8f1de1058f40d48416835a64,2600a6fb3afe0eff0dff0eff26ff1cfe,,,,,False,,,,,,,,,,False,False
/msgdata/pl_msg.narc,/msgdata/pl_msg.narc!/member_00435,0,/msgdata/pl_msg.narc,378,435,,912140,912706,906376,906942,566,9b89c045e05fd5ca8f9de9f4c6229df92d6e2707dac596cb05865c0200f86ee6,2600a2fb2ef21af319f31af30ee734e6,,,,,False,,,,,,,,,,False,False
/msgdata/pl_msg.narc,/msgdata/pl_msg.narc!/member_00436,0,/msgdata/pl_msg.narc,378,436,,912708,914370,906944,908606,1662,7f7d7e9e7eab93bf4c473929932aee21238caa0587e1893715dec60d2a8ba43b,6b009efb7ae426e720e726e724cd4cce,,,,,False,,,,,,,,,,False,False
/msgdata/pl_msg.narc,/msgdata/pl_msg.narc!/member_00437,0,/msgdata/pl_msg.narc,378,437,,914372,915898,908608,910134,1526,8d9996bd0cc6edb248f0d174f0f22a887cc9e6098a505d81ce3e9e728e71e53a,68009afb76d832db36db32db28b564b6,,,,,False,,,,,,,,,,False,False
/msgdata/pl_msg.narc,/msgdata/pl_msg.narc!/member_00438,0,/msgdata/pl_msg.narc,378,438,,915900,916650,910136,910886,750,6fe1ab963003e4149ce21a8f9d89f780378fe3df61adc8815306569d87b88827,2f00beffba3bc63ac33ac63a0a748c75,,,,,False,,,,,,,,,,False,False
/msgdata/pl_msg.narc,/msgdata/pl_msg.narc!/member_00439,0,/msgdata/pl_msg.narc,378,439,,916652,917194,910888,911430,542,3e81f47bcaf27bdcbc51482f21fedc3a4f4ad2d11b34833d9846dc2878509138,2000baffd62fd22ed62ed22ea85ca45d,,Nintendo Huffman,Probable,,True,Nintendo Huffman,Probable,False,16759296,,,,,,False,False
/msgdata/pl_msg.narc,/msgdata/pl_msg.narc!/member_00440,0,/msgdata/pl_msg.narc,378,440,,917196,917606,911432,911842,410,3c2056f4f3fdb1554f97290366fced0d75aaa4972147c5698c61f365921bf761,1700b6ff6222de22db22de227a45bc45,,,,,False,,,,,,,,,,False,False
/msgdata/pl_msg.narc,/msgdata/pl_msg.narc!/member_00441,0,/msgdata/pl_msg.narc,378,441,,917608,918448,911844,912684,840,c03e120970608da8bed7fa117107dffab864caca89831a414ba0e5c6aa920443,140006db4a80ee80e180ee801e01dc01,,,,,False,,,,,,,,,,False,False
/msgdata/pl_msg.narc,/msgdata/pl_msg.narc!/member_00442,0,/msgdata/pl_msg.narc,378,442,,918448,919282,912684,913518,834,eff381e0a3e0d50d6bd6eeb802e682290b731a18136686778c7cb5c59e224b85,140016bb1a10be10b510be10c6217c21,,,,,False,,,,,,,,,,False,False
/msgdata/pl_msg.narc,/msgdata/pl_msg.narc!/member_00443,0,/msgdata/pl_msg.narc,378,443,,919284,920024,913520,914260,740,a1654c47ea89fcbc8a94d796167a3adeae70182e507dfa1437c8dbd7adc2cf01,1400e516f56a516a5f6a516a62d4a2d4,,,,,False,,,,,,,,,,False,False
/msgdata/pl_msg.narc,/msgdata/pl_msg.narc!/member_00444,0,/msgdata/pl_msg.narc,378,444,,920024,920884,914260,915120,860,9ce9e2b09d9fe3add70644adc9fbdaec4756afff82b06c1a9aabbe2d45eb53ff,14008962c17365736e73657370e6cae6,,,,,False,,,,,,,,,,False,False
/msgdata/pl_msg.narc,/msgdata/pl_msg.narc!/member_00445,0,/msgdata/pl_msg.narc,378,445,,920884,921634,915120,915870,750,7cd151712faae4f81b0aa5a16f90d557dcf217f3592a37e56ce0368a00cb520a,1400f708bfca1bca15ca1bcaf6943694,,,,,False,,,,,,,,,,False,False
/msgdata/pl_msg.narc,/msgdata/pl_msg.narc!/member_00446,0,/msgdata/pl_msg.narc,378,446,,921636,925404,915872,919640,3768,8309c8132a264a3e1bee01786cc2c75d4f579112025caabd40f0839a8935796b,8f00a2e9662d1a2910291a29a4563452,,,,,False,,,,,,,,,,False,False
/msgdata/pl_msg.narc,/msgdata/pl_msg.narc!/member_00447,0,/msgdata/pl_msg.narc,378,447,,925404,925906,919640,920142,502,252d16fbfe2a58233a5d6c5b634aa0cab465ed94bf65c10b99ce50e2a2c99cee,1a005438d05304531c5304530ca708a6,,,,,False,,,,,,,,,,False,False
/msgdata/pl_msg.narc,/msgdata/pl_msg.narc!/member_00448,0,/msgdata/pl_msg.narc,378,448,,925908,933116,920144,927352,7208,9cd21599f5bd815933a31038d91a34e34d1c560ac5bfe94c0dba1fb8ca1e2f5e,cd004ee17a401646154616465e8a2c8c,,,,,False,,,,,,,,,,False,False
/msgdata/pl_msg.narc,/msgdata/pl_msg.narc!/member_00449,0,/msgdata/pl_msg.narc,378,449,,933116,936370,927352,930606,3254,7ae8b5fa55df6d6e6d13020a7a1b005bc380a62733a3a58062a9c8684f0b3671,2e0098514cd238d323d338d3daa770a6,,,,,False,,,,,,,,,,False,False
/msgdata/pl_msg.narc,/msgdata/pl_msg.narc!/member_00450,0,/msgdata/pl_msg.narc,378,450,,936372,944532,930608,938768,8160,66a97e4555ae6c28de0e5868a2cc0ba007333ebbe04f6e83f8799825ed4f180b,bb0047b0f7c12bc42dc42bc4be8d5688,,,,,False,,,,,,,,,,False,False
/msgdata/pl_msg.narc,/msgdata/pl_msg.narc!/member_00451,0,/msgdata/pl_msg.narc,378,451,,944532,944738,938768,938974,206,87e89ce98a734ed455dcd91ce02ab0d74e5754bb97a0f5e883252f526e6a1a5c,07004f0d2fc513c51dc513c57e8a268a,,,,,False,,,,,,,,,,False,False
/msgdata/pl_msg.narc,/msgdata/pl_msg.narc!/member_00452,0,/msgdata/pl_msg.narc,378,452,,944740,945228,938976,939464,488,a479202af8d46715d692fb34e6ab802b5e1f966203d3d219a7d541585961f001,1900b76217fcdbfcddfcdbfc6ef9b6f9,,,,,False,,,,,,,,,,False,False
/msgdata/pl_msg.narc,/msgdata/pl_msg.narc!/member_00453,0,/msgdata/pl_msg.narc,378,453,,945228,945260,939464,939496,32,688ff5299119cb648f008e7c82c317318c0098ec032ee57b06c9e024ae6d432c,0100193ab99cb59cbf9cb59c4e13936c,,,,,False,,,,,,,,,,False,False
/msgdata/pl_msg.narc,/msgdata/pl_msg.narc!/member_00454,0,/msgdata/pl_msg.narc,378,454,,945260,945282,939496,939518,22,236d829a3fecdffdc95dcbcaff9c7b06d02e811ed24d55921c423082f15aeb65,01008ecd5a41564153415641f71e4962,,,,,False,,,,,,,,,,False,False
/msgdata/pl_msg.narc,/msgdata/pl_msg.narc!/member_00455,0,/msgdata/pl_msg.narc,378,455,,945284,947488,939520,941724,2204,0c6f7bd49c1a02c55dbfcb014516bd48d4e03f7c0b2ef749808f92377522168b,19007abf5e2f922fb52f922f3e5e245f,,,,,False,,,,,,,,,,False,False
/msgdata/pl_msg.narc,/msgdata/pl_msg.narc!/member_00456,0,/msgdata/pl_msg.narc,378,456,,947488,947818,941724,942054,330,c1858ee26532674e49e7dd03af82e53f5d4031977b0bf87c17875220552e70d4,0b00580fa4d9f8d9fed9f8d998b3f0b3,,,,,False,,,,,,,,,,False,False
/msgdata/pl_msg.narc,/msgdata/pl_msg.narc!/member_00457,0,/msgdata/pl_msg.narc,378,457,,947820,947966,942056,942202,146,ff8e0695f8a6a07ef1c19233aa36f0692492ee6dff32004b2976510fa5e30c30,0300dc8b70f06cf078f06cf09ce0d8e0,,,,,False,,,,,,,,,,False,False
/msgdata/pl_msg.narc,/msgdata/pl_msg.narc!/member_00458,0,/msgdata/pl_msg.narc,378,458,,947968,948498,942204,942734,530,aab8dc0e7bdeba5b3e2fcd5716383fc768c8d4a82d9049985bb16c79e3231c01,1700ff24bf8e038e058e038ece1c061c,,,,,False,,,,,,,,,,False,False
/msgdata/pl_msg.narc,/msgdata/pl_msg.narc!/member_00459,0,/msgdata/pl_msg.narc,378,459,,948500,949340,942736,943576,840,57b04d4b0d2dc4d18e9ee4980cfaf39525b668e9a55c8d906e15b3a8ae33e66f,1a006501052ad12ac92ad12aa654a255,,,,,False,,,,,,,,,,False,False
/msgdata/pl_msg.narc,/msgdata/pl_msg.narc!/member_00460,0,/msgdata/pl_msg.narc,378,460,,949340,950026,943576,944262,686,8e6b38d1f042257908854542559d99f909add16c28809f2efc858094da9d676d,1d00007bec8f008f068f008ff81e001e,,,,,False,,,,,,,,,,False,False
/msgdata/pl_msg.narc,/msgdata/pl_msg.narc!/member_00461,0,/msgdata/pl_msg.narc,378,461,,950028,956960,944264,951196,6932,59908dd5818afc44e2c20092dfca64938f4d10a8e71208e07ad512301f8309c5,3f009c9ed0f92cf824f82cf854f258f0,,,,,False,,,,,,,,,,False,False
/msgdata/pl_msg.narc,/msgdata/pl_msg.narc!/member_00462,0,/msgdata/pl_msg.narc,378,462,,956960,960106,951196,954342,3146,4bb5e2cc8a1b8c411f72b6f84f0d173e3c208852126edea94bdfc8efc0986d2f,1400909ef4d450d40fd450d4c2a9a0a8,,,,,False,,,,,,,,,,False,False
/msgdata/pl_msg.narc,/msgdata/pl_msg.narc!/member_00463,0,/msgdata/pl_msg.narc,378,463,,960108,961032,954344,955268,924,52dc5c0d0f785a36d9a56aa638f17ccff3dad732644b51fc94d45f7514bf725e,0700949e78e044e07be044e032c088c0,,,,,False,,,,,,,,,,False,False
/msgdata/pl_msg.narc,/msgdata/pl_msg.narc!/member_00464,0,/msgdata/pl_msg.narc,378,464,,961032,961226,955268,955462,194,cd4aa0c0ec1a876804b05a1819a15c915daa40d2db655ccfac0813db2065672e,03007e099a5d865dbf5d865d82bb0cbb,,,,,False,,,,,,,,,,False,False
/msgdata/pl_msg.narc,/msgdata/pl_msg.narc!/member_00465,0,/msgdata/pl_msg.narc,378,465,,961228,961832,955464,956068,604,98b2ca25c101318645e4388c37a2bcc337b1824a80571808c0f6ea18b6254f29,040072098e39aa399539aa39f6735473,,,,,False,,,,,,,,,,False,False
/msgdata/pl_msg.narc,/msgdata/pl_msg.narc!/member_00466,0,/msgdata/pl_msg.narc,378,466,,961832,963120,956068,957356,1288,42e966c6e8a9cd3b8ea223efe75e86710ba5ba78d24dda014a1a2d8f78ae878b,0a007e0dd25186510551865156a20ca3,,,,,False,,,,,,,,,,False,False
/msgdata/pl_msg.narc,/msgdata/pl_msg.narc!/member_00467,0,/msgdata/pl_msg.narc,378,467,,963120,963466,957356,957702,346,3e3059e905fab11e302903383eec2ff5eab26ddd8dede92ecbe377b8393a2e49,0400547220a504a518a504a5544a084a,,,,,False,,,,,,,,,,False,False
/msgdata/pl_msg.narc,/msgdata/pl_msg.narc!/member_00468,0,/msgdata/pl_msg.narc,378,468,,963468,963616,957704,957852,148,bcf43c317b1f3e16fd8958a9d45aa6c0cf136beb3c093fb523445a7efc1276e6,0300720db62daa2db12daa2d065b545b,,,,,False,,,,,,,,,,False,False
/msgdata/pl_msg.narc,/msgdata/pl_msg.narc!/member_00469,0,/msgdata/pl_msg.narc,378,469,,963616,963804,957852,958040,188,7fd899d14b6cfc0a42ddd9907bda3e56abf1e48426834bddac3da66afa758eca,0300809e9ca480a4b0a480a47c490049,,,,,False,,,,,,,,,,False,False
/msgdata/pl_msg.narc,/msgdata/pl_msg.narc!/member_00470,0,/msgdata/pl_msg.narc,378,470,,963804,964266,958040,958502,462,78959c6826d60c1af637307bf97f8fccfaf33099a9f1bdee9959f6523dfe491f,0500ca8e8eb1a2b18db1a2b1ce634463,,,,,False,,,,,,,,,,False,False
/msgdata/pl_msg.narc,/msgdata/pl_msg.narc!/member_00471,0,/msgdata/pl_msg.narc,378,471,,964268,964468,958504,958704,200,c2453a4ddd86e361ea7b8043544d2a4b8b3fc811a6949cd488017d8d8a6cb46b,0200d28e9ec98ac996c98ac958931493,,,,,False,,,,,,,,,,False,False
/msgdata/pl_msg.narc,/msgdata/pl_msg.narc!/member_00472,0,/msgdata/pl_msg.narc,378,472,,964468,966682,958704,960918,2214,9ce00aa3b74667a5d5bbf67204d8daf2117c58269325403301cec8419fbd2650,0e00849e00b074b01ab074b0b861e860,,,,,False,,,,,,,,,,False,False
/msgdata/pl_msg.narc,/msgdata/pl_msg.narc!/member_00473,0,/msgdata/pl_msg.narc,378,473,,966684,967158,960920,961394,474,c6763cf1a5333910565fd809b3bfc9eb194ac284c9a87b07da39ebf9de6bb594,0600b89eec4bd84bcd4bd84bee97b097,,,,,False,,,,,,,,,,False,False
/msgdata/pl_msg.narc,/msgdata/pl_msg.narc!/member_00474,0,/msgdata/pl_msg.narc,378,474,,967160,968976,961396,963212,1816,e886ed2e9f4f8e2f04cf53f2cc0eac083226931faed596de6d6b337ff18a8f58,1800ca6e6611a211ed11a21126224423,,,,,False,,,,,,,,,,False,False
/msgdata/pl_msg.narc,/msgdata/pl_msg.narc!/member_00475,0,/msgdata/pl_msg.narc,378,475,,968976,970582,963212,964818,1606,70bbbaa25e94e70f2d13f65c9523fb46173b258e1a49d7f5739ef5726de4c1c3,1500bc9e6057cc57d457cc5744af98af,,,,,False,,,,,,,,,,False,False
/msgdata/pl_msg.narc,/msgdata/pl_msg.narc!/member_00476,0,/msgdata/pl_msg.narc,378,476,,970584,970822,964820,965058,238,6a5ab6ff2c1280804cb38a8dd76bf4a3ae9d1f52e2a01007062db47eb78effbe,0200ca7eb6e1a2e1bce1a2e114c344c3,,,,,False,,,,,,,,,,False,False
/msgdata/pl_msg.narc,/msgdata/pl_msg.narc!/member_00477,0,/msgdata/pl_msg.narc,378,477,,970824,971560,965060,965796,736,d069607fbe4aaf6afe949fdcdfa9a691732156eda39e61a1295672616232eaab,0600da7e46117211411172117e22e422,,,,,False,,,,,,,,,,False,False
/msgdata/pl_msg.narc,/msgdata/pl_msg.narc!/member_00478,0,/msgdata/pl_msg.narc,378,478,,971560,972946,965796,967182,1386,1382045bcb9f35933d676ffd784ac37421b20c9d6886770356219b02a9bf7c81,0c007799ff989b9884989b9894313631,,,,,False,,,,,,,,,,False,False
/msgdata/pl_msg.narc,/msgdata/pl_msg.narc!/member_00479,0,/msgdata/pl_msg.narc,378,479,,972948,973774,967184,968010,826,895454961dfd66c0157e05858271164a01dd1ca79137d8515e675963392eea36,0c00f5d24566216606662166f0cc42cc,,,,,False,,,,,,,,,,False,False
/msgdata/pl_msg.narc,/msgdata/pl_msg.narc!/member_00480,0,/msgdata/pl_msg.narc,378,480,,973776,974008,968012,968244,232,f6157d09f9468f8ff06393653417839ac1f29b1d9b871fa52976fc5bc95b66e0,03007b9993a48fa4c0a48fa4a4491e49,,,,,False,,,,,,,,,,False,False
/msgdata/pl_msg.narc,/msgdata/pl_msg.narc!/member_00481,0,/msgdata/pl_msg.narc,378,481,,974008,975740,968244,969976,1732,fbd6704e420743dff09fc797d21dc1b9b845ea2d7c369fd8321e81e11b682a5d,1100f5e2ad362136583621363c6d426c,,Nintendo LZ11,Probable,,True,Nintendo LZ11,Probable,True,14873856,False,,,,,False,False
/msgdata/pl_msg.narc,/msgdata/pl_msg.narc!/member_00482,0,/msgdata/pl_msg.narc,378,482,,975740,975988,969976,970224,248,933ea652ae084755a8379f65cca668d31f377fdedf2ab3429092049eb24b2220,0300779d878c9b8cd48c9b8c8c193619,,,,,False,,,,,,,,,,False,False
/msgdata/pl_msg.narc,/msgdata/pl_msg.narc!/member_00483,0,/msgdata/pl_msg.narc,378,483,,975988,976692,970224,970928,704,bc09a06ee047a0162d3e789f351195082e9b68a47aa26eb531d49dd9ea7c4cb9,06007b9dbb988f98e7988f981a301e31,,,,,False,,,,,,,,,,False,False
/msgdata/pl_msg.narc,/msgdata/pl_msg.narc!/member_00484,0,/msgdata/pl_msg.narc,378,484,,976692,977420,970928,971656,728,7381de5a78b5cb8b9d5e8b58234ca3b89ad47acf5365f479dcff8536c7337d70,09007791d7b09bb0ddb09bb0ee613661,,,,,False,,,,,,,,,,False,False
/msgdata/pl_msg.narc,/msgdata/pl_msg.narc!/member_00485,0,/msgdata/pl_msg.narc,378,485,,977420,980396,971656,974632,2976,90866312681101ac674d3a9291ca0d367b447b0174a43807534883e241e3c3f6,1e00b4521023e423f223e423e846c847,,,,,False,,,,,,,,,,False,False
/msgdata/pl_msg.narc,/msgdata/pl_msg.narc!/member_00486,0,/msgdata/pl_msg.narc,378,486,,980396,980894,974632,975130,498,dacae44d928528069ea5092de4cec4d88002dcd900c4f1702f08c64a3051202f,0600b852ec2fd82fe12fd82f165fb05f,,,,,False,,,,,,,,,,False,False
/msgdata/pl_msg.narc,/msgdata/pl_msg.narc!/member_00487,0,/msgdata/pl_msg.narc,378,487,,980896,983640,975132,977876,2744,c2397784c11f19b7f951753278b2cd8ee22ffa64455852748e88f43cb1d101f5,1700bc52703bcc3bb23bcc3b20769877,,,,,False,,,,,,,,,,False,False
/msgdata/pl_msg.narc,/msgdata/pl_msg.narc!/member_00488,0,/msgdata/pl_msg.narc,378,488,,983640,984358,977876,978594,718,5fd9dd50fc00efe40ec995aed2dea205634193ef3780d65384b1b75b1df2542f,07007b91b3bc8fbc94bc8fbc6c791e79,,,,,False,,,,,,,,,,False,False
/msgdata/pl_msg.narc,/msgdata/pl_msg.narc!/member_00489,0,/msgdata/pl_msg.narc,378,489,,984360,985742,978596,979978,1382,404b9778d74a5877ccdce9996dc09ee2975b10c5fbba88d5c111b02be8d7289d,1400b46240f3e4f3c3f3e4f33ae7c8e7,,,,,False,,,,,,,,,,False,False
/msgdata/pl_msg.narc,/msgdata/pl_msg.narc!/member_00490,0,/msgdata/pl_msg.narc,378,490,,985744,987222,979980,981458,1478,965518449030f170af657b5677e4f0d441d0391149946996faeec8a1957f71ae,0d00949a28ec44ec03ec44ec72d888d8,,,,,False,,,,,,,,,,False,False
/msgdata/pl_msg.narc,/msgdata/pl_msg.narc!/member_00491,0,/msgdata/pl_msg.narc,378,491,,987224,987626,981460,981862,402,7eab716a5286a68b0b135bfb0383ba95686eaf87ad589501aa71350beead371a,0400eb5e1ba43fa415a43fa406487e48,,,,,False,,,,,,,,,,False,False
/msgdata/pl_msg.narc,/msgdata/pl_msg.narc!/member_00492,0,/msgdata/pl_msg.narc,378,492,,987628,995936,981864,990172,8308,b3d7d8880e66b6d574243dc837ff91d9378e17afe276c2e8fe3be2679dd4aac0,3300f35ebbbd27bc5ebc27bcc07a4e78,,,,,False,,,,,,,,,,False,False
/msgdata/pl_msg.narc,/msgdata/pl_msg.narc!/member_00493,0,/msgdata/pl_msg.narc,378,493,,995936,996662,990172,990898,726,3236a2d77fd8b1cb14aa99242d675acc7a0a79105da3d55cd43e598f6f1b6990,0600fade265112513b511251a2a224a2,,,,,False,,,,,,,,,,False,False
/msgdata/pl_msg.narc,/msgdata/pl_msg.narc!/member_00494,0,/msgdata/pl_msg.narc,378,494,,996664,997174,990900,991410,510,9132ef0e172ac93f0ce6fcb8d29dbf2f472c73d41ae24fedc12b4b5498ff44a3,0500c35e9b2cb72c932cb72c1a596e59,,,,,False,,,,,,,,,,False,False
/msgdata/pl_msg.narc,/msgdata/pl_msg.narc!/member_00495,0,/msgdata/pl_msg.narc,378,495,,997176,998252,991412,992488,1076,0c96bc1e730293afd61eadb8d90b1f91c6d7fe29095a83a7eaa355098c5876ca,0900cadeeec1a2c181c1a2c1d6834483,,,,,False,,,,,,,,,,False,False
/msgdata/pl_msg.narc,/msgdata/pl_msg.narc!/member_00496,0,/msgdata/pl_msg.narc,378,496,,998252,998640,992488,992876,388,3a167f5518d50bb83a199dd6bee100aa814bba0e74eae4f8b3f3d1f304d3763f,0400d2deaed98ad9b5d98ad9b6b314b3,,,,,False,,,,,,,,,,False,False
/msgdata/pl_msg.narc,/msgdata/pl_msg.narc!/member_00497,0,/msgdata/pl_msg.narc,378,497,,998640,998724,992876,992960,84,024361401c3a93a3ac4c7773fb82207199ffa1b4d0c1db6365bed945081e0b07,0200889a7cc868c878c868c8e490d090,,,,,False,,,,,,,,,,False,False
/msgdata/pl_msg.narc,/msgdata/pl_msg.narc!/member_00498,0,/msgdata/pl_msg.narc,378,498,,998724,999026,992960,993262,302,531229f31891e22680e208d824d5f822d62035cd153ffafa0a1f2546e3d748b2,0300eb2e23343f341c343f341c687e68,,,,,False,,,,,,,,,,False,False
/msgdata/pl_msg.narc,/msgdata/pl_msg.narc!/member_00499,0,/msgdata/pl_msg.narc,378,499,,999028,999760,993264,993996,732,b57daa417e7ad21ebb6a652c80bd80212a736ad6b006e365b863b6b98f190182,08008c9a18d45cd473d45cd41aa8b8a8,,,,,False,,,,,,,,,,False,False
/msgdata/pl_msg.narc,/msgdata/pl_msg.narc!/member_00500,0,/msgdata/pl_msg.narc,378,500,,999760,999918,993996,994154,158,c28c498b5533818f01bd703008f615bb2f037776c9e31a9be04ef868f045acd3,0300809a9cb080b09cb080b054610061,,,,,False,,,,,,,,,,False,False
/msgdata/pl_msg.narc,/msgdata/pl_msg.narc!/member_00501,0,/msgdata/pl_msg.narc,378,501,,999920,1000558,994156,994794,638,095caef54615054304450802326e2131de345bb8331759e621d33aacf458410b,0700eb0e03943f941f943f9402287e28,,,,,False,,,,,,,,,,False,False
/msgdata/pl_msg.narc,/msgdata/pl_msg.narc!/member_00502,0,/msgdata/pl_msg.narc,378,502,,1000560,1001122,994796,995358,562,52cdf4513a5bdc982a0db4130bdbf4ea7776ddeff0e4d2bfb57f5344a87a0e3c,0500849a58bc74bc7bbc74bca278e878,,,,,False,,,,,,,,,,False,False
/msgdata/pl_msg.narc,/msgdata/pl_msg.narc!/member_00503,0,/msgdata/pl_msg.narc,378,503,,1001124,1001676,995360,995912,552,54450d3baaaf1ad3686a39f52542e80a3075bcf08dcf76ba169a5834c3c0987b,0300eb1e23643f640b643f64fac87ec8,,,,,False,,,,,,,,,,False,False
/msgdata/pl_msg.narc,/msgdata/pl_msg.narc!/member_00504,0,/msgdata/pl_msg.narc,378,504,,1001676,1001864,995912,996100,188,73c1e3698fba94255b56b1fb689c9f019873f1c047bb988de68247b073a40c08,0200f31e337c277c017c277c2ef84ef8,,,,,False,,,,,,,,,,False,False
/msgdata/pl_msg.narc,/msgdata/pl_msg.narc!/member_00505,0,/msgdata/pl_msg.narc,378,505,,1001864,1002132,996100,996368,268,e7867069a9797c79290612e91606c1ddac8a4370f35e147b05b6bd461bea18e2,0700b89ae457d857d757d857eaafb0af,,,,,False,,,,,,,,,,False,False
/msgdata/pl_msg.narc,/msgdata/pl_msg.narc!/member_00506,0,/msgdata/pl_msg.narc,378,506,,1002132,1002776,996368,997012,644,fc0599b87f1238e95efab7f4b39bbfee06c8a9bf7e72d5c518920db32c2ea863,0700ebee03f43ff425f43ff40ee87ee8,,,,,False,,,,,,,,,,False,False
/msgdata/pl_msg.narc,/msgdata/pl_msg.narc!/member_00507,0,/msgdata/pl_msg.narc,378,507,,1002776,1004030,997012,998266,1254,995f00e3ff3252d790c34a0af9a8cd3f604664065e76aad2b152544f4061a219,0500f3ee0b0c270c290c270c06184e18,,,,,False,,,,,,,,,,False,False
/msgdata/pl_msg.narc,/msgdata/pl_msg.narc!/member_00508,0,/msgdata/pl_msg.narc,378,508,,1004032,1004086,998268,998322,54,d32401b0fe0f411df85bc264c972c9660c45fc80f9e75627fe496cf813126af6,0100bc9ac063cc63d963cc635812b061,,,,,False,,,,,,,,,,False,False
/msgdata/pl_msg.narc,/msgdata/pl_msg.narc!/member_00509,0,/msgdata/pl_msg.narc,378,509,,1004088,1004248,998324,998484,160,85bc2a999ce3b13a4072b8fb4eea60c0a5ca14ed99eaf8748ab4a451e0db4599,03009c9630102c1039102c101e205820,,,,,False,,,,,,,,,,False,False
/msgdata/pl_msg.narc,/msgdata/pl_msg.narc!/member_00510,0,/msgdata/pl_msg.narc,378,510,,1004248,1012780,998484,1007016,8532,80e6369cc9eb6ff9eb16b1127222e898278f6888cfda58776074413772392789,4b008b7e03275f2544255f252c48be4a,,,,,False,,,,,,,,,,False,False
/msgdata/pl_msg.narc,/msgdata/pl_msg.narc!/member_00511,0,/msgdata/pl_msg.narc,378,511,,1012780,1013566,1007016,1007802,786,34685c36c91ff60e2dbad882f26cc184d1b9829f6530e102f469f7336658d741,0600937e733d473d763d473d187a8e7a,,,,,False,,,,,,,,,,False,False
/msgdata/pl_msg.narc,/msgdata/pl_msg.narc!/member_00512,0,/msgdata/pl_msg.narc,378,512,,1013568,1014258,1007804,1008494,690,918a71d06ae22c40fcc26f00e2baf264a55d71f3a9b8180be312239286f23a5d,0800909614ec50ec66ec50ec10d8a0d8,,,,,False,,,,,,,,,,False,False
/msgdata/pl_msg.narc,/msgdata/pl_msg.narc!/member_00513,0,/msgdata/pl_msg.narc,378,513,,1014260,1014494,1008496,1008730,234,201372cbefc238e5213d091dfbd5a74b08a8bb2ee0762e1c4133480cd5ec858c,06008b4e6bb55fb554b55fb5f46abe6a,,,,,False,,,,,,,,,,False,False
/msgdata/pl_msg.narc,/msgdata/pl_msg.narc!/member_00514,0,/msgdata/pl_msg.narc,378,514,,1014496,1015422,1008732,1009658,926,6254b7bd9adfc7b6d454ee84a804bb5d6e6a5b8e6e9d57d37f3c5730e65ac400,0900934e0bcd47cd6acd47cd289a8e9a,,,,,False,,,,,,,,,,False,False
/msgdata/pl_msg.narc,/msgdata/pl_msg.narc!/member_00515,0,/msgdata/pl_msg.narc,378,515,,1015424,1015654,1009660,1009890,230,dcfb2541d5d745167fc46fb6da89e735a3c05de50babe693d5c28425ff919dc4,02009ace266232621562326206c464c4,,,,,False,,,,,,,,,,False,False
/msgdata/pl_msg.narc,/msgdata/pl_msg.narc!/member_00516,0,/msgdata/pl_msg.narc,378,516,,1015656,1017546,1009892,1011782,1890,474a016c167041038e9be713028b61ebcbe89ba570a8a0374c9d418a59df0c10,0d00889604d468d43ed468d4c8a9d0a8,,,,,False,,,,,,,,,,False,False
/msgdata/pl_msg.narc,/msgdata/pl_msg.narc!/member_00517,0,/msgdata/pl_msg.narc,378,517,,1017548,1017642,1011784,1011878,94,9ec9aa4fa3f10a6ed5a2c6d9eaed6d3f3c8f829e570a0c980591d159aad9eb3c,02008c9648e05ce04ee05ce080c0b8c0,,,,,False,,,,,,,,,,False,False
/msgdata/pl_msg.narc,/msgdata/pl_msg.narc!/member_00518,0,/msgdata/pl_msg.narc,378,518,,1017644,1017796,1011880,1012032,152,1b6f251ac6f5a5d2b6765e75f8d01fe70e971b08a15286b600b0eab0892aa9bf,02008b3e4be55fe57de55fe5e6cabeca,,,,,False,,,,,,,,,,False,False
/msgdata/pl_msg.narc,/msgdata/pl_msg.narc!/member_00519,0,/msgdata/pl_msg.narc,378,519,,1017796,1017844,1012032,1012080,48,c190638a41d0f87c7e3f2725f4fb18236ea0207eb3b759271d9aad5c90d6bae3,010080968cbc80bc92bc80bc5812b061,,,,,False,,,,,,,,,,False,False
/msgdata/pl_msg.narc,/msgdata/pl_msg.narc!/member_00520,0,/msgdata/pl_msg.narc,378,520,,1017844,1019630,1012080,1013866,1786,36340f44344b268acd27d08f4332daa18a41b399708e1a504437b151c277e588,0d00849618c874c837c874c81a90e890,,,,,False,,,,,,,,,,False,False
/msgdata/pl_msg.narc,/msgdata/pl_msg.narc!/member_00521,0,/msgdata/pl_msg.narc,378,521,,1019632,1020014,1013868,1014250,382,847ac665b0f542608e49ef4634724a711c3b95534d6246a45fb30cacca00ac62,04008b1e7b455f4568455f452c8abe8a,,,,,False,,,,,,,,,,False,False
/msgdata/pl_msg.narc,/msgdata/pl_msg.narc!/member_00522,0,/msgdata/pl_msg.narc,378,522,,1020016,1020108,1014252,1014344,92,81491b8aabe89261af7c74fd3b4e1881f06b9f33593815e88758cb4db6a6f29e,0200b896cc63d863ca63d86388c7b0c7,,,,,False,,,,,,,,,,False,False
/msgdata/pl_msg.narc,/msgdata/pl_msg.narc!/member_00523,0,/msgdata/pl_msg.narc,378,523,,1020108,1020356,1014344,1014592,248,7b4d48001072d91f9d26712e65de48b037a5df62d9a20c8b9cd9430d75e1ae7f,02008bee4bd55fd56dd55fd5c6aabeaa,,,,,False,,,,,,,,,,False,False
/msgdata/pl_msg.narc,/msgdata/pl_msg.narc!/member_00524,0,/msgdata/pl_msg.narc,378,524,,1020356,1022012,1014592,1016248,1656,a3906baf741f2628ca2131828432e2473a00e9a245fd046802e06ac61663f00b,130093eedbed47ed08ed47edb4db8eda,,,,,False,,,,,,,,,,False,False
/msgdata/pl_msg.narc,/msgdata/pl_msg.narc!/member_00525,0,/msgdata/pl_msg.narc,378,525,,1022012,1022988,1016248,1017224,976,6a1098c76fc5a36a22d9e4a321b7fd13af6ba615fd8d686c41cb0f1d4574f1f3,07009a6e0e8232820f823282d2046404,,,,,False,,,,,,,,,,False,False
/msgdata/pl_msg.narc,/msgdata/pl_msg.narc!/member_00526,0,/msgdata/pl_msg.narc,378,526,,1022988,1023260,1017224,1017496,272,3b6120d8018d6f63c746449b3851013cd3c0e367ef50e07fea6a8ea97e0e7af5,0400bc96e86fcc6fe86fcc6ff4df98df,,,,,False,,,,,,,,,,False,False
/msgdata/pl_msg.narc,/msgdata/pl_msg.narc!/member_00527,0,/msgdata/pl_msg.narc,378,527,,1023260,1024482,1017496,1018718,1222,40518cae0b8745680668ba7033c6c30bcf1f193b00efabcf4690a1b4b4aa7d65,280009a0a13be53ae03ae53a8474ca75,,,,,True,Nintendo Huffman 8-bit,Probable,False,10488064,,,,,,False,False
/msgdata/pl_msg.narc,/msgdata/pl_msg.narc!/member_00528,0,/msgdata/pl_msg.narc,378,528,,1024484,1025438,1018720,1019674,954,87b0ef43ba75d1c84873478c1fb25ab51070fb7c5ffde6ba574b826541c74709,1500e9ade9b145b143b145b132628a62,,,,,False,,,,,,,,,,False,False
/msgdata/pl_msg.narc,/msgdata/pl_msg.narc!/member_00529,0,/msgdata/pl_msg.narc,378,529,,1025440,1025658,1019676,1019894,218,3a62a8b056c7c5bd024fa3627ddc88085252a867802ff024bb9e305e1d3e9598,0900a8b544d708d706d708d778ae10ae,,,,,False,,,,,,,,,,False,False
/msgdata/pl_msg.narc,/msgdata/pl_msg.narc!/member_00530,0,/msgdata/pl_msg.narc,378,530,,1025660,1043688,1019896,1037924,18028,bbff835a570fb6bef3eceaef32ea07b7aa4a640670d4dce86c9516e79220e9ee,930169d159cac5c6cdc6c5c626818a8d,,,,,False,,,,,,,,,,False,False
/msgdata/pl_msg.narc,/msgdata/pl_msg.narc!/member_00531,0,/msgdata/pl_msg.narc,378,531,,1043688,1044560,1037924,1038796,872,673c6ecf6931792d2a519b7fdad5ef25ba317f5c15c95faf3be41e834b36de16,170070150c0fb00fbf0fb00fba1f601f,,,,,False,,,,,,,,,,False,False
/msgdata/pl_msg.narc,/msgdata/pl_msg.narc!/member_00532,0,/msgdata/pl_msg.narc,378,532,,1044560,1051208,1038796,1045444,6648,bd912513847031cebb1dd7a867a262a02644991ef44bac63476d69dbd89eed59,5100c3a73b53b7519651b751a0a16ea3,,,,,False,,,,,,,,,,False,False
/msgdata/pl_msg.narc,/msgdata/pl_msg.narc!/member_00533,0,/msgdata/pl_msg.narc,378,533,,1051208,1051528,1045444,1045764,320,47b158b92183a7ddbd121917341084e2865443fb9181ecef9d128f7a2c32fc63,0600ec1508823c8221823c8216047804,,,,,False,,,,,,,,,,False,False
/msgdata/pl_msg.narc,/msgdata/pl_msg.narc!/member_00534,0,/msgdata/pl_msg.narc,378,534,,1051528,1051758,1045764,1045994,230,e6f59bf763c43a0052c23ccffe7696b99e0dba261388ede580812af4086e2a77,03006031fc8be08bfe8be08b9817c017,,,,,False,,,,,,,,,,False,False
/msgdata/pl_msg.narc,/msgdata/pl_msg.narc!/member_00535,0,/msgdata/pl_msg.narc,378,535,,1051760,1052084,1045996,1046320,324,c549caeb160829d4c463737e8b7082b8d14932fcc6a6c383a01610a21946b42c,0d0060518c2be02be92be02bbe57c057,,,,,False,,,,,,,,,,False,False
/msgdata/pl_msg.narc,/msgdata/pl_msg.narc!/member_00536,0,/msgdata/pl_msg.narc,378,536,,1052084,1053224,1046320,1047460,1140,d6d212a64525075a72bfe931403f69dca68086687aa2e1ff744b7683c42d48e8,1000f1c8a9782d7802782d78b8f05af0,,Nintendo LZ10,Probable,,True,Nintendo LZ10,Probable,True,13168896,False,,,,,False,False
/msgdata/pl_msg.narc,/msgdata/pl_msg.narc!/member_00537,0,/msgdata/pl_msg.narc,378,537,,1053224,1055330,1047460,1049566,2106,5b0669a4b8139962522440b5d41a49e52ad0609e052c219a29a011c2ca45eb7a,340017bb1f12bb13aa13bb13b0267627,,,,,False,,,,,,,,,,False,False
/msgdata/pl_msg.narc,/msgdata/pl_msg.narc!/member_00538,0,/msgdata/pl_msg.narc,378,538,,1055332,1056862,1049568,1051098,1530,b8dd20d56b3deb62dd18d32f0097d8f2bc73f829e301f7ba27078c53dd07f457,27004ae91e2322223122222226454444,,,,,False,,,,,,,,,,False,False
/msgdata/pl_msg.narc,/msgdata/pl_msg.narc!/member_00539,0,/msgdata/pl_msg.narc,378,539,,1056864,1057040,1051100,1051276,176,42a6b896550fe896337a01d3eab3ff6c0e9f20106587679237848f5c8ad846b5,03007b6993348f3499348f3456691e69,,,,,False,,,,,,,,,,False,False
/msgdata/pl_msg.narc,/msgdata/pl_msg.narc!/member_00540,0,/msgdata/pl_msg.narc,378,540,,1057040,1084186,1051276,1078422,27146,c4214e793a8e3864a577751bbf818ccf41a1a1923e8760752bca22ca515c2b07,f503ad325571f96eff6ef96e4ac2f2dd,,,,,False,,,,,,,,,,False,False
/msgdata/pl_msg.narc,/msgdata/pl_msg.narc!/member_00541,0,/msgdata/pl_msg.narc,378,541,,1084188,1084420,1078424,1078656,232,556876f01fd7ca43a4e730a80539fe323cd69e9f634d907fd6bc0cfb4d194a3d,0c00a7ab6ff20bf20ff20bf27ae416e4,,,,,False,,,,,,,,,,False,False
/msgdata/pl_msg.narc,/msgdata/pl_msg.narc!/member_00542,0,/msgdata/pl_msg.narc,378,542,,1084420,1087098,1078656,1081334,2678,5f141e6d030450d8115ef2e1400e2e1fdaa6a2b9234dc32c97d07feb370b7d48,2a003a9906e352e26de252e276c5a4c4,,,,,False,,,,,,,,,,False,False
/msgdata/pl_msg.narc,/msgdata/pl_msg.narc!/member_00543,0,/msgdata/pl_msg.narc,378,543,,1087100,1097396,1081336,1091632,10296,ac67556f4e6931f830bbe4a810d70131d1ddb8b25994a8840100766f9b24535a,ed0022aaf6609a6786679a6790c834cf,,,,,False,,,,,,,,,,False,False
/msgdata/pl_msg.narc,/msgdata/pl_msg.narc!/member_00544,0,/msgdata/pl_msg.narc,378,544,,1097396,1100150,1091632,1094386,2754,18aabe811bd3c8155eca6bce050341ff12a849b9e79d00ec75c1a3c2568b8791,2500d7a457977b9677967b96b22df62c,,,,,False,,,,,,,,,,False,False
/msgdata/pl_msg.narc,/msgdata/pl_msg.narc!/member_00545,0,/msgdata/pl_msg.narc,378,545,,1100152,1100722,1094388,1094958,570,5ccac018724cccd503527f852e3dab5217bbb0de438c39c6ffc4862b1f8fbffc,150064977865d465dd65d46516cba8cb,,,,,False,,,,,,,,,,False,False
/msgdata/pl_msg.narc,/msgdata/pl_msg.narc!/member_00546,0,/msgdata/pl_msg.narc,378,546,,1100724,1100872,1094960,1095108,148,90da2555bc6fe158ef7659477efd3d4ca32b5657b2f4ae684d6ea4d9a39014ad,09007c30c0e28ce28fe28ce24ac518c5,,,,,False,,,,,,,,,,False,False
/msgdata/pl_msg.narc,/msgdata/pl_msg.narc!/member_00547,0,/msgdata/pl_msg.narc,378,547,,1100872,1104606,1095108,1098842,3734,e7056be0e4aea39d078870ea41449ef892f31363e69cfa0186f5430e1f1a08cf,1e00b7492f47db47ee47db47e88eb68f,,,,,False,,,,,,,,,,False,False
/msgdata/pl_msg.narc,/msgdata/pl_msg.narc!/member_00548,0,/msgdata/pl_msg.narc,378,548,,1104608,1104640,1098844,1098876,32,38d6583c4b088272fee979cdfddd7d33e9949e46559a3ac8c2b7e66761928662,02000a2bf69ce29ce19ce29cde39c439,,,,,False,,,,,,,,,,False,False
/msgdata/pl_msg.narc,/msgdata/pl_msg.narc!/member_00549,0,/msgdata/pl_msg.narc,378,549,,1104640,1105928,1098876,1100164,1288,56bc417074830a9df603e2444c143f7a71b1f209ccbea1b7c06db412a8050f5a,0f002b4703ab7fab71ab7fab6656fe56,,,,,False,,,,,,,,,,False,False
/msgdata/pl_msg.narc,/msgdata/pl_msg.narc!/member_00550,0,/msgdata/pl_msg.narc,378,550,,1105928,1106852,1100164,1101088,924,ee4db5f07d474ad7f79d50db87d4263af48513f4be94c1f94d4752975236232d,06000624daa5eea5baa5eea5004bdc4b,,,,,False,,,,,,,,,,False,False
/msgdata/pl_msg.narc,/msgdata/pl_msg.narc!/member_00551,0,/msgdata/pl_msg.narc,378,551,,1106852,1107268,1101088,1101504,416,8c32b4b20c74962b3d7316e18b27f1487ae83a360b257f7fe66a6d27b8bdc624,04000a24c6b1e2b1ffb1e2b19a63c463,,,,,False,,,,,,,,,,False,False
/msgdata/pl_msg.narc,/msgdata/pl_msg.narc!/member_00552,0,/msgdata/pl_msg.narc,378,552,,1107268,1113016,1101504,1107252,5748,c829ae29887fe84d2923937c487113291ae7624a3d31751f1fbce6de72e98034,2a001e24f2eca6ed91eda6ed8eda4cdb,,,,,False,,,,,,,,,,False,False
/msgdata/pl_msg.narc,/msgdata/pl_msg.narc!/member_00553,0,/msgdata/pl_msg.narc,378,553,,1113016,1114048,1107252,1108284,1032,ce2cd93c53cd773aea7ef848c8e0b95b8cef7c4952230c0fd4c3f4c3e8d36f0f,0b00122496c9cac9fdc9cac95e939493,,,,,False,,,,,,,,,,False,False
/msgdata/pl_msg.narc,/msgdata/pl_msg.narc!/member_00554,0,/msgdata/pl_msg.narc,378,554,,1114048,1114226,1108284,1108462,178,578db55072aabdbdb19143a821f1fd05e44d0cdfb03fc62bb5ab1c3717cf8d95,020017a4af58bb58a658bb5838b176b1,,,,,False,,,,,,,,,,False,False
/msgdata/pl_msg.narc,/msgdata/pl_msg.narc!/member_00555,0,/msgdata/pl_msg.narc,378,555,,1114228,1114580,1108464,1108816,352,098554003ef9bbcc0fe7c288ffe90b716612dd731b9fa750328e1c7b1b31d14b,04002e24521d761d481d761d4c3aec3a,,,,,False,,,,,,,,,,False,False
/msgdata/pl_msg.narc,/msgdata/pl_msg.narc!/member_00556,0,/msgdata/pl_msg.narc,378,556,,1114580,1118160,1108816,1112396,3580,c02a3714968828729657f73d039b6a143548cb6056dcd3a744bb4b09c17bfaaf,1e0027477f9f8b9faf9f8b9f2a3e163f,,,,,False,,,,,,,,,,False,False
/msgdata/pl_msg.narc,/msgdata/pl_msg.narc!/member_00557,0,/msgdata/pl_msg.narc,378,557,,1118160,1118362,1112396,1112598,202,40ba3bd81eb171dab4c8d3d0cc3a019c2efa11c3512e5ee87f453471f1b135ee,020010cfc4c2d0c2e8c2d0c22485a085,,,,,False,,,,,,,,,,False,False
/msgdata/pl_msg.narc,/msgdata/pl_msg.narc!/member_00558,0,/msgdata/pl_msg.narc,378,558,,1118364,1118684,1112600,1112920,320,ea9321be4070bed12f13d6605df6df84956a3568e79faac49d0a5b171274db0f,0300132edbaec7aef2aec7ae085d8e5d,,,,,False,,,,,,,,,,False,False
/msgdata/pl_msg.narc,/msgdata/pl_msg.narc!/member_00559,0,/msgdata/pl_msg.narc,378,559,,1118684,1118748,1112920,1112984,64,2886bbf5d47db39676cd99084125db08ad71b9cb062715d84b53ef6a133ab057,01001f2eafd2a3d2b9d2a3d2a1125663,,,,,False,,,,,,,,,,False,False
/msgdata/pl_msg.narc,/msgdata/pl_msg.narc!/member_00560,0,/msgdata/pl_msg.narc,378,560,,1118748,1127796,1112984,1122032,9048,1269a40c4466ee8c6980fce0ad6df0b348688c57def475795fa16c149e186a0c,3d00061402d4eed5c9d5eed5e6a9dcab,,,,,False,,,,,,,,,,False,False
/msgdata/pl_msg.narc,/msgdata/pl_msg.narc!/member_00561,0,/msgdata/pl_msg.narc,378,561,,1127796,1129150,1122032,1123386,1354,9921df5253c61cfe40e97be3d6ed896d77daed69456b6a0716c0e4c784c065e8,07001e149a1da61df51da61dae3b4c3b,,,,,False,,,,,,,,,,False,False
/msgdata/pl_msg.narc,/msgdata/pl_msg.narc!/member_00562,0,/msgdata/pl_msg.narc,378,562,,1129152,1129354,1123388,1123590,202,486b73bed3f5382d6bc0a59edc557c038a82711d1a8bf91e69a511fd1f179bde,01001214c6f9caf995f9caf92de41364,,,,,False,,,,,,,,,,False,False
/msgdata/pl_msg.narc,/msgdata/pl_msg.narc!/member_00563,0,/msgdata/pl_msg.narc,378,563,,1129356,1129596,1123592,1123832,240,955360e13b6a2d39995149d242493333c2a7dd6a3aab04cb8dc3bfb7ff33d180,02001794af88bb88fe88bb88e8117611,,,,,False,,,,,,,,,,False,False
/msgdata/pl_msg.narc,/msgdata/pl_msg.narc!/member_00564,0,/msgdata/pl_msg.narc,378,564,,1129596,1131070,1123832,1125306,1474,9b53169ca10298e41091feb4db9dd39c582810e2cdc0e6d2eb32e994dd6609ec,0f002347eb939793bf939793e2272e27,,,,,False,,,,,,,,,,False,False
/msgdata/pl_msg.narc,/msgdata/pl_msg.narc!/member_00565,0,/msgdata/pl_msg.narc,378,565,,1131072,1131366,1125308,1125602,294,cb6858d32496a76be02f37149273fb26816c2443bc04da20de39634acbb139e7,0200314f79a56da539a56da5664ada4a,,,,,False,,,,,,,,,,False,False
/msgdata/pl_msg.narc,/msgdata/pl_msg.narc!/member_00566,0,/msgdata/pl_msg.narc,378,566,,1131368,1132038,1125604,1126274,670,335db98d0abf20c487e16a79b48854cb9156485e2fe4519c625e2ff53b80007a,080032ae2e8b6a8b428b6a8b4016d416,,,,,False,,,,,,,,,,False,False
/msgdata/pl_msg.narc,/msgdata/pl_msg.narc!/member_00567,0,/msgdata/pl_msg.narc,378,567,,1132040,1133060,1126276,1127296,1020,8f90f106f030e1be87f2897e8f311510e1ba6e440cac5f35cb79957238ab0f05,140006044a05ee05bf05ee059a0adc0b,,,,,False,,,,,,,,,,False,False
/msgdata/pl_msg.narc,/msgdata/pl_msg.narc!/member_00568,0,/msgdata/pl_msg.narc,378,568,,1133060,1133216,1127296,1127452,156,1db3cfbe3ea16e06492f4f01b77cbaf1773b90d7d14aa43ba288b5c05248019d,02001e04b24da64d834da64d129b4c9b,,,,,False,,,,,,,,,,False,False
/msgdata/pl_msg.narc,/msgdata/pl_msg.narc!/member_00569,0,/msgdata/pl_msg.narc,378,569,,1133216,1133776,1127452,1128012,560,3620b80f295bf608fb700f6aa52308ae62e3f940d92357a2f317dd16eaad842d,060017848fb8bbb8c8b8bbb86c707671,,,,,False,,,,,,,,,,False,False
/msgdata/pl_msg.narc,/msgdata/pl_msg.narc!/member_00570,0,/msgdata/pl_msg.narc,378,570,,1133776,1135350,1128012,1129586,1574,69c05c5b854032f765694a23c75dee1e5635da7e870b8b54dd607836bbe0b978,0f003f473fe743e744e743e70cce86ce,,,,,False,,,,,,,,,,False,False
/msgdata/pl_msg.narc,/msgdata/pl_msg.narc!/member_00571,0,/msgdata/pl_msg.narc,378,571,,1135352,1135534,1129588,1129770,182,51c196368bc3d0db23a6a176a00bc91d3419087fb09b3013cce8d1c6ff40af29,0200d0cf84009000bf00900052012001,,,,,False,,,,,,,,,,False,False
/msgdata/pl_msg.narc,/msgdata/pl_msg.narc!/member_00572,0,/msgdata/pl_msg.narc,378,572,,1135536,1136072,1129772,1130308,536,2618d6947ce6fa1c7ff600f47bd1d111105725d7471921cb190f8c63c29985d9,0700d32ebbec87eca3ec87ec8ad90ed9,,,,,False,,,,,,,,,,False,False
/msgdata/pl_msg.narc,/msgdata/pl_msg.narc!/member_00573,0,/msgdata/pl_msg.narc,378,573,,1136072,1136502,1130308,1130738,430,2ba61ba2bc924bb95cf23d351c5d0dd6a063428246aef5b39071a0ea1379cb55,03000674f2b5eeb5b9b5eeb5166bdc6b,,,,,False,,,,,,,,,,False,False
/msgdata/pl_msg.narc,/msgdata/pl_msg.narc!/member_00574,0,/msgdata/pl_msg.narc,378,574,,1136504,1136720,1130740,1130956,216,be310790fb134241a58b11d4ed84c77cd3f1c131d94f12f86494ba290fea557b,02001e74b2fda6fd92fda6fd30fb4cfb,,,,,False,,,,,,,,,,False,False
/msgdata/pl_msg.narc,/msgdata/pl_msg.narc!/member_00575,0,/msgdata/pl_msg.narc,378,575,,1136720,1139424,1130956,1133660,2704,08a82c0c083dbd619d7130bb0bf0f06381251fc18c4af66cde343836475ff2e5,120017f42f68bb68e468bb6824d076d1,,,,,False,,,,,,,,,,False,False
/msgdata/pl_msg.narc,/msgdata/pl_msg.narc!/member_00576,0,/msgdata/pl_msg.narc,378,576,,1139424,1139726,1133660,1133962,302,4113724e75896bfed028fd7f8790a1a9f6b622af5de9cb57487c9b58d7ca8a4d,02002e74622d762d3b2d762d425aec5a,,,,,False,,,,,,,,,,False,False
/msgdata/pl_msg.narc,/msgdata/pl_msg.narc!/member_00577,0,/msgdata/pl_msg.narc,378,577,,1139728,1140696,1133964,1134932,968,8a9d190ab5979f2c0925db8550c310fc3558aebb948fc4db8a0502e101d31cab,080027f4cf988b98ef988b981a301631,,,,,False,,,,,,,,,,False,False
/msgdata/pl_msg.narc,/msgdata/pl_msg.narc!/member_00578,0,/msgdata/pl_msg.narc,378,578,,1140696,1143150,1134932,1137386,2454,55c6e30930da619bf4c8617ef3106203fff50eba9eefe8adcdb3b8a694c52f4b,12003b47dbdb4fdb2edb4fdbc8b79eb6,,,,,False,,,,,,,,,,False,False
/msgdata/pl_msg.narc,/msgdata/pl_msg.narc!/member_00579,0,/msgdata/pl_msg.narc,378,579,,1143152,1143952,1137388,1138188,800,67fea18f467c5d583a86eea450a82a1b7669b9b27020cf64ca74e8021aae370b,0b00f2ae76c92ac90cc92ac9fc925492,,,,,False,,,,,,,,,,False,False
/msgdata/pl_msg.narc,/msgdata/pl_msg.narc!/member_00580,0,/msgdata/pl_msg.narc,378,580,,1143952,1146046,1138188,1140282,2094,a6bd494451febb164a95b87529a2dadfd967eee1a68d12332836a132a77ffbec,0c0006648ae5eee568e5eee5accadccb,,,,,False,,,,,,,,,,False,False
/msgdata/pl_msg.narc,/msgdata/pl_msg.narc!/member_00581,0,/msgdata/pl_msg.narc,378,581,,1146048,1146674,1140284,1140910,626,03dba3d80f954eac1fbbba5528ba02bfb973cc106e5cc8415cc2b2f601e3e206,0a001e64f22da62db52da62d365b4c5b,,,,,False,,,,,,,,,,False,False
/msgdata/pl_msg.narc,/msgdata/pl_msg.narc!/member_00582,0,/msgdata/pl_msg.narc,378,582,,1146676,1146856,1140912,1141092,180,5df86bf6e10c1c552730ef71ae80c0aea8fc4b422b52a5974ac769d62488f59b,020017e4af98bb988298bb98f0317631,,,,,False,,,,,,,,,,False,False
/msgdata/pl_msg.narc,/msgdata/pl_msg.narc!/member_00583,0,/msgdata/pl_msg.narc,378,583,,1146856,1147080,1141092,1141316,224,63b60f9620fc24148b9f121b24dd734fc373583f07bb9c1127a1df7fa49aa17b,03002e646a5d765d505d765d84baecba,,,,,False,,,,,,,,,,False,False
/msgdata/pl_msg.narc,/msgdata/pl_msg.narc!/member_00584,0,/msgdata/pl_msg.narc,378,584,,1147080,1151654,1141316,1145890,4574,1f4acef7ddc007049fbf729534a154af897aac945adc41ae4083382202ad06c6,180027e44fc88bc8efc88bc89a901691,,,,,False,,,,,,,,,,False,False
/msgdata/pl_msg.narc,/msgdata/pl_msg.narc!/member_00585,0,/msgdata/pl_msg.narc,378,585,,1151656,1153772,1145892,1148008,2116,5f9e9ce17848adf697ec3c36dbcb9f1238b51ad926b1dfb3bf6b63bcd83569e4,0e0037472fcf5bcf7ecf5bcf089eb69e,,,,,False,,,,,,,,,,False,False
/msgdata/pl_msg.narc,/msgdata/pl_msg.narc!/member_00586,0,/msgdata/pl_msg.narc,378,586,,1153772,1154052,1148008,1148288,280,1c9f84e46874335229bd0c33e553aafac764d5c4f44dbb70f1b02d03ccf9ef78,0200914f59c44dc412c44dc448889a88,,,,,False,,,,,,,,,,False,False
/msgdata/pl_msg.narc,/msgdata/pl_msg.narc!/member_00587,0,/msgdata/pl_msg.narc,378,587,,1154052,1154500,1148288,1148736,448,976c192dbc7d06aeb8a45667a3ae4166ee516f9c26514fc4681e431e6011f79c,040092ae6eaa4aaa55aa4aaaf6549454,,,,,False,,,,,,,,,,False,False
/msgdata/pl_msg.narc,/msgdata/pl_msg.narc!/member_00588,0,/msgdata/pl_msg.narc,378,588,,1154500,1168650,1148736,1162886,14150,4133dc5158b995c818ddc401601e09814188dce46a55c8389e7ccfa4d4294069,900006546a11ee159515ee15a62edc2b,,,,,False,,,,,,,,,,False,False
/msgdata/pl_msg.narc,/msgdata/pl_msg.narc!/member_00589,0,/msgdata/pl_msg.narc,378,589,,1168652,1168846,1162888,1163082,194,11b7a2c8aa82892c765f507bb5e2350a77c3f86df8b4c334ff2b6a5683e1c6f3,02001e54b25da65d895da65d3ebb4cbb,,,,,False,,,,,,,,,,False,False
/msgdata/pl_msg.narc,/msgdata/pl_msg.narc!/member_00590,0,/msgdata/pl_msg.narc,378,590,,1168848,1170214,1163084,1164450,1366,72f5ff7fde92caa05e241138a96bb2ad246ae65ef194a24d034b8d419e8c501a,130017d427c8bbc89cc8bbc89c917691,,,,,False,,,,,,,,,,False,False
/msgdata/pl_msg.narc,/msgdata/pl_msg.narc!/member_00591,0,/msgdata/pl_msg.narc,378,591,,1170216,1172648,1164452,1166884,2432,3501b0559f1334fbb22b57bb2ebcbc293efdb5707e9158a5bfcd2ca49a9dee2e,1c00334783c367c350c367c39c87ce86,,,,,False,,,,,,,,,,False,False
/msgdata/pl_msg.narc,/msgdata/pl_msg.narc!/member_00592,0,/msgdata/pl_msg.narc,378,592,,1172648,1172698,1166884,1166934,50,110ceb03137182919b77e98d84b1ef0a04296e2decf30ea3aef60aad2c7ba7ea,0100b0cffca0f0a0e3a0f0a00d1ace64,,,,,False,,,,,,,,,,False,False
/msgdata/pl_msg.narc,/msgdata/pl_msg.narc!/member_00593,0,/msgdata/pl_msg.narc,378,593,,1172700,1173154,1166936,1167390,454,9fd2904aea0b9e517bee4ef6911ae3dfc10ce3186943d5e35b82f0a818999947,0600b32ed38ce78cce8ce78c4819ce19,,,,,False,,,,,,,,,,False,False
/msgdata/pl_msg.narc,/msgdata/pl_msg.narc!/member_00594,0,/msgdata/pl_msg.narc,378,594,,1173156,1175022,1167392,1169258,1866,d5117a07b624b90e37da7595423ded4e07f20374afec4a9c24dc020e33acc99d,140006444a45ee45a945ee45ee8adc8b,,,,,False,,,,,,,,,,False,False
/msgdata/pl_msg.narc,/msgdata/pl_msg.narc!/member_00595,0,/msgdata/pl_msg.narc,378,595,,1175024,1176060,1169260,1170296,1036,9a7353b45bdd6d488742de559329b57f028e8fb6fb0723f1dee75627ec2a016a,0f000a449e51e251dc51e2513ca3c4a3,,,,,False,,,,,,,,,,False,False
/msgdata/pl_msg.narc,/msgdata/pl_msg.narc!/member_00596,0,/msgdata/pl_msg.narc,378,596,,1176060,1176326,1170296,1170562,266,1ab96d3f5d768122dd2cc111fda2b9a7dcefaf40f3a9c941d0b79178e54695ae,05000e44fa5dd65de55dd65d3ebbacbb,,,,,False,,,,,,,,,,False,False
/msgdata/pl_msg.narc,/msgdata/pl_msg.narc!/member_00597,0,/msgdata/pl_msg.narc,378,597,,1176328,1195238,1170564,1189474,18910,364735b22b1859431c7ac0ea9ccd384568b91118b854d4e55746dc65c48ab811,be001e445288a68ddd8da68da61d4c1b,,,,,False,,,,,,,,,,False,False
/msgdata/pl_msg.narc,/msgdata/pl_msg.narc!/member_00598,0,/msgdata/pl_msg.narc,378,598,,1195240,1195590,1189476,1189826,350,ce38cfe4647ec21441a9a500d41da4416a864fdc9b5b278d41244f92eee0ce52,1400dd2ecd0a690a6d0a690a7e14d214,,,,,False,,,,,,,,,,False,False
/msgdata/pl_msg.narc,/msgdata/pl_msg.narc!/member_00599,0,/msgdata/pl_msg.narc,378,599,,1195592,1196348,1189828,1190584,756,e3508f5aa65c8f6b26bd1c02158ff181c2aee41117c3a02503a864a1f5f61802,050017c497f8bbf8c7f8bbf852f076f1,,,,,False,,,,,,,,,,False,False
/msgdata/pl_msg.narc,/msgdata/pl_msg.narc!/member_00600,0,/msgdata/pl_msg.narc,378,600,,1196348,1196838,1190584,1191074,490,33c9b4e501962b5dbcd0f231a60ea6fcd0b5c0f17ed9ec65619f1b1b0eb1f433,0a0047b17fc12bc108c12bc1cc825682,,,,,False,,,,,,,,,,False,False
/msgdata/pl_msg.narc,/msgdata/pl_msg.narc!/member_00601,0,/msgdata/pl_msg.narc,378,601,,1196840,1196960,1191076,1191196,120,84655d5e3008503a6aee88f81e235b1f5d21da2e4604fbddb4b49694c20e82d4,05001113e1f9cdf9c5f9cdf9a6f39af3,,,,,False,,,,,,,,,,False,False
/msgdata/pl_msg.narc,/msgdata/pl_msg.narc!/member_00602,0,/msgdata/pl_msg.narc,378,602,,1196960,1197134,1191196,1191370,174,4da184fe307e5f08e379d56085cd6b5d15a04dd517fc8035573152bb4a1e41c3,0100bd5fc517c9179817c917671ade6c,,,,,False,,,,,,,,,,False,False
/msgdata/pl_msg.narc,/msgdata/pl_msg.narc!/member_00603,0,/msgdata/pl_msg.narc,378,603,,1197136,1197206,1191372,1191442,70,80db8930dc2c1ed474b3f9eb846fc9bfc2743278a195f31af65969f97d6baec9,050016d992b6beb6bdb6beb64e6d7c6d,,,,,False,,,,,,,,,,False,False
/msgdata/pl_msg.narc,/msgdata/pl_msg.narc!/member_00604,0,/msgdata/pl_msg.narc,378,604,,1197208,1197256,1191444,1191492,48,bacc426be11e791ffbead123f0faa0521116c652d99bc809b51771b026fc3862,0100293389e185e197e185e1e91a2f64,,,,,False,,,,,,,,,,False,False
/msgdata/pl_msg.narc,/msgdata/pl_msg.narc!/member_00605,0,/msgdata/pl_msg.narc,378,605,,1197256,1199320,1191492,1193556,2064,c5b1cad42d4e08a4fee3ab8cc0681cf3f407b607361487c43b6b43466600f57d,7c00701c54f9b0fab3fab0fa8af660f5,,,,,False,,,,,,,,,,False,False
/msgdata/pl_msg.narc,/msgdata/pl_msg.narc!/member_00606,0,/msgdata/pl_msg.narc,378,606,,1199320,1205068,1193556,1199304,5748,941bd77e3f4a5ec791dedc71bf889e933220510696a9cc52b24e6b052e781e04,7c004468d09034933793349382256826,,,,,False,,,,,,,,,,False,False
/msgdata/pl_msg.narc,/msgdata/pl_msg.narc!/member_00607,0,/msgdata/pl_msg.narc,378,607,,1205068,1244334,1199304,1238570,39266,242b61d8e6271d081c8dffe9f5f308c589ee835dda6e4d1da6f78149d5ed72d5,99039b06e3a12fbd2abd2fbd88665e7a,,,,,False,,,,,,,,,,False,False
/msgdata/pl_msg.narc,/msgdata/pl_msg.narc!/member_00608,0,/msgdata/pl_msg.narc,378,608,,1244336,1297418,1238572,1291654,53082,8cde5c0e01701d44045f7cba4ae73398fd999057e5d3777108971cfd05d5d85f,b103408acc3c402146214021185f8042,,,,,False,,,,,,,,,,False,False
/msgdata/pl_msg.narc,/msgdata/pl_msg.narc!/member_00609,0,/msgdata/pl_msg.narc,378,609,,1297420,1307730,1291656,1301966,10310,0015eb29b47feebfaed16fe4ee0c1be3ea4732697a8083a3780b4784e4db3da5,820024d580e894ec9fec94ec02dd28d9,,,,,False,,,,,,,,,,False,False
/msgdata/pl_msg.narc,/msgdata/pl_msg.narc!/member_00610,0,/msgdata/pl_msg.narc,378,610,,1307732,1308238,1301968,1302474,506,98a9aed09d4c07b7d196fae12b3578f80f20cb8a93861914144d51909e4ffb95,17009e409a1826182018261884304c30,,,,,False,,,,,,,,,,False,False
/msgdata/pl_msg.narc,/msgdata/pl_msg.narc!/member_00611,0,/msgdata/pl_msg.narc,378,611,,1308240,1468650,1302476,1462886,160410,682f3c18bca8a3433d26ed90ad1add0fa76306bf56cee191cad167fc06a9f511,c109e817443e48705c704870a4ae90e0,,,,,False,,,,,,,,,,False,False
/msgdata/pl_msg.narc,/msgdata/pl_msg.narc!/member_00612,0,/msgdata/pl_msg.narc,378,612,,1468652,1481978,1462888,1476214,13326,77902109d5233b011ba58d722f36061b2989c3fded8ac2d6d0eb3849914f99c9,a003edd83d21393c3a3c393c78657278,,,,,False,,,,,,,,,,False,False
/msgdata/pl_msg.narc,/msgdata/pl_msg.narc!/member_00613,0,/msgdata/pl_msg.narc,378,613,,1481980,1484106,1476216,1478342,2126,66b1584d532d7bd334bbfd6015dc4042849d165b834a7303a1a8b96fc2ed81dd,69002cfc308c7c8f758f7c8fa61df81e,,,,,False,,,,,,,,,,False,False
/msgdata/pl_msg.narc,/msgdata/pl_msg.narc!/member_00614,0,/msgdata/pl_msg.narc,378,614,,1484108,1486686,1478344,1480922,2578,f92a113a60416e6497e6655cb66dcbd6de9e3a4fe2c3c3ad5644cf535a95c2f0,2700be44fa6ac66bec6bc66b1cd68cd7,,,,,False,,,,,,,,,,False,False
/msgdata/pl_msg.narc,/msgdata/pl_msg.narc!/member_00615,0,/msgdata/pl_msg.narc,378,615,,1486688,1493948,1480924,1488184,7260,bfe85d269766f6d3ad43adc3a93cb59d3c4bc5ac0ac13a878ac8bd7d7aff6e24,3f0050c5eca110a03da010a076422040,,,,,False,,,,,,,,,,False,False
/msgdata/pl_msg.narc,/msgdata/pl_msg.narc!/member_00616,0,/msgdata/pl_msg.narc,378,616,,1493948,1497384,1488184,1491620,3436,da3c726059a88b019e4fae11b9beb8bfc5fe165751f9417cc0492fdbb4923c40,2300cf618f469347854793476e8e268f,,,,,False,,,,,,,,,,False,False
/msgdata/pl_msg.narc,/msgdata/pl_msg.narc!/member_00617,0,/msgdata/pl_msg.narc,378,617,,1497384,1497638,1491620,1491874,254,93fbdc751a01adba66642da8eadaf45a3e9908caa5d963ef81afc9dc797badb7,1200893bf1e865e866e865e850d0cad0,,,,,False,,,,,,,,,,False,False
/msgdata/pl_msg.narc,/msgdata/pl_msg.narc!/member_00618,0,/msgdata/pl_msg.narc,378,618,,1497640,1498218,1491876,1492454,578,3540a44133c85ec2c41750a094260a5941407471fb7054164c5e5e977b20b86d,01001a11be1ab21aa91bb21a0d1ace64,,,,,False,,,,,,,,,,False,False
/msgdata/pl_msg.narc,/msgdata/pl_msg.narc!/member_00619,0,/msgdata/pl_msg.narc,378,619,,1498220,1507640,1492456,1501876,9420,a94c4aefe37a299f94822bcbd493a85914671c3111663493faba111e6812d5d0,170143308b30373833383738aa786e70,,,,,False,,,,,,,,,,False,False
/msgdata/pl_msg.narc,/msgdata/pl_msg.narc!/member_00620,0,/msgdata/pl_msg.narc,378,620,,1507640,1512682,1501876,1506918,5042,a871b75d21fe20f4541708808f757bc07d736c17fc0349c789dbbbe8f45d23ae,7a00cdfc4d7399709c709970ece232e1,,,,,False,,,,,,,,,,False,False
/msgdata/pl_msg.narc,/msgdata/pl_msg.narc!/member_00621,0,/msgdata/pl_msg.narc,378,621,,1512684,1515596,1506920,1509832,2912,1a910968a1037040912fa00a5132306990e9170bd6ff8cb3a05268ca78386a1a,45008904498f658d618d658dfe18ca1a,,,,,False,,,,,,,,,,False,False
/msgdata/pl_msg.narc,/msgdata/pl_msg.narc!/member_00622,0,/msgdata/pl_msg.narc,378,622,,1515596,1516442,1509832,1510678,846,3e51b756acd71ef50aa51677fd525903384da3010f9b3c5f538820b4e445aa76,3100b67352c7dec6ddc6dec62e8cbc8d,,,,,False,,,,,,,,,,False,False
/msgdata/pl_msg.narc,/msgdata/pl_msg.narc!/member_00623,0,/msgdata/pl_msg.narc,378,623,,1516444,1516740,1510680,1510976,296,a29f449f3dae1586dbadcd4b87f9d54b6748eae001f4a7d5bf7414bf3fffa01d,0c00ecf758dc3cdc34dc3cdc0cb878b8,,,,,False,,,,,,,,,,False,False
/msgdata/pl_msg.narc,/msgdata/pl_msg.narc!/member_00624,0,/msgdata/pl_msg.narc,378,624,,1516740,1525226,1510976,1519462,8486,bc7e7aa2a33274db62d9a903284d5cde2c19bd6c728ae64a581dc1c8ba2fa054,aa005a94a655f250fe50f25088a4e4a1,,,,,False,,,,,,,,,,False,False
/msgdata/pl_msg.narc,/msgdata/pl_msg.narc!/member_00625,0,/msgdata/pl_msg.narc,378,625,,1525228,1539148,1519464,1533384,13920,d0fe8eb481770e962ee7debf26e3d91cf2bc94defb54781835f3f9c0d4e334b9,db00fc87d05a0c5c095c0c5cfebe18b8,,,,,False,,,,,,,,,,False,False
/msgdata/pl_msg.narc,/msgdata/pl_msg.narc!/member_00626,0,/msgdata/pl_msg.narc,378,626,,1539148,1544336,1533384,1538572,5188,1e4fa440e0dc0d34a60234009faff1dc103d3b059e5c0615854eff280b60a77f,5c00f827fc7218703870187014e330e0,,,,,False,,,,,,,,,,False,False
/msgdata/pl_msg.narc,/msgdata/pl_msg.narc!/member_00627,0,/msgdata/pl_msg.narc,378,627,,1544336,1545280,1538572,1539516,944,4198f1adfd1e7e1ce1ea1459bc14599c9eff89f2d4feb993ec8bef12d1d22f73,1a00d000446d906d966d906dc0db20db,,,,,False,,,,,,,,,,False,False
/msgdata/pl_msg.narc,/msgdata/pl_msg.narc!/member_00628,0,/msgdata/pl_msg.narc,378,628,,1545280,1546680,1539516,1540916,1400,9e69622770d9e1f2fcb88ee22eee53fe6e8fc4024d5121b51e675a79d372cb1f,1200ddb8fd6c696c586c696c24d8d2d8,,,,,False,,,,,,,,,,False,False
/msgdata/pl_msg.narc,/msgdata/pl_msg.narc!/member_00629,0,/msgdata/pl_msg.narc,378,629,,1546680,1549158,1540916,1543394,2478,5235f6f0a59fb668673c0fbedf59935a2e67fbcc2bb35d45cfd6a0766787e90f,3d009e26ca6726662c6626664cce4ccc,,,,,False,,,,,,,,,,False,False
/msgdata/pl_msg.narc,/msgdata/pl_msg.narc!/member_00630,0,/msgdata/pl_msg.narc,378,630,,1549160,1551260,1543396,1545496,2100,2044ea55fdd163ad14b884f4a89f7c061dfd553cdfb09eb03d3558269e21c7ad,2e00a8b37cdc08dd0bdd08dd6abb10ba,,,,,False,,,,,,,,,,False,False
/msgdata/pl_msg.narc,/msgdata/pl_msg.narc!/member_00631,0,/msgdata/pl_msg.narc,378,631,,1551260,1551674,1545496,1545910,414,b16516c058d4fe3d3e564e3b714f4fa96bacef6a0242d7572ef95dfd446dba64,050098be148c388c378c388c3a187018,,,,,False,,,,,,,,,,False,False
/msgdata/pl_msg.narc,/msgdata/pl_msg.narc!/member_00632,0,/msgdata/pl_msg.narc,378,632,,1551676,1551762,1545912,1545998,86,2fe6671f60f0a17a6738ae9f1a7a7854a28d62863fa0ecee04b340d1e1c3b3d3,020080be94448044934480443a890089,,,,,False,,,,,,,,,,False,False
/msgdata/pl_msg.narc,/msgdata/pl_msg.narc!/member_00633,0,/msgdata/pl_msg.narc,378,633,,1551764,1552982,1546000,1547218,1218,7dd68a44770782bc60502e76e6ff57291884f3be14af374f5b96f5778a2f4fdd,0800cb0fdb319f31aa319f3190633e63,,,,,False,,,,,,,,,,False,False
/msgdata/pl_msg.narc,/msgdata/pl_msg.narc!/member_00634,0,/msgdata/pl_msg.narc,378,634,,1552984,1553446,1547220,1547682,462,15cc7cae4dca68c7d2521c97cfb5655eead51804c7d5270d1a0300b945d09c4e,030098ba249838982a98389830307030,,,,,False,,,,,,,,,,False,False
/msgdata/pl_msg.narc,/msgdata/pl_msg.narc!/member_00635,0,/msgdata/pl_msg.narc,378,635,,1553448,1555416,1547684,1549652,1968,cb243d3639630ca0c7ac5a628e8aa7443aa65c5808509de5899e59ba1d5846dc,2200cb938ba49fa585a59fa5764a3e4b,,,,,False,,,,,,,,,,False,False
/msgdata/pl_msg.narc,/msgdata/pl_msg.narc!/member_00636,0,/msgdata/pl_msg.narc,378,636,,1555416,1596208,1549652,1590444,40792,f7b2cf899aa1c12cc5e94f6aa167b0302c26970faa039c5faa8e27f856ff9f6c,d401986c9c8c38823d823882de0a7004,,,,,False,,,,,,,,,,False,False
/msgdata/pl_msg.narc,/msgdata/pl_msg.narc!/member_00637,0,/msgdata/pl_msg.narc,378,637,,1596208,1604480,1590444,1598716,8272,92783d430d72358dba885d6bad33c2a1f44b12836d81adc319e5f6cafc566e14,d401c9f8017ea570a770a570e2ef4ae1,,,,,False,,,,,,,,,,False,False
/msgdata/pl_msg.narc,/msgdata/pl_msg.narc!/member_00638,0,/msgdata/pl_msg.narc,378,638,,1604480,1604558,1598716,1598794,78,8c1c9e9289e2bdf639e45f767b2453fcf1d6db1b582c86e63729259cf25d0783,0300b6b1c20cde0cd90cde0c9619bc19,,,,,False,,,,,,,,,,False,False
/msgdata/pl_msg.narc,/msgdata/pl_msg.narc!/member_00639,0,/msgdata/pl_msg.narc,378,639,,1604560,1604694,1598796,1598930,134,824747ac6750ac6feda96b7f04d656ee32465ce70ca0a86b51c5c1cdf3c878e1,0400c8a68c63a863ae63a86360c750c7,,,,,False,,,,,,,,,,False,False
/msgdata/pl_msg.narc,/msgdata/pl_msg.narc!/member_00640,0,/msgdata/pl_msg.narc,378,640,,1604696,1604948,1598932,1599184,252,fef796790249fdcd42cacc1ef5287c454e7ce8506a6d03190565b2b9840c143f,0b00a5604dcd11cd18cd11cd4c9a229a,,,,,False,,,,,,,,,,False,False
/msgdata/pl_msg.narc,/msgdata/pl_msg.narc!/member_00641,0,/msgdata/pl_msg.narc,378,641,,1604948,1605450,1599184,1599686,502,1dfca43b3c7e2ae929e3b0de13093e7125a0d1fb86ad95984700ec0d761791f9,1b002d30a5f679f67df679f616ecf2ec,,,,,False,,,,,,,,,,False,False
/msgdata/pl_msg.narc,/msgdata/pl_msg.narc!/member_00642,0,/msgdata/pl_msg.narc,378,642,,1605452,1608790,1599688,1603026,3338,015b754e455c732b80332820518b047409491eaaa601c5451c06f3769b62a8bc,1d00dcc080516c5162516c51d0a3d8a2,,,,,False,,,,,,,,,,False,False
/msgdata/pl_msg.narc,/msgdata/pl_msg.narc!/member_00643,0,/msgdata/pl_msg.narc,378,643,,1608792,1609750,1603028,1603986,958,0c42d1814a5a0ad81dfcd72221954d9ec9f4619228955beab3f35bb87c0c50ab,3200971caf6e3b6f326f3b6fd0df76de,,,,,False,,,,,,,,,,False,False
/msgdata/pl_msg.narc,/msgdata/pl_msg.narc!/member_00644,0,/msgdata/pl_msg.narc,378,644,,1609752,1610668,1603988,1604904,916,0d6077f215936ec3c55254a775f660f1316d11ba344ebb57ac74a58c876694ea,32009b1cbb7a2f7b287b2f7bfcf75ef6,,,,,False,,,,,,,,,,False,False
/msgdata/pl_msg.narc,/msgdata/pl_msg.narc!/member_00645,0,/msgdata/pl_msg.narc,378,645,,1610668,1611666,1604904,1605902,998,6d025a43a0e74fa60d1d45d8b4ea3deb3a8f70570cb4d6bbf3767d8892190f82,32009f1cb78623872b872387e20f460e,,,,,False,,,,,,,,,,False,False
/msgdata/pl_msg.narc,/msgdata/pl_msg.narc!/member_00646,0,/msgdata/pl_msg.narc,378,646,,1611668,1613944,1605904,1608180,2276,8420d911cd4f2b08832837219f7291d717c7e008663e6d12af117ba78b6cfd57,3200e927d14245434943454326878a86,,,,,False,,,,,,,,,,False,False
/msgdata/pl_msg.narc,/msgdata/pl_msg.narc!/member_00647,0,/msgdata/pl_msg.narc,378,647,,1613944,1614126,1608180,1608362,182,a4ce84cbd33b508e290e0f6b87f743d32a6591db294ccb6e5ca31e10101cfa22,0a00315e39786d786e786d7880f0daf0,,,,,False,,,,,,,,,,False,False
/msgdata/pl_msg.narc,/msgdata/pl_msg.narc!/member_00648,0,/msgdata/pl_msg.narc,378,648,,1614128,1614330,1608364,1608566,202,78c54fb31ee43a5c111e3d0da6acf55dfb09e564a85770e622fc4a2a08631e1b,0a003d5e1d9c499c4a9c499cc8389238,,,,,False,,,,,,,,,,False,False
/msgdata/pl_msg.narc,/msgdata/pl_msg.narc!/member_00649,0,/msgdata/pl_msg.narc,378,649,,1614332,1614534,1608568,1608770,202,a6328eaeb46995ffaeda11a9bc7f79c0800f1878a9b29f50399feac4822e500f,0a00395e0190559053905590ca20aa20,,,,,False,,,,,,,,,,False,False
/msgdata/pl_msg.narc,/msgdata/pl_msg.narc!/member_00650,0,/msgdata/pl_msg.narc,378,650,,1614536,1615008,1608772,1609244,472,d3a53c2e7549c47c2fa2dee7e7a86d88f7bb807b7a206afd873f0c5edb9b30e5,0a004f6547bd13bd03bd13bd527a267a,,,,,False,,,,,,,,,,False,False
/msgdata/pl_msg.narc,/msgdata/pl_msg.narc!/member_00651,0,/msgdata/pl_msg.narc,378,651,,1615008,1661868,1609244,1656104,46860,2ddfbc1369142975709c4a1a5464c3babf363f89546e305f8f63bdb02e87a50e,8e0310b7a416d00ad70ad00a2209a015,,,,,False,,,,,,,,,,False,False
/msgdata/pl_msg.narc,/msgdata/pl_msg.narc!/member_00652,0,/msgdata/pl_msg.narc,378,652,,1661868,1661960,1656104,1656196,92,750f28c88abf476df290ed8c44dbb7c4514b1072566e1974b08aab93840957d7,03004bb303c71fc712c71fc7088e3e8e,,,,,False,,,,,,,,,,False,False
/msgdata/pl_msg.narc,/msgdata/pl_msg.narc!/member_00653,0,/msgdata/pl_msg.narc,378,653,,1661960,1662036,1656196,1656272,76,391899903a5de3f720b9c89e9518af1fe00e7fb6b00fffedd965c34c72cd39ae,03003b3f53f34ff347f34ff3b2e69ee6,,,,,False,,,,,,,,,,False,False
/msgdata/pl_msg.narc,/msgdata/pl_msg.narc!/member_00654,0,/msgdata/pl_msg.narc,378,654,,1662036,1662134,1656272,1656370,98,0d8aef6f7ff9196c3ba6367e7e2cc2f0515106623c186f296026c50f561c21f9,03005efefa1ee61eeb1ee61efa3dcc3d,,,,,False,,,,,,,,,,False,False
/msgdata/pl_msg.narc,/msgdata/pl_msg.narc!/member_00655,0,/msgdata/pl_msg.narc,378,655,,1662136,1662234,1656372,1656470,98,7010843496e070d572a80fcc6881d65ad8b1061dbce89226283e001cf27a017e,0300a68c124c0e4c024c0e4c28981c98,,,,,False,,,,,,,,,,False,False
/msgdata/pl_msg.narc,/msgdata/pl_msg.narc!/member_00656,0,/msgdata/pl_msg.narc,378,656,,1662236,1662304,1656472,1656540,68,2cb48f4243cf93aa5a0b97d689ef24895556e0404f46c467db9fe1f336ab840f,030043902b1837183118371846306e30,,,,,False,,,,,,,,,,False,False
/msgdata/pl_msg.narc,/msgdata/pl_msg.narc!/member_00657,0,/msgdata/pl_msg.narc,378,657,,1662304,1662356,1656540,1656592,52,3b7af480d7308c6fc2fce5fe52dc053ec24f37ade94ac216210ab0e4dc3c41ff,03007ff09fab83ab87ab83ab22570657,,,,,False,,,,,,,,,,False,False
/msgdata/pl_msg.narc,/msgdata/pl_msg.narc!/member_00658,0,/msgdata/pl_msg.narc,378,658,,1662356,1662464,1656592,1656700,108,575682bc26a4e1f31131182af9f2ce3f253d98f9a5c9423490a768a1aad84cdf,03005b39f364ef64e364ef64eac9dec9,,,,,False,,,,,,,,,,False,False
/msgdata/pl_msg.narc,/msgdata/pl_msg.narc!/member_00659,0,/msgdata/pl_msg.narc,378,659,,1662464,1662680,1656700,1656916,216,b5ea31631a3f937a72ba5553e3c0deb5c2186a78ed477fdb697073a0b291e608,0600cc81a8de9cde93de9cde6abd38bd,,,,,False,,,,,,,,,,False,False
/msgdata/pl_msg.narc,/msgdata/pl_msg.narc!/member_00660,0,/msgdata/pl_msg.narc,378,660,,1662680,1663774,1656916,1658010,1094,c1634fe069a88fb6b5d3f62d1f3d7552bd5d2c3aa38810d729996090e1e1a0f1,1200d48110f684f698f684f6c4ed08ed,,,,,False,,,,,,,,,,False,False
/msgdata/pl_msg.narc,/msgdata/pl_msg.narc!/member_00661,0,/msgdata/pl_msg.narc,378,661,,1663776,1669504,1658012,1663740,5728,bfa9c9171ff3f39feff9379b55bfa0357586e7857f44c989e04c0efbb658d2ef,b40061d579a7dda2d6a2dda20040ba45,,,,,False,,,,,,,,,,False,False
/msgdata/pl_msg.narc,/msgdata/pl_msg.narc!/member_00662,0,/msgdata/pl_msg.narc,378,662,,1669504,1671942,1663740,1666178,2438,c5afdc16530f5b747d51cef4a01c24aad17ee3f71dc91146a26a9bd7a2ef4f3a,2500613cf16cdd6dd26ddd6df0dabadb,,,,,False,,,,,,,,,,False,False
/msgdata/pl_msg.narc,/msgdata/pl_msg.narc!/member_00663,0,/msgdata/pl_msg.narc,378,663,,1671944,1681368,1666180,1675604,9424,cb0e3c34923ac5fe92852669796efd85b2876211d376748e5e7b0f9c4103b0e8,7e0030778429702a402a702ab450e054,,,,,False,,,,,,,,,,False,False
/msgdata/pl_msg.narc,/msgdata/pl_msg.narc!/member_00664,0,/msgdata/pl_msg.narc,378,664,,1681368,1686930,1675604,1681166,5562,50c39456b0a5ad03c53c20b60cd50313bfa36f668ee96662b4329c358c972f39,97005b3d535cef58fd58ef583eb5deb1,,,,,False,,,,,,,,,,False,False
/msgdata/pl_msg.narc,/msgdata/pl_msg.narc!/member_00665,0,/msgdata/pl_msg.narc,378,665,,1686932,1688882,1681168,1683118,1950,27c373f3d5a48bd3e35d817849c9dde1c6bc0efd503406a44dd7ed88e1b973ba,3e0020f45482a083a583a083be064007,,,,,False,,,,,,,,,,False,False
/msgdata/pl_msg.narc,/msgdata/pl_msg.narc!/member_00666,0,/msgdata/pl_msg.narc,378,666,,1688884,1689364,1683120,1683600,480,a20800cdefc86a3628286b5bdda83b065d668e729e05e129990093b22fca2672,1900948188374437473744375a6e886e,,,,,False,,,,,,,,,,False,False
/msgdata/pl_msg.narc,/msgdata/pl_msg.narc!/member_00667,0,/msgdata/pl_msg.narc,378,667,,1689364,1689538,1683600,1683774,174,6e0bc918910dc34c93d1f0bc0dfb613a9d90b55fba7f84111a78538cbe57f71e,0800c49df072b472b772b47222e568e5,,,,,False,,,,,,,,,,False,False
/msgdata/pl_msg.narc,/msgdata/pl_msg.narc!/member_00668,0,/msgdata/pl_msg.narc,378,668,,1689540,1690078,1683776,1684314,538,4952633301bb7faa5ecae353a03ed588181eb3f3bcc4a7ea127874468c085fdc,1c009481a037443747374437626e886e,,,,,False,,,,,,,,,,False,False
/msgdata/pl_msg.narc,/msgdata/pl_msg.narc!/member_00669,0,/msgdata/pl_msg.narc,378,669,,1690080,1690364,1684316,1684600,284,68be37ba028a467b9042b35bc4b7624412d1eb31e3b3ab6289c058a64d71b8ce,0e00a14d69fa1dfa1efa1dfa40f43af4,,,,,False,,,,,,,,,,False,False
/msgdata/pl_msg.narc,/msgdata/pl_msg.narc!/member_00670,0,/msgdata/pl_msg.narc,378,670,,1690364,1690892,1684600,1685128,528,e018a07189916d63110ed2065cfb27223bea059a1f484c9e7e93c2dd27329c21,2000a16919a71da61ea61da6304d3a4c,,Nintendo Huffman,Probable,,True,Nintendo Huffman,Probable,False,6922496,,,,,,False,False
/msgdata/pl_msg.narc,/msgdata/pl_msg.narc!/member_00671,0,/msgdata/pl_msg.narc,378,671,,1690892,1691238,1685128,1685474,346,0ede0c41fc17aee22aa2a34f27fdd1b1dbb6d78c39af146dd7c8592f43c78bd0,1100f4dda842244227422442da844884,,Nintendo LZ11,Probable,,True,Nintendo LZ11,Probable,True,14545920,False,,,,,False,False
/msgdata/pl_msg.narc,/msgdata/pl_msg.narc!/member_00672,0,/msgdata/pl_msg.narc,378,672,,1691240,1691598,1685476,1685834,358,b3f8de36b04a47900521d1e875bf274298dd1d043eb6cca4229d83959d12acf1,1200e905d1a945a946a945a910528a52,,,,,False,,,,,,,,,,False,False
/msgdata/pl_msg.narc,/msgdata/pl_msg.narc!/member_00673,0,/msgdata/pl_msg.narc,378,673,,1691600,1691722,1685836,1685958,122,e998805e629795c15f29ac9735fe263fa5b9cffda1720c94c5a889946e65d82f,0700896d595265526652655288a4caa4,,,,,False,,,,,,,,,,False,False
/msgdata/pl_msg.narc,/msgdata/pl_msg.narc!/member_00674,0,/msgdata/pl_msg.narc,378,674,,1691724,1692156,1685960,1686392,432,adaff1f3cba004ae4a927bc98184bc605c068837f59e2bb784845f90fad50515,1700b5015d19e119e219e1190033c233,,,,,False,,,,,,,,,,False,False
/msgdata/pl_msg.narc,/msgdata/pl_msg.narc!/member_00675,0,/msgdata/pl_msg.narc,378,675,,1692156,1692448,1686392,1686684,292,df9507887e37f74a2b46b752a8fb4f1fc40250ea1fb9edf7b92974f33ce4213f,0d00f0c15c8a308a338a308a12146014,,,,,False,,,,,,,,,,False,False
/msgdata/pl_msg.narc,/msgdata/pl_msg.narc!/member_00676,0,/msgdata/pl_msg.narc,378,676,,1692448,1693134,1686684,1687370,686,fed6896bab33f34e26e993cfa33cfcd262f22b625f2893579c126716d171f296,2400d9715134753576357535c06bea6a,,,,,True,Nintendo Huffman 4-bit,Probable,False,7461120,,,,,,False,False
/msgdata/pl_msg.narc,/msgdata/pl_msg.narc!/member_00677,0,/msgdata/pl_msg.narc,378,677,,1693136,1693544,1687372,1687780,408,09f60a8e4c123d2e689bd3bb8184f0f8a48dd4bff4ab2869767aef6ad8af8239,1500cd19351999199a19991980333233,,,,,False,,,,,,,,,,False,False
/msgdata/pl_msg.narc,/msgdata/pl_msg.narc!/member_00678,0,/msgdata/pl_msg.narc,378,678,,1693544,1694440,1687780,1688676,896,25328fda52e5baa47e41b8279455cf458503a786513c304fc1fa6ca295154854,3300e909d99c459d469d459d283b8a3a,,,,,False,,,,,,,,,,False,False
/msgdata/pl_msg.narc,/msgdata/pl_msg.narc!/member_00679,0,/msgdata/pl_msg.narc,378,679,,1694440,1694856,1688676,1689092,416,f79d8a865be844479b11dd2a097bf968f1801df73a5a4cb49150d257a5e50f7c,1500b8f57446d846db46d846028db08d,,,,,False,,,,,,,,,,False,False
/msgdata/pl_msg.narc,/msgdata/pl_msg.narc!/member_00680,0,/msgdata/pl_msg.narc,378,680,,1694856,1695218,1689092,1689454,362,97c4012e2ef37589cb09c855fe852e775b71ea56c99cf382cf370d78c5d755ee,110030f5fcb070b073b070b07260e060,,Nintendo LZ11,Probable,,True,Nintendo LZ11,Probable,True,16068608,False,,,,,False,False
/msgdata/pl_msg.narc,/msgdata/pl_msg.narc!/member_00681,0,/msgdata/pl_msg.narc,378,681,,1695220,1695410,1689456,1689646,190,4e5431d366161ee8b5f3066c144e17cf75962805aecac0fa5ea8121f73cb09f0,08005d1dadbee9beeabee9be987dd27d,,,,,False,,,,,,,,,,False,False
/msgdata/pl_msg.narc,/msgdata/pl_msg.narc!/member_00682,0,/msgdata/pl_msg.narc,378,682,,1695412,1695892,1689648,1690128,480,fb211697d05e952780e8b3b8c132612f2e227b51b0d99a79ee50f6e1b74a1deb,19000c951064dc64df64dc646ac9b8c9,,,,,False,,,,,,,,,,False,False
/msgdata/pl_msg.narc,/msgdata/pl_msg.narc!/member_00683,0,/msgdata/pl_msg.narc,378,683,,1695892,1696834,1690128,1691070,942,5419dd82496e14461bea5d6c4687ae4e1d99dd086515f51c28f5df99ecf3bad6,34002c85d8f57cf47ff47cf452e9f8e8,,,,,False,,,,,,,,,,False,False
/msgdata/pl_msg.narc,/msgdata/pl_msg.narc!/member_00684,0,/msgdata/pl_msg.narc,378,684,,1696836,1701164,1691072,1695400,4328,6f04ca077b62fb991b45e22d598a9ce3d7c1cb961138450f2d046da38a6c1169,ea00b79e8f4fdb48d848db48ec96b691,,,,,False,,,,,,,,,,False,False
/msgdata/pl_msg.narc,/msgdata/pl_msg.narc!/member_00685,0,/msgdata/pl_msg.narc,378,685,,1701164,1704634,1695400,1698870,3470,c2eb8b74ff76af3a3c508536887c4d4fe8739b2a7cf7b9ba7efb18ac20ab274d,2100dad27e147215451572159e2be42a,,,,,False,,,,,,,,,,False,False
/msgdata/pl_msg.narc,/msgdata/pl_msg.narc!/member_00686,0,/msgdata/pl_msg.narc,378,686,,1704636,1704812,1698872,1699048,176,94374ffd2b51dac7d28b34f2ef63faf9d0e76087c38cb4e41b1642ae8b64cf83,0600aca1c81efc1ee01efc1e943df83d,,,,,False,,,,,,,,,,False,False
/msgdata/pl_msg.narc,/msgdata/pl_msg.narc!/member_00687,0,/msgdata/pl_msg.narc,378,687,,1704812,1707224,1699048,1701460,2412,f211a1a3b2187a8402d5893f14da9b62fdf695b6b656b4c5e21c6d250394575a,8000252a95f491f097f091f032e522e1,,,,,False,,,,,,,,,,False,False
/msgdata/pl_msg.narc,/msgdata/pl_msg.narc!/member_00688,0,/msgdata/pl_msg.narc,378,688,,1707224,1756222,1701460,1750458,48998,9142da7cd7f199b5113029b6cbcf3f7c8ebdffcb39227f0206da9dd466dcf2d2,ee0142754e693a663b663a6602c374cc,,,,,False,,,,,,,,,,False,False
/msgdata/pl_msg.narc,/msgdata/pl_msg.narc!/member_00689,0,/msgdata/pl_msg.narc,378,689,,1756224,1805030,1750460,1799266,48806,24743b6cfd268a4a7bb35912bda070e68678d5b7f66bc76c976dfb69b59c00d5,ee0146755a7d2e722f722e722aeb5ce4,,,,,False,,,,,,,,,,False,False
/msgdata/pl_msg.narc,/msgdata/pl_msg.narc!/member_00690,0,/msgdata/pl_msg.narc,378,690,,1805032,1901230,1799268,1895466,96198,2bb5633bff78049415952b37063d4d75a932a2285b42e640e679cc64b3069d0d,ee014a755671227e237e227e32f344fc,,,,,False,,,,,,,,,,False,False
/msgdata/pl_msg.narc,/msgdata/pl_msg.narc!/member_00691,0,/msgdata/pl_msg.narc,378,691,,1901232,1999304,1895468,1993540,98072,43aaf24082b4d9c1442abb70eca0d0878425b2826b4b8b807a3eb6900a889373,ee014e756285168a178a168a5a1b2c14,,,,,False,,,,,,,,,,False,False
/msgdata/pl_msg.narc,/msgdata/pl_msg.narc!/member_00692,0,/msgdata/pl_msg.narc,378,692,,1999304,2096508,1993540,2090744,97204,3cdefc946ee0ab1290cd6f0b300569cdb2f99d537493ef51e7d76ab1cbb2aece,ee0152757e990a960b960a966223142c,,,,,False,,,,,,,,,,False,False
/msgdata/pl_msg.narc,/msgdata/pl_msg.narc!/member_00693,0,/msgdata/pl_msg.narc,378,693,,2096508,2195570,2090744,2189806,99062,d9082c6d395916b581398b1914e8ad9ee3029e22f7737b05430a1bebd8ee1252,ee0156758aaefea1ffa1fea18a4cfc43,,,,,False,,,,,,,,,,False,False
/msgdata/pl_msg.narc,/msgdata/pl_msg.narc!/member_00694,0,/msgdata/pl_msg.narc,378,694,,2195572,2287848,2189808,2282084,92276,48ef156cf3b559e4af19af7480445a3718d9c924795fd80631442ab92514d615,ee015a7586a2f2adf3adf2ad9254e45b,,,,,False,,,,,,,,,,False,False
/msgdata/pl_msg.narc,/msgdata/pl_msg.narc!/member_00695,0,/msgdata/pl_msg.narc,378,695,,2287848,2343036,2282084,2337272,55188,8bb9b93b6330b75b86e62abc2e1ddf9220a0bd1c94cca9167f873795711d4737,ee015e7592b6e6b9e7b9e6b9ba7ccc73,,,,,False,,,,,,,,,,False,False
/msgdata/pl_msg.narc,/msgdata/pl_msg.narc!/member_00696,0,/msgdata/pl_msg.narc,378,696,,2343036,2392206,2337272,2386442,49170,378abf940489ca82915bd5c9bb6d67b3429def0043b03c882c976ba6148d2ac9,ee0154f8701c0413051304137e290826,,,,,False,,,,,,,,,,False,False
/msgdata/pl_msg.narc,/msgdata/pl_msg.narc!/member_00697,0,/msgdata/pl_msg.narc,378,697,,2392208,2404068,2386444,2398304,11860,b0cbb0fdc0a48f0f3e848d49e9bf0858412b32721c6436d46138c55222198299,ee01d162f9458d4a854a8d4a9e9a1a95,,,,,False,,,,,,,,,,False,False
/msgdata/pl_msg.narc,/msgdata/pl_msg.narc!/member_00698,0,/msgdata/pl_msg.narc,378,698,,2404068,2415928,2398304,2410164,11860,08be43291056cb37c174ca2162f1e4694626c782d1f7d33e344cce0fb8a01773,ee017ffcf78883878b8783878200060f,,,,,False,,,,,,,,,,False,False
/msgdata/pl_msg.narc,/msgdata/pl_msg.narc!/member_00699,0,/msgdata/pl_msg.narc,378,699,,2415928,2426800,2410164,2421036,10872,e4848f4525396dcbeed33290f07b50ebaa9938a166f0148b2953161c6eadc84d,ee019513358b41844684418400078208,,,,,False,,,,,,,,,,False,False
/msgdata/pl_msg.narc,/msgdata/pl_msg.narc!/member_00700,0,/msgdata/pl_msg.narc,378,700,,2426800,2437672,2421036,2431908,10872,502da1fe9e88164e6f7735c7d5b84ac735af8c7b6c5e9730006c275a7e9b0a4f,ee01f46f5083248c238c248cca174818,,,,,False,,,,,,,,,,False,False
/msgdata/pl_msg.narc,/msgdata/pl_msg.narc!/member_00701,0,/msgdata/pl_msg.narc,378,701,,2437672,2448172,2431908,2442408,10500,e44904704e6038a57c07e75221000a064d26fd9d5b2de3429f8f59fb5e7cfd99,ee01a9be71b005bf0cbf05bf8c710a7e,,,,,False,,,,,,,,,,False,False
/msgdata/pl_msg.narc,/msgdata/pl_msg.narc!/member_00702,0,/msgdata/pl_msg.narc,378,702,,2448172,2465252,2442408,2459488,17080,0db61f7aecdde7837ac7aedf2081702e5040ddf82a402ae37609f79bfeb845da,ee01f97d617e15711e711571a0ed2ae2,,,,,False,,,,,,,,,,False,False
/msgdata/pl_msg.narc,/msgdata/pl_msg.narc!/member_00703,0,/msgdata/pl_msg.narc,378,703,,2465252,2482796,2459488,2477032,17544,9e089017ea2173b3077e1310f2321f57b42843bd2bb0b5f9620fe7221236dfde,ee01f27d5e532a5c215c2a5cdeb754b8,,,,,False,,,,,,,,,,False,False
/msgdata/pl_msg.narc,/msgdata/pl_msg.narc!/member_00704,0,/msgdata/pl_msg.narc,378,704,,2482796,2499938,2477032,2494174,17142,cf0e6e1da403c8fb66a0186590267abb3962013870847544cf8a5aa9a9ee987c,ee01fe7d728f06800d800680860f0c00,,,,,False,,,,,,,,,,False,False
/msgdata/pl_msg.narc,/msgdata/pl_msg.narc!/member_00705,0,/msgdata/pl_msg.narc,378,705,,2499940,2517020,2494176,2511256,17080,6189587ad44db53c328f1aae384feeeb3671314dda5aa5a2f80ebd74fb517046,ee01fa7d667b127419741274aee724e8,,,,,False,,,,,,,,,,False,False
/msgdata/pl_msg.narc,/msgdata/pl_msg.narc!/member_00706,0,/msgdata/pl_msg.narc,378,706,,2517020,2534100,2511256,2528336,17080,05e91e15b8e716fe81795a2971136c6b0bba640451ec90bc08a81b6ecf8f104d,ee01e67d3a374e3845384e38167f9c70,,,,,False,,,,,,,,,,False,False
/msgdata/pl_msg.narc,/msgdata/pl_msg.narc!/member_00707,0,/msgdata/pl_msg.narc,378,707,,2534100,2548426,2528336,2542662,14326,1ef71ea11e36f699ddf7717120c3fb6122bd140164c602474954dc69f33767d7,ee01e27d2e235a2c5c2c5a2c3457b458,,,,,False,,,,,,,,,,False,False
/msgdata/pl_msg.narc,/msgdata/pl_msg.narc!/member_00708,0,/msgdata/pl_msg.narc,378,708,,2548428,2568424,2542664,2562660,19996,d08c6971ff027f989bcff34fbaf655129abff8b268e36be6f40fb4c3ac1c91b8,ee0138592c93589c569c589c2037b038,,,,,False,,,,,,,,,,False,False
/msgdata/pl_msg.narc,/msgdata/pl_msg.narc!/member_00709,0,/msgdata/pl_msg.narc,378,709,,2568424,2588788,2562660,2583024,20364,412262b1eec069c8c8d92ad63044136b5458b5570f35da365f6bf3c5fbd6685a,ee0171b4d93aad35a335ad35ca645a6b,,,,,False,,,,,,,,,,False,False
/msgdata/pl_msg.narc,/msgdata/pl_msg.narc!/member_00710,0,/msgdata/pl_msg.narc,378,710,,2588788,2601192,2583024,2595428,12404,6b8b232ea35996fd368c9b0e125237f24152f7ff625aadb86d19bfcdb7be82cc,ee017db4fd5689598f59895992bc12b3,,,,,False,,,,,,,,,,False,False
/msgdata/pl_msg.narc,/msgdata/pl_msg.narc!/member_00711,0,/msgdata/pl_msg.narc,378,711,,2601192,2621456,2595428,2615692,20264,d58486bf2873b84d216dd9368a5ecd805e52bb60b543c2fbf2b73630553e3905,ee0179b4e142954d9b4d954dba942a9b,,,,,False,,,,,,,,,,False,False
/msgdata/pl_msg.narc,/msgdata/pl_msg.narc!/member_00712,0,/msgdata/pl_msg.narc,378,712,,2621456,2641658,2615692,2635894,20202,0f176d8e5196cce51a3545e82fc4ee034a49fddc76c87963e36dc0efb33c200d,ee0165b4a51ed111dd11d1112e2ca223,,,,,False,,,,,,,,,,False,False
/msgdata/pl_msg.narc,/msgdata/pl_msg.narc!/member_00713,0,/msgdata/pl_msg.narc,378,713,,2641660,2654346,2635896,2648582,12686,d0aa2d3645b8e9cf89a7edb75cd0f7a1dda19e47f2fbc410a8589a1a8a9218ff,ee0161b4a90add05d705dd053204ba0b,,,,,False,,,,,,,,,,False,False
/msgdata/scenario/scr_msg.narc,/msgdata/scenario/scr_msg.narc!/member_00000,0,/msgdata/scenario/scr_msg.narc,379,0,,180,2388,0,2208,2208,fbef739902a46e1a4a3fae63af1d684a8eac34e12fb6753b6268eb77b3dbb5e8,1a00000068000000ce00000004010000,,,,,False,,,,,,,,,,False,False
/msgdata/scenario/scr_msg.narc,/msgdata/scenario/scr_msg.narc!/member_00001,0,/msgdata/scenario/scr_msg.narc,379,1,,2388,2822,2208,2642,434,b4d9f0fab18b3ec08c7ffc2637830d060d698458c87167628f2da0ad6717dd46,030000000c0000008a00000008010000,,,,,False,,,,,,,,,,False,False
/msgdata/scenario/scr_msg.narc,/msgdata/scenario/scr_msg.narc!/member_00002,0,/msgdata/scenario/scr_msg.narc,379,2,,2824,2916,2644,2736,92,d83c0780b6696006205d05f6fdba253b50a9e17f21177d9021a6ccbada161520,01000000040000000b004d0016003f00,,,,,False,,,,,,,,,,False,False
/msgdata/scenario/scr_msg.narc,/msgdata/scenario/scr_msg.narc!/member_00003,0,/msgdata/scenario/scr_msg.narc,379,3,,2916,3520,2736,3340,604,8d40a504fbaabfb07d83239f250817838e8a9b540362ce7563e61dde84cf1ecc,0500000014000000b800000040010000,,,,,False,,,,,,,,,,False,False
/msgdata/scenario/scr_msg.narc,/msgdata/scenario/scr_msg.narc!/member_00004,0,/msgdata/scenario/scr_msg.narc,379,4,,3520,3784,3340,3604,264,5f4fc5961889acb785a064e626d9170e93928ef82529e5834fa25c45b9245903,02000000080000008600000014002f00,,,,,False,,,,,,,,,,False,False
/msgdata/scenario/scr_msg.narc,/msgdata/scenario/scr_msg.narc!/member_00005,0,/msgdata/scenario/scr_msg.narc,379,5,,3784,4010,3604,3830,226,ec616a1decd88fd8369f19dbc4e43ffc515e7076cf19da825608940018681121,030000000c00000074000000b6000000,,,,,False,,,,,,,,,,False,False
/msgdata/scenario/scr_msg.narc,/msgdata/scenario/scr_msg.narc!/member_00006,0,/msgdata/scenario/scr_msg.narc,379,6,,4012,4154,3832,3974,142,5add9a84487658658150ba2519d8955e2a499c4cf253c3bfe88129fc6f1b2709,02000000080000003e0000003f002200,,,,,False,,,,,,,,,,False,False
/msgdata/scenario/scr_msg.narc,/msgdata/scenario/scr_msg.narc!/member_00007,0,/msgdata/scenario/scr_msg.narc,379,7,,4156,4298,3976,4118,142,48ec6cb148e2404620d298785af794a502f2be9a6867ca2e6af3a3e8b4bc6458,010000000400000014002f0001006800,,,,,False,,,,,,,,,,False,False
/msgdata/scenario/scr_msg.narc,/msgdata/scenario/scr_msg.narc!/member_00008,0,/msgdata/scenario/scr_msg.narc,379,8,,4300,4450,4120,4270,150,e17052ce8ebc4e843de9a1b62cb69032f45ca908aa9d5fc57f9e45dca2f1ed9f,02000000080000003c00000045002400,,,,,False,,,,,,,,,,False,False
/msgdata/scenario/scr_msg.narc,/msgdata/scenario/scr_msg.narc!/member_00009,0,/msgdata/scenario/scr_msg.narc,379,9,,4452,4604,4272,4424,152,a5bfc9938dc3bb18ef271b0d47c3cf906b0b7d52dbbb557214fd49f4fb05ed27,0200000008000000360000000700e200,,,,,False,,,,,,,,,,False,False
/msgdata/scenario/scr_msg.narc,/msgdata/scenario/scr_msg.narc!/member_00010,0,/msgdata/scenario/scr_msg.narc,379,10,,4604,4944,4424,4764,340,c40f483426763210bf33f4ba501582b5045cdded55037e3ef023ba63382feb0f,030000000c0000006c000000a4000000,,,,,False,,,,,,,,,,False,False
/msgdata/scenario/scr_msg.narc,/msgdata/scenario/scr_msg.narc!/member_00011,0,/msgdata/scenario/scr_msg.narc,379,11,,4944,5082,4764,4902,138,fba043aed93dff5aa9770e96c99cb1e592a208d2889116df70cbfbc2681b8057,02000000080000003c00000003002900,,,,,False,,,,,,,,,,False,False
/msgdata/scenario/scr_msg.narc,/msgdata/scenario/scr_msg.narc!/member_00012,0,/msgdata/scenario/scr_msg.narc,379,12,,5084,5260,4904,5080,176,614f0ffd5a0917258a7407543552b385a6363d38c33e77c95588e237e6a39c08,01000000040000006400790087005e00,,,,,False,,,,,,,,,,False,False
/msgdata/scenario/scr_msg.narc,/msgdata/scenario/scr_msg.narc!/member_00013,0,/msgdata/scenario/scr_msg.narc,379,13,,5260,5308,5080,5128,48,680c82f1f350fa2ebb84e7707863926e51fdf8ee720bcbb799ff65e0946f7e3d,030000000c000000140000001a000000,,,,,False,,,,,,,,,,False,False
/msgdata/scenario/scr_msg.narc,/msgdata/scenario/scr_msg.narc!/member_00014,0,/msgdata/scenario/scr_msg.narc,379,14,,5308,5528,5128,5348,220,c80cf3d756ea319916f901fd9d7fd62c61466b7ce40205b6a90d3414e1d46fa7,030000000c0000005000000084000000,,,,,False,,,,,,,,,,False,False
/msgdata/scenario/scr_msg.narc,/msgdata/scenario/scr_msg.narc!/member_00015,0,/msgdata/scenario/scr_msg.narc,379,15,,5528,6748,5348,6568,1220,1b483407c08c855ea715fbbc35aebbc782a1013d9b2a4292d0351577db737c72,10000000400000008a000000ac000000,,Nintendo LZ10,Probable,,True,Nintendo LZ10,Probable,True,64,False,,,,,False,False
/particledata/particledata.narc,/particledata/particledata.narc!/member_00000,0,/particledata/particledata.narc,380,0,,100,812,0,712,712,318d14516e311d8b689b50d4beb3184644e5ce79cc76e835bb3ad4b4307d0df9,2041505331325f310200020000000000,,Nintendo Huffman,Probable,,True,Nintendo Huffman,Probable,False,5460033,,,,,,False,False
/particledata/particledata.narc,/particledata/particledata.narc!/member_00001,0,/particledata/particledata.narc,380,1,,812,2032,712,1932,1220,c3977ec0429e9d3f69c89d422bc06989a493cd64a304d74262fc1b8ab4bc7e6b,2041505331325f310100010000000000,,Nintendo Huffman,Probable,,True,Nintendo Huffman,Probable,False,5460033,,,,,,False,False
/particledata/particledata.narc,/particledata/particledata.narc!/member_00002,0,/particledata/particledata.narc,380,2,,2032,8144,1932,8044,6112,f32d4ab42fbe82c897cee82039fd189f320c013b1224119a0cbde21154f4ee4e,2041505331325f310500030000000000,,Nintendo Huffman,Probable,,True,Nintendo Huffman,Probable,False,5460033,,,,,,False,False
/particledata/particledata.narc,/particledata/particledata.narc!/member_00003,0,/particledata/particledata.narc,380,3,,8144,21048,8044,20948,12904,7410b9dc07adc74789283be6df3bb4c8a471f64f01dbdc93514298e5037fd6c0,2041505331325f310d000a0000000000,,Nintendo Huffman,Probable,,True,Nintendo Huffman,Probable,False,5460033,,,,,,False,False
/particledata/particledata.narc,/particledata/particledata.narc!/member_00004,0,/particledata/particledata.narc,380,4,,21048,39880,20948,39780,18832,67bee73fcb695407d32c7da8509e065e54f17ba7ea836444542b9dff4cac3c24,2041505331325f310c000a0000000000,,Nintendo Huffman,Probable,,True,Nintendo Huffman,Probable,False,5460033,,,,,,False,False
/particledata/particledata.narc,/particledata/particledata.narc!/member_00005,0,/particledata/particledata.narc,380,5,,39880,45240,39780,45140,5360,646480aae50822dc63a1f5de9ed36957cc58aca884f230363181042da53b991f,2041505331325f310100020000000000,,Nintendo Huffman,Probable,,True,Nintendo Huffman,Probable,False,5460033,,,,,,False,False
/particledata/pl_etc/pl_etc_particle.narc,/particledata/pl_etc/pl_etc_particle.narc!/member_00000,0,/particledata/pl_etc/pl_etc_particle.narc,381,0,,68,20944,0,20876,20876,8d7d675b67cbc7d655154fda617606c201e14add5965c1fe2b86a6b4a101da0c,2041505331325f310300020000000000,,Nintendo Huffman,Probable,,True,Nintendo Huffman,Probable,False,5460033,,,,,,False,False
/particledata/pl_etc/pl_etc_particle.narc,/particledata/pl_etc/pl_etc_particle.narc!/member_00001,0,/particledata/pl_etc/pl_etc_particle.narc,381,1,,20944,21592,20876,21524,648,8f86ae64f2e767efb63f6c83879f480512cf9cab50cf57f136b9ad7574ca8ee8,2041505331325f310300010000000000,,Nintendo Huffman,Probable,,True,Nintendo Huffman,Probable,False,5460033,,,,,,False,False
/particledata/pl_frontier/frontier_particle.narc,/particledata/pl_frontier/frontier_particle.narc!/member_00000,0,/particledata/pl_frontier/frontier_particle.narc,382,0,,108,16952,0,16844,16844,bf30840a8cf7b21447ab1db241d216ad6a6fde931f92a43bb9a5bbde67fc90d4,2041505331325f310200020000000000,,Nintendo Huffman,Probable,,True,Nintendo Huffman,Probable,False,5460033,,,,,,False,False
/particledata/pl_frontier/frontier_particle.narc,/particledata/pl_frontier/frontier_particle.narc!/member_00001,0,/particledata/pl_frontier/frontier_particle.narc,382,1,,16952,33904,16844,33796,16952,858a01dc4ea579950a3a65b4580aa2b31c428f32b47a13fb88954c2e63963c8e,2041505331325f310300020000000000,,Nintendo Huffman,Probable,,True,Nintendo Huffman,Probable,False,5460033,,,,,,False,False
/particledata/pl_frontier/frontier_particle.narc,/particledata/pl_frontier/frontier_particle.narc!/member_00002,0,/particledata/pl_frontier/frontier_particle.narc,382,2,,33904,43788,33796,43680,9884,5b5ab3cbe1f463ea1210057b972488bcf03d21b0027a5ba5cd2d67d942ad8970,2041505331325f311500070000000000,,Nintendo Huffman,Probable,,True,Nintendo Huffman,Probable,False,5460033,,,,,,False,False
/particledata/pl_frontier/frontier_particle.narc,/particledata/pl_frontier/frontier_particle.narc!/member_00003,0,/particledata/pl_frontier/frontier_particle.narc,382,3,,43788,51480,43680,51372,7692,0184f511bb5df52eb39c5773db55fc23eab0fa8090a41f852ed9e75162f1308a,2041505331325f313000030000000000,,Nintendo Huffman,Probable,,True,Nintendo Huffman,Probable,False,5460033,,,,,,False,False
/particledata/pl_frontier/frontier_particle.narc,/particledata/pl_frontier/frontier_particle.narc!/member_00004,0,/particledata/pl_frontier/frontier_particle.narc,382,4,,51480,53068,51372,52960,1588,43ba1727f7e1bac14aa4280a49ffe9747db331105ee1810ac786de88bdcfb1fa,2041505331325f310200020000000000,,Nintendo Huffman,Probable,,True,Nintendo Huffman,Probable,False,5460033,,,,,,False,False
/particledata/pl_frontier/frontier_particle.narc,/particledata/pl_frontier/frontier_particle.narc!/member_00005,0,/particledata/pl_frontier/frontier_particle.narc,382,5,,53068,59752,52960,59644,6684,e20ff2bf83ef1ad6617af2312c41b62b8fcc5d4b28fb4184721b933e84eeec33,2041505331325f310300030000000000,,Nintendo Huffman,Probable,,True,Nintendo Huffman,Probable,False,5460033,,,,,,False,False
/particledata/pl_frontier/frontier_particle.narc,/particledata/pl_frontier/frontier_particle.narc!/member_00006,0,/particledata/pl_frontier/frontier_particle.narc,382,6,,59752,64024,59644,63916,4272,2f1c7a298e36aa72c72241bf3b2bf6c3baa11c0263225b543292daa447793793,2041505331325f310100010000000000,,Nintendo Huffman,Probable,,True,Nintendo Huffman,Probable,False,5460033,,,,,,False,False
/particledata/pl_pokelist/pokelist_particle.narc,/particledata/pl_pokelist/pokelist_particle.narc!/member_00000,0,/particledata/pl_pokelist/pokelist_particle.narc,383,0,,68,4860,0,4792,4792,51b1ae5f2f0a01ff49ce1beec51b816b3eff6b7d0035771a9f52dae2e40d7b6c,2041505331325f310300020000000000,,Nintendo Huffman,Probable,,True,Nintendo Huffman,Probable,False,5460033,,,,,,False,False
/particledata/pl_pokelist/pokelist_particle.narc,/particledata/pl_pokelist/pokelist_particle.narc!/member_00001,0,/particledata/pl_pokelist/pokelist_particle.narc,383,1,,4860,5708,4792,5640,848,6ff04867fcafbb11fa1e8e93be3eb6535d5183adf19af6d1abfd9e72b35305bf,2041505331325f310200020000000000,,Nintendo Huffman,Probable,,True,Nintendo Huffman,Probable,False,5460033,,,,,,False,False
/pokeanime/pl_poke_anm.narc,/pokeanime/pl_poke_anm.narc!/member_00000,0,/pokeanime/pl_poke_anm.narc,384,0,,1196,1328,0,132,132,6b143942071b4a09711ae8f64ca3717fc2e8b0e56f5928ee9fa20180d7fc1873,190000001b0000001b00000018000000,,,,,False,,,,,,,,,,False,False
/pokeanime/pl_poke_anm.narc,/pokeanime/pl_poke_anm.narc!/member_00001,0,/pokeanime/pl_poke_anm.narc,384,1,,1328,1372,132,176,44,dbc50d59bb9a28c09e8a49f0de7b31b789a6e286bf85debd913370162c643d55,1a00000018000000000000001e000000,,,,,False,,,,,,,,,,False,False
/pokeanime/pl_poke_anm.narc,/pokeanime/pl_poke_anm.narc!/member_00002,0,/pokeanime/pl_poke_anm.narc,384,2,,1372,1468,176,272,96,2c9d5d53ae267539c41a60ca53efe78bf5c4a2912dc732119befd14920ea2c6f,190000001d0000001b00000018000000,,,,,False,,,,,,,,,,False,False
/pokeanime/pl_poke_anm.narc,/pokeanime/pl_poke_anm.narc!/member_00003,0,/pokeanime/pl_poke_anm.narc,384,3,,1468,1748,272,552,280,82125b6b1121b8910cca8e621a6a5f986d4308da33917f1a5a2d61364205ec55,0400000000000000000000000b000000,,,,,False,,,,,,,,,,False,False
/pokeanime/pl_poke_anm.narc,/pokeanime/pl_poke_anm.narc!/member_00004,0,/pokeanime/pl_poke_anm.narc,384,4,,1748,1880,552,684,132,da571814f202aae2b085e33e5813f1cff372c7dc4a550c19197faed56925f7c3,190000001b0000001b00000018000000,,,,,False,,,,,,,,,,False,False
/pokeanime/pl_poke_anm.narc,/pokeanime/pl_poke_anm.narc!/member_00005,0,/pokeanime/pl_poke_anm.narc,384,5,,1880,1924,684,728,44,08c161287eae41171376ff3c147bd18aeb18b636a73bc4873b2a9b6627d8f213,1a00000018000000000000001e000000,,,,,False,,,,,,,,,,False,False
/pokeanime/pl_poke_anm.narc,/pokeanime/pl_poke_anm.narc!/member_00006,0,/pokeanime/pl_poke_anm.narc,384,6,,1924,2020,728,824,96,21cc97a846057862db1be5c1f6019e96c12c8c8507033655da0736c79c152cb0,0b000000020000001a00000018000000,,,,,False,,,,,,,,,,False,False
/pokeanime/pl_poke_anm.narc,/pokeanime/pl_poke_anm.narc!/member_00007,0,/pokeanime/pl_poke_anm.narc,384,7,,2020,2396,824,1200,376,13366fb628bc4a76c9578b750d84a66d29a4a726c7acb6ab7b94a99a83eb0bad,1d000000180000000000000023000000,,,,,False,,,,,,,,,,False,False
/pokeanime/pl_poke_anm.narc,/pokeanime/pl_poke_anm.narc!/member_00008,0,/pokeanime/pl_poke_anm.narc,384,8,,2396,2440,1200,1244,44,c241deea641d07478bdaffc594cc74dafa38ce3edce543c0255830765ddf6486,1b000000180000000000000020000000,,,,,False,,,,,,,,,,False,False
/pokeanime/pl_poke_anm.narc,/pokeanime/pl_poke_anm.narc!/member_00009,0,/pokeanime/pl_poke_anm.narc,384,9,,2440,2520,1244,1324,80,6adb9e38d6d8b6a8ebc512b71ab36d8267941c9cd7cca41866fb0f185decf2f5,1b000000180000000000000020000000,,,,,False,,,,,,,,,,False,False
/pokeanime/pl_poke_anm.narc,/pokeanime/pl_poke_anm.narc!/member_00010,0,/pokeanime/pl_poke_anm.narc,384,10,,2520,3248,1324,2052,728,8fa182175fd932547fc12ec6e0d89970a2b3c27b1a59866a518c6a762c51b0ee,1b000000180000000000000020000000,,,,,False,,,,,,,,,,False,False
/pokeanime/pl_poke_anm.narc,/pokeanime/pl_poke_anm.narc!/member_00011,0,/pokeanime/pl_poke_anm.narc,384,11,,3248,3640,2052,2444,392,7c416d09330c7ccb19e5065b9c99855720b0e2e288e632cb50e877478510299c,1d000000180000000000000023000000,,,,,False,,,,,,,,,,False,False
/pokeanime/pl_poke_anm.narc,/pokeanime/pl_poke_anm.narc!/member_00012,0,/pokeanime/pl_poke_anm.narc,384,12,,3640,4368,2444,3172,728,a051c0d20c7ac05e2d744b2be1ee66c74210dc63ee0631d523d0674b65023d29,1b000000180000000000000020000000,,,,,False,,,,,,,,,,False,False
/pokeanime/pl_poke_anm.narc,/pokeanime/pl_poke_anm.narc!/member_00013,0,/pokeanime/pl_poke_anm.narc,384,13,,4368,4448,3172,3252,80,6f9114f2ce988b8f8c6e04155f9e32d333178bdc89425fdd1f8dd3b1f83e34b4,1b000000180000000000000020000000,,,,,False,,,,,,,,,,False,False
/pokeanime/pl_poke_anm.narc,/pokeanime/pl_poke_anm.narc!/member_00014,0,/pokeanime/pl_poke_anm.narc,384,14,,4448,4860,3252,3664,412,61f165d8f7afe7660466e2df3a94c2102d98973d5e4daf5a5a57ea2a70f9213e,04000000000000000000000004000000,,,,,False,,,,,,,,,,False,False
/pokeanime/pl_poke_anm.narc,/pokeanime/pl_poke_anm.narc!/member_00015,0,/pokeanime/pl_poke_anm.narc,384,15,,4860,5008,3664,3812,148,6e17715dc258e621bac927ea66646d5ebc2886532cc333d54021a77e32ce58d6,04000000010000000000000004000000,,,,,False,,,,,,,,,,False,False
/pokeanime/pl_poke_anm.narc,/pokeanime/pl_poke_anm.narc!/member_00016,0,/pokeanime/pl_poke_anm.narc,384,16,,5008,5052,3812,3856,44,94bc969842b69ddb422ee819b39ee1d22bade846a3c30f2219145b12fe46d6b2,1b000000180000000000000020000000,,,,,False,,,,,,,,,,False,False
/pokeanime/pl_poke_anm.narc,/pokeanime/pl_poke_anm.narc!/member_00017,0,/pokeanime/pl_poke_anm.narc,384,17,,5052,5132,3856,3936,80,ec3885fb610cf16c704d8eaef1d14c747fb63c5b1c763455bb8ce31eed396f58,1b000000180000000000000020000000,,,,,False,,,,,,,,,,False,False
/pokeanime/pl_poke_anm.narc,/pokeanime/pl_poke_anm.narc!/member_00018,0,/pokeanime/pl_poke_anm.narc,384,18,,5132,5212,3936,4016,80,94aabd4325039bd74073621ec75feb2d11b409c9a2ebf72e9f10a3bb7ce31034,1b00000018000000000000001e000000,,,,,False,,,,,,,,,,False,False
/pokeanime/pl_poke_anm.narc,/pokeanime/pl_poke_anm.narc!/member_00019,0,/pokeanime/pl_poke_anm.narc,384,19,,5212,5404,4016,4208,192,0d5c6217febc5f54905650506b281dea9a09d3aaaa173120e1fde15c6f9b06e9,1f000000030000002000000010000000,,,,,False,,,,,,,,,,False,False
/pokeanime/pl_poke_anm.narc,/pokeanime/pl_poke_anm.narc!/member_00020,0,/pokeanime/pl_poke_anm.narc,384,20,,5404,5484,4208,4288,80,7288e9fe92585dd30c47996e9f812046507fee8c61527fead96f2eb3c33ce0bd,1b000000180000000000000021000000,,,,,False,,,,,,,,,,False,False
/pokeanime/pl_poke_anm.narc,/pokeanime/pl_poke_anm.narc!/member_00021,0,/pokeanime/pl_poke_anm.narc,384,21,,5484,5580,4288,4384,96,995fe156b9f3148c72b9afe28dfcb3ffbc6bdc051552fe7252567b655ba42863,190000001b0000001b00000018000000,,,,,False,,,,,,,,,,False,False
/pokeanime/pl_poke_anm.narc,/pokeanime/pl_poke_anm.narc!/member_00022,0,/pokeanime/pl_poke_anm.narc,384,22,,5580,5660,4384,4464,80,f445cf5d4ed1baeca12d2377b5ba55772504ef8f5f390fa51d8837a5dce2952f,1b00000018000000000000001e000000,,,,,False,,,,,,,,,,False,False
/pokeanime/pl_poke_anm.narc,/pokeanime/pl_poke_anm.narc!/member_00023,0,/pokeanime/pl_poke_anm.narc,384,23,,5660,6388,4464,5192,728,2d08b7b245422c06c7b7dae0f959643d91e024eefc10585a8ff845a3179d6539,1b000000180000000000000020000000,,,,,False,,,,,,,,,,False,False
/pokeanime/pl_poke_anm.narc,/pokeanime/pl_poke_anm.narc!/member_00024,0,/pokeanime/pl_poke_anm.narc,384,24,,6388,6520,5192,5324,132,6b143942071b4a09711ae8f64ca3717fc2e8b0e56f5928ee9fa20180d7fc1873,190000001b0000001b00000018000000,,,,,False,,,,,,,,,,False,False
/pokeanime/pl_poke_anm.narc,/pokeanime/pl_poke_anm.narc!/member_00025,0,/pokeanime/pl_poke_anm.narc,384,25,,6520,6652,5324,5456,132,6b143942071b4a09711ae8f64ca3717fc2e8b0e56f5928ee9fa20180d7fc1873,190000001b0000001b00000018000000,,,,,False,,,,,,,,,,False,False
/pokeanime/pl_poke_anm.narc,/pokeanime/pl_poke_anm.narc!/member_00026,0,/pokeanime/pl_poke_anm.narc,384,26,,6652,6784,5456,5588,132,6b143942071b4a09711ae8f64ca3717fc2e8b0e56f5928ee9fa20180d7fc1873,190000001b0000001b00000018000000,,,,,False,,,,,,,,,,False,False
/pokeanime/pl_poke_anm.narc,/pokeanime/pl_poke_anm.narc!/member_00027,0,/pokeanime/pl_poke_anm.narc,384,27,,6784,6916,5588,5720,132,6b143942071b4a09711ae8f64ca3717fc2e8b0e56f5928ee9fa20180d7fc1873,190000001b0000001b00000018000000,,,,,False,,,,,,,,,,False,False
/pokeanime/pl_poke_anm.narc,/pokeanime/pl_poke_anm.narc!/member_00028,0,/pokeanime/pl_poke_anm.narc,384,28,,6916,7048,5720,5852,132,6b143942071b4a09711ae8f64ca3717fc2e8b0e56f5928ee9fa20180d7fc1873,190000001b0000001b00000018000000,,,,,False,,,,,,,,,,False,False
/pokeanime/pl_poke_anm.narc,/pokeanime/pl_poke_anm.narc!/member_00029,0,/pokeanime/pl_poke_anm.narc,384,29,,7048,7180,5852,5984,132,6b143942071b4a09711ae8f64ca3717fc2e8b0e56f5928ee9fa20180d7fc1873,190000001b0000001b00000018000000,,,,,False,,,,,,,,,,False,False
/pokeanime/pl_poke_anm.narc,/pokeanime/pl_poke_anm.narc!/member_00030,0,/pokeanime/pl_poke_anm.narc,384,30,,7180,7312,5984,6116,132,6b143942071b4a09711ae8f64ca3717fc2e8b0e56f5928ee9fa20180d7fc1873,190000001b0000001b00000018000000,,,,,False,,,,,,,,,,False,False
/pokeanime/pl_poke_anm.narc,/pokeanime/pl_poke_anm.narc!/member_00031,0,/pokeanime/pl_poke_anm.narc,384,31,,7312,7444,6116,6248,132,6b143942071b4a09711ae8f64ca3717fc2e8b0e56f5928ee9fa20180d7fc1873,190000001b0000001b00000018000000,,,,,False,,,,,,,,,,False,False
/pokeanime/pl_poke_anm.narc,/pokeanime/pl_poke_anm.narc!/member_00032,0,/pokeanime/pl_poke_anm.narc,384,32,,7444,7576,6248,6380,132,6b143942071b4a09711ae8f64ca3717fc2e8b0e56f5928ee9fa20180d7fc1873,190000001b0000001b00000018000000,,,,,False,,,,,,,,,,False,False
/pokeanime/pl_poke_anm.narc,/pokeanime/pl_poke_anm.narc!/member_00033,0,/pokeanime/pl_poke_anm.narc,384,33,,7576,7708,6380,6512,132,6b143942071b4a09711ae8f64ca3717fc2e8b0e56f5928ee9fa20180d7fc1873,190000001b0000001b00000018000000,,,,,False,,,,,,,,,,False,False
/pokeanime/pl_poke_anm.narc,/pokeanime/pl_poke_anm.narc!/member_00034,0,/pokeanime/pl_poke_anm.narc,384,34,,7708,7840,6512,6644,132,6b143942071b4a09711ae8f64ca3717fc2e8b0e56f5928ee9fa20180d7fc1873,190000001b0000001b00000018000000,,,,,False,,,,,,,,,,False,False
/pokeanime/pl_poke_anm.narc,/pokeanime/pl_poke_anm.narc!/member_00035,0,/pokeanime/pl_poke_anm.narc,384,35,,7840,7972,6644,6776,132,6b143942071b4a09711ae8f64ca3717fc2e8b0e56f5928ee9fa20180d7fc1873,190000001b0000001b00000018000000,,,,,False,,,,,,,,,,False,False
/pokeanime/pl_poke_anm.narc,/pokeanime/pl_poke_anm.narc!/member_00036,0,/pokeanime/pl_poke_anm.narc,384,36,,7972,8104,6776,6908,132,6b143942071b4a09711ae8f64ca3717fc2e8b0e56f5928ee9fa20180d7fc1873,190000001b0000001b00000018000000,,,,,False,,,,,,,,,,False,False
/pokeanime/pl_poke_anm.narc,/pokeanime/pl_poke_anm.narc!/member_00037,0,/pokeanime/pl_poke_anm.narc,384,37,,8104,8236,6908,7040,132,6b143942071b4a09711ae8f64ca3717fc2e8b0e56f5928ee9fa20180d7fc1873,190000001b0000001b00000018000000,,,,,False,,,,,,,,,,False,False
/pokeanime/pl_poke_anm.narc,/pokeanime/pl_poke_anm.narc!/member_00038,0,/pokeanime/pl_poke_anm.narc,384,38,,8236,8368,7040,7172,132,6b143942071b4a09711ae8f64ca3717fc2e8b0e56f5928ee9fa20180d7fc1873,190000001b0000001b00000018000000,,,,,False,,,,,,,,,,False,False
/pokeanime/pl_poke_anm.narc,/pokeanime/pl_poke_anm.narc!/member_00039,0,/pokeanime/pl_poke_anm.narc,384,39,,8368,8500,7172,7304,132,6b143942071b4a09711ae8f64ca3717fc2e8b0e56f5928ee9fa20180d7fc1873,190000001b0000001b00000018000000,,,,,False,,,,,,,,,,False,False
/pokeanime/pl_poke_anm.narc,/pokeanime/pl_poke_anm.narc!/member_00040,0,/pokeanime/pl_poke_anm.narc,384,40,,8500,8632,7304,7436,132,6b143942071b4a09711ae8f64ca3717fc2e8b0e56f5928ee9fa20180d7fc1873,190000001b0000001b00000018000000,,,,,False,,,,,,,,,,False,False
/pokeanime/pl_poke_anm.narc,/pokeanime/pl_poke_anm.narc!/member_00041,0,/pokeanime/pl_poke_anm.narc,384,41,,8632,8764,7436,7568,132,6b143942071b4a09711ae8f64ca3717fc2e8b0e56f5928ee9fa20180d7fc1873,190000001b0000001b00000018000000,,,,,False,,,,,,,,,,False,False
/pokeanime/pl_poke_anm.narc,/pokeanime/pl_poke_anm.narc!/member_00042,0,/pokeanime/pl_poke_anm.narc,384,42,,8764,8896,7568,7700,132,6b143942071b4a09711ae8f64ca3717fc2e8b0e56f5928ee9fa20180d7fc1873,190000001b0000001b00000018000000,,,,,False,,,,,,,,,,False,False
/pokeanime/pl_poke_anm.narc,/pokeanime/pl_poke_anm.narc!/member_00043,0,/pokeanime/pl_poke_anm.narc,384,43,,8896,9028,7700,7832,132,6b143942071b4a09711ae8f64ca3717fc2e8b0e56f5928ee9fa20180d7fc1873,190000001b0000001b00000018000000,,,,,False,,,,,,,,,,False,False
/pokeanime/pl_poke_anm.narc,/pokeanime/pl_poke_anm.narc!/member_00044,0,/pokeanime/pl_poke_anm.narc,384,44,,9028,9160,7832,7964,132,6b143942071b4a09711ae8f64ca3717fc2e8b0e56f5928ee9fa20180d7fc1873,190000001b0000001b00000018000000,,,,,False,,,,,,,,,,False,False
/pokeanime/pl_poke_anm.narc,/pokeanime/pl_poke_anm.narc!/member_00045,0,/pokeanime/pl_poke_anm.narc,384,45,,9160,9292,7964,8096,132,6b143942071b4a09711ae8f64ca3717fc2e8b0e56f5928ee9fa20180d7fc1873,190000001b0000001b00000018000000,,,,,False,,,,,,,,,,False,False
/pokeanime/pl_poke_anm.narc,/pokeanime/pl_poke_anm.narc!/member_00046,0,/pokeanime/pl_poke_anm.narc,384,46,,9292,9424,8096,8228,132,6b143942071b4a09711ae8f64ca3717fc2e8b0e56f5928ee9fa20180d7fc1873,190000001b0000001b00000018000000,,,,,False,,,,,,,,,,False,False
/pokeanime/pl_poke_anm.narc,/pokeanime/pl_poke_anm.narc!/member_00047,0,/pokeanime/pl_poke_anm.narc,384,47,,9424,9556,8228,8360,132,6b143942071b4a09711ae8f64ca3717fc2e8b0e56f5928ee9fa20180d7fc1873,190000001b0000001b00000018000000,,,,,False,,,,,,,,,,False,False
/pokeanime/pl_poke_anm.narc,/pokeanime/pl_poke_anm.narc!/member_00048,0,/pokeanime/pl_poke_anm.narc,384,48,,9556,9688,8360,8492,132,6b143942071b4a09711ae8f64ca3717fc2e8b0e56f5928ee9fa20180d7fc1873,190000001b0000001b00000018000000,,,,,False,,,,,,,,,,False,False
/pokeanime/pl_poke_anm.narc,/pokeanime/pl_poke_anm.narc!/member_00049,0,/pokeanime/pl_poke_anm.narc,384,49,,9688,9820,8492,8624,132,6b143942071b4a09711ae8f64ca3717fc2e8b0e56f5928ee9fa20180d7fc1873,190000001b0000001b00000018000000,,,,,False,,,,,,,,,,False,False
/pokeanime/pl_poke_anm.narc,/pokeanime/pl_poke_anm.narc!/member_00050,0,/pokeanime/pl_poke_anm.narc,384,50,,9820,9968,8624,8772,148,e183392b998ff6f80653f21ad216de9e89068108fb3e5ec16e4bd460dfbee675,04000000010000000000000004000000,,,,,False,,,,,,,,,,False,False
/pokeanime/pl_poke_anm.narc,/pokeanime/pl_poke_anm.narc!/member_00051,0,/pokeanime/pl_poke_anm.narc,384,51,,9968,10116,8772,8920,148,43907e9d76355f6bb54ddd0ba09efa17eed03279a5a340bd8bd6bde6c40ed068,04000000010000000000000004000000,,,,,False,,,,,,,,,,False,False
/pokeanime/pl_poke_anm.narc,/pokeanime/pl_poke_anm.narc!/member_00052,0,/pokeanime/pl_poke_anm.narc,384,52,,10116,10264,8920,9068,148,6e17715dc258e621bac927ea66646d5ebc2886532cc333d54021a77e32ce58d6,04000000010000000000000004000000,,,,,False,,,,,,,,,,False,False
/pokeanime/pl_poke_anm.narc,/pokeanime/pl_poke_anm.narc!/member_00053,0,/pokeanime/pl_poke_anm.narc,384,53,,10264,10308,9068,9112,44,6dbb56e69f030dbeffdc933d64cf73587050008fc230a244a4430d3d2135c3d9,1b00000018000000000000001e000000,,,,,False,,,,,,,,,,False,False
/pokeanime/pl_poke_anm.narc,/pokeanime/pl_poke_anm.narc!/member_00054,0,/pokeanime/pl_poke_anm.narc,384,54,,10308,10352,9112,9156,44,9f76e1cea6d7913dc58a6aac2fcaa9f12362a667419bcae3e04bf76cd9ec9646,1b00000018000000000000001e000000,,,,,False,,,,,,,,,,False,False
/pokeanime/pl_poke_anm.narc,/pokeanime/pl_poke_anm.narc!/member_00055,0,/pokeanime/pl_poke_anm.narc,384,55,,10352,10396,9156,9200,44,160320ee9a04d3e4d3908c7a233a802dc80cb913c7942c70e42389dd81ec52d8,1b00000018000000000000001e000000,,,,,False,,,,,,,,,,False,False
/pokeanime/pl_poke_anm.narc,/pokeanime/pl_poke_anm.narc!/member_00056,0,/pokeanime/pl_poke_anm.narc,384,56,,10396,10440,9200,9244,44,6f620d3984b93140056ced5ead8cf289eaca52af6281bf116cbe93db2f138d3b,1b000000180000000000000020000000,,,,,False,,,,,,,,,,False,False
/pokeanime/pl_poke_anm.narc,/pokeanime/pl_poke_anm.narc!/member_00057,0,/pokeanime/pl_poke_anm.narc,384,57,,10440,10484,9244,9288,44,4fe1f4b442b8d26279acff0ca8ee5442e25eb6c13e70cbc85c205b833a0817ba,1b00000018000000000000001e000000,,,,,False,,,,,,,,,,False,False
/pokeanime/pl_poke_anm.narc,/pokeanime/pl_poke_anm.narc!/member_00058,0,/pokeanime/pl_poke_anm.narc,384,58,,10484,10528,9288,9332,44,2786c66ecd9d6a998a806eca265c1db858ba5909cdc1bc117b3ab2c72e139ecf,1b00000018000000000000001e000000,,,,,False,,,,,,,,,,False,False
/pokeanime/pl_poke_anm.narc,/pokeanime/pl_poke_anm.narc!/member_00059,0,/pokeanime/pl_poke_anm.narc,384,59,,10528,10572,9332,9376,44,2011e4604e18371a6bf4ca9a21ed399e4be1982b796fbe0f689efaf2804e16ba,1b00000018000000000000001e000000,,,,,False,,,,,,,,,,False,False
/pokeanime/pl_poke_anm.narc,/pokeanime/pl_poke_anm.narc!/member_00060,0,/pokeanime/pl_poke_anm.narc,384,60,,10572,10616,9376,9420,44,25ae98100ffd435179e977340c2acba1c0eab3e086305ce0251fae19448f6ee9,1b00000018000000000000001e000000,,,,,False,,,,,,,,,,False,False
/pokeanime/pl_poke_anm.narc,/pokeanime/pl_poke_anm.narc!/member_00061,0,/pokeanime/pl_poke_anm.narc,384,61,,10616,10660,9420,9464,44,4e8520afa99a8144ebae9dc634d45a1f3c85a71ccc8f330fc0de865e9854b761,1b00000018000000000000001e000000,,,,,False,,,,,,,,,,False,False
/pokeanime/pl_poke_anm.narc,/pokeanime/pl_poke_anm.narc!/member_00062,0,/pokeanime/pl_poke_anm.narc,384,62,,10660,10752,9464,9556,92,8cfdfea5ae9f3954dfd0fbbe1eefe1a59a073542bb6bf74f29df691b8847f1eb,0b000000020000001b00000018000000,,,,,False,,,,,,,,,,False,False
/pokeanime/pl_poke_anm.narc,/pokeanime/pl_poke_anm.narc!/member_00063,0,/pokeanime/pl_poke_anm.narc,384,63,,10752,10832,9556,9636,80,d4527edbe207ec0d1202e43e5295783c06b020bf162b40768cbea30691be5964,1b00000018000000000000001e000000,,,,,False,,,,,,,,,,False,False
/pokeanime/pl_poke_anm.narc,/pokeanime/pl_poke_anm.narc!/member_00064,0,/pokeanime/pl_poke_anm.narc,384,64,,10832,10912,9636,9716,80,27a39cf1b469ba8e10c9e4c20bbc7b76132ca898f5f24783e78500730be5231f,1b00000018000000000000001e000000,,,,,False,,,,,,,,,,False,False
/pokeanime/pl_poke_anm.narc,/pokeanime/pl_poke_anm.narc!/member_00065,0,/pokeanime/pl_poke_anm.narc,384,65,,10912,11004,9716,9808,92,741da87e2b059825483bdeff965498ca14a8f3e777969f6102c4c5f4bc382fa6,0b000000020000001b00000018000000,,,,,False,,,,,,,,,,False,False
/pokeanime/pl_poke_anm.narc,/pokeanime/pl_poke_anm.narc!/member_00066,0,/pokeanime/pl_poke_anm.narc,384,66,,11004,11084,9808,9888,80,e5375fa96b7f7265c54b89a8f0802c909c04df2f1ee050feb4f35292c1ad36c9,1b00000018000000000000001e000000,,,,,False,,,,,,,,,,False,False
/pokeanime/pl_poke_anm.narc,/pokeanime/pl_poke_anm.narc!/member_00067,0,/pokeanime/pl_poke_anm.narc,384,67,,11084,11164,9888,9968,80,2804ac8149e0210b4134abf0197a098ce645e973c9d2ef7e563a53d7cc89fd23,1b00000018000000000000001e000000,,,,,False,,,,,,,,,,False,False
/pokeanime/pl_poke_anm.narc,/pokeanime/pl_poke_anm.narc!/member_00068,0,/pokeanime/pl_poke_anm.narc,384,68,,11164,11328,9968,10132,164,630fd65ca3b89bcc56486b1f759ba2ca214b042c3d3646b84ea966e80af277e2,0b000000020000001b00000018000000,,,,,False,,,,,,,,,,False,False
/pokeanime/pl_poke_anm.narc,/pokeanime/pl_poke_anm.narc!/member_00069,0,/pokeanime/pl_poke_anm.narc,384,69,,11328,11480,10132,10284,152,9bf1adeeff18b0bebe06a6e6c4e354557195a2a325a338bf3c469c4b13a245a5,1b00000018000000000000001e000000,,,,,False,,,,,,,,,,False,False
/pokeanime/pl_poke_anm.narc,/pokeanime/pl_poke_anm.narc!/member_00070,0,/pokeanime/pl_poke_anm.narc,384,70,,11480,11632,10284,10436,152,b1b7b51f707516ce20ae0690324b55360d4ac48acd08e8d008d1ff3b486231ed,1b00000018000000000000001e000000,,,,,False,,,,,,,,,,False,False
/pokeanime/pl_poke_anm.narc,/pokeanime/pl_poke_anm.narc!/member_00071,0,/pokeanime/pl_poke_anm.narc,384,71,,11632,12044,10436,10848,412,95b62d44b065f42552bb40ada917596613ac36edcc079dcb2fdf0a97e2b42f1b,04000000000000000000000004000000,,,,,False,,,,,,,,,,False,False
/pokeanime/pl_poke_anm.narc,/pokeanime/pl_poke_anm.narc!/member_00072,0,/pokeanime/pl_poke_anm.narc,384,72,,12044,12456,10848,11260,412,62f8050a1410694028aff94a899aee5520802e137cf258b6bfd6f3c4fe4efd5f,04000000000000000000000004000000,,,,,False,,,,,,,,,,False,False
/pokeanime/pl_poke_anm.narc,/pokeanime/pl_poke_anm.narc!/member_00073,0,/pokeanime/pl_poke_anm.narc,384,73,,12456,12868,11260,11672,412,dbe7ef18e2d7e9beed3a5b89430beee0a98b7f29d979a9f195845e71e34ae3c1,04000000000000000000000004000000,,,,,False,,,,,,,,,,False,False
/pokeanime/pl_poke_anm.narc,/pokeanime/pl_poke_anm.narc!/member_00074,0,/pokeanime/pl_poke_anm.narc,384,74,,12868,13288,11672,12092,420,72da1ec03b9f5e70b4cf45d76cd5963df92b6081c0fc3bed3818a2fafe7543ae,0b000000020000001c00000018000000,,,,,False,,,,,,,,,,False,False
/pokeanime/pl_poke_anm.narc,/pokeanime/pl_poke_anm.narc!/member_00075,0,/pokeanime/pl_poke_anm.narc,384,75,,13288,13696,12092,12500,408,41d9c58fa940e50e8c214b3138a312450244f7363e0ff87241306272598c0e94,1c000000180000000000000023000000,,,,,False,,,,,,,,,,False,False
/pokeanime/pl_poke_anm.narc,/pokeanime/pl_poke_anm.narc!/member_00076,0,/pokeanime/pl_poke_anm.narc,384,76,,13696,14104,12500,12908,408,6f3e62b6740b204cfc2b71816fe2873ad5a8226af4d8d7f726dc5cd81c2fd5bc,1c000000180000000000000023000000,,,,,False,,,,,,,,,,False,False
/pokeanime/pl_poke_anm.narc,/pokeanime/pl_poke_anm.narc!/member_00077,0,/pokeanime/pl_poke_anm.narc,384,77,,14104,14520,12908,13324,416,a668836feba7004d2d9d721fb9db42cc7181615c2978c6e2914f28732f34b2e6,0b00000002000000140000000b000000,,,,,False,,,,,,,,,,False,False
/pokeanime/pl_poke_anm.narc,/pokeanime/pl_poke_anm.narc!/member_00078,0,/pokeanime/pl_poke_anm.narc,384,78,,14520,14924,13324,13728,404,0c5988a38557d4da319311e642efd93c15ec41acef085269d0049a9b57a1ef16,140000000b000000140000000c000000,,,,,False,,,,,,,,,,False,False
/pokeanime/pl_poke_anm.narc,/pokeanime/pl_poke_anm.narc!/member_00079,0,/pokeanime/pl_poke_anm.narc,384,79,,14924,15328,13728,14132,404,7be14d9c9acb92610b2daa02ec2ea96b9be0b5521135da2c2f5fd783b9d151f6,140000000b000000140000000c000000,,,,,False,,,,,,,,,,False,False
/pokeanime/pl_poke_anm.narc,/pokeanime/pl_poke_anm.narc!/member_00080,0,/pokeanime/pl_poke_anm.narc,384,80,,15328,15744,14132,14548,416,1f752c2021b9afa02d53c1a71e53eed13d4948f08bf34ee647794b9e73ce3161,0b00000002000000140000000b000000,,,,,False,,,,,,,,,,False,False
/pokeanime/pl_poke_anm.narc,/pokeanime/pl_poke_anm.narc!/member_00081,0,/pokeanime/pl_poke_anm.narc,384,81,,15744,16148,14548,14952,404,acc903a074b991baa415be548fc1268513978b1583d838f9cea194a0de9d8bfb,140000000b0000001400000006000000,,,,,False,,,,,,,,,,False,False
/pokeanime/pl_poke_anm.narc,/pokeanime/pl_poke_anm.narc!/member_00082,0,/pokeanime/pl_poke_anm.narc,384,82,,16148,16552,14952,15356,404,1549f5a9af06fe20649bdf504567912f34c1ed2b2545dd610d8573b6aef1ee72,140000000b0000001400000006000000,,,,,False,,,,,,,,,,False,False
/pokeanime/pl_poke_anm.narc,/pokeanime/pl_poke_anm.narc!/member_00083,0,/pokeanime/pl_poke_anm.narc,384,83,,16552,17012,15356,15816,460,70210e210aeb2c6b60339c58ad9f2cb8b95e764738fcaa94a11c80914bf4f93c,1b000000180000000000000020000000,,,,,False,,,,,,,,,,False,False
/pokeanime/pl_poke_anm.narc,/pokeanime/pl_poke_anm.narc!/member_00084,0,/pokeanime/pl_poke_anm.narc,384,84,,17012,17320,15816,16124,308,9b54a035d846960f42c18e7c5f805717104ad7e780c959a7722640005192800b,1b000000180000000000000020000000,,,,,False,,,,,,,,,,False,False
/pokeanime/pl_poke_anm.narc,/pokeanime/pl_poke_anm.narc!/member_00085,0,/pokeanime/pl_poke_anm.narc,384,85,,17320,17628,16124,16432,308,251afb2d92c2e703c0eafd22868aa471f3aaa4fe3e2e4c9b0b60ead0cc3c2824,1b000000180000000000000020000000,,,,,False,,,,,,,,,,False,False
/pokeanime/pl_poke_anm.narc,/pokeanime/pl_poke_anm.narc!/member_00086,0,/pokeanime/pl_poke_anm.narc,384,86,,17628,17704,16432,16508,76,29fed765545dcca90e353523faa14490a563b1e513a6328afb9225072eb5e32c,0f0000000a00000014000000e0ffffff,,,,,False,,,,,,,,,,False,False
/pokeanime/pl_poke_anm.narc,/pokeanime/pl_poke_anm.narc!/member_00087,0,/pokeanime/pl_poke_anm.narc,384,87,,17704,17768,16508,16572,64,3eee0586b892f11c3e5535f8463ed815dcd4b83021cccdb5b78a36147ad6211e,0f0000000a00000014000000e0ffffff,,,,,False,,,,,,,,,,False,False
/pokeanime/pl_poke_anm.narc,/pokeanime/pl_poke_anm.narc!/member_00088,0,/pokeanime/pl_poke_anm.narc,384,88,,17768,17832,16572,16636,64,6d956559223b31d935c61adb8ce1c15879826782ea186ad92251050337e71c3c,0f0000000a00000014000000e0ffffff,,,,,False,,,,,,,,,,False,False
/pokeanime/pl_poke_anm.narc,/pokeanime/pl_poke_anm.narc!/member_00089,0,/pokeanime/pl_poke_anm.narc,384,89,,17832,18112,16636,16916,280,f6ba96ded35e7abe09d5b56c3b8d210a85404cfc64f3f8c951397355d3b9fe17,0400000000000000000000000b000000,,,,,False,,,,,,,,,,False,False
/pokeanime/pl_poke_anm.narc,/pokeanime/pl_poke_anm.narc!/member_00090,0,/pokeanime/pl_poke_anm.narc,384,90,,18112,18392,16916,17196,280,2ccbb4ff4c325afd867d15c5c8b55073002a09fb1cf05448824099675925d3a7,0400000000000000000000000b000000,,,,,False,,,,,,,,,,False,False
/pokeanime/pl_poke_anm.narc,/pokeanime/pl_poke_anm.narc!/member_00091,0,/pokeanime/pl_poke_anm.narc,384,91,,18392,18672,17196,17476,280,82125b6b1121b8910cca8e621a6a5f986d4308da33917f1a5a2d61364205ec55,0400000000000000000000000b000000,,,,,False,,,,,,,,,,False,False
/pokeanime/pl_poke_anm.narc,/pokeanime/pl_poke_anm.narc!/member_00092,0,/pokeanime/pl_poke_anm.narc,384,92,,18672,18892,17476,17696,220,2e7ecc4ed4a908346d22333858e0b154c8cf9f5b75559616159d137cf99af0b6,1e000000180000000000000023000000,,,,,False,,,,,,,,,,False,False
/pokeanime/pl_poke_anm.narc,/pokeanime/pl_poke_anm.narc!/member_00093,0,/pokeanime/pl_poke_anm.narc,384,93,,18892,19112,17696,17916,220,13873730b87c1f1d291d83838bf72243e10e3998efdf9d9037497e99a40a60d4,1e000000180000000000000023000000,,,,,False,,,,,,,,,,False,False
/pokeanime/pl_poke_anm.narc,/pokeanime/pl_poke_anm.narc!/member_00094,0,/pokeanime/pl_poke_anm.narc,384,94,,19112,19332,17916,18136,220,b26c9f0746174a6df6a2a4c3d3a065699ce557c5c2ee3f7530d81cc7a6cd8b2c,1e000000180000000000000023000000,,,,,False,,,,,,,,,,False,False
/pokeanime/pl_poke_anm.narc,/pokeanime/pl_poke_anm.narc!/member_00095,0,/pokeanime/pl_poke_anm.narc,384,95,,19332,19424,18136,18228,92,b5c817dafa1cb0990528c82885032ae61c6040f4f01c5c704570a4adb24ca10c,20000000000000000c00000000000000,,Nintendo Huffman,Probable,,True,Nintendo Huffman,Probable,False,0,,,,,,False,False
/pokeanime/pl_poke_anm.narc,/pokeanime/pl_poke_anm.narc!/member_00096,0,/pokeanime/pl_poke_anm.narc,384,96,,19424,19516,18228,18320,92,27221e4423b51ab9844b04f78af91d33d251e2d0a3ac46f60cd683252fae99d5,20000000000000000c00000000000000,,Nintendo Huffman,Probable,,True,Nintendo Huffman,Probable,False,0,,,,,,False,False
/pokeanime/pl_poke_anm.narc,/pokeanime/pl_poke_anm.narc!/member_00097,0,/pokeanime/pl_poke_anm.narc,384,97,,19516,19608,18320,18412,92,59f21f7453987ee1a1638ccebcaa9b5edf32f433e7630924e23ea78d813fca2b,20000000000000000c00000000000000,,Nintendo Huffman,Probable,,True,Nintendo Huffman,Probable,False,0,,,,,,False,False
/pokeanime/pl_poke_anm.narc,/pokeanime/pl_poke_anm.narc!/member_00098,0,/pokeanime/pl_poke_anm.narc,384,98,,19608,19700,18412,18504,92,79e7aea2c7faa98d20570f291eca87efc0c33f60e7c5f2abcaec864ce4171236,20000000000000000c00000000000000,,Nintendo Huffman,Probable,,True,Nintendo Huffman,Probable,False,0,,,,,,False,False
/pokeanime/pl_poke_anm.narc,/pokeanime/pl_poke_anm.narc!/member_00099,0,/pokeanime/pl_poke_anm.narc,384,99,,19700,19792,18504,18596,92,5a6e6f62386b605900ef5559391f91ddf76837b5f56b25ba2a492a215b98c595,20000000000000000c00000000000000,,Nintendo Huffman,Probable,,True,Nintendo Huffman,Probable,False,0,,,,,,False,False
/pokeanime/pl_poke_anm.narc,/pokeanime/pl_poke_anm.narc!/member_00100,0,/pokeanime/pl_poke_anm.narc,384,100,,19792,19884,18596,18688,92,2702c8dbf0c37b6bf5b4cbc484d37fa5436e1c00585cf8d31a0778cdf837f366,20000000000000000c00000000000000,,Nintendo Huffman,Probable,,True,Nintendo Huffman,Probable,False,0,,,,,,False,False
/pokeanime/pl_poke_anm.narc,/pokeanime/pl_poke_anm.narc!/member_00101,0,/pokeanime/pl_poke_anm.narc,384,101,,19884,19976,18688,18780,92,ced1871b5f887f3fefc6c6cdbde893f3f7a81d024a85bab02b0e875d0bbfead8,20000000000000000c00000000000000,,Nintendo Huffman,Probable,,True,Nintendo Huffman,Probable,False,0,,,,,,False,False
/pokeanime/pl_poke_anm.narc,/pokeanime/pl_poke_anm.narc!/member_00102,0,/pokeanime/pl_poke_anm.narc,384,102,,19976,20068,18780,18872,92,7e3bad93e698eee063b04d2a795f97797c4f78c28e49ec52b49a2e102d9aae01,20000000000000000c00000000000000,,Nintendo Huffman,Probable,,True,Nintendo Huffman,Probable,False,0,,,,,,False,False
/pokeanime/pl_poke_anm.narc,/pokeanime/pl_poke_anm.narc!/member_00103,0,/pokeanime/pl_poke_anm.narc,384,103,,20068,20160,18872,18964,92,ce1f2add6045d17c2bad1ba4fb3cf1812aace136248a68c38674f828ea27dd4c,20000000000000000c00000000000000,,Nintendo Huffman,Probable,,True,Nintendo Huffman,Probable,False,0,,,,,,False,False
/pokeanime/pl_poke_anm.narc,/pokeanime/pl_poke_anm.narc!/member_00104,0,/pokeanime/pl_poke_anm.narc,384,104,,20160,20676,18964,19480,516,8e9dd016ea2aa28943ffd5bb708dd4f32eb9488a87a0e98ddea1f6371eb1a734,04000000000000000200000014000000,,,,,False,,,,,,,,,,False,False
/pokeanime/pl_poke_anm.narc,/pokeanime/pl_poke_anm.narc!/member_00105,0,/pokeanime/pl_poke_anm.narc,384,105,,20676,20948,19480,19752,272,722f68495b5fff1ba45aafce65ef68c227fcdb4647cf8baf6008cc876ffc7257,04000000000000000200000014000000,,,,,False,,,,,,,,,,False,False
/pokeanime/pl_poke_anm.narc,/pokeanime/pl_poke_anm.narc!/member_00106,0,/pokeanime/pl_poke_anm.narc,384,106,,20948,21572,19752,20376,624,67525b354a154324fe737dff27907781a1d06001076cb92e6cbb9d60756a9bcb,04000000000000000200000014000000,,,,,False,,,,,,,,,,False,False
/pokeanime/pl_poke_anm.narc,/pokeanime/pl_poke_anm.narc!/member_00107,0,/pokeanime/pl_poke_anm.narc,384,107,,21572,21780,20376,20584,208,ea91ee3ae3d7875a5fa8839de05fed5c65840772e410d20d15657f204a596188,0b000000020000001d00000018000000,,,,,False,,,,,,,,,,False,False
/pokeanime/pl_poke_anm.narc,/pokeanime/pl_poke_anm.narc!/member_00108,0,/pokeanime/pl_poke_anm.narc,384,108,,21780,21976,20584,20780,196,fecfcdd5c70cbcc22b7b9dff3f758b8b4e1037152ef7e5b6803adedacbdb9043,1d000000180000000000000023000000,,,,,False,,,,,,,,,,False,False
/pokeanime/pl_poke_anm.narc,/pokeanime/pl_poke_anm.narc!/member_00109,0,/pokeanime/pl_poke_anm.narc,384,109,,21976,22172,20780,20976,196,0febe576840f0df52fa04fd94425d1d81587dd59dc4bb1b408574455490e0300,1d000000180000000000000023000000,,,,,False,,,,,,,,,,False,False
/pokeanime/pl_poke_anm.narc,/pokeanime/pl_poke_anm.narc!/member_00110,0,/pokeanime/pl_poke_anm.narc,384,110,,22172,22276,20976,21080,104,11a433fe8695f203e9503c441f53551ceee57fd40c0c10a2b60c6abe5aa362ad,140000000b0000001400000008000000,,,,,False,,,,,,,,,,False,False
/pokeanime/pl_poke_anm.narc,/pokeanime/pl_poke_anm.narc!/member_00111,0,/pokeanime/pl_poke_anm.narc,384,111,,22276,22380,21080,21184,104,8a8d31a8e2438bbd9ebe847122e3ee4eeb590b808669421a2f0b90c0348db9ab,140000000b0000001400000008000000,,,,,False,,,,,,,,,,False,False
/pokeanime/pl_poke_anm.narc,/pokeanime/pl_poke_anm.narc!/member_00112,0,/pokeanime/pl_poke_anm.narc,384,112,,22380,22484,21184,21288,104,634407fe4fa59ed13936dc1789c801f47d345d7eaecf2a928d0f125c7f32eee8,140000000b0000001400000008000000,,,,,False,,,,,,,,,,False,False
/pokeanime/pl_poke_anm.narc,/pokeanime/pl_poke_anm.narc!/member_00113,0,/pokeanime/pl_poke_anm.narc,384,113,,22484,22576,21288,21380,92,4d18b5c1e0e57c6e91c40d73b9119f9144a12639a552c263923d45e49e7c5a67,0b000000020000001b00000019000000,,,,,False,,,,,,,,,,False,False
/pokeanime/pl_poke_anm.narc,/pokeanime/pl_poke_anm.narc!/member_00114,0,/pokeanime/pl_poke_anm.narc,384,114,,22576,22656,21380,21460,80,84bd285fad67b040cf13bcc958fd2370c9c4263665ca471f490a62ebad8b66f6,1b00000019000000000000001e000000,,,,,False,,,,,,,,,,False,False
/pokeanime/pl_poke_anm.narc,/pokeanime/pl_poke_anm.narc!/member_00115,0,/pokeanime/pl_poke_anm.narc,384,115,,22656,22736,21460,21540,80,2574a4bb2a5d927eb7a830c42887b497fdbdf25b8cd8a501a743a72bd402b3c9,1b00000019000000000000001e000000,,,,,False,,,,,,,,,,False,False
/pokeanime/pl_poke_anm.narc,/pokeanime/pl_poke_anm.narc!/member_00116,0,/pokeanime/pl_poke_anm.narc,384,116,,22736,22832,21540,21636,96,86691a8da289de15a1e91487460e02c742369da8c02d52dc58ad886b037f4e43,190000001b0000001b00000018000000,,,,,False,,,,,,,,,,False,False
/pokeanime/pl_poke_anm.narc,/pokeanime/pl_poke_anm.narc!/member_00117,0,/pokeanime/pl_poke_anm.narc,384,117,,22832,22928,21636,21732,96,995fe156b9f3148c72b9afe28dfcb3ffbc6bdc051552fe7252567b655ba42863,190000001b0000001b00000018000000,,,,,False,,,,,,,,,,False,False
/pokeanime/pl_poke_anm.narc,/pokeanime/pl_poke_anm.narc!/member_00118,0,/pokeanime/pl_poke_anm.narc,384,118,,22928,23024,21732,21828,96,1ed1a3f96c38acfe6bb66b5e38406792ce52df811f0a9569e64da43d09c7a920,190000001b0000001b00000018000000,,,,,False,,,,,,,,,,False,False
/pokeanime/pl_poke_anm.narc,/pokeanime/pl_poke_anm.narc!/member_00119,0,/pokeanime/pl_poke_anm.narc,384,119,,23024,23192,21828,21996,168,ab806c1207b7f80d5990f7da970bbd0b5c3bfe6f8c0e96361807735311299975,0b000000020000001b00000018000000,,,,,False,,,,,,,,,,False,False
/pokeanime/pl_poke_anm.narc,/pokeanime/pl_poke_anm.narc!/member_00120,0,/pokeanime/pl_poke_anm.narc,384,120,,23192,23348,21996,22152,156,869346e9036948e235e02d108c83795229096fad92f41d939a3f7dd875a9b64c,1b00000018000000000000001e000000,,,,,False,,,,,,,,,,False,False
/pokeanime/pl_poke_anm.narc,/pokeanime/pl_poke_anm.narc!/member_00121,0,/pokeanime/pl_poke_anm.narc,384,121,,23348,23504,22152,22308,156,83b56377ee0086750676726879a326c213c32945cb01f34f82c72ced67fa6ed8,1b00000018000000000000001e000000,,,,,False,,,,,,,,,,False,False
/pokeanime/pl_poke_anm.narc,/pokeanime/pl_poke_anm.narc!/member_00122,0,/pokeanime/pl_poke_anm.narc,384,122,,23504,23824,22308,22628,320,791f6a01bbfc6af24269e54921351292419a019fa4e50c1233bc9f1ef1d6bf7c,0b000000020000001b00000018000000,,,,,False,,,,,,,,,,False,False
/pokeanime/pl_poke_anm.narc,/pokeanime/pl_poke_anm.narc!/member_00123,0,/pokeanime/pl_poke_anm.narc,384,123,,23824,24132,22628,22936,308,f02443be1c79280336151fa08de7a83ff269d85964c305b3fb76f105bb35cc76,1b00000018000000000000001e000000,,,,,False,,,,,,,,,,False,False
/pokeanime/pl_poke_anm.narc,/pokeanime/pl_poke_anm.narc!/member_00124,0,/pokeanime/pl_poke_anm.narc,384,124,,24132,24440,22936,23244,308,96b16c867f89d900f66bd7294ca62cffdbb92e2087ec34aee3347be55212f834,1b00000018000000000000001e000000,,,,,False,,,,,,,,,,False,False
/pokeanime/pl_poke_anm.narc,/pokeanime/pl_poke_anm.narc!/member_00125,0,/pokeanime/pl_poke_anm.narc,384,125,,24440,24536,23244,23340,96,78bf2af4a5c75e50f36cef07d66d7a520499174ebd00ad20136e11669f523f4e,0b000000040000001a00000018000000,,,,,False,,,,,,,,,,False,False
/pokeanime/pl_poke_anm.narc,/pokeanime/pl_poke_anm.narc!/member_00126,0,/pokeanime/pl_poke_anm.narc,384,126,,24536,24632,23340,23436,96,3e3910482a2b1aba6f525eed901fa3f1972ca58d41ec91ff2b37d25c1c3faaf1,0b000000020000001a00000018000000,,,,,False,,,,,,,,,,False,False
/pokeanime/pl_poke_anm.narc,/pokeanime/pl_poke_anm.narc!/member_00127,0,/pokeanime/pl_poke_anm.narc,384,127,,24632,24716,23436,23520,84,17b774eaba651b7189f12defbb9c1a25722a15c95c8e312b7ebb9f3235505c02,1a000000180000000000000020000000,,,,,False,,,,,,,,,,False,False
/pokeanime/pl_poke_anm.narc,/pokeanime/pl_poke_anm.narc!/member_00128,0,/pokeanime/pl_poke_anm.narc,384,128,,24716,24820,23520,23624,104,cbe2a45171fd394c8615dae57159c42e6b3b640cb4fbe6a2f4df9ffda51ea029,140000000b0000001400000006000000,,,,,False,,,,,,,,,,False,False
/pokeanime/pl_poke_anm.narc,/pokeanime/pl_poke_anm.narc!/member_00129,0,/pokeanime/pl_poke_anm.narc,384,129,,24820,24924,23624,23728,104,eeb8266ce30d384737a638cc2813959b73613e1ef07d663da6967a6fa05f1891,140000000b0000001400000006000000,,,,,False,,,,,,,,,,False,False
/pokeanime/pl_poke_anm.narc,/pokeanime/pl_poke_anm.narc!/member_00130,0,/pokeanime/pl_poke_anm.narc,384,130,,24924,25028,23728,23832,104,6a44f30ed6866bb2ef190417ecfb041a76ef8c2c3bf6f5a1ae0a6a4cd20cee6c,140000000b0000001400000004000000,,,,,False,,,,,,,,,,False,False
/pokeanime/pl_poke_anm.narc,/pokeanime/pl_poke_anm.narc!/member_00131,0,/pokeanime/pl_poke_anm.narc,384,131,,25028,25180,23832,23984,152,2b8cfe529eaf340a750eac368e704f4bcc28ac419cdd081fb2d71ca11eabcbf6,0f0000000a00000014000000e0ffffff,,,,,False,,,,,,,,,,False,False
/pokeanime/pl_poke_anm.narc,/pokeanime/pl_poke_anm.narc!/member_00132,0,/pokeanime/pl_poke_anm.narc,384,132,,25180,25332,23984,24136,152,132118d27d93a7c5345e9828c12e91232e396cfd3125db46abf67cf44240bf83,0f0000000a00000014000000e0ffffff,,,,,False,,,,,,,,,,False,False
/pokeanime/pl_poke_anm.narc,/pokeanime/pl_poke_anm.narc!/member_00133,0,/pokeanime/pl_poke_anm.narc,384,133,,25332,25484,24136,24288,152,bdb3ccaeab98d94c03c7e99ef37e64a1627655d41fe9fb59e2793c28e4875801,0f0000000a00000014000000e0ffffff,,,,,False,,,,,,,,,,False,False
/pokeanime/pl_poke_anm.narc,/pokeanime/pl_poke_anm.narc!/member_00134,0,/pokeanime/pl_poke_anm.narc,384,134,,25484,25580,24288,24384,96,0c590a8f9eefecf055c79433f83538860c339e926f2aa08b94fe185db070189a,0b000000020000001a00000018000000,,,,,False,,,,,,,,,,False,False
/pokeanime/pl_poke_anm.narc,/pokeanime/pl_poke_anm.narc!/member_00135,0,/pokeanime/pl_poke_anm.narc,384,135,,25580,25956,24384,24760,376,bb4b6eb018c0e4c039b567d0c46bcf4046478d83623bb9dedf72f01363e5d2f6,1d000000180000000000000023000000,,,,,False,,,,,,,,,,False,False
/pokeanime/pl_poke_anm.narc,/pokeanime/pl_poke_anm.narc!/member_00136,0,/pokeanime/pl_poke_anm.narc,384,136,,25956,26036,24760,24840,80,d83e9631468a700f4e29ed69b54dbf543a5e984f22e3ba03d1a0bf970401e855,1b000000180000000000000020000000,,,,,False,,,,,,,,,,False,False
/pokeanime/pl_poke_anm.narc,/pokeanime/pl_poke_anm.narc!/member_00137,0,/pokeanime/pl_poke_anm.narc,384,137,,26036,26804,24840,25608,768,de3640236529ad91e595245cb6f1875908f75a8ea08e6976bd32f7e20c7bd95b,14000000090000001400000002000000,,,,,False,,,,,,,,,,False,False
/pokeanime/pl_poke_anm.narc,/pokeanime/pl_poke_anm.narc!/member_00138,0,/pokeanime/pl_poke_anm.narc,384,138,,26804,27532,25608,26336,728,e38eff8557587b1eb4a3d6de77017139f6a6b4bc58abbe90cb01ea397fac1a06,1b000000180000000000000020000000,,,,,False,,,,,,,,,,False,False
/pokeanime/pl_poke_anm.narc,/pokeanime/pl_poke_anm.narc!/member_00139,0,/pokeanime/pl_poke_anm.narc,384,139,,27532,27612,26336,26416,80,684e84bf2d10ae3a193e0cfed6ab6617a1e35be48f322f2f191cd7e823a3b971,1b000000180000000000000020000000,,,,,False,,,,,,,,,,False,False
/pokeanime/pl_poke_anm.narc,/pokeanime/pl_poke_anm.narc!/member_00140,0,/pokeanime/pl_poke_anm.narc,384,140,,27612,27692,26416,26496,80,2305ce8122dc4205fa74e4c1baf7a6cdcc40b0fd19e8da09bb6a86e1917c5085,1b000000180000000000000020000000,,,,,False,,,,,,,,,,False,False
/pokeanime/pl_poke_anm.narc,/pokeanime/pl_poke_anm.narc!/member_00141,0,/pokeanime/pl_poke_anm.narc,384,141,,27692,27772,26496,26576,80,9c88c412dd79dbfff63524dca5dd8b1e0177a914b33cccff00a44435819940dd,1b00000018000000000000001e000000,,,,,False,,,,,,,,,,False,False
/pokeanime/pl_poke_anm.narc,/pokeanime/pl_poke_anm.narc!/member_00142,0,/pokeanime/pl_poke_anm.narc,384,142,,27772,28500,26576,27304,728,9cd26724e4a0500b0c695c7b64679a21c15848340831e869745374a9af4c44a1,1b000000180000000000000020000000,,,,,False,,,,,,,,,,False,False
/pokeanime/poke_anm.narc,/pokeanime/poke_anm.narc!/member_00000,0,/pokeanime/poke_anm.narc,385,0,,1124,1256,0,132,132,6b143942071b4a09711ae8f64ca3717fc2e8b0e56f5928ee9fa20180d7fc1873,190000001b0000001b00000018000000,,,,,False,,,,,,,,,,False,False
/pokeanime/poke_anm.narc,/pokeanime/poke_anm.narc!/member_00001,0,/pokeanime/poke_anm.narc,385,1,,1256,1300,132,176,44,dbc50d59bb9a28c09e8a49f0de7b31b789a6e286bf85debd913370162c643d55,1a00000018000000000000001e000000,,,,,False,,,,,,,,,,False,False
/pokeanime/poke_anm.narc,/pokeanime/poke_anm.narc!/member_00002,0,/pokeanime/poke_anm.narc,385,2,,1300,1396,176,272,96,2c9d5d53ae267539c41a60ca53efe78bf5c4a2912dc732119befd14920ea2c6f,190000001d0000001b00000018000000,,,,,False,,,,,,,,,,False,False
/pokeanime/poke_anm.narc,/pokeanime/poke_anm.narc!/member_00003,0,/pokeanime/poke_anm.narc,385,3,,1396,1676,272,552,280,82125b6b1121b8910cca8e621a6a5f986d4308da33917f1a5a2d61364205ec55,0400000000000000000000000b000000,,,,,False,,,,,,,,,,False,False
/pokeanime/poke_anm.narc,/pokeanime/poke_anm.narc!/member_00004,0,/pokeanime/poke_anm.narc,385,4,,1676,1808,552,684,132,da571814f202aae2b085e33e5813f1cff372c7dc4a550c19197faed56925f7c3,190000001b0000001b00000018000000,,,,,False,,,,,,,,,,False,False
/pokeanime/poke_anm.narc,/pokeanime/poke_anm.narc!/member_00005,0,/pokeanime/poke_anm.narc,385,5,,1808,1852,684,728,44,08c161287eae41171376ff3c147bd18aeb18b636a73bc4873b2a9b6627d8f213,1a00000018000000000000001e000000,,,,,False,,,,,,,,,,False,False
/pokeanime/poke_anm.narc,/pokeanime/poke_anm.narc!/member_00006,0,/pokeanime/poke_anm.narc,385,6,,1852,1948,728,824,96,21cc97a846057862db1be5c1f6019e96c12c8c8507033655da0736c79c152cb0,0b000000020000001a00000018000000,,,,,False,,,,,,,,,,False,False
/pokeanime/poke_anm.narc,/pokeanime/poke_anm.narc!/member_00007,0,/pokeanime/poke_anm.narc,385,7,,1948,2324,824,1200,376,13366fb628bc4a76c9578b750d84a66d29a4a726c7acb6ab7b94a99a83eb0bad,1d000000180000000000000023000000,,,,,False,,,,,,,,,,False,False
/pokeanime/poke_anm.narc,/pokeanime/poke_anm.narc!/member_00008,0,/pokeanime/poke_anm.narc,385,8,,2324,2368,1200,1244,44,c241deea641d07478bdaffc594cc74dafa38ce3edce543c0255830765ddf6486,1b000000180000000000000020000000,,,,,False,,,,,,,,,,False,False
/pokeanime/poke_anm.narc,/pokeanime/poke_anm.narc!/member_00009,0,/pokeanime/poke_anm.narc,385,9,,2368,2448,1244,1324,80,6adb9e38d6d8b6a8ebc512b71ab36d8267941c9cd7cca41866fb0f185decf2f5,1b000000180000000000000020000000,,,,,False,,,,,,,,,,False,False
/pokeanime/poke_anm.narc,/pokeanime/poke_anm.narc!/member_00010,0,/pokeanime/poke_anm.narc,385,10,,2448,3176,1324,2052,728,34ab046145a7e3b22d0bc79eb52c78471b2a35f85f9ffeb5973b01a38523ede4,1b000000180000000000000020000000,,,,,False,,,,,,,,,,False,False
/pokeanime/poke_anm.narc,/pokeanime/poke_anm.narc!/member_00011,0,/pokeanime/poke_anm.narc,385,11,,3176,3568,2052,2444,392,7c416d09330c7ccb19e5065b9c99855720b0e2e288e632cb50e877478510299c,1d000000180000000000000023000000,,,,,False,,,,,,,,,,False,False
/pokeanime/poke_anm.narc,/pokeanime/poke_anm.narc!/member_00012,0,/pokeanime/poke_anm.narc,385,12,,3568,4296,2444,3172,728,a051c0d20c7ac05e2d744b2be1ee66c74210dc63ee0631d523d0674b65023d29,1b000000180000000000000020000000,,,,,False,,,,,,,,,,False,False
/pokeanime/poke_anm.narc,/pokeanime/poke_anm.narc!/member_00013,0,/pokeanime/poke_anm.narc,385,13,,4296,4376,3172,3252,80,6f9114f2ce988b8f8c6e04155f9e32d333178bdc89425fdd1f8dd3b1f83e34b4,1b000000180000000000000020000000,,,,,False,,,,,,,,,,False,False
/pokeanime/poke_anm.narc,/pokeanime/poke_anm.narc!/member_00014,0,/pokeanime/poke_anm.narc,385,14,,4376,4788,3252,3664,412,61f165d8f7afe7660466e2df3a94c2102d98973d5e4daf5a5a57ea2a70f9213e,04000000000000000000000004000000,,,,,False,,,,,,,,,,False,False
/pokeanime/poke_anm.narc,/pokeanime/poke_anm.narc!/member_00015,0,/pokeanime/poke_anm.narc,385,15,,4788,4936,3664,3812,148,6e17715dc258e621bac927ea66646d5ebc2886532cc333d54021a77e32ce58d6,04000000010000000000000004000000,,,,,False,,,,,,,,,,False,False
/pokeanime/poke_anm.narc,/pokeanime/poke_anm.narc!/member_00016,0,/pokeanime/poke_anm.narc,385,16,,4936,4980,3812,3856,44,94bc969842b69ddb422ee819b39ee1d22bade846a3c30f2219145b12fe46d6b2,1b000000180000000000000020000000,,,,,False,,,,,,,,,,False,False
/pokeanime/poke_anm.narc,/pokeanime/poke_anm.narc!/member_00017,0,/pokeanime/poke_anm.narc,385,17,,4980,5060,3856,3936,80,ec3885fb610cf16c704d8eaef1d14c747fb63c5b1c763455bb8ce31eed396f58,1b000000180000000000000020000000,,,,,False,,,,,,,,,,False,False
/pokeanime/poke_anm.narc,/pokeanime/poke_anm.narc!/member_00018,0,/pokeanime/poke_anm.narc,385,18,,5060,5140,3936,4016,80,94aabd4325039bd74073621ec75feb2d11b409c9a2ebf72e9f10a3bb7ce31034,1b00000018000000000000001e000000,,,,,False,,,,,,,,,,False,False
/pokeanime/poke_anm.narc,/pokeanime/poke_anm.narc!/member_00019,0,/pokeanime/poke_anm.narc,385,19,,5140,5332,4016,4208,192,0d5c6217febc5f54905650506b281dea9a09d3aaaa173120e1fde15c6f9b06e9,1f000000030000002000000010000000,,,,,False,,,,,,,,,,False,False
/pokeanime/poke_anm.narc,/pokeanime/poke_anm.narc!/member_00020,0,/pokeanime/poke_anm.narc,385,20,,5332,5412,4208,4288,80,7288e9fe92585dd30c47996e9f812046507fee8c61527fead96f2eb3c33ce0bd,1b000000180000000000000021000000,,,,,False,,,,,,,,,,False,False
/pokeanime/poke_anm.narc,/pokeanime/poke_anm.narc!/member_00021,0,/pokeanime/poke_anm.narc,385,21,,5412,5508,4288,4384,96,995fe156b9f3148c72b9afe28dfcb3ffbc6bdc051552fe7252567b655ba42863,190000001b0000001b00000018000000,,,,,False,,,,,,,,,,False,False
/pokeanime/poke_anm.narc,/pokeanime/poke_anm.narc!/member_00022,0,/pokeanime/poke_anm.narc,385,22,,5508,5588,4384,4464,80,f445cf5d4ed1baeca12d2377b5ba55772504ef8f5f390fa51d8837a5dce2952f,1b00000018000000000000001e000000,,,,,False,,,,,,,,,,False,False
/pokeanime/poke_anm.narc,/pokeanime/poke_anm.narc!/member_00023,0,/pokeanime/poke_anm.narc,385,23,,5588,6316,4464,5192,728,2d08b7b245422c06c7b7dae0f959643d91e024eefc10585a8ff845a3179d6539,1b000000180000000000000020000000,,,,,False,,,,,,,,,,False,False
/pokeanime/poke_anm.narc,/pokeanime/poke_anm.narc!/member_00024,0,/pokeanime/poke_anm.narc,385,24,,6316,6448,5192,5324,132,6b143942071b4a09711ae8f64ca3717fc2e8b0e56f5928ee9fa20180d7fc1873,190000001b0000001b00000018000000,,,,,False,,,,,,,,,,False,False
/pokeanime/poke_anm.narc,/pokeanime/poke_anm.narc!/member_00025,0,/pokeanime/poke_anm.narc,385,25,,6448,6580,5324,5456,132,6b143942071b4a09711ae8f64ca3717fc2e8b0e56f5928ee9fa20180d7fc1873,190000001b0000001b00000018000000,,,,,False,,,,,,,,,,False,False
/pokeanime/poke_anm.narc,/pokeanime/poke_anm.narc!/member_00026,0,/pokeanime/poke_anm.narc,385,26,,6580,6712,5456,5588,132,6b143942071b4a09711ae8f64ca3717fc2e8b0e56f5928ee9fa20180d7fc1873,190000001b0000001b00000018000000,,,,,False,,,,,,,,,,False,False
/pokeanime/poke_anm.narc,/pokeanime/poke_anm.narc!/member_00027,0,/pokeanime/poke_anm.narc,385,27,,6712,6844,5588,5720,132,6b143942071b4a09711ae8f64ca3717fc2e8b0e56f5928ee9fa20180d7fc1873,190000001b0000001b00000018000000,,,,,False,,,,,,,,,,False,False
/pokeanime/poke_anm.narc,/pokeanime/poke_anm.narc!/member_00028,0,/pokeanime/poke_anm.narc,385,28,,6844,6976,5720,5852,132,6b143942071b4a09711ae8f64ca3717fc2e8b0e56f5928ee9fa20180d7fc1873,190000001b0000001b00000018000000,,,,,False,,,,,,,,,,False,False
/pokeanime/poke_anm.narc,/pokeanime/poke_anm.narc!/member_00029,0,/pokeanime/poke_anm.narc,385,29,,6976,7108,5852,5984,132,6b143942071b4a09711ae8f64ca3717fc2e8b0e56f5928ee9fa20180d7fc1873,190000001b0000001b00000018000000,,,,,False,,,,,,,,,,False,False
/pokeanime/poke_anm.narc,/pokeanime/poke_anm.narc!/member_00030,0,/pokeanime/poke_anm.narc,385,30,,7108,7240,5984,6116,132,6b143942071b4a09711ae8f64ca3717fc2e8b0e56f5928ee9fa20180d7fc1873,190000001b0000001b00000018000000,,,,,False,,,,,,,,,,False,False
/pokeanime/poke_anm.narc,/pokeanime/poke_anm.narc!/member_00031,0,/pokeanime/poke_anm.narc,385,31,,7240,7372,6116,6248,132,6b143942071b4a09711ae8f64ca3717fc2e8b0e56f5928ee9fa20180d7fc1873,190000001b0000001b00000018000000,,,,,False,,,,,,,,,,False,False
/pokeanime/poke_anm.narc,/pokeanime/poke_anm.narc!/member_00032,0,/pokeanime/poke_anm.narc,385,32,,7372,7504,6248,6380,132,6b143942071b4a09711ae8f64ca3717fc2e8b0e56f5928ee9fa20180d7fc1873,190000001b0000001b00000018000000,,,,,False,,,,,,,,,,False,False
/pokeanime/poke_anm.narc,/pokeanime/poke_anm.narc!/member_00033,0,/pokeanime/poke_anm.narc,385,33,,7504,7636,6380,6512,132,6b143942071b4a09711ae8f64ca3717fc2e8b0e56f5928ee9fa20180d7fc1873,190000001b0000001b00000018000000,,,,,False,,,,,,,,,,False,False
/pokeanime/poke_anm.narc,/pokeanime/poke_anm.narc!/member_00034,0,/pokeanime/poke_anm.narc,385,34,,7636,7768,6512,6644,132,6b143942071b4a09711ae8f64ca3717fc2e8b0e56f5928ee9fa20180d7fc1873,190000001b0000001b00000018000000,,,,,False,,,,,,,,,,False,False
/pokeanime/poke_anm.narc,/pokeanime/poke_anm.narc!/member_00035,0,/pokeanime/poke_anm.narc,385,35,,7768,7900,6644,6776,132,6b143942071b4a09711ae8f64ca3717fc2e8b0e56f5928ee9fa20180d7fc1873,190000001b0000001b00000018000000,,,,,False,,,,,,,,,,False,False
/pokeanime/poke_anm.narc,/pokeanime/poke_anm.narc!/member_00036,0,/pokeanime/poke_anm.narc,385,36,,7900,8032,6776,6908,132,6b143942071b4a09711ae8f64ca3717fc2e8b0e56f5928ee9fa20180d7fc1873,190000001b0000001b00000018000000,,,,,False,,,,,,,,,,False,False
/pokeanime/poke_anm.narc,/pokeanime/poke_anm.narc!/member_00037,0,/pokeanime/poke_anm.narc,385,37,,8032,8164,6908,7040,132,6b143942071b4a09711ae8f64ca3717fc2e8b0e56f5928ee9fa20180d7fc1873,190000001b0000001b00000018000000,,,,,False,,,,,,,,,,False,False
/pokeanime/poke_anm.narc,/pokeanime/poke_anm.narc!/member_00038,0,/pokeanime/poke_anm.narc,385,38,,8164,8296,7040,7172,132,6b143942071b4a09711ae8f64ca3717fc2e8b0e56f5928ee9fa20180d7fc1873,190000001b0000001b00000018000000,,,,,False,,,,,,,,,,False,False
/pokeanime/poke_anm.narc,/pokeanime/poke_anm.narc!/member_00039,0,/pokeanime/poke_anm.narc,385,39,,8296,8428,7172,7304,132,6b143942071b4a09711ae8f64ca3717fc2e8b0e56f5928ee9fa20180d7fc1873,190000001b0000001b00000018000000,,,,,False,,,,,,,,,,False,False
/pokeanime/poke_anm.narc,/pokeanime/poke_anm.narc!/member_00040,0,/pokeanime/poke_anm.narc,385,40,,8428,8560,7304,7436,132,6b143942071b4a09711ae8f64ca3717fc2e8b0e56f5928ee9fa20180d7fc1873,190000001b0000001b00000018000000,,,,,False,,,,,,,,,,False,False
/pokeanime/poke_anm.narc,/pokeanime/poke_anm.narc!/member_00041,0,/pokeanime/poke_anm.narc,385,41,,8560,8692,7436,7568,132,6b143942071b4a09711ae8f64ca3717fc2e8b0e56f5928ee9fa20180d7fc1873,190000001b0000001b00000018000000,,,,,False,,,,,,,,,,False,False
/pokeanime/poke_anm.narc,/pokeanime/poke_anm.narc!/member_00042,0,/pokeanime/poke_anm.narc,385,42,,8692,8824,7568,7700,132,6b143942071b4a09711ae8f64ca3717fc2e8b0e56f5928ee9fa20180d7fc1873,190000001b0000001b00000018000000,,,,,False,,,,,,,,,,False,False
/pokeanime/poke_anm.narc,/pokeanime/poke_anm.narc!/member_00043,0,/pokeanime/poke_anm.narc,385,43,,8824,8956,7700,7832,132,6b143942071b4a09711ae8f64ca3717fc2e8b0e56f5928ee9fa20180d7fc1873,190000001b0000001b00000018000000,,,,,False,,,,,,,,,,False,False
/pokeanime/poke_anm.narc,/pokeanime/poke_anm.narc!/member_00044,0,/pokeanime/poke_anm.narc,385,44,,8956,9088,7832,7964,132,6b143942071b4a09711ae8f64ca3717fc2e8b0e56f5928ee9fa20180d7fc1873,190000001b0000001b00000018000000,,,,,False,,,,,,,,,,False,False
/pokeanime/poke_anm.narc,/pokeanime/poke_anm.narc!/member_00045,0,/pokeanime/poke_anm.narc,385,45,,9088,9220,7964,8096,132,6b143942071b4a09711ae8f64ca3717fc2e8b0e56f5928ee9fa20180d7fc1873,190000001b0000001b00000018000000,,,,,False,,,,,,,,,,False,False
/pokeanime/poke_anm.narc,/pokeanime/poke_anm.narc!/member_00046,0,/pokeanime/poke_anm.narc,385,46,,9220,9352,8096,8228,132,6b143942071b4a09711ae8f64ca3717fc2e8b0e56f5928ee9fa20180d7fc1873,190000001b0000001b00000018000000,,,,,False,,,,,,,,,,False,False
/pokeanime/poke_anm.narc,/pokeanime/poke_anm.narc!/member_00047,0,/pokeanime/poke_anm.narc,385,47,,9352,9484,8228,8360,132,6b143942071b4a09711ae8f64ca3717fc2e8b0e56f5928ee9fa20180d7fc1873,190000001b0000001b00000018000000,,,,,False,,,,,,,,,,False,False
/pokeanime/poke_anm.narc,/pokeanime/poke_anm.narc!/member_00048,0,/pokeanime/poke_anm.narc,385,48,,9484,9616,8360,8492,132,6b143942071b4a09711ae8f64ca3717fc2e8b0e56f5928ee9fa20180d7fc1873,190000001b0000001b00000018000000,,,,,False,,,,,,,,,,False,False
/pokeanime/poke_anm.narc,/pokeanime/poke_anm.narc!/member_00049,0,/pokeanime/poke_anm.narc,385,49,,9616,9748,8492,8624,132,6b143942071b4a09711ae8f64ca3717fc2e8b0e56f5928ee9fa20180d7fc1873,190000001b0000001b00000018000000,,,,,False,,,,,,,,,,False,False
/pokeanime/poke_anm.narc,/pokeanime/poke_anm.narc!/member_00050,0,/pokeanime/poke_anm.narc,385,50,,9748,9896,8624,8772,148,e183392b998ff6f80653f21ad216de9e89068108fb3e5ec16e4bd460dfbee675,04000000010000000000000004000000,,,,,False,,,,,,,,,,False,False
/pokeanime/poke_anm.narc,/pokeanime/poke_anm.narc!/member_00051,0,/pokeanime/poke_anm.narc,385,51,,9896,10044,8772,8920,148,43907e9d76355f6bb54ddd0ba09efa17eed03279a5a340bd8bd6bde6c40ed068,04000000010000000000000004000000,,,,,False,,,,,,,,,,False,False
/pokeanime/poke_anm.narc,/pokeanime/poke_anm.narc!/member_00052,0,/pokeanime/poke_anm.narc,385,52,,10044,10192,8920,9068,148,6e17715dc258e621bac927ea66646d5ebc2886532cc333d54021a77e32ce58d6,04000000010000000000000004000000,,,,,False,,,,,,,,,,False,False
/pokeanime/poke_anm.narc,/pokeanime/poke_anm.narc!/member_00053,0,/pokeanime/poke_anm.narc,385,53,,10192,10236,9068,9112,44,6dbb56e69f030dbeffdc933d64cf73587050008fc230a244a4430d3d2135c3d9,1b00000018000000000000001e000000,,,,,False,,,,,,,,,,False,False
/pokeanime/poke_anm.narc,/pokeanime/poke_anm.narc!/member_00054,0,/pokeanime/poke_anm.narc,385,54,,10236,10280,9112,9156,44,9f76e1cea6d7913dc58a6aac2fcaa9f12362a667419bcae3e04bf76cd9ec9646,1b00000018000000000000001e000000,,,,,False,,,,,,,,,,False,False
/pokeanime/poke_anm.narc,/pokeanime/poke_anm.narc!/member_00055,0,/pokeanime/poke_anm.narc,385,55,,10280,10324,9156,9200,44,160320ee9a04d3e4d3908c7a233a802dc80cb913c7942c70e42389dd81ec52d8,1b00000018000000000000001e000000,,,,,False,,,,,,,,,,False,False
/pokeanime/poke_anm.narc,/pokeanime/poke_anm.narc!/member_00056,0,/pokeanime/poke_anm.narc,385,56,,10324,10368,9200,9244,44,6f620d3984b93140056ced5ead8cf289eaca52af6281bf116cbe93db2f138d3b,1b000000180000000000000020000000,,,,,False,,,,,,,,,,False,False
/pokeanime/poke_anm.narc,/pokeanime/poke_anm.narc!/member_00057,0,/pokeanime/poke_anm.narc,385,57,,10368,10412,9244,9288,44,4fe1f4b442b8d26279acff0ca8ee5442e25eb6c13e70cbc85c205b833a0817ba,1b00000018000000000000001e000000,,,,,False,,,,,,,,,,False,False
/pokeanime/poke_anm.narc,/pokeanime/poke_anm.narc!/member_00058,0,/pokeanime/poke_anm.narc,385,58,,10412,10456,9288,9332,44,2786c66ecd9d6a998a806eca265c1db858ba5909cdc1bc117b3ab2c72e139ecf,1b00000018000000000000001e000000,,,,,False,,,,,,,,,,False,False
/pokeanime/poke_anm.narc,/pokeanime/poke_anm.narc!/member_00059,0,/pokeanime/poke_anm.narc,385,59,,10456,10500,9332,9376,44,2011e4604e18371a6bf4ca9a21ed399e4be1982b796fbe0f689efaf2804e16ba,1b00000018000000000000001e000000,,,,,False,,,,,,,,,,False,False
/pokeanime/poke_anm.narc,/pokeanime/poke_anm.narc!/member_00060,0,/pokeanime/poke_anm.narc,385,60,,10500,10544,9376,9420,44,25ae98100ffd435179e977340c2acba1c0eab3e086305ce0251fae19448f6ee9,1b00000018000000000000001e000000,,,,,False,,,,,,,,,,False,False
/pokeanime/poke_anm.narc,/pokeanime/poke_anm.narc!/member_00061,0,/pokeanime/poke_anm.narc,385,61,,10544,10588,9420,9464,44,4e8520afa99a8144ebae9dc634d45a1f3c85a71ccc8f330fc0de865e9854b761,1b00000018000000000000001e000000,,,,,False,,,,,,,,,,False,False
/pokeanime/poke_anm.narc,/pokeanime/poke_anm.narc!/member_00062,0,/pokeanime/poke_anm.narc,385,62,,10588,10680,9464,9556,92,8cfdfea5ae9f3954dfd0fbbe1eefe1a59a073542bb6bf74f29df691b8847f1eb,0b000000020000001b00000018000000,,,,,False,,,,,,,,,,False,False
/pokeanime/poke_anm.narc,/pokeanime/poke_anm.narc!/member_00063,0,/pokeanime/poke_anm.narc,385,63,,10680,10760,9556,9636,80,d4527edbe207ec0d1202e43e5295783c06b020bf162b40768cbea30691be5964,1b00000018000000000000001e000000,,,,,False,,,,,,,,,,False,False
/pokeanime/poke_anm.narc,/pokeanime/poke_anm.narc!/member_00064,0,/pokeanime/poke_anm.narc,385,64,,10760,10840,9636,9716,80,27a39cf1b469ba8e10c9e4c20bbc7b76132ca898f5f24783e78500730be5231f,1b00000018000000000000001e000000,,,,,False,,,,,,,,,,False,False
/pokeanime/poke_anm.narc,/pokeanime/poke_anm.narc!/member_00065,0,/pokeanime/poke_anm.narc,385,65,,10840,10932,9716,9808,92,741da87e2b059825483bdeff965498ca14a8f3e777969f6102c4c5f4bc382fa6,0b000000020000001b00000018000000,,,,,False,,,,,,,,,,False,False
/pokeanime/poke_anm.narc,/pokeanime/poke_anm.narc!/member_00066,0,/pokeanime/poke_anm.narc,385,66,,10932,11012,9808,9888,80,e5375fa96b7f7265c54b89a8f0802c909c04df2f1ee050feb4f35292c1ad36c9,1b00000018000000000000001e000000,,,,,False,,,,,,,,,,False,False
/pokeanime/poke_anm.narc,/pokeanime/poke_anm.narc!/member_00067,0,/pokeanime/poke_anm.narc,385,67,,11012,11092,9888,9968,80,2804ac8149e0210b4134abf0197a098ce645e973c9d2ef7e563a53d7cc89fd23,1b00000018000000000000001e000000,,,,,False,,,,,,,,,,False,False
/pokeanime/poke_anm.narc,/pokeanime/poke_anm.narc!/member_00068,0,/pokeanime/poke_anm.narc,385,68,,11092,11256,9968,10132,164,630fd65ca3b89bcc56486b1f759ba2ca214b042c3d3646b84ea966e80af277e2,0b000000020000001b00000018000000,,,,,False,,,,,,,,,,False,False
/pokeanime/poke_anm.narc,/pokeanime/poke_anm.narc!/member_00069,0,/pokeanime/poke_anm.narc,385,69,,11256,11408,10132,10284,152,9bf1adeeff18b0bebe06a6e6c4e354557195a2a325a338bf3c469c4b13a245a5,1b00000018000000000000001e000000,,,,,False,,,,,,,,,,False,False
/pokeanime/poke_anm.narc,/pokeanime/poke_anm.narc!/member_00070,0,/pokeanime/poke_anm.narc,385,70,,11408,11560,10284,10436,152,b1b7b51f707516ce20ae0690324b55360d4ac48acd08e8d008d1ff3b486231ed,1b00000018000000000000001e000000,,,,,False,,,,,,,,,,False,False
/pokeanime/poke_anm.narc,/pokeanime/poke_anm.narc!/member_00071,0,/pokeanime/poke_anm.narc,385,71,,11560,11972,10436,10848,412,95b62d44b065f42552bb40ada917596613ac36edcc079dcb2fdf0a97e2b42f1b,04000000000000000000000004000000,,,,,False,,,,,,,,,,False,False
/pokeanime/poke_anm.narc,/pokeanime/poke_anm.narc!/member_00072,0,/pokeanime/poke_anm.narc,385,72,,11972,12384,10848,11260,412,62f8050a1410694028aff94a899aee5520802e137cf258b6bfd6f3c4fe4efd5f,04000000000000000000000004000000,,,,,False,,,,,,,,,,False,False
/pokeanime/poke_anm.narc,/pokeanime/poke_anm.narc!/member_00073,0,/pokeanime/poke_anm.narc,385,73,,12384,12796,11260,11672,412,dbe7ef18e2d7e9beed3a5b89430beee0a98b7f29d979a9f195845e71e34ae3c1,04000000000000000000000004000000,,,,,False,,,,,,,,,,False,False
/pokeanime/poke_anm.narc,/pokeanime/poke_anm.narc!/member_00074,0,/pokeanime/poke_anm.narc,385,74,,12796,13216,11672,12092,420,72da1ec03b9f5e70b4cf45d76cd5963df92b6081c0fc3bed3818a2fafe7543ae,0b000000020000001c00000018000000,,,,,False,,,,,,,,,,False,False
/pokeanime/poke_anm.narc,/pokeanime/poke_anm.narc!/member_00075,0,/pokeanime/poke_anm.narc,385,75,,13216,13624,12092,12500,408,41d9c58fa940e50e8c214b3138a312450244f7363e0ff87241306272598c0e94,1c000000180000000000000023000000,,,,,False,,,,,,,,,,False,False
/pokeanime/poke_anm.narc,/pokeanime/poke_anm.narc!/member_00076,0,/pokeanime/poke_anm.narc,385,76,,13624,14032,12500,12908,408,6f3e62b6740b204cfc2b71816fe2873ad5a8226af4d8d7f726dc5cd81c2fd5bc,1c000000180000000000000023000000,,,,,False,,,,,,,,,,False,False
/pokeanime/poke_anm.narc,/pokeanime/poke_anm.narc!/member_00077,0,/pokeanime/poke_anm.narc,385,77,,14032,14448,12908,13324,416,a668836feba7004d2d9d721fb9db42cc7181615c2978c6e2914f28732f34b2e6,0b00000002000000140000000b000000,,,,,False,,,,,,,,,,False,False
/pokeanime/poke_anm.narc,/pokeanime/poke_anm.narc!/member_00078,0,/pokeanime/poke_anm.narc,385,78,,14448,14852,13324,13728,404,0c5988a38557d4da319311e642efd93c15ec41acef085269d0049a9b57a1ef16,140000000b000000140000000c000000,,,,,False,,,,,,,,,,False,False
/pokeanime/poke_anm.narc,/pokeanime/poke_anm.narc!/member_00079,0,/pokeanime/poke_anm.narc,385,79,,14852,15256,13728,14132,404,7be14d9c9acb92610b2daa02ec2ea96b9be0b5521135da2c2f5fd783b9d151f6,140000000b000000140000000c000000,,,,,False,,,,,,,,,,False,False
/pokeanime/poke_anm.narc,/pokeanime/poke_anm.narc!/member_00080,0,/pokeanime/poke_anm.narc,385,80,,15256,15672,14132,14548,416,1f752c2021b9afa02d53c1a71e53eed13d4948f08bf34ee647794b9e73ce3161,0b00000002000000140000000b000000,,,,,False,,,,,,,,,,False,False
/pokeanime/poke_anm.narc,/pokeanime/poke_anm.narc!/member_00081,0,/pokeanime/poke_anm.narc,385,81,,15672,16076,14548,14952,404,acc903a074b991baa415be548fc1268513978b1583d838f9cea194a0de9d8bfb,140000000b0000001400000006000000,,,,,False,,,,,,,,,,False,False
/pokeanime/poke_anm.narc,/pokeanime/poke_anm.narc!/member_00082,0,/pokeanime/poke_anm.narc,385,82,,16076,16480,14952,15356,404,1549f5a9af06fe20649bdf504567912f34c1ed2b2545dd610d8573b6aef1ee72,140000000b0000001400000006000000,,,,,False,,,,,,,,,,False,False
/pokeanime/poke_anm.narc,/pokeanime/poke_anm.narc!/member_00083,0,/pokeanime/poke_anm.narc,385,83,,16480,16940,15356,15816,460,70210e210aeb2c6b60339c58ad9f2cb8b95e764738fcaa94a11c80914bf4f93c,1b000000180000000000000020000000,,,,,False,,,,,,,,,,False,False
/pokeanime/poke_anm.narc,/pokeanime/poke_anm.narc!/member_00084,0,/pokeanime/poke_anm.narc,385,84,,16940,17248,15816,16124,308,9b54a035d846960f42c18e7c5f805717104ad7e780c959a7722640005192800b,1b000000180000000000000020000000,,,,,False,,,,,,,,,,False,False
/pokeanime/poke_anm.narc,/pokeanime/poke_anm.narc!/member_00085,0,/pokeanime/poke_anm.narc,385,85,,17248,17556,16124,16432,308,251afb2d92c2e703c0eafd22868aa471f3aaa4fe3e2e4c9b0b60ead0cc3c2824,1b000000180000000000000020000000,,,,,False,,,,,,,,,,False,False
/pokeanime/poke_anm.narc,/pokeanime/poke_anm.narc!/member_00086,0,/pokeanime/poke_anm.narc,385,86,,17556,17632,16432,16508,76,29fed765545dcca90e353523faa14490a563b1e513a6328afb9225072eb5e32c,0f0000000a00000014000000e0ffffff,,,,,False,,,,,,,,,,False,False
/pokeanime/poke_anm.narc,/pokeanime/poke_anm.narc!/member_00087,0,/pokeanime/poke_anm.narc,385,87,,17632,17696,16508,16572,64,3eee0586b892f11c3e5535f8463ed815dcd4b83021cccdb5b78a36147ad6211e,0f0000000a00000014000000e0ffffff,,,,,False,,,,,,,,,,False,False
/pokeanime/poke_anm.narc,/pokeanime/poke_anm.narc!/member_00088,0,/pokeanime/poke_anm.narc,385,88,,17696,17760,16572,16636,64,6d956559223b31d935c61adb8ce1c15879826782ea186ad92251050337e71c3c,0f0000000a00000014000000e0ffffff,,,,,False,,,,,,,,,,False,False
/pokeanime/poke_anm.narc,/pokeanime/poke_anm.narc!/member_00089,0,/pokeanime/poke_anm.narc,385,89,,17760,18040,16636,16916,280,f6ba96ded35e7abe09d5b56c3b8d210a85404cfc64f3f8c951397355d3b9fe17,0400000000000000000000000b000000,,,,,False,,,,,,,,,,False,False
/pokeanime/poke_anm.narc,/pokeanime/poke_anm.narc!/member_00090,0,/pokeanime/poke_anm.narc,385,90,,18040,18320,16916,17196,280,2ccbb4ff4c325afd867d15c5c8b55073002a09fb1cf05448824099675925d3a7,0400000000000000000000000b000000,,,,,False,,,,,,,,,,False,False
/pokeanime/poke_anm.narc,/pokeanime/poke_anm.narc!/member_00091,0,/pokeanime/poke_anm.narc,385,91,,18320,18600,17196,17476,280,82125b6b1121b8910cca8e621a6a5f986d4308da33917f1a5a2d61364205ec55,0400000000000000000000000b000000,,,,,False,,,,,,,,,,False,False
/pokeanime/poke_anm.narc,/pokeanime/poke_anm.narc!/member_00092,0,/pokeanime/poke_anm.narc,385,92,,18600,18820,17476,17696,220,2e7ecc4ed4a908346d22333858e0b154c8cf9f5b75559616159d137cf99af0b6,1e000000180000000000000023000000,,,,,False,,,,,,,,,,False,False
/pokeanime/poke_anm.narc,/pokeanime/poke_anm.narc!/member_00093,0,/pokeanime/poke_anm.narc,385,93,,18820,19040,17696,17916,220,13873730b87c1f1d291d83838bf72243e10e3998efdf9d9037497e99a40a60d4,1e000000180000000000000023000000,,,,,False,,,,,,,,,,False,False
/pokeanime/poke_anm.narc,/pokeanime/poke_anm.narc!/member_00094,0,/pokeanime/poke_anm.narc,385,94,,19040,19260,17916,18136,220,b26c9f0746174a6df6a2a4c3d3a065699ce557c5c2ee3f7530d81cc7a6cd8b2c,1e000000180000000000000023000000,,,,,False,,,,,,,,,,False,False
/pokeanime/poke_anm.narc,/pokeanime/poke_anm.narc!/member_00095,0,/pokeanime/poke_anm.narc,385,95,,19260,19352,18136,18228,92,b5c817dafa1cb0990528c82885032ae61c6040f4f01c5c704570a4adb24ca10c,20000000000000000c00000000000000,,Nintendo Huffman,Probable,,True,Nintendo Huffman,Probable,False,0,,,,,,False,False
/pokeanime/poke_anm.narc,/pokeanime/poke_anm.narc!/member_00096,0,/pokeanime/poke_anm.narc,385,96,,19352,19444,18228,18320,92,27221e4423b51ab9844b04f78af91d33d251e2d0a3ac46f60cd683252fae99d5,20000000000000000c00000000000000,,Nintendo Huffman,Probable,,True,Nintendo Huffman,Probable,False,0,,,,,,False,False
/pokeanime/poke_anm.narc,/pokeanime/poke_anm.narc!/member_00097,0,/pokeanime/poke_anm.narc,385,97,,19444,19536,18320,18412,92,59f21f7453987ee1a1638ccebcaa9b5edf32f433e7630924e23ea78d813fca2b,20000000000000000c00000000000000,,Nintendo Huffman,Probable,,True,Nintendo Huffman,Probable,False,0,,,,,,False,False
/pokeanime/poke_anm.narc,/pokeanime/poke_anm.narc!/member_00098,0,/pokeanime/poke_anm.narc,385,98,,19536,19628,18412,18504,92,79e7aea2c7faa98d20570f291eca87efc0c33f60e7c5f2abcaec864ce4171236,20000000000000000c00000000000000,,Nintendo Huffman,Probable,,True,Nintendo Huffman,Probable,False,0,,,,,,False,False
/pokeanime/poke_anm.narc,/pokeanime/poke_anm.narc!/member_00099,0,/pokeanime/poke_anm.narc,385,99,,19628,19720,18504,18596,92,5a6e6f62386b605900ef5559391f91ddf76837b5f56b25ba2a492a215b98c595,20000000000000000c00000000000000,,Nintendo Huffman,Probable,,True,Nintendo Huffman,Probable,False,0,,,,,,False,False
/pokeanime/poke_anm.narc,/pokeanime/poke_anm.narc!/member_00100,0,/pokeanime/poke_anm.narc,385,100,,19720,19812,18596,18688,92,2702c8dbf0c37b6bf5b4cbc484d37fa5436e1c00585cf8d31a0778cdf837f366,20000000000000000c00000000000000,,Nintendo Huffman,Probable,,True,Nintendo Huffman,Probable,False,0,,,,,,False,False
/pokeanime/poke_anm.narc,/pokeanime/poke_anm.narc!/member_00101,0,/pokeanime/poke_anm.narc,385,101,,19812,19904,18688,18780,92,ced1871b5f887f3fefc6c6cdbde893f3f7a81d024a85bab02b0e875d0bbfead8,20000000000000000c00000000000000,,Nintendo Huffman,Probable,,True,Nintendo Huffman,Probable,False,0,,,,,,False,False
/pokeanime/poke_anm.narc,/pokeanime/poke_anm.narc!/member_00102,0,/pokeanime/poke_anm.narc,385,102,,19904,19996,18780,18872,92,7e3bad93e698eee063b04d2a795f97797c4f78c28e49ec52b49a2e102d9aae01,20000000000000000c00000000000000,,Nintendo Huffman,Probable,,True,Nintendo Huffman,Probable,False,0,,,,,,False,False
/pokeanime/poke_anm.narc,/pokeanime/poke_anm.narc!/member_00103,0,/pokeanime/poke_anm.narc,385,103,,19996,20088,18872,18964,92,ce1f2add6045d17c2bad1ba4fb3cf1812aace136248a68c38674f828ea27dd4c,20000000000000000c00000000000000,,Nintendo Huffman,Probable,,True,Nintendo Huffman,Probable,False,0,,,,,,False,False
/pokeanime/poke_anm.narc,/pokeanime/poke_anm.narc!/member_00104,0,/pokeanime/poke_anm.narc,385,104,,20088,20604,18964,19480,516,8e9dd016ea2aa28943ffd5bb708dd4f32eb9488a87a0e98ddea1f6371eb1a734,04000000000000000200000014000000,,,,,False,,,,,,,,,,False,False
/pokeanime/poke_anm.narc,/pokeanime/poke_anm.narc!/member_00105,0,/pokeanime/poke_anm.narc,385,105,,20604,20876,19480,19752,272,722f68495b5fff1ba45aafce65ef68c227fcdb4647cf8baf6008cc876ffc7257,04000000000000000200000014000000,,,,,False,,,,,,,,,,False,False
/pokeanime/poke_anm.narc,/pokeanime/poke_anm.narc!/member_00106,0,/pokeanime/poke_anm.narc,385,106,,20876,21500,19752,20376,624,67525b354a154324fe737dff27907781a1d06001076cb92e6cbb9d60756a9bcb,04000000000000000200000014000000,,,,,False,,,,,,,,,,False,False
/pokeanime/poke_anm.narc,/pokeanime/poke_anm.narc!/member_00107,0,/pokeanime/poke_anm.narc,385,107,,21500,21708,20376,20584,208,ea91ee3ae3d7875a5fa8839de05fed5c65840772e410d20d15657f204a596188,0b000000020000001d00000018000000,,,,,False,,,,,,,,,,False,False
/pokeanime/poke_anm.narc,/pokeanime/poke_anm.narc!/member_00108,0,/pokeanime/poke_anm.narc,385,108,,21708,21904,20584,20780,196,fecfcdd5c70cbcc22b7b9dff3f758b8b4e1037152ef7e5b6803adedacbdb9043,1d000000180000000000000023000000,,,,,False,,,,,,,,,,False,False
/pokeanime/poke_anm.narc,/pokeanime/poke_anm.narc!/member_00109,0,/pokeanime/poke_anm.narc,385,109,,21904,22100,20780,20976,196,0febe576840f0df52fa04fd94425d1d81587dd59dc4bb1b408574455490e0300,1d000000180000000000000023000000,,,,,False,,,,,,,,,,False,False
/pokeanime/poke_anm.narc,/pokeanime/poke_anm.narc!/member_00110,0,/pokeanime/poke_anm.narc,385,110,,22100,22204,20976,21080,104,11a433fe8695f203e9503c441f53551ceee57fd40c0c10a2b60c6abe5aa362ad,140000000b0000001400000008000000,,,,,False,,,,,,,,,,False,False
/pokeanime/poke_anm.narc,/pokeanime/poke_anm.narc!/member_00111,0,/pokeanime/poke_anm.narc,385,111,,22204,22308,21080,21184,104,8a8d31a8e2438bbd9ebe847122e3ee4eeb590b808669421a2f0b90c0348db9ab,140000000b0000001400000008000000,,,,,False,,,,,,,,,,False,False
/pokeanime/poke_anm.narc,/pokeanime/poke_anm.narc!/member_00112,0,/pokeanime/poke_anm.narc,385,112,,22308,22412,21184,21288,104,634407fe4fa59ed13936dc1789c801f47d345d7eaecf2a928d0f125c7f32eee8,140000000b0000001400000008000000,,,,,False,,,,,,,,,,False,False
/pokeanime/poke_anm.narc,/pokeanime/poke_anm.narc!/member_00113,0,/pokeanime/poke_anm.narc,385,113,,22412,22504,21288,21380,92,4d18b5c1e0e57c6e91c40d73b9119f9144a12639a552c263923d45e49e7c5a67,0b000000020000001b00000019000000,,,,,False,,,,,,,,,,False,False
/pokeanime/poke_anm.narc,/pokeanime/poke_anm.narc!/member_00114,0,/pokeanime/poke_anm.narc,385,114,,22504,22584,21380,21460,80,84bd285fad67b040cf13bcc958fd2370c9c4263665ca471f490a62ebad8b66f6,1b00000019000000000000001e000000,,,,,False,,,,,,,,,,False,False
/pokeanime/poke_anm.narc,/pokeanime/poke_anm.narc!/member_00115,0,/pokeanime/poke_anm.narc,385,115,,22584,22664,21460,21540,80,2574a4bb2a5d927eb7a830c42887b497fdbdf25b8cd8a501a743a72bd402b3c9,1b00000019000000000000001e000000,,,,,False,,,,,,,,,,False,False
/pokeanime/poke_anm.narc,/pokeanime/poke_anm.narc!/member_00116,0,/pokeanime/poke_anm.narc,385,116,,22664,22760,21540,21636,96,86691a8da289de15a1e91487460e02c742369da8c02d52dc58ad886b037f4e43,190000001b0000001b00000018000000,,,,,False,,,,,,,,,,False,False
/pokeanime/poke_anm.narc,/pokeanime/poke_anm.narc!/member_00117,0,/pokeanime/poke_anm.narc,385,117,,22760,22856,21636,21732,96,995fe156b9f3148c72b9afe28dfcb3ffbc6bdc051552fe7252567b655ba42863,190000001b0000001b00000018000000,,,,,False,,,,,,,,,,False,False
/pokeanime/poke_anm.narc,/pokeanime/poke_anm.narc!/member_00118,0,/pokeanime/poke_anm.narc,385,118,,22856,22952,21732,21828,96,1ed1a3f96c38acfe6bb66b5e38406792ce52df811f0a9569e64da43d09c7a920,190000001b0000001b00000018000000,,,,,False,,,,,,,,,,False,False
/pokeanime/poke_anm.narc,/pokeanime/poke_anm.narc!/member_00119,0,/pokeanime/poke_anm.narc,385,119,,22952,23120,21828,21996,168,ab806c1207b7f80d5990f7da970bbd0b5c3bfe6f8c0e96361807735311299975,0b000000020000001b00000018000000,,,,,False,,,,,,,,,,False,False
/pokeanime/poke_anm.narc,/pokeanime/poke_anm.narc!/member_00120,0,/pokeanime/poke_anm.narc,385,120,,23120,23276,21996,22152,156,869346e9036948e235e02d108c83795229096fad92f41d939a3f7dd875a9b64c,1b00000018000000000000001e000000,,,,,False,,,,,,,,,,False,False
/pokeanime/poke_anm.narc,/pokeanime/poke_anm.narc!/member_00121,0,/pokeanime/poke_anm.narc,385,121,,23276,23432,22152,22308,156,83b56377ee0086750676726879a326c213c32945cb01f34f82c72ced67fa6ed8,1b00000018000000000000001e000000,,,,,False,,,,,,,,,,False,False
/pokeanime/poke_anm.narc,/pokeanime/poke_anm.narc!/member_00122,0,/pokeanime/poke_anm.narc,385,122,,23432,23752,22308,22628,320,791f6a01bbfc6af24269e54921351292419a019fa4e50c1233bc9f1ef1d6bf7c,0b000000020000001b00000018000000,,,,,False,,,,,,,,,,False,False
/pokeanime/poke_anm.narc,/pokeanime/poke_anm.narc!/member_00123,0,/pokeanime/poke_anm.narc,385,123,,23752,24060,22628,22936,308,f02443be1c79280336151fa08de7a83ff269d85964c305b3fb76f105bb35cc76,1b00000018000000000000001e000000,,,,,False,,,,,,,,,,False,False
/pokeanime/poke_anm.narc,/pokeanime/poke_anm.narc!/member_00124,0,/pokeanime/poke_anm.narc,385,124,,24060,24368,22936,23244,308,96b16c867f89d900f66bd7294ca62cffdbb92e2087ec34aee3347be55212f834,1b00000018000000000000001e000000,,,,,False,,,,,,,,,,False,False
/pokeanime/poke_anm.narc,/pokeanime/poke_anm.narc!/member_00125,0,/pokeanime/poke_anm.narc,385,125,,24368,24464,23244,23340,96,78bf2af4a5c75e50f36cef07d66d7a520499174ebd00ad20136e11669f523f4e,0b000000040000001a00000018000000,,,,,False,,,,,,,,,,False,False
/pokeanime/poke_anm.narc,/pokeanime/poke_anm.narc!/member_00126,0,/pokeanime/poke_anm.narc,385,126,,24464,24560,23340,23436,96,3e3910482a2b1aba6f525eed901fa3f1972ca58d41ec91ff2b37d25c1c3faaf1,0b000000020000001a00000018000000,,,,,False,,,,,,,,,,False,False
/pokeanime/poke_anm.narc,/pokeanime/poke_anm.narc!/member_00127,0,/pokeanime/poke_anm.narc,385,127,,24560,24644,23436,23520,84,17b774eaba651b7189f12defbb9c1a25722a15c95c8e312b7ebb9f3235505c02,1a000000180000000000000020000000,,,,,False,,,,,,,,,,False,False
/pokeanime/poke_anm.narc,/pokeanime/poke_anm.narc!/member_00128,0,/pokeanime/poke_anm.narc,385,128,,24644,24748,23520,23624,104,cbe2a45171fd394c8615dae57159c42e6b3b640cb4fbe6a2f4df9ffda51ea029,140000000b0000001400000006000000,,,,,False,,,,,,,,,,False,False
/pokeanime/poke_anm.narc,/pokeanime/poke_anm.narc!/member_00129,0,/pokeanime/poke_anm.narc,385,129,,24748,24852,23624,23728,104,eeb8266ce30d384737a638cc2813959b73613e1ef07d663da6967a6fa05f1891,140000000b0000001400000006000000,,,,,False,,,,,,,,,,False,False
/pokeanime/poke_anm.narc,/pokeanime/poke_anm.narc!/member_00130,0,/pokeanime/poke_anm.narc,385,130,,24852,24956,23728,23832,104,6a44f30ed6866bb2ef190417ecfb041a76ef8c2c3bf6f5a1ae0a6a4cd20cee6c,140000000b0000001400000004000000,,,,,False,,,,,,,,,,False,False
/pokeanime/poke_anm.narc,/pokeanime/poke_anm.narc!/member_00131,0,/pokeanime/poke_anm.narc,385,131,,24956,25108,23832,23984,152,2b8cfe529eaf340a750eac368e704f4bcc28ac419cdd081fb2d71ca11eabcbf6,0f0000000a00000014000000e0ffffff,,,,,False,,,,,,,,,,False,False
/pokeanime/poke_anm.narc,/pokeanime/poke_anm.narc!/member_00132,0,/pokeanime/poke_anm.narc,385,132,,25108,25260,23984,24136,152,132118d27d93a7c5345e9828c12e91232e396cfd3125db46abf67cf44240bf83,0f0000000a00000014000000e0ffffff,,,,,False,,,,,,,,,,False,False
/pokeanime/poke_anm.narc,/pokeanime/poke_anm.narc!/member_00133,0,/pokeanime/poke_anm.narc,385,133,,25260,25412,24136,24288,152,bdb3ccaeab98d94c03c7e99ef37e64a1627655d41fe9fb59e2793c28e4875801,0f0000000a00000014000000e0ffffff,,,,,False,,,,,,,,,,False,False
/poketool/pl_pokezukan.narc,/poketool/pl_pokezukan.narc!/member_00000,0,/poketool/pl_pokezukan.narc,386,0,,60,1048,0,988,988,d0ec7a31b60434c94423e12971f82c579465e352f27ba102ca035f022f878bcc,00000000000000000000000000000000,,,,,False,,,,,,,,,,False,False
/poketool/pokezukan.narc,/poketool/pokezukan.narc!/member_00000,0,/poketool/pokezukan.narc,387,0,,60,1048,0,988,988,7c863395c5736dceafae13574477af02cfe73b12ec26e9e1b73fb80e7c09c167,00000000000000000000000000000000,,,,,False,,,,,,,,,,False,False
/poketool/shinzukan.narc,/poketool/shinzukan.narc!/member_00000,0,/poketool/shinzukan.narc,388,0,,60,482,0,422,422,b121986b72dccab8752241608980b7363b95c1badc001c00ef695db0398c44b1,ed018301840185018601870188018901,,,,,False,,,,,,,,,,False,False
/poketool/icongra/pl_poke_icon.narc,/poketool/icongra/pl_poke_icon.narc!/member_00000,0,/poketool/icongra/pl_poke_icon.narc,389,0,,4428,4980,0,552,552,96d45b21044626a1975b92065a9a40115975f4bb53d2a64301dc747553549a84,524c434efffe00012802000010000100,,NCLR palette,Confirmed,True,False,,,,,,,,,,False,False
/poketool/icongra/pl_poke_icon.narc,/poketool/icongra/pl_poke_icon.narc!/member_00001,0,/poketool/icongra/pl_poke_icon.narc,389,1,,4980,5134,552,706,154,53d8003155752aef909e602429463b97160b13b7f7aaabfcc4e799503e41ab86,524e414efffe00019a00000010000300,,NANR animation,Confirmed,True,False,,,,,,,,,,False,False
/poketool/icongra/pl_poke_icon.narc,/poketool/icongra/pl_poke_icon.narc!/member_00002,0,/poketool/icongra/pl_poke_icon.narc,389,2,,5136,5278,708,850,142,366eee3bf3cdfe80ac3a383ef8600120264d29f5ace77e2acc530e2c0a9cb9e9,5245434efffe00018e00000010000300,,NCER cell,Confirmed,True,False,,,,,,,,,,False,False
/poketool/icongra/pl_poke_icon.narc,/poketool/icongra/pl_poke_icon.narc!/member_00003,0,/poketool/icongra/pl_poke_icon.narc,389,3,,5280,5662,852,1234,382,64cc828c3f7b911a2e89ba70922618edb8506b86a61e7bbf8d9f95ae9cba56a4,524e414efffe00017e01000010000300,,NANR animation,Confirmed,True,False,,,,,,,,,,False,False
/poketool/icongra/pl_poke_icon.narc,/poketool/icongra/pl_poke_icon.narc!/member_00004,0,/poketool/icongra/pl_poke_icon.narc,389,4,,5664,5866,1236,1438,202,ae039ecfd3f34e8e64c5eea605befffd106cbd737854267f49e510fd0309614d,5245434efffe0001ca00000010000300,,NCER cell,Confirmed,True,False,,,,,,,,,,False,False
/poketool/icongra/pl_poke_icon.narc,/poketool/icongra/pl_poke_icon.narc!/member_00005,0,/poketool/icongra/pl_poke_icon.narc,389,5,,5868,6250,1440,1822,382,64cc828c3f7b911a2e89ba70922618edb8506b86a61e7bbf8d9f95ae9cba56a4,524e414efffe00017e01000010000300,,NANR animation,Confirmed,True,False,,,,,,,,,,False,False
/poketool/icongra/pl_poke_icon.narc,/poketool/icongra/pl_poke_icon.narc!/member_00006,0,/poketool/icongra/pl_poke_icon.narc,389,6,,6252,6454,1824,2026,202,39ac45cf522cd56ea0ea15a6af6ef132b298cdcef4d2f94e27f979bd1d362b65,5245434efffe0001ca00000010000300,,NCER cell,Confirmed,True,False,,,,,,,,,,False,False
/poketool/icongra/pl_poke_icon.narc,/poketool/icongra/pl_poke_icon.narc!/member_00007,0,/poketool/icongra/pl_poke_icon.narc,389,7,,6456,7528,2028,3100,1072,3242b1ebf8b811c15fcb4926c1562fedc97e2b541fb1e32de237910e29a35b4d,5247434efffe01013004000010000100,,NCGR graphics,Confirmed,True,False,,,,,,,,,,False,False
/poketool/icongra/pl_poke_icon.narc,/poketool/icongra/pl_poke_icon.narc!/member_00008,0,/poketool/icongra/pl_poke_icon.narc,389,8,,7528,8600,3100,4172,1072,9e3a88cf0dbc42b29430fe27c11878d126851ba362b11d354fd5ccba6bf1741f,5247434efffe01013004000010000100,,NCGR graphics,Confirmed,True,False,,,,,,,,,,False,False
/poketool/icongra/pl_poke_icon.narc,/poketool/icongra/pl_poke_icon.narc!/member_00009,0,/poketool/icongra/pl_poke_icon.narc,389,9,,8600,9672,4172,5244,1072,fa4cee69bfdc2242a77712ff1b3e07eadcf8a2e9cadb541a39d1ffe932dc7720,5247434efffe01013004000010000100,,NCGR graphics,Confirmed,True,False,,,,,,,,,,False,False
/poketool/icongra/pl_poke_icon.narc,/poketool/icongra/pl_poke_icon.narc!/member_00010,0,/poketool/icongra/pl_poke_icon.narc,389,10,,9672,10744,5244,6316,1072,a9049ea90472688b391987100f4c305328d5878a9789b5f36a4735af796e2773,5247434efffe01013004000010000100,,NCGR graphics,Confirmed,True,False,,,,,,,,,,False,False
/poketool/icongra/pl_poke_icon.narc,/poketool/icongra/pl_poke_icon.narc!/member_00011,0,/poketool/icongra/pl_poke_icon.narc,389,11,,10744,11816,6316,7388,1072,757948f64326927e34ce261871457cb2dfa6584d0e1ead4ed25dc338bd1af756,5247434efffe01013004000010000100,,NCGR graphics,Confirmed,True,False,,,,,,,,,,False,False
/poketool/icongra/pl_poke_icon.narc,/poketool/icongra/pl_poke_icon.narc!/member_00012,0,/poketool/icongra/pl_poke_icon.narc,389,12,,11816,12888,7388,8460,1072,5126a7d626bda77a8fdcc2c398de21f42a28d01bf040f5d53b8aa3bcb53fe4db,5247434efffe01013004000010000100,,NCGR graphics,Confirmed,True,False,,,,,,,,,,False,False
/poketool/icongra/pl_poke_icon.narc,/poketool/icongra/pl_poke_icon.narc!/member_00013,0,/poketool/icongra/pl_poke_icon.narc,389,13,,12888,13960,8460,9532,1072,8d18beb68ece88b707a572bd2e4be0c4028a7f13b3fd4cc98ac6789136662a4a,5247434efffe01013004000010000100,,NCGR graphics,Confirmed,True,False,,,,,,,,,,False,False
/poketool/icongra/pl_poke_icon.narc,/poketool/icongra/pl_poke_icon.narc!/member_00014,0,/poketool/icongra/pl_poke_icon.narc,389,14,,13960,15032,9532,10604,1072,baa0d3464de1c3bfd94655712e883e1be544a494fd770caa5d37794a0878ce19,5247434efffe01013004000010000100,,NCGR graphics,Confirmed,True,False,,,,,,,,,,False,False
/poketool/icongra/pl_poke_icon.narc,/poketool/icongra/pl_poke_icon.narc!/member_00015,0,/poketool/icongra/pl_poke_icon.narc,389,15,,15032,16104,10604,11676,1072,47a7a0fd2e87f28d43d763f0d74d73cd73df09ce37a289e1ce43510aef5121a7,5247434efffe01013004000010000100,,NCGR graphics,Confirmed,True,False,,,,,,,,,,False,False
/poketool/icongra/pl_poke_icon.narc,/poketool/icongra/pl_poke_icon.narc!/member_00016,0,/poketool/icongra/pl_poke_icon.narc,389,16,,16104,17176,11676,12748,1072,c3c187ab072279377c843e8e23b3edcbd26cf7f4757cfd4fc99327b6d5007471,5247434efffe01013004000010000100,,NCGR graphics,Confirmed,True,False,,,,,,,,,,False,False
/poketool/icongra/pl_poke_icon.narc,/poketool/icongra/pl_poke_icon.narc!/member_00017,0,/poketool/icongra/pl_poke_icon.narc,389,17,,17176,18248,12748,13820,1072,0c22093b08512b6dd3edde955fa7bc36c657b50ac96e829817d3d4640570b782,5247434efffe01013004000010000100,,NCGR graphics,Confirmed,True,False,,,,,,,,,,False,False
/poketool/icongra/pl_poke_icon.narc,/poketool/icongra/pl_poke_icon.narc!/member_00018,0,/poketool/icongra/pl_poke_icon.narc,389,18,,18248,19320,13820,14892,1072,f58b16f2ea465067cb9385b52d5e26ac56e1566ebf0d4e6123bff2a95ee72ac7,5247434efffe01013004000010000100,,NCGR graphics,Confirmed,True,False,,,,,,,,,,False,False
/poketool/icongra/pl_poke_icon.narc,/poketool/icongra/pl_poke_icon.narc!/member_00019,0,/poketool/icongra/pl_poke_icon.narc,389,19,,19320,20392,14892,15964,1072,13c7eba38696f5645af6c46fc590c033e6a1519dae39cd136790c1a50b1ce9e5,5247434efffe01013004000010000100,,NCGR graphics,Confirmed,True,False,,,,,,,,,,False,False
/poketool/icongra/pl_poke_icon.narc,/poketool/icongra/pl_poke_icon.narc!/member_00020,0,/poketool/icongra/pl_poke_icon.narc,389,20,,20392,21464,15964,17036,1072,90ed7c056baf863915802ac78e0e76c29e7f7ae97949a04db1eb1b3cb81a29ef,5247434efffe01013004000010000100,,NCGR graphics,Confirmed,True,False,,,,,,,,,,False,False
/poketool/icongra/pl_poke_icon.narc,/poketool/icongra/pl_poke_icon.narc!/member_00021,0,/poketool/icongra/pl_poke_icon.narc,389,21,,21464,22536,17036,18108,1072,8cc8b7ac21c2e6a622124d2d3668df9aa28b37eacbb48be484b5cf702b757ded,5247434efffe01013004000010000100,,NCGR graphics,Confirmed,True,False,,,,,,,,,,False,False
/poketool/icongra/pl_poke_icon.narc,/poketool/icongra/pl_poke_icon.narc!/member_00022,0,/poketool/icongra/pl_poke_icon.narc,389,22,,22536,23608,18108,19180,1072,0d55d8f1349c0dbd17a60690ffbfd2effe12a0969eaef83bb2ea5f99f354c496,5247434efffe01013004000010000100,,NCGR graphics,Confirmed,True,False,,,,,,,,,,False,False
/poketool/icongra/pl_poke_icon.narc,/poketool/icongra/pl_poke_icon.narc!/member_00023,0,/poketool/icongra/pl_poke_icon.narc,389,23,,23608,24680,19180,20252,1072,751a6abe93e72f38fabb955a6b697ca7cf8ad9e1f0cab2c89790de9fe14c3d09,5247434efffe01013004000010000100,,NCGR graphics,Confirmed,True,False,,,,,,,,,,False,False
/poketool/icongra/pl_poke_icon.narc,/poketool/icongra/pl_poke_icon.narc!/member_00024,0,/poketool/icongra/pl_poke_icon.narc,389,24,,24680,25752,20252,21324,1072,6268b009475bf2df12a9fbd606124bc5fc97b3826ed49823917c48a127ec1b15,5247434efffe01013004000010000100,,NCGR graphics,Confirmed,True,False,,,,,,,,,,False,False
/poketool/icongra/pl_poke_icon.narc,/poketool/icongra/pl_poke_icon.narc!/member_00025,0,/poketool/icongra/pl_poke_icon.narc,389,25,,25752,26824,21324,22396,1072,ecb6a417449721a9e1a13b87142b8007d070898d71add74cc9682be8afc939cc,5247434efffe01013004000010000100,,NCGR graphics,Confirmed,True,False,,,,,,,,,,False,False
/poketool/icongra/pl_poke_icon.narc,/poketool/icongra/pl_poke_icon.narc!/member_00026,0,/poketool/icongra/pl_poke_icon.narc,389,26,,26824,27896,22396,23468,1072,a6ca90feec2754cec1fc2423d0aa55bef87eaedd860128614a9d8052e6b51e82,5247434efffe01013004000010000100,,NCGR graphics,Confirmed,True,False,,,,,,,,,,False,False
/poketool/icongra/pl_poke_icon.narc,/poketool/icongra/pl_poke_icon.narc!/member_00027,0,/poketool/icongra/pl_poke_icon.narc,389,27,,27896,28968,23468,24540,1072,8708fb773ab125fab6c91821a691ef569325bc22e5d9bb8718f1b33f8206f9d2,5247434efffe01013004000010000100,,NCGR graphics,Confirmed,True,False,,,,,,,,,,False,False
/poketool/icongra/pl_poke_icon.narc,/poketool/icongra/pl_poke_icon.narc!/member_00028,0,/poketool/icongra/pl_poke_icon.narc,389,28,,28968,30040,24540,25612,1072,0a4f4a2193cd15f6fa8bbf829dc1b0f55e752e536c31d84fed79cd6ecd0e54f5,5247434efffe01013004000010000100,,NCGR graphics,Confirmed,True,False,,,,,,,,,,False,False
/poketool/icongra/pl_poke_icon.narc,/poketool/icongra/pl_poke_icon.narc!/member_00029,0,/poketool/icongra/pl_poke_icon.narc,389,29,,30040,31112,25612,26684,1072,840aa8239d3fe69729d8ce5ca5f223ef6e8a0723d5ec1f47824224579e5ebff2,5247434efffe01013004000010000100,,NCGR graphics,Confirmed,True,False,,,,,,,,,,False,False
/poketool/icongra/pl_poke_icon.narc,/poketool/icongra/pl_poke_icon.narc!/member_00030,0,/poketool/icongra/pl_poke_icon.narc,389,30,,31112,32184,26684,27756,1072,7130f052259c6101fd2357a454a457c96fa3711a36bafb8b1f840ceb8550182e,5247434efffe01013004000010000100,,NCGR graphics,Confirmed,True,False,,,,,,,,,,False,False
/poketool/icongra/pl_poke_icon.narc,/poketool/icongra/pl_poke_icon.narc!/member_00031,0,/poketool/icongra/pl_poke_icon.narc,389,31,,32184,33256,27756,28828,1072,bca9c50a0258efead6398bb69131bd6f46ffef36b5ee358c97418d0b2d298b5e,5247434efffe01013004000010000100,,NCGR graphics,Confirmed,True,False,,,,,,,,,,False,False
/poketool/icongra/pl_poke_icon.narc,/poketool/icongra/pl_poke_icon.narc!/member_00032,0,/poketool/icongra/pl_poke_icon.narc,389,32,,33256,34328,28828,29900,1072,be1f5f67ab155fb662e29d7a44f601a72d90044e8594bf4da319a8b587679ae9,5247434efffe01013004000010000100,,NCGR graphics,Confirmed,True,False,,,,,,,,,,False,False
/poketool/icongra/pl_poke_icon.narc,/poketool/icongra/pl_poke_icon.narc!/member_00033,0,/poketool/icongra/pl_poke_icon.narc,389,33,,34328,35400,29900,30972,1072,e0b4e287ec2ad5e1a0655526073dd0c5bb371e1dd03aef8b0088843e7cd07cf4,5247434efffe01013004000010000100,,NCGR graphics,Confirmed,True,False,,,,,,,,,,False,False
/poketool/icongra/pl_poke_icon.narc,/poketool/icongra/pl_poke_icon.narc!/member_00034,0,/poketool/icongra/pl_poke_icon.narc,389,34,,35400,36472,30972,32044,1072,7f3cf29d2b1f84a2ae67ee0dccac638774d446358140dae4c0096bab53a01097,5247434efffe01013004000010000100,,NCGR graphics,Confirmed,True,False,,,,,,,,,,False,False
/poketool/icongra/pl_poke_icon.narc,/poketool/icongra/pl_poke_icon.narc!/member_00035,0,/poketool/icongra/pl_poke_icon.narc,389,35,,36472,37544,32044,33116,1072,0c95e696830a7ecf543117c22b5424251f72c82b43f401fa8dde890b08ffce62,5247434efffe01013004000010000100,,NCGR graphics,Confirmed,True,False,,,,,,,,,,False,False
/poketool/icongra/pl_poke_icon.narc,/poketool/icongra/pl_poke_icon.narc!/member_00036,0,/poketool/icongra/pl_poke_icon.narc,389,36,,37544,38616,33116,34188,1072,36c9e95ca6e0af1fc6f7c5aa723ce8eed82ce86277c742561d5e8b8075001331,5247434efffe01013004000010000100,,NCGR graphics,Confirmed,True,False,,,,,,,,,,False,False
/poketool/icongra/pl_poke_icon.narc,/poketool/icongra/pl_poke_icon.narc!/member_00037,0,/poketool/icongra/pl_poke_icon.narc,389,37,,38616,39688,34188,35260,1072,11e265b25d28ba39b6406f1fab6312306a30776cd8a90eb0832bade23ab3fdb9,5247434efffe01013004000010000100,,NCGR graphics,Confirmed,True,False,,,,,,,,,,False,False
/poketool/icongra/pl_poke_icon.narc,/poketool/icongra/pl_poke_icon.narc!/member_00038,0,/poketool/icongra/pl_poke_icon.narc,389,38,,39688,40760,35260,36332,1072,3dbfd374210311d08d6d0354d1b1122132a192891e0bfa664ad69cf95d254405,5247434efffe01013004000010000100,,NCGR graphics,Confirmed,True,False,,,,,,,,,,False,False
/poketool/icongra/pl_poke_icon.narc,/poketool/icongra/pl_poke_icon.narc!/member_00039,0,/poketool/icongra/pl_poke_icon.narc,389,39,,40760,41832,36332,37404,1072,1923fadb633ac12870b4d07bf2a726708c6e9f8cdbbd12ff9733a16b105dc220,5247434efffe01013004000010000100,,NCGR graphics,Confirmed,True,False,,,,,,,,,,False,False
/poketool/icongra/pl_poke_icon.narc,/poketool/icongra/pl_poke_icon.narc!/member_00040,0,/poketool/icongra/pl_poke_icon.narc,389,40,,41832,42904,37404,38476,1072,849357e17831ad1930fe6be74a280ba672e8e1f56c245453c4890afa23bc8150,5247434efffe01013004000010000100,,NCGR graphics,Confirmed,True,False,,,,,,,,,,False,False
/poketool/icongra/pl_poke_icon.narc,/poketool/icongra/pl_poke_icon.narc!/member_00041,0,/poketool/icongra/pl_poke_icon.narc,389,41,,42904,43976,38476,39548,1072,8520a7bc274ba2bfeee7a8a0f86f9444eeb256a44b62c92af4a0b0d25a35210c,5247434efffe01013004000010000100,,NCGR graphics,Confirmed,True,False,,,,,,,,,,False,False
/poketool/icongra/pl_poke_icon.narc,/poketool/icongra/pl_poke_icon.narc!/member_00042,0,/poketool/icongra/pl_poke_icon.narc,389,42,,43976,45048,39548,40620,1072,0cc546d8c35b79a78c1832230461f992da34fd3a3e333762a73fb4f9913bdae0,5247434efffe01013004000010000100,,NCGR graphics,Confirmed,True,False,,,,,,,,,,False,False
/poketool/icongra/pl_poke_icon.narc,/poketool/icongra/pl_poke_icon.narc!/member_00043,0,/poketool/icongra/pl_poke_icon.narc,389,43,,45048,46120,40620,41692,1072,d12815b7d585d58f569aab3a78511f7e9c6037d67d9bb847603b6d85e55ea071,5247434efffe01013004000010000100,,NCGR graphics,Confirmed,True,False,,,,,,,,,,False,False
/poketool/icongra/pl_poke_icon.narc,/poketool/icongra/pl_poke_icon.narc!/member_00044,0,/poketool/icongra/pl_poke_icon.narc,389,44,,46120,47192,41692,42764,1072,ba7cd6c2a721ef831ce7e17e88ab86f7e4e003a5fe7c763fb62c4c19ac75426c,5247434efffe01013004000010000100,,NCGR graphics,Confirmed,True,False,,,,,,,,,,False,False
/poketool/icongra/pl_poke_icon.narc,/poketool/icongra/pl_poke_icon.narc!/member_00045,0,/poketool/icongra/pl_poke_icon.narc,389,45,,47192,48264,42764,43836,1072,3a483890af5b9f8ca1f981f47281b20c13c79d1639e42c69d856d4e448e7c24f,5247434efffe01013004000010000100,,NCGR graphics,Confirmed,True,False,,,,,,,,,,False,False
/poketool/icongra/pl_poke_icon.narc,/poketool/icongra/pl_poke_icon.narc!/member_00046,0,/poketool/icongra/pl_poke_icon.narc,389,46,,48264,49336,43836,44908,1072,599bb329cdb5a2c11de92d3434b92cde165ac85c82403d12f845d13897c30d83,5247434efffe01013004000010000100,,NCGR graphics,Confirmed,True,False,,,,,,,,,,False,False
/poketool/icongra/pl_poke_icon.narc,/poketool/icongra/pl_poke_icon.narc!/member_00047,0,/poketool/icongra/pl_poke_icon.narc,389,47,,49336,50408,44908,45980,1072,780d76c267b0dc518d951e3a7863f85522feab122e3b76d9e6d038512151ddae,5247434efffe01013004000010000100,,NCGR graphics,Confirmed,True,False,,,,,,,,,,False,False
/poketool/icongra/pl_poke_icon.narc,/poketool/icongra/pl_poke_icon.narc!/member_00048,0,/poketool/icongra/pl_poke_icon.narc,389,48,,50408,51480,45980,47052,1072,a4abb65bfe9f96b4a8e445eb5fd69ee5b61764aeebbab68dff40771b7cd7ba51,5247434efffe01013004000010000100,,NCGR graphics,Confirmed,True,False,,,,,,,,,,False,False
/poketool/icongra/pl_poke_icon.narc,/poketool/icongra/pl_poke_icon.narc!/member_00049,0,/poketool/icongra/pl_poke_icon.narc,389,49,,51480,52552,47052,48124,1072,3c8bcc2656d3286fbd3115187ea9bbe99646666fe01da07f447d762f1673fde0,5247434efffe01013004000010000100,,NCGR graphics,Confirmed,True,False,,,,,,,,,,False,False
/poketool/icongra/pl_poke_icon.narc,/poketool/icongra/pl_poke_icon.narc!/member_00050,0,/poketool/icongra/pl_poke_icon.narc,389,50,,52552,53624,48124,49196,1072,8a206528c3b3fbfd24a519ec17523e2f3c965ecf439f88336c34e42bde8dcf07,5247434efffe01013004000010000100,,NCGR graphics,Confirmed,True,False,,,,,,,,,,False,False
/poketool/icongra/pl_poke_icon.narc,/poketool/icongra/pl_poke_icon.narc!/member_00051,0,/poketool/icongra/pl_poke_icon.narc,389,51,,53624,54696,49196,50268,1072,a9a988ffde0c4d7c6624776b43e122a206c0b645d1d1284435e037497a25d938,5247434efffe01013004000010000100,,NCGR graphics,Confirmed,True,False,,,,,,,,,,False,False
/poketool/icongra/pl_poke_icon.narc,/poketool/icongra/pl_poke_icon.narc!/member_00052,0,/poketool/icongra/pl_poke_icon.narc,389,52,,54696,55768,50268,51340,1072,80bea62b2f504a65b68f5739748d0254968b80858c5811e91e2f6b15bed3a6e6,5247434efffe01013004000010000100,,NCGR graphics,Confirmed,True,False,,,,,,,,,,False,False
/poketool/icongra/pl_poke_icon.narc,/poketool/icongra/pl_poke_icon.narc!/member_00053,0,/poketool/icongra/pl_poke_icon.narc,389,53,,55768,56840,51340,52412,1072,d85dde90ad980e7484ef20e234dc580d63f489207498e5a0e07d47fc2315048b,5247434efffe01013004000010000100,,NCGR graphics,Confirmed,True,False,,,,,,,,,,False,False
/poketool/icongra/pl_poke_icon.narc,/poketool/icongra/pl_poke_icon.narc!/member_00054,0,/poketool/icongra/pl_poke_icon.narc,389,54,,56840,57912,52412,53484,1072,9878f1ac339f5bd8cb0dc25e110a8f2bd48021b5b09bbfee441c20b8a3ca93fa,5247434efffe01013004000010000100,,NCGR graphics,Confirmed,True,False,,,,,,,,,,False,False
/poketool/icongra/pl_poke_icon.narc,/poketool/icongra/pl_poke_icon.narc!/member_00055,0,/poketool/icongra/pl_poke_icon.narc,389,55,,57912,58984,53484,54556,1072,67c8ee8fb12018b44fb3aa5b7d0750bf89dff375867d6309739bcf97a8220473,5247434efffe01013004000010000100,,NCGR graphics,Confirmed,True,False,,,,,,,,,,False,False
/poketool/icongra/pl_poke_icon.narc,/poketool/icongra/pl_poke_icon.narc!/member_00056,0,/poketool/icongra/pl_poke_icon.narc,389,56,,58984,60056,54556,55628,1072,ea683a86992eba9fc610783e213e971220b5b7e70e39f993263c2743b50687b2,5247434efffe01013004000010000100,,NCGR graphics,Confirmed,True,False,,,,,,,,,,False,False
/poketool/icongra/pl_poke_icon.narc,/poketool/icongra/pl_poke_icon.narc!/member_00057,0,/poketool/icongra/pl_poke_icon.narc,389,57,,60056,61128,55628,56700,1072,873419fa9199fb1d90c6e6c145471179fa67a14c07ce2120d14b1b8c4e002b4a,5247434efffe01013004000010000100,,NCGR graphics,Confirmed,True,False,,,,,,,,,,False,False
/poketool/icongra/pl_poke_icon.narc,/poketool/icongra/pl_poke_icon.narc!/member_00058,0,/poketool/icongra/pl_poke_icon.narc,389,58,,61128,62200,56700,57772,1072,c1b4b72afda3e5d0971eda81f44c8fd040ee6e04d2d58595905e1d6c205f4334,5247434efffe01013004000010000100,,NCGR graphics,Confirmed,True,False,,,,,,,,,,False,False
/poketool/icongra/pl_poke_icon.narc,/poketool/icongra/pl_poke_icon.narc!/member_00059,0,/poketool/icongra/pl_poke_icon.narc,389,59,,62200,63272,57772,58844,1072,1cd1c2b9935166f676a0df659748fcfc22b1b0c365aa5aeb0302cfe50e71aa36,5247434efffe01013004000010000100,,NCGR graphics,Confirmed,True,False,,,,,,,,,,False,False
/poketool/icongra/pl_poke_icon.narc,/poketool/icongra/pl_poke_icon.narc!/member_00060,0,/poketool/icongra/pl_poke_icon.narc,389,60,,63272,64344,58844,59916,1072,345843cfe4381d4c18d57add4d2886d263969d44a26c7440e7c9289d53e6a13e,5247434efffe01013004000010000100,,NCGR graphics,Confirmed,True,False,,,,,,,,,,False,False
/poketool/icongra/pl_poke_icon.narc,/poketool/icongra/pl_poke_icon.narc!/member_00061,0,/poketool/icongra/pl_poke_icon.narc,389,61,,64344,65416,59916,60988,1072,ef2f45b6a225cd771f7604d2f75e344ecf708c9a73c4dcf6143d5d8d2922c56f,5247434efffe01013004000010000100,,NCGR graphics,Confirmed,True,False,,,,,,,,,,False,False
/poketool/icongra/pl_poke_icon.narc,/poketool/icongra/pl_poke_icon.narc!/member_00062,0,/poketool/icongra/pl_poke_icon.narc,389,62,,65416,66488,60988,62060,1072,dcfbcfc6ea33dfd8518ac2cf875b0e82c7934baa576148f97e377727275bd758,5247434efffe01013004000010000100,,NCGR graphics,Confirmed,True,False,,,,,,,,,,False,False
/poketool/icongra/pl_poke_icon.narc,/poketool/icongra/pl_poke_icon.narc!/member_00063,0,/poketool/icongra/pl_poke_icon.narc,389,63,,66488,67560,62060,63132,1072,b94f87d5f55da1cd6ebf126626cfc659d5b0718dbc8dcaba47e18d76a427c9cc,5247434efffe01013004000010000100,,NCGR graphics,Confirmed,True,False,,,,,,,,,,False,False
/poketool/icongra/pl_poke_icon.narc,/poketool/icongra/pl_poke_icon.narc!/member_00064,0,/poketool/icongra/pl_poke_icon.narc,389,64,,67560,68632,63132,64204,1072,8915bc24c463176cd5ff0c052a432c2f9bd6d35165e9dcf0b6555a4d0fa6a067,5247434efffe01013004000010000100,,NCGR graphics,Confirmed,True,False,,,,,,,,,,False,False
/poketool/icongra/pl_poke_icon.narc,/poketool/icongra/pl_poke_icon.narc!/member_00065,0,/poketool/icongra/pl_poke_icon.narc,389,65,,68632,69704,64204,65276,1072,fb9e640f98a252d6c20ab6459c3b5dc9ee208a6829bd7858eb1778875f6d01e8,5247434efffe01013004000010000100,,NCGR graphics,Confirmed,True,False,,,,,,,,,,False,False
/poketool/icongra/pl_poke_icon.narc,/poketool/icongra/pl_poke_icon.narc!/member_00066,0,/poketool/icongra/pl_poke_icon.narc,389,66,,69704,70776,65276,66348,1072,77f8a658978580abceb7086ebbcd817695d6b46c227a228201649f3716634808,5247434efffe01013004000010000100,,NCGR graphics,Confirmed,True,False,,,,,,,,,,False,False
/poketool/icongra/pl_poke_icon.narc,/poketool/icongra/pl_poke_icon.narc!/member_00067,0,/poketool/icongra/pl_poke_icon.narc,389,67,,70776,71848,66348,67420,1072,24b96fe6c0a9044e77b27cd2ba1e6bb06543247592948039a6cbceff07a37a02,5247434efffe01013004000010000100,,NCGR graphics,Confirmed,True,False,,,,,,,,,,False,False
/poketool/icongra/pl_poke_icon.narc,/poketool/icongra/pl_poke_icon.narc!/member_00068,0,/poketool/icongra/pl_poke_icon.narc,389,68,,71848,72920,67420,68492,1072,0fd3dc9c4410166ca7f6498413fbb848c137176cfa1bb1c414d60506d1ebe22d,5247434efffe01013004000010000100,,NCGR graphics,Confirmed,True,False,,,,,,,,,,False,False
/poketool/icongra/pl_poke_icon.narc,/poketool/icongra/pl_poke_icon.narc!/member_00069,0,/poketool/icongra/pl_poke_icon.narc,389,69,,72920,73992,68492,69564,1072,8cc7d4e7805cc756c96800fa3421018735f3b9d04bae1e10532e76c06fcaf477,5247434efffe01013004000010000100,,NCGR graphics,Confirmed,True,False,,,,,,,,,,False,False
/poketool/icongra/pl_poke_icon.narc,/poketool/icongra/pl_poke_icon.narc!/member_00070,0,/poketool/icongra/pl_poke_icon.narc,389,70,,73992,75064,69564,70636,1072,8469a43e4287dae206106c059ae620ab3a9028faa3828cb64fef0c80505e8d30,5247434efffe01013004000010000100,,NCGR graphics,Confirmed,True,False,,,,,,,,,,False,False
/poketool/icongra/pl_poke_icon.narc,/poketool/icongra/pl_poke_icon.narc!/member_00071,0,/poketool/icongra/pl_poke_icon.narc,389,71,,75064,76136,70636,71708,1072,601e8b9135b6b9d1580524d244a1ada21c82a3e99321b49f87a5cd7f096ea222,5247434efffe01013004000010000100,,NCGR graphics,Confirmed,True,False,,,,,,,,,,False,False
/poketool/icongra/pl_poke_icon.narc,/poketool/icongra/pl_poke_icon.narc!/member_00072,0,/poketool/icongra/pl_poke_icon.narc,389,72,,76136,77208,71708,72780,1072,7e42300c20073c7b4556c75eb566eea671e533f31d4a58cf14bb3b37f2ce8fad,5247434efffe01013004000010000100,,NCGR graphics,Confirmed,True,False,,,,,,,,,,False,False
/poketool/icongra/pl_poke_icon.narc,/poketool/icongra/pl_poke_icon.narc!/member_00073,0,/poketool/icongra/pl_poke_icon.narc,389,73,,77208,78280,72780,73852,1072,52e2c3192a182d13fc8dfb2efc20b94fa71e9a14844faf926711d4c76c54eb4e,5247434efffe01013004000010000100,,NCGR graphics,Confirmed,True,False,,,,,,,,,,False,False
/poketool/icongra/pl_poke_icon.narc,/poketool/icongra/pl_poke_icon.narc!/member_00074,0,/poketool/icongra/pl_poke_icon.narc,389,74,,78280,79352,73852,74924,1072,c3e90ec0d9a39318b5e97cf2916237bb95f5bd36c0ec24a8bec9f10d41114013,5247434efffe01013004000010000100,,NCGR graphics,Confirmed,True,False,,,,,,,,,,False,False
/poketool/icongra/pl_poke_icon.narc,/poketool/icongra/pl_poke_icon.narc!/member_00075,0,/poketool/icongra/pl_poke_icon.narc,389,75,,79352,80424,74924,75996,1072,61749d2addda9ac25fad7757eeea3236cbece230d7f98948761dfaf5f4eeb819,5247434efffe01013004000010000100,,NCGR graphics,Confirmed,True,False,,,,,,,,,,False,False
/poketool/icongra/pl_poke_icon.narc,/poketool/icongra/pl_poke_icon.narc!/member_00076,0,/poketool/icongra/pl_poke_icon.narc,389,76,,80424,81496,75996,77068,1072,64de76bfe08759ebe42f53ae77821a36ca16e526dd1610db77a54d0db4e2fb1b,5247434efffe01013004000010000100,,NCGR graphics,Confirmed,True,False,,,,,,,,,,False,False
/poketool/icongra/pl_poke_icon.narc,/poketool/icongra/pl_poke_icon.narc!/member_00077,0,/poketool/icongra/pl_poke_icon.narc,389,77,,81496,82568,77068,78140,1072,6c7c39dd4d2182ace2d2521a78e5e732fea8e69e9b7f57412d23d9caefcc2a6b,5247434efffe01013004000010000100,,NCGR graphics,Confirmed,True,False,,,,,,,,,,False,False
/poketool/icongra/pl_poke_icon.narc,/poketool/icongra/pl_poke_icon.narc!/member_00078,0,/poketool/icongra/pl_poke_icon.narc,389,78,,82568,83640,78140,79212,1072,c5c7eaa1b4b16b9124bb2e6f561da946a82bbf8d71c2ea6e888f87f0748f8f17,5247434efffe01013004000010000100,,NCGR graphics,Confirmed,True,False,,,,,,,,,,False,False
/poketool/icongra/pl_poke_icon.narc,/poketool/icongra/pl_poke_icon.narc!/member_00079,0,/poketool/icongra/pl_poke_icon.narc,389,79,,83640,84712,79212,80284,1072,936f54a97b5b264594a684bf653fcf5f439987cd23a3322dd8bf1590a122517f,5247434efffe01013004000010000100,,NCGR graphics,Confirmed,True,False,,,,,,,,,,False,False
/poketool/icongra/pl_poke_icon.narc,/poketool/icongra/pl_poke_icon.narc!/member_00080,0,/poketool/icongra/pl_poke_icon.narc,389,80,,84712,85784,80284,81356,1072,fdda85508ff3d9bccd8611639b2ae87b22b549ffb81f23175505241f346c9efd,5247434efffe01013004000010000100,,NCGR graphics,Confirmed,True,False,,,,,,,,,,False,False
/poketool/icongra/pl_poke_icon.narc,/poketool/icongra/pl_poke_icon.narc!/member_00081,0,/poketool/icongra/pl_poke_icon.narc,389,81,,85784,86856,81356,82428,1072,9fa5f5d0a5b0541ca44680cfd05ebcf49246586c8555848e25769ed1735a504c,5247434efffe01013004000010000100,,NCGR graphics,Confirmed,True,False,,,,,,,,,,False,False
/poketool/icongra/pl_poke_icon.narc,/poketool/icongra/pl_poke_icon.narc!/member_00082,0,/poketool/icongra/pl_poke_icon.narc,389,82,,86856,87928,82428,83500,1072,8ebfbba92f442fce0646d8d2c685b4f53f9a6178d112f8fcfc7197be252756d0,5247434efffe01013004000010000100,,NCGR graphics,Confirmed,True,False,,,,,,,,,,False,False
/poketool/icongra/pl_poke_icon.narc,/poketool/icongra/pl_poke_icon.narc!/member_00083,0,/poketool/icongra/pl_poke_icon.narc,389,83,,87928,89000,83500,84572,1072,09d01f6910df42b869c901583554ed1ddf178eade0c66c2a16811bc5446d01f6,5247434efffe01013004000010000100,,NCGR graphics,Confirmed,True,False,,,,,,,,,,False,False
/poketool/icongra/pl_poke_icon.narc,/poketool/icongra/pl_poke_icon.narc!/member_00084,0,/poketool/icongra/pl_poke_icon.narc,389,84,,89000,90072,84572,85644,1072,2a6a4d6b7a4c8246ec3dde266ecd37c2f29c9b81bb05d6adef303d5eb1be5d22,5247434efffe01013004000010000100,,NCGR graphics,Confirmed,True,False,,,,,,,,,,False,False
/poketool/icongra/pl_poke_icon.narc,/poketool/icongra/pl_poke_icon.narc!/member_00085,0,/poketool/icongra/pl_poke_icon.narc,389,85,,90072,91144,85644,86716,1072,a80119bd793d4dd430b482c16f88d09e8dcc689684ba5345f46796be5e184d49,5247434efffe01013004000010000100,,NCGR graphics,Confirmed,True,False,,,,,,,,,,False,False
/poketool/icongra/pl_poke_icon.narc,/poketool/icongra/pl_poke_icon.narc!/member_00086,0,/poketool/icongra/pl_poke_icon.narc,389,86,,91144,92216,86716,87788,1072,606ce45cbf4189d2ac91bc5246ccb5f0144257ab88b84c718e004491e8e3cc2a,5247434efffe01013004000010000100,,NCGR graphics,Confirmed,True,False,,,,,,,,,,False,False
/poketool/icongra/pl_poke_icon.narc,/poketool/icongra/pl_poke_icon.narc!/member_00087,0,/poketool/icongra/pl_poke_icon.narc,389,87,,92216,93288,87788,88860,1072,43c19cfa4585486bacf5d37e0b552d72d1f9e656e542968349ae2b2985e151fd,5247434efffe01013004000010000100,,NCGR graphics,Confirmed,True,False,,,,,,,,,,False,False
/poketool/icongra/pl_poke_icon.narc,/poketool/icongra/pl_poke_icon.narc!/member_00088,0,/poketool/icongra/pl_poke_icon.narc,389,88,,93288,94360,88860,89932,1072,f575284f8cfb2f5efbb831a9a1b72ea1df15d4275bd91bae84754186de7b5cb7,5247434efffe01013004000010000100,,NCGR graphics,Confirmed,True,False,,,,,,,,,,False,False
/poketool/icongra/pl_poke_icon.narc,/poketool/icongra/pl_poke_icon.narc!/member_00089,0,/poketool/icongra/pl_poke_icon.narc,389,89,,94360,95432,89932,91004,1072,786a30ac8ee7139a97273d9ba0cfd4d1cb056af231306b92642374af3128a2c8,5247434efffe01013004000010000100,,NCGR graphics,Confirmed,True,False,,,,,,,,,,False,False
/poketool/icongra/pl_poke_icon.narc,/poketool/icongra/pl_poke_icon.narc!/member_00090,0,/poketool/icongra/pl_poke_icon.narc,389,90,,95432,96504,91004,92076,1072,1c88a07b54418516e66dfbc148b13df755af909312b6f8a96e082fd1737e870c,5247434efffe01013004000010000100,,NCGR graphics,Confirmed,True,False,,,,,,,,,,False,False
/poketool/icongra/pl_poke_icon.narc,/poketool/icongra/pl_poke_icon.narc!/member_00091,0,/poketool/icongra/pl_poke_icon.narc,389,91,,96504,97576,92076,93148,1072,0d9249d9323fb0f4cf8ab506d3e24ef8c72ce61045145e6a3594eebfd80e160b,5247434efffe01013004000010000100,,NCGR graphics,Confirmed,True,False,,,,,,,,,,False,False
/poketool/icongra/pl_poke_icon.narc,/poketool/icongra/pl_poke_icon.narc!/member_00092,0,/poketool/icongra/pl_poke_icon.narc,389,92,,97576,98648,93148,94220,1072,678219d9d0f8c185be82cb863e457bad54132476656bb40fa6066c62d404ec70,5247434efffe01013004000010000100,,NCGR graphics,Confirmed,True,False,,,,,,,,,,False,False
/poketool/icongra/pl_poke_icon.narc,/poketool/icongra/pl_poke_icon.narc!/member_00093,0,/poketool/icongra/pl_poke_icon.narc,389,93,,98648,99720,94220,95292,1072,68a23cdfac9ce226a370350288938ca400fe7422b24f4b8e5faee330bd4f18a1,5247434efffe01013004000010000100,,NCGR graphics,Confirmed,True,False,,,,,,,,,,False,False
/poketool/icongra/pl_poke_icon.narc,/poketool/icongra/pl_poke_icon.narc!/member_00094,0,/poketool/icongra/pl_poke_icon.narc,389,94,,99720,100792,95292,96364,1072,652b5c7de5cf47c9242f21b6f78965a4e675b9071192bc2bd9c5b367012d4cda,5247434efffe01013004000010000100,,NCGR graphics,Confirmed,True,False,,,,,,,,,,False,False
/poketool/icongra/pl_poke_icon.narc,/poketool/icongra/pl_poke_icon.narc!/member_00095,0,/poketool/icongra/pl_poke_icon.narc,389,95,,100792,101864,96364,97436,1072,45569a3c4fe3eec80431888ec6bc943e5ad9a4d96365acdaf638b93b64f60e61,5247434efffe01013004000010000100,,NCGR graphics,Confirmed,True,False,,,,,,,,,,False,False
/poketool/icongra/pl_poke_icon.narc,/poketool/icongra/pl_poke_icon.narc!/member_00096,0,/poketool/icongra/pl_poke_icon.narc,389,96,,101864,102936,97436,98508,1072,2c8353f796456996f01c4c4f55ec19170403e110d0c40cf131a6173d0384000c,5247434efffe01013004000010000100,,NCGR graphics,Confirmed,True,False,,,,,,,,,,False,False
/poketool/icongra/pl_poke_icon.narc,/poketool/icongra/pl_poke_icon.narc!/member_00097,0,/poketool/icongra/pl_poke_icon.narc,389,97,,102936,104008,98508,99580,1072,0418121ba2d47254199792b4721ec619db7604d675b8bc25d35a1869586ebbed,5247434efffe01013004000010000100,,NCGR graphics,Confirmed,True,False,,,,,,,,,,False,False
/poketool/icongra/pl_poke_icon.narc,/poketool/icongra/pl_poke_icon.narc!/member_00098,0,/poketool/icongra/pl_poke_icon.narc,389,98,,104008,105080,99580,100652,1072,1a07dcc55997a7d5cfc5a093440834914fbb31562ac7aa535b19bd701251f499,5247434efffe01013004000010000100,,NCGR graphics,Confirmed,True,False,,,,,,,,,,False,False
/poketool/icongra/pl_poke_icon.narc,/poketool/icongra/pl_poke_icon.narc!/member_00099,0,/poketool/icongra/pl_poke_icon.narc,389,99,,105080,106152,100652,101724,1072,acea919db084024994b6707e95123821562f5a9e8e5cc775c3a5b1823934c591,5247434efffe01013004000010000100,,NCGR graphics,Confirmed,True,False,,,,,,,,,,False,False
/poketool/icongra/pl_poke_icon.narc,/poketool/icongra/pl_poke_icon.narc!/member_00100,0,/poketool/icongra/pl_poke_icon.narc,389,100,,106152,107224,101724,102796,1072,48d54ea33a96ebdd87980370e3727c205f538ec58b17354042d09c33253ae17c,5247434efffe01013004000010000100,,NCGR graphics,Confirmed,True,False,,,,,,,,,,False,False
/poketool/icongra/pl_poke_icon.narc,/poketool/icongra/pl_poke_icon.narc!/member_00101,0,/poketool/icongra/pl_poke_icon.narc,389,101,,107224,108296,102796,103868,1072,0f513c9b77db24ea753509ed5c95ce69b5d043241494ca981ae4f72b453df77f,5247434efffe01013004000010000100,,NCGR graphics,Confirmed,True,False,,,,,,,,,,False,False
/poketool/icongra/pl_poke_icon.narc,/poketool/icongra/pl_poke_icon.narc!/member_00102,0,/poketool/icongra/pl_poke_icon.narc,389,102,,108296,109368,103868,104940,1072,1834ba49bf134cdb12788db07ba9f246d2d74b33f6afb6a7333b38b47d0b6ca2,5247434efffe01013004000010000100,,NCGR graphics,Confirmed,True,False,,,,,,,,,,False,False
/poketool/icongra/pl_poke_icon.narc,/poketool/icongra/pl_poke_icon.narc!/member_00103,0,/poketool/icongra/pl_poke_icon.narc,389,103,,109368,110440,104940,106012,1072,3cba0f9f1b6f76dfc998d0ed4be3ca125b3cd9a7f14fff96091e3d9068439408,5247434efffe01013004000010000100,,NCGR graphics,Confirmed,True,False,,,,,,,,,,False,False
/poketool/icongra/pl_poke_icon.narc,/poketool/icongra/pl_poke_icon.narc!/member_00104,0,/poketool/icongra/pl_poke_icon.narc,389,104,,110440,111512,106012,107084,1072,10de6c465d425336ac8716bf1cab7e3987c7d91f7b0c0e04b4b10d4d3254f454,5247434efffe01013004000010000100,,NCGR graphics,Confirmed,True,False,,,,,,,,,,False,False
/poketool/icongra/pl_poke_icon.narc,/poketool/icongra/pl_poke_icon.narc!/member_00105,0,/poketool/icongra/pl_poke_icon.narc,389,105,,111512,112584,107084,108156,1072,869c8e631bc75e78e153b202e65a083295c0f42812b15b5f4a2b11b1562ca83b,5247434efffe01013004000010000100,,NCGR graphics,Confirmed,True,False,,,,,,,,,,False,False
/poketool/icongra/pl_poke_icon.narc,/poketool/icongra/pl_poke_icon.narc!/member_00106,0,/poketool/icongra/pl_poke_icon.narc,389,106,,112584,113656,108156,109228,1072,e5206891c72b12026a1eab0d22dc73a9f0a903cc2d535f9067fc920f0684df5f,5247434efffe01013004000010000100,,NCGR graphics,Confirmed,True,False,,,,,,,,,,False,False
/poketool/icongra/pl_poke_icon.narc,/poketool/icongra/pl_poke_icon.narc!/member_00107,0,/poketool/icongra/pl_poke_icon.narc,389,107,,113656,114728,109228,110300,1072,9897d356219db138722fb12351ebdb67116139c9f296bde2e0ae40858a60f51c,5247434efffe01013004000010000100,,NCGR graphics,Confirmed,True,False,,,,,,,,,,False,False
/poketool/icongra/pl_poke_icon.narc,/poketool/icongra/pl_poke_icon.narc!/member_00108,0,/poketool/icongra/pl_poke_icon.narc,389,108,,114728,115800,110300,111372,1072,f90513ec9a2f6f960cfbb361ae36d6e1d9b6da578e90e878a23e350c404ab364,5247434efffe01013004000010000100,,NCGR graphics,Confirmed,True,False,,,,,,,,,,False,False
/poketool/icongra/pl_poke_icon.narc,/poketool/icongra/pl_poke_icon.narc!/member_00109,0,/poketool/icongra/pl_poke_icon.narc,389,109,,115800,116872,111372,112444,1072,822b634caf2fa2124a6fdf80c98fd9acaff868cf9c6b38f0ac5adf17f6fa40f7,5247434efffe01013004000010000100,,NCGR graphics,Confirmed,True,False,,,,,,,,,,False,False
/poketool/icongra/pl_poke_icon.narc,/poketool/icongra/pl_poke_icon.narc!/member_00110,0,/poketool/icongra/pl_poke_icon.narc,389,110,,116872,117944,112444,113516,1072,4f7f9723fad7b032d4f3fe86e4c0d5c1a90bcd5ae33694b65fec7db43b02a907,5247434efffe01013004000010000100,,NCGR graphics,Confirmed,True,False,,,,,,,,,,False,False
/poketool/icongra/pl_poke_icon.narc,/poketool/icongra/pl_poke_icon.narc!/member_00111,0,/poketool/icongra/pl_poke_icon.narc,389,111,,117944,119016,113516,114588,1072,a0180541517abe0d0b90a969813ff3b03b13a16a76b52ef20713112de2e17c1b,5247434efffe01013004000010000100,,NCGR graphics,Confirmed,True,False,,,,,,,,,,False,False
/poketool/icongra/pl_poke_icon.narc,/poketool/icongra/pl_poke_icon.narc!/member_00112,0,/poketool/icongra/pl_poke_icon.narc,389,112,,119016,120088,114588,115660,1072,9cd1538013d07ede57bebb1847780e3a2a163f758f6e73167ebd3358c5705ecd,5247434efffe01013004000010000100,,NCGR graphics,Confirmed,True,False,,,,,,,,,,False,False
/poketool/icongra/pl_poke_icon.narc,/poketool/icongra/pl_poke_icon.narc!/member_00113,0,/poketool/icongra/pl_poke_icon.narc,389,113,,120088,121160,115660,116732,1072,b2cdf978bd33e3237cf496c14dfca023d452924640df69c52ffc241b25b43a19,5247434efffe01013004000010000100,,NCGR graphics,Confirmed,True,False,,,,,,,,,,False,False
/poketool/icongra/pl_poke_icon.narc,/poketool/icongra/pl_poke_icon.narc!/member_00114,0,/poketool/icongra/pl_poke_icon.narc,389,114,,121160,122232,116732,117804,1072,31c0559cccf5cd31d9547c1d8ca9e5a13d487ededd39a3a7d1b11c0db2b41212,5247434efffe01013004000010000100,,NCGR graphics,Confirmed,True,False,,,,,,,,,,False,False
/poketool/icongra/pl_poke_icon.narc,/poketool/icongra/pl_poke_icon.narc!/member_00115,0,/poketool/icongra/pl_poke_icon.narc,389,115,,122232,123304,117804,118876,1072,c5c50742a57056bbc859e5f5e1d9c6f84fba0cd5b764961d0dd7c0c537f463ac,5247434efffe01013004000010000100,,NCGR graphics,Confirmed,True,False,,,,,,,,,,False,False
/poketool/icongra/pl_poke_icon.narc,/poketool/icongra/pl_poke_icon.narc!/member_00116,0,/poketool/icongra/pl_poke_icon.narc,389,116,,123304,124376,118876,119948,1072,75ab684ab4efef56f462929558809adc263feb24ea9e31c86439c6277bb52e39,5247434efffe01013004000010000100,,NCGR graphics,Confirmed,True,False,,,,,,,,,,False,False
/poketool/icongra/pl_poke_icon.narc,/poketool/icongra/pl_poke_icon.narc!/member_00117,0,/poketool/icongra/pl_poke_icon.narc,389,117,,124376,125448,119948,121020,1072,623b579f4e47ee5f31129fbb90aa260838f274896cc8a5a79d906e658bc506d2,5247434efffe01013004000010000100,,NCGR graphics,Confirmed,True,False,,,,,,,,,,False,False
/poketool/icongra/pl_poke_icon.narc,/poketool/icongra/pl_poke_icon.narc!/member_00118,0,/poketool/icongra/pl_poke_icon.narc,389,118,,125448,126520,121020,122092,1072,fac29577ad1931ff8e11da4de7cc75c3ae471eb34895fd78b0d9172f2a8508e6,5247434efffe01013004000010000100,,NCGR graphics,Confirmed,True,False,,,,,,,,,,False,False
/poketool/icongra/pl_poke_icon.narc,/poketool/icongra/pl_poke_icon.narc!/member_00119,0,/poketool/icongra/pl_poke_icon.narc,389,119,,126520,127592,122092,123164,1072,3f62b09e33bb6e4755ea6259d4878f73b36c7d9b6d68ec671dee21ca9660ba02,5247434efffe01013004000010000100,,NCGR graphics,Confirmed,True,False,,,,,,,,,,False,False
/poketool/icongra/pl_poke_icon.narc,/poketool/icongra/pl_poke_icon.narc!/member_00120,0,/poketool/icongra/pl_poke_icon.narc,389,120,,127592,128664,123164,124236,1072,b508f04ad2a36c0c83ad246a6aba4695b49c87d4dac3a8d77858134b96d8adf3,5247434efffe01013004000010000100,,NCGR graphics,Confirmed,True,False,,,,,,,,,,False,False
/poketool/icongra/pl_poke_icon.narc,/poketool/icongra/pl_poke_icon.narc!/member_00121,0,/poketool/icongra/pl_poke_icon.narc,389,121,,128664,129736,124236,125308,1072,1775617d53cb85a1929db6dd4e2af0772d3cf27099b567bf1b53acd52a6864c6,5247434efffe01013004000010000100,,NCGR graphics,Confirmed,True,False,,,,,,,,,,False,False
/poketool/icongra/pl_poke_icon.narc,/poketool/icongra/pl_poke_icon.narc!/member_00122,0,/poketool/icongra/pl_poke_icon.narc,389,122,,129736,130808,125308,126380,1072,cec3c9c99ce8e5948fa12df7200db1da91b007a95877b36b7319cc12e27b4908,5247434efffe01013004000010000100,,NCGR graphics,Confirmed,True,False,,,,,,,,,,False,False
/poketool/icongra/pl_poke_icon.narc,/poketool/icongra/pl_poke_icon.narc!/member_00123,0,/poketool/icongra/pl_poke_icon.narc,389,123,,130808,131880,126380,127452,1072,e7e066f5539ec8dbee56f65ebade89aeabba20f9ac5ed64f69cad8eca41989f1,5247434efffe01013004000010000100,,NCGR graphics,Confirmed,True,False,,,,,,,,,,False,False
/poketool/icongra/pl_poke_icon.narc,/poketool/icongra/pl_poke_icon.narc!/member_00124,0,/poketool/icongra/pl_poke_icon.narc,389,124,,131880,132952,127452,128524,1072,3e8c76fee481b4ad76902f6ae69e72273f0083ba20c0b32b486ba93adbd2667b,5247434efffe01013004000010000100,,NCGR graphics,Confirmed,True,False,,,,,,,,,,False,False
/poketool/icongra/pl_poke_icon.narc,/poketool/icongra/pl_poke_icon.narc!/member_00125,0,/poketool/icongra/pl_poke_icon.narc,389,125,,132952,134024,128524,129596,1072,fb631cebc40e22cf384a7d5a155c5eded9f98d0900390fe9649aae7b1c992007,5247434efffe01013004000010000100,,NCGR graphics,Confirmed,True,False,,,,,,,,,,False,False
/poketool/icongra/pl_poke_icon.narc,/poketool/icongra/pl_poke_icon.narc!/member_00126,0,/poketool/icongra/pl_poke_icon.narc,389,126,,134024,135096,129596,130668,1072,ec2c371568f0c72c1a2770f1f698c5edd976d56176902934aff080399b457636,5247434efffe01013004000010000100,,NCGR graphics,Confirmed,True,False,,,,,,,,,,False,False
/poketool/icongra/pl_poke_icon.narc,/poketool/icongra/pl_poke_icon.narc!/member_00127,0,/poketool/icongra/pl_poke_icon.narc,389,127,,135096,136168,130668,131740,1072,78f5a1eccea3f95e836c212e6e47adf081f5e7da81ecdd8a7cbf9d45cb6d053d,5247434efffe01013004000010000100,,NCGR graphics,Confirmed,True,False,,,,,,,,,,False,False
/poketool/icongra/pl_poke_icon.narc,/poketool/icongra/pl_poke_icon.narc!/member_00128,0,/poketool/icongra/pl_poke_icon.narc,389,128,,136168,137240,131740,132812,1072,110b7d8c8a64b25fec9bf0b3e31e8533919951c67daed3d6706004073351b9f1,5247434efffe01013004000010000100,,NCGR graphics,Confirmed,True,False,,,,,,,,,,False,False
/poketool/icongra/pl_poke_icon.narc,/poketool/icongra/pl_poke_icon.narc!/member_00129,0,/poketool/icongra/pl_poke_icon.narc,389,129,,137240,138312,132812,133884,1072,fa43fd36eab946332cf26bc9d68a9f850dc71e7e096805ddd98ebb34c8da3c1f,5247434efffe01013004000010000100,,NCGR graphics,Confirmed,True,False,,,,,,,,,,False,False
/poketool/icongra/pl_poke_icon.narc,/poketool/icongra/pl_poke_icon.narc!/member_00130,0,/poketool/icongra/pl_poke_icon.narc,389,130,,138312,139384,133884,134956,1072,7255dfb932fe2621185e51b6ba6366b90be3c70173a3f76754f1fd157e3010a7,5247434efffe01013004000010000100,,NCGR graphics,Confirmed,True,False,,,,,,,,,,False,False
/poketool/icongra/pl_poke_icon.narc,/poketool/icongra/pl_poke_icon.narc!/member_00131,0,/poketool/icongra/pl_poke_icon.narc,389,131,,139384,140456,134956,136028,1072,2f1dfd08d6c837f733cfe2408d920858f6718248d71ad6f6a46250cf76009769,5247434efffe01013004000010000100,,NCGR graphics,Confirmed,True,False,,,,,,,,,,False,False
/poketool/icongra/pl_poke_icon.narc,/poketool/icongra/pl_poke_icon.narc!/member_00132,0,/poketool/icongra/pl_poke_icon.narc,389,132,,140456,141528,136028,137100,1072,55455a87ea84c65c6f145606efb0e633e6df120748ade63172c243a0e028bdf5,5247434efffe01013004000010000100,,NCGR graphics,Confirmed,True,False,,,,,,,,,,False,False
/poketool/icongra/pl_poke_icon.narc,/poketool/icongra/pl_poke_icon.narc!/member_00133,0,/poketool/icongra/pl_poke_icon.narc,389,133,,141528,142600,137100,138172,1072,679421de10adbb1aaa9f6f3b8cc4238c41deebe72f4540da77472e0e6c14051b,5247434efffe01013004000010000100,,NCGR graphics,Confirmed,True,False,,,,,,,,,,False,False
/poketool/icongra/pl_poke_icon.narc,/poketool/icongra/pl_poke_icon.narc!/member_00134,0,/poketool/icongra/pl_poke_icon.narc,389,134,,142600,143672,138172,139244,1072,5da6c1afe33e7539431c01d4156dfa7c0ac6b90dd497d5556d3ecb64bf4e7086,5247434efffe01013004000010000100,,NCGR graphics,Confirmed,True,False,,,,,,,,,,False,False
/poketool/icongra/pl_poke_icon.narc,/poketool/icongra/pl_poke_icon.narc!/member_00135,0,/poketool/icongra/pl_poke_icon.narc,389,135,,143672,144744,139244,140316,1072,8b7dd3550cb42325b21297f69bf8a186c73e1137ea3188a9985fea8acc77c927,5247434efffe01013004000010000100,,NCGR graphics,Confirmed,True,False,,,,,,,,,,False,False
/poketool/icongra/pl_poke_icon.narc,/poketool/icongra/pl_poke_icon.narc!/member_00136,0,/poketool/icongra/pl_poke_icon.narc,389,136,,144744,145816,140316,141388,1072,5f8723eb0e0d7927f497bc1d5cc3002843587f2cdd86914a64cf44621bbda190,5247434efffe01013004000010000100,,NCGR graphics,Confirmed,True,False,,,,,,,,,,False,False
/poketool/icongra/pl_poke_icon.narc,/poketool/icongra/pl_poke_icon.narc!/member_00137,0,/poketool/icongra/pl_poke_icon.narc,389,137,,145816,146888,141388,142460,1072,495cb6337d1edadf70984970ce98f07a624aec86ecdd7a46a1692cafb5e29eea,5247434efffe01013004000010000100,,NCGR graphics,Confirmed,True,False,,,,,,,,,,False,False
/poketool/icongra/pl_poke_icon.narc,/poketool/icongra/pl_poke_icon.narc!/member_00138,0,/poketool/icongra/pl_poke_icon.narc,389,138,,146888,147960,142460,143532,1072,d5704654477b1baaffd07673954ad91709df4b06767ce0a52e5d0bb1bd47163e,5247434efffe01013004000010000100,,NCGR graphics,Confirmed,True,False,,,,,,,,,,False,False
/poketool/icongra/pl_poke_icon.narc,/poketool/icongra/pl_poke_icon.narc!/member_00139,0,/poketool/icongra/pl_poke_icon.narc,389,139,,147960,149032,143532,144604,1072,d93b508b71d61a38fce6031fef4a9d7a2a1a8a8b31a16fb3e3baac7445ac5b59,5247434efffe01013004000010000100,,NCGR graphics,Confirmed,True,False,,,,,,,,,,False,False
/poketool/icongra/pl_poke_icon.narc,/poketool/icongra/pl_poke_icon.narc!/member_00140,0,/poketool/icongra/pl_poke_icon.narc,389,140,,149032,150104,144604,145676,1072,7dd07cf27973b49e567932990e3773b8f58b14ca650c3ffc0f76d99ab5d6824c,5247434efffe01013004000010000100,,NCGR graphics,Confirmed,True,False,,,,,,,,,,False,False
/poketool/icongra/pl_poke_icon.narc,/poketool/icongra/pl_poke_icon.narc!/member_00141,0,/poketool/icongra/pl_poke_icon.narc,389,141,,150104,151176,145676,146748,1072,ffd2a555cd3778a7dd905f1b475042d34d3e549a1f44af52ef33755f6d11c601,5247434efffe01013004000010000100,,NCGR graphics,Confirmed,True,False,,,,,,,,,,False,False
/poketool/icongra/pl_poke_icon.narc,/poketool/icongra/pl_poke_icon.narc!/member_00142,0,/poketool/icongra/pl_poke_icon.narc,389,142,,151176,152248,146748,147820,1072,2a072138385eec0be0975653028b60ad8e6bb8a35bd1fe5077b6a8b34fd6c5dd,5247434efffe01013004000010000100,,NCGR graphics,Confirmed,True,False,,,,,,,,,,False,False
/poketool/icongra/pl_poke_icon.narc,/poketool/icongra/pl_poke_icon.narc!/member_00143,0,/poketool/icongra/pl_poke_icon.narc,389,143,,152248,153320,147820,148892,1072,5092426cae22ff6fe4a8cce76ecb40f08dd8f7ac112f215a70109e831904100a,5247434efffe01013004000010000100,,NCGR graphics,Confirmed,True,False,,,,,,,,,,False,False
/poketool/icongra/pl_poke_icon.narc,/poketool/icongra/pl_poke_icon.narc!/member_00144,0,/poketool/icongra/pl_poke_icon.narc,389,144,,153320,154392,148892,149964,1072,52d638f5d5ec91ae7c74562cd6f7daeabab636d56b157dcb122aafae3793fe35,5247434efffe01013004000010000100,,NCGR graphics,Confirmed,True,False,,,,,,,,,,False,False
/poketool/icongra/pl_poke_icon.narc,/poketool/icongra/pl_poke_icon.narc!/member_00145,0,/poketool/icongra/pl_poke_icon.narc,389,145,,154392,155464,149964,151036,1072,216203771b2c8cf797b7866a4be51113f480c4417460f76b420ccfeb0ea76c6e,5247434efffe01013004000010000100,,NCGR graphics,Confirmed,True,False,,,,,,,,,,False,False
/poketool/icongra/pl_poke_icon.narc,/poketool/icongra/pl_poke_icon.narc!/member_00146,0,/poketool/icongra/pl_poke_icon.narc,389,146,,155464,156536,151036,152108,1072,1b699474ca5c94b2ff82cf9428fdb6488a36f11c43b4fb2103754b9103ac6384,5247434efffe01013004000010000100,,NCGR graphics,Confirmed,True,False,,,,,,,,,,False,False
/poketool/icongra/pl_poke_icon.narc,/poketool/icongra/pl_poke_icon.narc!/member_00147,0,/poketool/icongra/pl_poke_icon.narc,389,147,,156536,157608,152108,153180,1072,73bfc9f417846f842b8f6a5a3337bf02f4701501d4c6c33be4a7a8ac53d24672,5247434efffe01013004000010000100,,NCGR graphics,Confirmed,True,False,,,,,,,,,,False,False
/poketool/icongra/pl_poke_icon.narc,/poketool/icongra/pl_poke_icon.narc!/member_00148,0,/poketool/icongra/pl_poke_icon.narc,389,148,,157608,158680,153180,154252,1072,829c6f2f7ea1349be02ede17a529627fc695b4228ec898df14a15097e91f8622,5247434efffe01013004000010000100,,NCGR graphics,Confirmed,True,False,,,,,,,,,,False,False
/poketool/icongra/pl_poke_icon.narc,/poketool/icongra/pl_poke_icon.narc!/member_00149,0,/poketool/icongra/pl_poke_icon.narc,389,149,,158680,159752,154252,155324,1072,a2feaaf865510c4d17a5a0487f72a9adf827ea95915cd16e9119b7c30d9ad5de,5247434efffe01013004000010000100,,NCGR graphics,Confirmed,True,False,,,,,,,,,,False,False
/poketool/icongra/pl_poke_icon.narc,/poketool/icongra/pl_poke_icon.narc!/member_00150,0,/poketool/icongra/pl_poke_icon.narc,389,150,,159752,160824,155324,156396,1072,ee4f264645bb1d68f0ebbc619002d26aaa77a45ce04094c423284f9541a755e6,5247434efffe01013004000010000100,,NCGR graphics,Confirmed,True,False,,,,,,,,,,False,False
/poketool/icongra/pl_poke_icon.narc,/poketool/icongra/pl_poke_icon.narc!/member_00151,0,/poketool/icongra/pl_poke_icon.narc,389,151,,160824,161896,156396,157468,1072,c11f75d67e74a85d65c8c1740f280f21eab6f5155f8786343ee5baabe81057f2,5247434efffe01013004000010000100,,NCGR graphics,Confirmed,True,False,,,,,,,,,,False,False
/poketool/icongra/pl_poke_icon.narc,/poketool/icongra/pl_poke_icon.narc!/member_00152,0,/poketool/icongra/pl_poke_icon.narc,389,152,,161896,162968,157468,158540,1072,bb3901c2d23119bf021dbcfa30ee745461d2464029f911b6bc39a15a72466cc0,5247434efffe01013004000010000100,,NCGR graphics,Confirmed,True,False,,,,,,,,,,False,False
/poketool/icongra/pl_poke_icon.narc,/poketool/icongra/pl_poke_icon.narc!/member_00153,0,/poketool/icongra/pl_poke_icon.narc,389,153,,162968,164040,158540,159612,1072,c1ff4f64c870fc8b9d5df92c1de2a68319fb7397229bd34cac6e19c84c19df03,5247434efffe01013004000010000100,,NCGR graphics,Confirmed,True,False,,,,,,,,,,False,False
/poketool/icongra/pl_poke_icon.narc,/poketool/icongra/pl_poke_icon.narc!/member_00154,0,/poketool/icongra/pl_poke_icon.narc,389,154,,164040,165112,159612,160684,1072,204cade0688b085116ad96a34e913d972371a42352eba3256fa4bdf77336864c,5247434efffe01013004000010000100,,NCGR graphics,Confirmed,True,False,,,,,,,,,,False,False
/poketool/icongra/pl_poke_icon.narc,/poketool/icongra/pl_poke_icon.narc!/member_00155,0,/poketool/icongra/pl_poke_icon.narc,389,155,,165112,166184,160684,161756,1072,0e9f319e3d4537878950573d7a61dc25ec310be391eccbb9748be1c1444abcdb,5247434efffe01013004000010000100,,NCGR graphics,Confirmed,True,False,,,,,,,,,,False,False
/poketool/icongra/pl_poke_icon.narc,/poketool/icongra/pl_poke_icon.narc!/member_00156,0,/poketool/icongra/pl_poke_icon.narc,389,156,,166184,167256,161756,162828,1072,d939cc213e3fbf4f2efd031950ef89f40dc1e5cb0153c82ff19ea1c487a7a84b,5247434efffe01013004000010000100,,NCGR graphics,Confirmed,True,False,,,,,,,,,,False,False
/poketool/icongra/pl_poke_icon.narc,/poketool/icongra/pl_poke_icon.narc!/member_00157,0,/poketool/icongra/pl_poke_icon.narc,389,157,,167256,168328,162828,163900,1072,902c0045a388744f3c016e852a949be32c5058e9af89ef443cad32f7541485ac,5247434efffe01013004000010000100,,NCGR graphics,Confirmed,True,False,,,,,,,,,,False,False
/poketool/icongra/pl_poke_icon.narc,/poketool/icongra/pl_poke_icon.narc!/member_00158,0,/poketool/icongra/pl_poke_icon.narc,389,158,,168328,169400,163900,164972,1072,bcd98f1dd61a556b199b34dd3510f7f232c40367785ebcc25f300d3a073f5ba1,5247434efffe01013004000010000100,,NCGR graphics,Confirmed,True,False,,,,,,,,,,False,False
/poketool/icongra/pl_poke_icon.narc,/poketool/icongra/pl_poke_icon.narc!/member_00159,0,/poketool/icongra/pl_poke_icon.narc,389,159,,169400,170472,164972,166044,1072,542b5a56d5ffdfb11c853223795c9316671441bbd5084ce17a8fe4f7c4b8ff2f,5247434efffe01013004000010000100,,NCGR graphics,Confirmed,True,False,,,,,,,,,,False,False
/poketool/icongra/pl_poke_icon.narc,/poketool/icongra/pl_poke_icon.narc!/member_00160,0,/poketool/icongra/pl_poke_icon.narc,389,160,,170472,171544,166044,167116,1072,fd9ebdc7c1d62be95e2929d7ebd54f64d9900fa360c71542f340ac914bca190c,5247434efffe01013004000010000100,,NCGR graphics,Confirmed,True,False,,,,,,,,,,False,False
/poketool/icongra/pl_poke_icon.narc,/poketool/icongra/pl_poke_icon.narc!/member_00161,0,/poketool/icongra/pl_poke_icon.narc,389,161,,171544,172616,167116,168188,1072,2b9c30fdff4e410d9d4a8f34271e5f2234536717771e301e29d6278b563c6faf,5247434efffe01013004000010000100,,NCGR graphics,Confirmed,True,False,,,,,,,,,,False,False
/poketool/icongra/pl_poke_icon.narc,/poketool/icongra/pl_poke_icon.narc!/member_00162,0,/poketool/icongra/pl_poke_icon.narc,389,162,,172616,173688,168188,169260,1072,f6f31ed23ab5b78c7dc5ab90a02a18a1d8a625ab57ed9f570533b8204a55c8f2,5247434efffe01013004000010000100,,NCGR graphics,Confirmed,True,False,,,,,,,,,,False,False
/poketool/icongra/pl_poke_icon.narc,/poketool/icongra/pl_poke_icon.narc!/member_00163,0,/poketool/icongra/pl_poke_icon.narc,389,163,,173688,174760,169260,170332,1072,19187495be797de4b0960f1d3ad6fbfdcac393d4f733316ad1e280766870a6c7,5247434efffe01013004000010000100,,NCGR graphics,Confirmed,True,False,,,,,,,,,,False,False
/poketool/icongra/pl_poke_icon.narc,/poketool/icongra/pl_poke_icon.narc!/member_00164,0,/poketool/icongra/pl_poke_icon.narc,389,164,,174760,175832,170332,171404,1072,51bbf386206b0702a631c6675807bc5eb7fafcb3b6bb917537531445fcb2f4a8,5247434efffe01013004000010000100,,NCGR graphics,Confirmed,True,False,,,,,,,,,,False,False
/poketool/icongra/pl_poke_icon.narc,/poketool/icongra/pl_poke_icon.narc!/member_00165,0,/poketool/icongra/pl_poke_icon.narc,389,165,,175832,176904,171404,172476,1072,05a212e8af14684d92387fd0023b134f674c7b92250ebfb490f156c85052ea46,5247434efffe01013004000010000100,,NCGR graphics,Confirmed,True,False,,,,,,,,,,False,False
/poketool/icongra/pl_poke_icon.narc,/poketool/icongra/pl_poke_icon.narc!/member_00166,0,/poketool/icongra/pl_poke_icon.narc,389,166,,176904,177976,172476,173548,1072,13dd7e5a155c45614f7cdb7152e6fc99bac8dcab0a44f0547ff5896136077cdf,5247434efffe01013004000010000100,,NCGR graphics,Confirmed,True,False,,,,,,,,,,False,False
/poketool/icongra/pl_poke_icon.narc,/poketool/icongra/pl_poke_icon.narc!/member_00167,0,/poketool/icongra/pl_poke_icon.narc,389,167,,177976,179048,173548,174620,1072,e1aac021bf2763f301a9e9b50a237bd8ef78c66ecb7e4fa05a666b407ed6a3d6,5247434efffe01013004000010000100,,NCGR graphics,Confirmed,True,False,,,,,,,,,,False,False
/poketool/icongra/pl_poke_icon.narc,/poketool/icongra/pl_poke_icon.narc!/member_00168,0,/poketool/icongra/pl_poke_icon.narc,389,168,,179048,180120,174620,175692,1072,c9bd1a2af5a22176b0153cd20d605229c203376c85da22ab6f0d1f26ebe9fc74,5247434efffe01013004000010000100,,NCGR graphics,Confirmed,True,False,,,,,,,,,,False,False
/poketool/icongra/pl_poke_icon.narc,/poketool/icongra/pl_poke_icon.narc!/member_00169,0,/poketool/icongra/pl_poke_icon.narc,389,169,,180120,181192,175692,176764,1072,03019ecad0d5806df2058527c9298eac339389e31a5463bcc9491e34ffbaa777,5247434efffe01013004000010000100,,NCGR graphics,Confirmed,True,False,,,,,,,,,,False,False
/poketool/icongra/pl_poke_icon.narc,/poketool/icongra/pl_poke_icon.narc!/member_00170,0,/poketool/icongra/pl_poke_icon.narc,389,170,,181192,182264,176764,177836,1072,47dd66948df4d88b2b433a87a20bbad2f8756a8915d2b5714287c5c128076996,5247434efffe01013004000010000100,,NCGR graphics,Confirmed,True,False,,,,,,,,,,False,False
/poketool/icongra/pl_poke_icon.narc,/poketool/icongra/pl_poke_icon.narc!/member_00171,0,/poketool/icongra/pl_poke_icon.narc,389,171,,182264,183336,177836,178908,1072,df9a05361096ee6411eb89651f7075fcd694f08da53672fba402290b0b88d1c0,5247434efffe01013004000010000100,,NCGR graphics,Confirmed,True,False,,,,,,,,,,False,False
/poketool/icongra/pl_poke_icon.narc,/poketool/icongra/pl_poke_icon.narc!/member_00172,0,/poketool/icongra/pl_poke_icon.narc,389,172,,183336,184408,178908,179980,1072,7cc787847683bcb14fcdac008c7becdf9a95f0d17af1d1dbba530c468d721181,5247434efffe01013004000010000100,,NCGR graphics,Confirmed,True,False,,,,,,,,,,False,False
/poketool/icongra/pl_poke_icon.narc,/poketool/icongra/pl_poke_icon.narc!/member_00173,0,/poketool/icongra/pl_poke_icon.narc,389,173,,184408,185480,179980,181052,1072,8610236e416f8633a0c80683d1530b2dab3629a25056e6c21bcfb6664adfe387,5247434efffe01013004000010000100,,NCGR graphics,Confirmed,True,False,,,,,,,,,,False,False
/poketool/icongra/pl_poke_icon.narc,/poketool/icongra/pl_poke_icon.narc!/member_00174,0,/poketool/icongra/pl_poke_icon.narc,389,174,,185480,186552,181052,182124,1072,19b7a89269190931fe379ecae8130f74f630690658d9feabc328aac66f9de5ba,5247434efffe01013004000010000100,,NCGR graphics,Confirmed,True,False,,,,,,,,,,False,False
/poketool/icongra/pl_poke_icon.narc,/poketool/icongra/pl_poke_icon.narc!/member_00175,0,/poketool/icongra/pl_poke_icon.narc,389,175,,186552,187624,182124,183196,1072,38ac51154f0037af7743b93b6f29d7806dbafd1f35072a5a35216596c8668167,5247434efffe01013004000010000100,,NCGR graphics,Confirmed,True,False,,,,,,,,,,False,False
/poketool/icongra/pl_poke_icon.narc,/poketool/icongra/pl_poke_icon.narc!/member_00176,0,/poketool/icongra/pl_poke_icon.narc,389,176,,187624,188696,183196,184268,1072,76cff78cddaee9d9bb9169353757d3effc78a4ec06e36c6158918eb8064af722,5247434efffe01013004000010000100,,NCGR graphics,Confirmed,True,False,,,,,,,,,,False,False
/poketool/icongra/pl_poke_icon.narc,/poketool/icongra/pl_poke_icon.narc!/member_00177,0,/poketool/icongra/pl_poke_icon.narc,389,177,,188696,189768,184268,185340,1072,21079460f7b854ad815f9c4d6aef745481eed36de68ab573e1ac8ce493544c69,5247434efffe01013004000010000100,,NCGR graphics,Confirmed,True,False,,,,,,,,,,False,False
/poketool/icongra/pl_poke_icon.narc,/poketool/icongra/pl_poke_icon.narc!/member_00178,0,/poketool/icongra/pl_poke_icon.narc,389,178,,189768,190840,185340,186412,1072,333d9dbe30ae07460ac1ef7c231ac230ab575152949234c010d3d3e288baca96,5247434efffe01013004000010000100,,NCGR graphics,Confirmed,True,False,,,,,,,,,,False,False
/poketool/icongra/pl_poke_icon.narc,/poketool/icongra/pl_poke_icon.narc!/member_00179,0,/poketool/icongra/pl_poke_icon.narc,389,179,,190840,191912,186412,187484,1072,ebf95ba06c49f9697eb1f5fabc06e4bbf9eb7edfdd85885f5697357cce5ce9cf,5247434efffe01013004000010000100,,NCGR graphics,Confirmed,True,False,,,,,,,,,,False,False
/poketool/icongra/pl_poke_icon.narc,/poketool/icongra/pl_poke_icon.narc!/member_00180,0,/poketool/icongra/pl_poke_icon.narc,389,180,,191912,192984,187484,188556,1072,4f41aa368636784221a2b9be4f203bb18e2af24a2873aba82b6f00e697ece538,5247434efffe01013004000010000100,,NCGR graphics,Confirmed,True,False,,,,,,,,,,False,False
/poketool/icongra/pl_poke_icon.narc,/poketool/icongra/pl_poke_icon.narc!/member_00181,0,/poketool/icongra/pl_poke_icon.narc,389,181,,192984,194056,188556,189628,1072,0e863655a3045dbf408975ddedc9626c49bcaf7f7b40afd836de8df59a1c3ddf,5247434efffe01013004000010000100,,NCGR graphics,Confirmed,True,False,,,,,,,,,,False,False
/poketool/icongra/pl_poke_icon.narc,/poketool/icongra/pl_poke_icon.narc!/member_00182,0,/poketool/icongra/pl_poke_icon.narc,389,182,,194056,195128,189628,190700,1072,cbc912c5770abbbf9353770a00bb6823ce730d99246c0f8ed7985e139c24ebe3,5247434efffe01013004000010000100,,NCGR graphics,Confirmed,True,False,,,,,,,,,,False,False
/poketool/icongra/pl_poke_icon.narc,/poketool/icongra/pl_poke_icon.narc!/member_00183,0,/poketool/icongra/pl_poke_icon.narc,389,183,,195128,196200,190700,191772,1072,f7d61bd1749dcd3faaefff220ccd9b67e3e3d615e3ff4b89b55116fae28e29bf,5247434efffe01013004000010000100,,NCGR graphics,Confirmed,True,False,,,,,,,,,,False,False
/poketool/icongra/pl_poke_icon.narc,/poketool/icongra/pl_poke_icon.narc!/member_00184,0,/poketool/icongra/pl_poke_icon.narc,389,184,,196200,197272,191772,192844,1072,224ee3273a8326ccc3914a4f89324cd160d8eedf6c46eab2987aca85f4f47060,5247434efffe01013004000010000100,,NCGR graphics,Confirmed,True,False,,,,,,,,,,False,False
/poketool/icongra/pl_poke_icon.narc,/poketool/icongra/pl_poke_icon.narc!/member_00185,0,/poketool/icongra/pl_poke_icon.narc,389,185,,197272,198344,192844,193916,1072,cecbfe2b2efb09d257827bb0b41136b8e1bf6a296115db2cbb13e8caf4e81af9,5247434efffe01013004000010000100,,NCGR graphics,Confirmed,True,False,,,,,,,,,,False,False
/poketool/icongra/pl_poke_icon.narc,/poketool/icongra/pl_poke_icon.narc!/member_00186,0,/poketool/icongra/pl_poke_icon.narc,389,186,,198344,199416,193916,194988,1072,ddd2aa0e74306cd98d91b599256ef4aa461c234079c15e09623d26fb36c19356,5247434efffe01013004000010000100,,NCGR graphics,Confirmed,True,False,,,,,,,,,,False,False
/poketool/icongra/pl_poke_icon.narc,/poketool/icongra/pl_poke_icon.narc!/member_00187,0,/poketool/icongra/pl_poke_icon.narc,389,187,,199416,200488,194988,196060,1072,912fd22b9aa240a5cff9436c62fbec613a6dfe83ad863c8fe494d252de04bd88,5247434efffe01013004000010000100,,NCGR graphics,Confirmed,True,False,,,,,,,,,,False,False
