container_chain,member_chain,depth,parent_narc_path,parent_file_id,member_index,name,container_relative_offset,container_relative_end,gmif_relative_offset,gmif_relative_end,size,sha256,signature_hex,extension,probable_format,format_evidence,structure_valid,compressed,compression,compression_evidence,decompression_supported,declared_decompressed_size,decompression_valid,decompressed_size,decompressed_sha256,decompressed_format,decompressed_format_evidence,nested_container,nested_after_decompression
/fielddata/script/scr_seq.narc,/fielddata/script/scr_seq.narc!/member_00657,0,/fielddata/script/scr_seq.narc,324,657,,251320,251328,242276,242284,8,035ea31cde9b95c28a68cf2cc6d9b8d7f2d88802448304765460242fe729e294,02d8270000000000,,,,,False,,,,,,,,,,False,False
/fielddata/script/scr_seq.narc,/fielddata/script/scr_seq.narc!/member_00658,0,/fielddata/script/scr_seq.narc,324,658,,251328,251336,242284,242292,8,fb59317b8103f19f3850f0be3fe62db1aa481a9a7b31c590e6d243e98eacd375,0201000000000000,,,,,False,,,,,,,,,,False,False
/fielddata/script/scr_seq.narc,/fielddata/script/scr_seq.narc!/member_00659,0,/fielddata/script/scr_seq.narc,324,659,,251336,251344,242292,242300,8,fb59317b8103f19f3850f0be3fe62db1aa481a9a7b31c590e6d243e98eacd375,0201000000000000,,,,,False,,,,,,,,,,False,False
/fielddata/script/scr_seq.narc,/fielddata/script/scr_seq.narc!/member_00660,0,/fielddata/script/scr_seq.narc,324,660,,251344,251352,242300,242308,8,fb59317b8103f19f3850f0be3fe62db1aa481a9a7b31c590e6d243e98eacd375,0201000000000000,,,,,False,,,,,,,,,,False,False
/fielddata/script/scr_seq.narc,/fielddata/script/scr_seq.narc!/member_00661,0,/fielddata/script/scr_seq.narc,324,661,,251352,251360,242308,242316,8,1bcd9bcb70868ab78d0aadcb59c1823ab264fed355c1990c96698da4bf724f59,02a0280000000000,,,,,False,,,,,,,,,,False,False
/fielddata/script/scr_seq.narc,/fielddata/script/scr_seq.narc!/member_00662,0,/fielddata/script/scr_seq.narc,324,662,,251360,251400,242316,242356,40,39613700ccf2d7d42d2303890578d8e08985f2492c0f41468b4089d45e80a62c,0328230000010100000000d540010034,,,,,False,,,,,,,,,,False,False
/fielddata/script/scr_seq.narc,/fielddata/script/scr_seq.narc!/member_00663,0,/fielddata/script/scr_seq.narc,324,663,,251400,251428,242356,242384,28,7f8fb4f08639ecc59ce478d4a53fee4653b7da0cc2ead46300b713807ebdadd6,04f3230000010100000000d4400000f0,,,,,False,,,,,,,,,,False,False
/fielddata/script/scr_seq.narc,/fielddata/script/scr_seq.narc!/member_00664,0,/fielddata/script/scr_seq.narc,324,664,,251428,251436,242384,242392,8,95ab968b5e60a8ddd5cceb1f5477b84a1e13637c73a02f31663a27364af0690b,0205000000000000,,,,,False,,,,,,,,,,False,False
/fielddata/script/scr_seq.narc,/fielddata/script/scr_seq.narc!/member_00665,0,/fielddata/script/scr_seq.narc,324,665,,251436,251440,242392,242396,4,df3f619804a92fdb4057192dc43dd748ea778adc52bc498ce80524c014b81119,00000000,,,,,False,,,,,,,,,,False,False
/fielddata/script/scr_seq.narc,/fielddata/script/scr_seq.narc!/member_00666,0,/fielddata/script/scr_seq.narc,324,666,,251440,251444,242396,242400,4,df3f619804a92fdb4057192dc43dd748ea778adc52bc498ce80524c014b81119,00000000,,,,,False,,,,,,,,,,False,False
/fielddata/script/scr_seq.narc,/fielddata/script/scr_seq.narc!/member_00667,0,/fielddata/script/scr_seq.narc,324,667,,251444,251448,242400,242404,4,df3f619804a92fdb4057192dc43dd748ea778adc52bc498ce80524c014b81119,00000000,,,,,False,,,,,,,,,,False,False
/fielddata/script/scr_seq.narc,/fielddata/script/scr_seq.narc!/member_00668,0,/fielddata/script/scr_seq.narc,324,668,,251448,251452,242404,242408,4,df3f619804a92fdb4057192dc43dd748ea778adc52bc498ce80524c014b81119,00000000,,,,,False,,,,,,,,,,False,False
/fielddata/script/scr_seq.narc,/fielddata/script/scr_seq.narc!/member_00669,0,/fielddata/script/scr_seq.narc,324,669,,251452,251456,242408,242412,4,df3f619804a92fdb4057192dc43dd748ea778adc52bc498ce80524c014b81119,00000000,,,,,False,,,,,,,,,,False,False
/fielddata/script/scr_seq.narc,/fielddata/script/scr_seq.narc!/member_00670,0,/fielddata/script/scr_seq.narc,324,670,,251456,251460,242412,242416,4,df3f619804a92fdb4057192dc43dd748ea778adc52bc498ce80524c014b81119,00000000,,,,,False,,,,,,,,,,False,False
/fielddata/script/scr_seq.narc,/fielddata/script/scr_seq.narc!/member_00671,0,/fielddata/script/scr_seq.narc,324,671,,251460,251464,242416,242420,4,df3f619804a92fdb4057192dc43dd748ea778adc52bc498ce80524c014b81119,00000000,,,,,False,,,,,,,,,,False,False
/fielddata/script/scr_seq.narc,/fielddata/script/scr_seq.narc!/member_00672,0,/fielddata/script/scr_seq.narc,324,672,,251464,251480,242420,242436,16,e427eb4d0403f8d06775f1ed73c3905a62ba6ea536694dbb1ab10d18d89a1d8b,01010000000001400000010000000000,,,,,False,,,,,,,,,,False,False
/fielddata/script/scr_seq.narc,/fielddata/script/scr_seq.narc!/member_00673,0,/fielddata/script/scr_seq.narc,324,673,,251480,251484,242436,242440,4,df3f619804a92fdb4057192dc43dd748ea778adc52bc498ce80524c014b81119,00000000,,,,,False,,,,,,,,,,False,False
/fielddata/script/scr_seq.narc,/fielddata/script/scr_seq.narc!/member_00674,0,/fielddata/script/scr_seq.narc,324,674,,251484,251492,242440,242448,8,fb59317b8103f19f3850f0be3fe62db1aa481a9a7b31c590e6d243e98eacd375,0201000000000000,,,,,False,,,,,,,,,,False,False
/fielddata/script/scr_seq.narc,/fielddata/script/scr_seq.narc!/member_00675,0,/fielddata/script/scr_seq.narc,324,675,,251492,251500,242448,242456,8,035ea31cde9b95c28a68cf2cc6d9b8d7f2d88802448304765460242fe729e294,02d8270000000000,,,,,False,,,,,,,,,,False,False
/fielddata/script/scr_seq.narc,/fielddata/script/scr_seq.narc!/member_00676,0,/fielddata/script/scr_seq.narc,324,676,,251500,251508,242456,242464,8,fb59317b8103f19f3850f0be3fe62db1aa481a9a7b31c590e6d243e98eacd375,0201000000000000,,,,,False,,,,,,,,,,False,False
/fielddata/script/scr_seq.narc,/fielddata/script/scr_seq.narc!/member_00677,0,/fielddata/script/scr_seq.narc,324,677,,251508,251516,242464,242472,8,1bcd9bcb70868ab78d0aadcb59c1823ab264fed355c1990c96698da4bf724f59,02a0280000000000,,,,,False,,,,,,,,,,False,False
/fielddata/script/scr_seq.narc,/fielddata/script/scr_seq.narc!/member_00678,0,/fielddata/script/scr_seq.narc,324,678,,251516,251556,242472,242512,40,39613700ccf2d7d42d2303890578d8e08985f2492c0f41468b4089d45e80a62c,0328230000010100000000d540010034,,,,,False,,,,,,,,,,False,False
/fielddata/script/scr_seq.narc,/fielddata/script/scr_seq.narc!/member_00679,0,/fielddata/script/scr_seq.narc,324,679,,251556,251584,242512,242540,28,7f8fb4f08639ecc59ce478d4a53fee4653b7da0cc2ead46300b713807ebdadd6,04f3230000010100000000d4400000f0,,,,,False,,,,,,,,,,False,False
/fielddata/script/scr_seq.narc,/fielddata/script/scr_seq.narc!/member_00680,0,/fielddata/script/scr_seq.narc,324,680,,251584,251588,242540,242544,4,df3f619804a92fdb4057192dc43dd748ea778adc52bc498ce80524c014b81119,00000000,,,,,False,,,,,,,,,,False,False
/fielddata/script/scr_seq.narc,/fielddata/script/scr_seq.narc!/member_00681,0,/fielddata/script/scr_seq.narc,324,681,,251588,251592,242544,242548,4,df3f619804a92fdb4057192dc43dd748ea778adc52bc498ce80524c014b81119,00000000,,,,,False,,,,,,,,,,False,False
/fielddata/script/scr_seq.narc,/fielddata/script/scr_seq.narc!/member_00682,0,/fielddata/script/scr_seq.narc,324,682,,251592,251596,242548,242552,4,df3f619804a92fdb4057192dc43dd748ea778adc52bc498ce80524c014b81119,00000000,,,,,False,,,,,,,,,,False,False
/fielddata/script/scr_seq.narc,/fielddata/script/scr_seq.narc!/member_00683,0,/fielddata/script/scr_seq.narc,324,683,,251596,251604,242552,242560,8,4823ff34557b350562a800037eb14e533d39954d76cd142c23dbee263db4b4af,0204000000000000,,,,,False,,,,,,,,,,False,False
/fielddata/script/scr_seq.narc,/fielddata/script/scr_seq.narc!/member_00684,0,/fielddata/script/scr_seq.narc,324,684,,251604,251644,242560,242600,40,39613700ccf2d7d42d2303890578d8e08985f2492c0f41468b4089d45e80a62c,0328230000010100000000d540010034,,,,,False,,,,,,,,,,False,False
/fielddata/script/scr_seq.narc,/fielddata/script/scr_seq.narc!/member_00685,0,/fielddata/script/scr_seq.narc,324,685,,251644,251672,242600,242628,28,7f8fb4f08639ecc59ce478d4a53fee4653b7da0cc2ead46300b713807ebdadd6,04f3230000010100000000d4400000f0,,,,,False,,,,,,,,,,False,False
/fielddata/script/scr_seq.narc,/fielddata/script/scr_seq.narc!/member_00686,0,/fielddata/script/scr_seq.narc,324,686,,251672,251680,242628,242636,8,95ab968b5e60a8ddd5cceb1f5477b84a1e13637c73a02f31663a27364af0690b,0205000000000000,,,,,False,,,,,,,,,,False,False
/fielddata/script/scr_seq.narc,/fielddata/script/scr_seq.narc!/member_00687,0,/fielddata/script/scr_seq.narc,324,687,,251680,251688,242636,242644,8,fb59317b8103f19f3850f0be3fe62db1aa481a9a7b31c590e6d243e98eacd375,0201000000000000,,,,,False,,,,,,,,,,False,False
/fielddata/script/scr_seq.narc,/fielddata/script/scr_seq.narc!/member_00688,0,/fielddata/script/scr_seq.narc,324,688,,251688,251704,242644,242660,16,8a550c30ce6237d1f1c02c80a478b8589f5793d9f842b0f3273271a90fc59168,01010000000001400000020000000000,,,,,False,,,,,,,,,,False,False
/fielddata/script/scr_seq.narc,/fielddata/script/scr_seq.narc!/member_00689,0,/fielddata/script/scr_seq.narc,324,689,,251704,251712,242660,242668,8,fb59317b8103f19f3850f0be3fe62db1aa481a9a7b31c590e6d243e98eacd375,0201000000000000,,,,,False,,,,,,,,,,False,False
/fielddata/script/scr_seq.narc,/fielddata/script/scr_seq.narc!/member_00690,0,/fielddata/script/scr_seq.narc,324,690,,251712,251728,242668,242684,16,8a550c30ce6237d1f1c02c80a478b8589f5793d9f842b0f3273271a90fc59168,01010000000001400000020000000000,,,,,False,,,,,,,,,,False,False
/fielddata/script/scr_seq.narc,/fielddata/script/scr_seq.narc!/member_00691,0,/fielddata/script/scr_seq.narc,324,691,,251728,251736,242684,242692,8,fb59317b8103f19f3850f0be3fe62db1aa481a9a7b31c590e6d243e98eacd375,0201000000000000,,,,,False,,,,,,,,,,False,False
/fielddata/script/scr_seq.narc,/fielddata/script/scr_seq.narc!/member_00692,0,/fielddata/script/scr_seq.narc,324,692,,251736,251752,242692,242708,16,8a550c30ce6237d1f1c02c80a478b8589f5793d9f842b0f3273271a90fc59168,01010000000001400000020000000000,,,,,False,,,,,,,,,,False,False
/fielddata/script/scr_seq.narc,/fielddata/script/scr_seq.narc!/member_00693,0,/fielddata/script/scr_seq.narc,324,693,,251752,251760,242708,242716,8,fb59317b8103f19f3850f0be3fe62db1aa481a9a7b31c590e6d243e98eacd375,0201000000000000,,,,,False,,,,,,,,,,False,False
/fielddata/script/scr_seq.narc,/fielddata/script/scr_seq.narc!/member_00694,0,/fielddata/script/scr_seq.narc,324,694,,251760,251776,242716,242732,16,8a550c30ce6237d1f1c02c80a478b8589f5793d9f842b0f3273271a90fc59168,01010000000001400000020000000000,,,,,False,,,,,,,,,,False,False
/fielddata/script/scr_seq.narc,/fielddata/script/scr_seq.narc!/member_00695,0,/fielddata/script/scr_seq.narc,324,695,,251776,251784,242732,242740,8,fb59317b8103f19f3850f0be3fe62db1aa481a9a7b31c590e6d243e98eacd375,0201000000000000,,,,,False,,,,,,,,,,False,False
/fielddata/script/scr_seq.narc,/fielddata/script/scr_seq.narc!/member_00696,0,/fielddata/script/scr_seq.narc,324,696,,251784,251804,242740,242760,20,ba2fe60c9d03541c5f1a16d070ad4691abb448a1173a39b5db387e70dd08fba6,02010000000101000000000340000002,,,,,False,,,,,,,,,,False,False
/fielddata/script/scr_seq.narc,/fielddata/script/scr_seq.narc!/member_00697,0,/fielddata/script/scr_seq.narc,324,697,,251804,251820,242760,242776,16,31df3b7e536fb4f2210a8c32cc3a8b54182f74ae567abe5c4f9216dd70fe82b0,01010000000003400000010000000000,,,,,False,,,,,,,,,,False,False
/fielddata/script/scr_seq.narc,/fielddata/script/scr_seq.narc!/member_00698,0,/fielddata/script/scr_seq.narc,324,698,,251820,251836,242776,242792,16,31df3b7e536fb4f2210a8c32cc3a8b54182f74ae567abe5c4f9216dd70fe82b0,01010000000003400000010000000000,,,,,False,,,,,,,,,,False,False
/fielddata/script/scr_seq.narc,/fielddata/script/scr_seq.narc!/member_00699,0,/fielddata/script/scr_seq.narc,324,699,,251836,251876,242792,242832,40,39613700ccf2d7d42d2303890578d8e08985f2492c0f41468b4089d45e80a62c,0328230000010100000000d540010034,,,,,False,,,,,,,,,,False,False
/fielddata/script/scr_seq.narc,/fielddata/script/scr_seq.narc!/member_00700,0,/fielddata/script/scr_seq.narc,324,700,,251876,251904,242832,242860,28,7f8fb4f08639ecc59ce478d4a53fee4653b7da0cc2ead46300b713807ebdadd6,04f3230000010100000000d4400000f0,,,,,False,,,,,,,,,,False,False
/fielddata/script/scr_seq.narc,/fielddata/script/scr_seq.narc!/member_00701,0,/fielddata/script/scr_seq.narc,324,701,,251904,251924,242860,242880,20,99095e60cb72baef62e1fb636b67c4b73491f40ab45ae35dd42abc7d823c47f0,020f0000000101000000008140000001,,,,,False,,,,,,,,,,False,False
/fielddata/script/scr_seq.narc,/fielddata/script/scr_seq.narc!/member_00702,0,/fielddata/script/scr_seq.narc,324,702,,251924,251932,242880,242888,8,035ea31cde9b95c28a68cf2cc6d9b8d7f2d88802448304765460242fe729e294,02d8270000000000,,,,,False,,,,,,,,,,False,False
/fielddata/script/scr_seq.narc,/fielddata/script/scr_seq.narc!/member_00703,0,/fielddata/script/scr_seq.narc,324,703,,251932,251940,242888,242896,8,1bcd9bcb70868ab78d0aadcb59c1823ab264fed355c1990c96698da4bf724f59,02a0280000000000,,,,,False,,,,,,,,,,False,False
/fielddata/script/scr_seq.narc,/fielddata/script/scr_seq.narc!/member_00704,0,/fielddata/script/scr_seq.narc,324,704,,251940,251980,242896,242936,40,39613700ccf2d7d42d2303890578d8e08985f2492c0f41468b4089d45e80a62c,0328230000010100000000d540010034,,,,,False,,,,,,,,,,False,False
/fielddata/script/scr_seq.narc,/fielddata/script/scr_seq.narc!/member_00705,0,/fielddata/script/scr_seq.narc,324,705,,251980,252008,242936,242964,28,7f8fb4f08639ecc59ce478d4a53fee4653b7da0cc2ead46300b713807ebdadd6,04f3230000010100000000d4400000f0,,,,,False,,,,,,,,,,False,False
/fielddata/script/scr_seq.narc,/fielddata/script/scr_seq.narc!/member_00706,0,/fielddata/script/scr_seq.narc,324,706,,252008,252012,242964,242968,4,df3f619804a92fdb4057192dc43dd748ea778adc52bc498ce80524c014b81119,00000000,,,,,False,,,,,,,,,,False,False
/fielddata/script/scr_seq.narc,/fielddata/script/scr_seq.narc!/member_00707,0,/fielddata/script/scr_seq.narc,324,707,,252012,252016,242968,242972,4,df3f619804a92fdb4057192dc43dd748ea778adc52bc498ce80524c014b81119,00000000,,,,,False,,,,,,,,,,False,False
/fielddata/script/scr_seq.narc,/fielddata/script/scr_seq.narc!/member_00708,0,/fielddata/script/scr_seq.narc,324,708,,252016,252020,242972,242976,4,df3f619804a92fdb4057192dc43dd748ea778adc52bc498ce80524c014b81119,00000000,,,,,False,,,,,,,,,,False,False
/fielddata/script/scr_seq.narc,/fielddata/script/scr_seq.narc!/member_00709,0,/fielddata/script/scr_seq.narc,324,709,,252020,252024,242976,242980,4,df3f619804a92fdb4057192dc43dd748ea778adc52bc498ce80524c014b81119,00000000,,,,,False,,,,,,,,,,False,False
/fielddata/script/scr_seq.narc,/fielddata/script/scr_seq.narc!/member_00710,0,/fielddata/script/scr_seq.narc,324,710,,252024,252028,242980,242984,4,df3f619804a92fdb4057192dc43dd748ea778adc52bc498ce80524c014b81119,00000000,,,,,False,,,,,,,,,,False,False
/fielddata/script/scr_seq.narc,/fielddata/script/scr_seq.narc!/member_00711,0,/fielddata/script/scr_seq.narc,324,711,,252028,252036,242984,242992,8,fb59317b8103f19f3850f0be3fe62db1aa481a9a7b31c590e6d243e98eacd375,0201000000000000,,,,,False,,,,,,,,,,False,False
/fielddata/script/scr_seq.narc,/fielddata/script/scr_seq.narc!/member_00712,0,/fielddata/script/scr_seq.narc,324,712,,252036,252040,242992,242996,4,df3f619804a92fdb4057192dc43dd748ea778adc52bc498ce80524c014b81119,00000000,,,,,False,,,,,,,,,,False,False
/fielddata/script/scr_seq.narc,/fielddata/script/scr_seq.narc!/member_00713,0,/fielddata/script/scr_seq.narc,324,713,,252040,252072,242996,243028,32,4666580b81465992549e0b2f3c98ca7bdd4c8f60c207934444a7b0fe40a16916,04020000000201000000030700000001,,,,,False,,,,,,,,,,False,False
/fielddata/script/scr_seq.narc,/fielddata/script/scr_seq.narc!/member_00714,0,/fielddata/script/scr_seq.narc,324,714,,252072,252092,243028,243048,20,2f5d0b2b91ab5fbe7b3344d05f20803afcfb5146c7bd5a9c0d6c8f256745742f,0201000000010100000000cf40000002,,,,,False,,,,,,,,,,False,False
/fielddata/script/scr_seq.narc,/fielddata/script/scr_seq.narc!/member_00715,0,/fielddata/script/scr_seq.narc,324,715,,252092,252100,243048,243056,8,fb59317b8103f19f3850f0be3fe62db1aa481a9a7b31c590e6d243e98eacd375,0201000000000000,,,,,False,,,,,,,,,,False,False
/fielddata/script/scr_seq.narc,/fielddata/script/scr_seq.narc!/member_00716,0,/fielddata/script/scr_seq.narc,324,716,,252100,252120,243056,243076,20,a09e1858914c2698549043843009e86f715ad3c5edd024f111d8d7bf2c003cfc,020b000000010100000000cd4001000c,,,,,False,,,,,,,,,,False,False
/fielddata/script/scr_seq.narc,/fielddata/script/scr_seq.narc!/member_00717,0,/fielddata/script/scr_seq.narc,324,717,,252120,252124,243076,243080,4,df3f619804a92fdb4057192dc43dd748ea778adc52bc498ce80524c014b81119,00000000,,,,,False,,,,,,,,,,False,False
/fielddata/script/scr_seq.narc,/fielddata/script/scr_seq.narc!/member_00718,0,/fielddata/script/scr_seq.narc,324,718,,252124,252132,243080,243088,8,fb59317b8103f19f3850f0be3fe62db1aa481a9a7b31c590e6d243e98eacd375,0201000000000000,,,,,False,,,,,,,,,,False,False
/fielddata/script/scr_seq.narc,/fielddata/script/scr_seq.narc!/member_00719,0,/fielddata/script/scr_seq.narc,324,719,,252132,252140,243088,243096,8,fb59317b8103f19f3850f0be3fe62db1aa481a9a7b31c590e6d243e98eacd375,0201000000000000,,,,,False,,,,,,,,,,False,False
/fielddata/script/scr_seq.narc,/fielddata/script/scr_seq.narc!/member_00720,0,/fielddata/script/scr_seq.narc,324,720,,252140,252144,243096,243100,4,df3f619804a92fdb4057192dc43dd748ea778adc52bc498ce80524c014b81119,00000000,,,,,False,,,,,,,,,,False,False
/fielddata/script/scr_seq.narc,/fielddata/script/scr_seq.narc!/member_00721,0,/fielddata/script/scr_seq.narc,324,721,,252144,252148,243100,243104,4,df3f619804a92fdb4057192dc43dd748ea778adc52bc498ce80524c014b81119,00000000,,,,,False,,,,,,,,,,False,False
/fielddata/script/scr_seq.narc,/fielddata/script/scr_seq.narc!/member_00722,0,/fielddata/script/scr_seq.narc,324,722,,252148,252152,243104,243108,4,df3f619804a92fdb4057192dc43dd748ea778adc52bc498ce80524c014b81119,00000000,,,,,False,,,,,,,,,,False,False
/fielddata/script/scr_seq.narc,/fielddata/script/scr_seq.narc!/member_00723,0,/fielddata/script/scr_seq.narc,324,723,,252152,252156,243108,243112,4,df3f619804a92fdb4057192dc43dd748ea778adc52bc498ce80524c014b81119,00000000,,,,,False,,,,,,,,,,False,False
/fielddata/script/scr_seq.narc,/fielddata/script/scr_seq.narc!/member_00724,0,/fielddata/script/scr_seq.narc,324,724,,252156,252160,243112,243116,4,df3f619804a92fdb4057192dc43dd748ea778adc52bc498ce80524c014b81119,00000000,,,,,False,,,,,,,,,,False,False
/fielddata/script/scr_seq.narc,/fielddata/script/scr_seq.narc!/member_00725,0,/fielddata/script/scr_seq.narc,324,725,,252160,252164,243116,243120,4,df3f619804a92fdb4057192dc43dd748ea778adc52bc498ce80524c014b81119,00000000,,,,,False,,,,,,,,,,False,False
/fielddata/script/scr_seq.narc,/fielddata/script/scr_seq.narc!/member_00726,0,/fielddata/script/scr_seq.narc,324,726,,252164,252168,243120,243124,4,df3f619804a92fdb4057192dc43dd748ea778adc52bc498ce80524c014b81119,00000000,,,,,False,,,,,,,,,,False,False
/fielddata/script/scr_seq.narc,/fielddata/script/scr_seq.narc!/member_00727,0,/fielddata/script/scr_seq.narc,324,727,,252168,252172,243124,243128,4,df3f619804a92fdb4057192dc43dd748ea778adc52bc498ce80524c014b81119,00000000,,,,,False,,,,,,,,,,False,False
/fielddata/script/scr_seq.narc,/fielddata/script/scr_seq.narc!/member_00728,0,/fielddata/script/scr_seq.narc,324,728,,252172,252184,243128,243140,12,d6b4c11ff2d545721e2b55166b6f6bb08321f62140262a8ec196d58d670ff2d8,020100000004020000000000,,,,,False,,,,,,,,,,False,False
/fielddata/script/scr_seq.narc,/fielddata/script/scr_seq.narc!/member_00729,0,/fielddata/script/scr_seq.narc,324,729,,252184,252188,243140,243144,4,df3f619804a92fdb4057192dc43dd748ea778adc52bc498ce80524c014b81119,00000000,,,,,False,,,,,,,,,,False,False
/fielddata/script/scr_seq.narc,/fielddata/script/scr_seq.narc!/member_00730,0,/fielddata/script/scr_seq.narc,324,730,,252188,252200,243144,243156,12,59adf31bbec518e5377885a2e4091e99f6244f5f1ca9ff37bab8b354b0091b3f,020200000004030000000000,,,,,False,,,,,,,,,,False,False
/fielddata/script/scr_seq.narc,/fielddata/script/scr_seq.narc!/member_00731,0,/fielddata/script/scr_seq.narc,324,731,,252200,252204,243156,243160,4,df3f619804a92fdb4057192dc43dd748ea778adc52bc498ce80524c014b81119,00000000,,,,,False,,,,,,,,,,False,False
/fielddata/script/scr_seq.narc,/fielddata/script/scr_seq.narc!/member_00732,0,/fielddata/script/scr_seq.narc,324,732,,252204,252208,243160,243164,4,df3f619804a92fdb4057192dc43dd748ea778adc52bc498ce80524c014b81119,00000000,,,,,False,,,,,,,,,,False,False
/fielddata/script/scr_seq.narc,/fielddata/script/scr_seq.narc!/member_00733,0,/fielddata/script/scr_seq.narc,324,733,,252208,252220,243164,243176,12,d6b4c11ff2d545721e2b55166b6f6bb08321f62140262a8ec196d58d670ff2d8,020100000004020000000000,,,,,False,,,,,,,,,,False,False
/fielddata/script/scr_seq.narc,/fielddata/script/scr_seq.narc!/member_00734,0,/fielddata/script/scr_seq.narc,324,734,,252220,252236,243176,243192,16,dbb74f9d59a97f58bf9392e2ac21706fa6ba60be9f0f0c70ef3d60e265728645,010100000000c3400100010000000000,,,,,False,,,,,,,,,,False,False
/fielddata/script/scr_seq.narc,/fielddata/script/scr_seq.narc!/member_00735,0,/fielddata/script/scr_seq.narc,324,735,,252236,252248,243192,243204,12,8e7330b8248102580de727232b001479be60561ce24323c4f73b687a3d49b091,020300000004010000000000,,,,,False,,,,,,,,,,False,False
/fielddata/script/scr_seq.narc,/fielddata/script/scr_seq.narc!/member_00736,0,/fielddata/script/scr_seq.narc,324,736,,252248,252256,243204,243212,8,db4a817e8f7bbf5a862d1ed461fc3b5e006753237cfd268fed6a16764761c033,0202000000000000,,,,,False,,,,,,,,,,False,False
/fielddata/script/scr_seq.narc,/fielddata/script/scr_seq.narc!/member_00737,0,/fielddata/script/scr_seq.narc,324,737,,252256,252264,243212,243220,8,db4a817e8f7bbf5a862d1ed461fc3b5e006753237cfd268fed6a16764761c033,0202000000000000,,,,,False,,,,,,,,,,False,False
/fielddata/script/scr_seq.narc,/fielddata/script/scr_seq.narc!/member_00738,0,/fielddata/script/scr_seq.narc,324,738,,252264,252272,243220,243228,8,fb59317b8103f19f3850f0be3fe62db1aa481a9a7b31c590e6d243e98eacd375,0201000000000000,,,,,False,,,,,,,,,,False,False
/fielddata/script/scr_seq.narc,/fielddata/script/scr_seq.narc!/member_00739,0,/fielddata/script/scr_seq.narc,324,739,,252272,252276,243228,243232,4,df3f619804a92fdb4057192dc43dd748ea778adc52bc498ce80524c014b81119,00000000,,,,,False,,,,,,,,,,False,False
/fielddata/script/scr_seq.narc,/fielddata/script/scr_seq.narc!/member_00740,0,/fielddata/script/scr_seq.narc,324,740,,252276,252284,243232,243240,8,e99fe8396bd8669610f54690bba2ff45ea0f7826a03e451c7402cf2c45ed4fec,0260220000000000,,,,,False,,,,,,,,,,False,False
/fielddata/script/scr_seq.narc,/fielddata/script/scr_seq.narc!/member_00741,0,/fielddata/script/scr_seq.narc,324,741,,252284,252292,243240,243248,8,e99fe8396bd8669610f54690bba2ff45ea0f7826a03e451c7402cf2c45ed4fec,0260220000000000,,,,,False,,,,,,,,,,False,False
/fielddata/script/scr_seq.narc,/fielddata/script/scr_seq.narc!/member_00742,0,/fielddata/script/scr_seq.narc,324,742,,252292,252300,243248,243256,8,e99fe8396bd8669610f54690bba2ff45ea0f7826a03e451c7402cf2c45ed4fec,0260220000000000,,,,,False,,,,,,,,,,False,False
/fielddata/script/scr_seq.narc,/fielddata/script/scr_seq.narc!/member_00743,0,/fielddata/script/scr_seq.narc,324,743,,252300,252308,243256,243264,8,e99fe8396bd8669610f54690bba2ff45ea0f7826a03e451c7402cf2c45ed4fec,0260220000000000,,,,,False,,,,,,,,,,False,False
/fielddata/script/scr_seq.narc,/fielddata/script/scr_seq.narc!/member_00744,0,/fielddata/script/scr_seq.narc,324,744,,252308,252316,243264,243272,8,e99fe8396bd8669610f54690bba2ff45ea0f7826a03e451c7402cf2c45ed4fec,0260220000000000,,,,,False,,,,,,,,,,False,False
/fielddata/script/scr_seq.narc,/fielddata/script/scr_seq.narc!/member_00745,0,/fielddata/script/scr_seq.narc,324,745,,252316,252324,243272,243280,8,e99fe8396bd8669610f54690bba2ff45ea0f7826a03e451c7402cf2c45ed4fec,0260220000000000,,,,,False,,,,,,,,,,False,False
/fielddata/script/scr_seq.narc,/fielddata/script/scr_seq.narc!/member_00746,0,/fielddata/script/scr_seq.narc,324,746,,252324,252328,243280,243284,4,df3f619804a92fdb4057192dc43dd748ea778adc52bc498ce80524c014b81119,00000000,,,,,False,,,,,,,,,,False,False
/fielddata/script/scr_seq.narc,/fielddata/script/scr_seq.narc!/member_00747,0,/fielddata/script/scr_seq.narc,324,747,,252328,252336,243284,243292,8,fb59317b8103f19f3850f0be3fe62db1aa481a9a7b31c590e6d243e98eacd375,0201000000000000,,,,,False,,,,,,,,,,False,False
/fielddata/script/scr_seq.narc,/fielddata/script/scr_seq.narc!/member_00748,0,/fielddata/script/scr_seq.narc,324,748,,252336,252340,243292,243296,4,df3f619804a92fdb4057192dc43dd748ea778adc52bc498ce80524c014b81119,00000000,,,,,False,,,,,,,,,,False,False
/fielddata/script/scr_seq.narc,/fielddata/script/scr_seq.narc!/member_00749,0,/fielddata/script/scr_seq.narc,324,749,,252340,252344,243296,243300,4,df3f619804a92fdb4057192dc43dd748ea778adc52bc498ce80524c014b81119,00000000,,,,,False,,,,,,,,,,False,False
/fielddata/script/scr_seq.narc,/fielddata/script/scr_seq.narc!/member_00750,0,/fielddata/script/scr_seq.narc,324,750,,252344,252348,243300,243304,4,df3f619804a92fdb4057192dc43dd748ea778adc52bc498ce80524c014b81119,00000000,,,,,False,,,,,,,,,,False,False
/fielddata/script/scr_seq.narc,/fielddata/script/scr_seq.narc!/member_00751,0,/fielddata/script/scr_seq.narc,324,751,,252348,252352,243304,243308,4,df3f619804a92fdb4057192dc43dd748ea778adc52bc498ce80524c014b81119,00000000,,,,,False,,,,,,,,,,False,False
/fielddata/script/scr_seq.narc,/fielddata/script/scr_seq.narc!/member_00752,0,/fielddata/script/scr_seq.narc,324,752,,252352,252356,243308,243312,4,df3f619804a92fdb4057192dc43dd748ea778adc52bc498ce80524c014b81119,00000000,,,,,False,,,,,,,,,,False,False
/fielddata/script/scr_seq.narc,/fielddata/script/scr_seq.narc!/member_00753,0,/fielddata/script/scr_seq.narc,324,753,,252356,252360,243312,243316,4,df3f619804a92fdb4057192dc43dd748ea778adc52bc498ce80524c014b81119,00000000,,,,,False,,,,,,,,,,False,False
/fielddata/script/scr_seq.narc,/fielddata/script/scr_seq.narc!/member_00754,0,/fielddata/script/scr_seq.narc,324,754,,252360,252364,243316,243320,4,df3f619804a92fdb4057192dc43dd748ea778adc52bc498ce80524c014b81119,00000000,,,,,False,,,,,,,,,,False,False
/fielddata/script/scr_seq.narc,/fielddata/script/scr_seq.narc!/member_00755,0,/fielddata/script/scr_seq.narc,324,755,,252364,252368,243320,243324,4,df3f619804a92fdb4057192dc43dd748ea778adc52bc498ce80524c014b81119,00000000,,,,,False,,,,,,,,,,False,False
/fielddata/script/scr_seq.narc,/fielddata/script/scr_seq.narc!/member_00756,0,/fielddata/script/scr_seq.narc,324,756,,252368,252372,243324,243328,4,df3f619804a92fdb4057192dc43dd748ea778adc52bc498ce80524c014b81119,00000000,,,,,False,,,,,,,,,,False,False
/fielddata/script/scr_seq.narc,/fielddata/script/scr_seq.narc!/member_00757,0,/fielddata/script/scr_seq.narc,324,757,,252372,252376,243328,243332,4,df3f619804a92fdb4057192dc43dd748ea778adc52bc498ce80524c014b81119,00000000,,,,,False,,,,,,,,,,False,False
/fielddata/script/scr_seq.narc,/fielddata/script/scr_seq.narc!/member_00758,0,/fielddata/script/scr_seq.narc,324,758,,252376,252380,243332,243336,4,df3f619804a92fdb4057192dc43dd748ea778adc52bc498ce80524c014b81119,00000000,,,,,False,,,,,,,,,,False,False
/fielddata/script/scr_seq.narc,/fielddata/script/scr_seq.narc!/member_00759,0,/fielddata/script/scr_seq.narc,324,759,,252380,252384,243336,243340,4,df3f619804a92fdb4057192dc43dd748ea778adc52bc498ce80524c014b81119,00000000,,,,,False,,,,,,,,,,False,False
/fielddata/script/scr_seq.narc,/fielddata/script/scr_seq.narc!/member_00760,0,/fielddata/script/scr_seq.narc,324,760,,252384,252388,243340,243344,4,df3f619804a92fdb4057192dc43dd748ea778adc52bc498ce80524c014b81119,00000000,,,,,False,,,,,,,,,,False,False
/fielddata/script/scr_seq.narc,/fielddata/script/scr_seq.narc!/member_00761,0,/fielddata/script/scr_seq.narc,324,761,,252388,252392,243344,243348,4,df3f619804a92fdb4057192dc43dd748ea778adc52bc498ce80524c014b81119,00000000,,,,,False,,,,,,,,,,False,False
/fielddata/script/scr_seq.narc,/fielddata/script/scr_seq.narc!/member_00762,0,/fielddata/script/scr_seq.narc,324,762,,252392,252396,243348,243352,4,df3f619804a92fdb4057192dc43dd748ea778adc52bc498ce80524c014b81119,00000000,,,,,False,,,,,,,,,,False,False
/fielddata/script/scr_seq.narc,/fielddata/script/scr_seq.narc!/member_00763,0,/fielddata/script/scr_seq.narc,324,763,,252396,252400,243352,243356,4,df3f619804a92fdb4057192dc43dd748ea778adc52bc498ce80524c014b81119,00000000,,,,,False,,,,,,,,,,False,False
/fielddata/script/scr_seq.narc,/fielddata/script/scr_seq.narc!/member_00764,0,/fielddata/script/scr_seq.narc,324,764,,252400,252408,243356,243364,8,fb59317b8103f19f3850f0be3fe62db1aa481a9a7b31c590e6d243e98eacd375,0201000000000000,,,,,False,,,,,,,,,,False,False
/fielddata/script/scr_seq.narc,/fielddata/script/scr_seq.narc!/member_00765,0,/fielddata/script/scr_seq.narc,324,765,,252408,252412,243364,243368,4,df3f619804a92fdb4057192dc43dd748ea778adc52bc498ce80524c014b81119,00000000,,,,,False,,,,,,,,,,False,False
/fielddata/script/scr_seq.narc,/fielddata/script/scr_seq.narc!/member_00766,0,/fielddata/script/scr_seq.narc,324,766,,252412,252416,243368,243372,4,df3f619804a92fdb4057192dc43dd748ea778adc52bc498ce80524c014b81119,00000000,,,,,False,,,,,,,,,,False,False
/fielddata/script/scr_seq.narc,/fielddata/script/scr_seq.narc!/member_00767,0,/fielddata/script/scr_seq.narc,324,767,,252416,252424,243372,243380,8,4823ff34557b350562a800037eb14e533d39954d76cd142c23dbee263db4b4af,0204000000000000,,,,,False,,,,,,,,,,False,False
/fielddata/script/scr_seq.narc,/fielddata/script/scr_seq.narc!/member_00768,0,/fielddata/script/scr_seq.narc,324,768,,252424,252428,243380,243384,4,df3f619804a92fdb4057192dc43dd748ea778adc52bc498ce80524c014b81119,00000000,,,,,False,,,,,,,,,,False,False
/fielddata/script/scr_seq.narc,/fielddata/script/scr_seq.narc!/member_00769,0,/fielddata/script/scr_seq.narc,324,769,,252428,252432,243384,243388,4,df3f619804a92fdb4057192dc43dd748ea778adc52bc498ce80524c014b81119,00000000,,,,,False,,,,,,,,,,False,False
/fielddata/script/scr_seq.narc,/fielddata/script/scr_seq.narc!/member_00770,0,/fielddata/script/scr_seq.narc,324,770,,252432,252452,243388,243408,20,a3a650d59368028c0ccde7e1d7ef10383bda02826b87c5371725123440cbb51b,0201000000010100000000f340000002,,,,,False,,,,,,,,,,False,False
/fielddata/script/scr_seq.narc,/fielddata/script/scr_seq.narc!/member_00771,0,/fielddata/script/scr_seq.narc,324,771,,252452,252460,243408,243416,8,fb59317b8103f19f3850f0be3fe62db1aa481a9a7b31c590e6d243e98eacd375,0201000000000000,,,,,False,,,,,,,,,,False,False
/fielddata/script/scr_seq.narc,/fielddata/script/scr_seq.narc!/member_00772,0,/fielddata/script/scr_seq.narc,324,772,,252460,252468,243416,243424,8,fb59317b8103f19f3850f0be3fe62db1aa481a9a7b31c590e6d243e98eacd375,0201000000000000,,,,,False,,,,,,,,,,False,False
/fielddata/script/scr_seq.narc,/fielddata/script/scr_seq.narc!/member_00773,0,/fielddata/script/scr_seq.narc,324,773,,252468,252472,243424,243428,4,df3f619804a92fdb4057192dc43dd748ea778adc52bc498ce80524c014b81119,00000000,,,,,False,,,,,,,,,,False,False
/fielddata/script/scr_seq.narc,/fielddata/script/scr_seq.narc!/member_00774,0,/fielddata/script/scr_seq.narc,324,774,,252472,252480,243428,243436,8,fb59317b8103f19f3850f0be3fe62db1aa481a9a7b31c590e6d243e98eacd375,0201000000000000,,,,,False,,,,,,,,,,False,False
/fielddata/script/scr_seq.narc,/fielddata/script/scr_seq.narc!/member_00775,0,/fielddata/script/scr_seq.narc,324,775,,252480,252484,243436,243440,4,df3f619804a92fdb4057192dc43dd748ea778adc52bc498ce80524c014b81119,00000000,,,,,False,,,,,,,,,,False,False
/fielddata/script/scr_seq.narc,/fielddata/script/scr_seq.narc!/member_00776,0,/fielddata/script/scr_seq.narc,324,776,,252484,252492,243440,243448,8,fb59317b8103f19f3850f0be3fe62db1aa481a9a7b31c590e6d243e98eacd375,0201000000000000,,,,,False,,,,,,,,,,False,False
/fielddata/script/scr_seq.narc,/fielddata/script/scr_seq.narc!/member_00777,0,/fielddata/script/scr_seq.narc,324,777,,252492,252496,243448,243452,4,df3f619804a92fdb4057192dc43dd748ea778adc52bc498ce80524c014b81119,00000000,,,,,False,,,,,,,,,,False,False
/fielddata/script/scr_seq.narc,/fielddata/script/scr_seq.narc!/member_00778,0,/fielddata/script/scr_seq.narc,324,778,,252496,252504,243452,243460,8,fb59317b8103f19f3850f0be3fe62db1aa481a9a7b31c590e6d243e98eacd375,0201000000000000,,,,,False,,,,,,,,,,False,False
/fielddata/script/scr_seq.narc,/fielddata/script/scr_seq.narc!/member_00779,0,/fielddata/script/scr_seq.narc,324,779,,252504,252508,243460,243464,4,df3f619804a92fdb4057192dc43dd748ea778adc52bc498ce80524c014b81119,00000000,,,,,False,,,,,,,,,,False,False
/fielddata/script/scr_seq.narc,/fielddata/script/scr_seq.narc!/member_00780,0,/fielddata/script/scr_seq.narc,324,780,,252508,252528,243464,243484,20,f4a3c46df465b5dfd4c8a29308a1e2a9144997f9572514480c320d2280d8f3d9,0201000000010100000000a040020004,,,,,False,,,,,,,,,,False,False
/fielddata/script/scr_seq.narc,/fielddata/script/scr_seq.narc!/member_00781,0,/fielddata/script/scr_seq.narc,324,781,,252528,252548,243484,243504,20,6142224b7790f973a1510c7d7445c91aaf336a53294efc4065221232b04d9919,0201000000010100000000ad40000002,,,,,False,,,,,,,,,,False,False
/fielddata/script/scr_seq.narc,/fielddata/script/scr_seq.narc!/member_00782,0,/fielddata/script/scr_seq.narc,324,782,,252548,252556,243504,243512,8,8f6c5e3f97dac30229e34665e8a76933efc8e640baa13f24f33296c4eb8a5f7d,0206000000000000,,,,,False,,,,,,,,,,False,False
/fielddata/script/scr_seq.narc,/fielddata/script/scr_seq.narc!/member_00783,0,/fielddata/script/scr_seq.narc,324,783,,252556,252580,243512,243536,24,7c8c6d7153752532eaeb73edc8579a9c853f8965f7fe9b2d244409f88af000cd,02010000000402000000010100000000,,,,,False,,,,,,,,,,False,False
/fielddata/script/scr_seq.narc,/fielddata/script/scr_seq.narc!/member_00784,0,/fielddata/script/scr_seq.narc,324,784,,252580,252588,243536,243544,8,fb59317b8103f19f3850f0be3fe62db1aa481a9a7b31c590e6d243e98eacd375,0201000000000000,,,,,False,,,,,,,,,,False,False
/fielddata/script/scr_seq.narc,/fielddata/script/scr_seq.narc!/member_00785,0,/fielddata/script/scr_seq.narc,324,785,,252588,252608,243544,243564,20,7ead43be2b1b28dec15c2dc18b6657e0a77df8c7a218144d55e2ae336d2f1d0f,0203000000010100000000aa40010001,,,,,False,,,,,,,,,,False,False
/fielddata/script/scr_seq.narc,/fielddata/script/scr_seq.narc!/member_00786,0,/fielddata/script/scr_seq.narc,324,786,,252608,252616,243564,243572,8,fb59317b8103f19f3850f0be3fe62db1aa481a9a7b31c590e6d243e98eacd375,0201000000000000,,,,,False,,,,,,,,,,False,False
/fielddata/script/scr_seq.narc,/fielddata/script/scr_seq.narc!/member_00787,0,/fielddata/script/scr_seq.narc,324,787,,252616,252624,243572,243580,8,fb59317b8103f19f3850f0be3fe62db1aa481a9a7b31c590e6d243e98eacd375,0201000000000000,,,,,False,,,,,,,,,,False,False
/fielddata/script/scr_seq.narc,/fielddata/script/scr_seq.narc!/member_00788,0,/fielddata/script/scr_seq.narc,324,788,,252624,252636,243580,243592,12,408a2ead2c7be3a43c38f619af21b4394678b30fefff9e1357ccd73599a77c92,020500000004010000000000,,,,,False,,,,,,,,,,False,False
/fielddata/script/scr_seq.narc,/fielddata/script/scr_seq.narc!/member_00789,0,/fielddata/script/scr_seq.narc,324,789,,252636,252644,243592,243600,8,fb59317b8103f19f3850f0be3fe62db1aa481a9a7b31c590e6d243e98eacd375,0201000000000000,,,,,False,,,,,,,,,,False,False
/fielddata/script/scr_seq.narc,/fielddata/script/scr_seq.narc!/member_00790,0,/fielddata/script/scr_seq.narc,324,790,,252644,252652,243600,243608,8,fb59317b8103f19f3850f0be3fe62db1aa481a9a7b31c590e6d243e98eacd375,0201000000000000,,,,,False,,,,,,,,,,False,False
/fielddata/script/scr_seq.narc,/fielddata/script/scr_seq.narc!/member_00791,0,/fielddata/script/scr_seq.narc,324,791,,252652,252660,243608,243616,8,fb59317b8103f19f3850f0be3fe62db1aa481a9a7b31c590e6d243e98eacd375,0201000000000000,,,,,False,,,,,,,,,,False,False
/fielddata/script/scr_seq.narc,/fielddata/script/scr_seq.narc!/member_00792,0,/fielddata/script/scr_seq.narc,324,792,,252660,252668,243616,243624,8,fb59317b8103f19f3850f0be3fe62db1aa481a9a7b31c590e6d243e98eacd375,0201000000000000,,,,,False,,,,,,,,,,False,False
/fielddata/script/scr_seq.narc,/fielddata/script/scr_seq.narc!/member_00793,0,/fielddata/script/scr_seq.narc,324,793,,252668,252676,243624,243632,8,fb59317b8103f19f3850f0be3fe62db1aa481a9a7b31c590e6d243e98eacd375,0201000000000000,,,,,False,,,,,,,,,,False,False
/fielddata/script/scr_seq.narc,/fielddata/script/scr_seq.narc!/member_00794,0,/fielddata/script/scr_seq.narc,324,794,,252676,252684,243632,243640,8,fb59317b8103f19f3850f0be3fe62db1aa481a9a7b31c590e6d243e98eacd375,0201000000000000,,,,,False,,,,,,,,,,False,False
/fielddata/script/scr_seq.narc,/fielddata/script/scr_seq.narc!/member_00795,0,/fielddata/script/scr_seq.narc,324,795,,252684,252692,243640,243648,8,fb59317b8103f19f3850f0be3fe62db1aa481a9a7b31c590e6d243e98eacd375,0201000000000000,,,,,False,,,,,,,,,,False,False
/fielddata/script/scr_seq.narc,/fielddata/script/scr_seq.narc!/member_00796,0,/fielddata/script/scr_seq.narc,324,796,,252692,252700,243648,243656,8,fb59317b8103f19f3850f0be3fe62db1aa481a9a7b31c590e6d243e98eacd375,0201000000000000,,,,,False,,,,,,,,,,False,False
/fielddata/script/scr_seq.narc,/fielddata/script/scr_seq.narc!/member_00797,0,/fielddata/script/scr_seq.narc,324,797,,252700,252708,243656,243664,8,fb59317b8103f19f3850f0be3fe62db1aa481a9a7b31c590e6d243e98eacd375,0201000000000000,,,,,False,,,,,,,,,,False,False
/fielddata/script/scr_seq.narc,/fielddata/script/scr_seq.narc!/member_00798,0,/fielddata/script/scr_seq.narc,324,798,,252708,252716,243664,243672,8,fb59317b8103f19f3850f0be3fe62db1aa481a9a7b31c590e6d243e98eacd375,0201000000000000,,,,,False,,,,,,,,,,False,False
/fielddata/script/scr_seq.narc,/fielddata/script/scr_seq.narc!/member_00799,0,/fielddata/script/scr_seq.narc,324,799,,252716,252724,243672,243680,8,fb59317b8103f19f3850f0be3fe62db1aa481a9a7b31c590e6d243e98eacd375,0201000000000000,,,,,False,,,,,,,,,,False,False
/fielddata/script/scr_seq.narc,/fielddata/script/scr_seq.narc!/member_00800,0,/fielddata/script/scr_seq.narc,324,800,,252724,252732,243680,243688,8,fb59317b8103f19f3850f0be3fe62db1aa481a9a7b31c590e6d243e98eacd375,0201000000000000,,,,,False,,,,,,,,,,False,False
/fielddata/script/scr_seq.narc,/fielddata/script/scr_seq.narc!/member_00801,0,/fielddata/script/scr_seq.narc,324,801,,252732,252740,243688,243696,8,fb59317b8103f19f3850f0be3fe62db1aa481a9a7b31c590e6d243e98eacd375,0201000000000000,,,,,False,,,,,,,,,,False,False
/fielddata/script/scr_seq.narc,/fielddata/script/scr_seq.narc!/member_00802,0,/fielddata/script/scr_seq.narc,324,802,,252740,252748,243696,243704,8,fb59317b8103f19f3850f0be3fe62db1aa481a9a7b31c590e6d243e98eacd375,0201000000000000,,,,,False,,,,,,,,,,False,False
/fielddata/script/scr_seq.narc,/fielddata/script/scr_seq.narc!/member_00803,0,/fielddata/script/scr_seq.narc,324,803,,252748,252756,243704,243712,8,fb59317b8103f19f3850f0be3fe62db1aa481a9a7b31c590e6d243e98eacd375,0201000000000000,,,,,False,,,,,,,,,,False,False
/fielddata/script/scr_seq.narc,/fielddata/script/scr_seq.narc!/member_00804,0,/fielddata/script/scr_seq.narc,324,804,,252756,252764,243712,243720,8,fb59317b8103f19f3850f0be3fe62db1aa481a9a7b31c590e6d243e98eacd375,0201000000000000,,,,,False,,,,,,,,,,False,False
/fielddata/script/scr_seq.narc,/fielddata/script/scr_seq.narc!/member_00805,0,/fielddata/script/scr_seq.narc,324,805,,252764,252772,243720,243728,8,fb59317b8103f19f3850f0be3fe62db1aa481a9a7b31c590e6d243e98eacd375,0201000000000000,,,,,False,,,,,,,,,,False,False
/fielddata/script/scr_seq.narc,/fielddata/script/scr_seq.narc!/member_00806,0,/fielddata/script/scr_seq.narc,324,806,,252772,252780,243728,243736,8,fb59317b8103f19f3850f0be3fe62db1aa481a9a7b31c590e6d243e98eacd375,0201000000000000,,,,,False,,,,,,,,,,False,False
/fielddata/script/scr_seq.narc,/fielddata/script/scr_seq.narc!/member_00807,0,/fielddata/script/scr_seq.narc,324,807,,252780,252792,243736,243748,12,d6b4c11ff2d545721e2b55166b6f6bb08321f62140262a8ec196d58d670ff2d8,020100000004020000000000,,,,,False,,,,,,,,,,False,False
/fielddata/script/scr_seq.narc,/fielddata/script/scr_seq.narc!/member_00808,0,/fielddata/script/scr_seq.narc,324,808,,252792,252796,243748,243752,4,df3f619804a92fdb4057192dc43dd748ea778adc52bc498ce80524c014b81119,00000000,,,,,False,,,,,,,,,,False,False
/fielddata/script/scr_seq.narc,/fielddata/script/scr_seq.narc!/member_00809,0,/fielddata/script/scr_seq.narc,324,809,,252796,252804,243752,243760,8,fb59317b8103f19f3850f0be3fe62db1aa481a9a7b31c590e6d243e98eacd375,0201000000000000,,,,,False,,,,,,,,,,False,False
/fielddata/script/scr_seq.narc,/fielddata/script/scr_seq.narc!/member_00810,0,/fielddata/script/scr_seq.narc,324,810,,252804,252808,243760,243764,4,df3f619804a92fdb4057192dc43dd748ea778adc52bc498ce80524c014b81119,00000000,,,,,False,,,,,,,,,,False,False
/fielddata/script/scr_seq.narc,/fielddata/script/scr_seq.narc!/member_00811,0,/fielddata/script/scr_seq.narc,324,811,,252808,252812,243764,243768,4,df3f619804a92fdb4057192dc43dd748ea778adc52bc498ce80524c014b81119,00000000,,,,,False,,,,,,,,,,False,False
/fielddata/script/scr_seq.narc,/fielddata/script/scr_seq.narc!/member_00812,0,/fielddata/script/scr_seq.narc,324,812,,252812,252816,243768,243772,4,df3f619804a92fdb4057192dc43dd748ea778adc52bc498ce80524c014b81119,00000000,,,,,False,,,,,,,,,,False,False
/fielddata/script/scr_seq.narc,/fielddata/script/scr_seq.narc!/member_00813,0,/fielddata/script/scr_seq.narc,324,813,,252816,252820,243772,243776,4,df3f619804a92fdb4057192dc43dd748ea778adc52bc498ce80524c014b81119,00000000,,,,,False,,,,,,,,,,False,False
/fielddata/script/scr_seq.narc,/fielddata/script/scr_seq.narc!/member_00814,0,/fielddata/script/scr_seq.narc,324,814,,252820,252828,243776,243784,8,d080319e19d938493a9c79f7e4407ccd23f555b9771ad0d5692a13ad06097ed3,0401000000000000,,,,,False,,,,,,,,,,False,False
/fielddata/script/scr_seq.narc,/fielddata/script/scr_seq.narc!/member_00815,0,/fielddata/script/scr_seq.narc,324,815,,252828,252836,243784,243792,8,fb59317b8103f19f3850f0be3fe62db1aa481a9a7b31c590e6d243e98eacd375,0201000000000000,,,,,False,,,,,,,,,,False,False
/fielddata/script/scr_seq.narc,/fielddata/script/scr_seq.narc!/member_00816,0,/fielddata/script/scr_seq.narc,324,816,,252836,252840,243792,243796,4,df3f619804a92fdb4057192dc43dd748ea778adc52bc498ce80524c014b81119,00000000,,,,,False,,,,,,,,,,False,False
/fielddata/script/scr_seq.narc,/fielddata/script/scr_seq.narc!/member_00817,0,/fielddata/script/scr_seq.narc,324,817,,252840,252848,243796,243804,8,fb59317b8103f19f3850f0be3fe62db1aa481a9a7b31c590e6d243e98eacd375,0201000000000000,,,,,False,,,,,,,,,,False,False
/fielddata/script/scr_seq.narc,/fielddata/script/scr_seq.narc!/member_00818,0,/fielddata/script/scr_seq.narc,324,818,,252848,252856,243804,243812,8,db4a817e8f7bbf5a862d1ed461fc3b5e006753237cfd268fed6a16764761c033,0202000000000000,,,,,False,,,,,,,,,,False,False
/fielddata/script/scr_seq.narc,/fielddata/script/scr_seq.narc!/member_00819,0,/fielddata/script/scr_seq.narc,324,819,,252856,252864,243812,243820,8,db4a817e8f7bbf5a862d1ed461fc3b5e006753237cfd268fed6a16764761c033,0202000000000000,,,,,False,,,,,,,,,,False,False
/fielddata/script/scr_seq.narc,/fielddata/script/scr_seq.narc!/member_00820,0,/fielddata/script/scr_seq.narc,324,820,,252864,252872,243820,243828,8,fb59317b8103f19f3850f0be3fe62db1aa481a9a7b31c590e6d243e98eacd375,0201000000000000,,,,,False,,,,,,,,,,False,False
/fielddata/script/scr_seq.narc,/fielddata/script/scr_seq.narc!/member_00821,0,/fielddata/script/scr_seq.narc,324,821,,252872,252880,243828,243836,8,fb59317b8103f19f3850f0be3fe62db1aa481a9a7b31c590e6d243e98eacd375,0201000000000000,,,,,False,,,,,,,,,,False,False
/fielddata/script/scr_seq.narc,/fielddata/script/scr_seq.narc!/member_00822,0,/fielddata/script/scr_seq.narc,324,822,,252880,252888,243836,243844,8,fb59317b8103f19f3850f0be3fe62db1aa481a9a7b31c590e6d243e98eacd375,0201000000000000,,,,,False,,,,,,,,,,False,False
/fielddata/script/scr_seq.narc,/fielddata/script/scr_seq.narc!/member_00823,0,/fielddata/script/scr_seq.narc,324,823,,252888,252892,243844,243848,4,df3f619804a92fdb4057192dc43dd748ea778adc52bc498ce80524c014b81119,00000000,,,,,False,,,,,,,,,,False,False
/fielddata/script/scr_seq.narc,/fielddata/script/scr_seq.narc!/member_00824,0,/fielddata/script/scr_seq.narc,324,824,,252892,252900,243848,243856,8,fb59317b8103f19f3850f0be3fe62db1aa481a9a7b31c590e6d243e98eacd375,0201000000000000,,,,,False,,,,,,,,,,False,False
/fielddata/script/scr_seq.narc,/fielddata/script/scr_seq.narc!/member_00825,0,/fielddata/script/scr_seq.narc,324,825,,252900,252904,243856,243860,4,df3f619804a92fdb4057192dc43dd748ea778adc52bc498ce80524c014b81119,00000000,,,,,False,,,,,,,,,,False,False
/fielddata/script/scr_seq.narc,/fielddata/script/scr_seq.narc!/member_00826,0,/fielddata/script/scr_seq.narc,324,826,,252904,252912,243860,243868,8,fb59317b8103f19f3850f0be3fe62db1aa481a9a7b31c590e6d243e98eacd375,0201000000000000,,,,,False,,,,,,,,,,False,False
/fielddata/script/scr_seq.narc,/fielddata/script/scr_seq.narc!/member_00827,0,/fielddata/script/scr_seq.narc,324,827,,252912,252924,243868,243880,12,eaab8a6826b17f00be96dda75ee6b89706b9d29b7d5fcb68f3101b7d417fab2c,020100000004040000000000,,,,,False,,,,,,,,,,False,False
/fielddata/script/scr_seq.narc,/fielddata/script/scr_seq.narc!/member_00828,0,/fielddata/script/scr_seq.narc,324,828,,252924,252932,243880,243888,8,fb59317b8103f19f3850f0be3fe62db1aa481a9a7b31c590e6d243e98eacd375,0201000000000000,,,,,False,,,,,,,,,,False,False
/fielddata/script/scr_seq.narc,/fielddata/script/scr_seq.narc!/member_00829,0,/fielddata/script/scr_seq.narc,324,829,,252932,252940,243888,243896,8,fb59317b8103f19f3850f0be3fe62db1aa481a9a7b31c590e6d243e98eacd375,0201000000000000,,,,,False,,,,,,,,,,False,False
/fielddata/script/scr_seq.narc,/fielddata/script/scr_seq.narc!/member_00830,0,/fielddata/script/scr_seq.narc,324,830,,252940,252960,243896,243916,20,0e66bc64f2b6ebad05dca64e120585160b3e98a37cadddb514d32ddbbdd6c372,02010000000101000000001041010002,,,,,False,,,,,,,,,,False,False
/fielddata/script/scr_seq.narc,/fielddata/script/scr_seq.narc!/member_00831,0,/fielddata/script/scr_seq.narc,324,831,,252960,252964,243916,243920,4,df3f619804a92fdb4057192dc43dd748ea778adc52bc498ce80524c014b81119,00000000,,,,,False,,,,,,,,,,False,False
/fielddata/script/scr_seq.narc,/fielddata/script/scr_seq.narc!/member_00832,0,/fielddata/script/scr_seq.narc,324,832,,252964,252968,243920,243924,4,df3f619804a92fdb4057192dc43dd748ea778adc52bc498ce80524c014b81119,00000000,,,,,False,,,,,,,,,,False,False
/fielddata/script/scr_seq.narc,/fielddata/script/scr_seq.narc!/member_00833,0,/fielddata/script/scr_seq.narc,324,833,,252968,252972,243924,243928,4,df3f619804a92fdb4057192dc43dd748ea778adc52bc498ce80524c014b81119,00000000,,,,,False,,,,,,,,,,False,False
/fielddata/script/scr_seq.narc,/fielddata/script/scr_seq.narc!/member_00834,0,/fielddata/script/scr_seq.narc,324,834,,252972,252976,243928,243932,4,df3f619804a92fdb4057192dc43dd748ea778adc52bc498ce80524c014b81119,00000000,,,,,False,,,,,,,,,,False,False
/fielddata/script/scr_seq.narc,/fielddata/script/scr_seq.narc!/member_00835,0,/fielddata/script/scr_seq.narc,324,835,,252976,252980,243932,243936,4,df3f619804a92fdb4057192dc43dd748ea778adc52bc498ce80524c014b81119,00000000,,,,,False,,,,,,,,,,False,False
/fielddata/script/scr_seq.narc,/fielddata/script/scr_seq.narc!/member_00836,0,/fielddata/script/scr_seq.narc,324,836,,252980,253000,243936,243956,20,ee96e44e6b4035a100875aa585ddb0c8e9c04b0994cccfb6990318a68078de22,02010000000101000000001141010002,,,,,False,,,,,,,,,,False,False
/fielddata/script/scr_seq.narc,/fielddata/script/scr_seq.narc!/member_00837,0,/fielddata/script/scr_seq.narc,324,837,,253000,253004,243956,243960,4,df3f619804a92fdb4057192dc43dd748ea778adc52bc498ce80524c014b81119,00000000,,,,,False,,,,,,,,,,False,False
/fielddata/script/scr_seq.narc,/fielddata/script/scr_seq.narc!/member_00838,0,/fielddata/script/scr_seq.narc,324,838,,253004,253012,243960,243968,8,fb59317b8103f19f3850f0be3fe62db1aa481a9a7b31c590e6d243e98eacd375,0201000000000000,,,,,False,,,,,,,,,,False,False
/fielddata/script/scr_seq.narc,/fielddata/script/scr_seq.narc!/member_00839,0,/fielddata/script/scr_seq.narc,324,839,,253012,253016,243968,243972,4,df3f619804a92fdb4057192dc43dd748ea778adc52bc498ce80524c014b81119,00000000,,,,,False,,,,,,,,,,False,False
/fielddata/script/scr_seq.narc,/fielddata/script/scr_seq.narc!/member_00840,0,/fielddata/script/scr_seq.narc,324,840,,253016,253020,243972,243976,4,df3f619804a92fdb4057192dc43dd748ea778adc52bc498ce80524c014b81119,00000000,,,,,False,,,,,,,,,,False,False
/fielddata/script/scr_seq.narc,/fielddata/script/scr_seq.narc!/member_00841,0,/fielddata/script/scr_seq.narc,324,841,,253020,253024,243976,243980,4,df3f619804a92fdb4057192dc43dd748ea778adc52bc498ce80524c014b81119,00000000,,,,,False,,,,,,,,,,False,False
/fielddata/script/scr_seq.narc,/fielddata/script/scr_seq.narc!/member_00842,0,/fielddata/script/scr_seq.narc,324,842,,253024,253028,243980,243984,4,df3f619804a92fdb4057192dc43dd748ea778adc52bc498ce80524c014b81119,00000000,,,,,False,,,,,,,,,,False,False
/fielddata/script/scr_seq.narc,/fielddata/script/scr_seq.narc!/member_00843,0,/fielddata/script/scr_seq.narc,324,843,,253028,253032,243984,243988,4,df3f619804a92fdb4057192dc43dd748ea778adc52bc498ce80524c014b81119,00000000,,,,,False,,,,,,,,,,False,False
/fielddata/script/scr_seq.narc,/fielddata/script/scr_seq.narc!/member_00844,0,/fielddata/script/scr_seq.narc,324,844,,253032,253044,243988,244000,12,0972cc7961c7a0c41820dec24c22a353f6ca08f2d820931a754682c4dd33fbde,020100000003020000000000,,,,,False,,,,,,,,,,False,False
/fielddata/script/scr_seq.narc,/fielddata/script/scr_seq.narc!/member_00845,0,/fielddata/script/scr_seq.narc,324,845,,253044,253048,244000,244004,4,df3f619804a92fdb4057192dc43dd748ea778adc52bc498ce80524c014b81119,00000000,,,,,False,,,,,,,,,,False,False
/fielddata/script/scr_seq.narc,/fielddata/script/scr_seq.narc!/member_00846,0,/fielddata/script/scr_seq.narc,324,846,,253048,253052,244004,244008,4,df3f619804a92fdb4057192dc43dd748ea778adc52bc498ce80524c014b81119,00000000,,,,,False,,,,,,,,,,False,False
/fielddata/script/scr_seq.narc,/fielddata/script/scr_seq.narc!/member_00847,0,/fielddata/script/scr_seq.narc,324,847,,253052,253060,244008,244016,8,fb59317b8103f19f3850f0be3fe62db1aa481a9a7b31c590e6d243e98eacd375,0201000000000000,,,,,False,,,,,,,,,,False,False
/fielddata/script/scr_seq.narc,/fielddata/script/scr_seq.narc!/member_00848,0,/fielddata/script/scr_seq.narc,324,848,,253060,253084,244016,244040,24,9d3a4e476dabc3a3b9a846021d1a3f006e51029e5487ecc40cea83a980ffd7ff,02010000000402000000010100000000,,,,,False,,,,,,,,,,False,False
/fielddata/script/scr_seq.narc,/fielddata/script/scr_seq.narc!/member_00849,0,/fielddata/script/scr_seq.narc,324,849,,253084,253108,244040,244064,24,e57f8360e317c205b1ded431af810bad6cecfdce71f444b9249d3a9fe17ad97f,02010000000402000000010100000000,,,,,False,,,,,,,,,,False,False
/fielddata/script/scr_seq.narc,/fielddata/script/scr_seq.narc!/member_00850,0,/fielddata/script/scr_seq.narc,324,850,,253108,253116,244064,244072,8,fb59317b8103f19f3850f0be3fe62db1aa481a9a7b31c590e6d243e98eacd375,0201000000000000,,,,,False,,,,,,,,,,False,False
/fielddata/script/scr_seq.narc,/fielddata/script/scr_seq.narc!/member_00851,0,/fielddata/script/scr_seq.narc,324,851,,253116,253124,244072,244080,8,fb59317b8103f19f3850f0be3fe62db1aa481a9a7b31c590e6d243e98eacd375,0201000000000000,,,,,False,,,,,,,,,,False,False
/fielddata/script/scr_seq.narc,/fielddata/script/scr_seq.narc!/member_00852,0,/fielddata/script/scr_seq.narc,324,852,,253124,253128,244080,244084,4,df3f619804a92fdb4057192dc43dd748ea778adc52bc498ce80524c014b81119,00000000,,,,,False,,,,,,,,,,False,False
/fielddata/script/scr_seq.narc,/fielddata/script/scr_seq.narc!/member_00853,0,/fielddata/script/scr_seq.narc,324,853,,253128,253132,244084,244088,4,df3f619804a92fdb4057192dc43dd748ea778adc52bc498ce80524c014b81119,00000000,,,,,False,,,,,,,,,,False,False
/fielddata/script/scr_seq.narc,/fielddata/script/scr_seq.narc!/member_00854,0,/fielddata/script/scr_seq.narc,324,854,,253132,253144,244088,244100,12,d6b4c11ff2d545721e2b55166b6f6bb08321f62140262a8ec196d58d670ff2d8,020100000004020000000000,,,,,False,,,,,,,,,,False,False
/fielddata/script/scr_seq.narc,/fielddata/script/scr_seq.narc!/member_00855,0,/fielddata/script/scr_seq.narc,324,855,,253144,253152,244100,244108,8,fb59317b8103f19f3850f0be3fe62db1aa481a9a7b31c590e6d243e98eacd375,0201000000000000,,,,,False,,,,,,,,,,False,False
/fielddata/script/scr_seq.narc,/fielddata/script/scr_seq.narc!/member_00856,0,/fielddata/script/scr_seq.narc,324,856,,253152,253156,244108,244112,4,df3f619804a92fdb4057192dc43dd748ea778adc52bc498ce80524c014b81119,00000000,,,,,False,,,,,,,,,,False,False
/fielddata/script/scr_seq.narc,/fielddata/script/scr_seq.narc!/member_00857,0,/fielddata/script/scr_seq.narc,324,857,,253156,253172,244112,244128,16,faf8051ee5517b81235219d9e508abab0486a9c5f517a8874bede7dd53472aea,010100000000d3400100010000000000,,,,,False,,,,,,,,,,False,False
/fielddata/script/scr_seq.narc,/fielddata/script/scr_seq.narc!/member_00858,0,/fielddata/script/scr_seq.narc,324,858,,253172,253184,244128,244140,12,d6b4c11ff2d545721e2b55166b6f6bb08321f62140262a8ec196d58d670ff2d8,020100000004020000000000,,,,,False,,,,,,,,,,False,False
/fielddata/script/scr_seq.narc,/fielddata/script/scr_seq.narc!/member_00859,0,/fielddata/script/scr_seq.narc,324,859,,253184,253192,244140,244148,8,fb59317b8103f19f3850f0be3fe62db1aa481a9a7b31c590e6d243e98eacd375,0201000000000000,,,,,False,,,,,,,,,,False,False
/fielddata/script/scr_seq.narc,/fielddata/script/scr_seq.narc!/member_00860,0,/fielddata/script/scr_seq.narc,324,860,,253192,253204,244148,244160,12,d6b4c11ff2d545721e2b55166b6f6bb08321f62140262a8ec196d58d670ff2d8,020100000004020000000000,,,,,False,,,,,,,,,,False,False
/fielddata/script/scr_seq.narc,/fielddata/script/scr_seq.narc!/member_00861,0,/fielddata/script/scr_seq.narc,324,861,,253204,253208,244160,244164,4,df3f619804a92fdb4057192dc43dd748ea778adc52bc498ce80524c014b81119,00000000,,,,,False,,,,,,,,,,False,False
/fielddata/script/scr_seq.narc,/fielddata/script/scr_seq.narc!/member_00862,0,/fielddata/script/scr_seq.narc,324,862,,253208,253212,244164,244168,4,df3f619804a92fdb4057192dc43dd748ea778adc52bc498ce80524c014b81119,00000000,,,,,False,,,,,,,,,,False,False
/fielddata/script/scr_seq.narc,/fielddata/script/scr_seq.narc!/member_00863,0,/fielddata/script/scr_seq.narc,324,863,,253212,253216,244168,244172,4,df3f619804a92fdb4057192dc43dd748ea778adc52bc498ce80524c014b81119,00000000,,,,,False,,,,,,,,,,False,False
/fielddata/script/scr_seq.narc,/fielddata/script/scr_seq.narc!/member_00864,0,/fielddata/script/scr_seq.narc,324,864,,253216,253260,244172,244216,44,516724295f2acc19559e6144c430041c5b1db1851aebfefc8ccba96d0bae4365,02160000000317000000010100000000,,,,,False,,,,,,,,,,False,False
/fielddata/script/scr_seq.narc,/fielddata/script/scr_seq.narc!/member_00865,0,/fielddata/script/scr_seq.narc,324,865,,253260,253292,244216,244248,32,a1a067275c4afd74d4ac7bdff116cc806970a095f205162269dd7256e2b5f708,0201000000010100000000db40010002,,,,,False,,,,,,,,,,False,False
/fielddata/script/scr_seq.narc,/fielddata/script/scr_seq.narc!/member_00866,0,/fielddata/script/scr_seq.narc,324,866,,253292,253316,244248,244272,24,981ff6572011cef304e04807502bb9ee295b00023804d277e0524035cf93d97e,02010000000302000000010100000000,,,,,False,,,,,,,,,,False,False
/fielddata/script/scr_seq.narc,/fielddata/script/scr_seq.narc!/member_00867,0,/fielddata/script/scr_seq.narc,324,867,,253316,253340,244272,244296,24,bbde9db6503093dd2f64af4e49294bf4ab66fed3b5063f1a7cb5d3048255e6b9,02010000000302000000010100000000,,,,,False,,,,,,,,,,False,False
/fielddata/script/scr_seq.narc,/fielddata/script/scr_seq.narc!/member_00868,0,/fielddata/script/scr_seq.narc,324,868,,253340,253372,244296,244328,32,40ba7a3d50e25d4921a58e0493be46474c0b4d61476a4daaaf340dfc38143c57,02010000000305000000010100000000,,,,,False,,,,,,,,,,False,False
/fielddata/script/scr_seq.narc,/fielddata/script/scr_seq.narc!/member_00869,0,/fielddata/script/scr_seq.narc,324,869,,253372,253404,244328,244360,32,12b7165e0770dd349ddad84bf2d381ffffab84a73c3c271c32f4bf49ce374f23,02010000000302000000010100000000,,,,,False,,,,,,,,,,False,False
/fielddata/script/scr_seq.narc,/fielddata/script/scr_seq.narc!/member_00870,0,/fielddata/script/scr_seq.narc,324,870,,253404,253436,244360,244392,32,1e8316fe4597c55d65f2897ac6cd823ff5b840ff3925b9d342b11f06ea0ee411,02070000000308000000010100000000,,,,,False,,,,,,,,,,False,False
/fielddata/script/scr_seq.narc,/fielddata/script/scr_seq.narc!/member_00871,0,/fielddata/script/scr_seq.narc,324,871,,253436,253444,244392,244400,8,bfc1246c227b651b1e2b2aa8fb919853aa706e3f0f0ae7f475bacf95d1a6f003,0226000000000000,,,,,False,,,,,,,,,,False,False
/fielddata/script/scr_seq.narc,/fielddata/script/scr_seq.narc!/member_00872,0,/fielddata/script/scr_seq.narc,324,872,,253444,253464,244400,244420,20,0172ea8e37150bf2e00dab55011651fc98e66d9eda6b21508c59bb501dec7695,020c0000000101000000001341000001,,,,,False,,,,,,,,,,False,False
/fielddata/script/scr_seq.narc,/fielddata/script/scr_seq.narc!/member_00873,0,/fielddata/script/scr_seq.narc,324,873,,253464,253504,244420,244460,40,f0b8f0154212eeadda7eae6c44fe665ff30701415a72aa509dd097c5d39d445b,020e000000010100000000b740010004,,,,,False,,,,,,,,,,False,False
/fielddata/script/scr_seq.narc,/fielddata/script/scr_seq.narc!/member_00874,0,/fielddata/script/scr_seq.narc,324,874,,253504,253552,244460,244508,48,f314207000242f7897ddeabab8da73f7a874a0a391b6ccf04a5adc8d23b9beee,04150000000210000000031600000001,,,,,False,,,,,,,,,,False,False
/fielddata/script/scr_seq.narc,/fielddata/script/scr_seq.narc!/member_00875,0,/fielddata/script/scr_seq.narc,324,875,,253552,253592,244508,244548,40,3d2425747bf0d90dc9cac383f807b3191dd7b8afba4dd434aaeeb6bda788620b,020e000000010100000000bc40010004,,,,,False,,,,,,,,,,False,False
/fielddata/script/scr_seq.narc,/fielddata/script/scr_seq.narc!/member_00876,0,/fielddata/script/scr_seq.narc,324,876,,253592,253632,244548,244588,40,b112a87ec28090d6e1f2fbaa8111213f2a6688c7b269851a6529d9f9565139d9,020f000000010100000000bf40010004,,,,,False,,,,,,,,,,False,False
/fielddata/script/scr_seq.narc,/fielddata/script/scr_seq.narc!/member_00877,0,/fielddata/script/scr_seq.narc,324,877,,253632,253652,244588,244608,20,d089cb3f75c85b501566772768fd598b5fa2a87818fb6698d71c2d7d19f74c9e,02010000000101000000005540000003,,,,,False,,,,,,,,,,False,False
/fielddata/script/scr_seq.narc,/fielddata/script/scr_seq.narc!/member_00878,0,/fielddata/script/scr_seq.narc,324,878,,253652,253672,244608,244628,20,cc517a328cac52a287a5ee1be91b8d1aeab40f284a71b4b0e39f8675a42b6a5c,02010000000101000000005540020002,,,,,False,,,,,,,,,,False,False
/fielddata/script/scr_seq.narc,/fielddata/script/scr_seq.narc!/member_00879,0,/fielddata/script/scr_seq.narc,324,879,,253672,253680,244628,244636,8,fb59317b8103f19f3850f0be3fe62db1aa481a9a7b31c590e6d243e98eacd375,0201000000000000,,,,,False,,,,,,,,,,False,False
/fielddata/script/scr_seq.narc,/fielddata/script/scr_seq.narc!/member_00880,0,/fielddata/script/scr_seq.narc,324,880,,253680,253688,244636,244644,8,fb59317b8103f19f3850f0be3fe62db1aa481a9a7b31c590e6d243e98eacd375,0201000000000000,,,,,False,,,,,,,,,,False,False
/fielddata/script/scr_seq.narc,/fielddata/script/scr_seq.narc!/member_00881,0,/fielddata/script/scr_seq.narc,324,881,,253688,253696,244644,244652,8,fb59317b8103f19f3850f0be3fe62db1aa481a9a7b31c590e6d243e98eacd375,0201000000000000,,,,,False,,,,,,,,,,False,False
/fielddata/script/scr_seq.narc,/fielddata/script/scr_seq.narc!/member_00882,0,/fielddata/script/scr_seq.narc,324,882,,253696,253704,244652,244660,8,fb59317b8103f19f3850f0be3fe62db1aa481a9a7b31c590e6d243e98eacd375,0201000000000000,,,,,False,,,,,,,,,,False,False
/fielddata/script/scr_seq.narc,/fielddata/script/scr_seq.narc!/member_00883,0,/fielddata/script/scr_seq.narc,324,883,,253704,253712,244660,244668,8,fb59317b8103f19f3850f0be3fe62db1aa481a9a7b31c590e6d243e98eacd375,0201000000000000,,,,,False,,,,,,,,,,False,False
/fielddata/script/scr_seq.narc,/fielddata/script/scr_seq.narc!/member_00884,0,/fielddata/script/scr_seq.narc,324,884,,253712,253720,244668,244676,8,fb59317b8103f19f3850f0be3fe62db1aa481a9a7b31c590e6d243e98eacd375,0201000000000000,,,,,False,,,,,,,,,,False,False
/fielddata/script/scr_seq.narc,/fielddata/script/scr_seq.narc!/member_00885,0,/fielddata/script/scr_seq.narc,324,885,,253720,253740,244676,244696,20,b844d4079e23928fa5561fea1ebb76998ab29712e06291d5b283d4370a73bd64,02010000000101000000005540070003,,,,,False,,,,,,,,,,False,False
/fielddata/script/scr_seq.narc,/fielddata/script/scr_seq.narc!/member_00886,0,/fielddata/script/scr_seq.narc,324,886,,253740,253752,244696,244708,12,d6b4c11ff2d545721e2b55166b6f6bb08321f62140262a8ec196d58d670ff2d8,020100000004020000000000,,,,,False,,,,,,,,,,False,False
/fielddata/script/scr_seq.narc,/fielddata/script/scr_seq.narc!/member_00887,0,/fielddata/script/scr_seq.narc,324,887,,253752,253760,244708,244716,8,fb59317b8103f19f3850f0be3fe62db1aa481a9a7b31c590e6d243e98eacd375,0201000000000000,,,,,False,,,,,,,,,,False,False
/fielddata/script/scr_seq.narc,/fielddata/script/scr_seq.narc!/member_00888,0,/fielddata/script/scr_seq.narc,324,888,,253760,253764,244716,244720,4,df3f619804a92fdb4057192dc43dd748ea778adc52bc498ce80524c014b81119,00000000,,,,,False,,,,,,,,,,False,False
/fielddata/script/scr_seq.narc,/fielddata/script/scr_seq.narc!/member_00889,0,/fielddata/script/scr_seq.narc,324,889,,253764,253772,244720,244728,8,fb59317b8103f19f3850f0be3fe62db1aa481a9a7b31c590e6d243e98eacd375,0201000000000000,,,,,False,,,,,,,,,,False,False
/fielddata/script/scr_seq.narc,/fielddata/script/scr_seq.narc!/member_00890,0,/fielddata/script/scr_seq.narc,324,890,,253772,253776,244728,244732,4,df3f619804a92fdb4057192dc43dd748ea778adc52bc498ce80524c014b81119,00000000,,,,,False,,,,,,,,,,False,False
/fielddata/script/scr_seq.narc,/fielddata/script/scr_seq.narc!/member_00891,0,/fielddata/script/scr_seq.narc,324,891,,253776,253784,244732,244740,8,fb59317b8103f19f3850f0be3fe62db1aa481a9a7b31c590e6d243e98eacd375,0201000000000000,,,,,False,,,,,,,,,,False,False
/fielddata/script/scr_seq.narc,/fielddata/script/scr_seq.narc!/member_00892,0,/fielddata/script/scr_seq.narc,324,892,,253784,253788,244740,244744,4,df3f619804a92fdb4057192dc43dd748ea778adc52bc498ce80524c014b81119,00000000,,,,,False,,,,,,,,,,False,False
/fielddata/script/scr_seq.narc,/fielddata/script/scr_seq.narc!/member_00893,0,/fielddata/script/scr_seq.narc,324,893,,253788,253796,244744,244752,8,fb59317b8103f19f3850f0be3fe62db1aa481a9a7b31c590e6d243e98eacd375,0201000000000000,,,,,False,,,,,,,,,,False,False
/fielddata/script/scr_seq.narc,/fielddata/script/scr_seq.narc!/member_00894,0,/fielddata/script/scr_seq.narc,324,894,,253796,253804,244752,244760,8,fb59317b8103f19f3850f0be3fe62db1aa481a9a7b31c590e6d243e98eacd375,0201000000000000,,,,,False,,,,,,,,,,False,False
/fielddata/script/scr_seq.narc,/fielddata/script/scr_seq.narc!/member_00895,0,/fielddata/script/scr_seq.narc,324,895,,253804,253812,244760,244768,8,fb59317b8103f19f3850f0be3fe62db1aa481a9a7b31c590e6d243e98eacd375,0201000000000000,,,,,False,,,,,,,,,,False,False
/fielddata/script/scr_seq.narc,/fielddata/script/scr_seq.narc!/member_00896,0,/fielddata/script/scr_seq.narc,324,896,,253812,253816,244768,244772,4,df3f619804a92fdb4057192dc43dd748ea778adc52bc498ce80524c014b81119,00000000,,,,,False,,,,,,,,,,False,False
/fielddata/script/scr_seq.narc,/fielddata/script/scr_seq.narc!/member_00897,0,/fielddata/script/scr_seq.narc,324,897,,253816,253820,244772,244776,4,df3f619804a92fdb4057192dc43dd748ea778adc52bc498ce80524c014b81119,00000000,,,,,False,,,,,,,,,,False,False
/fielddata/script/scr_seq.narc,/fielddata/script/scr_seq.narc!/member_00898,0,/fielddata/script/scr_seq.narc,324,898,,253820,253824,244776,244780,4,df3f619804a92fdb4057192dc43dd748ea778adc52bc498ce80524c014b81119,00000000,,,,,False,,,,,,,,,,False,False
/fielddata/script/scr_seq.narc,/fielddata/script/scr_seq.narc!/member_00899,0,/fielddata/script/scr_seq.narc,324,899,,253824,253840,244780,244796,16,31df3b7e536fb4f2210a8c32cc3a8b54182f74ae567abe5c4f9216dd70fe82b0,01010000000003400000010000000000,,,,,False,,,,,,,,,,False,False
/fielddata/script/scr_seq.narc,/fielddata/script/scr_seq.narc!/member_00900,0,/fielddata/script/scr_seq.narc,324,900,,253840,253844,244796,244800,4,df3f619804a92fdb4057192dc43dd748ea778adc52bc498ce80524c014b81119,00000000,,,,,False,,,,,,,,,,False,False
/fielddata/script/scr_seq.narc,/fielddata/script/scr_seq.narc!/member_00901,0,/fielddata/script/scr_seq.narc,324,901,,253844,253856,244800,244812,12,3715f69a75d608ca2ecaac68e1011ef3c53e20e82df3d6dd17330ffe6096bedb,040100000002020000000000,,,,,False,,,,,,,,,,False,False
/fielddata/script/scr_seq.narc,/fielddata/script/scr_seq.narc!/member_00902,0,/fielddata/script/scr_seq.narc,324,902,,253856,253860,244812,244816,4,df3f619804a92fdb4057192dc43dd748ea778adc52bc498ce80524c014b81119,00000000,,,,,False,,,,,,,,,,False,False
/fielddata/script/scr_seq.narc,/fielddata/script/scr_seq.narc!/member_00903,0,/fielddata/script/scr_seq.narc,324,903,,253860,253872,244816,244828,12,b4de451cd023ef1d729f46c0e1365d5f958d6604cbb9c969b82f6d9b1d53d898,040200000002010000000000,,,,,False,,,,,,,,,,False,False
/fielddata/script/scr_seq.narc,/fielddata/script/scr_seq.narc!/member_00904,0,/fielddata/script/scr_seq.narc,324,904,,253872,253892,244828,244848,20,0e63c1a753d2311060e6ee08963763c759630a07a045fad14ade771e7f624eaa,02020000000101000000000441010003,,,,,False,,,,,,,,,,False,False
/fielddata/script/scr_seq.narc,/fielddata/script/scr_seq.narc!/member_00905,0,/fielddata/script/scr_seq.narc,324,905,,253892,253896,244848,244852,4,df3f619804a92fdb4057192dc43dd748ea778adc52bc498ce80524c014b81119,00000000,,,,,False,,,,,,,,,,False,False
/fielddata/script/scr_seq.narc,/fielddata/script/scr_seq.narc!/member_00906,0,/fielddata/script/scr_seq.narc,324,906,,253896,253900,244852,244856,4,df3f619804a92fdb4057192dc43dd748ea778adc52bc498ce80524c014b81119,00000000,,,,,False,,,,,,,,,,False,False
/fielddata/script/scr_seq.narc,/fielddata/script/scr_seq.narc!/member_00907,0,/fielddata/script/scr_seq.narc,324,907,,253900,253912,244856,244868,12,b4de451cd023ef1d729f46c0e1365d5f958d6604cbb9c969b82f6d9b1d53d898,040200000002010000000000,,,,,False,,,,,,,,,,False,False
/fielddata/script/scr_seq.narc,/fielddata/script/scr_seq.narc!/member_00908,0,/fielddata/script/scr_seq.narc,324,908,,253912,253916,244868,244872,4,df3f619804a92fdb4057192dc43dd748ea778adc52bc498ce80524c014b81119,00000000,,,,,False,,,,,,,,,,False,False
/fielddata/script/scr_seq.narc,/fielddata/script/scr_seq.narc!/member_00909,0,/fielddata/script/scr_seq.narc,324,909,,253916,253924,244872,244880,8,fb59317b8103f19f3850f0be3fe62db1aa481a9a7b31c590e6d243e98eacd375,0201000000000000,,,,,False,,,,,,,,,,False,False
/fielddata/script/scr_seq.narc,/fielddata/script/scr_seq.narc!/member_00910,0,/fielddata/script/scr_seq.narc,324,910,,253924,253932,244880,244888,8,fb59317b8103f19f3850f0be3fe62db1aa481a9a7b31c590e6d243e98eacd375,0201000000000000,,,,,False,,,,,,,,,,False,False
/fielddata/script/scr_seq.narc,/fielddata/script/scr_seq.narc!/member_00911,0,/fielddata/script/scr_seq.narc,324,911,,253932,253936,244888,244892,4,df3f619804a92fdb4057192dc43dd748ea778adc52bc498ce80524c014b81119,00000000,,,,,False,,,,,,,,,,False,False
/fielddata/script/scr_seq.narc,/fielddata/script/scr_seq.narc!/member_00912,0,/fielddata/script/scr_seq.narc,324,912,,253936,253940,244892,244896,4,df3f619804a92fdb4057192dc43dd748ea778adc52bc498ce80524c014b81119,00000000,,,,,False,,,,,,,,,,False,False
/fielddata/script/scr_seq.narc,/fielddata/script/scr_seq.narc!/member_00913,0,/fielddata/script/scr_seq.narc,324,913,,253940,253944,244896,244900,4,df3f619804a92fdb4057192dc43dd748ea778adc52bc498ce80524c014b81119,00000000,,,,,False,,,,,,,,,,False,False
/fielddata/script/scr_seq.narc,/fielddata/script/scr_seq.narc!/member_00914,0,/fielddata/script/scr_seq.narc,324,914,,253944,253952,244900,244908,8,fb59317b8103f19f3850f0be3fe62db1aa481a9a7b31c590e6d243e98eacd375,0201000000000000,,,,,False,,,,,,,,,,False,False
/fielddata/script/scr_seq.narc,/fielddata/script/scr_seq.narc!/member_00915,0,/fielddata/script/scr_seq.narc,324,915,,253952,253956,244908,244912,4,df3f619804a92fdb4057192dc43dd748ea778adc52bc498ce80524c014b81119,00000000,,,,,False,,,,,,,,,,False,False
/fielddata/script/scr_seq.narc,/fielddata/script/scr_seq.narc!/member_00916,0,/fielddata/script/scr_seq.narc,324,916,,253956,253960,244912,244916,4,df3f619804a92fdb4057192dc43dd748ea778adc52bc498ce80524c014b81119,00000000,,,,,False,,,,,,,,,,False,False
/fielddata/script/scr_seq.narc,/fielddata/script/scr_seq.narc!/member_00917,0,/fielddata/script/scr_seq.narc,324,917,,253960,253972,244916,244928,12,832eb77fa7845dc845aea49221e804881a31c97161626075308de7d7f439a375,030200000002010000000000,,,,,False,,,,,,,,,,False,False
/fielddata/script/scr_seq.narc,/fielddata/script/scr_seq.narc!/member_00918,0,/fielddata/script/scr_seq.narc,324,918,,253972,253992,244928,244948,20,86efbdfc8e73a0183d36b2b69f0c6923f9c768bedbd3b1e82bca6c88cb3257d4,02010000000101000000000340000006,,,,,False,,,,,,,,,,False,False
/fielddata/script/scr_seq.narc,/fielddata/script/scr_seq.narc!/member_00919,0,/fielddata/script/scr_seq.narc,324,919,,253992,253996,244948,244952,4,df3f619804a92fdb4057192dc43dd748ea778adc52bc498ce80524c014b81119,00000000,,,,,False,,,,,,,,,,False,False
/fielddata/script/scr_seq.narc,/fielddata/script/scr_seq.narc!/member_00920,0,/fielddata/script/scr_seq.narc,324,920,,253996,254004,244952,244960,8,fb59317b8103f19f3850f0be3fe62db1aa481a9a7b31c590e6d243e98eacd375,0201000000000000,,,,,False,,,,,,,,,,False,False
/fielddata/script/scr_seq.narc,/fielddata/script/scr_seq.narc!/member_00921,0,/fielddata/script/scr_seq.narc,324,921,,254004,254008,244960,244964,4,df3f619804a92fdb4057192dc43dd748ea778adc52bc498ce80524c014b81119,00000000,,,,,False,,,,,,,,,,False,False
/fielddata/script/scr_seq.narc,/fielddata/script/scr_seq.narc!/member_00922,0,/fielddata/script/scr_seq.narc,324,922,,254008,254016,244964,244972,8,fb59317b8103f19f3850f0be3fe62db1aa481a9a7b31c590e6d243e98eacd375,0201000000000000,,,,,False,,,,,,,,,,False,False
/fielddata/script/scr_seq.narc,/fielddata/script/scr_seq.narc!/member_00923,0,/fielddata/script/scr_seq.narc,324,923,,254016,254024,244972,244980,8,53aa3c1e3c40d0c9ed896248a829501c2f97e16634873fcc4bded2aca279ec64,0208000000000000,,,,,False,,,,,,,,,,False,False
/fielddata/script/scr_seq.narc,/fielddata/script/scr_seq.narc!/member_00924,0,/fielddata/script/scr_seq.narc,324,924,,254024,254032,244980,244988,8,fb59317b8103f19f3850f0be3fe62db1aa481a9a7b31c590e6d243e98eacd375,0201000000000000,,,,,False,,,,,,,,,,False,False
/fielddata/script/scr_seq.narc,/fielddata/script/scr_seq.narc!/member_00925,0,/fielddata/script/scr_seq.narc,324,925,,254032,254036,244988,244992,4,df3f619804a92fdb4057192dc43dd748ea778adc52bc498ce80524c014b81119,00000000,,,,,False,,,,,,,,,,False,False
/fielddata/script/scr_seq.narc,/fielddata/script/scr_seq.narc!/member_00926,0,/fielddata/script/scr_seq.narc,324,926,,254036,254040,244992,244996,4,df3f619804a92fdb4057192dc43dd748ea778adc52bc498ce80524c014b81119,00000000,,,,,False,,,,,,,,,,False,False
/fielddata/script/scr_seq.narc,/fielddata/script/scr_seq.narc!/member_00927,0,/fielddata/script/scr_seq.narc,324,927,,254040,254044,244996,245000,4,df3f619804a92fdb4057192dc43dd748ea778adc52bc498ce80524c014b81119,00000000,,,,,False,,,,,,,,,,False,False
/fielddata/script/scr_seq.narc,/fielddata/script/scr_seq.narc!/member_00928,0,/fielddata/script/scr_seq.narc,324,928,,254044,254048,245000,245004,4,df3f619804a92fdb4057192dc43dd748ea778adc52bc498ce80524c014b81119,00000000,,,,,False,,,,,,,,,,False,False
/fielddata/script/scr_seq.narc,/fielddata/script/scr_seq.narc!/member_00929,0,/fielddata/script/scr_seq.narc,324,929,,254048,254056,245004,245012,8,60e37bc937e4e6271f69ff504af3c6a2b66260b1e2d23c1df3c1fb6605680d73,0207000000000000,,,,,False,,,,,,,,,,False,False
/fielddata/script/scr_seq.narc,/fielddata/script/scr_seq.narc!/member_00930,0,/fielddata/script/scr_seq.narc,324,930,,254056,254064,245012,245020,8,fb59317b8103f19f3850f0be3fe62db1aa481a9a7b31c590e6d243e98eacd375,0201000000000000,,,,,False,,,,,,,,,,False,False
/fielddata/script/scr_seq.narc,/fielddata/script/scr_seq.narc!/member_00931,0,/fielddata/script/scr_seq.narc,324,931,,254064,254068,245020,245024,4,df3f619804a92fdb4057192dc43dd748ea778adc52bc498ce80524c014b81119,00000000,,,,,False,,,,,,,,,,False,False
/fielddata/script/scr_seq.narc,/fielddata/script/scr_seq.narc!/member_00932,0,/fielddata/script/scr_seq.narc,324,932,,254068,254076,245024,245032,8,fb59317b8103f19f3850f0be3fe62db1aa481a9a7b31c590e6d243e98eacd375,0201000000000000,,,,,False,,,,,,,,,,False,False
/fielddata/script/scr_seq.narc,/fielddata/script/scr_seq.narc!/member_00933,0,/fielddata/script/scr_seq.narc,324,933,,254076,254080,245032,245036,4,df3f619804a92fdb4057192dc43dd748ea778adc52bc498ce80524c014b81119,00000000,,,,,False,,,,,,,,,,False,False
/fielddata/script/scr_seq.narc,/fielddata/script/scr_seq.narc!/member_00934,0,/fielddata/script/scr_seq.narc,324,934,,254080,254084,245036,245040,4,df3f619804a92fdb4057192dc43dd748ea778adc52bc498ce80524c014b81119,00000000,,,,,False,,,,,,,,,,False,False
/fielddata/script/scr_seq.narc,/fielddata/script/scr_seq.narc!/member_00935,0,/fielddata/script/scr_seq.narc,324,935,,254084,254092,245040,245048,8,3f9b1b74c60090b7af4e05c7046a8bc45dd4d7d70f4ea827080482be89ad15a1,020a000000000000,,,,,False,,,,,,,,,,False,False
/fielddata/script/scr_seq.narc,/fielddata/script/scr_seq.narc!/member_00936,0,/fielddata/script/scr_seq.narc,324,936,,254092,254100,245048,245056,8,fb59317b8103f19f3850f0be3fe62db1aa481a9a7b31c590e6d243e98eacd375,0201000000000000,,,,,False,,,,,,,,,,False,False
/fielddata/script/scr_seq.narc,/fielddata/script/scr_seq.narc!/member_00937,0,/fielddata/script/scr_seq.narc,324,937,,254100,254104,245056,245060,4,df3f619804a92fdb4057192dc43dd748ea778adc52bc498ce80524c014b81119,00000000,,,,,False,,,,,,,,,,False,False
/fielddata/script/scr_seq.narc,/fielddata/script/scr_seq.narc!/member_00938,0,/fielddata/script/scr_seq.narc,324,938,,254104,254112,245060,245068,8,fb59317b8103f19f3850f0be3fe62db1aa481a9a7b31c590e6d243e98eacd375,0201000000000000,,,,,False,,,,,,,,,,False,False
/fielddata/script/scr_seq.narc,/fielddata/script/scr_seq.narc!/member_00939,0,/fielddata/script/scr_seq.narc,324,939,,254112,254120,245068,245076,8,60e37bc937e4e6271f69ff504af3c6a2b66260b1e2d23c1df3c1fb6605680d73,0207000000000000,,,,,False,,,,,,,,,,False,False
/fielddata/script/scr_seq.narc,/fielddata/script/scr_seq.narc!/member_00940,0,/fielddata/script/scr_seq.narc,324,940,,254120,254128,245076,245084,8,fb59317b8103f19f3850f0be3fe62db1aa481a9a7b31c590e6d243e98eacd375,0201000000000000,,,,,False,,,,,,,,,,False,False
/fielddata/script/scr_seq.narc,/fielddata/script/scr_seq.narc!/member_00941,0,/fielddata/script/scr_seq.narc,324,941,,254128,254136,245084,245092,8,fb59317b8103f19f3850f0be3fe62db1aa481a9a7b31c590e6d243e98eacd375,0201000000000000,,,,,False,,,,,,,,,,False,False
/fielddata/script/scr_seq.narc,/fielddata/script/scr_seq.narc!/member_00942,0,/fielddata/script/scr_seq.narc,324,942,,254136,254140,245092,245096,4,df3f619804a92fdb4057192dc43dd748ea778adc52bc498ce80524c014b81119,00000000,,,,,False,,,,,,,,,,False,False
/fielddata/script/scr_seq.narc,/fielddata/script/scr_seq.narc!/member_00943,0,/fielddata/script/scr_seq.narc,324,943,,254140,254148,245096,245104,8,fb59317b8103f19f3850f0be3fe62db1aa481a9a7b31c590e6d243e98eacd375,0201000000000000,,,,,False,,,,,,,,,,False,False
/fielddata/script/scr_seq.narc,/fielddata/script/scr_seq.narc!/member_00944,0,/fielddata/script/scr_seq.narc,324,944,,254148,254156,245104,245112,8,fb59317b8103f19f3850f0be3fe62db1aa481a9a7b31c590e6d243e98eacd375,0201000000000000,,,,,False,,,,,,,,,,False,False
/fielddata/script/scr_seq.narc,/fielddata/script/scr_seq.narc!/member_00945,0,/fielddata/script/scr_seq.narc,324,945,,254156,254160,245112,245116,4,df3f619804a92fdb4057192dc43dd748ea778adc52bc498ce80524c014b81119,00000000,,,,,False,,,,,,,,,,False,False
/fielddata/script/scr_seq.narc,/fielddata/script/scr_seq.narc!/member_00946,0,/fielddata/script/scr_seq.narc,324,946,,254160,254164,245116,245120,4,df3f619804a92fdb4057192dc43dd748ea778adc52bc498ce80524c014b81119,00000000,,,,,False,,,,,,,,,,False,False
/fielddata/script/scr_seq.narc,/fielddata/script/scr_seq.narc!/member_00947,0,/fielddata/script/scr_seq.narc,324,947,,254164,254168,245120,245124,4,df3f619804a92fdb4057192dc43dd748ea778adc52bc498ce80524c014b81119,00000000,,,,,False,,,,,,,,,,False,False
/fielddata/script/scr_seq.narc,/fielddata/script/scr_seq.narc!/member_00948,0,/fielddata/script/scr_seq.narc,324,948,,254168,254180,245124,245136,12,69086a5420c537090d8dced219aa7a697fc28e11e8d7813af12da7320ef31585,020300000004040000000000,,,,,False,,,,,,,,,,False,False
/fielddata/script/scr_seq.narc,/fielddata/script/scr_seq.narc!/member_00949,0,/fielddata/script/scr_seq.narc,324,949,,254180,254188,245136,245144,8,db4a817e8f7bbf5a862d1ed461fc3b5e006753237cfd268fed6a16764761c033,0202000000000000,,,,,False,,,,,,,,,,False,False
/fielddata/script/scr_seq.narc,/fielddata/script/scr_seq.narc!/member_00950,0,/fielddata/script/scr_seq.narc,324,950,,254188,254196,245144,245152,8,60e37bc937e4e6271f69ff504af3c6a2b66260b1e2d23c1df3c1fb6605680d73,0207000000000000,,,,,False,,,,,,,,,,False,False
/fielddata/script/scr_seq.narc,/fielddata/script/scr_seq.narc!/member_00951,0,/fielddata/script/scr_seq.narc,324,951,,254196,254200,245152,245156,4,df3f619804a92fdb4057192dc43dd748ea778adc52bc498ce80524c014b81119,00000000,,,,,False,,,,,,,,,,False,False
/fielddata/script/scr_seq.narc,/fielddata/script/scr_seq.narc!/member_00952,0,/fielddata/script/scr_seq.narc,324,952,,254200,254204,245156,245160,4,df3f619804a92fdb4057192dc43dd748ea778adc52bc498ce80524c014b81119,00000000,,,,,False,,,,,,,,,,False,False
/fielddata/script/scr_seq.narc,/fielddata/script/scr_seq.narc!/member_00953,0,/fielddata/script/scr_seq.narc,324,953,,254204,254208,245160,245164,4,df3f619804a92fdb4057192dc43dd748ea778adc52bc498ce80524c014b81119,00000000,,,,,False,,,,,,,,,,False,False
/fielddata/script/scr_seq.narc,/fielddata/script/scr_seq.narc!/member_00954,0,/fielddata/script/scr_seq.narc,324,954,,254208,254212,245164,245168,4,df3f619804a92fdb4057192dc43dd748ea778adc52bc498ce80524c014b81119,00000000,,,,,False,,,,,,,,,,False,False
/fielddata/script/scr_seq.narc,/fielddata/script/scr_seq.narc!/member_00955,0,/fielddata/script/scr_seq.narc,324,955,,254212,254216,245168,245172,4,df3f619804a92fdb4057192dc43dd748ea778adc52bc498ce80524c014b81119,00000000,,,,,False,,,,,,,,,,False,False
/fielddata/script/scr_seq.narc,/fielddata/script/scr_seq.narc!/member_00956,0,/fielddata/script/scr_seq.narc,324,956,,254216,254220,245172,245176,4,df3f619804a92fdb4057192dc43dd748ea778adc52bc498ce80524c014b81119,00000000,,,,,False,,,,,,,,,,False,False
/fielddata/script/scr_seq.narc,/fielddata/script/scr_seq.narc!/member_00957,0,/fielddata/script/scr_seq.narc,324,957,,254220,254224,245176,245180,4,df3f619804a92fdb4057192dc43dd748ea778adc52bc498ce80524c014b81119,00000000,,,,,False,,,,,,,,,,False,False
/fielddata/script/scr_seq.narc,/fielddata/script/scr_seq.narc!/member_00958,0,/fielddata/script/scr_seq.narc,324,958,,254224,254228,245180,245184,4,df3f619804a92fdb4057192dc43dd748ea778adc52bc498ce80524c014b81119,00000000,,,,,False,,,,,,,,,,False,False
/fielddata/script/scr_seq.narc,/fielddata/script/scr_seq.narc!/member_00959,0,/fielddata/script/scr_seq.narc,324,959,,254228,254232,245184,245188,4,df3f619804a92fdb4057192dc43dd748ea778adc52bc498ce80524c014b81119,00000000,,,,,False,,,,,,,,,,False,False
/fielddata/script/scr_seq.narc,/fielddata/script/scr_seq.narc!/member_00960,0,/fielddata/script/scr_seq.narc,324,960,,254232,254240,245188,245196,8,4823ff34557b350562a800037eb14e533d39954d76cd142c23dbee263db4b4af,0204000000000000,,,,,False,,,,,,,,,,False,False
/fielddata/script/scr_seq.narc,/fielddata/script/scr_seq.narc!/member_00961,0,/fielddata/script/scr_seq.narc,324,961,,254240,254272,245196,245228,32,85ee56c11bf74d6660e08ce26eccd2a12d20cf7d721f6ef8e5efac640fbe9045,0201000000010100000000c64000000a,,,,,False,,,,,,,,,,False,False
/fielddata/script/scr_seq.narc,/fielddata/script/scr_seq.narc!/member_00962,0,/fielddata/script/scr_seq.narc,324,962,,254272,254276,245228,245232,4,df3f619804a92fdb4057192dc43dd748ea778adc52bc498ce80524c014b81119,00000000,,,,,False,,,,,,,,,,False,False
/fielddata/script/scr_seq.narc,/fielddata/script/scr_seq.narc!/member_00963,0,/fielddata/script/scr_seq.narc,324,963,,254276,254284,245232,245240,8,53aa3c1e3c40d0c9ed896248a829501c2f97e16634873fcc4bded2aca279ec64,0208000000000000,,,,,False,,,,,,,,,,False,False
/fielddata/script/scr_seq.narc,/fielddata/script/scr_seq.narc!/member_00964,0,/fielddata/script/scr_seq.narc,324,964,,254284,254292,245240,245248,8,fb59317b8103f19f3850f0be3fe62db1aa481a9a7b31c590e6d243e98eacd375,0201000000000000,,,,,False,,,,,,,,,,False,False
/fielddata/script/scr_seq.narc,/fielddata/script/scr_seq.narc!/member_00965,0,/fielddata/script/scr_seq.narc,324,965,,254292,254300,245248,245256,8,fb59317b8103f19f3850f0be3fe62db1aa481a9a7b31c590e6d243e98eacd375,0201000000000000,,,,,False,,,,,,,,,,False,False
/fielddata/script/scr_seq.narc,/fielddata/script/scr_seq.narc!/member_00966,0,/fielddata/script/scr_seq.narc,324,966,,254300,254304,245256,245260,4,df3f619804a92fdb4057192dc43dd748ea778adc52bc498ce80524c014b81119,00000000,,,,,False,,,,,,,,,,False,False
/fielddata/script/scr_seq.narc,/fielddata/script/scr_seq.narc!/member_00967,0,/fielddata/script/scr_seq.narc,324,967,,254304,254316,245260,245272,12,0972cc7961c7a0c41820dec24c22a353f6ca08f2d820931a754682c4dd33fbde,020100000003020000000000,,,,,False,,,,,,,,,,False,False
/fielddata/script/scr_seq.narc,/fielddata/script/scr_seq.narc!/member_00968,0,/fielddata/script/scr_seq.narc,324,968,,254316,254320,245272,245276,4,df3f619804a92fdb4057192dc43dd748ea778adc52bc498ce80524c014b81119,00000000,,,,,False,,,,,,,,,,False,False
/fielddata/script/scr_seq.narc,/fielddata/script/scr_seq.narc!/member_00969,0,/fielddata/script/scr_seq.narc,324,969,,254320,254324,245276,245280,4,df3f619804a92fdb4057192dc43dd748ea778adc52bc498ce80524c014b81119,00000000,,,,,False,,,,,,,,,,False,False
/fielddata/script/scr_seq.narc,/fielddata/script/scr_seq.narc!/member_00970,0,/fielddata/script/scr_seq.narc,324,970,,254324,254328,245280,245284,4,df3f619804a92fdb4057192dc43dd748ea778adc52bc498ce80524c014b81119,00000000,,,,,False,,,,,,,,,,False,False
/fielddata/script/scr_seq.narc,/fielddata/script/scr_seq.narc!/member_00971,0,/fielddata/script/scr_seq.narc,324,971,,254328,254332,245284,245288,4,df3f619804a92fdb4057192dc43dd748ea778adc52bc498ce80524c014b81119,00000000,,,,,False,,,,,,,,,,False,False
/fielddata/script/scr_seq.narc,/fielddata/script/scr_seq.narc!/member_00972,0,/fielddata/script/scr_seq.narc,324,972,,254332,254336,245288,245292,4,df3f619804a92fdb4057192dc43dd748ea778adc52bc498ce80524c014b81119,00000000,,,,,False,,,,,,,,,,False,False
/fielddata/script/scr_seq.narc,/fielddata/script/scr_seq.narc!/member_00973,0,/fielddata/script/scr_seq.narc,324,973,,254336,254348,245292,245304,12,69086a5420c537090d8dced219aa7a697fc28e11e8d7813af12da7320ef31585,020300000004040000000000,,,,,False,,,,,,,,,,False,False
/fielddata/script/scr_seq.narc,/fielddata/script/scr_seq.narc!/member_00974,0,/fielddata/script/scr_seq.narc,324,974,,254348,254352,245304,245308,4,df3f619804a92fdb4057192dc43dd748ea778adc52bc498ce80524c014b81119,00000000,,,,,False,,,,,,,,,,False,False
/fielddata/script/scr_seq.narc,/fielddata/script/scr_seq.narc!/member_00975,0,/fielddata/script/scr_seq.narc,324,975,,254352,254356,245308,245312,4,df3f619804a92fdb4057192dc43dd748ea778adc52bc498ce80524c014b81119,00000000,,,,,False,,,,,,,,,,False,False
/fielddata/script/scr_seq.narc,/fielddata/script/scr_seq.narc!/member_00976,0,/fielddata/script/scr_seq.narc,324,976,,254356,254360,245312,245316,4,df3f619804a92fdb4057192dc43dd748ea778adc52bc498ce80524c014b81119,00000000,,,,,False,,,,,,,,,,False,False
/fielddata/script/scr_seq.narc,/fielddata/script/scr_seq.narc!/member_00977,0,/fielddata/script/scr_seq.narc,324,977,,254360,254364,245316,245320,4,df3f619804a92fdb4057192dc43dd748ea778adc52bc498ce80524c014b81119,00000000,,,,,False,,,,,,,,,,False,False
/fielddata/script/scr_seq.narc,/fielddata/script/scr_seq.narc!/member_00978,0,/fielddata/script/scr_seq.narc,324,978,,254364,254368,245320,245324,4,df3f619804a92fdb4057192dc43dd748ea778adc52bc498ce80524c014b81119,00000000,,,,,False,,,,,,,,,,False,False
/fielddata/script/scr_seq.narc,/fielddata/script/scr_seq.narc!/member_00979,0,/fielddata/script/scr_seq.narc,324,979,,254368,254372,245324,245328,4,df3f619804a92fdb4057192dc43dd748ea778adc52bc498ce80524c014b81119,00000000,,,,,False,,,,,,,,,,False,False
/fielddata/script/scr_seq.narc,/fielddata/script/scr_seq.narc!/member_00980,0,/fielddata/script/scr_seq.narc,324,980,,254372,254376,245328,245332,4,df3f619804a92fdb4057192dc43dd748ea778adc52bc498ce80524c014b81119,00000000,,,,,False,,,,,,,,,,False,False
/fielddata/script/scr_seq.narc,/fielddata/script/scr_seq.narc!/member_00981,0,/fielddata/script/scr_seq.narc,324,981,,254376,254380,245332,245336,4,df3f619804a92fdb4057192dc43dd748ea778adc52bc498ce80524c014b81119,00000000,,,,,False,,,,,,,,,,False,False
/fielddata/script/scr_seq.narc,/fielddata/script/scr_seq.narc!/member_00982,0,/fielddata/script/scr_seq.narc,324,982,,254380,254388,245336,245344,8,fb59317b8103f19f3850f0be3fe62db1aa481a9a7b31c590e6d243e98eacd375,0201000000000000,,,,,False,,,,,,,,,,False,False
/fielddata/script/scr_seq.narc,/fielddata/script/scr_seq.narc!/member_00983,0,/fielddata/script/scr_seq.narc,324,983,,254388,254392,245344,245348,4,df3f619804a92fdb4057192dc43dd748ea778adc52bc498ce80524c014b81119,00000000,,,,,False,,,,,,,,,,False,False
/fielddata/script/scr_seq.narc,/fielddata/script/scr_seq.narc!/member_00984,0,/fielddata/script/scr_seq.narc,324,984,,254392,254408,245348,245364,16,f70f05ee64bf33a9f5596eb1a7e08225a7ad32e9f48dff84aa87f50a0393e31d,010100000000a3400000010000000000,,,,,False,,,,,,,,,,False,False
/fielddata/script/scr_seq.narc,/fielddata/script/scr_seq.narc!/member_00985,0,/fielddata/script/scr_seq.narc,324,985,,254408,254440,245364,245396,32,b0fa65249564fd3601379fefcdad90b682a316d27b6c5418e0e96b41328635ba,0201000000010100000000a440000002,,,,,False,,,,,,,,,,False,False
/fielddata/script/scr_seq.narc,/fielddata/script/scr_seq.narc!/member_00986,0,/fielddata/script/scr_seq.narc,324,986,,254440,254460,245396,245416,20,1855ffcab3d15f508656b9053492c067291b72181a00c5606e15b8fe9343b623,0205000000010100000000f940000003,,,,,False,,,,,,,,,,False,False
/fielddata/script/scr_seq.narc,/fielddata/script/scr_seq.narc!/member_00987,0,/fielddata/script/scr_seq.narc,324,987,,254460,254464,245416,245420,4,df3f619804a92fdb4057192dc43dd748ea778adc52bc498ce80524c014b81119,00000000,,,,,False,,,,,,,,,,False,False
/fielddata/script/scr_seq.narc,/fielddata/script/scr_seq.narc!/member_00988,0,/fielddata/script/scr_seq.narc,324,988,,254464,254468,245420,245424,4,df3f619804a92fdb4057192dc43dd748ea778adc52bc498ce80524c014b81119,00000000,,,,,False,,,,,,,,,,False,False
/fielddata/script/scr_seq.narc,/fielddata/script/scr_seq.narc!/member_00989,0,/fielddata/script/scr_seq.narc,324,989,,254468,254488,245424,245444,20,edda271468a83c60d755b9da4fa9282ee9866c3539b05999652d48452f9e28a2,02010000000101000000007140010003,,,,,False,,,,,,,,,,False,False
/fielddata/script/scr_seq.narc,/fielddata/script/scr_seq.narc!/member_00990,0,/fielddata/script/scr_seq.narc,324,990,,254488,254496,245444,245452,8,035ea31cde9b95c28a68cf2cc6d9b8d7f2d88802448304765460242fe729e294,02d8270000000000,,,,,False,,,,,,,,,,False,False
/fielddata/script/scr_seq.narc,/fielddata/script/scr_seq.narc!/member_00991,0,/fielddata/script/scr_seq.narc,324,991,,254496,254500,245452,245456,4,df3f619804a92fdb4057192dc43dd748ea778adc52bc498ce80524c014b81119,00000000,,,,,False,,,,,,,,,,False,False
/fielddata/script/scr_seq.narc,/fielddata/script/scr_seq.narc!/member_00992,0,/fielddata/script/scr_seq.narc,324,992,,254500,254540,245456,245496,40,39613700ccf2d7d42d2303890578d8e08985f2492c0f41468b4089d45e80a62c,0328230000010100000000d540010034,,,,,False,,,,,,,,,,False,False
/fielddata/script/scr_seq.narc,/fielddata/script/scr_seq.narc!/member_00993,0,/fielddata/script/scr_seq.narc,324,993,,254540,254568,245496,245524,28,7f8fb4f08639ecc59ce478d4a53fee4653b7da0cc2ead46300b713807ebdadd6,04f3230000010100000000d4400000f0,,,,,False,,,,,,,,,,False,False
/fielddata/script/scr_seq.narc,/fielddata/script/scr_seq.narc!/member_00994,0,/fielddata/script/scr_seq.narc,324,994,,254568,254596,245524,245552,28,a0b808cee1c1c3c5a8d2453585482535f65e1b8c71606303fadc8ddaf9e068d1,0201000000010100000000a640000002,,,,,False,,,,,,,,,,False,False
/fielddata/script/scr_seq.narc,/fielddata/script/scr_seq.narc!/member_00995,0,/fielddata/script/scr_seq.narc,324,995,,254596,254600,245552,245556,4,df3f619804a92fdb4057192dc43dd748ea778adc52bc498ce80524c014b81119,00000000,,,,,False,,,,,,,,,,False,False
/fielddata/script/scr_seq.narc,/fielddata/script/scr_seq.narc!/member_00996,0,/fielddata/script/scr_seq.narc,324,996,,254600,254604,245556,245560,4,df3f619804a92fdb4057192dc43dd748ea778adc52bc498ce80524c014b81119,00000000,,,,,False,,,,,,,,,,False,False
/fielddata/script/scr_seq.narc,/fielddata/script/scr_seq.narc!/member_00997,0,/fielddata/script/scr_seq.narc,324,997,,254604,254608,245560,245564,4,df3f619804a92fdb4057192dc43dd748ea778adc52bc498ce80524c014b81119,00000000,,,,,False,,,,,,,,,,False,False
/fielddata/script/scr_seq.narc,/fielddata/script/scr_seq.narc!/member_00998,0,/fielddata/script/scr_seq.narc,324,998,,254608,254616,245564,245572,8,fb59317b8103f19f3850f0be3fe62db1aa481a9a7b31c590e6d243e98eacd375,0201000000000000,,,,,False,,,,,,,,,,False,False
/fielddata/script/scr_seq.narc,/fielddata/script/scr_seq.narc!/member_00999,0,/fielddata/script/scr_seq.narc,324,999,,254616,254624,245572,245580,8,035ea31cde9b95c28a68cf2cc6d9b8d7f2d88802448304765460242fe729e294,02d8270000000000,,,,,False,,,,,,,,,,False,False
/fielddata/script/scr_seq.narc,/fielddata/script/scr_seq.narc!/member_01000,0,/fielddata/script/scr_seq.narc,324,1000,,254624,254632,245580,245588,8,1bcd9bcb70868ab78d0aadcb59c1823ab264fed355c1990c96698da4bf724f59,02a0280000000000,,,,,False,,,,,,,,,,False,False
/fielddata/script/scr_seq.narc,/fielddata/script/scr_seq.narc!/member_01001,0,/fielddata/script/scr_seq.narc,324,1001,,254632,254672,245588,245628,40,39613700ccf2d7d42d2303890578d8e08985f2492c0f41468b4089d45e80a62c,0328230000010100000000d540010034,,,,,False,,,,,,,,,,False,False
/fielddata/script/scr_seq.narc,/fielddata/script/scr_seq.narc!/member_01002,0,/fielddata/script/scr_seq.narc,324,1002,,254672,254700,245628,245656,28,7f8fb4f08639ecc59ce478d4a53fee4653b7da0cc2ead46300b713807ebdadd6,04f3230000010100000000d4400000f0,,,,,False,,,,,,,,,,False,False
/fielddata/script/scr_seq.narc,/fielddata/script/scr_seq.narc!/member_01003,0,/fielddata/script/scr_seq.narc,324,1003,,254700,254704,245656,245660,4,df3f619804a92fdb4057192dc43dd748ea778adc52bc498ce80524c014b81119,00000000,,,,,False,,,,,,,,,,False,False
/fielddata/script/scr_seq.narc,/fielddata/script/scr_seq.narc!/member_01004,0,/fielddata/script/scr_seq.narc,324,1004,,254704,254708,245660,245664,4,df3f619804a92fdb4057192dc43dd748ea778adc52bc498ce80524c014b81119,00000000,,,,,False,,,,,,,,,,False,False
/fielddata/script/scr_seq.narc,/fielddata/script/scr_seq.narc!/member_01005,0,/fielddata/script/scr_seq.narc,324,1005,,254708,254712,245664,245668,4,df3f619804a92fdb4057192dc43dd748ea778adc52bc498ce80524c014b81119,00000000,,,,,False,,,,,,,,,,False,False
/fielddata/script/scr_seq.narc,/fielddata/script/scr_seq.narc!/member_01006,0,/fielddata/script/scr_seq.narc,324,1006,,254712,254724,245668,245680,12,9f0f855ce1c2e0a50e0168e89af657490173c06c792ede712700949dbef31c46,020a000000030b0000000000,,,,,False,,,,,,,,,,False,False
/fielddata/script/scr_seq.narc,/fielddata/script/scr_seq.narc!/member_01007,0,/fielddata/script/scr_seq.narc,324,1007,,254724,254732,245680,245688,8,035ea31cde9b95c28a68cf2cc6d9b8d7f2d88802448304765460242fe729e294,02d8270000000000,,,,,False,,,,,,,,,,False,False
/fielddata/script/scr_seq.narc,/fielddata/script/scr_seq.narc!/member_01008,0,/fielddata/script/scr_seq.narc,324,1008,,254732,254740,245688,245696,8,1bcd9bcb70868ab78d0aadcb59c1823ab264fed355c1990c96698da4bf724f59,02a0280000000000,,,,,False,,,,,,,,,,False,False
/fielddata/script/scr_seq.narc,/fielddata/script/scr_seq.narc!/member_01009,0,/fielddata/script/scr_seq.narc,324,1009,,254740,254780,245696,245736,40,39613700ccf2d7d42d2303890578d8e08985f2492c0f41468b4089d45e80a62c,0328230000010100000000d540010034,,,,,False,,,,,,,,,,False,False
/fielddata/script/scr_seq.narc,/fielddata/script/scr_seq.narc!/member_01010,0,/fielddata/script/scr_seq.narc,324,1010,,254780,254808,245736,245764,28,7f8fb4f08639ecc59ce478d4a53fee4653b7da0cc2ead46300b713807ebdadd6,04f3230000010100000000d4400000f0,,,,,False,,,,,,,,,,False,False
/fielddata/script/scr_seq.narc,/fielddata/script/scr_seq.narc!/member_01011,0,/fielddata/script/scr_seq.narc,324,1011,,254808,254816,245764,245772,8,fb59317b8103f19f3850f0be3fe62db1aa481a9a7b31c590e6d243e98eacd375,0201000000000000,,,,,False,,,,,,,,,,False,False
/fielddata/script/scr_seq.narc,/fielddata/script/scr_seq.narc!/member_01012,0,/fielddata/script/scr_seq.narc,324,1012,,254816,254820,245772,245776,4,df3f619804a92fdb4057192dc43dd748ea778adc52bc498ce80524c014b81119,00000000,,,,,False,,,,,,,,,,False,False
/fielddata/script/scr_seq.narc,/fielddata/script/scr_seq.narc!/member_01013,0,/fielddata/script/scr_seq.narc,324,1013,,254820,254824,245776,245780,4,df3f619804a92fdb4057192dc43dd748ea778adc52bc498ce80524c014b81119,00000000,,,,,False,,,,,,,,,,False,False
/fielddata/script/scr_seq.narc,/fielddata/script/scr_seq.narc!/member_01014,0,/fielddata/script/scr_seq.narc,324,1014,,254824,254828,245780,245784,4,df3f619804a92fdb4057192dc43dd748ea778adc52bc498ce80524c014b81119,00000000,,,,,False,,,,,,,,,,False,False
/fielddata/script/scr_seq.narc,/fielddata/script/scr_seq.narc!/member_01015,0,/fielddata/script/scr_seq.narc,324,1015,,254828,254832,245784,245788,4,df3f619804a92fdb4057192dc43dd748ea778adc52bc498ce80524c014b81119,00000000,,,,,False,,,,,,,,,,False,False
/fielddata/script/scr_seq.narc,/fielddata/script/scr_seq.narc!/member_01016,0,/fielddata/script/scr_seq.narc,324,1016,,254832,254852,245788,245808,20,70d40643e7e5418a8faf5eb46f324b02bfebdda1d7d1ffa16b0648e77cfbb9cf,02010000000101000000007440010005,,,,,False,,,,,,,,,,False,False
/fielddata/script/scr_seq.narc,/fielddata/script/scr_seq.narc!/member_01017,0,/fielddata/script/scr_seq.narc,324,1017,,254852,254860,245808,245816,8,035ea31cde9b95c28a68cf2cc6d9b8d7f2d88802448304765460242fe729e294,02d8270000000000,,,,,False,,,,,,,,,,False,False
/fielddata/script/scr_seq.narc,/fielddata/script/scr_seq.narc!/member_01018,0,/fielddata/script/scr_seq.narc,324,1018,,254860,254868,245816,245824,8,1bcd9bcb70868ab78d0aadcb59c1823ab264fed355c1990c96698da4bf724f59,02a0280000000000,,,,,False,,,,,,,,,,False,False
/fielddata/script/scr_seq.narc,/fielddata/script/scr_seq.narc!/member_01019,0,/fielddata/script/scr_seq.narc,324,1019,,254868,254908,245824,245864,40,39613700ccf2d7d42d2303890578d8e08985f2492c0f41468b4089d45e80a62c,0328230000010100000000d540010034,,,,,False,,,,,,,,,,False,False
/fielddata/script/scr_seq.narc,/fielddata/script/scr_seq.narc!/member_01020,0,/fielddata/script/scr_seq.narc,324,1020,,254908,254936,245864,245892,28,7f8fb4f08639ecc59ce478d4a53fee4653b7da0cc2ead46300b713807ebdadd6,04f3230000010100000000d4400000f0,,,,,False,,,,,,,,,,False,False
/fielddata/script/scr_seq.narc,/fielddata/script/scr_seq.narc!/member_01021,0,/fielddata/script/scr_seq.narc,324,1021,,254936,254944,245892,245900,8,95ab968b5e60a8ddd5cceb1f5477b84a1e13637c73a02f31663a27364af0690b,0205000000000000,,,,,False,,,,,,,,,,False,False
/fielddata/script/scr_seq.narc,/fielddata/script/scr_seq.narc!/member_01022,0,/fielddata/script/scr_seq.narc,324,1022,,254944,254948,245900,245904,4,df3f619804a92fdb4057192dc43dd748ea778adc52bc498ce80524c014b81119,00000000,,,,,False,,,,,,,,,,False,False
/fielddata/script/scr_seq.narc,/fielddata/script/scr_seq.narc!/member_01023,0,/fielddata/script/scr_seq.narc,324,1023,,254948,254952,245904,245908,4,df3f619804a92fdb4057192dc43dd748ea778adc52bc498ce80524c014b81119,00000000,,,,,False,,,,,,,,,,False,False
/fielddata/script/scr_seq.narc,/fielddata/script/scr_seq.narc!/member_01024,0,/fielddata/script/scr_seq.narc,324,1024,,254952,254956,245908,245912,4,df3f619804a92fdb4057192dc43dd748ea778adc52bc498ce80524c014b81119,00000000,,,,,False,,,,,,,,,,False,False
/fielddata/script/scr_seq.narc,/fielddata/script/scr_seq.narc!/member_01025,0,/fielddata/script/scr_seq.narc,324,1025,,254956,254960,245912,245916,4,df3f619804a92fdb4057192dc43dd748ea778adc52bc498ce80524c014b81119,00000000,,,,,False,,,,,,,,,,False,False
/fielddata/script/scr_seq.narc,/fielddata/script/scr_seq.narc!/member_01026,0,/fielddata/script/scr_seq.narc,324,1026,,254960,254972,245916,245928,12,8660c5fa592850c4f348b414b34ca1b69ad896ad8980e191b23f72d98841b479,020800000004090000000000,,,,,False,,,,,,,,,,False,False
/fielddata/script/scr_seq.narc,/fielddata/script/scr_seq.narc!/member_01027,0,/fielddata/script/scr_seq.narc,324,1027,,254972,254980,245928,245936,8,035ea31cde9b95c28a68cf2cc6d9b8d7f2d88802448304765460242fe729e294,02d8270000000000,,,,,False,,,,,,,,,,False,False
/fielddata/script/scr_seq.narc,/fielddata/script/scr_seq.narc!/member_01028,0,/fielddata/script/scr_seq.narc,324,1028,,254980,254984,245936,245940,4,df3f619804a92fdb4057192dc43dd748ea778adc52bc498ce80524c014b81119,00000000,,,,,False,,,,,,,,,,False,False
/fielddata/script/scr_seq.narc,/fielddata/script/scr_seq.narc!/member_01029,0,/fielddata/script/scr_seq.narc,324,1029,,254984,255024,245940,245980,40,39613700ccf2d7d42d2303890578d8e08985f2492c0f41468b4089d45e80a62c,0328230000010100000000d540010034,,,,,False,,,,,,,,,,False,False
/fielddata/script/scr_seq.narc,/fielddata/script/scr_seq.narc!/member_01030,0,/fielddata/script/scr_seq.narc,324,1030,,255024,255052,245980,246008,28,7f8fb4f08639ecc59ce478d4a53fee4653b7da0cc2ead46300b713807ebdadd6,04f3230000010100000000d4400000f0,,,,,False,,,,,,,,,,False,False
/fielddata/script/scr_seq.narc,/fielddata/script/scr_seq.narc!/member_01031,0,/fielddata/script/scr_seq.narc,324,1031,,255052,255072,246008,246028,20,ea62762c135e93d02dd138a9da7bcd7f1b06ba05d68c3b378a1bdb224b0dbb84,0204000000010100000000c140000003,,,,,False,,,,,,,,,,False,False
/fielddata/script/scr_seq.narc,/fielddata/script/scr_seq.narc!/member_01032,0,/fielddata/script/scr_seq.narc,324,1032,,255072,255076,246028,246032,4,df3f619804a92fdb4057192dc43dd748ea778adc52bc498ce80524c014b81119,00000000,,,,,False,,,,,,,,,,False,False
/fielddata/script/scr_seq.narc,/fielddata/script/scr_seq.narc!/member_01033,0,/fielddata/script/scr_seq.narc,324,1033,,255076,255080,246032,246036,4,df3f619804a92fdb4057192dc43dd748ea778adc52bc498ce80524c014b81119,00000000,,,,,False,,,,,,,,,,False,False
/fielddata/script/scr_seq.narc,/fielddata/script/scr_seq.narc!/member_01034,0,/fielddata/script/scr_seq.narc,324,1034,,255080,255088,246036,246044,8,91e38f2c96f7cfad704c000fef76e4d1c0ec6d482648f79b5c01d56e843d7241,020e000000000000,,,,,False,,,,,,,,,,False,False
/fielddata/script/scr_seq.narc,/fielddata/script/scr_seq.narc!/member_01035,0,/fielddata/script/scr_seq.narc,324,1035,,255088,255096,246044,246052,8,035ea31cde9b95c28a68cf2cc6d9b8d7f2d88802448304765460242fe729e294,02d8270000000000,,,,,False,,,,,,,,,,False,False
/fielddata/script/scr_seq.narc,/fielddata/script/scr_seq.narc!/member_01036,0,/fielddata/script/scr_seq.narc,324,1036,,255096,255104,246052,246060,8,1bcd9bcb70868ab78d0aadcb59c1823ab264fed355c1990c96698da4bf724f59,02a0280000000000,,,,,False,,,,,,,,,,False,False
/fielddata/script/scr_seq.narc,/fielddata/script/scr_seq.narc!/member_01037,0,/fielddata/script/scr_seq.narc,324,1037,,255104,255144,246060,246100,40,39613700ccf2d7d42d2303890578d8e08985f2492c0f41468b4089d45e80a62c,0328230000010100000000d540010034,,,,,False,,,,,,,,,,False,False
/fielddata/script/scr_seq.narc,/fielddata/script/scr_seq.narc!/member_01038,0,/fielddata/script/scr_seq.narc,324,1038,,255144,255172,246100,246128,28,7f8fb4f08639ecc59ce478d4a53fee4653b7da0cc2ead46300b713807ebdadd6,04f3230000010100000000d4400000f0,,,,,False,,,,,,,,,,False,False
/fielddata/script/scr_seq.narc,/fielddata/script/scr_seq.narc!/member_01039,0,/fielddata/script/scr_seq.narc,324,1039,,255172,255192,246128,246148,20,3af95278ac741f94d7b5b6e0274956b2a71fa0a67a196c074371e9aecd174cca,0208000000010100000000a740000007,,,,,False,,,,,,,,,,False,False
/fielddata/script/scr_seq.narc,/fielddata/script/scr_seq.narc!/member_01040,0,/fielddata/script/scr_seq.narc,324,1040,,255192,255196,246148,246152,4,df3f619804a92fdb4057192dc43dd748ea778adc52bc498ce80524c014b81119,00000000,,,,,False,,,,,,,,,,False,False
/fielddata/script/scr_seq.narc,/fielddata/script/scr_seq.narc!/member_01041,0,/fielddata/script/scr_seq.narc,324,1041,,255196,255200,246152,246156,4,df3f619804a92fdb4057192dc43dd748ea778adc52bc498ce80524c014b81119,00000000,,,,,False,,,,,,,,,,False,False
/fielddata/script/scr_seq.narc,/fielddata/script/scr_seq.narc!/member_01042,0,/fielddata/script/scr_seq.narc,324,1042,,255200,255220,246156,246176,20,b6df8a9f8adccd5ccfb1506ad9089ad9ea3aa0102ffdd63f8651150937e340a8,0201000000010100000000a140000029,,,,,False,,,,,,,,,,False,False
/fielddata/script/scr_seq.narc,/fielddata/script/scr_seq.narc!/member_01043,0,/fielddata/script/scr_seq.narc,324,1043,,255220,255224,246176,246180,4,df3f619804a92fdb4057192dc43dd748ea778adc52bc498ce80524c014b81119,00000000,,,,,False,,,,,,,,,,False,False
/fielddata/script/scr_seq.narc,/fielddata/script/scr_seq.narc!/member_01044,0,/fielddata/script/scr_seq.narc,324,1044,,255224,255248,246180,246204,24,4a0061574166d4296974c48bdf864443540a6331cbda7761387c1fafa7048a1b,02010000000302000000010100000000,,,,,False,,,,,,,,,,False,False
/fielddata/script/scr_seq.narc,/fielddata/script/scr_seq.narc!/member_01045,0,/fielddata/script/scr_seq.narc,324,1045,,255248,255264,246204,246220,16,5771b780e60aac11ff3a3d6339a2f3a6817bbadd6ea96abd9501d712600d3afa,02010000000402000000030300000000,,,,,False,,,,,,,,,,False,False
/fielddata/script/scr_seq.narc,/fielddata/script/scr_seq.narc!/member_01046,0,/fielddata/script/scr_seq.narc,324,1046,,255264,255268,246220,246224,4,df3f619804a92fdb4057192dc43dd748ea778adc52bc498ce80524c014b81119,00000000,,,,,False,,,,,,,,,,False,False
/fielddata/script/scr_seq.narc,/fielddata/script/scr_seq.narc!/member_01047,0,/fielddata/script/scr_seq.narc,324,1047,,255268,255272,246224,246228,4,df3f619804a92fdb4057192dc43dd748ea778adc52bc498ce80524c014b81119,00000000,,,,,False,,,,,,,,,,False,False
/fielddata/script/scr_seq.narc,/fielddata/script/scr_seq.narc!/member_01048,0,/fielddata/script/scr_seq.narc,324,1048,,255272,255276,246228,246232,4,df3f619804a92fdb4057192dc43dd748ea778adc52bc498ce80524c014b81119,00000000,,,,,False,,,,,,,,,,False,False
/fielddata/script/scr_seq.narc,/fielddata/script/scr_seq.narc!/member_01049,0,/fielddata/script/scr_seq.narc,324,1049,,255276,255284,246232,246240,8,fb59317b8103f19f3850f0be3fe62db1aa481a9a7b31c590e6d243e98eacd375,0201000000000000,,,,,False,,,,,,,,,,False,False
/fielddata/script/scr_seq.narc,/fielddata/script/scr_seq.narc!/member_01050,0,/fielddata/script/scr_seq.narc,324,1050,,255284,255288,246240,246244,4,df3f619804a92fdb4057192dc43dd748ea778adc52bc498ce80524c014b81119,00000000,,,,,False,,,,,,,,,,False,False
/fielddata/script/scr_seq.narc,/fielddata/script/scr_seq.narc!/member_01051,0,/fielddata/script/scr_seq.narc,324,1051,,255288,256520,246244,247476,1232,8a81f571e93a43d1218df60871a5749a0751368d628824aee340d7725a82ba68,0200000013fd4900dc05600068004d01,,,,,False,,,,,,,,,,False,False
/fielddata/script/scr_seq.narc,/fielddata/script/scr_seq.narc!/member_01052,0,/fielddata/script/scr_seq.narc,324,1052,,256520,258172,247476,249128,1652,360c2eaea278794f66af07f9e2c1df4d3d3373bd9a1206b07e754be56bc7dfdd,22000000c80400005b000000bd000000,,,,,False,,,,,,,,,,False,False
/fielddata/script/scr_seq.narc,/fielddata/script/scr_seq.narc!/member_01053,0,/fielddata/script/scr_seq.narc,324,1053,,258172,258364,249128,249320,192,225204b77f8a02c501339bb93c1840f31ac4304cc651bb498f9ccae11f4bfb3f,0200000013fd4900dc05600068002000,,,,,False,,,,,,,,,,False,False
/fielddata/script/scr_seq.narc,/fielddata/script/scr_seq.narc!/member_01054,0,/fielddata/script/scr_seq.narc,324,1054,,258364,258548,249320,249504,184,45ebcaae6db631df84df2b69f8864e97384c438951fe558a9aa80d5c9dc1ced1,0a000000880000009500000013fd6000,,,,,False,,,,,,,,,,False,False
/fielddata/script/scr_seq.narc,/fielddata/script/scr_seq.narc!/member_01055,0,/fielddata/script/scr_seq.narc,324,1055,,258548,261120,249504,252076,2572,c981f9fe15eaa68356e31291708820eb615de46442217820651e71650fab9358,2a0000005c0000007001000004020000,,,,,False,,,,,,,,,,False,False
/fielddata/script/scr_seq.narc,/fielddata/script/scr_seq.narc!/member_01056,0,/fielddata/script/scr_seq.narc,324,1056,,261120,262444,252076,253400,1324,224d7be681f60ca713cc6e7afb87a2ea3f6f2a87bb5021a9f9faad032114f848,59000000660000003500000072000000,,,,,False,,,,,,,,,,False,False
/fielddata/script/scr_seq.narc,/fielddata/script/scr_seq.narc!/member_01057,0,/fielddata/script/scr_seq.narc,324,1057,,262444,262504,253400,253460,60,24f2b95797ff696d9685d1bf8a2382c595b05b4c5b7381f8b27fe6197b2c176d,0200000013fd4900dc05600068001100,,,,,False,,,,,,,,,,False,False
/fielddata/script/scr_seq.narc,/fielddata/script/scr_seq.narc!/member_01058,0,/fielddata/script/scr_seq.narc,324,1058,,262504,262600,253460,253556,96,8e536dbc95c5072ae23c624dac195c70b9b44b1e0336b74487c685488cb4231e,060000002b00000013fd4900dc056000,,,,,False,,,,,,,,,,False,False
/fielddata/script/scr_seq.narc,/fielddata/script/scr_seq.narc!/member_01059,0,/fielddata/script/scr_seq.narc,324,1059,,262600,264908,253556,255864,2308,983137f0861f9637d7829703b87eacd65ed76d2d7e285b3c2e0b9c5d7d7b914f,2e0000007d0000007005000030080000,,,,,False,,,,,,,,,,False,False
/fielddata/script/scr_seq.narc,/fielddata/script/scr_seq.narc!/member_01060,0,/fielddata/script/scr_seq.narc,324,1060,,264908,264988,255864,255944,80,c3fd75fca809fb2c3d874f7b59d2980f8a6b291708cd78327bcf6a2154db39c4,0e000000200000001e0000002d000000,,,,,False,,,,,,,,,,False,False
/fielddata/script/scr_seq.narc,/fielddata/script/scr_seq.narc!/member_01061,0,/fielddata/script/scr_seq.narc,324,1061,,264988,265076,255944,256032,88,927316322fbfc91a8574411e57e6590a14a45b44d40e4bfafa9a1ae3722d8324,0e000000160000002500000034000000,,,,,False,,,,,,,,,,False,False
/fielddata/script/scr_seq.narc,/fielddata/script/scr_seq.narc!/member_01062,0,/fielddata/script/scr_seq.narc,324,1062,,265076,265104,256032,256060,28,7bf6a5d9589b01603e296ad53e577bcc5567d935ab89f0267d13792eb791e4e3,0200000013fd4900dc05600068002c00,,,,,False,,,,,,,,,,False,False
/fielddata/script/scr_seq.narc,/fielddata/script/scr_seq.narc!/member_01063,0,/fielddata/script/scr_seq.narc,324,1063,,265104,265112,256060,256068,8,1c41889b5ca0b389bff2b87b597a76386e51e014486e52a57b44cf72e8bf3470,0200000013fd0200,,,,,False,,,,,,,,,,False,False
/fielddata/script/scr_seq.narc,/fielddata/script/scr_seq.narc!/member_01064,0,/fielddata/script/scr_seq.narc,324,1064,,265112,267364,256068,258320,2252,70757a21ea088c71f39631e23d18bf65ef249b40341a59a917fb14c2ff6aca9a,3a000000a6010000800000009c010000,,,,,False,,,,,,,,,,False,False
/fielddata/script/scr_seq.narc,/fielddata/script/scr_seq.narc!/member_01065,0,/fielddata/script/scr_seq.narc,324,1065,,267364,267644,258320,258600,280,2bb8f68fb70c873dad9944f1af1c17142467cda08caeb8440f13b103ebfa55a9,060000003200000013fd4900dc056000,,,,,False,,,,,,,,,,False,False
/fielddata/script/scr_seq.narc,/fielddata/script/scr_seq.narc!/member_01066,0,/fielddata/script/scr_seq.narc,324,1066,,267644,267672,258600,258628,28,1dac4f45e0b9b0638555b32bd8801b140b48155a286c5776c02d245320601752,0200000013fd4900dc056000cd00002c,,,,,False,,,,,,,,,,False,False
/fielddata/script/scr_seq.narc,/fielddata/script/scr_seq.narc!/member_01067,0,/fielddata/script/scr_seq.narc,324,1067,,267672,267720,258628,258676,48,02488b423a1484656a1ea2078ef334df9885e83777fd2c31f8d66933c9be287b,060000001500000013fd4900dc056000,,,,,False,,,,,,,,,,False,False
/fielddata/script/scr_seq.narc,/fielddata/script/scr_seq.narc!/member_01068,0,/fielddata/script/scr_seq.narc,324,1068,,267720,268164,258676,259120,444,3e224803e13c9f39cf0373932c938aaac1aa51afb1fe20d9d191885c5ccfb801,2a0000002800000060000000a0000000,,,,,False,,,,,,,,,,False,False
/fielddata/script/scr_seq.narc,/fielddata/script/scr_seq.narc!/member_01069,0,/fielddata/script/scr_seq.narc,324,1069,,268164,268264,259120,259220,100,32467f61371c05b9d4c6edbf04610f1245fd85c3c9df279b4a9652cc3867adad,0e000000200000003200000041000000,,,,,False,,,,,,,,,,False,False
/fielddata/script/scr_seq.narc,/fielddata/script/scr_seq.narc!/member_01070,0,/fielddata/script/scr_seq.narc,324,1070,,268264,268376,259220,259332,112,b569bb72b76e08768eefe0a9d9fcdca5748608ca4ca6cf68b8a71c40bff77d0f,0e000000160000002500000034000000,,,,,False,,,,,,,,,,False,False
/fielddata/script/scr_seq.narc,/fielddata/script/scr_seq.narc!/member_01071,0,/fielddata/script/scr_seq.narc,324,1071,,268376,268384,259332,259340,8,1c41889b5ca0b389bff2b87b597a76386e51e014486e52a57b44cf72e8bf3470,0200000013fd0200,,,,,False,,,,,,,,,,False,False
/fielddata/script/scr_seq.narc,/fielddata/script/scr_seq.narc!/member_01072,0,/fielddata/script/scr_seq.narc,324,1072,,268384,268392,259340,259348,8,1c41889b5ca0b389bff2b87b597a76386e51e014486e52a57b44cf72e8bf3470,0200000013fd0200,,,,,False,,,,,,,,,,False,False
/fielddata/script/scr_seq.narc,/fielddata/script/scr_seq.narc!/member_01073,0,/fielddata/script/scr_seq.narc,324,1073,,268392,268576,259348,259532,184,6a5a8dce80931cdc42fc1021eecaf7454fe66bcbba938f7b019454cccd1ed53f,0a000000660000009d00000013fd4900,,,,,False,,,,,,,,,,False,False
/fielddata/script/scr_seq.narc,/fielddata/script/scr_seq.narc!/member_01074,0,/fielddata/script/scr_seq.narc,324,1074,,268576,268624,259532,259580,48,02488b423a1484656a1ea2078ef334df9885e83777fd2c31f8d66933c9be287b,060000001500000013fd4900dc056000,,,,,False,,,,,,,,,,False,False
/fielddata/script/scr_seq.narc,/fielddata/script/scr_seq.narc!/member_01075,0,/fielddata/script/scr_seq.narc,324,1075,,268624,268824,259580,259780,200,c6e92b603642e4fe87463a0a556cda7c201c59ab5ccf0dc6b9dab11e7012d065,0a000000190000009d00000013fd4900,,,,,False,,,,,,,,,,False,False
/fielddata/script/scr_seq.narc,/fielddata/script/scr_seq.narc!/member_01076,0,/fielddata/script/scr_seq.narc,324,1076,,268824,269384,259780,260340,560,c26af1aa4248fe3f37cb019b66be6a905d712453023f626ff95f56d7b2ec1d51,4b0000005a0000008700000096000000,,,,,False,,,,,,,,,,False,False
/fielddata/script/scr_seq.narc,/fielddata/script/scr_seq.narc!/member_01077,0,/fielddata/script/scr_seq.narc,324,1077,,269384,269484,260340,260440,100,4309ac0f2d6ba565bf2c33a28602507a2daff454a5517bba92a61702c39069f6,0e000000200000003200000041000000,,,,,False,,,,,,,,,,False,False
/fielddata/script/scr_seq.narc,/fielddata/script/scr_seq.narc!/member_01078,0,/fielddata/script/scr_seq.narc,324,1078,,269484,269572,260440,260528,88,c71defd6fade1123dd8b199d962b39e3991cb4ea3983a626ceeec0950db583ee,0e000000160000002500000034000000,,,,,False,,,,,,,,,,False,False
/fielddata/script/scr_seq.narc,/fielddata/script/scr_seq.narc!/member_01079,0,/fielddata/script/scr_seq.narc,324,1079,,269572,269580,260528,260536,8,1c41889b5ca0b389bff2b87b597a76386e51e014486e52a57b44cf72e8bf3470,0200000013fd0200,,,,,False,,,,,,,,,,False,False
/fielddata/script/scr_seq.narc,/fielddata/script/scr_seq.narc!/member_01080,0,/fielddata/script/scr_seq.narc,324,1080,,269580,269588,260536,260544,8,1c41889b5ca0b389bff2b87b597a76386e51e014486e52a57b44cf72e8bf3470,0200000013fd0200,,,,,False,,,,,,,,,,False,False
/fielddata/script/scr_seq.narc,/fielddata/script/scr_seq.narc!/member_01081,0,/fielddata/script/scr_seq.narc,324,1081,,269588,269700,260544,260656,112,1ef2e9941f7418ca7ab3955dc7af9de4a1194607936e02505ba149009105ee39,0a000000190000005000000013fd2000,,,,,False,,,,,,,,,,False,False
/fielddata/script/scr_seq.narc,/fielddata/script/scr_seq.narc!/member_01082,0,/fielddata/script/scr_seq.narc,324,1082,,269700,269764,260656,260720,64,218fdd29f9105b61d5f6cbefa0530086cf5cf30f6cf716ea2ed3468819a6218e,060000002400000013fd4900dc056000,,,,,False,,,,,,,,,,False,False
/fielddata/script/scr_seq.narc,/fielddata/script/scr_seq.narc!/member_01083,0,/fielddata/script/scr_seq.narc,324,1083,,269764,270652,260720,261608,888,68fa33465f8f88e8f9ecad2ae8b978b68b5f598e5a6045a9972bcc889aaa649a,0a000000b3020000c202000013fd4900,,,,,False,,,,,,,,,,False,False
/fielddata/script/scr_seq.narc,/fielddata/script/scr_seq.narc!/member_01084,0,/fielddata/script/scr_seq.narc,324,1084,,270652,270700,261608,261656,48,02488b423a1484656a1ea2078ef334df9885e83777fd2c31f8d66933c9be287b,060000001500000013fd4900dc056000,,,,,False,,,,,,,,,,False,False
/fielddata/script/scr_seq.narc,/fielddata/script/scr_seq.narc!/member_01085,0,/fielddata/script/scr_seq.narc,324,1085,,270700,271132,261656,262088,432,82595808578f3a317699f39386751083beebbf16302ea716a227c44c5ecbbca7,080000000101000013fd02004900dc05,,,,,False,,,,,,,,,,False,False
/fielddata/script/scr_seq.narc,/fielddata/script/scr_seq.narc!/member_01086,0,/fielddata/script/scr_seq.narc,324,1086,,271132,272040,262088,262996,908,f62a77fb7e26135f105198748a8101423da00b412a240bc8cbdfe229a365cff2,2e000000640200002002000028000000,,,,,False,,,,,,,,,,False,False
/fielddata/script/scr_seq.narc,/fielddata/script/scr_seq.narc!/member_01087,0,/fielddata/script/scr_seq.narc,324,1087,,272040,272096,262996,263052,56,587b1c715e336ce9c5fc86d5213683b693fa4b8d6d03bc8dbb83bb96b6f02d5f,060000001800000013fd4900dc056000,,,,,False,,,,,,,,,,False,False
/fielddata/script/scr_seq.narc,/fielddata/script/scr_seq.narc!/member_01088,0,/fielddata/script/scr_seq.narc,324,1088,,272096,272324,263052,263280,228,d727c562e282f0ee901578dbf3656b4732735dd06e4f5915a6b140846765200f,0e000000160000002500000034000000,,,,,False,,,,,,,,,,False,False
/fielddata/script/scr_seq.narc,/fielddata/script/scr_seq.narc!/member_01089,0,/fielddata/script/scr_seq.narc,324,1089,,272324,272332,263280,263288,8,1c41889b5ca0b389bff2b87b597a76386e51e014486e52a57b44cf72e8bf3470,0200000013fd0200,,,,,False,,,,,,,,,,False,False
/fielddata/script/scr_seq.narc,/fielddata/script/scr_seq.narc!/member_01090,0,/fielddata/script/scr_seq.narc,324,1090,,272332,272340,263288,263296,8,1c41889b5ca0b389bff2b87b597a76386e51e014486e52a57b44cf72e8bf3470,0200000013fd0200,,,,,False,,,,,,,,,,False,False
/fielddata/script/scr_seq.narc,/fielddata/script/scr_seq.narc!/member_01091,0,/fielddata/script/scr_seq.narc,324,1091,,272340,272560,263296,263516,220,3d558cb527fbef48fd5cb0370d2efb56e05c596ea34f113d83be534938735967,180000004e00000095000000a4000000,,,,,False,,,,,,,,,,False,False
/fielddata/script/scr_seq.narc,/fielddata/script/scr_seq.narc!/member_01092,0,/fielddata/script/scr_seq.narc,324,1092,,272560,272944,263516,263900,384,388bda65aa383e30121834539acb3d02b607cac767773543eccdb3c64e922e2b,0e000000230000003500000047000000,,,,,False,,,,,,,,,,False,False
/fielddata/script/scr_seq.narc,/fielddata/script/scr_seq.narc!/member_01093,0,/fielddata/script/scr_seq.narc,324,1093,,272944,272992,263900,263948,48,02488b423a1484656a1ea2078ef334df9885e83777fd2c31f8d66933c9be287b,060000001500000013fd4900dc056000,,,,,False,,,,,,,,,,False,False
/fielddata/script/scr_seq.narc,/fielddata/script/scr_seq.narc!/member_01094,0,/fielddata/script/scr_seq.narc,324,1094,,272992,273092,263948,264048,100,24996c442d5ef68b94201493b274f1669ce2d5c6c201fc1edd3f31f24045dc82,060000003d00000013fd4900dc056000,,,,,False,,,,,,,,,,False,False
/fielddata/script/scr_seq.narc,/fielddata/script/scr_seq.narc!/member_01095,0,/fielddata/script/scr_seq.narc,324,1095,,273092,275288,264048,266244,2196,286ce7a81dbb2433843e83749dd291b203d934a0f3c2ebe63ac6476456a9b687,0a000000300500007905000013fd4900,,,,,False,,,,,,,,,,False,False
/fielddata/script/scr_seq.narc,/fielddata/script/scr_seq.narc!/member_01096,0,/fielddata/script/scr_seq.narc,324,1096,,275288,276028,266244,266984,740,19f4be6ce87e7feb5103cd1728646c2b2ebd5eabfb3ebb57954cd9626d155329,58000000670000007600000085000000,,,,,False,,,,,,,,,,False,False
/fielddata/script/scr_seq.narc,/fielddata/script/scr_seq.narc!/member_01097,0,/fielddata/script/scr_seq.narc,324,1097,,276028,276108,266984,267064,80,db609becd20bbdba8244dbea7e9dd7148489fb43c24603e33a3e1200eef96530,0e000000200000001e0000002d000000,,,,,False,,,,,,,,,,False,False
/fielddata/script/scr_seq.narc,/fielddata/script/scr_seq.narc!/member_01098,0,/fielddata/script/scr_seq.narc,324,1098,,276108,276220,267064,267176,112,64893d159ba1b227d44e5c95228b3b0e02db271c34130898cc89bf33404d001e,0e000000160000003b0000004a000000,,,,,False,,,,,,,,,,False,False
/fielddata/script/scr_seq.narc,/fielddata/script/scr_seq.narc!/member_01099,0,/fielddata/script/scr_seq.narc,324,1099,,276220,276228,267176,267184,8,1c41889b5ca0b389bff2b87b597a76386e51e014486e52a57b44cf72e8bf3470,0200000013fd0200,,,,,False,,,,,,,,,,False,False
/fielddata/script/scr_seq.narc,/fielddata/script/scr_seq.narc!/member_01100,0,/fielddata/script/scr_seq.narc,324,1100,,276228,276236,267184,267192,8,1c41889b5ca0b389bff2b87b597a76386e51e014486e52a57b44cf72e8bf3470,0200000013fd0200,,,,,False,,,,,,,,,,False,False
/fielddata/script/scr_seq.narc,/fielddata/script/scr_seq.narc!/member_01101,0,/fielddata/script/scr_seq.narc,324,1101,,276236,281080,267192,272036,4844,f6241742c646176ddc65b56c6d32bf85ba81e20233534b0d8da31f9967e71490,560100007b0100006c02000012000000,,,,,False,,,,,,,,,,False,False
/fielddata/script/scr_seq.narc,/fielddata/script/scr_seq.narc!/member_01102,0,/fielddata/script/scr_seq.narc,324,1102,,281080,281176,272036,272132,96,c093ec34f81af70f1040be0b91916134b3c5d2803ba0eda0827345b4b867f301,0200000013fd4900dc05600068002000,,,,,False,,,,,,,,,,False,False
/fielddata/script/scr_seq.narc,/fielddata/script/scr_seq.narc!/member_01103,0,/fielddata/script/scr_seq.narc,324,1103,,281176,281788,272132,272744,612,d4a6fd688b529d2c17ffb5e2a892d7dcf89d5869ecda666f21b7b64cd6485c54,0a000000190000004702000013fd4900,,,,,False,,,,,,,,,,False,False
/fielddata/script/scr_seq.narc,/fielddata/script/scr_seq.narc!/member_01104,0,/fielddata/script/scr_seq.narc,324,1104,,281788,283280,272744,274236,1492,b21b344be44a8b874f13569bde355f49946c416202e2b9ae8c0b9a31b0023beb,d6000000e5000000f400000020010000,,,,,False,,,,,,,,,,False,False
/fielddata/script/scr_seq.narc,/fielddata/script/scr_seq.narc!/member_01105,0,/fielddata/script/scr_seq.narc,324,1105,,283280,283316,274236,274272,36,465e125dbeed71c693f32b343af5ab0f87ad597c19ece158d66c7a1af2bd7ca3,060000001800000013fd4900dc056000,,,,,False,,,,,,,,,,False,False
/fielddata/script/scr_seq.narc,/fielddata/script/scr_seq.narc!/member_01106,0,/fielddata/script/scr_seq.narc,324,1106,,283316,283380,274272,274336,64,4564a29b5084987c711b3e86877843a92abf3c095af51ffaac40243395e937a0,0a000000120000002100000013fd2800,,,,,False,,,,,,,,,,False,False
/fielddata/script/scr_seq.narc,/fielddata/script/scr_seq.narc!/member_01107,0,/fielddata/script/scr_seq.narc,324,1107,,283380,283388,274336,274344,8,1c41889b5ca0b389bff2b87b597a76386e51e014486e52a57b44cf72e8bf3470,0200000013fd0200,,,,,False,,,,,,,,,,False,False
/fielddata/script/scr_seq.narc,/fielddata/script/scr_seq.narc!/member_01108,0,/fielddata/script/scr_seq.narc,324,1108,,283388,283396,274344,274352,8,1c41889b5ca0b389bff2b87b597a76386e51e014486e52a57b44cf72e8bf3470,0200000013fd0200,,,,,False,,,,,,,,,,False,False
/fielddata/script/scr_seq.narc,/fielddata/script/scr_seq.narc!/member_01109,0,/fielddata/script/scr_seq.narc,324,1109,,283396,284156,274352,275112,760,3a562b5dd85645542e99ee1dc6a61eaafe099e81ea650aa802d52eb2b3088781,bc000000ce0000005d0200006c020000,,,,,False,,,,,,,,,,False,False
/fielddata/script/scr_seq.narc,/fielddata/script/scr_seq.narc!/member_01110,0,/fielddata/script/scr_seq.narc,324,1110,,284156,284960,275112,275916,804,cca00d5645892d4245d369483bc0ba1a218aa3b8dcf72ebcfc42960ac2424ca0,0e000000e0020000ef020000fe020000,,,,,False,,,,,,,,,,False,False
/fielddata/script/scr_seq.narc,/fielddata/script/scr_seq.narc!/member_01111,0,/fielddata/script/scr_seq.narc,324,1111,,284960,285348,275916,276304,388,0a12ae4b01ca5dc3e76dc86040d234a9298cf21990b4283dbe2ee13474951514,0200000013fd4900dc05600068001c01,,,,,False,,,,,,,,,,False,False
/fielddata/script/scr_seq.narc,/fielddata/script/scr_seq.narc!/member_01112,0,/fielddata/script/scr_seq.narc,324,1112,,285348,294480,276304,285436,9132,fdaaeeb61c5e49464cda3dcb7f1bdf90060f8e360fa42a9847bc4d764bf195f7,ae000000940200000003000022040000,,,,,False,,,,,,,,,,False,False
/fielddata/script/scr_seq.narc,/fielddata/script/scr_seq.narc!/member_01113,0,/fielddata/script/scr_seq.narc,324,1113,,294480,294624,285436,285580,144,0b863bbfebb227300643df22ddf6b2f0d537ea12d7e6fac5f0a36ea76a445f1b,0a0000002c0000003b00000013fd4900,,,,,False,,,,,,,,,,False,False
/fielddata/script/scr_seq.narc,/fielddata/script/scr_seq.narc!/member_01114,0,/fielddata/script/scr_seq.narc,324,1114,,294624,299336,285580,290292,4712,922bd0f2d6221dc108ad3a06ffe25ecdefc04f764b6edf633cd8a78f064acf3f,820e00007e0e00007a0e0000760e0000,,,,,False,,,,,,,,,,False,False
/fielddata/script/scr_seq.narc,/fielddata/script/scr_seq.narc!/member_01115,0,/fielddata/script/scr_seq.narc,324,1115,,299336,299640,290292,290596,304,237325a6b1b7c935eff60adfb16abc6adf1d937e52937bfcc925b5991c61fd38,0200000013fd4900dc056000e5013000,,,,,False,,,,,,,,,,False,False
/fielddata/script/scr_seq.narc,/fielddata/script/scr_seq.narc!/member_01116,0,/fielddata/script/scr_seq.narc,324,1116,,299640,300348,290596,291304,708,ef70eee5e16e778568baa7e984df79810bed2774b51cf203ca7ddb3580a5a86c,4a000000520000005a00000062000000,,,,,False,,,,,,,,,,False,False
/fielddata/script/scr_seq.narc,/fielddata/script/scr_seq.narc!/member_01117,0,/fielddata/script/scr_seq.narc,324,1117,,300348,301172,291304,292128,824,a075c6cd5bec7d65163c8106c8eefa6d3814d0099f244599d5ebdb8265c76d9a,16000000b6000000db0000007f010000,,,,,False,,,,,,,,,,False,False
/fielddata/script/scr_seq.narc,/fielddata/script/scr_seq.narc!/member_01118,0,/fielddata/script/scr_seq.narc,324,1118,,301172,304568,292128,295524,3396,5805504343c08d9cec3fe9063e6c52942006141909bab6cf8b2e364e1e924661,1e0000001c0000001a0000001a000000,,,,,False,,,,,,,,,,False,False
/fielddata/script/scr_seq.narc,/fielddata/script/scr_seq.narc!/member_01119,0,/fielddata/script/scr_seq.narc,324,1119,,304568,304576,295524,295532,8,1c41889b5ca0b389bff2b87b597a76386e51e014486e52a57b44cf72e8bf3470,0200000013fd0200,,,,,False,,,,,,,,,,False,False
/fielddata/script/scr_seq.narc,/fielddata/script/scr_seq.narc!/member_01120,0,/fielddata/script/scr_seq.narc,324,1120,,304576,304584,295532,295540,8,1c41889b5ca0b389bff2b87b597a76386e51e014486e52a57b44cf72e8bf3470,0200000013fd0200,,,,,False,,,,,,,,,,False,False
/fielddata/script/scr_seq.narc,/fielddata/script/scr_seq.narc!/member_01121,0,/fielddata/script/scr_seq.narc,324,1121,,304584,304640,295540,295596,56,6f83660219880addf2265a0005ce8a96b47223889627c873341a6c885e6e37db,060000001900000013fd360000010000,,,,,False,,,,,,,,,,False,False
/fielddata/script/scr_seq.narc,/fielddata/script/scr_seq.narc!/member_01122,0,/fielddata/script/scr_seq.narc,324,1122,,304640,304888,295596,295844,248,5be09a0bfb8128c58222951434df9e8d39945141163d82af25c264d3bd990136,0a0000000c000000db00000013fd1e00,,,,,False,,,,,,,,,,False,False
/fielddata/script/scr_seq.narc,/fielddata/script/scr_seq.narc!/member_01123,0,/fielddata/script/scr_seq.narc,324,1123,,304888,304964,295844,295920,76,6fb0f3c172ff69eb0c606386a188e8e497a36f33a08ac08ca0ae8f429794b2d9,0a0000001d0000002c00000013fd3600,,,,,False,,,,,,,,,,False,False
/fielddata/tornworld/tw_arc.narc,/fielddata/tornworld/tw_arc.narc!/member_00000,0,/fielddata/tornworld/tw_arc.narc,325,0,,140,264,0,124,124,afbe7c4fe3b6c6ff21740b50c86dd6748f5512662ff99734993fc0df1d16339c,0a0000003d0200000000150020010a00,,,,,False,,,,,,,,,,False,False
/fielddata/tornworld/tw_arc.narc,/fielddata/tornworld/tw_arc.narc!/member_00001,0,/fielddata/tornworld/tw_arc.narc,325,1,,264,512,124,372,248,ed29c9e14e8012b48766ee993bf892350503662fdc64677607e69be092dd932b,00000000000000000000000000000000,,,,,False,,,,,,,,,,False,False
/fielddata/tornworld/tw_arc.narc,/fielddata/tornworld/tw_arc.narc!/member_00002,0,/fielddata/tornworld/tw_arc.narc,325,2,,512,1084,372,944,572,015830f6955d26167216fb17fb68d6ccdb65931f763356ac14b54f2940d59890,0000000018000000a400000064000000,,,,,False,,,,,,,,,,False,False
/fielddata/tornworld/tw_arc.narc,/fielddata/tornworld/tw_arc.narc!/member_00003,0,/fielddata/tornworld/tw_arc.narc,325,3,,1084,1700,944,1560,616,7c44bf616af464b7d6eb707ee333965642015595be4ba394f4d34db88500b34b,0000000068000000a400000064000000,,,,,False,,,,,,,,,,False,False
/fielddata/tornworld/tw_arc.narc,/fielddata/tornworld/tw_arc.narc!/member_00004,0,/fielddata/tornworld/tw_arc.narc,325,4,,1700,4136,1560,3996,2436,90cd16c48bf51baf6fbb78119f11f3ef3e303ca2a1cd44e4c223be9b1ff854ee,0000000018000000a400000094000000,,,,,False,,,,,,,,,,False,False
/fielddata/tornworld/tw_arc.narc,/fielddata/tornworld/tw_arc.narc!/member_00005,0,/fielddata/tornworld/tw_arc.narc,325,5,,4136,5752,3996,5612,1616,ba83f5401d168deb0e2f4154d8c346d45a41e75bcf7af0f31a4ef04750ca4922,000000002c000000a400000094000000,,,,,False,,,,,,,,,,False,False
/fielddata/tornworld/tw_arc.narc,/fielddata/tornworld/tw_arc.narc!/member_00006,0,/fielddata/tornworld/tw_arc.narc,325,6,,5752,5952,5612,5812,200,0918a7da22b5c01f5a47a385f67247b94875bb82e6e42ef60a3526dfc6e6eb67,00000000000000000000000000000000,,,,,False,,,,,,,,,,False,False
/fielddata/tornworld/tw_arc.narc,/fielddata/tornworld/tw_arc.narc!/member_00007,0,/fielddata/tornworld/tw_arc.narc,325,7,,5952,6092,5812,5952,140,90058af3c16bec3dbee8d96cf164b6bddb6c64fd740fccdc9f2b5cc1a46dbbb9,00000000000000000000000000000000,,,,,False,,,,,,,,,,False,False
/fielddata/tornworld/tw_arc.narc,/fielddata/tornworld/tw_arc.narc!/member_00008,0,/fielddata/tornworld/tw_arc.narc,325,8,,6092,6300,5952,6160,208,9407783d380aad7879eca6b2153907f27aa675371850a32485a4ce2810ffcb20,00000000000000000000000000000000,,,,,False,,,,,,,,,,False,False
/fielddata/tornworld/tw_arc.narc,/fielddata/tornworld/tw_arc.narc!/member_00009,0,/fielddata/tornworld/tw_arc.narc,325,9,,6300,6516,6160,6376,216,910bd48a597013dedfb62f93e0f3c3f9d7b311484424be50a35b3ec395124e3c,00000000000000000000000034000000,,,,,False,,,,,,,,,,False,False
/fielddata/tornworld/tw_arc.narc,/fielddata/tornworld/tw_arc.narc!/member_00010,0,/fielddata/tornworld/tw_arc.narc,325,10,,6516,7696,6376,7556,1180,b91a64362b26eeb9a0b1ca34a33ed6cec62b9ec706068469b9fc2cdab3d708a2,0000000018000000a400000064000000,,,,,False,,,,,,,,,,False,False
/fielddata/tornworld/tw_arc_attr.narc,/fielddata/tornworld/tw_arc_attr.narc!/member_00000,0,/fielddata/tornworld/tw_arc_attr.narc,326,0,,148,2196,0,2048,2048,e5a00aa9991ac8a5ee3109844d84a55583bd20572ad3ffcd42792f3c36b183ad,00000000000000000000000000000000,,,,,False,,,,,,,,,,False,False
/fielddata/tornworld/tw_arc_attr.narc,/fielddata/tornworld/tw_arc_attr.narc!/member_00001,0,/fielddata/tornworld/tw_arc_attr.narc,326,1,,2196,4244,2048,4096,2048,e5a00aa9991ac8a5ee3109844d84a55583bd20572ad3ffcd42792f3c36b183ad,00000000000000000000000000000000,,,,,False,,,,,,,,,,False,False
/fielddata/tornworld/tw_arc_attr.narc,/fielddata/tornworld/tw_arc_attr.narc!/member_00002,0,/fielddata/tornworld/tw_arc_attr.narc,326,2,,4244,6292,4096,6144,2048,c8bed1f2d0570fd49bae04e88e41ff25bc39cb522e70e9e98c47437867aadd60,00800000000000000080008000800000,,,,,False,,,,,,,,,,False,False
/fielddata/tornworld/tw_arc_attr.narc,/fielddata/tornworld/tw_arc_attr.narc!/member_00003,0,/fielddata/tornworld/tw_arc_attr.narc,326,3,,6292,8340,6144,8192,2048,87b86c8bc5a9328cb0fe218c8638f31ea6b58a98ae82df1e58c169517fb6d455,00000080008000800080008000800080,,,,,False,,,,,,,,,,False,False
/fielddata/tornworld/tw_arc_attr.narc,/fielddata/tornworld/tw_arc_attr.narc!/member_00004,0,/fielddata/tornworld/tw_arc_attr.narc,326,4,,8340,10388,8192,10240,2048,036b845f1f6189fb0db73fc5549fd4c433c604f5b451125a1761bdd5c00843fb,00800080008000800080008000800080,,,,,False,,,,,,,,,,False,False
/fielddata/tornworld/tw_arc_attr.narc,/fielddata/tornworld/tw_arc_attr.narc!/member_00005,0,/fielddata/tornworld/tw_arc_attr.narc,326,5,,10388,12436,10240,12288,2048,d238062de6b07598a97a7dbd62e8c7b49cecf6fc4c19f80a5cb5301015427817,00800080008000800080008000800080,,,,,False,,,,,,,,,,False,False
/fielddata/tornworld/tw_arc_attr.narc,/fielddata/tornworld/tw_arc_attr.narc!/member_00006,0,/fielddata/tornworld/tw_arc_attr.narc,326,6,,12436,14484,12288,14336,2048,1dfcf1ada17ad6c3b9d3e01556c86ad288f4a3baa6ea51e524b276fbfc7c564a,00800080008000800080008000800080,,,,,False,,,,,,,,,,False,False
/fielddata/tornworld/tw_arc_attr.narc,/fielddata/tornworld/tw_arc_attr.narc!/member_00007,0,/fielddata/tornworld/tw_arc_attr.narc,326,7,,14484,16532,14336,16384,2048,5fe36679d9eb4dad2cb055d1063beb43eff9168f301d9a50b89cec81ba89e388,00800080008000800080008000800080,,,,,False,,,,,,,,,,False,False
/fielddata/tornworld/tw_arc_attr.narc,/fielddata/tornworld/tw_arc_attr.narc!/member_00008,0,/fielddata/tornworld/tw_arc_attr.narc,326,8,,16532,18580,16384,18432,2048,f708c5d5f16eca01122379fd6a5d00abc17c8f3f33a296c2caaac91394e5e108,00800800000000000000000000000000,,,,,False,,,,,,,,,,False,False
/fielddata/tornworld/tw_arc_attr.narc,/fielddata/tornworld/tw_arc_attr.narc!/member_00009,0,/fielddata/tornworld/tw_arc_attr.narc,326,9,,18580,20628,18432,20480,2048,72a387e43fef3c5bb671ab2864a859fe65bf478b0c01c65dd94494000ea031e0,00000000000000800080008000800080,,,,,False,,,,,,,,,,False,False
/fielddata/tornworld/tw_arc_attr.narc,/fielddata/tornworld/tw_arc_attr.narc!/member_00010,0,/fielddata/tornworld/tw_arc_attr.narc,326,10,,20628,22676,20480,22528,2048,41eceb289b461f24bb41d82891eb8d1d039960b044ba67f5c46b9472823a0e44,00000000008000800080008000000000,,,,,False,,,,,,,,,,False,False
/fielddata/tornworld/tw_arc_attr.narc,/fielddata/tornworld/tw_arc_attr.narc!/member_00011,0,/fielddata/tornworld/tw_arc_attr.narc,326,11,,22676,24724,22528,24576,2048,1c9a2b40be52f03d04cac10c4515453c3e82ddfe422131cab82e281984b880d4,00000000000000800000000000000000,,,,,False,,,,,,,,,,False,False
/frontier/script/fr_script.narc,/frontier/script/fr_script.narc!/member_00000,0,/frontier/script/fr_script.narc,327,0,,140,7376,0,7236,7236,e3472abf74e9653b64027e29da58b7ead6e57267a1d006f110d3fd2abc3cee8e,be03000013fd0000eeee00d9000113fd,,,,,False,,,,,,,,,,False,False
/frontier/script/fr_script.narc,/frontier/script/fr_script.narc!/member_00001,0,/frontier/script/fr_script.narc,327,1,,7376,13144,7236,13004,5768,7f2e285516da728628c551a4fa8c99bfe3d3ad9045fc35115188548d4558eec4,d202000013fd0000eeee001e00010780,,,,,False,,,,,,,,,,False,False
/frontier/script/fr_script.narc,/frontier/script/fr_script.narc!/member_00002,0,/frontier/script/fr_script.narc,327,2,,13144,26636,13004,26496,13492,f311d64788a1fccc902acef22fa8680a77e78b2401681b8f155c5927bf3c5fee,5e06000013fd0000eeee000f800113fd,,,,,False,,,,,,,,,,False,False
/frontier/script/fr_script.narc,/frontier/script/fr_script.narc!/member_00003,0,/frontier/script/fr_script.narc,327,3,,26636,31812,26496,31672,5176,2d94f44c03bf16596740f14da73f4c72d228d2080742dc1b35907d026173f19e,2203000013fd0000eeee000f800113fd,,,,,False,,,,,,,,,,False,False
/frontier/script/fr_script.narc,/frontier/script/fr_script.narc!/member_00004,0,/frontier/script/fr_script.narc,327,4,,31812,32860,31672,32720,1048,31bbdc693c9dafe4635ed674a46f208629c970ea25cd5cebd1e1432405e85913,380100001e0100002801000013fd0000,,,,,False,,,,,,,,,,False,False
/frontier/script/fr_script.narc,/frontier/script/fr_script.narc!/member_00005,0,/frontier/script/fr_script.narc,327,5,,32860,33112,32720,32972,252,e267024e78b8e8f927c6bf799be35832d2728ab3a87be4da79eaccbff3015ecc,340000009a000000ac000000be000000,,,,,False,,,,,,,,,,False,False
/frontier/script/fr_script.narc,/frontier/script/fr_script.narc!/member_00006,0,/frontier/script/fr_script.narc,327,6,,33112,33716,32972,33576,604,e6c16d34af79de31584dead2951338f155b5fba2ad971c9654657b0d2a8d7655,de00000013fd0000eeee000f800113fd,,,,,False,,,,,,,,,,False,False
/frontier/script/fr_script.narc,/frontier/script/fr_script.narc!/member_00007,0,/frontier/script/fr_script.narc,327,7,,33716,34572,33576,34432,856,dfaa02e5dbc36ce6170049bdb48f6343efb31baad62e680d728222af383a84d5,3e01000013fd0000eeee000f80010b80,,,,,False,,,,,,,,,,False,False
/frontier/script/fr_script.narc,/frontier/script/fr_script.narc!/member_00008,0,/frontier/script/fr_script.narc,327,8,,34572,36952,34432,36812,2380,9e75deb9f742f79b382975185271d77c2c06e2f58b6635a5b821e51eeaa428e8,de00000013fd0000eeee000f800113fd,,,,,False,,,,,,,,,,False,False
/frontier/script/fr_script.narc,/frontier/script/fr_script.narc!/member_00009,0,/frontier/script/fr_script.narc,327,9,,36952,40176,36812,40036,3224,fc8bfbb1e6846869699c6514609f2da6dba5067fd04fd7229e792d6d7e5f52b6,6e01000013fd0000eeee000f80010a80,,,,,False,,,,,,,,,,False,False
/frontier/script/fr_script.narc,/frontier/script/fr_script.narc!/member_00010,0,/frontier/script/fr_script.narc,327,10,,40176,42716,40036,42576,2540,a19559ad06ae4ec42143da124e2a3c0f7d9e7f0884fedeedb7d78a855baf9957,35000000d508000013fd0000eeee00ef,,,,,False,,,,,,,,,,False,False
/graphic/btower.narc,/graphic/btower.narc!/member_00000,0,/graphic/btower.narc,328,0,,124,248,0,124,124,458e7c51930678a5e58f068d0f3a07ebde93c059dc6e494ab5ea0f69c98c45f1,524c434efffe00017c00000010000200,,NCLR palette,Confirmed,True,False,,,,,,,,,,False,False
/graphic/btower.narc,/graphic/btower.narc!/member_00001,0,/graphic/btower.narc,328,1,,248,5160,124,5036,4912,e3f29d72baaf6cc2b85dc66df83257a2b1a1a0ef49414c891696c913b7bb1306,5247434efffe01013013000010000100,,NCGR graphics,Confirmed,True,False,,,,,,,,,,False,False
/graphic/btower.narc,/graphic/btower.narc!/member_00002,0,/graphic/btower.narc,328,2,,5160,5478,5036,5354,318,784761012869189957b58ffa8e41123d04796938839eac6a30ad791566af86a4,5245434efffe00013e01000010000300,,NCER cell,Confirmed,True,False,,,,,,,,,,False,False
/graphic/btower.narc,/graphic/btower.narc!/member_00003,0,/graphic/btower.narc,328,3,,5480,5802,5356,5678,322,4db8e51f65a0845ad3bf96461b8fbea0e3bb8da5629818d792b053cc24e1b440,524e414efffe00014201000010000300,,NANR animation,Confirmed,True,False,,,,,,,,,,False,False
/graphic/btower.narc,/graphic/btower.narc!/member_00004,0,/graphic/btower.narc,328,4,,5804,5962,5680,5838,158,80decf219ff1710679c7d36ad144ebe569dcf05b42057cf03d0e6000d67216f2,524c434efffe00019e00000010000200,,NCLR palette,Confirmed,True,False,,,,,,,,,,False,False
/graphic/btower.narc,/graphic/btower.narc!/member_00005,0,/graphic/btower.narc,328,5,,5964,12172,5840,12048,6208,010c0791787a3a441634b5dce0c2d1b7b5fb84eb9fbe27ce6a731ea32eb1e6cc,5247434efffe01014018000010000200,,NCGR graphics,Confirmed,True,False,,,,,,,,,,False,False
/graphic/btower.narc,/graphic/btower.narc!/member_00006,0,/graphic/btower.narc,328,6,,12172,13744,12048,13620,1572,95715c3f3fecafcaac1e3c4039960a0994ea698e616ad55558de9e24a730e61e,5243534efffe00012406000010000100,,NSCR screen map,Confirmed,True,False,,,,,,,,,,False,False
/graphic/btower.narc,/graphic/btower.narc!/member_00007,0,/graphic/btower.narc,328,7,,13744,15316,13620,15192,1572,9c859adb56a4870bb53e86e3c62a83037a542ef07b4bfae725daad5d4320df2b,5243534efffe00012406000010000100,,NSCR screen map,Confirmed,True,False,,,,,,,,,,False,False
/graphic/btower.narc,/graphic/btower.narc!/member_00008,0,/graphic/btower.narc,328,8,,15316,16888,15192,16764,1572,736ee5e20c9d86e0b9962f8adc3fdb96e57fe70d2164860eaf1ff263bfb6c557,5243534efffe00012406000010000100,,NSCR screen map,Confirmed,True,False,,,,,,,,,,False,False
/graphic/bucket.narc,/graphic/bucket.narc!/member_00000,0,/graphic/bucket.narc,329,0,,428,1298,0,870,870,ffe1db7993f9d2cad104d20b9ff3de638efacdde34f05557380b267a38a19e62,524e414efffe00016603000010000300,,NANR animation,Confirmed,True,False,,,,,,,,,,False,False
/graphic/bucket.narc,/graphic/bucket.narc!/member_00001,0,/graphic/bucket.narc,329,1,,1300,3818,872,3390,2518,9c167f3ac0c0b0c6291dc573d407927f357707d68387cbe4b2cdfe2e3d54f57a,5245434efffe0001d609000010000300,,NCER cell,Confirmed,True,False,,,,,,,,,,False,False
/graphic/bucket.narc,/graphic/bucket.narc!/member_00002,0,/graphic/bucket.narc,329,2,,3820,28188,3392,27760,24368,6a1a87a4261d70734dca89c83466a18ce94c7b4d9bf146c95827777e3eefa12b,5247434efffe0101305f000010000100,,NCGR graphics,Confirmed,True,False,,,,,,,,,,False,False
/graphic/bucket.narc,/graphic/bucket.narc!/member_00003,0,/graphic/bucket.narc,329,3,,28188,28740,27760,28312,552,11b983c91c69146663b0ee187beb57fd5e8c9917f69019d838a0032b2309cb28,524c434efffe00012802000010000100,,NCLR palette,Confirmed,True,False,,,,,,,,,,False,False
/graphic/bucket.narc,/graphic/bucket.narc!/member_00004,0,/graphic/bucket.narc,329,4,,28740,29292,28312,28864,552,9f529a531396cad4b603f17e2b302b7a4d281846857866adb83709076e553525,524c434efffe00012802000010000100,,NCLR palette,Confirmed,True,False,,,,,,,,,,False,False
/graphic/bucket.narc,/graphic/bucket.narc!/member_00005,0,/graphic/bucket.narc,329,5,,29292,29403,28864,28975,111,30249884bd91f10bc9d4e13e7b1495f09991b6f488405a0cdbb61cfb402d10ca,524e414efffe00016f00000010000300,,NANR animation,Confirmed,True,False,,,,,,,,,,False,False
/graphic/bucket.narc,/graphic/bucket.narc!/member_00006,0,/graphic/bucket.narc,329,6,,29404,29527,28976,29099,123,01801d7740a62d45f89d0123a7c358daaf0049e072cc7b08916b6e020defde85,5245434efffe00017b00000010000300,,NCER cell,Confirmed,True,False,,,,,,,,,,False,False
/graphic/bucket.narc,/graphic/bucket.narc!/member_00007,0,/graphic/bucket.narc,329,7,,29528,30472,29100,30044,944,1c3bf65c43f5cb19d75c985ba3e0bf32900b1f12998341511fc4f888f51c0807,5247434efffe0101b003000010000100,,NCGR graphics,Confirmed,True,False,,,,,,,,,,False,False
/graphic/bucket.narc,/graphic/bucket.narc!/member_00008,0,/graphic/bucket.narc,329,8,,30472,30583,30044,30155,111,30249884bd91f10bc9d4e13e7b1495f09991b6f488405a0cdbb61cfb402d10ca,524e414efffe00016f00000010000300,,NANR animation,Confirmed,True,False,,,,,,,,,,False,False
/graphic/bucket.narc,/graphic/bucket.narc!/member_00009,0,/graphic/bucket.narc,329,9,,30584,30691,30156,30263,107,dcd9032b8245bd163a28cca4059a245701e80276e5022ab975909d75b0073501,5245434efffe00016b00000010000300,,NCER cell,Confirmed,True,False,,,,,,,,,,False,False
/graphic/bucket.narc,/graphic/bucket.narc!/member_00010,0,/graphic/bucket.narc,329,10,,30692,32788,30264,32360,2096,c0eae25ce822519ae57b10cb78611076b21ecd4b80c7c7c8529a4fcf5b54f21f,5247434efffe01013008000010000100,,NCGR graphics,Confirmed,True,False,,,,,,,,,,False,False
/graphic/bucket.narc,/graphic/bucket.narc!/member_00011,0,/graphic/bucket.narc,329,11,,32788,33340,32360,32912,552,5c71adf80722d6a292ffd90e973bddb8706731d629f358e5ae37d1d6d4a4457b,524c434efffe00012802000010000100,,NCLR palette,Confirmed,True,False,,,,,,,,,,False,False
/graphic/bucket.narc,/graphic/bucket.narc!/member_00012,0,/graphic/bucket.narc,329,12,,33340,49788,32912,49360,16448,4a5b47a0b6eb8bb357fdc0885a95bb6cc234ec411e0a78a9cddee3e54fba4b60,5247434efffe01014040000010000200,,NCGR graphics,Confirmed,True,False,,,,,,,,,,False,False
/graphic/bucket.narc,/graphic/bucket.narc!/member_00013,0,/graphic/bucket.narc,329,13,,49788,50340,49360,49912,552,9ea02e784273b21e381b91c63da9ef55e71f8f5f10643e8d1dcbedec6de19f2d,524c434efffe00012802000010000100,,NCLR palette,Confirmed,True,False,,,,,,,,,,False,False
/graphic/bucket.narc,/graphic/bucket.narc!/member_00014,0,/graphic/bucket.narc,329,14,,50340,52424,49912,51996,2084,bfca69feb806ab2181e39dd42d12f6c0545571a9b75ed4f758db6032d9df88a3,5243534efffe00012408000010000100,,NSCR screen map,Confirmed,True,False,,,,,,,,,,False,False
/graphic/bucket.narc,/graphic/bucket.narc!/member_00015,0,/graphic/bucket.narc,329,15,,52424,54508,51996,54080,2084,3d6d31f8b9d7f986434d329d996bc9adbe8107575f7dc94435cedcb990ec5ff3,5243534efffe00012408000010000100,,NSCR screen map,Confirmed,True,False,,,,,,,,,,False,False
/graphic/bucket.narc,/graphic/bucket.narc!/member_00016,0,/graphic/bucket.narc,329,16,,54508,56592,54080,56164,2084,35c0f96a7884677ece9e48b4fa82389529677abd65ff3c40432373523dffc07d,5243534efffe00012408000010000100,,NSCR screen map,Confirmed,True,False,,,,,,,,,,False,False
/graphic/bucket.narc,/graphic/bucket.narc!/member_00017,0,/graphic/bucket.narc,329,17,,56592,58676,56164,58248,2084,dcd547d51f097e3ed21ef1e77f8f93c2babbab612ed840a4725c6b36f2fe1480,5243534efffe00012408000010000100,,NSCR screen map,Confirmed,True,False,,,,,,,,,,False,False
/graphic/bucket.narc,/graphic/bucket.narc!/member_00018,0,/graphic/bucket.narc,329,18,,58676,66932,58248,66504,8256,d0f48de617eb3b91065c614d25f9ac807cc57743c95d20561e8876d017738040,5247434efffe01014020000010000200,,NCGR graphics,Confirmed,True,False,,,,,,,,,,False,False
/graphic/bucket.narc,/graphic/bucket.narc!/member_00019,0,/graphic/bucket.narc,329,19,,66932,67484,66504,67056,552,888770d7b5d245cc2758a4bc70ffe48b65104b0f2c08a37a0a1e4d8872477246,524c434efffe00012802000010000100,,NCLR palette,Confirmed,True,False,,,,,,,,,,False,False
/graphic/bucket.narc,/graphic/bucket.narc!/member_00020,0,/graphic/bucket.narc,329,20,,67484,69056,67056,68628,1572,cb218bdf71d000d1c21eab055b7e3af5ef2d1f5fa7f3514091aa8100b38ceea4,5243534efffe00012406000010000100,,NSCR screen map,Confirmed,True,False,,,,,,,,,,False,False
/graphic/bucket.narc,/graphic/bucket.narc!/member_00021,0,/graphic/bucket.narc,329,21,,69056,70628,68628,70200,1572,c6535e8e15a8268a053e0beb950a9ce405cf4a7cf04dc41b4aa271c0eaff4301,5243534efffe00012406000010000100,,NSCR screen map,Confirmed,True,False,,,,,,,,,,False,False
/graphic/bucket.narc,/graphic/bucket.narc!/member_00022,0,/graphic/bucket.narc,329,22,,70628,72712,70200,72284,2084,6c903b5a55ada9a6d62a2bd8d5f5361248412969a181ca14fce192c7fbf8c1ac,5243534efffe00012408000010000100,,NSCR screen map,Confirmed,True,False,,,,,,,,,,False,False
/graphic/bucket.narc,/graphic/bucket.narc!/member_00023,0,/graphic/bucket.narc,329,23,,72712,103276,72284,102848,30564,880e4f17be151daf9e0d0a4e8c7544017454bf7de6ebaba2cab4d2f93bcde04e,424d4430fffe02006477000010000200,,NSBMD model,Confirmed,True,False,,,,,,,,,,False,False
/graphic/bucket.narc,/graphic/bucket.narc!/member_00024,0,/graphic/bucket.narc,329,24,,103276,133932,102848,133504,30656,840f2631231c987490c098a9405aa457255f9f3b97f872ca13c9fe752d84d04e,424d4430fffe0200c077000010000200,,NSBMD model,Confirmed,True,False,,,,,,,,,,False,False
/graphic/bucket.narc,/graphic/bucket.narc!/member_00025,0,/graphic/bucket.narc,329,25,,133932,164088,133504,163660,30156,d830fd1b79edac8038aaddd91cab5e802cb9328785266fd8dc4fa86e7d5ec5d7,424d4430fffe0200cc75000010000200,,NSBMD model,Confirmed,True,False,,,,,,,,,,False,False
/graphic/bucket.narc,/graphic/bucket.narc!/member_00026,0,/graphic/bucket.narc,329,26,,164088,166748,163660,166320,2660,e5009cf5ff15853c3fc99e146ec8f677587417ffe5f23ab08c294d0b37055017,42434130fffe0100640a000010000100,,NSBCA animation,Confirmed,True,False,,,,,,,,,,False,False
/graphic/bucket.narc,/graphic/bucket.narc!/member_00027,0,/graphic/bucket.narc,329,27,,166748,177532,166320,177104,10784,b219ca8b4616ae63d59c5cf25bb62bd3cdacfd7846715e7273b89d6692b2c052,42434130fffe0100202a000010000100,,NSBCA animation,Confirmed,True,False,,,,,,,,,,False,False
/graphic/bucket.narc,/graphic/bucket.narc!/member_00028,0,/graphic/bucket.narc,329,28,,177532,178532,177104,178104,1000,1dd4d347ecd3ac65a89eec80b265f42d8f3d6523e27600cf2067cdb7d629a603,42434130fffe0100e803000010000100,,NSBCA animation,Confirmed,True,False,,,,,,,,,,False,False
/graphic/bucket.narc,/graphic/bucket.narc!/member_00029,0,/graphic/bucket.narc,329,29,,178532,181804,178104,181376,3272,fb6bb9d4b2149b8399703468a8dc33c5fc54745b9a92a74518c6a6fd2a0eaa3a,42434130fffe0100c80c000010000100,,NSBCA animation,Confirmed,True,False,,,,,,,,,,False,False
/graphic/bucket.narc,/graphic/bucket.narc!/member_00030,0,/graphic/bucket.narc,329,30,,181804,185108,181376,184680,3304,a5d03c74fc744e5cf852f8fb6030a596314491eda456da91b05190ccfce50a71,42434130fffe0100e80c000010000100,,NSBCA animation,Confirmed,True,False,,,,,,,,,,False,False
/graphic/bucket.narc,/graphic/bucket.narc!/member_00031,0,/graphic/bucket.narc,329,31,,185108,186712,184680,186284,1604,741b058f94add6db4c7a06d30409d168830af8869b0d05df227ff10c05ebf6c5,42434130fffe01004406000010000100,,NSBCA animation,Confirmed,True,False,,,,,,,,,,False,False
/graphic/bucket.narc,/graphic/bucket.narc!/member_00032,0,/graphic/bucket.narc,329,32,,186712,187160,186284,186732,448,55b559af6c14f3a35fe9af8bed328b3df748ca0a2d236abaf7246b3b2047e985,42545030fffe0100c001000010000100,,NSBTP texture-pattern animation,Confirmed,True,False,,,,,,,,,,False,False
/graphic/bucket.narc,/graphic/bucket.narc!/member_00033,0,/graphic/bucket.narc,329,33,,187160,193460,186732,193032,6300,96cc534036e44f3a077d4eb86b9aaa365f680320c0df1cb04d14742b812c8984,424d4430fffe02009c18000010000200,,NSBMD model,Confirmed,True,False,,,,,,,,,,False,False
/graphic/bucket.narc,/graphic/bucket.narc!/member_00034,0,/graphic/bucket.narc,329,34,,193460,199584,193032,199156,6124,15314b90a2ad3fb95bb67d623b0016120c4544c4e5a6f321d1428d6eb3f80fdb,424d4430fffe0200ec17000010000200,,NSBMD model,Confirmed,True,False,,,,,,,,,,False,False
/graphic/bucket.narc,/graphic/bucket.narc!/member_00035,0,/graphic/bucket.narc,329,35,,199584,205424,199156,204996,5840,de1bbf18b1e2d4d7e19c817d649de53657ea9ac2f3a107836b4ae5874d2af9ec,424d4430fffe0200d016000010000200,,NSBMD model,Confirmed,True,False,,,,,,,,,,False,False
/graphic/bucket.narc,/graphic/bucket.narc!/member_00036,0,/graphic/bucket.narc,329,36,,205424,216108,204996,215680,10684,a6fc40f39eff9334f82f15b52cd73685ef27b19b40e296be98df584030ab3fa5,424d4430fffe0200bc29000010000200,,NSBMD model,Confirmed,True,False,,,,,,,,,,False,False
/graphic/bucket.narc,/graphic/bucket.narc!/member_00037,0,/graphic/bucket.narc,329,37,,216108,226996,215680,226568,10888,9ebc036284a726a31bcbdbc13795092f4b085e6d0f5388396d94199f1b043b1f,424d4430fffe0200882a000010000200,,NSBMD model,Confirmed,True,False,,,,,,,,,,False,False
/graphic/bucket.narc,/graphic/bucket.narc!/member_00038,0,/graphic/bucket.narc,329,38,,226996,227364,226568,226936,368,b510467d7edd0dfb55adf7fe9a02966691da69a07a410c3ba79ce2e9a2b3693d,42544130fffe01007001000010000100,,NSBTA texture animation,Confirmed,True,False,,,,,,,,,,False,False
/graphic/bucket.narc,/graphic/bucket.narc!/member_00039,0,/graphic/bucket.narc,329,39,,227364,227932,226936,227504,568,bbae49b6df0598ab852f2ca05c7f1c786c13ed7a45a3857e6a3167bea733b9e6,42544130fffe01003802000010000100,,NSBTA texture animation,Confirmed,True,False,,,,,,,,,,False,False
/graphic/bucket.narc,/graphic/bucket.narc!/member_00040,0,/graphic/bucket.narc,329,40,,227932,228128,227504,227700,196,072b1e3f17c4472abaaebac316e73ff84a4652a365f78b79be848ee55fc4fa0d,42545030fffe0100c400000010000100,,NSBTP texture-pattern animation,Confirmed,True,False,,,,,,,,,,False,False
/graphic/bucket.narc,/graphic/bucket.narc!/member_00041,0,/graphic/bucket.narc,329,41,,228128,234204,227700,233776,6076,c049285a5901f04d221ef9f011d828437957ba3b66ab7ec09092afb58e820b26,424d4430fffe0200bc17000010000200,,NSBMD model,Confirmed,True,False,,,,,,,,,,False,False
/graphic/bucket.narc,/graphic/bucket.narc!/member_00042,0,/graphic/bucket.narc,329,42,,234204,240280,233776,239852,6076,aed80a52594407a207824476543b7ee0cdf19c2570029b15dc673de882a80bca,424d4430fffe0200bc17000010000200,,NSBMD model,Confirmed,True,False,,,,,,,,,,False,False
/graphic/bucket.narc,/graphic/bucket.narc!/member_00043,0,/graphic/bucket.narc,329,43,,240280,246356,239852,245928,6076,2abdfe52423c92740c1fe31b9f12867bd88586be8f69ab6f276c72700d407872,424d4430fffe0200bc17000010000200,,NSBMD model,Confirmed,True,False,,,,,,,,,,False,False
/graphic/bucket.narc,/graphic/bucket.narc!/member_00044,0,/graphic/bucket.narc,329,44,,246356,252432,245928,252004,6076,382986741e14ab2f132273689653a16fdb782496ed6540315f7def21e701e8b6,424d4430fffe0200bc17000010000200,,NSBMD model,Confirmed,True,False,,,,,,,,,,False,False
/graphic/bucket.narc,/graphic/bucket.narc!/member_00045,0,/graphic/bucket.narc,329,45,,252432,258524,252004,258096,6092,46a4caf6ebb2acbe61c65f5b7b77b6d7ae4fb1e60170712bd0d6e2f75229d02c,424d4430fffe0200cc17000010000200,,NSBMD model,Confirmed,True,False,,,,,,,,,,False,False
/graphic/bucket.narc,/graphic/bucket.narc!/member_00046,0,/graphic/bucket.narc,329,46,,258524,259696,258096,259268,1172,46ab143d40d8f43c1a36543f8e67aa41046c6de6d63a5c2c15683c384d9b7958,424d4430fffe02009404000010000200,,NSBMD model,Confirmed,True,False,,,,,,,,,,False,False
/graphic/config_gra.narc,/graphic/config_gra.narc!/member_00000,0,/graphic/config_gra.narc,330,0,,76,166,0,90,90,abc9482f316f4bd3bbb0d5b79a874601dcbf66d2ad893b4ce10744c23702e1f0,524c434efffe00015a00000010000200,,NCLR palette,Confirmed,True,False,,,,,,,,,,False,False
/graphic/config_gra.narc,/graphic/config_gra.narc!/member_00001,0,/graphic/config_gra.narc,330,1,,168,392,92,316,224,58fb03a5458a106065e2703a5221e1633727ddf58580044aaff2fb15ae84016f,5247434efffe0101e000000010000200,,NCGR graphics,Confirmed,True,False,,,,,,,,,,False,False
/graphic/config_gra.narc,/graphic/config_gra.narc!/member_00002,0,/graphic/config_gra.narc,330,2,,392,684,316,608,292,c6161e20cf50b9bcbd967e07a0bd4b2d553cb68e470381abcf45e64f4d3462d0,5243534efffe00012401000010000100,,NSCR screen map,Confirmed,True,False,,,,,,,,,,False,False
/graphic/demo_trade.narc,/graphic/demo_trade.narc!/member_00000,0,/graphic/demo_trade.narc,331,0,,276,2338,0,2062,2062,4dc4ffa700c61b65a6e332c649cf30226a68065beac5d0c98b254eda6d2e80c5,10244000005243534efffe0001002440,,Nintendo LZ10,Probable,,True,Nintendo LZ10,Confirmed,True,16420,True,16420,5cb7cf07b18083e93ef87c128267f4ec853a8540350bddec2bb52447b4c58046,NSCR screen map,Confirmed,False,False
/graphic/demo_trade.narc,/graphic/demo_trade.narc!/member_00001,0,/graphic/demo_trade.narc,331,1,,2340,4402,2064,4126,2062,68c9f04412ebb1b0ac92ff3092c278d2125b60237f0cecacf96d79ac12dd1298,10244000005243534efffe0001002440,,Nintendo LZ10,Probable,,True,Nintendo LZ10,Confirmed,True,16420,True,16420,a50418de6af193408db2299c36c7797b959b08ebfc6c6fb99a18fdbcfb963c6b,NSCR screen map,Confirmed,False,False
/graphic/demo_trade.narc,/graphic/demo_trade.narc!/member_00002,0,/graphic/demo_trade.narc,331,2,,4404,4907,4128,4631,503,d8ea81000d763d5497718a1449f6cd425916a9990bd581b711645f50d6d3a247,10400a00005247434efffe010100400a,,Nintendo LZ10,Probable,,True,Nintendo LZ10,Confirmed,True,2624,True,2624,cf44047f980bc27942325f7ea484c04952fca1137f4ff0524899863204565fd8,NCGR graphics,Confirmed,False,False
/graphic/demo_trade.narc,/graphic/demo_trade.narc!/member_00003,0,/graphic/demo_trade.narc,331,3,,4908,5478,4632,5202,570,4b917d375a884100f5682e0b5aeaf0793da3823ef9bfd0d250923a1e2caf580b,524c434efffe00013a02000010000200,,NCLR palette,Confirmed,True,False,,,,,,,,,,False,False
/graphic/demo_trade.narc,/graphic/demo_trade.narc!/member_00004,0,/graphic/demo_trade.narc,331,4,,5480,7820,5204,7544,2340,14a62720ef5b902863cdc109675f7a6584d83cf445e7a378cc7ed6ef496f2eec,10240800005243534efffe0001002408,,Nintendo LZ10,Probable,,True,Nintendo LZ10,Confirmed,True,2084,True,2084,2934c00847107e9cca23eb04ae41d7cd07da5c7528c928719bcfff0b5965d9fa,NSCR screen map,Confirmed,False,False
/graphic/demo_trade.narc,/graphic/demo_trade.narc!/member_00005,0,/graphic/demo_trade.narc,331,5,,7820,10335,7544,10059,2515,df61a2677d2eec67d55d56e30ba3e018825dec35583576e72acca5828370a426,10404000005247434efffe0101004040,,Nintendo LZ10,Probable,,True,Nintendo LZ10,Confirmed,True,16448,True,16448,8b361c408374419658783a364042379db02f1b389de1fcc04a5cef5a9756c0a6,NCGR graphics,Confirmed,False,False
/graphic/demo_trade.narc,/graphic/demo_trade.narc!/member_00006,0,/graphic/demo_trade.narc,331,6,,10336,10906,10060,10630,570,bef8da2d7104a272aaa05e0e64da66e11c503556f62a24c7c05edde34c650e61,524c434efffe00013a02000010000200,,NCLR palette,Confirmed,True,False,,,,,,,,,,False,False
/graphic/demo_trade.narc,/graphic/demo_trade.narc!/member_00007,0,/graphic/demo_trade.narc,331,7,,10908,11255,10632,10979,347,4b9efb96c586fb76aa59ac3583907353e3583cf66e1dadddbbb12210c5f88495,103e0200005245434efffe0001003e02,,Nintendo LZ10,Probable,,True,Nintendo LZ10,Confirmed,True,574,True,574,867244e7f8e3539d003d9caac58c6cfad53055182eeccdb1ac1657d0b93b5e01,NCER cell,Confirmed,False,False
/graphic/demo_trade.narc,/graphic/demo_trade.narc!/member_00008,0,/graphic/demo_trade.narc,331,8,,11256,11477,10980,11201,221,6c724d5ea65e2fb2f881efc66b98b894c3e5928d753bb156fcf921170dd7ebdf,1086010000524e414efffe0001008601,,Nintendo LZ10,Probable,,True,Nintendo LZ10,Confirmed,True,390,True,390,f9b4b65f2642f079c4da4f40e7d168e9e0ffaa3de1140e8f3762b14307b0a464,NANR animation,Confirmed,False,False
/graphic/demo_trade.narc,/graphic/demo_trade.narc!/member_00009,0,/graphic/demo_trade.narc,331,9,,11480,13045,11204,12769,1565,2ad00b86c832b91590ec3e8c2ea403347186dfd3d11f1aa26e4c58b1c6a191fb,10301d00005247434efffe010100301d,,Nintendo LZ10,Probable,,True,Nintendo LZ10,Confirmed,True,7472,True,7472,6b465dee2490d11785bdb73a46fdb5d1c548d05544fb9a164ea7ddfe35e727d6,NCGR graphics,Confirmed,False,False
/graphic/demo_trade.narc,/graphic/demo_trade.narc!/member_00010,0,/graphic/demo_trade.narc,331,10,,13048,13172,12772,12896,124,cb4e3e52f8d98a7532a1eb5418388377c413088fc16a15951d1cc086253743c6,524c434efffe00017c00000010000200,,NCLR palette,Confirmed,True,False,,,,,,,,,,False,False
/graphic/demo_trade.narc,/graphic/demo_trade.narc!/member_00011,0,/graphic/demo_trade.narc,331,11,,13172,13300,12896,13024,128,5415c48f7e604bc013893426a714acaae147719d81b1ef48b3d15686d767b997,10a60000005245434efffe000100a600,,Nintendo LZ10,Probable,,True,Nintendo LZ10,Confirmed,True,166,True,166,248677e47cef0d8c3759922176bce4a3f1b84b039a504e2488eb49b9bb7419e2,NCER cell,Confirmed,False,False
/graphic/demo_trade.narc,/graphic/demo_trade.narc!/member_00012,0,/graphic/demo_trade.narc,331,12,,13300,13406,13024,13130,106,dfd319f9b3fb0f63060774087984216ccc8fb2bb7249e15bb21de07e944cf63f,109a000000524e414efffe0001009a00,,Nintendo LZ10,Probable,,True,Nintendo LZ10,Confirmed,True,154,True,154,49d7bb5f6af6acbdf42fc87d1d8147207d9cf67c7b687408b3452b389bb40bcb,NANR animation,Confirmed,False,False
/graphic/demo_trade.narc,/graphic/demo_trade.narc!/member_00013,0,/graphic/demo_trade.narc,331,13,,13408,13502,13132,13226,94,10ad1308bb238de2756dc6b4e8cd9348518b603a48735cbde2ea81a4a42ef113,10100100005247434efffe0101001001,,Nintendo LZ10,Probable,,True,Nintendo LZ10,Confirmed,True,272,True,272,3c5da6090e4a3aca221ecf49355b67287d07cea6b40444c0952d78914eecd75b,NCGR graphics,Confirmed,False,False
/graphic/demo_trade.narc,/graphic/demo_trade.narc!/member_00014,0,/graphic/demo_trade.narc,331,14,,13504,13594,13228,13318,90,211a391f91776db3eeabcd3c9225d824990d624e61c6e2c35a675cd80d997a23,524c434efffe00015a00000010000200,,NCLR palette,Confirmed,True,False,,,,,,,,,,False,False
/graphic/demo_trade.narc,/graphic/demo_trade.narc!/member_00015,0,/graphic/demo_trade.narc,331,15,,13596,15313,13320,15037,1717,42ddcf3574edbea2a02e7c8a311f16f0dd2bbad50c9a3c2e612cc2ee34241c10,10241000005243534efffe0001002410,,Nintendo LZ10,Probable,,True,Nintendo LZ10,Confirmed,True,4132,True,4132,3d3a1a2399b17e86e1b6522ae974c1e2e8e54ab403b67f7e95aab98a73068306,NSCR screen map,Confirmed,False,False
/graphic/demo_trade.narc,/graphic/demo_trade.narc!/member_00016,0,/graphic/demo_trade.narc,331,16,,15316,19431,15040,19155,4115,bd6844749331d4ecfac0b6abbf1796059b83147e5fa3556baa6a76b98415f394,10403c00005247434efffe010100403c,,Nintendo LZ10,Probable,,True,Nintendo LZ10,Confirmed,True,15424,True,15424,cfc1dcc324ab3741e31adfe0b68185d9f50afbd4d145b4b3bac644be4230d03d,NCGR graphics,Confirmed,False,False
/graphic/demo_trade.narc,/graphic/demo_trade.narc!/member_00017,0,/graphic/demo_trade.narc,331,17,,19432,19624,19156,19348,192,e1848c06fe50c9292ef1e3dd015175ce1684303d625c9bcf02a193774a1396a8,524c434efffe0001c000000010000200,,NCLR palette,Confirmed,True,False,,,,,,,,,,False,False
/graphic/demo_trade.narc,/graphic/demo_trade.narc!/member_00018,0,/graphic/demo_trade.narc,331,18,,19624,19865,19348,19589,241,ee6659f57eafb358244ce64ca25b50b559be45f63702ea17316593a167e3f2d4,10240600005243534efffe0001002406,,Nintendo LZ10,Probable,,True,Nintendo LZ10,Confirmed,True,1572,True,1572,39a7bfc642629b5b54c15441ed94bdfb6b159fd272ed4b7967a0ff667878109e,NSCR screen map,Confirmed,False,False
/graphic/demo_trade.narc,/graphic/demo_trade.narc!/member_00019,0,/graphic/demo_trade.narc,331,19,,19868,20006,19592,19730,138,722fb24cfd66a4b21791977048e05ef3903978bc040ebcde00e3eae3ac2abcec,10000200005247434efffe0101040002,,Nintendo LZ10,Probable,,True,Nintendo LZ10,Confirmed,True,512,True,512,4bd7674a9a4c51e8b8895aefcd5dec4f551732c2662fe899b650342445e56ed2,NCGR graphics,Confirmed,False,False
/graphic/demo_trade.narc,/graphic/demo_trade.narc!/member_00020,0,/graphic/demo_trade.narc,331,20,,20008,20098,19732,19822,90,a0e4b72c130f7acbac2494ad07fdaefc4f19ca3dd796b0a6cfb295e1cfae08a2,524c434efffe00015a00000010000200,,NCLR palette,Confirmed,True,False,,,,,,,,,,False,False
/graphic/demo_trade.narc,/graphic/demo_trade.narc!/member_00021,0,/graphic/demo_trade.narc,331,21,,20100,20323,19824,20047,223,209f0bc014d199b7a62c0a3fc875f0111b6381e38f904741af3bdb4050b46fcc,10240600005243534efffe0001002406,,Nintendo LZ10,Probable,,True,Nintendo LZ10,Confirmed,True,1572,True,1572,7d11a66d0baba8c60a963b79641011633c67dd73116b75c7672075907c7186b5,NSCR screen map,Confirmed,False,False
/graphic/demo_trade.narc,/graphic/demo_trade.narc!/member_00022,0,/graphic/demo_trade.narc,331,22,,20324,20391,20048,20115,67,17f9cbbe82abd559540bf46767ec29b73c9d97f3624016310efddb75d551a5ec,10800000005247434efffe0101008000,,Nintendo LZ10,Probable,,True,Nintendo LZ10,Confirmed,True,128,True,128,95642f5600ccae88a8d1630b8daa080a3c3c0bf53f6a3c64e3fe70f05f6f0d89,NCGR graphics,Confirmed,False,False
/graphic/demo_trade.narc,/graphic/demo_trade.narc!/member_00023,0,/graphic/demo_trade.narc,331,23,,20392,20482,20116,20206,90,c0271136bd9931784ad318c6627825325edece729af84c059d16a61ebf57e459,524c434efffe00015a00000010000200,,NCLR palette,Confirmed,True,False,,,,,,,,,,False,False
/graphic/demo_trade.narc,/graphic/demo_trade.narc!/member_00024,0,/graphic/demo_trade.narc,331,24,,20484,21706,20208,21430,1222,e4e84d17254e79d023f218dddc56e70973228f30061fbc22228daf80ba15cb5c,10241000005243534efffe0001002410,,Nintendo LZ10,Probable,,True,Nintendo LZ10,Confirmed,True,4132,True,4132,d35d94dbef56ece7f3042d7339d1192636b0f9912aabc2b2c3688870d732ccc5,NSCR screen map,Confirmed,False,False
/graphic/demo_trade.narc,/graphic/demo_trade.narc!/member_00025,0,/graphic/demo_trade.narc,331,25,,21708,22785,21432,22509,1077,42d9daa752673fc66ea0d1c6eda80da9b55543126549717e48deb5c0dd3e5efe,10401400005247434efffe0101004014,,Nintendo LZ10,Probable,,True,Nintendo LZ10,Confirmed,True,5184,True,5184,e88ca120d4612b5485de19e7301f27c1098187504ffbac88ba0bc3d9bf2ec43a,NCGR graphics,Confirmed,False,False
/graphic/demo_trade.narc,/graphic/demo_trade.narc!/member_00026,0,/graphic/demo_trade.narc,331,26,,22788,22878,22512,22602,90,2d33ad7ea1ec5e3d74a019fb6014c4bc6b3e045fafce287c2c0c4e875235f7cd,524c434efffe00015a00000010000200,,NCLR palette,Confirmed,True,False,,,,,,,,,,False,False
/graphic/demo_trade.narc,/graphic/demo_trade.narc!/member_00027,0,/graphic/demo_trade.narc,331,27,,22880,31512,22604,31236,8632,a96b26eda43177a0ee7bcaf89378609daaf1e03240ac3621305ea05115c5a198,424d4430fffe0200b821000010000200,,NSBMD model,Confirmed,True,False,,,,,,,,,,False,False
/graphic/dendou_demo.narc,/graphic/dendou_demo.narc!/member_00000,0,/graphic/dendou_demo.narc,332,0,,92,409,0,317,317,69e0c5e1c047556d978447a796fa94ae2c334a5d8886c8f5b30ae9ba0f8d6c52,10240800005243534efffe0001002408,,Nintendo LZ10,Probable,,True,Nintendo LZ10,Confirmed,True,2084,True,2084,37eb30a68a520d53dd3b3bac5b912a18b0a433f4320393a7c4fdcc86010d4332,NSCR screen map,Confirmed,False,False
/graphic/dendou_demo.narc,/graphic/dendou_demo.narc!/member_00001,0,/graphic/dendou_demo.narc,332,1,,412,736,320,644,324,b66ac70f1c825e9d9ae04ed6f0ac47bae9d4e9b092c0145c4b6e3169e4f14cfe,10240800005243534efffe0001002408,,Nintendo LZ10,Probable,,True,Nintendo LZ10,Confirmed,True,2084,True,2084,918b7a041d055a173f1d352228c7d53b38c1da8dd257b7ac0c6e4e7c1a0a31a7,NSCR screen map,Confirmed,False,False
/graphic/dendou_demo.narc,/graphic/dendou_demo.narc!/member_00002,0,/graphic/dendou_demo.narc,332,2,,736,1019,644,927,283,3c4fcb99f3f98ef796668618b78a3f856fb12691c822eb23186a4633e4bd4707,10240800005243534efffe0001002408,,Nintendo LZ10,Probable,,True,Nintendo LZ10,Confirmed,True,2084,True,2084,3867814eb0e49d95c1dd5e96bea0d65583f5ca1a86f8824c878aec5c15c8fcbd,NSCR screen map,Confirmed,False,False
/graphic/dendou_demo.narc,/graphic/dendou_demo.narc!/member_00003,0,/graphic/dendou_demo.narc,332,3,,1020,1401,928,1309,381,508e256a0c46f7f9b6b155e176ae44aa93cce865e23b4fee49ee730753b7e6fe,10400800005247434efffe0101004008,,Nintendo LZ10,Probable,,True,Nintendo LZ10,Confirmed,True,2112,True,2112,4eeaf289f5774c7cb22862c9d6cb30af1c74018c20330d051b000a226d2939ff,NCGR graphics,Confirmed,False,False
/graphic/dendou_demo.narc,/graphic/dendou_demo.narc!/member_00004,0,/graphic/dendou_demo.narc,332,4,,1404,1562,1312,1470,158,e8e7b2fc958ab40a39e206e8884708595713cdae618f4befb9e26c521083c131,524c434efffe00019e00000010000200,,NCLR palette,Confirmed,True,False,,,,,,,,,,False,False
/graphic/dendou_pc.narc,/graphic/dendou_pc.narc!/member_00000,0,/graphic/dendou_pc.narc,333,0,,76,359,0,283,283,c02e4bad9d60c663511a8b70769fe0cfb9812ed2edf885efa766a3c7fb163927,10240800005243534efffe0001002408,,Nintendo LZ10,Probable,,True,Nintendo LZ10,Confirmed,True,2084,True,2084,d43c6075013502ed0903b9e17c7c23025ce3a1bf81c0aadc10bcc86cf1bd3778,NSCR screen map,Confirmed,False,False
/graphic/dendou_pc.narc,/graphic/dendou_pc.narc!/member_00001,0,/graphic/dendou_pc.narc,333,1,,360,542,284,466,182,77b704c5ecf55034eb1889751ac0ba0aeae4751b87ab224f20a1cbffc0b506a2,10400400005247434efffe0101004004,,Nintendo LZ10,Probable,,True,Nintendo LZ10,Confirmed,True,1088,True,1088,781a197e7a9e70c494d32c32e0e35f3aae018f21e548122424002e5ba130f73a,NCGR graphics,Confirmed,False,False
/graphic/dendou_pc.narc,/graphic/dendou_pc.narc!/member_00002,0,/graphic/dendou_pc.narc,333,2,,544,668,468,592,124,fe1c56e82385aef7eca61ab35a3e477167f0a68c52e48b91920b7a664dc88afa,524c434efffe00017c00000010000200,,NCLR palette,Confirmed,True,False,,,,,,,,,,False,False
/graphic/ending.narc,/graphic/ending.narc!/member_00000,0,/graphic/ending.narc,334,0,,876,9372,0,8496,8496,0b3c847610a8c8c0f1037fea31a16ce97f3cde131efb4a9917f6b4e2fea11195,5247434efffe01013021000010000100,,NCGR graphics,Confirmed,True,False,,,,,,,,,,False,False
/graphic/ending.narc,/graphic/ending.narc!/member_00001,0,/graphic/ending.narc,334,1,,9372,9600,8496,8724,228,58f9de3f61cf7c52b984c111a26979eabd32d3cbc699603e1bae274a6dedb652,5245434efffe0001e400000010000300,,NCER cell,Confirmed,True,False,,,,,,,,,,False,False
/graphic/ending.narc,/graphic/ending.narc!/member_00002,0,/graphic/ending.narc,334,2,,9600,9840,8724,8964,240,2e7ff85f6b834e300940a7cabad31399c4804b33c0a96bb07787043cbbd857ab,524e414efffe0001f000000010000300,,NANR animation,Confirmed,True,False,,,,,,,,,,False,False
/graphic/ending.narc,/graphic/ending.narc!/member_00003,0,/graphic/ending.narc,334,3,,9840,13972,8964,13096,4132,62aace81bfe02cc7df7c537e5249d8bcd9cd3126ab633be2b13cb9f6bf7fdd97,5243534efffe00012410000010000100,,NSCR screen map,Confirmed,True,False,,,,,,,,,,False,False
/graphic/ending.narc,/graphic/ending.narc!/member_00004,0,/graphic/ending.narc,334,4,,13972,16056,13096,15180,2084,89da8de581cb2c2a46082c84f5d4e864ac7ca52208d43f424a9992ffc06728ef,5243534efffe00012408000010000100,,NSCR screen map,Confirmed,True,False,,,,,,,,,,False,False
/graphic/ending.narc,/graphic/ending.narc!/member_00005,0,/graphic/ending.narc,334,5,,16056,18140,15180,17264,2084,04e3434e16f7e74d5471e64d6e60803ea4caa479e8f2420550eb8d9b22a4f0f0,5243534efffe00012408000010000100,,NSCR screen map,Confirmed,True,False,,,,,,,,,,False,False
/graphic/ending.narc,/graphic/ending.narc!/member_00006,0,/graphic/ending.narc,334,6,,18140,22272,17264,21396,4132,f29e00c43ec925c858efc0cbcdec6a87bfc3e3bc851cb5c32b788fa895ac678e,5243534efffe00012410000010000100,,NSCR screen map,Confirmed,True,False,,,,,,,,,,False,False
/graphic/ending.narc,/graphic/ending.narc!/member_00007,0,/graphic/ending.narc,334,7,,22272,24356,21396,23480,2084,58fe21a25f093d9c6446b1e069f5faa943058bf18f2da52b5576dcc324fdb3a5,5243534efffe00012408000010000100,,NSCR screen map,Confirmed,True,False,,,,,,,,,,False,False
/graphic/ending.narc,/graphic/ending.narc!/member_00008,0,/graphic/ending.narc,334,8,,24356,26440,23480,25564,2084,e3ed9780e94aba8e5f119cc725d5b7f3f0f7636525f55843e74a037e18fdac89,5243534efffe00012408000010000100,,NSCR screen map,Confirmed,True,False,,,,,,,,,,False,False
/graphic/ending.narc,/graphic/ending.narc!/member_00009,0,/graphic/ending.narc,334,9,,26440,34696,25564,33820,8256,40a2f075707127c208c4ae77668da252ef27a5617acad3498a9309fcd43a2541,5247434efffe01014020000010000200,,NCGR graphics,Confirmed,True,False,,,,,,,,,,False,False
/graphic/ending.narc,/graphic/ending.narc!/member_00010,0,/graphic/ending.narc,334,10,,34696,42952,33820,42076,8256,5515460429fcab46510b475fc57f6c8079ca48236366538c3b3f10492927a3e4,5247434efffe01014020000010000200,,NCGR graphics,Confirmed,True,False,,,,,,,,,,False,False
/graphic/ending.narc,/graphic/ending.narc!/member_00011,0,/graphic/ending.narc,334,11,,42952,51208,42076,50332,8256,40b80f3a25f16b41b9983ccf22c2dfa699b66055a3b52daef78f8d307e4e5121,5247434efffe01014020000010000200,,NCGR graphics,Confirmed,True,False,,,,,,,,,,False,False
/graphic/ending.narc,/graphic/ending.narc!/member_00012,0,/graphic/ending.narc,334,12,,51208,67656,50332,66780,16448,2c8b5d6bb85f3c414d5478a78d7acb58c94be6f13a29ed2f806517a4d2b243ba,5247434efffe01014040000010000200,,NCGR graphics,Confirmed,True,False,,,,,,,,,,False,False
/graphic/ending.narc,/graphic/ending.narc!/member_00013,0,/graphic/ending.narc,334,13,,67656,84104,66780,83228,16448,98fdf86ba8c282c209ef0b3f13079061d4aa8545a8bd35db508301233a473f9f,5247434efffe01014040000010000200,,NCGR graphics,Confirmed,True,False,,,,,,,,,,False,False
/graphic/ending.narc,/graphic/ending.narc!/member_00014,0,/graphic/ending.narc,334,14,,84104,102600,83228,101724,18496,56b673ac9cd84a2f3b12a4dea2c5d70b4b0cb592718af00d80523b096b6b519d,5247434efffe01014048000010000200,,NCGR graphics,Confirmed,True,False,,,,,,,,,,False,False
/graphic/ending.narc,/graphic/ending.narc!/member_00015,0,/graphic/ending.narc,334,15,,102600,102792,101724,101916,192,f3eb193ae471286e35a6eeca3d084e42e8220a5a4a067b253182cca58a3b20d1,524c434efffe0001c000000010000200,,NCLR palette,Confirmed,True,False,,,,,,,,,,False,False
/graphic/ending.narc,/graphic/ending.narc!/member_00016,0,/graphic/ending.narc,334,16,,102792,102984,101916,102108,192,d6de50b592c5aaa12e33bb159bcd5bb94e97221ef6a5ee614f9b150591f0513a,524c434efffe0001c000000010000200,,NCLR palette,Confirmed,True,False,,,,,,,,,,False,False
/graphic/ending.narc,/graphic/ending.narc!/member_00017,0,/graphic/ending.narc,334,17,,102984,103312,102108,102436,328,77c5993ba3c443a902a870c1bcfe59b70f8750b424472232a4fdbf9e8997d382,524c434efffe00014801000010000200,,NCLR palette,Confirmed,True,False,,,,,,,,,,False,False
/graphic/ending.narc,/graphic/ending.narc!/member_00018,0,/graphic/ending.narc,334,18,,103312,103436,102436,102560,124,4ac87b0f48627e925448af0aaf333b449a50d11342aa4cb3f503ee2fd5411691,524c434efffe00017c00000010000200,,NCLR palette,Confirmed,True,False,,,,,,,,,,False,False
/graphic/ending.narc,/graphic/ending.narc!/member_00019,0,/graphic/ending.narc,334,19,,103436,103560,102560,102684,124,9e8655e55b5037f6b9273b7678e1037a1df1c4311184845f43ad3f2609a5a4b8,524c434efffe00017c00000010000200,,NCLR palette,Confirmed,True,False,,,,,,,,,,False,False
/graphic/ending.narc,/graphic/ending.narc!/member_00020,0,/graphic/ending.narc,334,20,,103560,103684,102684,102808,124,ac3bc4771c9a43f6fc98e9e33f51f4775f017c1590d9ab94069ffa953c6224a4,524c434efffe00017c00000010000200,,NCLR palette,Confirmed,True,False,,,,,,,,,,False,False
/graphic/ending.narc,/graphic/ending.narc!/member_00021,0,/graphic/ending.narc,334,21,,103684,103808,102808,102932,124,93bb3892e5c79dfa0023d63ead85d6c951b3cd2820f358cbbae36835934ee301,524c434efffe00017c00000010000200,,NCLR palette,Confirmed,True,False,,,,,,,,,,False,False
/graphic/ending.narc,/graphic/ending.narc!/member_00022,0,/graphic/ending.narc,334,22,,103808,103966,102932,103090,158,93d397cc8442e2b1f6f5c3f240282694d06ad49c7be9826cf62c871b15f8ba5a,524c434efffe00019e00000010000200,,NCLR palette,Confirmed,True,False,,,,,,,,,,False,False
/graphic/ending.narc,/graphic/ending.narc!/member_00023,0,/graphic/ending.narc,334,23,,103968,104092,103092,103216,124,790a91a157c6a7240d221ab27bd15ba1bdf336ad26b773dbcb788abf6ae52661,524c434efffe00017c00000010000200,,NCLR palette,Confirmed,True,False,,,,,,,,,,False,False
/graphic/ending.narc,/graphic/ending.narc!/member_00024,0,/graphic/ending.narc,334,24,,104092,106176,103216,105300,2084,fcea87b5c3c57126dcf1c27bc1ab1d59bc8e6b3d5fea977ab9af41b6969f0107,5243534efffe00012408000010000100,,NSCR screen map,Confirmed,True,False,,,,,,,,,,False,False
/graphic/ending.narc,/graphic/ending.narc!/member_00025,0,/graphic/ending.narc,334,25,,106176,112384,105300,111508,6208,132fa2ff59a9d8cfe9fecfdbef89988d973ca3f6b6e0892ea6c93c30d5fed3f0,5247434efffe01014018000010000200,,NCGR graphics,Confirmed,True,False,,,,,,,,,,False,False
/graphic/ending.narc,/graphic/ending.narc!/member_00026,0,/graphic/ending.narc,334,26,,112384,112474,111508,111598,90,b51f6230d68dbb8eec92de12f3e96b89a308faf67c14715cfd14c67773faf21b,524c434efffe00015a00000010000200,,NCLR palette,Confirmed,True,False,,,,,,,,,,False,False
/graphic/ending.narc,/graphic/ending.narc!/member_00027,0,/graphic/ending.narc,334,27,,112476,112780,111600,111904,304,e691d8226673b835b301101ba049800f4f0aa964567d92835f22329aa7e853c5,5247434efffe01013001000010000100,,NCGR graphics,Confirmed,True,False,,,,,,,,,,False,False
/graphic/ending.narc,/graphic/ending.narc!/member_00028,0,/graphic/ending.narc,334,28,,112780,144316,111904,143440,31536,373802f3ee6a630c2714803397dbe76f4344e32061a204ad83114be4b1030965,5247434efffe0101307b000010000100,,NCGR graphics,Confirmed,True,False,,,,,,,,,,False,False
/graphic/ending.narc,/graphic/ending.narc!/member_00029,0,/graphic/ending.narc,334,29,,144316,144769,143440,143893,453,e5277b7ce5e54c59bd3e4aa33c790cd965c4c662d0a255be9e35343ae852f964,5245434efffe0001c501000010000300,,NCER cell,Confirmed,True,False,,,,,,,,,,False,False
/graphic/ending.narc,/graphic/ending.narc!/member_00030,0,/graphic/ending.narc,334,30,,144772,145017,143896,144141,245,17b38d826d7ff48e2fbb85f37cd6c414c97b1364fb612a31ff99b0d5de612e1f,524e414efffe0001f500000010000300,,NANR animation,Confirmed,True,False,,,,,,,,,,False,False
/graphic/ending.narc,/graphic/ending.narc!/member_00031,0,/graphic/ending.narc,334,31,,145020,145110,144144,144234,90,5522d93a364cfbd5847e67fc1e12e5c49a8cf9b62345c285d33f445e73977000,524c434efffe00015a00000010000200,,NCLR palette,Confirmed,True,False,,,,,,,,,,False,False
/graphic/ending.narc,/graphic/ending.narc!/member_00032,0,/graphic/ending.narc,334,32,,145112,145416,144236,144540,304,d1f40285327d1eb45e869735f48284a71f91e46b1a3af936756fc5b73e70f157,5247434efffe01013001000010000100,,NCGR graphics,Confirmed,True,False,,,,,,,,,,False,False
/graphic/ending.narc,/graphic/ending.narc!/member_00033,0,/graphic/ending.narc,334,33,,145416,205880,144540,205004,60464,1dcda9a50fdaa25da261ce9bb7e63d05a7ef392cbc6ba428999e9efbd8de3f67,5247434efffe010130ec000010000100,,NCGR graphics,Confirmed,True,False,,,,,,,,,,False,False
/graphic/ending.narc,/graphic/ending.narc!/member_00034,0,/graphic/ending.narc,334,34,,205880,206525,205004,205649,645,f883594c9f8f6b5683caa3ec7894e6efa4988fe024bfd7a3c900efc5db7e0e70,5245434efffe00018502000010000300,,NCER cell,Confirmed,True,False,,,,,,,,,,False,False
/graphic/ending.narc,/graphic/ending.narc!/member_00035,0,/graphic/ending.narc,334,35,,206528,206929,205652,206053,401,7feca04dbf7f70d4d72fd487d8f45604449be22a8a3f16bcf4ca6c226ea1affc,524e414efffe00019101000010000300,,NANR animation,Confirmed,True,False,,,,,,,,,,False,False
/graphic/ending.narc,/graphic/ending.narc!/member_00036,0,/graphic/ending.narc,334,36,,206932,207022,206056,206146,90,66cb9b792e4d48f99be17b506aee7cdd8ee57fddffb56fdaf82cb80f12ab2b32,524c434efffe00015a00000010000200,,NCLR palette,Confirmed,True,False,,,,,,,,,,False,False
/graphic/ending.narc,/graphic/ending.narc!/member_00037,0,/graphic/ending.narc,334,37,,207024,209108,206148,208232,2084,03772886e2272696a1cd14bbfea0d2fae5a64ecb5175dd5fe3a820e720839fcb,5243534efffe00012408000010000100,,NSCR screen map,Confirmed,True,False,,,,,,,,,,False,False
/graphic/ending.narc,/graphic/ending.narc!/member_00038,0,/graphic/ending.narc,334,38,,209108,274708,208232,273832,65600,36f2a62da36f6ecc3b213473b145cad32281c0e08fde7055771d550bfce9e2ca,5247434efffe01014000010010000200,,NCGR graphics,Confirmed,True,False,,,,,,,,,,False,False
/graphic/ending.narc,/graphic/ending.narc!/member_00039,0,/graphic/ending.narc,334,39,,274708,323924,273832,323048,49216,e66ec237d87005de15037f98307f3d3cc673c59a9e757afda04e44146b3adb3c,5247434efffe010140c0000010000200,,NCGR graphics,Confirmed,True,False,,,,,,,,,,False,False
/graphic/ending.narc,/graphic/ending.narc!/member_00040,0,/graphic/ending.narc,334,40,,323924,373140,323048,372264,49216,5630d6ec6fe18af2f6aed7db55acb2c5e1886b9a07e60372a37d0de9b19b4bd2,5247434efffe010140c0000010000200,,NCGR graphics,Confirmed,True,False,,,,,,,,,,False,False
/graphic/ending.narc,/graphic/ending.narc!/member_00041,0,/graphic/ending.narc,334,41,,373140,422356,372264,421480,49216,d0314efc7e51198435ae87b326e08fd541e9dc6bc0d79065ca47585f85949a2d,5247434efffe010140c0000010000200,,NCGR graphics,Confirmed,True,False,,,,,,,,,,False,False
/graphic/ending.narc,/graphic/ending.narc!/member_00042,0,/graphic/ending.narc,334,42,,422356,471572,421480,470696,49216,10ba794f411697dd5fc2ab8a3210d163df5e727373dbe7e7d33e8c42a92774be,5247434efffe010140c0000010000200,,NCGR graphics,Confirmed,True,False,,,,,,,,,,False,False
/graphic/ending.narc,/graphic/ending.narc!/member_00043,0,/graphic/ending.narc,334,43,,471572,520788,470696,519912,49216,db947d23f4c0b06215563fce8e174d372bf7b29a39e66ce131a0f83dc37420d8,5247434efffe010140c0000010000200,,NCGR graphics,Confirmed,True,False,,,,,,,,,,False,False
/graphic/ending.narc,/graphic/ending.narc!/member_00044,0,/graphic/ending.narc,334,44,,520788,570004,519912,569128,49216,e5ecc0d1169e258d576e09b2079e59219e5b43f3711a7e00189e4a4cb1bfd62f,5247434efffe010140c0000010000200,,NCGR graphics,Confirmed,True,False,,,,,,,,,,False,False
/graphic/ending.narc,/graphic/ending.narc!/member_00045,0,/graphic/ending.narc,334,45,,570004,619220,569128,618344,49216,a7933069c7c2cfd02d4d9e21c1799c10c4d4f37dd1aa9aafd8318363479dc0a4,5247434efffe010140c0000010000200,,NCGR graphics,Confirmed,True,False,,,,,,,,,,False,False
/graphic/ending.narc,/graphic/ending.narc!/member_00046,0,/graphic/ending.narc,334,46,,619220,668436,618344,667560,49216,0f0e737d67bf909722bbf628852f10cc6b12be3b93e1d13fd7907059319b33fc,5247434efffe010140c0000010000200,,NCGR graphics,Confirmed,True,False,,,,,,,,,,False,False
/graphic/ending.narc,/graphic/ending.narc!/member_00047,0,/graphic/ending.narc,334,47,,668436,717652,667560,716776,49216,01f2e4115d7bd9656dd2086a115d6e1db0509c6a5967c955b14f27ddc3fc05a6,5247434efffe010140c0000010000200,,NCGR graphics,Confirmed,True,False,,,,,,,,,,False,False
/graphic/ending.narc,/graphic/ending.narc!/member_00048,0,/graphic/ending.narc,334,48,,717652,718222,716776,717346,570,baf35e09dd1952061187816a244a17483c0b03aac60ae23f84eb123498dea174,524c434efffe00013a02000010000200,,NCLR palette,Confirmed,True,False,,,,,,,,,,False,False
/graphic/ending.narc,/graphic/ending.narc!/member_00049,0,/graphic/ending.narc,334,49,,718224,726504,717348,725628,8280,4f22ba864922aeb107b33159ef1f162d40fea18b2b52a5b39e83172fbca07384,524c434efffe00015820000010000200,,NCLR palette,Confirmed,True,False,,,,,,,,,,False,False
/graphic/ending.narc,/graphic/ending.narc!/member_00050,0,/graphic/ending.narc,334,50,,726504,734784,725628,733908,8280,6966117ee644f511b16813b33abac5f2c7e93acb6c36a1bafc95ced1c3a1528c,524c434efffe00015820000010000200,,NCLR palette,Confirmed,True,False,,,,,,,,,,False,False
/graphic/ending.narc,/graphic/ending.narc!/member_00051,0,/graphic/ending.narc,334,51,,734784,743064,733908,742188,8280,13f340be911e01a73c3d2558f5add1dc005ae916245ba36ed3d4954b55863f5c,524c434efffe00015820000010000200,,NCLR palette,Confirmed,True,False,,,,,,,,,,False,False
/graphic/ending.narc,/graphic/ending.narc!/member_00052,0,/graphic/ending.narc,334,52,,743064,751344,742188,750468,8280,4b81c6c6ce7d22c608feb5f4900709794456714ae38df3817e1dca30a0767a05,524c434efffe00015820000010000200,,NCLR palette,Confirmed,True,False,,,,,,,,,,False,False
/graphic/ending.narc,/graphic/ending.narc!/member_00053,0,/graphic/ending.narc,334,53,,751344,759624,750468,758748,8280,036dd5460782cc4920a05ae9e8939408fdf247e6b5f6fef7fc95a4e625ad241c,524c434efffe00015820000010000200,,NCLR palette,Confirmed,True,False,,,,,,,,,,False,False
/graphic/ending.narc,/graphic/ending.narc!/member_00054,0,/graphic/ending.narc,334,54,,759624,767904,758748,767028,8280,9aa07be184b7762eb7fed3e9e79c7df74fdd4f08c031dfe813a70dc6f43e3c18,524c434efffe00015820000010000200,,NCLR palette,Confirmed,True,False,,,,,,,,,,False,False
/graphic/ending.narc,/graphic/ending.narc!/member_00055,0,/graphic/ending.narc,334,55,,767904,776184,767028,775308,8280,752beb7a335a7cb51aa84f980ce0497710fbe43753c437ec446bcffa365666b8,524c434efffe00015820000010000200,,NCLR palette,Confirmed,True,False,,,,,,,,,,False,False
/graphic/ending.narc,/graphic/ending.narc!/member_00056,0,/graphic/ending.narc,334,56,,776184,784464,775308,783588,8280,91e5cf8826f3fb3df0d23230017611a8a7d19a149e746bb5bf82f02a959b61a0,524c434efffe00015820000010000200,,NCLR palette,Confirmed,True,False,,,,,,,,,,False,False
/graphic/ending.narc,/graphic/ending.narc!/member_00057,0,/graphic/ending.narc,334,57,,784464,792744,783588,791868,8280,a3eb14920ed6169330f7b465c9bca3d39b8996705188abb10869ff3ebbd4056e,524c434efffe00015820000010000200,,NCLR palette,Confirmed,True,False,,,,,,,,,,False,False
/graphic/ending.narc,/graphic/ending.narc!/member_00058,0,/graphic/ending.narc,334,58,,792744,841960,791868,841084,49216,2de4651af546611ef348cd01a368136c8b7bf6bc086f4c5c49be44b5ae20bf56,5247434efffe010140c0000010000200,,NCGR graphics,Confirmed,True,False,,,,,,,,,,False,False
/graphic/ending.narc,/graphic/ending.narc!/member_00059,0,/graphic/ending.narc,334,59,,841960,891176,841084,890300,49216,f744b19c368bd40c1d001f9e96bbde2615872ad944c44d8daf12ee8ec147eb49,5247434efffe010140c0000010000200,,NCGR graphics,Confirmed,True,False,,,,,,,,,,False,False
/graphic/ending.narc,/graphic/ending.narc!/member_00060,0,/graphic/ending.narc,334,60,,891176,940392,890300,939516,49216,fc954b590b7bafce0737ece63f278014835a2972a7de0cfc9cf480baa912cf06,5247434efffe010140c0000010000200,,NCGR graphics,Confirmed,True,False,,,,,,,,,,False,False
/graphic/ending.narc,/graphic/ending.narc!/member_00061,0,/graphic/ending.narc,334,61,,940392,989608,939516,988732,49216,d606c0f71a359bd30d2548df480fbf5e8175060c659751335c067e455bbf18a2,5247434efffe010140c0000010000200,,NCGR graphics,Confirmed,True,False,,,,,,,,,,False,False
/graphic/ending.narc,/graphic/ending.narc!/member_00062,0,/graphic/ending.narc,334,62,,989608,1038824,988732,1037948,49216,a3621f495a165106de0461e79cba69f45d3e29918881ebb7b1a91b109d5bb2da,5247434efffe010140c0000010000200,,NCGR graphics,Confirmed,True,False,,,,,,,,,,False,False
/graphic/ending.narc,/graphic/ending.narc!/member_00063,0,/graphic/ending.narc,334,63,,1038824,1088040,1037948,1087164,49216,17c8beb6f5bb360d172feccff2c75e39c0a30f29f0a874f3cf96d99d88fafa20,5247434efffe010140c0000010000200,,NCGR graphics,Confirmed,True,False,,,,,,,,,,False,False
/graphic/ending.narc,/graphic/ending.narc!/member_00064,0,/graphic/ending.narc,334,64,,1088040,1137256,1087164,1136380,49216,ba04d92641a193268e62fb0a30ba5f9d75fa7615da19a69feea700ff0105cc74,5247434efffe010140c0000010000200,,NCGR graphics,Confirmed,True,False,,,,,,,,,,False,False
/graphic/ending.narc,/graphic/ending.narc!/member_00065,0,/graphic/ending.narc,334,65,,1137256,1186472,1136380,1185596,49216,69274da7ce0c1a5074b246f5d4e96596815b0ab74113e2b742d270ddc8468d95,5247434efffe010140c0000010000200,,NCGR graphics,Confirmed,True,False,,,,,,,,,,False,False
/graphic/ending.narc,/graphic/ending.narc!/member_00066,0,/graphic/ending.narc,334,66,,1186472,1235688,1185596,1234812,49216,1be4ed56763f601a3705f337caf5c13df448a1e9808591a58b1277dbed5d1422,5247434efffe010140c0000010000200,,NCGR graphics,Confirmed,True,False,,,,,,,,,,False,False
/graphic/ending.narc,/graphic/ending.narc!/member_00067,0,/graphic/ending.narc,334,67,,1235688,1284904,1234812,1284028,49216,fa01d85c19c58f3f642c4726420f3dbe5f8a606eda39cd77b02620df40ac03c8,5247434efffe010140c0000010000200,,NCGR graphics,Confirmed,True,False,,,,,,,,,,False,False
/graphic/ending.narc,/graphic/ending.narc!/member_00068,0,/graphic/ending.narc,334,68,,1284904,1293184,1284028,1292308,8280,2873143ca32aa4e7c13283c8df8a2f721ac8d3456b24053a887058a542b0cf44,524c434efffe00015820000010000200,,NCLR palette,Confirmed,True,False,,,,,,,,,,False,False
/graphic/ending.narc,/graphic/ending.narc!/member_00069,0,/graphic/ending.narc,334,69,,1293184,1301464,1292308,1300588,8280,38768303449bc58cd7808c1dc927036a4a198b592f2bc0ec6c87b0c86208bab9,524c434efffe00015820000010000200,,NCLR palette,Confirmed,True,False,,,,,,,,,,False,False
/graphic/ending.narc,/graphic/ending.narc!/member_00070,0,/graphic/ending.narc,334,70,,1301464,1309744,1300588,1308868,8280,ffa855fdcdf6b5d146453a5cba7401a7fe1959ea8be4ea252c2c274bf7edc6ee,524c434efffe00015820000010000200,,NCLR palette,Confirmed,True,False,,,,,,,,,,False,False
/graphic/ending.narc,/graphic/ending.narc!/member_00071,0,/graphic/ending.narc,334,71,,1309744,1318024,1308868,1317148,8280,a79adae1c700443accdfb457669db8f82adbc63bd4887addedb9bfe13536af6c,524c434efffe00015820000010000200,,NCLR palette,Confirmed,True,False,,,,,,,,,,False,False
/graphic/ending.narc,/graphic/ending.narc!/member_00072,0,/graphic/ending.narc,334,72,,1318024,1326304,1317148,1325428,8280,4a27095b5377847c50705d95a5303d63693fe34b39678d057632cfdb6baca03e,524c434efffe00015820000010000200,,NCLR palette,Confirmed,True,False,,,,,,,,,,False,False
/graphic/ending.narc,/graphic/ending.narc!/member_00073,0,/graphic/ending.narc,334,73,,1326304,1334584,1325428,1333708,8280,fa04f9f77e14aff9e97deff7afd2ff39de0cec9fa04f38c0b20fe6ba8562d604,524c434efffe00015820000010000200,,NCLR palette,Confirmed,True,False,,,,,,,,,,False,False
/graphic/ending.narc,/graphic/ending.narc!/member_00074,0,/graphic/ending.narc,334,74,,1334584,1342864,1333708,1341988,8280,0cc1fbe8047dabec12a34dbc7dc600a4256b6668dc1767de33f8ca46c37f06f0,524c434efffe00015820000010000200,,NCLR palette,Confirmed,True,False,,,,,,,,,,False,False
/graphic/ending.narc,/graphic/ending.narc!/member_00075,0,/graphic/ending.narc,334,75,,1342864,1351144,1341988,1350268,8280,ca1993ccd0e57ddc3a94ec7c9380edbaaca9f62877f95e54dfe2ae46bdb774cd,524c434efffe00015820000010000200,,NCLR palette,Confirmed,True,False,,,,,,,,,,False,False
/graphic/ending.narc,/graphic/ending.narc!/member_00076,0,/graphic/ending.narc,334,76,,1351144,1359424,1350268,1358548,8280,4d441044b7db6fb3ceb5b8f7d4be49bbb30d9979868069e06a95df87a4fefe4d,524c434efffe00015820000010000200,,NCLR palette,Confirmed,True,False,,,,,,,,,,False,False
/graphic/ending.narc,/graphic/ending.narc!/member_00077,0,/graphic/ending.narc,334,77,,1359424,1367704,1358548,1366828,8280,d9235b41ec4682c87dab12cd9a7d10789b6b43ed17d1a62399b75593eb258ff3,524c434efffe00015820000010000200,,NCLR palette,Confirmed,True,False,,,,,,,,,,False,False
/graphic/ending.narc,/graphic/ending.narc!/member_00078,0,/graphic/ending.narc,334,78,,1367704,1370924,1366828,1370048,3220,92be785541d0bd6068b5f173ba1fd1045317e48c992fec795ed200ace3fc5ea9,424d4430fffe0200940c000010000200,,NSBMD model,Confirmed,True,False,,,,,,,,,,False,False
/graphic/ending.narc,/graphic/ending.narc!/member_00079,0,/graphic/ending.narc,334,79,,1370924,1375448,1370048,1374572,4524,73faae698d2205d76dd97162becaffadc94ae0a87b743080815e089521266631,424d4430fffe0200ac11000010000200,,NSBMD model,Confirmed,True,False,,,,,,,,,,False,False
/graphic/ending.narc,/graphic/ending.narc!/member_00080,0,/graphic/ending.narc,334,80,,1375448,1391184,1374572,1390308,15736,4cfe863362d53a4ede35bfd64cdbd0fcf086822220558ec80fc880fcc269450e,424d4430fffe0200783d000010000200,,NSBMD model,Confirmed,True,False,,,,,,,,,,False,False
/graphic/ending.narc,/graphic/ending.narc!/member_00081,0,/graphic/ending.narc,334,81,,1391184,1408712,1390308,1407836,17528,1ebd3420df7291d454617fd95a8f78534bf680f0c9943fde1241c4eb147c256b,424d4430fffe02007844000010000200,,NSBMD model,Confirmed,True,False,,,,,,,,,,False,False
/graphic/ending.narc,/graphic/ending.narc!/member_00082,0,/graphic/ending.narc,334,82,,1408712,1422384,1407836,1421508,13672,42613993934ce4e23af2e77ac115de77c1d949ac7de35fd979103d1d75a2c27a,424d4430fffe02006835000010000200,,NSBMD model,Confirmed,True,False,,,,,,,,,,False,False
/graphic/ending.narc,/graphic/ending.narc!/member_00083,0,/graphic/ending.narc,334,83,,1422384,1436916,1421508,1436040,14532,e22e19d20d4c2b7abd7ebf073990e848f1f5b45acf7dae037bca8d3c30bbe865,424d4430fffe0200c438000010000200,,NSBMD model,Confirmed,True,False,,,,,,,,,,False,False
/graphic/ending.narc,/graphic/ending.narc!/member_00084,0,/graphic/ending.narc,334,84,,1436916,1454464,1436040,1453588,17548,f7d13acccea9d396d5c8bbca615ed892ad3205083d49dca44d730eb1250c2e57,424d4430fffe02008c44000010000200,,NSBMD model,Confirmed,True,False,,,,,,,,,,False,False
/graphic/ending.narc,/graphic/ending.narc!/member_00085,0,/graphic/ending.narc,334,85,,1454464,1454554,1453588,1453678,90,c960dae21413142c2114061239238b92914959d4cb6c9735bc3cde0837351c68,524c434efffe00015a00000010000200,,NCLR palette,Confirmed,True,False,,,,,,,,,,False,False
/graphic/ending.narc,/graphic/ending.narc!/member_00086,0,/graphic/ending.narc,334,86,,1454556,1456640,1453680,1455764,2084,70a988e851de3bde0c71d4c29469b60524ecfbab52aa66e0013ac93e6ff7c7fc,5243534efffe00012408000010000100,,NSCR screen map,Confirmed,True,False,,,,,,,,,,False,False
/graphic/ending.narc,/graphic/ending.narc!/member_00087,0,/graphic/ending.narc,334,87,,1456640,1505856,1455764,1504980,49216,839e71dae4ec13b7f07ae9dfde7a82cffec16c70f3f4d59eb9db4f26d8a78015,5247434efffe010140c0000010000200,,NCGR graphics,Confirmed,True,False,,,,,,,,,,False,False
/graphic/ending.narc,/graphic/ending.narc!/member_00088,0,/graphic/ending.narc,334,88,,1505856,1555072,1504980,1554196,49216,34627d4df4541f4b73019bb729e623e827191fe701e013ba446897ea1303d85e,5247434efffe010140c0000010000200,,NCGR graphics,Confirmed,True,False,,,,,,,,,,False,False
/graphic/ending.narc,/graphic/ending.narc!/member_00089,0,/graphic/ending.narc,334,89,,1555072,1604288,1554196,1603412,49216,787530aa2699fe62bf6f99b24289a98aad413f5ac5037731855902707279518b,5247434efffe010140c0000010000200,,NCGR graphics,Confirmed,True,False,,,,,,,,,,False,False
/graphic/ending.narc,/graphic/ending.narc!/member_00090,0,/graphic/ending.narc,334,90,,1604288,1653504,1603412,1652628,49216,acaa8ec5f5b9fd622bdd5000abbba5097f39c4fc1783d92633762869198c5b4d,5247434efffe010140c0000010000200,,NCGR graphics,Confirmed,True,False,,,,,,,,,,False,False
/graphic/ending.narc,/graphic/ending.narc!/member_00091,0,/graphic/ending.narc,334,91,,1653504,1654074,1652628,1653198,570,d1f25a0075e0b4cf2b16b0eb429e529eec90413f39529ba0a79cb7bfe9666b84,524c434efffe00013a02000010000200,,NCLR palette,Confirmed,True,False,,,,,,,,,,False,False
/graphic/ending.narc,/graphic/ending.narc!/member_00092,0,/graphic/ending.narc,334,92,,1654076,1654646,1653200,1653770,570,48d4a6bc7e723891b5866202431b7666a140c607511a2599e6aea88ed9f5bb6f,524c434efffe00013a02000010000200,,NCLR palette,Confirmed,True,False,,,,,,,,,,False,False
/graphic/ending.narc,/graphic/ending.narc!/member_00093,0,/graphic/ending.narc,334,93,,1654648,1655218,1653772,1654342,570,b8fa3533b18206f0f78b1e0f0d925777beb16304466a1d455333cacd1aecbe8c,524c434efffe00013a02000010000200,,NCLR palette,Confirmed,True,False,,,,,,,,,,False,False
/graphic/ending.narc,/graphic/ending.narc!/member_00094,0,/graphic/ending.narc,334,94,,1655220,1655790,1654344,1654914,570,dd9f697d463598a441aec60d16799aa41684709e847550727bc00c99de7a9c74,524c434efffe00013a02000010000200,,NCLR palette,Confirmed,True,False,,,,,,,,,,False,False
/graphic/ending.narc,/graphic/ending.narc!/member_00095,0,/graphic/ending.narc,334,95,,1655792,1705008,1654916,1704132,49216,5dcd592628cdec957292080524474727b573b1ab44b2afa4919cf76b49c36e32,5247434efffe010140c0000010000200,,NCGR graphics,Confirmed,True,False,,,,,,,,,,False,False
/graphic/ending.narc,/graphic/ending.narc!/member_00096,0,/graphic/ending.narc,334,96,,1705008,1754224,1704132,1753348,49216,86ff5822b119631375366d8b39989d8f725b1b80d469cb5aad65042e096a84a6,5247434efffe010140c0000010000200,,NCGR graphics,Confirmed,True,False,,,,,,,,,,False,False
/graphic/ending.narc,/graphic/ending.narc!/member_00097,0,/graphic/ending.narc,334,97,,1754224,1803440,1753348,1802564,49216,0802a5e981ba6c247bc9ac2011595f9d4df8b3e39b2f7b6fc6317440f791f4a3,5247434efffe010140c0000010000200,,NCGR graphics,Confirmed,True,False,,,,,,,,,,False,False
/graphic/ending.narc,/graphic/ending.narc!/member_00098,0,/graphic/ending.narc,334,98,,1803440,1852656,1802564,1851780,49216,4127a3f15b11e878f7c637d6291e377efbece451f8d01a949b2182c2cc7ba8dc,5247434efffe010140c0000010000200,,NCGR graphics,Confirmed,True,False,,,,,,,,,,False,False
/graphic/ending.narc,/graphic/ending.narc!/member_00099,0,/graphic/ending.narc,334,99,,1852656,1853226,1851780,1852350,570,ae2cf2ce74e7126e02e8176f101888849706194a9dee1508be71d22d69d0e57c,524c434efffe00013a02000010000200,,NCLR palette,Confirmed,True,False,,,,,,,,,,False,False
/graphic/ending.narc,/graphic/ending.narc!/member_00100,0,/graphic/ending.narc,334,100,,1853228,1853798,1852352,1852922,570,fe5ad46013add60e291ef0bd423e044d1490ce36346a27ec3b2937630f2341e4,524c434efffe00013a02000010000200,,NCLR palette,Confirmed,True,False,,,,,,,,,,False,False
/graphic/ending.narc,/graphic/ending.narc!/member_00101,0,/graphic/ending.narc,334,101,,1853800,1854370,1852924,1853494,570,a7a439dbc2e5c4dee67bbebba9d6c871d0dd1c6797f374b10fba94c65beceefc,524c434efffe00013a02000010000200,,NCLR palette,Confirmed,True,False,,,,,,,,,,False,False
/graphic/ending.narc,/graphic/ending.narc!/member_00102,0,/graphic/ending.narc,334,102,,1854372,1854942,1853496,1854066,570,d4da43fb5dc32c67f85742d2e6db467312711dbb96031fda797ec48228ac4741,524c434efffe00013a02000010000200,,NCLR palette,Confirmed,True,False,,,,,,,,,,False,False
/graphic/ev_pokeselect.narc,/graphic/ev_pokeselect.narc!/member_00000,0,/graphic/ev_pokeselect.narc,335,0,,196,6296,0,6100,6100,5e5fa596efd8ba03931fd0d6a5b40929036ca3df6036a8f4709a0673993d2ab8,42434130fffe0100d417000010000100,,NSBCA animation,Confirmed,True,False,,,,,,,,,,False,False
/graphic/ev_pokeselect.narc,/graphic/ev_pokeselect.narc!/member_00001,0,/graphic/ev_pokeselect.narc,335,1,,6296,60420,6100,60224,54124,c84828c76304da3e60bf74dc4792749d14915b4477791e679102d0e771e5fac3,424d4430fffe02006cd3000010000200,,NSBMD model,Confirmed,True,False,,,,,,,,,,False,False
/graphic/ev_pokeselect.narc,/graphic/ev_pokeselect.narc!/member_00002,0,/graphic/ev_pokeselect.narc,335,2,,60420,61192,60224,60996,772,caf2d86ea106ee84ca7be088ae70fa9f842e3401f9ad99ee825b1f52b042f263,42434130fffe01000403000010000100,,NSBCA animation,Confirmed,True,False,,,,,,,,,,False,False
/graphic/ev_pokeselect.narc,/graphic/ev_pokeselect.narc!/member_00003,0,/graphic/ev_pokeselect.narc,335,3,,61192,70972,60996,70776,9780,08e79d0bd98524b1dfb9a9a105d72525e7107c6d932378c6886cdcc197d39cb7,424d4430fffe02003426000010000200,,NSBMD model,Confirmed,True,False,,,,,,,,,,False,False
/graphic/ev_pokeselect.narc,/graphic/ev_pokeselect.narc!/member_00004,0,/graphic/ev_pokeselect.narc,335,4,,70972,71744,70776,71548,772,dd226ac915ed25cf8f74be15928d1a1c9d9b2e71074448cad9f13c7b789fd189,42434130fffe01000403000010000100,,NSBCA animation,Confirmed,True,False,,,,,,,,,,False,False
/graphic/ev_pokeselect.narc,/graphic/ev_pokeselect.narc!/member_00005,0,/graphic/ev_pokeselect.narc,335,5,,71744,81612,71548,81416,9868,c45627f32fd52aa6582aaa1c174b57430dfa6bdb06fa8216ca57f27fbde15ba3,424d4430fffe02008c26000010000200,,NSBMD model,Confirmed,True,False,,,,,,,,,,False,False
/graphic/ev_pokeselect.narc,/graphic/ev_pokeselect.narc!/member_00006,0,/graphic/ev_pokeselect.narc,335,6,,81612,82384,81416,82188,772,de1ed6ee912cc1ac313aa40a95b780100764d9f71062581bfb12e549d5ee3086,42434130fffe01000403000010000100,,NSBCA animation,Confirmed,True,False,,,,,,,,,,False,False
/graphic/ev_pokeselect.narc,/graphic/ev_pokeselect.narc!/member_00007,0,/graphic/ev_pokeselect.narc,335,7,,82384,92244,82188,92048,9860,7135d87f87dc5575596d41b37e403c4b22a717cfbe041ad1045e97daf7b5a534,424d4430fffe02008426000010000200,,NSBMD model,Confirmed,True,False,,,,,,,,,,False,False
/graphic/ev_pokeselect.narc,/graphic/ev_pokeselect.narc!/member_00008,0,/graphic/ev_pokeselect.narc,335,8,,92244,123992,92048,123796,31748,3c6c18474b672d57599d10b4179e1ea3af0cd839afb62051890fc431cd17501b,424d4430fffe0200047c000010000200,,NSBMD model,Confirmed,True,False,,,,,,,,,,False,False
/graphic/ev_pokeselect.narc,/graphic/ev_pokeselect.narc!/member_00009,0,/graphic/ev_pokeselect.narc,335,9,,123992,129344,123796,129148,5352,c54d31af9a698ccc8c058f3966fa6d8705a0da5c3af5bc934618f9462aa32f57,424d4430fffe0200e814000010000200,,NSBMD model,Confirmed,True,False,,,,,,,,,,False,False
/graphic/ev_pokeselect.narc,/graphic/ev_pokeselect.narc!/member_00010,0,/graphic/ev_pokeselect.narc,335,10,,129344,129904,129148,129708,560,c95bc3be1081522dffa7cf85db258f7b2006a91c098698784cb782babdef31ab,5247434efffe01013002000010000100,,NCGR graphics,Confirmed,True,False,,,,,,,,,,False,False
/graphic/ev_pokeselect.narc,/graphic/ev_pokeselect.narc!/member_00011,0,/graphic/ev_pokeselect.narc,335,11,,129904,130456,129708,130260,552,1ccb99e26db9bbd69db27c67fa3598811179696f695b5070484554da1224c77c,524c434efffe00012802000010000100,,NCLR palette,Confirmed,True,False,,,,,,,,,,False,False
/graphic/ev_pokeselect.narc,/graphic/ev_pokeselect.narc!/member_00012,0,/graphic/ev_pokeselect.narc,335,12,,130456,130555,130260,130359,99,247043d90eb019110e5ade6422db54b50da2fced27e618b42fec61a5aab684fa,5245434efffe00016300000010000300,,NCER cell,Confirmed,True,False,,,,,,,,,,False,False
/graphic/ev_pokeselect.narc,/graphic/ev_pokeselect.narc!/member_00013,0,/graphic/ev_pokeselect.narc,335,13,,130556,130667,130360,130471,111,30249884bd91f10bc9d4e13e7b1495f09991b6f488405a0cdbb61cfb402d10ca,524e414efffe00016f00000010000300,,NANR animation,Confirmed,True,False,,,,,,,,,,False,False
/graphic/ev_pokeselect.narc,/graphic/ev_pokeselect.narc!/member_00014,0,/graphic/ev_pokeselect.narc,335,14,,130668,138924,130472,138728,8256,776b17c5c71bf18c5b112f78c3e475370310d9de0d2dc5ab24b5bc72a4d3055e,5247434efffe01014020000010000200,,NCGR graphics,Confirmed,True,False,,,,,,,,,,False,False
/graphic/ev_pokeselect.narc,/graphic/ev_pokeselect.narc!/member_00015,0,/graphic/ev_pokeselect.narc,335,15,,138924,139476,138728,139280,552,8478a718e6f32ea9a400fd56420fd11940719e179aea2c31bfcbc6c32f061dc5,524c434efffe00012802000010000100,,NCLR palette,Confirmed,True,False,,,,,,,,,,False,False
/graphic/ev_pokeselect.narc,/graphic/ev_pokeselect.narc!/member_00016,0,/graphic/ev_pokeselect.narc,335,16,,139476,140028,139280,139832,552,76efccdb6810373abc5a352d0b577bf315d44b478a3f4111d7eaf461d5175f1b,524c434efffe00012802000010000100,,NCLR palette,Confirmed,True,False,,,,,,,,,,False,False
/graphic/ev_pokeselect.narc,/graphic/ev_pokeselect.narc!/member_00017,0,/graphic/ev_pokeselect.narc,335,17,,140028,140580,139832,140384,552,f2ef08400ef89103aab5d68f41fdf3db53e4a6e94a389118846ef678d1d3b492,524c434efffe00012802000010000100,,NCLR palette,Confirmed,True,False,,,,,,,,,,False,False
/graphic/f_note_gra.narc,/graphic/f_note_gra.narc!/member_00000,0,/graphic/f_note_gra.narc,336,0,,100,1672,0,1572,1572,f73ff42aabc8002f160c6609719aae2161c3d41bc4ead9902deffccf60001b2b,5243534efffe00012406000010000100,,NSCR screen map,Confirmed,True,False,,,,,,,,,,False,False
/graphic/f_note_gra.narc,/graphic/f_note_gra.narc!/member_00001,0,/graphic/f_note_gra.narc,336,1,,1672,3244,1572,3144,1572,46a09d12723b684b9c7d33edce985049f7e452a78aac2c4c45e6ec3b54f1f9df,5243534efffe00012406000010000100,,NSCR screen map,Confirmed,True,False,,,,,,,,,,False,False
/graphic/f_note_gra.narc,/graphic/f_note_gra.narc!/member_00002,0,/graphic/f_note_gra.narc,336,2,,3244,6380,3144,6280,3136,9ae3281092ff448e7bc8b89092cd9c105a287a37732c42371134a5b33e1dbff3,5247434efffe0101400c000010000200,,NCGR graphics,Confirmed,True,False,,,,,,,,,,False,False
/graphic/f_note_gra.narc,/graphic/f_note_gra.narc!/member_00003,0,/graphic/f_note_gra.narc,336,3,,6380,9516,6280,9416,3136,d73e1ef760e93a01745fa327a5ff4b8f41742ebb876280f6f14c26ff565e0937,5247434efffe0101400c000010000200,,NCGR graphics,Confirmed,True,False,,,,,,,,,,False,False
/graphic/f_note_gra.narc,/graphic/f_note_gra.narc!/member_00004,0,/graphic/f_note_gra.narc,336,4,,9516,10068,9416,9968,552,29aac74e4949eab3ad348683f853e4167766385c3a0c0f19afc44e5c343126b2,524c434efffe00012802000010000100,,NCLR palette,Confirmed,True,False,,,,,,,,,,False,False
/graphic/f_note_gra.narc,/graphic/f_note_gra.narc!/member_00005,0,/graphic/f_note_gra.narc,336,5,,10068,10620,9968,10520,552,769873430c9f2c988229452dfc4a8232d3fb47d56ecfdb442529854e88d87d2c,524c434efffe00012802000010000100,,NCLR palette,Confirmed,True,False,,,,,,,,,,False,False
/graphic/field_board.narc,/graphic/field_board.narc!/member_00000,0,/graphic/field_board.narc,337,0,,468,1108,0,640,640,ec28c37b51bfc5977529ea1a4c8ca361585b57047ce9115b6ac8733a28849137,5247434efffe01018002000010000200,,NCGR graphics,Confirmed,True,False,,,,,,,,,,False,False
/graphic/field_board.narc,/graphic/field_board.narc!/member_00001,0,/graphic/field_board.narc,337,1,,1108,1660,640,1192,552,7bc976e2c9062b4bc803d65d287f9be2f59fd4c74e0a67a5bdd8d751d2ff0be4,524c434efffe00012802000010000100,,NCLR palette,Confirmed,True,False,,,,,,,,,,False,False
/graphic/field_board.narc,/graphic/field_board.narc!/member_00002,0,/graphic/field_board.narc,337,2,,1660,2492,1192,2024,832,0e6b5a62bff0ffe09cdb8d8cddba0320cb4300d68b829e763932f15e643667e7,5247434efffe01014003000010000200,,NCGR graphics,Confirmed,True,False,,,,,,,,,,False,False
/graphic/field_board.narc,/graphic/field_board.narc!/member_00003,0,/graphic/field_board.narc,337,3,,2492,3324,2024,2856,832,d2479ee7737538aa689a67c25328fd9a3669df9b15a2edcf343e39ad768ef5af,5247434efffe01014003000010000200,,NCGR graphics,Confirmed,True,False,,,,,,,,,,False,False
/graphic/field_board.narc,/graphic/field_board.narc!/member_00004,0,/graphic/field_board.narc,337,4,,3324,4156,2856,3688,832,0a59751b5ef3146127e8cfb2eed7bb0f4d501145f40f8e6491322d0c9b121b29,5247434efffe01014003000010000200,,NCGR graphics,Confirmed,True,False,,,,,,,,,,False,False
/graphic/field_board.narc,/graphic/field_board.narc!/member_00005,0,/graphic/field_board.narc,337,5,,4156,4988,3688,4520,832,0a00951d837c64c30c2e54f1c1652515d3186e5a4a3bee2538239ac360c123b7,5247434efffe01014003000010000200,,NCGR graphics,Confirmed,True,False,,,,,,,,,,False,False
/graphic/field_board.narc,/graphic/field_board.narc!/member_00006,0,/graphic/field_board.narc,337,6,,4988,5820,4520,5352,832,a7c5292900d19d27e5e6a9197a06851636219774168be403f255374f101f2567,5247434efffe01014003000010000200,,NCGR graphics,Confirmed,True,False,,,,,,,,,,False,False
/graphic/field_board.narc,/graphic/field_board.narc!/member_00007,0,/graphic/field_board.narc,337,7,,5820,6652,5352,6184,832,c13e1b13ae5f750b6578a7c27e3186e447435a0030fa4bf5edd4f6bb106e8821,5247434efffe01014003000010000200,,NCGR graphics,Confirmed,True,False,,,,,,,,,,False,False
/graphic/field_board.narc,/graphic/field_board.narc!/member_00008,0,/graphic/field_board.narc,337,8,,6652,7484,6184,7016,832,6f367efa630616166e8399ef1f818518a42b7cb205c0979a49b1e1511c33514d,5247434efffe01014003000010000200,,NCGR graphics,Confirmed,True,False,,,,,,,,,,False,False
/graphic/field_board.narc,/graphic/field_board.narc!/member_00009,0,/graphic/field_board.narc,337,9,,7484,8316,7016,7848,832,74d35c61f96e9ac109a1e1b68d1993adc1dafe170c6f329b787bab60dce69127,5247434efffe01014003000010000200,,NCGR graphics,Confirmed,True,False,,,,,,,,,,False,False
/graphic/field_board.narc,/graphic/field_board.narc!/member_00010,0,/graphic/field_board.narc,337,10,,8316,9148,7848,8680,832,1fb9d9a6990584bbdb75f071dc1aaf41350130287279ef02ba18f3ac204106e9,5247434efffe01014003000010000200,,NCGR graphics,Confirmed,True,False,,,,,,,,,,False,False
/graphic/field_board.narc,/graphic/field_board.narc!/member_00011,0,/graphic/field_board.narc,337,11,,9148,9980,8680,9512,832,211608e12db4b737d1a74255679d96ca2fec2c54e5c2d0260f0716ff334443a6,5247434efffe01014003000010000200,,NCGR graphics,Confirmed,True,False,,,,,,,,,,False,False
/graphic/field_board.narc,/graphic/field_board.narc!/member_00012,0,/graphic/field_board.narc,337,12,,9980,10812,9512,10344,832,d95e44eb897ad62fac0f899103f7286a89dbb771473a4e6ad834035ab0678930,5247434efffe01014003000010000200,,NCGR graphics,Confirmed,True,False,,,,,,,,,,False,False
/graphic/field_board.narc,/graphic/field_board.narc!/member_00013,0,/graphic/field_board.narc,337,13,,10812,11644,10344,11176,832,1846309695873c597fe286f49e2afcf9fe2123dd3a3e08756124eb39e05907a8,5247434efffe01014003000010000200,,NCGR graphics,Confirmed,True,False,,,,,,,,,,False,False
/graphic/field_board.narc,/graphic/field_board.narc!/member_00014,0,/graphic/field_board.narc,337,14,,11644,12476,11176,12008,832,99fa3057ad56a133a257fcf199c87cfc263865b16ebc8b3e6b3df2ec7f1b06f9,5247434efffe01014003000010000200,,NCGR graphics,Confirmed,True,False,,,,,,,,,,False,False
/graphic/field_board.narc,/graphic/field_board.narc!/member_00015,0,/graphic/field_board.narc,337,15,,12476,13308,12008,12840,832,548006f7e887399062e9578789819b89c86a8c2689cf97e91be77e1d3fce4c6e,5247434efffe01014003000010000200,,NCGR graphics,Confirmed,True,False,,,,,,,,,,False,False
/graphic/field_board.narc,/graphic/field_board.narc!/member_00016,0,/graphic/field_board.narc,337,16,,13308,14140,12840,13672,832,36587428202ea0e3c6b225c939c504d7ebe8ffaa87dd070fcc2234f797e9b320,5247434efffe01014003000010000200,,NCGR graphics,Confirmed,True,False,,,,,,,,,,False,False
/graphic/field_board.narc,/graphic/field_board.narc!/member_00017,0,/graphic/field_board.narc,337,17,,14140,14972,13672,14504,832,488b03729833bb0910f73e07044ecfbb3c1ec511ca73a15e1126e1ab8d615a10,5247434efffe01014003000010000200,,NCGR graphics,Confirmed,True,False,,,,,,,,,,False,False
/graphic/field_board.narc,/graphic/field_board.narc!/member_00018,0,/graphic/field_board.narc,337,18,,14972,15804,14504,15336,832,4f09c1655b971d6b5148a12ae429d0cb5c79d96992ad858e67188b0dd754c69e,5247434efffe01014003000010000200,,NCGR graphics,Confirmed,True,False,,,,,,,,,,False,False
/graphic/field_board.narc,/graphic/field_board.narc!/member_00019,0,/graphic/field_board.narc,337,19,,15804,16636,15336,16168,832,5e0fd6990330289bc8b1ddd56de3a01c6534606643a171526a967c178ae3cb57,5247434efffe01014003000010000200,,NCGR graphics,Confirmed,True,False,,,,,,,,,,False,False
/graphic/field_board.narc,/graphic/field_board.narc!/member_00020,0,/graphic/field_board.narc,337,20,,16636,17468,16168,17000,832,4a71f72ae2d0fd1c0d726a13f97de834196cc77962fba41aed0d40aef53177b6,5247434efffe01014003000010000200,,NCGR graphics,Confirmed,True,False,,,,,,,,,,False,False
/graphic/field_board.narc,/graphic/field_board.narc!/member_00021,0,/graphic/field_board.narc,337,21,,17468,18300,17000,17832,832,312eb0056f29a5c06a7a65b2ad744b276ee49837dc3ae1edb730bb60ba087034,5247434efffe01014003000010000200,,NCGR graphics,Confirmed,True,False,,,,,,,,,,False,False
/graphic/field_board.narc,/graphic/field_board.narc!/member_00022,0,/graphic/field_board.narc,337,22,,18300,19132,17832,18664,832,de7adc58ca518327ef311b6378745583a9f511cee92aa8ec121a570eb8248f09,5247434efffe01014003000010000200,,NCGR graphics,Confirmed,True,False,,,,,,,,,,False,False
/graphic/field_board.narc,/graphic/field_board.narc!/member_00023,0,/graphic/field_board.narc,337,23,,19132,19964,18664,19496,832,13589aa69e5d786cc878d553e3c4a066198c7ac010b8985bf6d61a96f20a7c3e,5247434efffe01014003000010000200,,NCGR graphics,Confirmed,True,False,,,,,,,,,,False,False
/graphic/field_board.narc,/graphic/field_board.narc!/member_00024,0,/graphic/field_board.narc,337,24,,19964,20796,19496,20328,832,cd732aaf316222e3d337efce245a66a262bb77590cd7909a5accc1ba9fdce34d,5247434efffe01014003000010000200,,NCGR graphics,Confirmed,True,False,,,,,,,,,,False,False
/graphic/field_board.narc,/graphic/field_board.narc!/member_00025,0,/graphic/field_board.narc,337,25,,20796,21628,20328,21160,832,4c515f50383b62c4de1579ced77894577878ac42575cb59c23acd79c6f21e5ac,5247434efffe01014003000010000200,,NCGR graphics,Confirmed,True,False,,,,,,,,,,False,False
/graphic/field_board.narc,/graphic/field_board.narc!/member_00026,0,/graphic/field_board.narc,337,26,,21628,22460,21160,21992,832,c5dba948e7caa003d6313ee92745836ba3204c11cfe32b1d132726a28cbbc595,5247434efffe01014003000010000200,,NCGR graphics,Confirmed,True,False,,,,,,,,,,False,False
/graphic/field_board.narc,/graphic/field_board.narc!/member_00027,0,/graphic/field_board.narc,337,27,,22460,23292,21992,22824,832,b9b88a658f6b12789d87e8e20545c600995b9b14f247c31ea6d7af159b848a63,5247434efffe01014003000010000200,,NCGR graphics,Confirmed,True,False,,,,,,,,,,False,False
/graphic/field_board.narc,/graphic/field_board.narc!/member_00028,0,/graphic/field_board.narc,337,28,,23292,24124,22824,23656,832,24d987a9f04c4777722de17ead7c9620096eb40684bace6e1ba13a4b8c163e05,5247434efffe01014003000010000200,,NCGR graphics,Confirmed,True,False,,,,,,,,,,False,False
/graphic/field_board.narc,/graphic/field_board.narc!/member_00029,0,/graphic/field_board.narc,337,29,,24124,24956,23656,24488,832,6a1855fe80f89df614735077cf714abcdef206288f48d0c458aff21471f667df,5247434efffe01014003000010000200,,NCGR graphics,Confirmed,True,False,,,,,,,,,,False,False
/graphic/field_board.narc,/graphic/field_board.narc!/member_00030,0,/graphic/field_board.narc,337,30,,24956,25788,24488,25320,832,3e2a3dece23e1007ffaec826dad2c6e68bcc4cdeffa616afc4b89c7dc22d078a,5247434efffe01014003000010000200,,NCGR graphics,Confirmed,True,False,,,,,,,,,,False,False
/graphic/field_board.narc,/graphic/field_board.narc!/member_00031,0,/graphic/field_board.narc,337,31,,25788,26620,25320,26152,832,58d885a5ad91a76da9b2b127d9d9378a05bf19bf702125f7e1c8ef5a57351dfa,5247434efffe01014003000010000200,,NCGR graphics,Confirmed,True,False,,,,,,,,,,False,False
/graphic/field_board.narc,/graphic/field_board.narc!/member_00032,0,/graphic/field_board.narc,337,32,,26620,27452,26152,26984,832,0ffff5520acc24e4a8e5fe223ddb75180b089ce3721510cac0c8ad3f4353fdb8,5247434efffe01014003000010000200,,NCGR graphics,Confirmed,True,False,,,,,,,,,,False,False
/graphic/field_board.narc,/graphic/field_board.narc!/member_00033,0,/graphic/field_board.narc,337,33,,27452,28284,26984,27816,832,0e6b5a62bff0ffe09cdb8d8cddba0320cb4300d68b829e763932f15e643667e7,5247434efffe01014003000010000200,,NCGR graphics,Confirmed,True,False,,,,,,,,,,False,False
/graphic/field_board.narc,/graphic/field_board.narc!/member_00034,0,/graphic/field_board.narc,337,34,,28284,29116,27816,28648,832,911279966096b303b6d8d3105222c0ba975df32b65aaa1c00e4cb3ff2b14c722,5247434efffe01014003000010000200,,NCGR graphics,Confirmed,True,False,,,,,,,,,,False,False
/graphic/field_board.narc,/graphic/field_board.narc!/member_00035,0,/graphic/field_board.narc,337,35,,29116,29948,28648,29480,832,0711793c292c09bf7f362a36078bd7d7c0fd1ee249875e9b4c00a84181b27a17,5247434efffe01014003000010000200,,NCGR graphics,Confirmed,True,False,,,,,,,,,,False,False
/graphic/field_board.narc,/graphic/field_board.narc!/member_00036,0,/graphic/field_board.narc,337,36,,29948,30780,29480,30312,832,15831ef814a2b041b8ce876f037ad47c2649d8880dca018bd9681933eb73073d,5247434efffe01014003000010000200,,NCGR graphics,Confirmed,True,False,,,,,,,,,,False,False
/graphic/field_board.narc,/graphic/field_board.narc!/member_00037,0,/graphic/field_board.narc,337,37,,30780,31612,30312,31144,832,73d089e7bf9750ded2c17cc4adcd05c723d9c7a3fc196ddffc4e63a2772227d7,5247434efffe01014003000010000200,,NCGR graphics,Confirmed,True,False,,,,,,,,,,False,False
/graphic/field_board.narc,/graphic/field_board.narc!/member_00038,0,/graphic/field_board.narc,337,38,,31612,32444,31144,31976,832,568d8b2b70ffa90e85a85d9dadd987b81865eb569b3519ac37ff5f69db1fc807,5247434efffe01014003000010000200,,NCGR graphics,Confirmed,True,False,,,,,,,,,,False,False
/graphic/field_board.narc,/graphic/field_board.narc!/member_00039,0,/graphic/field_board.narc,337,39,,32444,33276,31976,32808,832,a44b27931b01c25f33ecf22fdf7182a54a8b0d56e0c3ad8393cf6fcb4ca307fa,5247434efffe01014003000010000200,,NCGR graphics,Confirmed,True,False,,,,,,,,,,False,False
/graphic/field_board.narc,/graphic/field_board.narc!/member_00040,0,/graphic/field_board.narc,337,40,,33276,34108,32808,33640,832,1a4a219bfa084a5587cac3d2a10807a1fab17ec31679ed499ebf2a2def3e9057,5247434efffe01014003000010000200,,NCGR graphics,Confirmed,True,False,,,,,,,,,,False,False
/graphic/field_board.narc,/graphic/field_board.narc!/member_00041,0,/graphic/field_board.narc,337,41,,34108,34940,33640,34472,832,4b2df2cdb69c40dcd12bf409011fe63176a696c735b5bdf8ef77ea022b438254,5247434efffe01014003000010000200,,NCGR graphics,Confirmed,True,False,,,,,,,,,,False,False
/graphic/field_board.narc,/graphic/field_board.narc!/member_00042,0,/graphic/field_board.narc,337,42,,34940,35772,34472,35304,832,a2c67c49048d0a4ed6dfb9858dd22625d1192c26cff0d2e7be1aa69374d63abf,5247434efffe01014003000010000200,,NCGR graphics,Confirmed,True,False,,,,,,,,,,False,False
/graphic/field_board.narc,/graphic/field_board.narc!/member_00043,0,/graphic/field_board.narc,337,43,,35772,36604,35304,36136,832,8584cdffd7b13b9d2330f152061aff841bde4ccd1f2d8cfe99217ca1eff6bafd,5247434efffe01014003000010000200,,NCGR graphics,Confirmed,True,False,,,,,,,,,,False,False
/graphic/field_board.narc,/graphic/field_board.narc!/member_00044,0,/graphic/field_board.narc,337,44,,36604,37436,36136,36968,832,e80f9566446c3931aa90bea73b212be48e27935a0bc929ac31457fe619783cee,5247434efffe01014003000010000200,,NCGR graphics,Confirmed,True,False,,,,,,,,,,False,False
/graphic/field_board.narc,/graphic/field_board.narc!/member_00045,0,/graphic/field_board.narc,337,45,,37436,38268,36968,37800,832,f91d415768a4a0a521539d4e32d50f2e9da846200c23b7fe839bb8374f612373,5247434efffe01014003000010000200,,NCGR graphics,Confirmed,True,False,,,,,,,,,,False,False
/graphic/field_board.narc,/graphic/field_board.narc!/member_00046,0,/graphic/field_board.narc,337,46,,38268,39100,37800,38632,832,e247a6fe155557aa6c022f0e1b67c905dabda8a26c359687d1044cd396b0afb7,5247434efffe01014003000010000200,,NCGR graphics,Confirmed,True,False,,,,,,,,,,False,False
/graphic/field_board.narc,/graphic/field_board.narc!/member_00047,0,/graphic/field_board.narc,337,47,,39100,39932,38632,39464,832,6595fec1261b97e8ec02aaf351eb17304fe0cb584c7c40e981484776d941fdae,5247434efffe01014003000010000200,,NCGR graphics,Confirmed,True,False,,,,,,,,,,False,False
/graphic/field_board.narc,/graphic/field_board.narc!/member_00048,0,/graphic/field_board.narc,337,48,,39932,40764,39464,40296,832,4e45361e84bf6f639bbc0da64218369c898d9e827943dab0fea9c12756bbec2c,5247434efffe01014003000010000200,,NCGR graphics,Confirmed,True,False,,,,,,,,,,False,False
/graphic/field_board.narc,/graphic/field_board.narc!/member_00049,0,/graphic/field_board.narc,337,49,,40764,41596,40296,41128,832,03e4539203bf1e59ce34da6ed0f55498d2e810b9c70b86af2806fe9401979052,5247434efffe01014003000010000200,,NCGR graphics,Confirmed,True,False,,,,,,,,,,False,False
/graphic/field_board.narc,/graphic/field_board.narc!/member_00050,0,/graphic/field_board.narc,337,50,,41596,42428,41128,41960,832,b66f446b7e1964de84eb4671768f1eb3faa59cb0006d6c7e34895bf931040a78,5247434efffe01014003000010000200,,NCGR graphics,Confirmed,True,False,,,,,,,,,,False,False
/graphic/field_board.narc,/graphic/field_board.narc!/member_00051,0,/graphic/field_board.narc,337,51,,42428,43260,41960,42792,832,b63ece126e78e57f57b6ece23da5a67f04691530cc2381471735f8a79bedcca7,5247434efffe01014003000010000200,,NCGR graphics,Confirmed,True,False,,,,,,,,,,False,False
/graphic/field_encounteffect.narc,/graphic/field_encounteffect.narc!/member_00000,0,/graphic/field_encounteffect.narc,338,0,,1292,1844,0,552,552,10826c2340512526922555da98ad54ce82344d5680939e8f46cea65a42cea906,524c434efffe00012802000010000100,,NCLR palette,Confirmed,True,False,,,,,,,,,,False,False
/graphic/field_encounteffect.narc,/graphic/field_encounteffect.narc!/member_00001,0,/graphic/field_encounteffect.narc,338,1,,1844,2396,552,1104,552,10c259e2245fa110380bc4598e6ae2c6e5313200e07b10e524abd8e920d08ae1,524c434efffe00012802000010000100,,NCLR palette,Confirmed,True,False,,,,,,,,,,False,False
/graphic/field_encounteffect.narc,/graphic/field_encounteffect.narc!/member_00002,0,/graphic/field_encounteffect.narc,338,2,,2396,4492,1104,3200,2096,7f7b8be982e18515e2bd8ac7de54b27173d77d1e8543b6067828f8ed1038b257,5247434efffe01013008000010000100,,NCGR graphics,Confirmed,True,False,,,,,,,,,,False,False
/graphic/field_encounteffect.narc,/graphic/field_encounteffect.narc!/member_00003,0,/graphic/field_encounteffect.narc,338,3,,4492,4603,3200,3311,111,30249884bd91f10bc9d4e13e7b1495f09991b6f488405a0cdbb61cfb402d10ca,524e414efffe00016f00000010000300,,NANR animation,Confirmed,True,False,,,,,,,,,,False,False
/graphic/field_encounteffect.narc,/graphic/field_encounteffect.narc!/member_00004,0,/graphic/field_encounteffect.narc,338,4,,4604,4711,3312,3419,107,c4c621255461e1521d8b6af105742f21b9efb619d36f949eb63026e2e758825d,5245434efffe00016b00000010000300,,NCER cell,Confirmed,True,False,,,,,,,,,,False,False
/graphic/field_encounteffect.narc,/graphic/field_encounteffect.narc!/member_00005,0,/graphic/field_encounteffect.narc,338,5,,4712,12952,3420,11660,8240,fdaa0a560643d426cf9cbef250359343ebabcd00a2961e9f22eb5f14de923790,5247434efffe01013020000010000100,,NCGR graphics,Confirmed,True,False,,,,,,,,,,False,False
/graphic/field_encounteffect.narc,/graphic/field_encounteffect.narc!/member_00006,0,/graphic/field_encounteffect.narc,338,6,,12952,13149,11660,11857,197,1b1f9bb0f2063eb74030da09b89723e57c39587073493d04c020ecc4165b9ce5,524e414efffe0001c500000010000300,,NANR animation,Confirmed,True,False,,,,,,,,,,False,False
/graphic/field_encounteffect.narc,/graphic/field_encounteffect.narc!/member_00007,0,/graphic/field_encounteffect.narc,338,7,,13152,13361,11860,12069,209,bca1fe15a6d0702917a1ff13ba0582c3f4f2a974b4cebd461c7aa3086bb97d85,5245434efffe0001d100000010000300,,NCER cell,Confirmed,True,False,,,,,,,,,,False,False
/graphic/field_encounteffect.narc,/graphic/field_encounteffect.narc!/member_00008,0,/graphic/field_encounteffect.narc,338,8,,13364,21604,12072,20312,8240,c3fefc5352e215fd430ce3d8d13e12d4961fb466fe68a204b77e0a07a6617053,5247434efffe01013020000010000100,,NCGR graphics,Confirmed,True,False,,,,,,,,,,False,False
/graphic/field_encounteffect.narc,/graphic/field_encounteffect.narc!/member_00009,0,/graphic/field_encounteffect.narc,338,9,,21604,21715,20312,20423,111,30249884bd91f10bc9d4e13e7b1495f09991b6f488405a0cdbb61cfb402d10ca,524e414efffe00016f00000010000300,,NANR animation,Confirmed,True,False,,,,,,,,,,False,False
/graphic/field_encounteffect.narc,/graphic/field_encounteffect.narc!/member_00010,0,/graphic/field_encounteffect.narc,338,10,,21716,21839,20424,20547,123,c992a53abc16fba79af31e531a449958180ae86073fffe59d4c89e6139e82315,5245434efffe00017b00000010000300,,NCER cell,Confirmed,True,False,,,,,,,,,,False,False
/graphic/field_encounteffect.narc,/graphic/field_encounteffect.narc!/member_00011,0,/graphic/field_encounteffect.narc,338,11,,21840,22392,20548,21100,552,d98fe55f5950ff8e7e40b594024011272d8d94c6e3befc7e98adc84861b3dd0e,524c434efffe00012802000010000100,,NCLR palette,Confirmed,True,False,,,,,,,,,,False,False
/graphic/field_encounteffect.narc,/graphic/field_encounteffect.narc!/member_00012,0,/graphic/field_encounteffect.narc,338,12,,22392,22944,21100,21652,552,bd435e8b2861207d892e9b8252e49b86638187f99baf1ec9f1ade3436cf85cdd,524c434efffe00012802000010000100,,NCLR palette,Confirmed,True,False,,,,,,,,,,False,False
/graphic/field_encounteffect.narc,/graphic/field_encounteffect.narc!/member_00013,0,/graphic/field_encounteffect.narc,338,13,,22944,26080,21652,24788,3136,3728bce2ec73ffc66febadbcf885242898e598f0f2ea2ce91d1d5e1f11e2d86e,5247434efffe0101400c000010000200,,NCGR graphics,Confirmed,True,False,,,,,,,,,,False,False
/graphic/field_encounteffect.narc,/graphic/field_encounteffect.narc!/member_00014,0,/graphic/field_encounteffect.narc,338,14,,26080,27140,24788,25848,1060,35a9a3fa657e7c0586ef3f0bd2b55a9f502b323d94110bd7e83334bcf5f4ffac,5243534efffe00012404000010000100,,NSCR screen map,Confirmed,True,False,,,,,,,,,,False,False
/graphic/field_encounteffect.narc,/graphic/field_encounteffect.narc!/member_00015,0,/graphic/field_encounteffect.narc,338,15,,27140,27692,25848,26400,552,51a7d4e1cea46038453e36ff69b28a9a348f505533bed4751fd821b63b1c878f,524c434efffe00012802000010000100,,NCLR palette,Confirmed,True,False,,,,,,,,,,False,False
/graphic/field_encounteffect.narc,/graphic/field_encounteffect.narc!/member_00016,0,/graphic/field_encounteffect.narc,338,16,,27692,29804,26400,28512,2112,96fd6138aba3f94a3fc05c5c9bd4bdd8cf5ba307f8c58c7eab58570af1961548,5247434efffe01014008000010000200,,NCGR graphics,Confirmed,True,False,,,,,,,,,,False,False
/graphic/field_encounteffect.narc,/graphic/field_encounteffect.narc!/member_00017,0,/graphic/field_encounteffect.narc,338,17,,29804,31888,28512,30596,2084,b3dfdbb4e7889ee78315b65af77071c6f8e9e427e9d3592814157045c799efed,5243534efffe00012408000010000100,,NSCR screen map,Confirmed,True,False,,,,,,,,,,False,False
/graphic/field_encounteffect.narc,/graphic/field_encounteffect.narc!/member_00018,0,/graphic/field_encounteffect.narc,338,18,,31888,32440,30596,31148,552,faa01fdbd201207e6b5363d3b21ab3dfb3c76b1aacd81ffd5508fcd55b796f56,524c434efffe00012802000010000100,,NCLR palette,Confirmed,True,False,,,,,,,,,,False,False
/graphic/field_encounteffect.narc,/graphic/field_encounteffect.narc!/member_00019,0,/graphic/field_encounteffect.narc,338,19,,32440,34552,31148,33260,2112,96fd6138aba3f94a3fc05c5c9bd4bdd8cf5ba307f8c58c7eab58570af1961548,5247434efffe01014008000010000200,,NCGR graphics,Confirmed,True,False,,,,,,,,,,False,False
/graphic/field_encounteffect.narc,/graphic/field_encounteffect.narc!/member_00020,0,/graphic/field_encounteffect.narc,338,20,,34552,36636,33260,35344,2084,b3dfdbb4e7889ee78315b65af77071c6f8e9e427e9d3592814157045c799efed,5243534efffe00012408000010000100,,NSCR screen map,Confirmed,True,False,,,,,,,,,,False,False
/graphic/field_encounteffect.narc,/graphic/field_encounteffect.narc!/member_00021,0,/graphic/field_encounteffect.narc,338,21,,36636,37188,35344,35896,552,5fd9dd586966613e05f4fcf0e06bd882d3d65486a8f2f981f849dcea14a5c01f,524c434efffe00012802000010000100,,NCLR palette,Confirmed,True,False,,,,,,,,,,False,False
/graphic/field_encounteffect.narc,/graphic/field_encounteffect.narc!/member_00022,0,/graphic/field_encounteffect.narc,338,22,,37188,39300,35896,38008,2112,96fd6138aba3f94a3fc05c5c9bd4bdd8cf5ba307f8c58c7eab58570af1961548,5247434efffe01014008000010000200,,NCGR graphics,Confirmed,True,False,,,,,,,,,,False,False
/graphic/field_encounteffect.narc,/graphic/field_encounteffect.narc!/member_00023,0,/graphic/field_encounteffect.narc,338,23,,39300,41384,38008,40092,2084,b3dfdbb4e7889ee78315b65af77071c6f8e9e427e9d3592814157045c799efed,5243534efffe00012408000010000100,,NSCR screen map,Confirmed,True,False,,,,,,,,,,False,False
/graphic/field_encounteffect.narc,/graphic/field_encounteffect.narc!/member_00024,0,/graphic/field_encounteffect.narc,338,24,,41384,41936,40092,40644,552,8e4a64040cf65b985c28634ac37270e747448dac04ac5a071952f6125283b7c5,524c434efffe00012802000010000100,,NCLR palette,Confirmed,True,False,,,,,,,,,,False,False
/graphic/field_encounteffect.narc,/graphic/field_encounteffect.narc!/member_00025,0,/graphic/field_encounteffect.narc,338,25,,41936,44048,40644,42756,2112,96fd6138aba3f94a3fc05c5c9bd4bdd8cf5ba307f8c58c7eab58570af1961548,5247434efffe01014008000010000200,,NCGR graphics,Confirmed,True,False,,,,,,,,,,False,False
/graphic/field_encounteffect.narc,/graphic/field_encounteffect.narc!/member_00026,0,/graphic/field_encounteffect.narc,338,26,,44048,46132,42756,44840,2084,b3dfdbb4e7889ee78315b65af77071c6f8e9e427e9d3592814157045c799efed,5243534efffe00012408000010000100,,NSCR screen map,Confirmed,True,False,,,,,,,,,,False,False
/graphic/field_encounteffect.narc,/graphic/field_encounteffect.narc!/member_00027,0,/graphic/field_encounteffect.narc,338,27,,46132,46684,44840,45392,552,2b22ebfb73b40d5b1fb76f8df32a01777af33b31eb5453e313b15e69cd37804b,524c434efffe00012802000010000100,,NCLR palette,Confirmed,True,False,,,,,,,,,,False,False
/graphic/field_encounteffect.narc,/graphic/field_encounteffect.narc!/member_00028,0,/graphic/field_encounteffect.narc,338,28,,46684,48796,45392,47504,2112,96fd6138aba3f94a3fc05c5c9bd4bdd8cf5ba307f8c58c7eab58570af1961548,5247434efffe01014008000010000200,,NCGR graphics,Confirmed,True,False,,,,,,,,,,False,False
/graphic/field_encounteffect.narc,/graphic/field_encounteffect.narc!/member_00029,0,/graphic/field_encounteffect.narc,338,29,,48796,50880,47504,49588,2084,b3dfdbb4e7889ee78315b65af77071c6f8e9e427e9d3592814157045c799efed,5243534efffe00012408000010000100,,NSCR screen map,Confirmed,True,False,,,,,,,,,,False,False
/graphic/field_encounteffect.narc,/graphic/field_encounteffect.narc!/member_00030,0,/graphic/field_encounteffect.narc,338,30,,50880,51432,49588,50140,552,7e5ef77f6d3f7e7d384b3c3b05a68fabbc1d03677c7d6ee76675e1744a859b37,524c434efffe00012802000010000100,,NCLR palette,Confirmed,True,False,,,,,,,,,,False,False
/graphic/field_encounteffect.narc,/graphic/field_encounteffect.narc!/member_00031,0,/graphic/field_encounteffect.narc,338,31,,51432,53544,50140,52252,2112,96fd6138aba3f94a3fc05c5c9bd4bdd8cf5ba307f8c58c7eab58570af1961548,5247434efffe01014008000010000200,,NCGR graphics,Confirmed,True,False,,,,,,,,,,False,False
/graphic/field_encounteffect.narc,/graphic/field_encounteffect.narc!/member_00032,0,/graphic/field_encounteffect.narc,338,32,,53544,55628,52252,54336,2084,b3dfdbb4e7889ee78315b65af77071c6f8e9e427e9d3592814157045c799efed,5243534efffe00012408000010000100,,NSCR screen map,Confirmed,True,False,,,,,,,,,,False,False
/graphic/field_encounteffect.narc,/graphic/field_encounteffect.narc!/member_00033,0,/graphic/field_encounteffect.narc,338,33,,55628,56180,54336,54888,552,eb3cc5e2a83cba1292c95c89e3ae133fa60fba358e12c725ccba4036ea843db7,524c434efffe00012802000010000100,,NCLR palette,Confirmed,True,False,,,,,,,,,,False,False
/graphic/field_encounteffect.narc,/graphic/field_encounteffect.narc!/member_00034,0,/graphic/field_encounteffect.narc,338,34,,56180,58292,54888,57000,2112,96fd6138aba3f94a3fc05c5c9bd4bdd8cf5ba307f8c58c7eab58570af1961548,5247434efffe01014008000010000200,,NCGR graphics,Confirmed,True,False,,,,,,,,,,False,False
/graphic/field_encounteffect.narc,/graphic/field_encounteffect.narc!/member_00035,0,/graphic/field_encounteffect.narc,338,35,,58292,60376,57000,59084,2084,b3dfdbb4e7889ee78315b65af77071c6f8e9e427e9d3592814157045c799efed,5243534efffe00012408000010000100,,NSCR screen map,Confirmed,True,False,,,,,,,,,,False,False
/graphic/field_encounteffect.narc,/graphic/field_encounteffect.narc!/member_00036,0,/graphic/field_encounteffect.narc,338,36,,60376,60928,59084,59636,552,0908f711e8b7c00b8728a7a220f9a8acc453914add5fbf84c7fed9263fa9ac89,524c434efffe00012802000010000100,,NCLR palette,Confirmed,True,False,,,,,,,,,,False,False
/graphic/field_encounteffect.narc,/graphic/field_encounteffect.narc!/member_00037,0,/graphic/field_encounteffect.narc,338,37,,60928,63040,59636,61748,2112,96fd6138aba3f94a3fc05c5c9bd4bdd8cf5ba307f8c58c7eab58570af1961548,5247434efffe01014008000010000200,,NCGR graphics,Confirmed,True,False,,,,,,,,,,False,False
/graphic/field_encounteffect.narc,/graphic/field_encounteffect.narc!/member_00038,0,/graphic/field_encounteffect.narc,338,38,,63040,65124,61748,63832,2084,b3dfdbb4e7889ee78315b65af77071c6f8e9e427e9d3592814157045c799efed,5243534efffe00012408000010000100,,NSCR screen map,Confirmed,True,False,,,,,,,,,,False,False
/graphic/field_encounteffect.narc,/graphic/field_encounteffect.narc!/member_00039,0,/graphic/field_encounteffect.narc,338,39,,65124,65676,63832,64384,552,0d1c51ad4da41f247ce0e3d606f3c2ee8c862f8c2d83e1ffeabb361f1201fbfb,524c434efffe00012802000010000100,,NCLR palette,Confirmed,True,False,,,,,,,,,,False,False
/graphic/field_encounteffect.narc,/graphic/field_encounteffect.narc!/member_00040,0,/graphic/field_encounteffect.narc,338,40,,65676,71868,64384,70576,6192,4c1e9e474ffcf6f670aa9391fd46761adf1db0c6564f60d028dbacc3e7006221,5247434efffe01013018000010000100,,NCGR graphics,Confirmed,True,False,,,,,,,,,,False,False
/graphic/field_encounteffect.narc,/graphic/field_encounteffect.narc!/member_00041,0,/graphic/field_encounteffect.narc,338,41,,71868,72750,70576,71458,882,93d81bd02ed455c81af693b72921fa76428f1c5c37be9c7ecd96faaa729d4cd3,5245434efffe00017203000010000300,,NCER cell,Confirmed,True,False,,,,,,,,,,False,False
/graphic/field_encounteffect.narc,/graphic/field_encounteffect.narc!/member_00042,0,/graphic/field_encounteffect.narc,338,42,,72752,73114,71460,71822,362,27f1415815fe07b661512213368b5680b1bc16b1ff8058479b1328d7e821a086,524e414efffe00016a01000010000300,,NANR animation,Confirmed,True,False,,,,,,,,,,False,False
/graphic/field_encounteffect.narc,/graphic/field_encounteffect.narc!/member_00043,0,/graphic/field_encounteffect.narc,338,43,,73116,73668,71824,72376,552,1657d22d96831e9ff49f1d8d345b426aaf9437bda2ad69c292caa6fc730562d5,524c434efffe00012802000010000100,,NCLR palette,Confirmed,True,False,,,,,,,,,,False,False
/graphic/field_encounteffect.narc,/graphic/field_encounteffect.narc!/member_00044,0,/graphic/field_encounteffect.narc,338,44,,73668,74220,72376,72928,552,5239caf4a02a72311911074afa0b02a2f926fe0d7551457805a611ef40520870,524c434efffe00012802000010000100,,NCLR palette,Confirmed,True,False,,,,,,,,,,False,False
/graphic/field_encounteffect.narc,/graphic/field_encounteffect.narc!/member_00045,0,/graphic/field_encounteffect.narc,338,45,,74220,74772,72928,73480,552,b74aad4a341a6480ea8ddae4d1458fda91e1a7e6cd4d4d69d93eeccf8910f132,524c434efffe00012802000010000100,,NCLR palette,Confirmed,True,False,,,,,,,,,,False,False
/graphic/field_encounteffect.narc,/graphic/field_encounteffect.narc!/member_00046,0,/graphic/field_encounteffect.narc,338,46,,74772,75324,73480,74032,552,274ff94babb341bb23b8c8cdd9d1f1a87ed1664b2550fc659fb19eb58226b00e,524c434efffe00012802000010000100,,NCLR palette,Confirmed,True,False,,,,,,,,,,False,False
/graphic/field_encounteffect.narc,/graphic/field_encounteffect.narc!/member_00047,0,/graphic/field_encounteffect.narc,338,47,,75324,75876,74032,74584,552,948052d9ff3f580ee7b54c33cd488747e45b11146d40418a7b93a4805c049c8f,524c434efffe00012802000010000100,,NCLR palette,Confirmed,True,False,,,,,,,,,,False,False
/graphic/field_encounteffect.narc,/graphic/field_encounteffect.narc!/member_00048,0,/graphic/field_encounteffect.narc,338,48,,75876,77972,74584,76680,2096,6c65902dd821baac5db0795aaaba3eaeb52ad351358f71b65b4d2454658af9eb,5247434efffe01013008000010000100,,NCGR graphics,Confirmed,True,False,,,,,,,,,,False,False
/graphic/field_encounteffect.narc,/graphic/field_encounteffect.narc!/member_00049,0,/graphic/field_encounteffect.narc,338,49,,77972,78079,76680,76787,107,c4c621255461e1521d8b6af105742f21b9efb619d36f949eb63026e2e758825d,5245434efffe00016b00000010000300,,NCER cell,Confirmed,True,False,,,,,,,,,,False,False
/graphic/field_encounteffect.narc,/graphic/field_encounteffect.narc!/member_00050,0,/graphic/field_encounteffect.narc,338,50,,78080,78191,76788,76899,111,30249884bd91f10bc9d4e13e7b1495f09991b6f488405a0cdbb61cfb402d10ca,524e414efffe00016f00000010000300,,NANR animation,Confirmed,True,False,,,,,,,,,,False,False
/graphic/field_encounteffect.narc,/graphic/field_encounteffect.narc!/member_00051,0,/graphic/field_encounteffect.narc,338,51,,78192,78744,76900,77452,552,26440209ab8032529c07d26ff2c0410c78e4fc7dadb577badc1acdc41d356fe5,524c434efffe00012802000010000100,,NCLR palette,Confirmed,True,False,,,,,,,,,,False,False
/graphic/field_encounteffect.narc,/graphic/field_encounteffect.narc!/member_00052,0,/graphic/field_encounteffect.narc,338,52,,78744,82888,77452,81596,4144,9ebf144b55b08e39d23562e612a4ed517dc1c4369155c1b8114b8ad64182cd72,5247434efffe01013010000010000100,,NCGR graphics,Confirmed,True,False,,,,,,,,,,False,False
/graphic/field_encounteffect.narc,/graphic/field_encounteffect.narc!/member_00053,0,/graphic/field_encounteffect.narc,338,53,,82888,83030,81596,81738,142,664d40f75369c3cc2b31e7ce8a86b36b611fbb7207acb72d05bd32f6ba0d8cf2,5245434efffe00018e00000010000300,,NCER cell,Confirmed,True,False,,,,,,,,,,False,False
/graphic/field_encounteffect.narc,/graphic/field_encounteffect.narc!/member_00054,0,/graphic/field_encounteffect.narc,338,54,,83032,83186,81740,81894,154,2db7fb78dd747f600d608eae538a07457399a8d7d5d878debe6439464a1d543f,524e414efffe00019a00000010000300,,NANR animation,Confirmed,True,False,,,,,,,,,,False,False
/graphic/field_encounteffect.narc,/graphic/field_encounteffect.narc!/member_00055,0,/graphic/field_encounteffect.narc,338,55,,83188,83740,81896,82448,552,adf760819f6458874f33e44c0f7f4dbbc335fc8398aa2f6f3b4530e41230a03d,524c434efffe00012802000010000100,,NCLR palette,Confirmed,True,False,,,,,,,,,,False,False
/graphic/field_encounteffect.narc,/graphic/field_encounteffect.narc!/member_00056,0,/graphic/field_encounteffect.narc,338,56,,83740,86860,82448,85568,3120,9b7b5d67a14d26c60da385b3cf53aad98eefea0a828e532e23f045c450a94ccd,5247434efffe0101300c000010000100,,NCGR graphics,Confirmed,True,False,,,,,,,,,,False,False
/graphic/field_encounteffect.narc,/graphic/field_encounteffect.narc!/member_00057,0,/graphic/field_encounteffect.narc,338,57,,86860,86971,85568,85679,111,9fa58d430d51a5c7e0f4b6ac5d35dba1312c29b51faaeb47f43695fe3ee62061,5245434efffe00016f00000010000300,,NCER cell,Confirmed,True,False,,,,,,,,,,False,False
/graphic/field_encounteffect.narc,/graphic/field_encounteffect.narc!/member_00058,0,/graphic/field_encounteffect.narc,338,58,,86972,87083,85680,85791,111,30249884bd91f10bc9d4e13e7b1495f09991b6f488405a0cdbb61cfb402d10ca,524e414efffe00016f00000010000300,,NANR animation,Confirmed,True,False,,,,,,,,,,False,False
/graphic/field_encounteffect.narc,/graphic/field_encounteffect.narc!/member_00059,0,/graphic/field_encounteffect.narc,338,59,,87084,87636,85792,86344,552,6094ff73670a5c78ee452ef3483b5c8e41a6f9d2e5171be248ff2de8d24f4489,524c434efffe00012802000010000100,,NCLR palette,Confirmed,True,False,,,,,,,,,,False,False
/graphic/field_encounteffect.narc,/graphic/field_encounteffect.narc!/member_00060,0,/graphic/field_encounteffect.narc,338,60,,87636,90756,86344,89464,3120,b463454e9a64d4ad3c45fd615feb22fe4619b3c94e807ac55bd2a51bf48cbb5f,5247434efffe0101300c000010000100,,NCGR graphics,Confirmed,True,False,,,,,,,,,,False,False
/graphic/field_encounteffect.narc,/graphic/field_encounteffect.narc!/member_00061,0,/graphic/field_encounteffect.narc,338,61,,90756,90867,89464,89575,111,9fa58d430d51a5c7e0f4b6ac5d35dba1312c29b51faaeb47f43695fe3ee62061,5245434efffe00016f00000010000300,,NCER cell,Confirmed,True,False,,,,,,,,,,False,False
/graphic/field_encounteffect.narc,/graphic/field_encounteffect.narc!/member_00062,0,/graphic/field_encounteffect.narc,338,62,,90868,90979,89576,89687,111,30249884bd91f10bc9d4e13e7b1495f09991b6f488405a0cdbb61cfb402d10ca,524e414efffe00016f00000010000300,,NANR animation,Confirmed,True,False,,,,,,,,,,False,False
/graphic/field_encounteffect.narc,/graphic/field_encounteffect.narc!/member_00063,0,/graphic/field_encounteffect.narc,338,63,,90980,91532,89688,90240,552,caa1deb401136820d9a9fafb9da39b1c4b55daab59202f455319b54ea329c569,524c434efffe00012802000010000100,,NCLR palette,Confirmed,True,False,,,,,,,,,,False,False
/graphic/field_encounteffect.narc,/graphic/field_encounteffect.narc!/member_00064,0,/graphic/field_encounteffect.narc,338,64,,91532,94652,90240,93360,3120,48e8f370ea7d458e4a0dcf9a3bd0529014c836cbc50c1d701340528b1f73bcac,5247434efffe0101300c000010000100,,NCGR graphics,Confirmed,True,False,,,,,,,,,,False,False
/graphic/field_encounteffect.narc,/graphic/field_encounteffect.narc!/member_00065,0,/graphic/field_encounteffect.narc,338,65,,94652,94763,93360,93471,111,9fa58d430d51a5c7e0f4b6ac5d35dba1312c29b51faaeb47f43695fe3ee62061,5245434efffe00016f00000010000300,,NCER cell,Confirmed,True,False,,,,,,,,,,False,False
/graphic/field_encounteffect.narc,/graphic/field_encounteffect.narc!/member_00066,0,/graphic/field_encounteffect.narc,338,66,,94764,94875,93472,93583,111,30249884bd91f10bc9d4e13e7b1495f09991b6f488405a0cdbb61cfb402d10ca,524e414efffe00016f00000010000300,,NANR animation,Confirmed,True,False,,,,,,,,,,False,False
/graphic/field_encounteffect.narc,/graphic/field_encounteffect.narc!/member_00067,0,/graphic/field_encounteffect.narc,338,67,,94876,95428,93584,94136,552,07101f6cfa4015bdfa00cb83456af62dfd2232d818d194c828da7bc6964280b8,524c434efffe00012802000010000100,,NCLR palette,Confirmed,True,False,,,,,,,,,,False,False
/graphic/field_encounteffect.narc,/graphic/field_encounteffect.narc!/member_00068,0,/graphic/field_encounteffect.narc,338,68,,95428,98548,94136,97256,3120,4a42651aeb491a5de69653c6d11e6248a6c6361729b2ccd31644ef936ec51c80,5247434efffe0101300c000010000100,,NCGR graphics,Confirmed,True,False,,,,,,,,,,False,False
/graphic/field_encounteffect.narc,/graphic/field_encounteffect.narc!/member_00069,0,/graphic/field_encounteffect.narc,338,69,,98548,98659,97256,97367,111,9fa58d430d51a5c7e0f4b6ac5d35dba1312c29b51faaeb47f43695fe3ee62061,5245434efffe00016f00000010000300,,NCER cell,Confirmed,True,False,,,,,,,,,,False,False
/graphic/field_encounteffect.narc,/graphic/field_encounteffect.narc!/member_00070,0,/graphic/field_encounteffect.narc,338,70,,98660,98771,97368,97479,111,30249884bd91f10bc9d4e13e7b1495f09991b6f488405a0cdbb61cfb402d10ca,524e414efffe00016f00000010000300,,NANR animation,Confirmed,True,False,,,,,,,,,,False,False
/graphic/field_encounteffect.narc,/graphic/field_encounteffect.narc!/member_00071,0,/graphic/field_encounteffect.narc,338,71,,98772,99324,97480,98032,552,cb09d27cd3cc038cd7b0f28315f770cc71853d6ea39f05fd7e12b9650a075e7d,524c434efffe00012802000010000100,,NCLR palette,Confirmed,True,False,,,,,,,,,,False,False
/graphic/field_encounteffect.narc,/graphic/field_encounteffect.narc!/member_00072,0,/graphic/field_encounteffect.narc,338,72,,99324,102444,98032,101152,3120,dcd6b67b1b7f331853857c1f8cd05a33726d2d9c38d58a65dbceb66156472459,5247434efffe0101300c000010000100,,NCGR graphics,Confirmed,True,False,,,,,,,,,,False,False
/graphic/field_encounteffect.narc,/graphic/field_encounteffect.narc!/member_00073,0,/graphic/field_encounteffect.narc,338,73,,102444,102555,101152,101263,111,9fa58d430d51a5c7e0f4b6ac5d35dba1312c29b51faaeb47f43695fe3ee62061,5245434efffe00016f00000010000300,,NCER cell,Confirmed,True,False,,,,,,,,,,False,False
/graphic/field_encounteffect.narc,/graphic/field_encounteffect.narc!/member_00074,0,/graphic/field_encounteffect.narc,338,74,,102556,102667,101264,101375,111,30249884bd91f10bc9d4e13e7b1495f09991b6f488405a0cdbb61cfb402d10ca,524e414efffe00016f00000010000300,,NANR animation,Confirmed,True,False,,,,,,,,,,False,False
/graphic/field_encounteffect.narc,/graphic/field_encounteffect.narc!/member_00075,0,/graphic/field_encounteffect.narc,338,75,,102668,103220,101376,101928,552,58c78d4d24c3f91d509730d781af72a5ba448b50968d3876756e767ab455d7b6,524c434efffe00012802000010000100,,NCLR palette,Confirmed,True,False,,,,,,,,,,False,False
/graphic/field_encounteffect.narc,/graphic/field_encounteffect.narc!/member_00076,0,/graphic/field_encounteffect.narc,338,76,,103220,106340,101928,105048,3120,287de64ec8fd74c739ec385681270c9e6f3d3a69afeb028c86083b09cb4f4e58,5247434efffe0101300c000010000100,,NCGR graphics,Confirmed,True,False,,,,,,,,,,False,False
/graphic/field_encounteffect.narc,/graphic/field_encounteffect.narc!/member_00077,0,/graphic/field_encounteffect.narc,338,77,,106340,106451,105048,105159,111,9fa58d430d51a5c7e0f4b6ac5d35dba1312c29b51faaeb47f43695fe3ee62061,5245434efffe00016f00000010000300,,NCER cell,Confirmed,True,False,,,,,,,,,,False,False
/graphic/field_encounteffect.narc,/graphic/field_encounteffect.narc!/member_00078,0,/graphic/field_encounteffect.narc,338,78,,106452,106563,105160,105271,111,30249884bd91f10bc9d4e13e7b1495f09991b6f488405a0cdbb61cfb402d10ca,524e414efffe00016f00000010000300,,NANR animation,Confirmed,True,False,,,,,,,,,,False,False
/graphic/field_encounteffect.narc,/graphic/field_encounteffect.narc!/member_00079,0,/graphic/field_encounteffect.narc,338,79,,106564,107116,105272,105824,552,95dbfdc5fbca7950ef22b2c0015e4b81555564840cb63864eaf5ea483b9e4be3,524c434efffe00012802000010000100,,NCLR palette,Confirmed,True,False,,,,,,,,,,False,False
/graphic/field_encounteffect.narc,/graphic/field_encounteffect.narc!/member_00080,0,/graphic/field_encounteffect.narc,338,80,,107116,110236,105824,108944,3120,117f37a7be735f98b1a7562bf41e0ec690a2c33416bcbd5903a33e10e0be851d,5247434efffe0101300c000010000100,,NCGR graphics,Confirmed,True,False,,,,,,,,,,False,False
/graphic/field_encounteffect.narc,/graphic/field_encounteffect.narc!/member_00081,0,/graphic/field_encounteffect.narc,338,81,,110236,110347,108944,109055,111,9fa58d430d51a5c7e0f4b6ac5d35dba1312c29b51faaeb47f43695fe3ee62061,5245434efffe00016f00000010000300,,NCER cell,Confirmed,True,False,,,,,,,,,,False,False
/graphic/field_encounteffect.narc,/graphic/field_encounteffect.narc!/member_00082,0,/graphic/field_encounteffect.narc,338,82,,110348,110459,109056,109167,111,30249884bd91f10bc9d4e13e7b1495f09991b6f488405a0cdbb61cfb402d10ca,524e414efffe00016f00000010000300,,NANR animation,Confirmed,True,False,,,,,,,,,,False,False
/graphic/field_encounteffect.narc,/graphic/field_encounteffect.narc!/member_00083,0,/graphic/field_encounteffect.narc,338,83,,110460,111012,109168,109720,552,96b4eab162492aa89c23c9e0debde15f7cb9dbeef62562a4696bf7f1c5379a6f,524c434efffe00012802000010000100,,NCLR palette,Confirmed,True,False,,,,,,,,,,False,False
/graphic/field_encounteffect.narc,/graphic/field_encounteffect.narc!/member_00084,0,/graphic/field_encounteffect.narc,338,84,,111012,114132,109720,112840,3120,315c8b3b7dbdec8d86f3e827d4626deb2ca89a813bb0da13a39c2a924aef9eee,5247434efffe0101300c000010000100,,NCGR graphics,Confirmed,True,False,,,,,,,,,,False,False
/graphic/field_encounteffect.narc,/graphic/field_encounteffect.narc!/member_00085,0,/graphic/field_encounteffect.narc,338,85,,114132,114243,112840,112951,111,9fa58d430d51a5c7e0f4b6ac5d35dba1312c29b51faaeb47f43695fe3ee62061,5245434efffe00016f00000010000300,,NCER cell,Confirmed,True,False,,,,,,,,,,False,False
/graphic/field_encounteffect.narc,/graphic/field_encounteffect.narc!/member_00086,0,/graphic/field_encounteffect.narc,338,86,,114244,114355,112952,113063,111,30249884bd91f10bc9d4e13e7b1495f09991b6f488405a0cdbb61cfb402d10ca,524e414efffe00016f00000010000300,,NANR animation,Confirmed,True,False,,,,,,,,,,False,False
/graphic/field_encounteffect.narc,/graphic/field_encounteffect.narc!/member_00087,0,/graphic/field_encounteffect.narc,338,87,,114356,114908,113064,113616,552,88c82d243f77ce9f4e9fddb0d5ffc74e70423cca15619721dfda96d9ad369fbc,524c434efffe00012802000010000100,,NCLR palette,Confirmed,True,False,,,,,,,,,,False,False
/graphic/field_encounteffect.narc,/graphic/field_encounteffect.narc!/member_00088,0,/graphic/field_encounteffect.narc,338,88,,114908,118028,113616,116736,3120,1ba998ecf423288a4fb125e10b5727adec836637fca4e4c0aead044c929f8763,5247434efffe0101300c000010000100,,NCGR graphics,Confirmed,True,False,,,,,,,,,,False,False
/graphic/field_encounteffect.narc,/graphic/field_encounteffect.narc!/member_00089,0,/graphic/field_encounteffect.narc,338,89,,118028,118139,116736,116847,111,9fa58d430d51a5c7e0f4b6ac5d35dba1312c29b51faaeb47f43695fe3ee62061,5245434efffe00016f00000010000300,,NCER cell,Confirmed,True,False,,,,,,,,,,False,False
/graphic/field_encounteffect.narc,/graphic/field_encounteffect.narc!/member_00090,0,/graphic/field_encounteffect.narc,338,90,,118140,118251,116848,116959,111,30249884bd91f10bc9d4e13e7b1495f09991b6f488405a0cdbb61cfb402d10ca,524e414efffe00016f00000010000300,,NANR animation,Confirmed,True,False,,,,,,,,,,False,False
/graphic/field_encounteffect.narc,/graphic/field_encounteffect.narc!/member_00091,0,/graphic/field_encounteffect.narc,338,91,,118252,118804,116960,117512,552,952fbfb484a1f62c8e4700a9f18c520afb426013d92b03631b1d3815d381e5ac,524c434efffe00012802000010000100,,NCLR palette,Confirmed,True,False,,,,,,,,,,False,False
/graphic/field_encounteffect.narc,/graphic/field_encounteffect.narc!/member_00092,0,/graphic/field_encounteffect.narc,338,92,,118804,121924,117512,120632,3120,8feea9ff47606ce5d885c5e86c88aa94c529539a2abb4e01b3eca554e0d3ae8f,5247434efffe0101300c000010000100,,NCGR graphics,Confirmed,True,False,,,,,,,,,,False,False
/graphic/field_encounteffect.narc,/graphic/field_encounteffect.narc!/member_00093,0,/graphic/field_encounteffect.narc,338,93,,121924,122035,120632,120743,111,9fa58d430d51a5c7e0f4b6ac5d35dba1312c29b51faaeb47f43695fe3ee62061,5245434efffe00016f00000010000300,,NCER cell,Confirmed,True,False,,,,,,,,,,False,False
/graphic/field_encounteffect.narc,/graphic/field_encounteffect.narc!/member_00094,0,/graphic/field_encounteffect.narc,338,94,,122036,122147,120744,120855,111,30249884bd91f10bc9d4e13e7b1495f09991b6f488405a0cdbb61cfb402d10ca,524e414efffe00016f00000010000300,,NANR animation,Confirmed,True,False,,,,,,,,,,False,False
/graphic/field_encounteffect.narc,/graphic/field_encounteffect.narc!/member_00095,0,/graphic/field_encounteffect.narc,338,95,,122148,122700,120856,121408,552,430c4497c9bd856a7997ddea8b80fdba655be1a3b0e978879857c068819f732f,524c434efffe00012802000010000100,,NCLR palette,Confirmed,True,False,,,,,,,,,,False,False
/graphic/field_encounteffect.narc,/graphic/field_encounteffect.narc!/member_00096,0,/graphic/field_encounteffect.narc,338,96,,122700,125820,121408,124528,3120,c362f87a73800ddea27a899c87172964964b424dfa42d16ba47475ccaed1e40e,5247434efffe0101300c000010000100,,NCGR graphics,Confirmed,True,False,,,,,,,,,,False,False
/graphic/field_encounteffect.narc,/graphic/field_encounteffect.narc!/member_00097,0,/graphic/field_encounteffect.narc,338,97,,125820,125931,124528,124639,111,9fa58d430d51a5c7e0f4b6ac5d35dba1312c29b51faaeb47f43695fe3ee62061,5245434efffe00016f00000010000300,,NCER cell,Confirmed,True,False,,,,,,,,,,False,False
/graphic/field_encounteffect.narc,/graphic/field_encounteffect.narc!/member_00098,0,/graphic/field_encounteffect.narc,338,98,,125932,126043,124640,124751,111,30249884bd91f10bc9d4e13e7b1495f09991b6f488405a0cdbb61cfb402d10ca,524e414efffe00016f00000010000300,,NANR animation,Confirmed,True,False,,,,,,,,,,False,False
/graphic/field_encounteffect.narc,/graphic/field_encounteffect.narc!/member_00099,0,/graphic/field_encounteffect.narc,338,99,,126044,126596,124752,125304,552,92d2a249d225add5407271b0e484641679de3faf55263bb56bb63daca939a4f8,524c434efffe00012802000010000100,,NCLR palette,Confirmed,True,False,,,,,,,,,,False,False
/graphic/field_encounteffect.narc,/graphic/field_encounteffect.narc!/member_00100,0,/graphic/field_encounteffect.narc,338,100,,126596,129716,125304,128424,3120,ed0c7ccac393a30ac4ac9996461b1fccc8c8b3d9d70acf5bf78cbe4e31335af1,5247434efffe0101300c000010000100,,NCGR graphics,Confirmed,True,False,,,,,,,,,,False,False
/graphic/field_encounteffect.narc,/graphic/field_encounteffect.narc!/member_00101,0,/graphic/field_encounteffect.narc,338,101,,129716,129827,128424,128535,111,9fa58d430d51a5c7e0f4b6ac5d35dba1312c29b51faaeb47f43695fe3ee62061,5245434efffe00016f00000010000300,,NCER cell,Confirmed,True,False,,,,,,,,,,False,False
/graphic/field_encounteffect.narc,/graphic/field_encounteffect.narc!/member_00102,0,/graphic/field_encounteffect.narc,338,102,,129828,129939,128536,128647,111,30249884bd91f10bc9d4e13e7b1495f09991b6f488405a0cdbb61cfb402d10ca,524e414efffe00016f00000010000300,,NANR animation,Confirmed,True,False,,,,,,,,,,False,False
/graphic/field_encounteffect.narc,/graphic/field_encounteffect.narc!/member_00103,0,/graphic/field_encounteffect.narc,338,103,,129940,130492,128648,129200,552,82a89aefbf43b97e86dabda11d97bac19576b88a5ce4267dd54ee8178209ef4c,524c434efffe00012802000010000100,,NCLR palette,Confirmed,True,False,,,,,,,,,,False,False
/graphic/field_encounteffect.narc,/graphic/field_encounteffect.narc!/member_00104,0,/graphic/field_encounteffect.narc,338,104,,130492,133612,129200,132320,3120,ef0bb72b568317ab312bda5708e085f6015c30e7398540593b7c2cc2910c9541,5247434efffe0101300c000010000100,,NCGR graphics,Confirmed,True,False,,,,,,,,,,False,False
/graphic/field_encounteffect.narc,/graphic/field_encounteffect.narc!/member_00105,0,/graphic/field_encounteffect.narc,338,105,,133612,133723,132320,132431,111,9fa58d430d51a5c7e0f4b6ac5d35dba1312c29b51faaeb47f43695fe3ee62061,5245434efffe00016f00000010000300,,NCER cell,Confirmed,True,False,,,,,,,,,,False,False
/graphic/field_encounteffect.narc,/graphic/field_encounteffect.narc!/member_00106,0,/graphic/field_encounteffect.narc,338,106,,133724,133835,132432,132543,111,30249884bd91f10bc9d4e13e7b1495f09991b6f488405a0cdbb61cfb402d10ca,524e414efffe00016f00000010000300,,NANR animation,Confirmed,True,False,,,,,,,,,,False,False
/graphic/field_encounteffect.narc,/graphic/field_encounteffect.narc!/member_00107,0,/graphic/field_encounteffect.narc,338,107,,133836,135892,132544,134600,2056,e21a9db76ba49feb845a60f7be9000a07fa0b60c10086c879fec1b863b59efd6,2041505331325f310300020000000000,,Nintendo Huffman,Probable,,True,Nintendo Huffman,Probable,False,5460033,,,,,,False,False
/graphic/field_encounteffect.narc,/graphic/field_encounteffect.narc!/member_00108,0,/graphic/field_encounteffect.narc,338,108,,135892,137728,134600,136436,1836,4c085267a6cf1b934de64e51e4278b386529021c18ffc433aff997d78558f91d,2041505331325f310400020000000000,,Nintendo Huffman,Probable,,True,Nintendo Huffman,Probable,False,5460033,,,,,,False,False
/graphic/field_encounteffect.narc,/graphic/field_encounteffect.narc!/member_00109,0,/graphic/field_encounteffect.narc,338,109,,137728,138280,136436,136988,552,be9ba8660e4c6d4b5b10893bbcaa86480de02ddc0b0f4f2b3cf192cd94791f5f,524c434efffe00012802000010000100,,NCLR palette,Confirmed,True,False,,,,,,,,,,False,False
/graphic/field_encounteffect.narc,/graphic/field_encounteffect.narc!/member_00110,0,/graphic/field_encounteffect.narc,338,110,,138280,141400,136988,140108,3120,8abe43c6963599f9871d65ee5867bceff81b23f69ef398a59460b928cf3aaa14,5247434efffe0101300c000010000100,,NCGR graphics,Confirmed,True,False,,,,,,,,,,False,False
/graphic/field_encounteffect.narc,/graphic/field_encounteffect.narc!/member_00111,0,/graphic/field_encounteffect.narc,338,111,,141400,141547,140108,140255,147,99ed7222b0244a8c4ea2ffad9c8c331ae32f285bbd5fa8438c2354d416b56b12,5245434efffe00019300000010000300,,NCER cell,Confirmed,True,False,,,,,,,,,,False,False
/graphic/field_encounteffect.narc,/graphic/field_encounteffect.narc!/member_00112,0,/graphic/field_encounteffect.narc,338,112,,141548,141659,140256,140367,111,30249884bd91f10bc9d4e13e7b1495f09991b6f488405a0cdbb61cfb402d10ca,524e414efffe00016f00000010000300,,NANR animation,Confirmed,True,False,,,,,,,,,,False,False
/graphic/field_encounteffect.narc,/graphic/field_encounteffect.narc!/member_00113,0,/graphic/field_encounteffect.narc,338,113,,141660,142212,140368,140920,552,fc90363e2a8a2cbe4616a501073aab2d82e2fae03bffc7392f91f840e1833664,524c434efffe00012802000010000100,,NCLR palette,Confirmed,True,False,,,,,,,,,,False,False
/graphic/field_encounteffect.narc,/graphic/field_encounteffect.narc!/member_00114,0,/graphic/field_encounteffect.narc,338,114,,142212,145332,140920,144040,3120,81ca92c7916d3f0999ad94f99e56f84f0c9b04dd2f1d019fb5ef6607fe240ebf,5247434efffe0101300c000010000100,,NCGR graphics,Confirmed,True,False,,,,,,,,,,False,False
/graphic/field_encounteffect.narc,/graphic/field_encounteffect.narc!/member_00115,0,/graphic/field_encounteffect.narc,338,115,,145332,145443,144040,144151,111,e5ef4ea7ed6d45fd139a9bd811599a2b21783945c7c19aed147f64d7e2d54d79,5245434efffe00016f00000010000300,,NCER cell,Confirmed,True,False,,,,,,,,,,False,False
/graphic/field_encounteffect.narc,/graphic/field_encounteffect.narc!/member_00116,0,/graphic/field_encounteffect.narc,338,116,,145444,145555,144152,144263,111,30249884bd91f10bc9d4e13e7b1495f09991b6f488405a0cdbb61cfb402d10ca,524e414efffe00016f00000010000300,,NANR animation,Confirmed,True,False,,,,,,,,,,False,False
/graphic/field_encounteffect.narc,/graphic/field_encounteffect.narc!/member_00117,0,/graphic/field_encounteffect.narc,338,117,,145556,146108,144264,144816,552,a1a901ad9e2f250a2ace733f91ca746abc25e43c4f4be6c4c68cacd891031975,524c434efffe00012802000010000100,,NCLR palette,Confirmed,True,False,,,,,,,,,,False,False
/graphic/field_encounteffect.narc,/graphic/field_encounteffect.narc!/member_00118,0,/graphic/field_encounteffect.narc,338,118,,146108,149228,144816,147936,3120,b0705ba60ab326c68ed749ac1b49bc6f06224df3a986a49710400bff9d0e8ccb,5247434efffe0101300c000010000100,,NCGR graphics,Confirmed,True,False,,,,,,,,,,False,False
/graphic/field_encounteffect.narc,/graphic/field_encounteffect.narc!/member_00119,0,/graphic/field_encounteffect.narc,338,119,,149228,149339,147936,148047,111,e5ef4ea7ed6d45fd139a9bd811599a2b21783945c7c19aed147f64d7e2d54d79,5245434efffe00016f00000010000300,,NCER cell,Confirmed,True,False,,,,,,,,,,False,False
/graphic/field_encounteffect.narc,/graphic/field_encounteffect.narc!/member_00120,0,/graphic/field_encounteffect.narc,338,120,,149340,149451,148048,148159,111,30249884bd91f10bc9d4e13e7b1495f09991b6f488405a0cdbb61cfb402d10ca,524e414efffe00016f00000010000300,,NANR animation,Confirmed,True,False,,,,,,,,,,False,False
/graphic/field_encounteffect.narc,/graphic/field_encounteffect.narc!/member_00121,0,/graphic/field_encounteffect.narc,338,121,,149452,150004,148160,148712,552,4d4d79d116d06c681e46a9290093eea81cde2b1827374022bbb24135e6b9eec2,524c434efffe00012802000010000100,,NCLR palette,Confirmed,True,False,,,,,,,,,,False,False
/graphic/field_encounteffect.narc,/graphic/field_encounteffect.narc!/member_00122,0,/graphic/field_encounteffect.narc,338,122,,150004,153124,148712,151832,3120,428f071f1e0a41eb4b3c56cddd853df83fe3d44efecb494d3d12b8b15fe3ee63,5247434efffe0101300c000010000100,,NCGR graphics,Confirmed,True,False,,,,,,,,,,False,False
/graphic/field_encounteffect.narc,/graphic/field_encounteffect.narc!/member_00123,0,/graphic/field_encounteffect.narc,338,123,,153124,153235,151832,151943,111,e5ef4ea7ed6d45fd139a9bd811599a2b21783945c7c19aed147f64d7e2d54d79,5245434efffe00016f00000010000300,,NCER cell,Confirmed,True,False,,,,,,,,,,False,False
/graphic/field_encounteffect.narc,/graphic/field_encounteffect.narc!/member_00124,0,/graphic/field_encounteffect.narc,338,124,,153236,153347,151944,152055,111,30249884bd91f10bc9d4e13e7b1495f09991b6f488405a0cdbb61cfb402d10ca,524e414efffe00016f00000010000300,,NANR animation,Confirmed,True,False,,,,,,,,,,False,False
/graphic/field_encounteffect.narc,/graphic/field_encounteffect.narc!/member_00125,0,/graphic/field_encounteffect.narc,338,125,,153348,153900,152056,152608,552,19a36c361827c04bc3bc553e038657d637c5b5958a63ba487ee5d9335f9eae3a,524c434efffe00012802000010000100,,NCLR palette,Confirmed,True,False,,,,,,,,,,False,False
/graphic/field_encounteffect.narc,/graphic/field_encounteffect.narc!/member_00126,0,/graphic/field_encounteffect.narc,338,126,,153900,157020,152608,155728,3120,c595aa6f4a782c2c45407f820ad43c8b698e9799634c0047e3c41e7d04babdfa,5247434efffe0101300c000010000100,,NCGR graphics,Confirmed,True,False,,,,,,,,,,False,False
/graphic/field_encounteffect.narc,/graphic/field_encounteffect.narc!/member_00127,0,/graphic/field_encounteffect.narc,338,127,,157020,157131,155728,155839,111,e5ef4ea7ed6d45fd139a9bd811599a2b21783945c7c19aed147f64d7e2d54d79,5245434efffe00016f00000010000300,,NCER cell,Confirmed,True,False,,,,,,,,,,False,False
/graphic/field_encounteffect.narc,/graphic/field_encounteffect.narc!/member_00128,0,/graphic/field_encounteffect.narc,338,128,,157132,157243,155840,155951,111,30249884bd91f10bc9d4e13e7b1495f09991b6f488405a0cdbb61cfb402d10ca,524e414efffe00016f00000010000300,,NANR animation,Confirmed,True,False,,,,,,,,,,False,False
/graphic/field_encounteffect.narc,/graphic/field_encounteffect.narc!/member_00129,0,/graphic/field_encounteffect.narc,338,129,,157244,159328,155952,158036,2084,2b48007d60d430cfdab7d29240881c13417f81f305451b5dfdc6b602305af1e1,5243534efffe00012408000010000100,,NSCR screen map,Confirmed,True,False,,,,,,,,,,False,False
/graphic/field_encounteffect.narc,/graphic/field_encounteffect.narc!/member_00130,0,/graphic/field_encounteffect.narc,338,130,,159328,175776,158036,174484,16448,f6299600f04c205ce0efa85349f440efdf3c08713c759355be265d515a57f01e,5247434efffe01014040000010000200,,NCGR graphics,Confirmed,True,False,,,,,,,,,,False,False
/graphic/field_encounteffect.narc,/graphic/field_encounteffect.narc!/member_00131,0,/graphic/field_encounteffect.narc,338,131,,175776,176328,174484,175036,552,0d47a3cd49859b5b186d8ece6a603213ce981736c37dd2c8664bf31acfc304ad,524c434efffe00012802000010000100,,NCLR palette,Confirmed,True,False,,,,,,,,,,False,False
/graphic/field_encounteffect.narc,/graphic/field_encounteffect.narc!/member_00132,0,/graphic/field_encounteffect.narc,338,132,,176328,178412,175036,177120,2084,2b48007d60d430cfdab7d29240881c13417f81f305451b5dfdc6b602305af1e1,5243534efffe00012408000010000100,,NSCR screen map,Confirmed,True,False,,,,,,,,,,False,False
/graphic/field_encounteffect.narc,/graphic/field_encounteffect.narc!/member_00133,0,/graphic/field_encounteffect.narc,338,133,,178412,194860,177120,193568,16448,f6299600f04c205ce0efa85349f440efdf3c08713c759355be265d515a57f01e,5247434efffe01014040000010000200,,NCGR graphics,Confirmed,True,False,,,,,,,,,,False,False
/graphic/field_encounteffect.narc,/graphic/field_encounteffect.narc!/member_00134,0,/graphic/field_encounteffect.narc,338,134,,194860,195412,193568,194120,552,213e55d738b6cb7753f01eabd303a34707a17f3af25f7fbaccaee87d35ffc75a,524c434efffe00012802000010000100,,NCLR palette,Confirmed,True,False,,,,,,,,,,False,False
/graphic/field_encounteffect.narc,/graphic/field_encounteffect.narc!/member_00135,0,/graphic/field_encounteffect.narc,338,135,,195412,197496,194120,196204,2084,2b48007d60d430cfdab7d29240881c13417f81f305451b5dfdc6b602305af1e1,5243534efffe00012408000010000100,,NSCR screen map,Confirmed,True,False,,,,,,,,,,False,False
/graphic/field_encounteffect.narc,/graphic/field_encounteffect.narc!/member_00136,0,/graphic/field_encounteffect.narc,338,136,,197496,213944,196204,212652,16448,f6299600f04c205ce0efa85349f440efdf3c08713c759355be265d515a57f01e,5247434efffe01014040000010000200,,NCGR graphics,Confirmed,True,False,,,,,,,,,,False,False
/graphic/field_encounteffect.narc,/graphic/field_encounteffect.narc!/member_00137,0,/graphic/field_encounteffect.narc,338,137,,213944,214496,212652,213204,552,f16f3defa828e6172e6b4e63ed59e5df97fdadf5c6a7c453b0c231a40b5380b6,524c434efffe00012802000010000100,,NCLR palette,Confirmed,True,False,,,,,,,,,,False,False
/graphic/field_encounteffect.narc,/graphic/field_encounteffect.narc!/member_00138,0,/graphic/field_encounteffect.narc,338,138,,214496,216580,213204,215288,2084,2b48007d60d430cfdab7d29240881c13417f81f305451b5dfdc6b602305af1e1,5243534efffe00012408000010000100,,NSCR screen map,Confirmed,True,False,,,,,,,,,,False,False
/graphic/field_encounteffect.narc,/graphic/field_encounteffect.narc!/member_00139,0,/graphic/field_encounteffect.narc,338,139,,216580,233028,215288,231736,16448,f6299600f04c205ce0efa85349f440efdf3c08713c759355be265d515a57f01e,5247434efffe01014040000010000200,,NCGR graphics,Confirmed,True,False,,,,,,,,,,False,False
/graphic/field_encounteffect.narc,/graphic/field_encounteffect.narc!/member_00140,0,/graphic/field_encounteffect.narc,338,140,,233028,233580,231736,232288,552,dd7fbcfbd6917d47c2365830bfd15750208dc03c512b6db03026c007bdcd4415,524c434efffe00012802000010000100,,NCLR palette,Confirmed,True,False,,,,,,,,,,False,False
/graphic/field_encounteffect.narc,/graphic/field_encounteffect.narc!/member_00141,0,/graphic/field_encounteffect.narc,338,141,,233580,235664,232288,234372,2084,2b48007d60d430cfdab7d29240881c13417f81f305451b5dfdc6b602305af1e1,5243534efffe00012408000010000100,,NSCR screen map,Confirmed,True,False,,,,,,,,,,False,False
/graphic/field_encounteffect.narc,/graphic/field_encounteffect.narc!/member_00142,0,/graphic/field_encounteffect.narc,338,142,,235664,252112,234372,250820,16448,f6299600f04c205ce0efa85349f440efdf3c08713c759355be265d515a57f01e,5247434efffe01014040000010000200,,NCGR graphics,Confirmed,True,False,,,,,,,,,,False,False
/graphic/field_encounteffect.narc,/graphic/field_encounteffect.narc!/member_00143,0,/graphic/field_encounteffect.narc,338,143,,252112,252664,250820,251372,552,de52472b36335e237c3c82be967f7bffde99867d11e591f4662a9180d340db26,524c434efffe00012802000010000100,,NCLR palette,Confirmed,True,False,,,,,,,,,,False,False
/graphic/field_encounteffect.narc,/graphic/field_encounteffect.narc!/member_00144,0,/graphic/field_encounteffect.narc,338,144,,252664,256808,251372,255516,4144,92c9876c8be00c29ca99acbdea861759d5a0e952ac676f0825b21df82beb922d,5247434efffe01013010000010000100,,NCGR graphics,Confirmed,True,False,,,,,,,,,,False,False
/graphic/field_encounteffect.narc,/graphic/field_encounteffect.narc!/member_00145,0,/graphic/field_encounteffect.narc,338,145,,256808,256950,255516,255658,142,b112fb5ba142a5027c53996c49e6ad8a62ccd36482bb0dd8488295d92475206a,5245434efffe00018e00000010000300,,NCER cell,Confirmed,True,False,,,,,,,,,,False,False
/graphic/field_encounteffect.narc,/graphic/field_encounteffect.narc!/member_00146,0,/graphic/field_encounteffect.narc,338,146,,256952,257106,255660,255814,154,2db7fb78dd747f600d608eae538a07457399a8d7d5d878debe6439464a1d543f,524e414efffe00019a00000010000300,,NANR animation,Confirmed,True,False,,,,,,,,,,False,False
/graphic/field_encounteffect.narc,/graphic/field_encounteffect.narc!/member_00147,0,/graphic/field_encounteffect.narc,338,147,,257108,257660,255816,256368,552,92c37e728ad639cc7aa4bbd139f9a21a19db543057f6e183cbda627a63487d7b,524c434efffe00012802000010000100,,NCLR palette,Confirmed,True,False,,,,,,,,,,False,False
/graphic/field_encounteffect.narc,/graphic/field_encounteffect.narc!/member_00148,0,/graphic/field_encounteffect.narc,338,148,,257660,260780,256368,259488,3120,5a98b90603024b732da791bc33733c53b6e626df4139f67e8b8564d773dfe7ac,5247434efffe0101300c000010000100,,NCGR graphics,Confirmed,True,False,,,,,,,,,,False,False
/graphic/field_encounteffect.narc,/graphic/field_encounteffect.narc!/member_00149,0,/graphic/field_encounteffect.narc,338,149,,260780,260891,259488,259599,111,9fa58d430d51a5c7e0f4b6ac5d35dba1312c29b51faaeb47f43695fe3ee62061,5245434efffe00016f00000010000300,,NCER cell,Confirmed,True,False,,,,,,,,,,False,False
/graphic/field_encounteffect.narc,/graphic/field_encounteffect.narc!/member_00150,0,/graphic/field_encounteffect.narc,338,150,,260892,261003,259600,259711,111,30249884bd91f10bc9d4e13e7b1495f09991b6f488405a0cdbb61cfb402d10ca,524e414efffe00016f00000010000300,,NANR animation,Confirmed,True,False,,,,,,,,,,False,False
/graphic/field_encounteffect.narc,/graphic/field_encounteffect.narc!/member_00151,0,/graphic/field_encounteffect.narc,338,151,,261004,261556,259712,260264,552,17eb5cdf3e1f4d7a54a0a8b26bc4031fc9098481deceeac14b9bf9e820f1937d,524c434efffe00012802000010000100,,NCLR palette,Confirmed,True,False,,,,,,,,,,False,False
/graphic/field_encounteffect.narc,/graphic/field_encounteffect.narc!/member_00152,0,/graphic/field_encounteffect.narc,338,152,,261556,264676,260264,263384,3120,48b4e23163dc893941917e2ff0e7b14e14dd542b7ef9a05471610fb587753d2a,5247434efffe0101300c000010000100,,NCGR graphics,Confirmed,True,False,,,,,,,,,,False,False
/graphic/field_encounteffect.narc,/graphic/field_encounteffect.narc!/member_00153,0,/graphic/field_encounteffect.narc,338,153,,264676,264787,263384,263495,111,9fa58d430d51a5c7e0f4b6ac5d35dba1312c29b51faaeb47f43695fe3ee62061,5245434efffe00016f00000010000300,,NCER cell,Confirmed,True,False,,,,,,,,,,False,False
/graphic/field_encounteffect.narc,/graphic/field_encounteffect.narc!/member_00154,0,/graphic/field_encounteffect.narc,338,154,,264788,264899,263496,263607,111,30249884bd91f10bc9d4e13e7b1495f09991b6f488405a0cdbb61cfb402d10ca,524e414efffe00016f00000010000300,,NANR animation,Confirmed,True,False,,,,,,,,,,False,False
/graphic/fld_comact.narc,/graphic/fld_comact.narc!/member_00000,0,/graphic/fld_comact.narc,339,0,,84,174,0,90,90,b79cae36fdbb43d287a8460881b6a775e7a22c5fb7409106e515b6749e75466b,524c434efffe00015a00000010000200,,NCLR palette,Confirmed,True,False,,,,,,,,,,False,False
/graphic/fld_comact.narc,/graphic/fld_comact.narc!/member_00001,0,/graphic/fld_comact.narc,339,1,,176,480,92,396,304,7b4b0a8459f93569df576968d7179c564eae87a143efbaf24cabc8b68dedd95f,5247434efffe01013001000010000100,,NCGR graphics,Confirmed,True,False,,,,,,,,,,False,False
/graphic/fld_comact.narc,/graphic/fld_comact.narc!/member_00002,0,/graphic/fld_comact.narc,339,2,,480,622,396,538,142,1634639b351017d849330efe3535a2cc2a919ab30cc816bb47ead7f406d9a6b7,5245434efffe00018e00000010000300,,NCER cell,Confirmed,True,False,,,,,,,,,,False,False
/graphic/fld_comact.narc,/graphic/fld_comact.narc!/member_00003,0,/graphic/fld_comact.narc,339,3,,624,866,540,782,242,f0c75eea62f14685d2917e7f10da62acc4d252d7f3ff9b05b7f251333efda9e9,524e414efffe0001f200000010000300,,NANR animation,Confirmed,True,False,,,,,,,,,,False,False
/graphic/font.narc,/graphic/font.narc!/member_00000,0,/graphic/font.narc,340,0,,132,220849,0,220717,220717,50192f2c1dc15e47105cda32be0f004d887c8c8ee62c6dbd90321a1b1fbe9cf5,10000000105c0300700d000010100202,,Nintendo LZ10,Probable,,True,Nintendo LZ10,Probable,True,220176,False,,,,,False,False
/graphic/font.narc,/graphic/font.narc!/member_00001,0,/graphic/font.narc,340,1,,220852,441569,220720,441437,220717,64c9e82f70551142ed75a1ccadee312a945843406db38dcd7607bfbe1e5e5075,10000000105c0300700d000010100202,,Nintendo LZ10,Probable,,True,Nintendo LZ10,Probable,True,220176,False,,,,,False,False
/graphic/font.narc,/graphic/font.narc!/member_00002,0,/graphic/font.narc,340,2,,441572,662289,441440,662157,220717,e046932b2c8bc3b042b04f147e67fedc278ebd18d2080d0b3bd10524b89ec70a,10000000105c0300700d000010100202,,Nintendo LZ10,Probable,,True,Nintendo LZ10,Probable,True,220176,False,,,,,False,False
/graphic/font.narc,/graphic/font.narc!/member_00003,0,/graphic/font.narc,340,3,,662292,695409,662160,695277,33117,40e9bdb43aa9e2d53955081a22b697f4db712740f75e03444aad3fbf62cc3161,10000000507f0000fd01000010100202,,Nintendo LZ10,Probable,,True,Nintendo LZ10,Probable,True,32592,False,,,,,False,False
/graphic/font.narc,/graphic/font.narc!/member_00004,0,/graphic/font.narc,340,4,,695412,695840,695280,695708,428,706c163426d4506122dcf9764a104668436626098460ae5bdcdf0c1b49a49cf2,10200300005247434efffe0101002003,,Nintendo LZ10,Probable,,True,Nintendo LZ10,Confirmed,True,800,True,800,b7295bdb9290af33c87ddde87001d42dab8928a3a8dd76ac0c39c670a373fffd,NCGR graphics,Confirmed,False,False
/graphic/font.narc,/graphic/font.narc!/member_00005,0,/graphic/font.narc,340,5,,695840,697440,695708,697308,1600,c481f918ee468e8e0127f4fc5fd59e270e7d3520f6eedbdf32ebe9032b89e8b8,5247434efffe01014006000010000200,,NCGR graphics,Confirmed,True,False,,,,,,,,,,False,False
/graphic/font.narc,/graphic/font.narc!/member_00006,0,/graphic/font.narc,340,6,,697440,697530,697308,697398,90,bda5804381c67de13cb4b0f0310346f4fdc9016231a3ebd088c2e37ada60de3b,524c434efffe00015a00000010000200,,NCLR palette,Confirmed,True,False,,,,,,,,,,False,False
/graphic/font.narc,/graphic/font.narc!/member_00007,0,/graphic/font.narc,340,7,,697532,697622,697400,697490,90,d9437f0d4b95ee0283dd439f20d5071d1e3ba4923a68b00272597c71f60277c7,524c434efffe00015a00000010000200,,NCLR palette,Confirmed,True,False,,,,,,,,,,False,False
/graphic/font.narc,/graphic/font.narc!/member_00008,0,/graphic/font.narc,340,8,,697624,726784,697492,726652,29160,baedee522fca77ede3821b3691b065136b00617aa7ae24a046a47dcebb550365,03000000fd0101001c00000000040000,,,,,False,,,,,,,,,,False,False
/graphic/font.narc,/graphic/font.narc!/member_00009,0,/graphic/font.narc,340,9,,726784,759840,726652,759708,33056,835d62ab86ee95d1e8ff27f5844caff5aa2e07d15de9b2664ec7c958335da60f,03000000fd0101001c00000000040000,,,,,False,,,,,,,,,,False,False
/graphic/fontoam.narc,/graphic/fontoam.narc!/member_00000,0,/graphic/fontoam.narc,341,0,,148,255,0,107,107,48f3b32615b2c1b0d783f04d567d431a975646520c49828782a91716d63d2d9c,5245434efffe00016b00000010000300,,NCER cell,Confirmed,True,False,,,,,,,,,,False,False
/graphic/fontoam.narc,/graphic/fontoam.narc!/member_00001,0,/graphic/fontoam.narc,341,1,,256,363,108,215,107,b7ddff5fa8f8ba4234672ff89fd1fdf0be201a00d51799593b3e73aa3e87225f,5245434efffe00016b00000010000300,,NCER cell,Confirmed,True,False,,,,,,,,,,False,False
/graphic/fontoam.narc,/graphic/fontoam.narc!/member_00002,0,/graphic/fontoam.narc,341,2,,364,471,216,323,107,2a078f33afa28be1dc40b6ef44d6e0f09b711bb735edf66638ab80aa23e3b332,5245434efffe00016b00000010000300,,NCER cell,Confirmed,True,False,,,,,,,,,,False,False
/graphic/fontoam.narc,/graphic/fontoam.narc!/member_00003,0,/graphic/fontoam.narc,341,3,,472,579,324,431,107,47c03c2ce827378781aee9bd95a9aa9ffde4464e5c89166ff62fb091603d2a7d,5245434efffe00016b00000010000300,,NCER cell,Confirmed,True,False,,,,,,,,,,False,False
/graphic/fontoam.narc,/graphic/fontoam.narc!/member_00004,0,/graphic/fontoam.narc,341,4,,580,687,432,539,107,d04c120c43c93ed96aa897dbd9d4fda99cd1173c0afb1004354fe4268e2ebb48,5245434efffe00016b00000010000300,,NCER cell,Confirmed,True,False,,,,,,,,,,False,False
/graphic/fontoam.narc,/graphic/fontoam.narc!/member_00005,0,/graphic/fontoam.narc,341,5,,688,795,540,647,107,e46e8989e77d44457be5221074d9ce3acf3ec0c7c980cbaf64a57fd86e4dcd98,5245434efffe00016b00000010000300,,NCER cell,Confirmed,True,False,,,,,,,,,,False,False
/graphic/fontoam.narc,/graphic/fontoam.narc!/member_00006,0,/graphic/fontoam.narc,341,6,,796,903,648,755,107,adea61c4a34976940ee45999b146d4bb65845932167e66264c24875c7e926b4d,5245434efffe00016b00000010000300,,NCER cell,Confirmed,True,False,,,,,,,,,,False,False
/graphic/fontoam.narc,/graphic/fontoam.narc!/member_00007,0,/graphic/fontoam.narc,341,7,,904,1011,756,863,107,d3830ad2d857b523b0a7a969f265e2cc0b919a5ecbdae5c0066fb1ea72623cb3,5245434efffe00016b00000010000300,,NCER cell,Confirmed,True,False,,,,,,,,,,False,False
/graphic/fontoam.narc,/graphic/fontoam.narc!/member_00008,0,/graphic/fontoam.narc,341,8,,1012,1119,864,971,107,c44ec57b2c9945700f7475ee4e5d2c7cb43fe88ec7a9fbb1b7b55a53cc74333a,5245434efffe00016b00000010000300,,NCER cell,Confirmed,True,False,,,,,,,,,,False,False
/graphic/fontoam.narc,/graphic/fontoam.narc!/member_00009,0,/graphic/fontoam.narc,341,9,,1120,1227,972,1079,107,aa1723b9cd17d61f59babbda912b0404c73315e90fe8f8a1fa1d2bb27159c6ed,5245434efffe00016b00000010000300,,NCER cell,Confirmed,True,False,,,,,,,,,,False,False
/graphic/fontoam.narc,/graphic/fontoam.narc!/member_00010,0,/graphic/fontoam.narc,341,10,,1228,1335,1080,1187,107,b4675a0643437b360ae3d5abaacbec7c2073a3669947f0ef4eec94a003708ab6,5245434efffe00016b00000010000300,,NCER cell,Confirmed,True,False,,,,,,,,,,False,False
/graphic/fontoam.narc,/graphic/fontoam.narc!/member_00011,0,/graphic/fontoam.narc,341,11,,1336,1443,1188,1295,107,1ee516996caf3b30ef977178d13bebb56ccfd303512930389e5356ea938c984a,5245434efffe00016b00000010000300,,NCER cell,Confirmed,True,False,,,,,,,,,,False,False
/graphic/footprint_board.narc,/graphic/footprint_board.narc!/member_00000,0,/graphic/footprint_board.narc,342,0,,292,420,0,128,128,19c6dc9c08191d6a6df14cab54ee9347248935eafd12cdcafd3bc16c03aa856d,524e414efffe00018000000010000300,,NANR animation,Confirmed,True,False,,,,,,,,,,False,False
/graphic/footprint_board.narc,/graphic/footprint_board.narc!/member_00001,0,/graphic/footprint_board.narc,342,1,,420,676,128,384,256,95b858aababb79f655e6dbfce9610ce9228983fa388a0400f3fb2618d38d5282,5245434efffe00010001000010000300,,NCER cell,Confirmed,True,False,,,,,,,,,,False,False
/graphic/footprint_board.narc,/graphic/footprint_board.narc!/member_00002,0,/graphic/footprint_board.narc,342,2,,676,1492,384,1200,816,c510ba7ac7228bac7f18530818640da4ba17449b677bb3d54fe50e3da6fbacb8,5247434efffe01013003000010000100,,NCGR graphics,Confirmed,True,False,,,,,,,,,,False,False
/graphic/footprint_board.narc,/graphic/footprint_board.narc!/member_00003,0,/graphic/footprint_board.narc,342,3,,1492,2044,1200,1752,552,7cd66eb615e1ea8bf93699b465ed04da48e083e1b1ff4fbf7c2f0a97b99a033d,524c434efffe00012802000010000100,,NCLR palette,Confirmed,True,False,,,,,,,,,,False,False
/graphic/footprint_board.narc,/graphic/footprint_board.narc!/member_00004,0,/graphic/footprint_board.narc,342,4,,2044,5164,1752,4872,3120,d513b0e6a620bca41c63cf02fe4386b7b052ac38220b0b528a1fa6428add6215,5247434efffe0101300c000010000100,,NCGR graphics,Confirmed,True,False,,,,,,,,,,False,False
/graphic/footprint_board.narc,/graphic/footprint_board.narc!/member_00005,0,/graphic/footprint_board.narc,342,5,,5164,5454,4872,5162,290,bc182ca9da8c61747b38467d68dba8c0448879484510fb24ed6cf21ee442d9f9,5245434efffe00012201000010000300,,NCER cell,Confirmed,True,False,,,,,,,,,,False,False
/graphic/footprint_board.narc,/graphic/footprint_board.narc!/member_00006,0,/graphic/footprint_board.narc,342,6,,5456,5782,5164,5490,326,42e7128518b34422cfcc5f730fb0ec43e7b1e7a6ae8ba9f1acd666388c5af05e,524e414efffe00014601000010000300,,NANR animation,Confirmed,True,False,,,,,,,,,,False,False
/graphic/footprint_board.narc,/graphic/footprint_board.narc!/member_00007,0,/graphic/footprint_board.narc,342,7,,5784,5890,5492,5598,106,cb3c0cfd59c169154b0569b5478827284f6883a5d59fa92145e80f29ac22ee6f,524e414efffe00016a00000010000300,,NANR animation,Confirmed,True,False,,,,,,,,,,False,False
/graphic/footprint_board.narc,/graphic/footprint_board.narc!/member_00008,0,/graphic/footprint_board.narc,342,8,,5892,6178,5600,5886,286,6c526c7221a82aa095e1433eed7962fde4694a73ebf8ba161884850284d03a9f,5245434efffe00011e01000010000300,,NCER cell,Confirmed,True,False,,,,,,,,,,False,False
/graphic/footprint_board.narc,/graphic/footprint_board.narc!/member_00009,0,/graphic/footprint_board.narc,342,9,,6180,6324,5888,6032,144,29525472e4c0f9a73a42536e04d5f7c5749d79bb28a2fc6a8cf9fc51151809d4,5247434efffe01019000000010000100,,NCGR graphics,Confirmed,True,False,,,,,,,,,,False,False
/graphic/footprint_board.narc,/graphic/footprint_board.narc!/member_00010,0,/graphic/footprint_board.narc,342,10,,6324,6876,6032,6584,552,e1f89c37f5574f7b7c8246d5efca410c66ba4ba7951ea8885200acb211deeec4,524c434efffe00012802000010000100,,NCLR palette,Confirmed,True,False,,,,,,,,,,False,False
/graphic/footprint_board.narc,/graphic/footprint_board.narc!/member_00011,0,/graphic/footprint_board.narc,342,11,,6876,6987,6584,6695,111,a4cc471b8b98bfbe03d19cddb28b41b885ee7c07c6d3fa6a5aaafd43c1fe15a3,524e414efffe00016f00000010000300,,NANR animation,Confirmed,True,False,,,,,,,,,,False,False
/graphic/footprint_board.narc,/graphic/footprint_board.narc!/member_00012,0,/graphic/footprint_board.narc,342,12,,6988,7095,6696,6803,107,995cea352cbbadc1e83213abaccba7fcc477938dfb475d96d6d001253eb9ffb5,5245434efffe00016b00000010000300,,NCER cell,Confirmed,True,False,,,,,,,,,,False,False
/graphic/footprint_board.narc,/graphic/footprint_board.narc!/member_00013,0,/graphic/footprint_board.narc,342,13,,7096,7272,6804,6980,176,00f80b9310ad34cf743c97292e9c2ce1d18743f7252a8e7b7ab91e51a66397bb,5247434efffe0101b000000010000100,,NCGR graphics,Confirmed,True,False,,,,,,,,,,False,False
/graphic/footprint_board.narc,/graphic/footprint_board.narc!/member_00014,0,/graphic/footprint_board.narc,342,14,,7272,7382,6980,7090,110,0a601b23d955d99981e9fa3f1abf288a5240f41173fde5fcab3cc26a94d96d1e,524e414efffe00016e00000010000300,,NANR animation,Confirmed,True,False,,,,,,,,,,False,False
/graphic/footprint_board.narc,/graphic/footprint_board.narc!/member_00015,0,/graphic/footprint_board.narc,342,15,,7384,7490,7092,7198,106,da502f32d4176eeae2e2305445fd510136ee1a0134ea236581c938b2c71387df,5245434efffe00016a00000010000300,,NCER cell,Confirmed,True,False,,,,,,,,,,False,False
/graphic/footprint_board.narc,/graphic/footprint_board.narc!/member_00016,0,/graphic/footprint_board.narc,342,16,,7492,7668,7200,7376,176,637e2468244253b4c707eb6740febac2c103470da90a8b5d0006f4ab55d5922a,5247434efffe0101b000000010000100,,NCGR graphics,Confirmed,True,False,,,,,,,,,,False,False
/graphic/footprint_board.narc,/graphic/footprint_board.narc!/member_00017,0,/graphic/footprint_board.narc,342,17,,7668,9240,7376,8948,1572,af99a77498d6036998bfd3d124616025e2ed7cb6a8aa0aa3db9d1e86c9b1890a,5243534efffe00012406000010000100,,NSCR screen map,Confirmed,True,False,,,,,,,,,,False,False
/graphic/footprint_board.narc,/graphic/footprint_board.narc!/member_00018,0,/graphic/footprint_board.narc,342,18,,9240,15448,8948,15156,6208,e11f2f9a1c098fe389eabe7bdafcb5ca706df4a26fb9e7746ad81853177c9bfc,5247434efffe01014018000010000200,,NCGR graphics,Confirmed,True,False,,,,,,,,,,False,False
/graphic/footprint_board.narc,/graphic/footprint_board.narc!/member_00019,0,/graphic/footprint_board.narc,342,19,,15448,16000,15156,15708,552,a4b302a6ec6d486c784504d497296676d28addc197fc9409c143e872d50351fb,524c434efffe00012802000010000100,,NCLR palette,Confirmed,True,False,,,,,,,,,,False,False
/graphic/footprint_board.narc,/graphic/footprint_board.narc!/member_00020,0,/graphic/footprint_board.narc,342,20,,16000,17572,15708,17280,1572,6173be836ae7d1968b5b21f96c4c19865d521a6d6d82202f37f1a85a40870421,5243534efffe00012406000010000100,,NSCR screen map,Confirmed,True,False,,,,,,,,,,False,False
/graphic/footprint_board.narc,/graphic/footprint_board.narc!/member_00021,0,/graphic/footprint_board.narc,342,21,,17572,19144,17280,18852,1572,3932aec53cba0bf8502c63ccbdbea9135faa07857d2139c635c6efd52ded3260,5243534efffe00012406000010000100,,NSCR screen map,Confirmed,True,False,,,,,,,,,,False,False
/graphic/footprint_board.narc,/graphic/footprint_board.narc!/member_00022,0,/graphic/footprint_board.narc,342,22,,19144,25352,18852,25060,6208,90a99ebf0ea39c18b34074b5278df9282e80d38add8c679009ad2b4ea7e41fd4,5247434efffe01014018000010000200,,NCGR graphics,Confirmed,True,False,,,,,,,,,,False,False
/graphic/footprint_board.narc,/graphic/footprint_board.narc!/member_00023,0,/graphic/footprint_board.narc,342,23,,25352,25904,25060,25612,552,6d29b0f371a2d9c636fff66e01f2824977766371d6981559d0464b0a41476738,524c434efffe00012802000010000100,,NCLR palette,Confirmed,True,False,,,,,,,,,,False,False
/graphic/footprint_board.narc,/graphic/footprint_board.narc!/member_00024,0,/graphic/footprint_board.narc,342,24,,25904,27476,25612,27184,1572,41d4d80ac18308683fdee002cef145f6ad6a8c2a20285dda374b67a6d77475c4,5243534efffe00012406000010000100,,NSCR screen map,Confirmed,True,False,,,,,,,,,,False,False
/graphic/footprint_board.narc,/graphic/footprint_board.narc!/member_00025,0,/graphic/footprint_board.narc,342,25,,27476,27566,27184,27274,90,8ff4873fb6f3670ebe19857bb6ef38608021a3cbf3313139a370d00c59700aad,524c434efffe00015a00000010000200,,NCLR palette,Confirmed,True,False,,,,,,,,,,False,False
/graphic/footprint_board.narc,/graphic/footprint_board.narc!/member_00026,0,/graphic/footprint_board.narc,342,26,,27568,27658,27276,27366,90,b1c0660f7c248db3f32ad47414513ef64e8728458da20f5f155a8ea38687447a,524c434efffe00015a00000010000200,,NCLR palette,Confirmed,True,False,,,,,,,,,,False,False
/graphic/footprint_board.narc,/graphic/footprint_board.narc!/member_00027,0,/graphic/footprint_board.narc,342,27,,27660,31620,27368,31328,3960,25296e6cf4a7d3187bcd615cd3cbdbab6829f87f000bf41d4eff5731524eee7e,424d4430fffe0200780f000010000200,,NSBMD model,Confirmed,True,False,,,,,,,,,,False,False
/graphic/footprint_board.narc,/graphic/footprint_board.narc!/member_00028,0,/graphic/footprint_board.narc,342,28,,31620,35580,31328,35288,3960,875873d71fdbba747904edafb87aca83737edf000a6c66ae0f31ba49ea1ad31d,424d4430fffe0200780f000010000200,,NSBMD model,Confirmed,True,False,,,,,,,,,,False,False
/graphic/footprint_board.narc,/graphic/footprint_board.narc!/member_00029,0,/graphic/footprint_board.narc,342,29,,35580,36308,35288,36016,728,94b5e37203b8c0b64e45db62658f81df76d42d5ded9ce8a57008392a875fbca9,424d4430fffe0200d802000010000200,,NSBMD model,Confirmed,True,False,,,,,,,,,,False,False
/graphic/hiden_effect.narc,/graphic/hiden_effect.narc!/member_00000,0,/graphic/hiden_effect.narc,343,0,,172,4912,0,4740,4740,09c96a6b889c17852aa439aaec7a486cddcd8a9875df7e30ea14301a55b5c21b,42434130fffe01008412000010000100,,NSBCA animation,Confirmed,True,False,,,,,,,,,,False,False
/graphic/hiden_effect.narc,/graphic/hiden_effect.narc!/member_00001,0,/graphic/hiden_effect.narc,343,1,,4912,5432,4740,5260,520,5c5e0466ed0202079a6646cd479d1f6ad883e36f10222cf73874dc1f2766802a,424d4130fffe01000802000010000100,,NSBMA material animation,Confirmed,True,False,,,,,,,,,,False,False
/graphic/hiden_effect.narc,/graphic/hiden_effect.narc!/member_00002,0,/graphic/hiden_effect.narc,343,2,,5432,6292,5260,6120,860,5a9d2083a7470a86b3103dc71fe2d98b3a4963a10f9fd142e2301409a1c8a0a6,42544130fffe01005c03000010000100,,NSBTA texture animation,Confirmed,True,False,,,,,,,,,,False,False
/graphic/hiden_effect.narc,/graphic/hiden_effect.narc!/member_00003,0,/graphic/hiden_effect.narc,343,3,,6292,10540,6120,10368,4248,e29497287fbe1668f62aa6ca8f20b1b0cd0f2a6d39b1de201328031a5ea711e0,424d4430fffe02009810000010000200,,NSBMD model,Confirmed,True,False,,,,,,,,,,False,False
/graphic/hiden_effect.narc,/graphic/hiden_effect.narc!/member_00004,0,/graphic/hiden_effect.narc,343,4,,10540,16940,10368,16768,6400,22e00e32d58798dcc8c774b898297464635c70eb6527dc156bfbfa73588252de,42434130fffe01000019000010000100,,NSBCA animation,Confirmed,True,False,,,,,,,,,,False,False
/graphic/hiden_effect.narc,/graphic/hiden_effect.narc!/member_00005,0,/graphic/hiden_effect.narc,343,5,,16940,17372,16768,17200,432,0efec7fedca46c267ea47c06d4833b024a558d8dbe42ea5b6710b12a4ebffb81,424d4130fffe0100b001000010000100,,NSBMA material animation,Confirmed,True,False,,,,,,,,,,False,False
/graphic/hiden_effect.narc,/graphic/hiden_effect.narc!/member_00006,0,/graphic/hiden_effect.narc,343,6,,17372,17584,17200,17412,212,f06383be83fedde55f43da9f0f308e91bd809b94377169769dc9bf7ce4814c49,42545030fffe0100d400000010000100,,NSBTP texture-pattern animation,Confirmed,True,False,,,,,,,,,,False,False
/graphic/hiden_effect.narc,/graphic/hiden_effect.narc!/member_00007,0,/graphic/hiden_effect.narc,343,7,,17584,18444,17412,18272,860,d93b832e9db0c05fb8f7a41c94a589ff35bc5abe755820d5a8335bbf81543a46,42544130fffe01005c03000010000100,,NSBTA texture animation,Confirmed,True,False,,,,,,,,,,False,False
/graphic/hiden_effect.narc,/graphic/hiden_effect.narc!/member_00008,0,/graphic/hiden_effect.narc,343,8,,18444,21916,18272,21744,3472,bd4701e72839d242ae802c67fd6edc1cb2a847a407fe5490fbe68943fb2bf280,424d4430fffe0200900d000010000200,,NSBMD model,Confirmed,True,False,,,,,,,,,,False,False
/graphic/hiden_effect.narc,/graphic/hiden_effect.narc!/member_00009,0,/graphic/hiden_effect.narc,343,9,,21916,22352,21744,22180,436,b7216d976e47ff90abe410f1bb0633246ecefdc355f32e15add3489e7677ca62,42434130fffe0100b401000010000100,,NSBCA animation,Confirmed,True,False,,,,,,,,,,False,False
/graphic/hiden_effect.narc,/graphic/hiden_effect.narc!/member_00010,0,/graphic/hiden_effect.narc,343,10,,22352,22656,22180,22484,304,97d5d1318e282b1c4d386556a88e6dc2258861eac146121cb15cd4bf8d3777cd,42545030fffe01003001000010000100,,NSBTP texture-pattern animation,Confirmed,True,False,,,,,,,,,,False,False
/graphic/hiden_effect.narc,/graphic/hiden_effect.narc!/member_00011,0,/graphic/hiden_effect.narc,343,11,,22656,26972,22484,26800,4316,6ef72269cdb4bcda9435be856aac08dc5a3bb3a65df7e452eb73e4a9d9928cee,424d4430fffe0200dc10000010000200,,NSBMD model,Confirmed,True,False,,,,,,,,,,False,False
/graphic/hiden_effect.narc,/graphic/hiden_effect.narc!/member_00012,0,/graphic/hiden_effect.narc,343,12,,26972,27664,26800,27492,692,1281baccad11ebedd203cc1403a3935c7711316452932593a0cfb0e971991c91,42434130fffe0100b402000010000100,,NSBCA animation,Confirmed,True,False,,,,,,,,,,False,False
/graphic/hiden_effect.narc,/graphic/hiden_effect.narc!/member_00013,0,/graphic/hiden_effect.narc,343,13,,27664,27960,27492,27788,296,05d214fed47c9d5792438f06e21082f40281c65bf4aa00474f826b02113e3b97,42545030fffe01002801000010000100,,NSBTP texture-pattern animation,Confirmed,True,False,,,,,,,,,,False,False
/graphic/hiden_effect.narc,/graphic/hiden_effect.narc!/member_00014,0,/graphic/hiden_effect.narc,343,14,,27960,32276,27788,32104,4316,43fd9a01542de0371135471c18c8687ad2ad6e03c4b05b29c551769c701ebc85,424d4430fffe0200dc10000010000200,,NSBMD model,Confirmed,True,False,,,,,,,,,,False,False
/graphic/library_tv.narc,/graphic/library_tv.narc!/member_00000,0,/graphic/library_tv.narc,344,0,,92,112712,0,112620,112620,a74e565a6465c909e37f9d200f635d0593858a5b49236785eededf4f47cd7f68,4e415243feff0001ecb7010010000300,,NARC archive,Probable,,False,,,,,,,,,,True,False
/graphic/library_tv.narc!/member_00000,/graphic/library_tv.narc!/member_00000!/member_00000,1,/graphic/library_tv.narc,344,0,,452,4612,0,4160,4160,020c32c73e5bab90637eefc7aeba45efab3c351e0b8049cfc129d863d52d1aa3,5247434efffe01014010000010000200,,NCGR graphics,Confirmed,True,False,,,,,,,,,,False,False
/graphic/library_tv.narc!/member_00000,/graphic/library_tv.narc!/member_00000!/member_00001,1,/graphic/library_tv.narc,344,1,,4612,5164,4160,4712,552,230ad73d60b0a6a5f39ccdf9253760a9d2a9419c89d4b19f5ab692429dd829ac,524c434efffe00012802000010000100,,NCLR palette,Confirmed,True,False,,,,,,,,,,False,False
/graphic/library_tv.narc!/member_00000,/graphic/library_tv.narc!/member_00000!/member_00002,1,/graphic/library_tv.narc,344,2,,5164,5716,4712,5264,552,f42bce6fdb0346fc2f466dfd8db21896643e0fb8f5d3b5c996dc282bf55633b2,524c434efffe00012802000010000100,,NCLR palette,Confirmed,True,False,,,,,,,,,,False,False
/graphic/library_tv.narc!/member_00000,/graphic/library_tv.narc!/member_00000!/member_00003,1,/graphic/library_tv.narc,344,3,,5716,6268,5264,5816,552,74ffd71601dfcf31f1b6691274fa5ac6b2086fac9349edac8375344424fc4b3b,524c434efffe00012802000010000100,,NCLR palette,Confirmed,True,False,,,,,,,,,,False,False
/graphic/library_tv.narc!/member_00000,/graphic/library_tv.narc!/member_00000!/member_00004,1,/graphic/library_tv.narc,344,4,,6268,7840,5816,7388,1572,6b06e8b12f4b2be949b732adce117c8fa9aaf20a3f0f030ef40408b57133f346,5243534efffe00012406000010000100,,NSCR screen map,Confirmed,True,False,,,,,,,,,,False,False
/graphic/library_tv.narc!/member_00000,/graphic/library_tv.narc!/member_00000!/member_00005,1,/graphic/library_tv.narc,344,5,,7840,9412,7388,8960,1572,4bdc6ed6419a47fe977e764d0c87d5d84ed830de662f40ee9a172e8f99d44536,5243534efffe00012406000010000100,,NSCR screen map,Confirmed,True,False,,,,,,,,,,False,False
/graphic/library_tv.narc!/member_00000,/graphic/library_tv.narc!/member_00000!/member_00006,1,/graphic/library_tv.narc,344,6,,9412,10984,8960,10532,1572,c4200cd947135ffeaae7c9bb7961d1fbfbe0ceedaca9e385130ebf2da10cdff7,5243534efffe00012406000010000100,,NSCR screen map,Confirmed,True,False,,,,,,,,,,False,False
/graphic/library_tv.narc!/member_00000,/graphic/library_tv.narc!/member_00000!/member_00007,1,/graphic/library_tv.narc,344,7,,10984,12556,10532,12104,1572,3d35537d40419e5f0b61eb3a369b0f6048973b6f7346de6449935ac7f4b2dfb7,5243534efffe00012406000010000100,,NSCR screen map,Confirmed,True,False,,,,,,,,,,False,False
/graphic/library_tv.narc!/member_00000,/graphic/library_tv.narc!/member_00000!/member_00008,1,/graphic/library_tv.narc,344,8,,12556,14128,12104,13676,1572,5e1bc2e82f6657d970f6f177ff1588720b6533a135846e916ed8c646b753894e,5243534efffe00012406000010000100,,NSCR screen map,Confirmed,True,False,,,,,,,,,,False,False
/graphic/library_tv.narc!/member_00000,/graphic/library_tv.narc!/member_00000!/member_00009,1,/graphic/library_tv.narc,344,9,,14128,18288,13676,17836,4160,aa084d663b099b729fc927618c1f3c9d620095aa99eac98169fdf9db72ef1cc0,5247434efffe01014010000010000200,,NCGR graphics,Confirmed,True,False,,,,,,,,,,False,False
/graphic/library_tv.narc!/member_00000,/graphic/library_tv.narc!/member_00000!/member_00010,1,/graphic/library_tv.narc,344,10,,18288,22448,17836,21996,4160,9bdbbf3b80c9ded6294faf14af56dbd1901f40ccc3b0b45673b99c49e8eb6b52,5247434efffe01014010000010000200,,NCGR graphics,Confirmed,True,False,,,,,,,,,,False,False
/graphic/library_tv.narc!/member_00000,/graphic/library_tv.narc!/member_00000!/member_00011,1,/graphic/library_tv.narc,344,11,,22448,26608,21996,26156,4160,37ccaffba02b2d72c02910246bdd282bec9a13937e80adf2417cdf24be48d27b,5247434efffe01014010000010000200,,NCGR graphics,Confirmed,True,False,,,,,,,,,,False,False
/graphic/library_tv.narc!/member_00000,/graphic/library_tv.narc!/member_00000!/member_00012,1,/graphic/library_tv.narc,344,12,,26608,30768,26156,30316,4160,1a878b10d3f3262fc7b2cd6b4856a951b35272b488a1512372bb4491f32ff05e,5247434efffe01014010000010000200,,NCGR graphics,Confirmed,True,False,,,,,,,,,,False,False
/graphic/library_tv.narc!/member_00000,/graphic/library_tv.narc!/member_00000!/member_00013,1,/graphic/library_tv.narc,344,13,,30768,31320,30316,30868,552,f42a7c1cdb3fe6b962d4d5fe44554b928587549b323b55c3047edd4df6eea0de,524c434efffe00012802000010000100,,NCLR palette,Confirmed,True,False,,,,,,,,,,False,False
/graphic/library_tv.narc!/member_00000,/graphic/library_tv.narc!/member_00000!/member_00014,1,/graphic/library_tv.narc,344,14,,31320,35480,30868,35028,4160,a38f93f5ae70ceffb5ed5da26b095aa3ba129c6989d44430b04b48fb0dbf8a61,5247434efffe01014010000010000200,,NCGR graphics,Confirmed,True,False,,,,,,,,,,False,False
/graphic/library_tv.narc!/member_00000,/graphic/library_tv.narc!/member_00000!/member_00015,1,/graphic/library_tv.narc,344,15,,35480,39640,35028,39188,4160,bf0724d3d88fdc05ee7e0e54003010f7c0a7d36fa825c17af30c11aa378a011f,5247434efffe01014010000010000200,,NCGR graphics,Confirmed,True,False,,,,,,,,,,False,False
/graphic/library_tv.narc!/member_00000,/graphic/library_tv.narc!/member_00000!/member_00016,1,/graphic/library_tv.narc,344,16,,39640,43800,39188,43348,4160,88a525b5b24f046e8af549cfcfa644284210db9f437881fc18309f4cc45d0716,5247434efffe01014010000010000200,,NCGR graphics,Confirmed,True,False,,,,,,,,,,False,False
/graphic/library_tv.narc!/member_00000,/graphic/library_tv.narc!/member_00000!/member_00017,1,/graphic/library_tv.narc,344,17,,43800,47960,43348,47508,4160,289d57974d7d0c0fc61f09149a80e9d1720e56c56d64875947d4496384d80e6b,5247434efffe01014010000010000200,,NCGR graphics,Confirmed,True,False,,,,,,,,,,False,False
/graphic/library_tv.narc!/member_00000,/graphic/library_tv.narc!/member_00000!/member_00018,1,/graphic/library_tv.narc,344,18,,47960,48512,47508,48060,552,6bd2ba2beb4a8527e3efc844da0b388c7c64401da5e587cd23cfadf9d0046ecc,524c434efffe00012802000010000100,,NCLR palette,Confirmed,True,False,,,,,,,,,,False,False
/graphic/library_tv.narc!/member_00000,/graphic/library_tv.narc!/member_00000!/member_00019,1,/graphic/library_tv.narc,344,19,,48512,52672,48060,52220,4160,bda651193463dc1ab46d7e3b88136b137b3023a6cb63573140338cd03dbf7135,5247434efffe01014010000010000200,,NCGR graphics,Confirmed,True,False,,,,,,,,,,False,False
/graphic/library_tv.narc!/member_00000,/graphic/library_tv.narc!/member_00000!/member_00020,1,/graphic/library_tv.narc,344,20,,52672,53224,52220,52772,552,2230775c04949e802a6721d51f192d7a7378f006b6acae12eb5886b5352a99d8,524c434efffe00012802000010000100,,NCLR palette,Confirmed,True,False,,,,,,,,,,False,False
/graphic/library_tv.narc!/member_00000,/graphic/library_tv.narc!/member_00000!/member_00021,1,/graphic/library_tv.narc,344,21,,53224,57384,52772,56932,4160,f772b0f20392fffe40a7e8949edc3c9ad89bd7827b3946dfb1a1ce79b301e0ad,5247434efffe01014010000010000200,,NCGR graphics,Confirmed,True,False,,,,,,,,,,False,False
/graphic/library_tv.narc!/member_00000,/graphic/library_tv.narc!/member_00000!/member_00022,1,/graphic/library_tv.narc,344,22,,57384,57936,56932,57484,552,8ff7587f4a5779b334e6d1061407285d5e0919c0a6d73dfee98386855a75378d,524c434efffe00012802000010000100,,NCLR palette,Confirmed,True,False,,,,,,,,,,False,False
/graphic/library_tv.narc!/member_00000,/graphic/library_tv.narc!/member_00000!/member_00023,1,/graphic/library_tv.narc,344,23,,57936,59508,57484,59056,1572,f6f7028d1d9d360d5af2d25660f781ccae3931f71117df4eecb65cea2fb8165b,5243534efffe00012406000010000100,,NSCR screen map,Confirmed,True,False,,,,,,,,,,False,False
/graphic/library_tv.narc!/member_00000,/graphic/library_tv.narc!/member_00000!/member_00024,1,/graphic/library_tv.narc,344,24,,59508,64692,59056,64240,5184,cf00ddb7054f7c4ce0cc6d0285b8b6302ff6921c13137f6b326ac79cb96fb5c1,5247434efffe01014014000010000200,,NCGR graphics,Confirmed,True,False,,,,,,,,,,False,False
/graphic/library_tv.narc!/member_00000,/graphic/library_tv.narc!/member_00000!/member_00025,1,/graphic/library_tv.narc,344,25,,64692,65244,64240,64792,552,7399e785983b5647d9e025c6a5d1997a2d38adb1fa085b814f10d89aaad6fc17,524c434efffe00012802000010000100,,NCLR palette,Confirmed,True,False,,,,,,,,,,False,False
/graphic/library_tv.narc!/member_00000,/graphic/library_tv.narc!/member_00000!/member_00026,1,/graphic/library_tv.narc,344,26,,65244,65796,64792,65344,552,1a3739e872731028f053bdf002abf71910e2e7fe48fd1773d069d07e5ebc85e0,524c434efffe00012802000010000100,,NCLR palette,Confirmed,True,False,,,,,,,,,,False,False
/graphic/library_tv.narc!/member_00000,/graphic/library_tv.narc!/member_00000!/member_00027,1,/graphic/library_tv.narc,344,27,,65796,66348,65344,65896,552,c2a69f657c23d795830e3b61616d50f967be7b5a0dbb7cf29febf0e77e8dc4e5,524c434efffe00012802000010000100,,NCLR palette,Confirmed,True,False,,,,,,,,,,False,False
/graphic/library_tv.narc!/member_00000,/graphic/library_tv.narc!/member_00000!/member_00028,1,/graphic/library_tv.narc,344,28,,66348,67920,65896,67468,1572,c5fe20ef6ba07598ca6265cffc232a815de71918396b7d8de68c04ba527cf30e,5243534efffe00012406000010000100,,NSCR screen map,Confirmed,True,False,,,,,,,,,,False,False
/graphic/library_tv.narc!/member_00000,/graphic/library_tv.narc!/member_00000!/member_00029,1,/graphic/library_tv.narc,344,29,,67920,69492,67468,69040,1572,5931c1601fdd94a68106bb1aaf0f1550ee5275fe4758a13244801c19479d76fe,5243534efffe00012406000010000100,,NSCR screen map,Confirmed,True,False,,,,,,,,,,False,False
/graphic/library_tv.narc!/member_00000,/graphic/library_tv.narc!/member_00000!/member_00030,1,/graphic/library_tv.narc,344,30,,69492,71064,69040,70612,1572,db6dbaae86406cbf0c1154281e2bbd74db24ebde42b2595e6962ef8d49d2ef00,5243534efffe00012406000010000100,,NSCR screen map,Confirmed,True,False,,,,,,,,,,False,False
/graphic/library_tv.narc!/member_00000,/graphic/library_tv.narc!/member_00000!/member_00031,1,/graphic/library_tv.narc,344,31,,71064,72636,70612,72184,1572,d9c36feb96e28fcd53e6a23571961c41e0db428027aabd9579f4c45358bcb4ef,5243534efffe00012406000010000100,,NSCR screen map,Confirmed,True,False,,,,,,,,,,False,False
/graphic/library_tv.narc!/member_00000,/graphic/library_tv.narc!/member_00000!/member_00032,1,/graphic/library_tv.narc,344,32,,72636,73212,72184,72760,576,0fb924bb14a47b460deba2fce306ed869653c3ecaacf1654ffcd0f8bafa0ef7c,5247434efffe01014002000010000200,,NCGR graphics,Confirmed,True,False,,,,,,,,,,False,False
/graphic/library_tv.narc!/member_00000,/graphic/library_tv.narc!/member_00000!/member_00033,1,/graphic/library_tv.narc,344,33,,73212,73788,72760,73336,576,f10ae139828fd66c378f296248f36e862e53af0dd315c074db827588e6e6c4cc,5247434efffe01014002000010000200,,NCGR graphics,Confirmed,True,False,,,,,,,,,,False,False
/graphic/library_tv.narc!/member_00000,/graphic/library_tv.narc!/member_00000!/member_00034,1,/graphic/library_tv.narc,344,34,,73788,74364,73336,73912,576,47eca653f3fed08653fe58e2d2886ecae8d0c37960a1a3344169d179ef7e69ac,5247434efffe01014002000010000200,,NCGR graphics,Confirmed,True,False,,,,,,,,,,False,False
/graphic/library_tv.narc!/member_00000,/graphic/library_tv.narc!/member_00000!/member_00035,1,/graphic/library_tv.narc,344,35,,74364,74684,73912,74232,320,81003fa86b5572f111f310fc792ece84d7f497c246b481e0e72afb615f4bd910,5247434efffe01014001000010000200,,NCGR graphics,Confirmed,True,False,,,,,,,,,,False,False
/graphic/library_tv.narc!/member_00000,/graphic/library_tv.narc!/member_00000!/member_00036,1,/graphic/library_tv.narc,344,36,,74684,75004,74232,74552,320,0101325a419df0f7ace07e4c86a18f1c6a177cf86778fbc27b0dea68fcc7a447,5247434efffe01014001000010000200,,NCGR graphics,Confirmed,True,False,,,,,,,,,,False,False
/graphic/library_tv.narc!/member_00000,/graphic/library_tv.narc!/member_00000!/member_00037,1,/graphic/library_tv.narc,344,37,,75004,75324,74552,74872,320,81e266d2d085f123648f301c2730eded20ee0e2776f22ad37b2f9ce45af75c13,5247434efffe01014001000010000200,,NCGR graphics,Confirmed,True,False,,,,,,,,,,False,False
/graphic/library_tv.narc!/member_00000,/graphic/library_tv.narc!/member_00000!/member_00038,1,/graphic/library_tv.narc,344,38,,75324,75644,74872,75192,320,0101325a419df0f7ace07e4c86a18f1c6a177cf86778fbc27b0dea68fcc7a447,5247434efffe01014001000010000200,,NCGR graphics,Confirmed,True,False,,,,,,,,,,False,False
/graphic/library_tv.narc!/member_00000,/graphic/library_tv.narc!/member_00000!/member_00039,1,/graphic/library_tv.narc,344,39,,75644,77216,75192,76764,1572,c30b6f6e0608d595f90cc5dad0d660b985c8aa805e7e55b0f30fa347f9263007,5243534efffe00012406000010000100,,NSCR screen map,Confirmed,True,False,,,,,,,,,,False,False
/graphic/library_tv.narc!/member_00000,/graphic/library_tv.narc!/member_00000!/member_00040,1,/graphic/library_tv.narc,344,40,,77216,78788,76764,78336,1572,345e5663429d20475d92fe045802eabc5069c9d52c742b88d3a8c31b7c867b30,5243534efffe00012406000010000100,,NSCR screen map,Confirmed,True,False,,,,,,,,,,False,False
/graphic/library_tv.narc!/member_00000,/graphic/library_tv.narc!/member_00000!/member_00041,1,/graphic/library_tv.narc,344,41,,78788,79340,78336,78888,552,f3ede88526c044f43fcd31c0893ba67c6be66d6e68ddb34dbed1ecc2e2106c8a,524c434efffe00012802000010000100,,NCLR palette,Confirmed,True,False,,,,,,,,,,False,False
/graphic/library_tv.narc!/member_00000,/graphic/library_tv.narc!/member_00000!/member_00042,1,/graphic/library_tv.narc,344,42,,79340,83500,78888,83048,4160,9738c9051d6c2c7d8670caf5beab7154b4c1886f929930f6ca458e9b4fe535f3,5247434efffe01014010000010000200,,NCGR graphics,Confirmed,True,False,,,,,,,,,,False,False
/graphic/library_tv.narc!/member_00000,/graphic/library_tv.narc!/member_00000!/member_00043,1,/graphic/library_tv.narc,344,43,,83500,87660,83048,87208,4160,421e9ae260120852619036aad41c5069889907392f6a29821bae5fe1a7d3d73b,5247434efffe01014010000010000200,,NCGR graphics,Confirmed,True,False,,,,,,,,,,False,False
/graphic/library_tv.narc!/member_00000,/graphic/library_tv.narc!/member_00000!/member_00044,1,/graphic/library_tv.narc,344,44,,87660,91820,87208,91368,4160,bbc58c5b443e585c0b93c9dd05afb1eeb605f6bb4b53f813474e79062c26cd54,5247434efffe01014010000010000200,,NCGR graphics,Confirmed,True,False,,,,,,,,,,False,False
/graphic/library_tv.narc!/member_00000,/graphic/library_tv.narc!/member_00000!/member_00045,1,/graphic/library_tv.narc,344,45,,91820,95980,91368,95528,4160,d461735402c3d517e5e2ed2dc8137e2f0696e3f591b31d3ce137b0927189bb44,5247434efffe01014010000010000200,,NCGR graphics,Confirmed,True,False,,,,,,,,,,False,False
/graphic/library_tv.narc!/member_00000,/graphic/library_tv.narc!/member_00000!/member_00046,1,/graphic/library_tv.narc,344,46,,95980,100140,95528,99688,4160,94eff442341d9861c3f3a3a58237caa8552a7352b17e6b5ab56537e7903f18a8,5247434efffe01014010000010000200,,NCGR graphics,Confirmed,True,False,,,,,,,,,,False,False
/graphic/library_tv.narc!/member_00000,/graphic/library_tv.narc!/member_00000!/member_00047,1,/graphic/library_tv.narc,344,47,,100140,104300,99688,103848,4160,59f08c3b1df841f5445156debc4a1434677dd0f9b0b035005b29177aa09eb7c8,5247434efffe01014010000010000200,,NCGR graphics,Confirmed,True,False,,,,,,,,,,False,False
/graphic/library_tv.narc!/member_00000,/graphic/library_tv.narc!/member_00000!/member_00048,1,/graphic/library_tv.narc,344,48,,104300,108460,103848,108008,4160,1700370b5958ed3da72dec04aa1b1fdb3d8db0adf19b2f2964039eee16b50e93,5247434efffe01014010000010000200,,NCGR graphics,Confirmed,True,False,,,,,,,,,,False,False
/graphic/library_tv.narc!/member_00000,/graphic/library_tv.narc!/member_00000!/member_00049,1,/graphic/library_tv.narc,344,49,,108460,112620,108008,112168,4160,32264e7bec3f35680c99a22d352f06eb040befeee4de4ef31732ba328466b711,5247434efffe01014010000010000200,,NCGR graphics,Confirmed,True,False,,,,,,,,,,False,False
/graphic/library_tv.narc,/graphic/library_tv.narc!/member_00001,0,/graphic/library_tv.narc,344,1,,112712,221900,112620,221808,109188,05fe8f3d86de699f4c02c3a4aa5b23acac68427276a2686ef5b969ad54e53dae,4e415243feff000184aa010010000300,,NARC archive,Probable,,False,,,,,,,,,,True,False
/graphic/library_tv.narc!/member_00001,/graphic/library_tv.narc!/member_00001!/member_00000,1,/graphic/library_tv.narc,344,0,,132,49348,0,49216,49216,f1db9690dfe6528658dc7f607c73218a953809f833dd2412c47ec239b18761e7,5247434efffe010140c0000010000200,,NCGR graphics,Confirmed,True,False,,,,,,,,,,False,False
/graphic/library_tv.narc!/member_00001,/graphic/library_tv.narc!/member_00001!/member_00001,1,/graphic/library_tv.narc,344,1,,49348,50436,49216,50304,1088,0eb41dbb54335ca18069ece6bcf885f79af897bc546a9478e915703b507eb197,5247434efffe01014004000010000200,,NCGR graphics,Confirmed,True,False,,,,,,,,,,False,False
/graphic/library_tv.narc!/member_00001,/graphic/library_tv.narc!/member_00001!/member_00002,1,/graphic/library_tv.narc,344,2,,50436,50532,50304,50400,96,08f63f645fae17671148f4a0d46c71b81537f03dd35745305235bcf1fb53910f,5247434efffe01016000000010000200,,NCGR graphics,Confirmed,True,False,,,,,,,,,,False,False
/graphic/library_tv.narc!/member_00001,/graphic/library_tv.narc!/member_00001!/member_00003,1,/graphic/library_tv.narc,344,3,,50532,52616,50400,52484,2084,70a988e851de3bde0c71d4c29469b60524ecfbab52aa66e0013ac93e6ff7c7fc,5243534efffe00012408000010000100,,NSCR screen map,Confirmed,True,False,,,,,,,,,,False,False
/graphic/library_tv.narc!/member_00001,/graphic/library_tv.narc!/member_00001!/member_00004,1,/graphic/library_tv.narc,344,4,,52616,54700,52484,54568,2084,c60f77cd4226ff1989693a84bc8c252e11bee3dad76f466fea80940fb5f99ede,5243534efffe00012408000010000100,,NSCR screen map,Confirmed,True,False,,,,,,,,,,False,False
/graphic/library_tv.narc!/member_00001,/graphic/library_tv.narc!/member_00001!/member_00005,1,/graphic/library_tv.narc,344,5,,54700,56784,54568,56652,2084,2d44d87392bb80505264c328bd682489c27a11849d917a4111dfc54beaa4f421,5243534efffe00012408000010000100,,NSCR screen map,Confirmed,True,False,,,,,,,,,,False,False
/graphic/library_tv.narc!/member_00001,/graphic/library_tv.narc!/member_00001!/member_00006,1,/graphic/library_tv.narc,344,6,,56784,57336,56652,57204,552,a008adc5975b8a6c87a23544cf106d1b34d445fda7cbfa15ee87c2254fba24ed,524c434efffe00012802000010000100,,NCLR palette,Confirmed,True,False,,,,,,,,,,False,False
/graphic/library_tv.narc!/member_00001,/graphic/library_tv.narc!/member_00001!/member_00007,1,/graphic/library_tv.narc,344,7,,57336,59420,57204,59288,2084,e96b85280be9306fb9b09e2ad324091f7d000a1825061cbf6fd83f25218ae06e,5243534efffe00012408000010000100,,NSCR screen map,Confirmed,True,False,,,,,,,,,,False,False
/graphic/library_tv.narc!/member_00001,/graphic/library_tv.narc!/member_00001!/member_00008,1,/graphic/library_tv.narc,344,8,,59420,108636,59288,108504,49216,8534d2c3cae03329e23aaf5e54c3792570fff5e84593294ae7c78ca5775ff26f,5247434efffe010140c0000010000200,,NCGR graphics,Confirmed,True,False,,,,,,,,,,False,False
/graphic/library_tv.narc!/member_00001,/graphic/library_tv.narc!/member_00001!/member_00009,1,/graphic/library_tv.narc,344,9,,108636,109188,108504,109056,552,1cb0e6248c085e568ef322b2f4e6467733dd2076a480e07bed3400be238451dc,524c434efffe00012802000010000100,,NCLR palette,Confirmed,True,False,,,,,,,,,,False,False
/graphic/library_tv.narc,/graphic/library_tv.narc!/member_00002,0,/graphic/library_tv.narc,344,2,,221900,250636,221808,250544,28736,8b69b74751b446c039ef7034c858cf5037440ebb216547c713115cce911b0bde,5247434efffe01014070000010000200,,NCGR graphics,Confirmed,True,False,,,,,,,,,,False,False
/graphic/library_tv.narc,/graphic/library_tv.narc!/member_00003,0,/graphic/library_tv.narc,344,3,,250636,251188,250544,251096,552,c68cb6af7e6ab4a57421b01e3c86e7878c88cd08c8f0f624fecf93635621ed7a,524c434efffe00012802000010000100,,NCLR palette,Confirmed,True,False,,,,,,,,,,False,False
/graphic/library_tv.narc,/graphic/library_tv.narc!/member_00004,0,/graphic/library_tv.narc,344,4,,251188,253272,251096,253180,2084,2f34381050486b4a9286e16e38d2494000a0320291a6d738100e58cac7a1bb85,5243534efffe00012408000010000100,,NSCR screen map,Confirmed,True,False,,,,,,,,,,False,False
/graphic/lobby_news.narc,/graphic/lobby_news.narc!/member_00000,0,/graphic/lobby_news.narc,345,0,,108,660,0,552,552,be224aeddb3be3105d3b245c68eba12f2d72a8fb0d81fbdd168c43a103d37a18,524c434efffe00012802000010000100,,NCLR palette,Confirmed,True,False,,,,,,,,,,False,False
/graphic/lobby_news.narc,/graphic/lobby_news.narc!/member_00001,0,/graphic/lobby_news.narc,345,1,,660,25300,552,25192,24640,a597a8a4f844847a205768f032ec2832d14b3515cfd719793293521b3817267c,5247434efffe01014060000010000200,,NCGR graphics,Confirmed,True,False,,,,,,,,,,False,False
/graphic/lobby_news.narc,/graphic/lobby_news.narc!/member_00002,0,/graphic/lobby_news.narc,345,2,,25300,58132,25192,58024,32832,a0ddb6ececaac3e44cedc528171a4756cbb7406e41a6e1015f2caf3aad4fb49f,5247434efffe01014080000010000200,,NCGR graphics,Confirmed,True,False,,,,,,,,,,False,False
/graphic/lobby_news.narc,/graphic/lobby_news.narc!/member_00003,0,/graphic/lobby_news.narc,345,3,,58132,59704,58024,59596,1572,120d21e205a487e7263026eee1e1677e45591b790cd9043d39e849f14bd2d73b,5243534efffe00012406000010000100,,NSCR screen map,Confirmed,True,False,,,,,,,,,,False,False
/graphic/lobby_news.narc,/graphic/lobby_news.narc!/member_00004,0,/graphic/lobby_news.narc,345,4,,59704,61276,59596,61168,1572,d5eab9cade2c42777a78cd5ca56e42e61bcb0439549039440a24a68b89de0ce3,5243534efffe00012406000010000100,,NSCR screen map,Confirmed,True,False,,,,,,,,,,False,False
/graphic/lobby_news.narc,/graphic/lobby_news.narc!/member_00005,0,/graphic/lobby_news.narc,345,5,,61276,62848,61168,62740,1572,fb82f98c85f67dc34e44fe86dff97528a338185db7f0af87e4000ecd721b1050,5243534efffe00012406000010000100,,NSCR screen map,Confirmed,True,False,,,,,,,,,,False,False
/graphic/lobby_news.narc,/graphic/lobby_news.narc!/member_00006,0,/graphic/lobby_news.narc,345,6,,62848,64420,62740,64312,1572,d72d6f086c4d44dbad1d73ce5aa23c9c657424390565d682d6074ad5a70bd2e1,5243534efffe00012406000010000100,,NSCR screen map,Confirmed,True,False,,,,,,,,,,False,False
/graphic/mail_gra.narc,/graphic/mail_gra.narc!/member_00000,0,/graphic/mail_gra.narc,346,0,,348,540,0,192,192,b658b2b959b111495d00f6f7e5e0661cd2091affd285325534d524ae20c3204d,524c434efffe0001c000000010000200,,NCLR palette,Confirmed,True,False,,,,,,,,,,False,False
/graphic/mail_gra.narc,/graphic/mail_gra.narc!/member_00001,0,/graphic/mail_gra.narc,346,1,,540,732,192,384,192,ffecea5074c1268acf319d1048ec00ed293bfdc446198737120fa7084e0f5f65,524c434efffe0001c000000010000200,,NCLR palette,Confirmed,True,False,,,,,,,,,,False,False
/graphic/mail_gra.narc,/graphic/mail_gra.narc!/member_00002,0,/graphic/mail_gra.narc,346,2,,732,924,384,576,192,fcb2ce310baaee7b4fd9eac9195ec4a5d5ee164f2931ef1c44f6e542defeba84,524c434efffe0001c000000010000200,,NCLR palette,Confirmed,True,False,,,,,,,,,,False,False
/graphic/mail_gra.narc,/graphic/mail_gra.narc!/member_00003,0,/graphic/mail_gra.narc,346,3,,924,1116,576,768,192,c122d4b209a315ce424ef7f1be87fca0545e002e4636ab00d63424905da1d61c,524c434efffe0001c000000010000200,,NCLR palette,Confirmed,True,False,,,,,,,,,,False,False
/graphic/mail_gra.narc,/graphic/mail_gra.narc!/member_00004,0,/graphic/mail_gra.narc,346,4,,1116,1308,768,960,192,01005433bf0d39b102fe6026fc5329f6a9983d554af554046efa2d5f7a4415d3,524c434efffe0001c000000010000200,,NCLR palette,Confirmed,True,False,,,,,,,,,,False,False
/graphic/mail_gra.narc,/graphic/mail_gra.narc!/member_00005,0,/graphic/mail_gra.narc,346,5,,1308,1500,960,1152,192,45da50b99b2015dda52815a7e0ca9128e4e5f28ac10188e9ca511c01cefa8ddc,524c434efffe0001c000000010000200,,NCLR palette,Confirmed,True,False,,,,,,,,,,False,False
/graphic/mail_gra.narc,/graphic/mail_gra.narc!/member_00006,0,/graphic/mail_gra.narc,346,6,,1500,1692,1152,1344,192,62c8ccdb0463c286a31b9b5f9c2b4983648d5804a4d22fa5984aafe9c98719a7,524c434efffe0001c000000010000200,,NCLR palette,Confirmed,True,False,,,,,,,,,,False,False
/graphic/mail_gra.narc,/graphic/mail_gra.narc!/member_00007,0,/graphic/mail_gra.narc,346,7,,1692,1884,1344,1536,192,3146e4081d258fca2e2a972e4d9d775976aaa64a7851b1e8e156eb0d781db524,524c434efffe0001c000000010000200,,NCLR palette,Confirmed,True,False,,,,,,,,,,False,False
/graphic/mail_gra.narc,/graphic/mail_gra.narc!/member_00008,0,/graphic/mail_gra.narc,346,8,,1884,2076,1536,1728,192,ca91d13b26b1da9e9f8535d08d5fa05f9f3090f5f844684eab343788f9523889,524c434efffe0001c000000010000200,,NCLR palette,Confirmed,True,False,,,,,,,,,,False,False
/graphic/mail_gra.narc,/graphic/mail_gra.narc!/member_00009,0,/graphic/mail_gra.narc,346,9,,2076,2268,1728,1920,192,0c1132de478cd758177386950d484855b7feda47a6936c5aa17e4e5fb80a7461,524c434efffe0001c000000010000200,,NCLR palette,Confirmed,True,False,,,,,,,,,,False,False
/graphic/mail_gra.narc,/graphic/mail_gra.narc!/member_00010,0,/graphic/mail_gra.narc,346,10,,2268,2460,1920,2112,192,29f4f9d90118aaf33a945b9b58b774f7fd25bc833d498a1ace91028490e0bb79,524c434efffe0001c000000010000200,,NCLR palette,Confirmed,True,False,,,,,,,,,,False,False
/graphic/mail_gra.narc,/graphic/mail_gra.narc!/member_00011,0,/graphic/mail_gra.narc,346,11,,2460,2652,2112,2304,192,3a7cf9c50cb3023540aa57072724f48a3773c325f6fa6cfdac0c4ba7bfc4359b,524c434efffe0001c000000010000200,,NCLR palette,Confirmed,True,False,,,,,,,,,,False,False
/graphic/mail_gra.narc,/graphic/mail_gra.narc!/member_00012,0,/graphic/mail_gra.narc,346,12,,2652,18076,2304,17728,15424,725dbb026ca0f86a0a2605cad151d21b8aad8778a8e57484b7fa9d1680536133,5247434efffe0101403c000010000200,,NCGR graphics,Confirmed,True,False,,,,,,,,,,False,False
/graphic/mail_gra.narc,/graphic/mail_gra.narc!/member_00013,0,/graphic/mail_gra.narc,346,13,,18076,21212,17728,20864,3136,516392055adf9ab530c4b80c5ae3ab63c612dd382d84daa58081c6e56b1c1843,5247434efffe0101400c000010000200,,NCGR graphics,Confirmed,True,False,,,,,,,,,,False,False
/graphic/mail_gra.narc,/graphic/mail_gra.narc!/member_00014,0,/graphic/mail_gra.narc,346,14,,21212,24348,20864,24000,3136,05b8318912326c2bfc0595958b319f22efe09ca16dbbd91292c1ec5695e36b2a,5247434efffe0101400c000010000200,,NCGR graphics,Confirmed,True,False,,,,,,,,,,False,False
/graphic/mail_gra.narc,/graphic/mail_gra.narc!/member_00015,0,/graphic/mail_gra.narc,346,15,,24348,35676,24000,35328,11328,a1201d5955c4afb8d1e3588aabd71ad3cb3ab6461ca38db445d8428728f64d3d,5247434efffe0101402c000010000200,,NCGR graphics,Confirmed,True,False,,,,,,,,,,False,False
/graphic/mail_gra.narc,/graphic/mail_gra.narc!/member_00016,0,/graphic/mail_gra.narc,346,16,,35676,48028,35328,47680,12352,4462037b644f05e70e482f01df0b4b0b41cb31a42b2cf43c91e5a00c3cd37135,5247434efffe01014030000010000200,,NCGR graphics,Confirmed,True,False,,,,,,,,,,False,False
/graphic/mail_gra.narc,/graphic/mail_gra.narc!/member_00017,0,/graphic/mail_gra.narc,346,17,,48028,51164,47680,50816,3136,05a738955ffbcadd50d89bec3109fbd86046528b2b5a7a8f356044912c00aa5e,5247434efffe0101400c000010000200,,NCGR graphics,Confirmed,True,False,,,,,,,,,,False,False
/graphic/mail_gra.narc,/graphic/mail_gra.narc!/member_00018,0,/graphic/mail_gra.narc,346,18,,51164,54300,50816,53952,3136,1d35b88d4d076baca379859078e13a4a929ab884fa157611f73aaa825851913f,5247434efffe0101400c000010000200,,NCGR graphics,Confirmed,True,False,,,,,,,,,,False,False
/graphic/mail_gra.narc,/graphic/mail_gra.narc!/member_00019,0,/graphic/mail_gra.narc,346,19,,54300,64604,53952,64256,10304,7fe2b382996f91e81f5d3bc0be9f9abbcfd0fa11a22d1370ab976c8327646ef7,5247434efffe01014028000010000200,,NCGR graphics,Confirmed,True,False,,,,,,,,,,False,False
/graphic/mail_gra.narc,/graphic/mail_gra.narc!/member_00020,0,/graphic/mail_gra.narc,346,20,,64604,74908,64256,74560,10304,82de09d3adb709ecf497bbedcb22c68c8821b2c4a0f367b94e21a7f4e7c43b04,5247434efffe01014028000010000200,,NCGR graphics,Confirmed,True,False,,,,,,,,,,False,False
/graphic/mail_gra.narc,/graphic/mail_gra.narc!/member_00021,0,/graphic/mail_gra.narc,346,21,,74908,79068,74560,78720,4160,bc2d7ec7c40bbcb1fa79fdd75c879efdb742dadc7a4cf26b21a4cde936def81b,5247434efffe01014010000010000200,,NCGR graphics,Confirmed,True,False,,,,,,,,,,False,False
/graphic/mail_gra.narc,/graphic/mail_gra.narc!/member_00022,0,/graphic/mail_gra.narc,346,22,,79068,83228,78720,82880,4160,f34e98750e72e506af9e8d3b1a37851bba91b64a9bd2aee812e5b06657ca9d75,5247434efffe01014010000010000200,,NCGR graphics,Confirmed,True,False,,,,,,,,,,False,False
/graphic/mail_gra.narc,/graphic/mail_gra.narc!/member_00023,0,/graphic/mail_gra.narc,346,23,,83228,86364,82880,86016,3136,0e9add582702dafe224c1bb10a7d34aec1d216f9080715dedb8a9e2ecf8e7c52,5247434efffe0101400c000010000200,,NCGR graphics,Confirmed,True,False,,,,,,,,,,False,False
/graphic/mail_gra.narc,/graphic/mail_gra.narc!/member_00024,0,/graphic/mail_gra.narc,346,24,,86364,87936,86016,87588,1572,deefd37470ea6cba1793d7bfc7f2c9d214922cc49d4be261ecc7e31c5e7ef912,5243534efffe00012406000010000100,,NSCR screen map,Confirmed,True,False,,,,,,,,,,False,False
/graphic/mail_gra.narc,/graphic/mail_gra.narc!/member_00025,0,/graphic/mail_gra.narc,346,25,,87936,89508,87588,89160,1572,71b1904416f9fc8c9a4a68fa2679067c4851765c38fcb8708d6b363d45f32468,5243534efffe00012406000010000100,,NSCR screen map,Confirmed,True,False,,,,,,,,,,False,False
/graphic/mail_gra.narc,/graphic/mail_gra.narc!/member_00026,0,/graphic/mail_gra.narc,346,26,,89508,91080,89160,90732,1572,73950c139472e9d16f2af520315a929895e8ab730b36318d6a7597241acfeeba,5243534efffe00012406000010000100,,NSCR screen map,Confirmed,True,False,,,,,,,,,,False,False
/graphic/mail_gra.narc,/graphic/mail_gra.narc!/member_00027,0,/graphic/mail_gra.narc,346,27,,91080,92652,90732,92304,1572,7d2376c92b7990339d11fab987538d36cf455b01c9e9877ca38de1e07ab14b62,5243534efffe00012406000010000100,,NSCR screen map,Confirmed,True,False,,,,,,,,,,False,False
/graphic/mail_gra.narc,/graphic/mail_gra.narc!/member_00028,0,/graphic/mail_gra.narc,346,28,,92652,94224,92304,93876,1572,54724c085386ad2d82a3db535c4864c10335ff9e03aedb425dcd3b982a88069e,5243534efffe00012406000010000100,,NSCR screen map,Confirmed,True,False,,,,,,,,,,False,False
/graphic/mail_gra.narc,/graphic/mail_gra.narc!/member_00029,0,/graphic/mail_gra.narc,346,29,,94224,95796,93876,95448,1572,e59b41949f2d8cc2448c0176358d509d96634ad3423a14b588cbae29bb8e2770,5243534efffe00012406000010000100,,NSCR screen map,Confirmed,True,False,,,,,,,,,,False,False
/graphic/mail_gra.narc,/graphic/mail_gra.narc!/member_00030,0,/graphic/mail_gra.narc,346,30,,95796,97368,95448,97020,1572,5a57f1e4b135011079a7c4007042b9b9ae519e3aa8852a48533490451ca97179,5243534efffe00012406000010000100,,NSCR screen map,Confirmed,True,False,,,,,,,,,,False,False
/graphic/mail_gra.narc,/graphic/mail_gra.narc!/member_00031,0,/graphic/mail_gra.narc,346,31,,97368,98940,97020,98592,1572,1c09ee3faa99a740ebf312e3de15aa181b9a9e6282210ba005563605835ccc88,5243534efffe00012406000010000100,,NSCR screen map,Confirmed,True,False,,,,,,,,,,False,False
/graphic/mail_gra.narc,/graphic/mail_gra.narc!/member_00032,0,/graphic/mail_gra.narc,346,32,,98940,100512,98592,100164,1572,6c87022c99cafb0f092f48b1e85d0025eaec0ee3d51461572713cc29bbb28412,5243534efffe00012406000010000100,,NSCR screen map,Confirmed,True,False,,,,,,,,,,False,False
/graphic/mail_gra.narc,/graphic/mail_gra.narc!/member_00033,0,/graphic/mail_gra.narc,346,33,,100512,102084,100164,101736,1572,cc02090b3f2a346a02c8ed4b3b07e4a9ec19b9cba0d1fd62692523f0a68af192,5243534efffe00012406000010000100,,NSCR screen map,Confirmed,True,False,,,,,,,,,,False,False
/graphic/mail_gra.narc,/graphic/mail_gra.narc!/member_00034,0,/graphic/mail_gra.narc,346,34,,102084,103656,101736,103308,1572,5403b4f2dfeb42d264f47de131cb40198ad705099c6fc034185a4182df59ac44,5243534efffe00012406000010000100,,NSCR screen map,Confirmed,True,False,,,,,,,,,,False,False
/graphic/mail_gra.narc,/graphic/mail_gra.narc!/member_00035,0,/graphic/mail_gra.narc,346,35,,103656,105228,103308,104880,1572,2a4afcf0fcbe85ad484395d7d98aa9cd91093cdcd828412614621f28bd152ae9,5243534efffe00012406000010000100,,NSCR screen map,Confirmed,True,False,,,,,,,,,,False,False
/graphic/mail_gra.narc,/graphic/mail_gra.narc!/member_00036,0,/graphic/mail_gra.narc,346,36,,105228,106800,104880,106452,1572,9eaab60beb9edb4fc6268a1c39b10e81f01f3f8262751303e6bdfd3cbd82bb6b,5243534efffe00012406000010000100,,NSCR screen map,Confirmed,True,False,,,,,,,,,,False,False
/graphic/menu_gra.narc,/graphic/menu_gra.narc!/member_00000,0,/graphic/menu_gra.narc,347,0,,140,251,0,111,111,ca4fb76f05db368c396eb1886b1de7f86ac9d15577eac9a050aee2d0ddf7492b,524e414efffe00016f00000010000300,,NANR animation,Confirmed,True,False,,,,,,,,,,False,False
/graphic/menu_gra.narc,/graphic/menu_gra.narc!/member_00001,0,/graphic/menu_gra.narc,347,1,,252,371,112,231,119,e58aaaa43c0535dbb32a1bc7f86e776729bf04caab4842f97e8cf44c4260625a,5245434efffe00017700000010000300,,NCER cell,Confirmed,True,False,,,,,,,,,,False,False
/graphic/menu_gra.narc,/graphic/menu_gra.narc!/member_00002,0,/graphic/menu_gra.narc,347,2,,372,1956,232,1816,1584,30ad3f8892f8240b272ffa7a4f3b11333db8e9bf034ad9372cc88e7fd24868f2,5247434efffe01013006000010000100,,NCGR graphics,Confirmed,True,False,,,,,,,,,,False,False
/graphic/menu_gra.narc,/graphic/menu_gra.narc!/member_00003,0,/graphic/menu_gra.narc,347,3,,1956,5724,1816,5584,3768,56fbd8726e154ce66074d632ceffa46c4052b6ec3062477debcc1c172ab8094e,524e414efffe0001b80e000010000300,,NANR animation,Confirmed,True,False,,,,,,,,,,False,False
/graphic/menu_gra.narc,/graphic/menu_gra.narc!/member_00004,0,/graphic/menu_gra.narc,347,4,,5724,6312,5584,6172,588,9627b0f87414993dee919716a5e75ebfff47e0dc7824be2878775d719d2fe5c6,5245434efffe00014c02000010000300,,NCER cell,Confirmed,True,False,,,,,,,,,,False,False
/graphic/menu_gra.narc,/graphic/menu_gra.narc!/member_00005,0,/graphic/menu_gra.narc,347,5,,6312,6864,6172,6724,552,8b5f8f4920a731a43b17b30d5b6605e184bf0cce41dc59e23391e1efe61d7c8b,524c434efffe00012802000010000100,,NCLR palette,Confirmed,True,False,,,,,,,,,,False,False
/graphic/menu_gra.narc,/graphic/menu_gra.narc!/member_00006,0,/graphic/menu_gra.narc,347,6,,6864,12032,6724,11892,5168,8e595f040e38368fa966fb87143f066a75496f90b65f50a6b6865245787b6701,5247434efffe01013014000010000100,,NCGR graphics,Confirmed,True,False,,,,,,,,,,False,False
/graphic/menu_gra.narc,/graphic/menu_gra.narc!/member_00007,0,/graphic/menu_gra.narc,347,7,,12032,14690,11892,14550,2658,ef1fdf59ee5717570f86404c8ebfc21834d18a754851a7d69d20bd942b2f008c,524e414efffe0001620a000010000300,,NANR animation,Confirmed,True,False,,,,,,,,,,False,False
/graphic/menu_gra.narc,/graphic/menu_gra.narc!/member_00008,0,/graphic/menu_gra.narc,347,8,,14692,15126,14552,14986,434,2f5fc6865f53abe35d06093e0918a70db9d8a64151d30bd9f1b0fafe09c5b78a,5245434efffe0001b201000010000300,,NCER cell,Confirmed,True,False,,,,,,,,,,False,False
/graphic/menu_gra.narc,/graphic/menu_gra.narc!/member_00009,0,/graphic/menu_gra.narc,347,9,,15128,15680,14988,15540,552,73a9f82997097f9888c2c1ccc11dba0281f14874602c9e3d81113861eae208be,524c434efffe00012802000010000100,,NCLR palette,Confirmed,True,False,,,,,,,,,,False,False
/graphic/menu_gra.narc,/graphic/menu_gra.narc!/member_00010,0,/graphic/menu_gra.narc,347,10,,15680,19312,15540,19172,3632,8c33ec5311cb27a0733abd5bbb148f61213d90eb98c9f65f4677d83c7bd782f7,5247434efffe0101300e000010000100,,NCGR graphics,Confirmed,True,False,,,,,,,,,,False,False
/graphic/mysign.narc,/graphic/mysign.narc!/member_00000,0,/graphic/mysign.narc,348,0,,132,684,0,552,552,6311837c4d15f3c41f0afdfefa0673c9b58849b96e33b15ddcb67d2bea8453db,524c434efffe00012802000010000100,,NCLR palette,Confirmed,True,False,,,,,,,,,,False,False
/graphic/mysign.narc,/graphic/mysign.narc!/member_00001,0,/graphic/mysign.narc,348,1,,684,1236,552,1104,552,cfba58586fad8e816557e947b769e4bef503b4630b68cfc35ae2a241dfa4bce0,524c434efffe00012802000010000100,,NCLR palette,Confirmed,True,False,,,,,,,,,,False,False
/graphic/mysign.narc,/graphic/mysign.narc!/member_00002,0,/graphic/mysign.narc,348,2,,1236,1788,1104,1656,552,d70086ce86445ccb03a13ab5e6942dd7b5d354a5748ab445b9957fb006ad78bb,524c434efffe00012802000010000100,,NCLR palette,Confirmed,True,False,,,,,,,,,,False,False
/graphic/mysign.narc,/graphic/mysign.narc!/member_00003,0,/graphic/mysign.narc,348,3,,1788,2101,1656,1969,313,b1d9e84787affced0ee0b1fe8ab4af0ca47357966ca561232fc77783e29a0dbd,10400400005247434efffe0101004004,,Nintendo LZ10,Probable,,True,Nintendo LZ10,Confirmed,True,1088,True,1088,5d4ec9401a9d0efd0a7f41d4e23bbec67846d4618d0f2a6c8e931dd0f85dd23e,NCGR graphics,Confirmed,False,False
/graphic/mysign.narc,/graphic/mysign.narc!/member_00004,0,/graphic/mysign.narc,348,4,,2104,2552,1972,2420,448,24a1d5e6f22cd1133ce4f661e989ea004c369a58a6244663cc26c1236e487cb2,10000700005247434efffe0101000007,,Nintendo LZ10,Probable,,True,Nintendo LZ10,Confirmed,True,1792,True,1792,5b1ffec39b25592024c3f82804f3e7de4021e66f038b6c91743b0458d5c0542a,NCGR graphics,Confirmed,False,False
/graphic/mysign.narc,/graphic/mysign.narc!/member_00005,0,/graphic/mysign.narc,348,5,,2552,2865,2420,2733,313,e5437fdeb7c078f68729a29de21f994024224b5a5fe9bc0077f7a94e161263f4,10240600005243534efffe0001002406,,Nintendo LZ10,Probable,,True,Nintendo LZ10,Confirmed,True,1572,True,1572,a5c0ede8d70bc81107ed5c5ddc64ebfed79697da82cefb19d61a27cf49ebcae9,NSCR screen map,Confirmed,False,False
/graphic/mysign.narc,/graphic/mysign.narc!/member_00006,0,/graphic/mysign.narc,348,6,,2868,3091,2736,2959,223,2d0930aeca5d436df1be73fbe166e7502711fcd839f57441b18ccc92d5c695d9,10240600005243534efffe0001002406,,Nintendo LZ10,Probable,,True,Nintendo LZ10,Confirmed,True,1572,True,1572,0d37e359bc7e5140516c96ccadcb8043a309155883902b08d18928f8dd34c8e2,NSCR screen map,Confirmed,False,False
/graphic/mysign.narc,/graphic/mysign.narc!/member_00007,0,/graphic/mysign.narc,348,7,,3092,3984,2960,3852,892,5103fbc20ff8d2ca4af39799a5d36a28e96a5bb5dcb9fd595405daa5af3588fc,10701600005247434efffe0101007016,,Nintendo LZ10,Probable,,True,Nintendo LZ10,Confirmed,True,5744,True,5744,9564ca636eb9833684e74f2e34a57ece89f3ae684d4e5ed14f8cc66f7fe3b00b,NCGR graphics,Confirmed,False,False
/graphic/mysign.narc,/graphic/mysign.narc!/member_00008,0,/graphic/mysign.narc,348,8,,3984,4160,3852,4028,176,a1782544a1b51ebf7f61d843d53ea014e84c1731e79ea6721521b755ab75e55e,10f80000005245434efffe000100f800,,Nintendo LZ10,Probable,,True,Nintendo LZ10,Confirmed,True,248,True,248,b5b35550b4176634071f9d2a2545b3aa5aee2f3ee94d185582264f719e1f2e4d,NCER cell,Confirmed,False,False
/graphic/mysign.narc,/graphic/mysign.narc!/member_00009,0,/graphic/mysign.narc,348,9,,4160,4280,4028,4148,120,de183281eec7e443840e4e31ac38d9d298d3c1af4bb61726013c1e90f43f76be,10b8000000524e414efffe000100b800,,Nintendo LZ10,Probable,,True,Nintendo LZ10,Confirmed,True,184,True,184,26c53872824820490fdc4e72ac8aafec20c0ec42effe74738666c2203a56cc96,NANR animation,Confirmed,False,False
/graphic/ntag_gra.narc,/graphic/ntag_gra.narc!/member_00000,0,/graphic/ntag_gra.narc,349,0,,1124,2824,0,1700,1700,a2a5cf2f37e8b06924f9b86ed83a72f169320305e3e71620fa722b4c9d6a880c,5243534efffe0001a406000010000100,,NSCR screen map,Confirmed,True,False,,,,,,,,,,False,False
/graphic/ntag_gra.narc,/graphic/ntag_gra.narc!/member_00001,0,/graphic/ntag_gra.narc,349,1,,2824,4396,1700,3272,1572,e3cbb89124992b9fae9a24e9ccd8fee1117759eb6f77026f5afa719e64e15185,5243534efffe00012406000010000100,,NSCR screen map,Confirmed,True,False,,,,,,,,,,False,False
/graphic/ntag_gra.narc,/graphic/ntag_gra.narc!/member_00002,0,/graphic/ntag_gra.narc,349,2,,4396,13676,3272,12552,9280,846cb3027f349ff84d1e84c3737ff2f0b724fa8e29e7258c8b12b40e41d45e01,5247434efffe01014024000010000200,,NCGR graphics,Confirmed,True,False,,,,,,,,,,False,False
/graphic/ntag_gra.narc,/graphic/ntag_gra.narc!/member_00003,0,/graphic/ntag_gra.narc,349,3,,13676,14228,12552,13104,552,8641c64f79385162e564063eb38fce069610d004a34896a3df3e82d8e6cc636b,524c434efffe00012802000010000100,,NCLR palette,Confirmed,True,False,,,,,,,,,,False,False
/graphic/ntag_gra.narc,/graphic/ntag_gra.narc!/member_00004,0,/graphic/ntag_gra.narc,349,4,,14228,14339,13104,13215,111,30249884bd91f10bc9d4e13e7b1495f09991b6f488405a0cdbb61cfb402d10ca,524e414efffe00016f00000010000300,,NANR animation,Confirmed,True,False,,,,,,,,,,False,False
/graphic/ntag_gra.narc,/graphic/ntag_gra.narc!/member_00005,0,/graphic/ntag_gra.narc,349,5,,14340,14447,13216,13323,107,c4c621255461e1521d8b6af105742f21b9efb619d36f949eb63026e2e758825d,5245434efffe00016b00000010000300,,NCER cell,Confirmed,True,False,,,,,,,,,,False,False
/graphic/ntag_gra.narc,/graphic/ntag_gra.narc!/member_00006,0,/graphic/ntag_gra.narc,349,6,,14448,16544,13324,15420,2096,966f4cc886669ba1d62d306a12887f41b83dabb6d99b2cf1a033edb51fb0c39e,5247434efffe01013008000010000100,,NCGR graphics,Confirmed,True,False,,,,,,,,,,False,False
/graphic/ntag_gra.narc,/graphic/ntag_gra.narc!/member_00007,0,/graphic/ntag_gra.narc,349,7,,16544,18640,15420,17516,2096,5eb8b8edf575b303341a27b76b58b03d3a356e59de2302022dfac1e89331d615,5247434efffe01013008000010000100,,NCGR graphics,Confirmed,True,False,,,,,,,,,,False,False
/graphic/ntag_gra.narc,/graphic/ntag_gra.narc!/member_00008,0,/graphic/ntag_gra.narc,349,8,,18640,20736,17516,19612,2096,54095d6868b33c3dcb4f3c5c8e61bc5a7b1b3ee68f7b435bf60ba7eb33582f53,5247434efffe01013008000010000100,,NCGR graphics,Confirmed,True,False,,,,,,,,,,False,False
/graphic/ntag_gra.narc,/graphic/ntag_gra.narc!/member_00009,0,/graphic/ntag_gra.narc,349,9,,20736,22832,19612,21708,2096,5844083513758a0a5f2f1c7d9a6cf8bfcb5150cda671f1c418286bb73191ea02,5247434efffe01013008000010000100,,NCGR graphics,Confirmed,True,False,,,,,,,,,,False,False
/graphic/ntag_gra.narc,/graphic/ntag_gra.narc!/member_00010,0,/graphic/ntag_gra.narc,349,10,,22832,24928,21708,23804,2096,e905ffbdf32610fa4d4f4d2ee8085bbf5570117b37384eae30d17bb3a92772e5,5247434efffe01013008000010000100,,NCGR graphics,Confirmed,True,False,,,,,,,,,,False,False
/graphic/ntag_gra.narc,/graphic/ntag_gra.narc!/member_00011,0,/graphic/ntag_gra.narc,349,11,,24928,27024,23804,25900,2096,c6156f09e5497e5a74167d08af1c1d68ae3d1d8dfaeebd3e6717431c82ee5b3f,5247434efffe01013008000010000100,,NCGR graphics,Confirmed,True,False,,,,,,,,,,False,False
/graphic/ntag_gra.narc,/graphic/ntag_gra.narc!/member_00012,0,/graphic/ntag_gra.narc,349,12,,27024,29120,25900,27996,2096,858523dd472e5426508d56d92525a826dbe155a2323f42d3c592a4adf6f037fb,5247434efffe01013008000010000100,,NCGR graphics,Confirmed,True,False,,,,,,,,,,False,False
/graphic/ntag_gra.narc,/graphic/ntag_gra.narc!/member_00013,0,/graphic/ntag_gra.narc,349,13,,29120,31216,27996,30092,2096,c8a80aba4c82b6f745421f4928479b7607b3c06294dc143761223522136b854e,5247434efffe01013008000010000100,,NCGR graphics,Confirmed,True,False,,,,,,,,,,False,False
/graphic/ntag_gra.narc,/graphic/ntag_gra.narc!/member_00014,0,/graphic/ntag_gra.narc,349,14,,31216,33312,30092,32188,2096,24d2288db9fccf1640daa9f332fd5126f40f033bbf027bf3760da21061bc43d8,5247434efffe01013008000010000100,,NCGR graphics,Confirmed,True,False,,,,,,,,,,False,False
/graphic/ntag_gra.narc,/graphic/ntag_gra.narc!/member_00015,0,/graphic/ntag_gra.narc,349,15,,33312,35408,32188,34284,2096,af360387486ea92a43696b0b00c98e90f19be7f3adbb05843d539b3f077fd750,5247434efffe01013008000010000100,,NCGR graphics,Confirmed,True,False,,,,,,,,,,False,False
/graphic/ntag_gra.narc,/graphic/ntag_gra.narc!/member_00016,0,/graphic/ntag_gra.narc,349,16,,35408,37504,34284,36380,2096,7e374f22a950045b5f47d33189d8f32765dd10ae9717664405df04f32ee4e410,5247434efffe01013008000010000100,,NCGR graphics,Confirmed,True,False,,,,,,,,,,False,False
/graphic/ntag_gra.narc,/graphic/ntag_gra.narc!/member_00017,0,/graphic/ntag_gra.narc,349,17,,37504,39600,36380,38476,2096,1d48ceef6bd4c9c54b96ffd9f2980aeffb0cd6223d0e5f81c92c7ef93aee1a8f,5247434efffe01013008000010000100,,NCGR graphics,Confirmed,True,False,,,,,,,,,,False,False
/graphic/ntag_gra.narc,/graphic/ntag_gra.narc!/member_00018,0,/graphic/ntag_gra.narc,349,18,,39600,41696,38476,40572,2096,bf23bea8be981b384d1b30d6d7a2eb7b3512d5adbd55c5f19a82f689c0064e45,5247434efffe01013008000010000100,,NCGR graphics,Confirmed,True,False,,,,,,,,,,False,False
/graphic/ntag_gra.narc,/graphic/ntag_gra.narc!/member_00019,0,/graphic/ntag_gra.narc,349,19,,41696,43792,40572,42668,2096,22b402ac5af42a9fbc10a3582542d767923ebceb1856d77a49cefbafb76ab9a5,5247434efffe01013008000010000100,,NCGR graphics,Confirmed,True,False,,,,,,,,,,False,False
/graphic/ntag_gra.narc,/graphic/ntag_gra.narc!/member_00020,0,/graphic/ntag_gra.narc,349,20,,43792,45888,42668,44764,2096,1b9f14f7afed2379c8df958c35e39e0abd601ff48f724609d23b825ca7a1f73d,5247434efffe01013008000010000100,,NCGR graphics,Confirmed,True,False,,,,,,,,,,False,False
/graphic/ntag_gra.narc,/graphic/ntag_gra.narc!/member_00021,0,/graphic/ntag_gra.narc,349,21,,45888,47984,44764,46860,2096,fb688949d3917a3fa5c74e897a1aef44cc8fd2cb66ba72d412dc0698b86cab20,5247434efffe01013008000010000100,,NCGR graphics,Confirmed,True,False,,,,,,,,,,False,False
/graphic/ntag_gra.narc,/graphic/ntag_gra.narc!/member_00022,0,/graphic/ntag_gra.narc,349,22,,47984,50080,46860,48956,2096,33c77acefc286a0733121477a5f6777b6f69e0397f99f9446b73f37652767cc0,5247434efffe01013008000010000100,,NCGR graphics,Confirmed,True,False,,,,,,,,,,False,False
/graphic/ntag_gra.narc,/graphic/ntag_gra.narc!/member_00023,0,/graphic/ntag_gra.narc,349,23,,50080,52176,48956,51052,2096,6104e15804b27a183c546be391745a9766f6dc076f0ac1c325e21f7a8e5b60a4,5247434efffe01013008000010000100,,NCGR graphics,Confirmed,True,False,,,,,,,,,,False,False
/graphic/ntag_gra.narc,/graphic/ntag_gra.narc!/member_00024,0,/graphic/ntag_gra.narc,349,24,,52176,54272,51052,53148,2096,1d033aa028a2837c3e4c107f19026cb3beaecaea866e90ea87ba3347317e9c23,5247434efffe01013008000010000100,,NCGR graphics,Confirmed,True,False,,,,,,,,,,False,False
/graphic/ntag_gra.narc,/graphic/ntag_gra.narc!/member_00025,0,/graphic/ntag_gra.narc,349,25,,54272,56368,53148,55244,2096,d6cd4c38406c261f0feaca5ac72bf9a7dd52a9987170b8ffdd6396d9922189ee,5247434efffe01013008000010000100,,NCGR graphics,Confirmed,True,False,,,,,,,,,,False,False
/graphic/ntag_gra.narc,/graphic/ntag_gra.narc!/member_00026,0,/graphic/ntag_gra.narc,349,26,,56368,58464,55244,57340,2096,bffaff3cf417a91256bc9738529eab1051c23725ef517bcbb00ceb0e37fab3dd,5247434efffe01013008000010000100,,NCGR graphics,Confirmed,True,False,,,,,,,,,,False,False
/graphic/ntag_gra.narc,/graphic/ntag_gra.narc!/member_00027,0,/graphic/ntag_gra.narc,349,27,,58464,60560,57340,59436,2096,484eba5eabffaaae454b0c98c166302411b56db19ccf6e8bf26aee9a03e516ff,5247434efffe01013008000010000100,,NCGR graphics,Confirmed,True,False,,,,,,,,,,False,False
/graphic/ntag_gra.narc,/graphic/ntag_gra.narc!/member_00028,0,/graphic/ntag_gra.narc,349,28,,60560,62656,59436,61532,2096,9c2a7bd02762d4ffa400046336268bc9c0eca864cf7b12ce197e15f47004b66d,5247434efffe01013008000010000100,,NCGR graphics,Confirmed,True,False,,,,,,,,,,False,False
/graphic/ntag_gra.narc,/graphic/ntag_gra.narc!/member_00029,0,/graphic/ntag_gra.narc,349,29,,62656,64752,61532,63628,2096,1c45a12237ce23de69628a28431c3f8f4ffb00e971fa9f42a3bc6b5c27fee9a1,5247434efffe01013008000010000100,,NCGR graphics,Confirmed,True,False,,,,,,,,,,False,False
/graphic/ntag_gra.narc,/graphic/ntag_gra.narc!/member_00030,0,/graphic/ntag_gra.narc,349,30,,64752,66848,63628,65724,2096,d5aee29d532c967414a2568c383c17fbb53f6bb8f10e5ff719e8ca61ddb159f0,5247434efffe01013008000010000100,,NCGR graphics,Confirmed,True,False,,,,,,,,,,False,False
/graphic/ntag_gra.narc,/graphic/ntag_gra.narc!/member_00031,0,/graphic/ntag_gra.narc,349,31,,66848,68944,65724,67820,2096,e960295c2659f1f8ee37078e99c4ba6aa9793dbbc6942b3d34c34b8f209195f3,5247434efffe01013008000010000100,,NCGR graphics,Confirmed,True,False,,,,,,,,,,False,False
/graphic/ntag_gra.narc,/graphic/ntag_gra.narc!/member_00032,0,/graphic/ntag_gra.narc,349,32,,68944,71040,67820,69916,2096,1360d01f90b3986c3ae461b0f6afbc73235bb831b17456afadb7bfdd4e1f6eb0,5247434efffe01013008000010000100,,NCGR graphics,Confirmed,True,False,,,,,,,,,,False,False
/graphic/ntag_gra.narc,/graphic/ntag_gra.narc!/member_00033,0,/graphic/ntag_gra.narc,349,33,,71040,73136,69916,72012,2096,6bdf7a1bd80939bd31b631bedd27b513d5c551618295d1025b824f834c08c6bd,5247434efffe01013008000010000100,,NCGR graphics,Confirmed,True,False,,,,,,,,,,False,False
/graphic/ntag_gra.narc,/graphic/ntag_gra.narc!/member_00034,0,/graphic/ntag_gra.narc,349,34,,73136,75232,72012,74108,2096,6ee82ed3d67e215ee1b5480a59a56a2d2b7412a181a0c4511b7b6a73dc04824e,5247434efffe01013008000010000100,,NCGR graphics,Confirmed,True,False,,,,,,,,,,False,False
/graphic/ntag_gra.narc,/graphic/ntag_gra.narc!/member_00035,0,/graphic/ntag_gra.narc,349,35,,75232,77328,74108,76204,2096,3ec1795e6aa9e506a4fd39e2dce4824d4acf75d97a302625bc8d3660684c8e93,5247434efffe01013008000010000100,,NCGR graphics,Confirmed,True,False,,,,,,,,,,False,False
/graphic/ntag_gra.narc,/graphic/ntag_gra.narc!/member_00036,0,/graphic/ntag_gra.narc,349,36,,77328,79424,76204,78300,2096,7da98e81e2fd95cd20d20962b273e73445904abeb8ce3907e61903095d5b63a5,5247434efffe01013008000010000100,,NCGR graphics,Confirmed,True,False,,,,,,,,,,False,False
/graphic/ntag_gra.narc,/graphic/ntag_gra.narc!/member_00037,0,/graphic/ntag_gra.narc,349,37,,79424,81520,78300,80396,2096,44344c7d6f32dd378156632f307cd92a82762398f434ddbf55d896dc9e696363,5247434efffe01013008000010000100,,NCGR graphics,Confirmed,True,False,,,,,,,,,,False,False
/graphic/ntag_gra.narc,/graphic/ntag_gra.narc!/member_00038,0,/graphic/ntag_gra.narc,349,38,,81520,83616,80396,82492,2096,5ab4296076e705a1cf81d0fbdd3da7a2bc4466f79e2cc13744449e5cd3c7d142,5247434efffe01013008000010000100,,NCGR graphics,Confirmed,True,False,,,,,,,,,,False,False
/graphic/ntag_gra.narc,/graphic/ntag_gra.narc!/member_00039,0,/graphic/ntag_gra.narc,349,39,,83616,85712,82492,84588,2096,63096be5b4e2d2b59c76d61011283f5ae7f42b7562075764ed1f7dad776941a9,5247434efffe01013008000010000100,,NCGR graphics,Confirmed,True,False,,,,,,,,,,False,False
/graphic/ntag_gra.narc,/graphic/ntag_gra.narc!/member_00040,0,/graphic/ntag_gra.narc,349,40,,85712,87808,84588,86684,2096,687945e314e7efdef392bcfa5641f2ad98aa752f49f4ead6fd6743b62c2788f5,5247434efffe01013008000010000100,,NCGR graphics,Confirmed,True,False,,,,,,,,,,False,False
/graphic/ntag_gra.narc,/graphic/ntag_gra.narc!/member_00041,0,/graphic/ntag_gra.narc,349,41,,87808,89904,86684,88780,2096,b5ddd6e8126e13d5be05dd00993ec095f8aa2161441cc1b239932b768aa8a17f,5247434efffe01013008000010000100,,NCGR graphics,Confirmed,True,False,,,,,,,,,,False,False
/graphic/ntag_gra.narc,/graphic/ntag_gra.narc!/member_00042,0,/graphic/ntag_gra.narc,349,42,,89904,92000,88780,90876,2096,3526de7f4a6ce4fc9f7071842f65e868858ce1c715c70b6c6eddbec11990fbea,5247434efffe01013008000010000100,,NCGR graphics,Confirmed,True,False,,,,,,,,,,False,False
/graphic/ntag_gra.narc,/graphic/ntag_gra.narc!/member_00043,0,/graphic/ntag_gra.narc,349,43,,92000,94096,90876,92972,2096,5f657a1c7c8963bdca9f055d0bd7cd9c2719d25b0293cce675c62c73e57d75b1,5247434efffe01013008000010000100,,NCGR graphics,Confirmed,True,False,,,,,,,,,,False,False
/graphic/ntag_gra.narc,/graphic/ntag_gra.narc!/member_00044,0,/graphic/ntag_gra.narc,349,44,,94096,96192,92972,95068,2096,71cbe126f6ad887dac61b23e2acd6670f3080f47604718e90b9644e79575fce1,5247434efffe01013008000010000100,,NCGR graphics,Confirmed,True,False,,,,,,,,,,False,False
/graphic/ntag_gra.narc,/graphic/ntag_gra.narc!/member_00045,0,/graphic/ntag_gra.narc,349,45,,96192,98288,95068,97164,2096,1148d3c931bdcf767f2a29f0785b60037b1e5f4783eaee530a40ba27c573c098,5247434efffe01013008000010000100,,NCGR graphics,Confirmed,True,False,,,,,,,,,,False,False
/graphic/ntag_gra.narc,/graphic/ntag_gra.narc!/member_00046,0,/graphic/ntag_gra.narc,349,46,,98288,100384,97164,99260,2096,2ac124c22a754f5f4a86ffd4f16c966261b891a434fa6bae26667fbb654bb59f,5247434efffe01013008000010000100,,NCGR graphics,Confirmed,True,False,,,,,,,,,,False,False
/graphic/ntag_gra.narc,/graphic/ntag_gra.narc!/member_00047,0,/graphic/ntag_gra.narc,349,47,,100384,102480,99260,101356,2096,f0c180bf6f965b4ffadb53855185524ca1cec1a402b06c78866f46af90d65065,5247434efffe01013008000010000100,,NCGR graphics,Confirmed,True,False,,,,,,,,,,False,False
/graphic/ntag_gra.narc,/graphic/ntag_gra.narc!/member_00048,0,/graphic/ntag_gra.narc,349,48,,102480,104576,101356,103452,2096,d3edade3a09f70547d5d2b2fb044615a69f37d9dd77c60aec0e818ec9e3e8165,5247434efffe01013008000010000100,,NCGR graphics,Confirmed,True,False,,,,,,,,,,False,False
/graphic/ntag_gra.narc,/graphic/ntag_gra.narc!/member_00049,0,/graphic/ntag_gra.narc,349,49,,104576,106672,103452,105548,2096,4e7eff2c98ad63d66b778ca94c8805aa3379ca417dbf7f5df998e92723f8228c,5247434efffe01013008000010000100,,NCGR graphics,Confirmed,True,False,,,,,,,,,,False,False
/graphic/ntag_gra.narc,/graphic/ntag_gra.narc!/member_00050,0,/graphic/ntag_gra.narc,349,50,,106672,108768,105548,107644,2096,9256b34c2c5d121efe8bb231abc02b8b77d258a0e613c16f6a9622dc625e4ef4,5247434efffe01013008000010000100,,NCGR graphics,Confirmed,True,False,,,,,,,,,,False,False
/graphic/ntag_gra.narc,/graphic/ntag_gra.narc!/member_00051,0,/graphic/ntag_gra.narc,349,51,,108768,110864,107644,109740,2096,c43b87b2fdd4e36ec06fe9327d45bcb06c7600277c3e33f645fc1538fabec868,5247434efffe01013008000010000100,,NCGR graphics,Confirmed,True,False,,,,,,,,,,False,False
/graphic/ntag_gra.narc,/graphic/ntag_gra.narc!/member_00052,0,/graphic/ntag_gra.narc,349,52,,110864,112960,109740,111836,2096,de03ab9101d805261194683a7186ed6e5d519cb658cb1c2b5a483fd7f8976e94,5247434efffe01013008000010000100,,NCGR graphics,Confirmed,True,False,,,,,,,,,,False,False
/graphic/ntag_gra.narc,/graphic/ntag_gra.narc!/member_00053,0,/graphic/ntag_gra.narc,349,53,,112960,115056,111836,113932,2096,76a3da2b1da4c2f2bf0e52fdd3e144273a17ce0fef41f537d4f5dd08ab7339d1,5247434efffe01013008000010000100,,NCGR graphics,Confirmed,True,False,,,,,,,,,,False,False
/graphic/ntag_gra.narc,/graphic/ntag_gra.narc!/member_00054,0,/graphic/ntag_gra.narc,349,54,,115056,117152,113932,116028,2096,db60fd9484bd790824d292b29cefce4dde4de885defa34fe2a6c2d19315d7353,5247434efffe01013008000010000100,,NCGR graphics,Confirmed,True,False,,,,,,,,,,False,False
/graphic/ntag_gra.narc,/graphic/ntag_gra.narc!/member_00055,0,/graphic/ntag_gra.narc,349,55,,117152,119248,116028,118124,2096,f5f0bf857167b2489ee55efa90ec838378af445f29585d439afa53b9547822fd,5247434efffe01013008000010000100,,NCGR graphics,Confirmed,True,False,,,,,,,,,,False,False
/graphic/ntag_gra.narc,/graphic/ntag_gra.narc!/member_00056,0,/graphic/ntag_gra.narc,349,56,,119248,121344,118124,120220,2096,797da22bfefa48b00617ab1b4e70946b98175241372b83a559dba6a82a845197,5247434efffe01013008000010000100,,NCGR graphics,Confirmed,True,False,,,,,,,,,,False,False
/graphic/ntag_gra.narc,/graphic/ntag_gra.narc!/member_00057,0,/graphic/ntag_gra.narc,349,57,,121344,123440,120220,122316,2096,5faa59b610098e5abc7e5775ad973fc7e2231c928c0712a8c6f9ec8e5ccdb000,5247434efffe01013008000010000100,,NCGR graphics,Confirmed,True,False,,,,,,,,,,False,False
/graphic/ntag_gra.narc,/graphic/ntag_gra.narc!/member_00058,0,/graphic/ntag_gra.narc,349,58,,123440,125536,122316,124412,2096,10afa3b789bcdb3cbbf34a448b2519bc6cfce72ede656c71d7a2130900cc99e1,5247434efffe01013008000010000100,,NCGR graphics,Confirmed,True,False,,,,,,,,,,False,False
/graphic/ntag_gra.narc,/graphic/ntag_gra.narc!/member_00059,0,/graphic/ntag_gra.narc,349,59,,125536,127632,124412,126508,2096,77d12e75a8597ed6be61113ce649a3d3be4e964ce6469432d36cc3029d35f64a,5247434efffe01013008000010000100,,NCGR graphics,Confirmed,True,False,,,,,,,,,,False,False
/graphic/ntag_gra.narc,/graphic/ntag_gra.narc!/member_00060,0,/graphic/ntag_gra.narc,349,60,,127632,129728,126508,128604,2096,dc7331e092638d250a2e0a85627aa95aa6607d4bfaaacc21c50947fd8f2a10c4,5247434efffe01013008000010000100,,NCGR graphics,Confirmed,True,False,,,,,,,,,,False,False
/graphic/ntag_gra.narc,/graphic/ntag_gra.narc!/member_00061,0,/graphic/ntag_gra.narc,349,61,,129728,131824,128604,130700,2096,eb994bd8ed5657a90672f88e22e05e42885eb1cb91a50303d1a05b95831aed96,5247434efffe01013008000010000100,,NCGR graphics,Confirmed,True,False,,,,,,,,,,False,False
/graphic/ntag_gra.narc,/graphic/ntag_gra.narc!/member_00062,0,/graphic/ntag_gra.narc,349,62,,131824,133920,130700,132796,2096,f9ca6676236059dd6aee78fabcfddb4076a50a96e55389e44177ad9de9ce082c,5247434efffe01013008000010000100,,NCGR graphics,Confirmed,True,False,,,,,,,,,,False,False
/graphic/ntag_gra.narc,/graphic/ntag_gra.narc!/member_00063,0,/graphic/ntag_gra.narc,349,63,,133920,136016,132796,134892,2096,60c28bf452b98370fc5d283e14e7df7e413f9e477646ae2b69692656a68f83eb,5247434efffe01013008000010000100,,NCGR graphics,Confirmed,True,False,,,,,,,,,,False,False
/graphic/ntag_gra.narc,/graphic/ntag_gra.narc!/member_00064,0,/graphic/ntag_gra.narc,349,64,,136016,138112,134892,136988,2096,6377d7e15418ae8da64379e4eddc92c38e769f1ec55f77bcf14e512dd7b78fcd,5247434efffe01013008000010000100,,NCGR graphics,Confirmed,True,False,,,,,,,,,,False,False
/graphic/ntag_gra.narc,/graphic/ntag_gra.narc!/member_00065,0,/graphic/ntag_gra.narc,349,65,,138112,140208,136988,139084,2096,18bb8eef6c53193b0a8d2d6567a9e59a7c4a7801a5b20cdac85a09ff3f3587a6,5247434efffe01013008000010000100,,NCGR graphics,Confirmed,True,False,,,,,,,,,,False,False
/graphic/ntag_gra.narc,/graphic/ntag_gra.narc!/member_00066,0,/graphic/ntag_gra.narc,349,66,,140208,142304,139084,141180,2096,e1af98f23b99b11175edad7378dc93e2f4ea33fb3a320406f82309760d86caeb,5247434efffe01013008000010000100,,NCGR graphics,Confirmed,True,False,,,,,,,,,,False,False
/graphic/ntag_gra.narc,/graphic/ntag_gra.narc!/member_00067,0,/graphic/ntag_gra.narc,349,67,,142304,144400,141180,143276,2096,0c5b0c6c4314333446a5b5f48d554ae6fbe84e5e56ff66f92bc29943953e3ee7,5247434efffe01013008000010000100,,NCGR graphics,Confirmed,True,False,,,,,,,,,,False,False
/graphic/ntag_gra.narc,/graphic/ntag_gra.narc!/member_00068,0,/graphic/ntag_gra.narc,349,68,,144400,146496,143276,145372,2096,150583064e9ac1ec80ab44c1b4797e60eca9a31e5510938821f45a13bcfd6934,5247434efffe01013008000010000100,,NCGR graphics,Confirmed,True,False,,,,,,,,,,False,False
/graphic/ntag_gra.narc,/graphic/ntag_gra.narc!/member_00069,0,/graphic/ntag_gra.narc,349,69,,146496,148592,145372,147468,2096,2c7c177213668894089fd61185a0a459fdcf14544b181a4e9e09820549f2ca3c,5247434efffe01013008000010000100,,NCGR graphics,Confirmed,True,False,,,,,,,,,,False,False
/graphic/ntag_gra.narc,/graphic/ntag_gra.narc!/member_00070,0,/graphic/ntag_gra.narc,349,70,,148592,149144,147468,148020,552,e7ad952036b2d7616875eafa514779ce97fb76b11be742f4d9660dfb5fb8d900,524c434efffe00012802000010000100,,NCLR palette,Confirmed,True,False,,,,,,,,,,False,False
/graphic/ntag_gra.narc,/graphic/ntag_gra.narc!/member_00071,0,/graphic/ntag_gra.narc,349,71,,149144,149696,148020,148572,552,f6f293bc7a937e33205e71d1731177a5ce84ee847e37773f72756d6211ff80b2,524c434efffe00012802000010000100,,NCLR palette,Confirmed,True,False,,,,,,,,,,False,False
/graphic/ntag_gra.narc,/graphic/ntag_gra.narc!/member_00072,0,/graphic/ntag_gra.narc,349,72,,149696,150248,148572,149124,552,045ec310d65a48a528c676a91d88411bb9217dcbc29b434353da9ae7133a57cc,524c434efffe00012802000010000100,,NCLR palette,Confirmed,True,False,,,,,,,,,,False,False
/graphic/ntag_gra.narc,/graphic/ntag_gra.narc!/member_00073,0,/graphic/ntag_gra.narc,349,73,,150248,150800,149124,149676,552,d5b8904b40863466a88f702536563e031b08ca98d8ccca0f1726c55954694298,524c434efffe00012802000010000100,,NCLR palette,Confirmed,True,False,,,,,,,,,,False,False
/graphic/ntag_gra.narc,/graphic/ntag_gra.narc!/member_00074,0,/graphic/ntag_gra.narc,349,74,,150800,151352,149676,150228,552,33ee42dccc4767677b70e5e13a1b9b4bd2dd3fa330bcf3ce2aca426cad01f579,524c434efffe00012802000010000100,,NCLR palette,Confirmed,True,False,,,,,,,,,,False,False
/graphic/ntag_gra.narc,/graphic/ntag_gra.narc!/member_00075,0,/graphic/ntag_gra.narc,349,75,,151352,151904,150228,150780,552,824cc9be7a4b36cce400ec6d79f86469701f0e2a11322d101674993bf0967601,524c434efffe00012802000010000100,,NCLR palette,Confirmed,True,False,,,,,,,,,,False,False
/graphic/ntag_gra.narc,/graphic/ntag_gra.narc!/member_00076,0,/graphic/ntag_gra.narc,349,76,,151904,152456,150780,151332,552,5c52d4ab28139dee3ec882c55effd3adffce9da7e420361c68862d9604fc2520,524c434efffe00012802000010000100,,NCLR palette,Confirmed,True,False,,,,,,,,,,False,False
/graphic/ntag_gra.narc,/graphic/ntag_gra.narc!/member_00077,0,/graphic/ntag_gra.narc,349,77,,152456,153008,151332,151884,552,2e89ae7abfd1ed2811b4abe93e5b80aedeb1e811ed17425bbe884fdbdb4894d4,524c434efffe00012802000010000100,,NCLR palette,Confirmed,True,False,,,,,,,,,,False,False
/graphic/ntag_gra.narc,/graphic/ntag_gra.narc!/member_00078,0,/graphic/ntag_gra.narc,349,78,,153008,153560,151884,152436,552,4c8b7df70c77563eaa4e724e27d634732ab70dd9512c5c6118cbea3b1ba47c2d,524c434efffe00012802000010000100,,NCLR palette,Confirmed,True,False,,,,,,,,,,False,False
/graphic/ntag_gra.narc,/graphic/ntag_gra.narc!/member_00079,0,/graphic/ntag_gra.narc,349,79,,153560,154112,152436,152988,552,3785477d591c849e1d18115a32e9fd506a1516d8c0d2a5ff904b9bb1ae39a617,524c434efffe00012802000010000100,,NCLR palette,Confirmed,True,False,,,,,,,,,,False,False
/graphic/ntag_gra.narc,/graphic/ntag_gra.narc!/member_00080,0,/graphic/ntag_gra.narc,349,80,,154112,154664,152988,153540,552,6cccc6c296765839c8c311d179a24603954a6e537bc158af55699c691f907b7e,524c434efffe00012802000010000100,,NCLR palette,Confirmed,True,False,,,,,,,,,,False,False
/graphic/ntag_gra.narc,/graphic/ntag_gra.narc!/member_00081,0,/graphic/ntag_gra.narc,349,81,,154664,155216,153540,154092,552,b982f07046c8ae9e69900260fbd891bc0df4542d16aa757099d8b243fe14b8ed,524c434efffe00012802000010000100,,NCLR palette,Confirmed,True,False,,,,,,,,,,False,False
/graphic/ntag_gra.narc,/graphic/ntag_gra.narc!/member_00082,0,/graphic/ntag_gra.narc,349,82,,155216,155768,154092,154644,552,d764029456993ba2856546af10dd5c241b589c6621b2fbae704deb648e0fe0a1,524c434efffe00012802000010000100,,NCLR palette,Confirmed,True,False,,,,,,,,,,False,False
/graphic/ntag_gra.narc,/graphic/ntag_gra.narc!/member_00083,0,/graphic/ntag_gra.narc,349,83,,155768,156320,154644,155196,552,38f6ebd4002d71f4e93829e0cb38b0d5aeafb46c055b8b695d569ab5aee7cf59,524c434efffe00012802000010000100,,NCLR palette,Confirmed,True,False,,,,,,,,,,False,False
/graphic/ntag_gra.narc,/graphic/ntag_gra.narc!/member_00084,0,/graphic/ntag_gra.narc,349,84,,156320,156872,155196,155748,552,0eab0832c6d6ed23dc60e649ee507b802b04df0be37bd8b01a911cb15ddd8e86,524c434efffe00012802000010000100,,NCLR palette,Confirmed,True,False,,,,,,,,,,False,False
/graphic/ntag_gra.narc,/graphic/ntag_gra.narc!/member_00085,0,/graphic/ntag_gra.narc,349,85,,156872,157424,155748,156300,552,a1708fe0107b07091a74f09bf198d0b5888545aec53f919875a72ea43e09d6ed,524c434efffe00012802000010000100,,NCLR palette,Confirmed,True,False,,,,,,,,,,False,False
/graphic/ntag_gra.narc,/graphic/ntag_gra.narc!/member_00086,0,/graphic/ntag_gra.narc,349,86,,157424,157976,156300,156852,552,5bb8d58c0fd3f7263b8cf1e3b9bde2183f4be3f21d26b29aa3b1697f073a8a33,524c434efffe00012802000010000100,,NCLR palette,Confirmed,True,False,,,,,,,,,,False,False
/graphic/ntag_gra.narc,/graphic/ntag_gra.narc!/member_00087,0,/graphic/ntag_gra.narc,349,87,,157976,158528,156852,157404,552,44981c0d574d2e933c8c7a0afd32e9a0fb67e9e9dcc4f372f008864303c8e2ad,524c434efffe00012802000010000100,,NCLR palette,Confirmed,True,False,,,,,,,,,,False,False
/graphic/ntag_gra.narc,/graphic/ntag_gra.narc!/member_00088,0,/graphic/ntag_gra.narc,349,88,,158528,159080,157404,157956,552,409b04ec23b3f458335dff3482f2b0da7b1885ded47b98ab0a77e351653ff587,524c434efffe00012802000010000100,,NCLR palette,Confirmed,True,False,,,,,,,,,,False,False
/graphic/ntag_gra.narc,/graphic/ntag_gra.narc!/member_00089,0,/graphic/ntag_gra.narc,349,89,,159080,159632,157956,158508,552,c0fb7f2f9b1e2a3540e3aa11a91ef909bbb5493991f52a3b2cd553d0ecfcc953,524c434efffe00012802000010000100,,NCLR palette,Confirmed,True,False,,,,,,,,,,False,False
/graphic/ntag_gra.narc,/graphic/ntag_gra.narc!/member_00090,0,/graphic/ntag_gra.narc,349,90,,159632,160184,158508,159060,552,e78f89fefc5fc8ebe4821bc82e8ded231350a70bd7ef3ee276ed1925cf54e3a8,524c434efffe00012802000010000100,,NCLR palette,Confirmed,True,False,,,,,,,,,,False,False
/graphic/ntag_gra.narc,/graphic/ntag_gra.narc!/member_00091,0,/graphic/ntag_gra.narc,349,91,,160184,160736,159060,159612,552,b337cec5184d427f5653430722c6745bce092c222b7486e46c2f5efa4e3cfd1b,524c434efffe00012802000010000100,,NCLR palette,Confirmed,True,False,,,,,,,,,,False,False
/graphic/ntag_gra.narc,/graphic/ntag_gra.narc!/member_00092,0,/graphic/ntag_gra.narc,349,92,,160736,161288,159612,160164,552,2a7eebd71e9a522638b81ef902dd9d7de4b9aff450297f679c97126a482f93c5,524c434efffe00012802000010000100,,NCLR palette,Confirmed,True,False,,,,,,,,,,False,False
/graphic/ntag_gra.narc,/graphic/ntag_gra.narc!/member_00093,0,/graphic/ntag_gra.narc,349,93,,161288,161840,160164,160716,552,09095ce5b014ad2f56afa73e10ac691579758d45567a317edc5e72f116613136,524c434efffe00012802000010000100,,NCLR palette,Confirmed,True,False,,,,,,,,,,False,False
/graphic/ntag_gra.narc,/graphic/ntag_gra.narc!/member_00094,0,/graphic/ntag_gra.narc,349,94,,161840,162392,160716,161268,552,7d643b855b9067cb0cdeaca182533a88a460d96bb1005f39b0805fd12004fdba,524c434efffe00012802000010000100,,NCLR palette,Confirmed,True,False,,,,,,,,,,False,False
/graphic/ntag_gra.narc,/graphic/ntag_gra.narc!/member_00095,0,/graphic/ntag_gra.narc,349,95,,162392,162944,161268,161820,552,d135562026aed4afb91f3090eb94cba61df28c5f2f1781a1dd72d7a9726c64fa,524c434efffe00012802000010000100,,NCLR palette,Confirmed,True,False,,,,,,,,,,False,False
/graphic/ntag_gra.narc,/graphic/ntag_gra.narc!/member_00096,0,/graphic/ntag_gra.narc,349,96,,162944,163496,161820,162372,552,bfc1ccaedb2079848db716321ee7f4da35c4860bc68709373c20ac757a9528a9,524c434efffe00012802000010000100,,NCLR palette,Confirmed,True,False,,,,,,,,,,False,False
/graphic/ntag_gra.narc,/graphic/ntag_gra.narc!/member_00097,0,/graphic/ntag_gra.narc,349,97,,163496,164048,162372,162924,552,4371b6277e44eade387c14222b4e57a26ca6da081cd41b20b83b9ce231598227,524c434efffe00012802000010000100,,NCLR palette,Confirmed,True,False,,,,,,,,,,False,False
/graphic/ntag_gra.narc,/graphic/ntag_gra.narc!/member_00098,0,/graphic/ntag_gra.narc,349,98,,164048,164600,162924,163476,552,77df1094ee363360c02b63186d96c1203041021746a84dbaeb98d6e885e02bfc,524c434efffe00012802000010000100,,NCLR palette,Confirmed,True,False,,,,,,,,,,False,False
/graphic/ntag_gra.narc,/graphic/ntag_gra.narc!/member_00099,0,/graphic/ntag_gra.narc,349,99,,164600,165152,163476,164028,552,ee624ceb98dad12a879a1ecd1a401f323e729a0351fdc8f470d5e44038bf57e1,524c434efffe00012802000010000100,,NCLR palette,Confirmed,True,False,,,,,,,,,,False,False
/graphic/ntag_gra.narc,/graphic/ntag_gra.narc!/member_00100,0,/graphic/ntag_gra.narc,349,100,,165152,165704,164028,164580,552,d48266c479701a6fd11d44288dc9bd4514c20c6ec3bb7c5720d14f6f527c7336,524c434efffe00012802000010000100,,NCLR palette,Confirmed,True,False,,,,,,,,,,False,False
/graphic/ntag_gra.narc,/graphic/ntag_gra.narc!/member_00101,0,/graphic/ntag_gra.narc,349,101,,165704,166256,164580,165132,552,48054d5ee918b2312346978adbd65b63351c24593daeb1b4feed56ed55dda904,524c434efffe00012802000010000100,,NCLR palette,Confirmed,True,False,,,,,,,,,,False,False
/graphic/ntag_gra.narc,/graphic/ntag_gra.narc!/member_00102,0,/graphic/ntag_gra.narc,349,102,,166256,166808,165132,165684,552,f2d96b2b5b407aa89a7d9064217784f4355ff20584c63e6665cafd9ea807de6e,524c434efffe00012802000010000100,,NCLR palette,Confirmed,True,False,,,,,,,,,,False,False
/graphic/ntag_gra.narc,/graphic/ntag_gra.narc!/member_00103,0,/graphic/ntag_gra.narc,349,103,,166808,167360,165684,166236,552,d4e785be97eeb6716c6d15cd08436c57e076e3908aa512644944afc58ca76c42,524c434efffe00012802000010000100,,NCLR palette,Confirmed,True,False,,,,,,,,,,False,False
/graphic/ntag_gra.narc,/graphic/ntag_gra.narc!/member_00104,0,/graphic/ntag_gra.narc,349,104,,167360,167912,166236,166788,552,8c5d9da5142a810ffd1980814f7178b1e6cc24e0d8cd574bf61e233928f2545e,524c434efffe00012802000010000100,,NCLR palette,Confirmed,True,False,,,,,,,,,,False,False
/graphic/ntag_gra.narc,/graphic/ntag_gra.narc!/member_00105,0,/graphic/ntag_gra.narc,349,105,,167912,168464,166788,167340,552,5948c280eb956c5adedb1f2fe8c5257d639d30dc21b3adb82a4acc1316344278,524c434efffe00012802000010000100,,NCLR palette,Confirmed,True,False,,,,,,,,,,False,False
/graphic/ntag_gra.narc,/graphic/ntag_gra.narc!/member_00106,0,/graphic/ntag_gra.narc,349,106,,168464,169016,167340,167892,552,95d605bd00bddfff88e48a0274e82379ebe46389e4f3e9630180aed1f300dc04,524c434efffe00012802000010000100,,NCLR palette,Confirmed,True,False,,,,,,,,,,False,False
/graphic/ntag_gra.narc,/graphic/ntag_gra.narc!/member_00107,0,/graphic/ntag_gra.narc,349,107,,169016,169568,167892,168444,552,d887872a71a3eb3ab8361ad59ff524eb22d312c6f8bfc4cf55e818045464ebbb,524c434efffe00012802000010000100,,NCLR palette,Confirmed,True,False,,,,,,,,,,False,False
/graphic/ntag_gra.narc,/graphic/ntag_gra.narc!/member_00108,0,/graphic/ntag_gra.narc,349,108,,169568,170120,168444,168996,552,a836c436c781845c70f1be0464c44ebc227c62bc0d13526c5eec7ce3e1ed5996,524c434efffe00012802000010000100,,NCLR palette,Confirmed,True,False,,,,,,,,,,False,False
/graphic/ntag_gra.narc,/graphic/ntag_gra.narc!/member_00109,0,/graphic/ntag_gra.narc,349,109,,170120,170672,168996,169548,552,943e26f4a3508e4bd18d51253060e32f24e6557afbf2617a57cac1dc50a395cf,524c434efffe00012802000010000100,,NCLR palette,Confirmed,True,False,,,,,,,,,,False,False
/graphic/ntag_gra.narc,/graphic/ntag_gra.narc!/member_00110,0,/graphic/ntag_gra.narc,349,110,,170672,171224,169548,170100,552,949978e57b8397500b5b3d6cef6cd85620c62ffa995e9c00ba5963fd34ce5f55,524c434efffe00012802000010000100,,NCLR palette,Confirmed,True,False,,,,,,,,,,False,False
/graphic/ntag_gra.narc,/graphic/ntag_gra.narc!/member_00111,0,/graphic/ntag_gra.narc,349,111,,171224,171776,170100,170652,552,d6f9bb05267c274d8cc6ed48672e300cdf15bcce1a81e2a493a60f9d9a8e82cd,524c434efffe00012802000010000100,,NCLR palette,Confirmed,True,False,,,,,,,,,,False,False
/graphic/ntag_gra.narc,/graphic/ntag_gra.narc!/member_00112,0,/graphic/ntag_gra.narc,349,112,,171776,172328,170652,171204,552,44e496470a8946f166a00a28e63031885f8ea0e45902d89a74cc73fb0a19be01,524c434efffe00012802000010000100,,NCLR palette,Confirmed,True,False,,,,,,,,,,False,False
/graphic/ntag_gra.narc,/graphic/ntag_gra.narc!/member_00113,0,/graphic/ntag_gra.narc,349,113,,172328,172880,171204,171756,552,79fa7ea2a75f060e487601676f6da523360beef4f59ffaebf88a8f27e3493d9d,524c434efffe00012802000010000100,,NCLR palette,Confirmed,True,False,,,,,,,,,,False,False
/graphic/ntag_gra.narc,/graphic/ntag_gra.narc!/member_00114,0,/graphic/ntag_gra.narc,349,114,,172880,173432,171756,172308,552,9ed414466a0c1bdc9f3acf964c8718ecd60986a4c05782149e7ac7eca9dc91ff,524c434efffe00012802000010000100,,NCLR palette,Confirmed,True,False,,,,,,,,,,False,False
/graphic/ntag_gra.narc,/graphic/ntag_gra.narc!/member_00115,0,/graphic/ntag_gra.narc,349,115,,173432,173984,172308,172860,552,d77a01ff449be37f3e70535ad7f0a18d2e4b53f210757dc7fa897508baad9609,524c434efffe00012802000010000100,,NCLR palette,Confirmed,True,False,,,,,,,,,,False,False
/graphic/ntag_gra.narc,/graphic/ntag_gra.narc!/member_00116,0,/graphic/ntag_gra.narc,349,116,,173984,174536,172860,173412,552,da23e9873be164c7e6c3ad19c5a3c7e17426379fdeaf433c264db8f630f6f22f,524c434efffe00012802000010000100,,NCLR palette,Confirmed,True,False,,,,,,,,,,False,False
/graphic/ntag_gra.narc,/graphic/ntag_gra.narc!/member_00117,0,/graphic/ntag_gra.narc,349,117,,174536,175088,173412,173964,552,87f01dc3ce68cc4604ebd3fa7951b053c8997b54d9174ae62cef9607c784b803,524c434efffe00012802000010000100,,NCLR palette,Confirmed,True,False,,,,,,,,,,False,False
/graphic/ntag_gra.narc,/graphic/ntag_gra.narc!/member_00118,0,/graphic/ntag_gra.narc,349,118,,175088,175640,173964,174516,552,473b82609d9f110434972562f9381684498a1d852e4fe0be44fed5ec30c51eff,524c434efffe00012802000010000100,,NCLR palette,Confirmed,True,False,,,,,,,,,,False,False
/graphic/ntag_gra.narc,/graphic/ntag_gra.narc!/member_00119,0,/graphic/ntag_gra.narc,349,119,,175640,176192,174516,175068,552,27ceebea305a18ef7b9a32a6ba1b53d3a31e367a38e11ce5f6971f3262ad470d,524c434efffe00012802000010000100,,NCLR palette,Confirmed,True,False,,,,,,,,,,False,False
/graphic/ntag_gra.narc,/graphic/ntag_gra.narc!/member_00120,0,/graphic/ntag_gra.narc,349,120,,176192,176744,175068,175620,552,4fefa6307e645f8593ba26a96f91c15309eb3c64569c3db8be32d40c8eba2fd5,524c434efffe00012802000010000100,,NCLR palette,Confirmed,True,False,,,,,,,,,,False,False
/graphic/ntag_gra.narc,/graphic/ntag_gra.narc!/member_00121,0,/graphic/ntag_gra.narc,349,121,,176744,177296,175620,176172,552,c16f023c9de6c278ecd4391edb1b7ef26e77192eda31551748ca3020c99db7f8,524c434efffe00012802000010000100,,NCLR palette,Confirmed,True,False,,,,,,,,,,False,False
/graphic/ntag_gra.narc,/graphic/ntag_gra.narc!/member_00122,0,/graphic/ntag_gra.narc,349,122,,177296,177848,176172,176724,552,43d9393975ff5b084f28edf89fbaeff345de21c13ce13d85e28d0637f7547057,524c434efffe00012802000010000100,,NCLR palette,Confirmed,True,False,,,,,,,,,,False,False
/graphic/ntag_gra.narc,/graphic/ntag_gra.narc!/member_00123,0,/graphic/ntag_gra.narc,349,123,,177848,178400,176724,177276,552,4e3304110c72934fbc508193777c0e8d142be0b45547a51d8af155ea5b3489a8,524c434efffe00012802000010000100,,NCLR palette,Confirmed,True,False,,,,,,,,,,False,False
/graphic/ntag_gra.narc,/graphic/ntag_gra.narc!/member_00124,0,/graphic/ntag_gra.narc,349,124,,178400,178952,177276,177828,552,1dedbe546d6b4c7aff5d3afa3798039532ed86c16cf68aa4fa5b8e4689d302d1,524c434efffe00012802000010000100,,NCLR palette,Confirmed,True,False,,,,,,,,,,False,False
/graphic/ntag_gra.narc,/graphic/ntag_gra.narc!/member_00125,0,/graphic/ntag_gra.narc,349,125,,178952,179504,177828,178380,552,4ebf6be48317935813d93b23e921070f46367184f085d8cc2c31ece9c43cbc50,524c434efffe00012802000010000100,,NCLR palette,Confirmed,True,False,,,,,,,,,,False,False
/graphic/ntag_gra.narc,/graphic/ntag_gra.narc!/member_00126,0,/graphic/ntag_gra.narc,349,126,,179504,180056,178380,178932,552,6e12dd302e602f064b7421ee26f835baf30ebb86f289fd23f956205d293c1720,524c434efffe00012802000010000100,,NCLR palette,Confirmed,True,False,,,,,,,,,,False,False
/graphic/ntag_gra.narc,/graphic/ntag_gra.narc!/member_00127,0,/graphic/ntag_gra.narc,349,127,,180056,180608,178932,179484,552,5d4f16802b27cab259343a042999d0a65ffdf0994e236dc78f2d7552c8e28f1f,524c434efffe00012802000010000100,,NCLR palette,Confirmed,True,False,,,,,,,,,,False,False
/graphic/ntag_gra.narc,/graphic/ntag_gra.narc!/member_00128,0,/graphic/ntag_gra.narc,349,128,,180608,181160,179484,180036,552,5b7a8c7adb7da3d3d257df324d24981b3ac54dd07092ab2911d51fb5a9dcce96,524c434efffe00012802000010000100,,NCLR palette,Confirmed,True,False,,,,,,,,,,False,False
/graphic/ntag_gra.narc,/graphic/ntag_gra.narc!/member_00129,0,/graphic/ntag_gra.narc,349,129,,181160,181712,180036,180588,552,c5d5900394b3ea57d77d15a62835d55996f9941d23c841a64ed59c9a9fac4528,524c434efffe00012802000010000100,,NCLR palette,Confirmed,True,False,,,,,,,,,,False,False
/graphic/ntag_gra.narc,/graphic/ntag_gra.narc!/member_00130,0,/graphic/ntag_gra.narc,349,130,,181712,182264,180588,181140,552,cd95da0f87b2f620cfc1306822bc7b84e94d7c1ba89dd63ff8385be95c871e8a,524c434efffe00012802000010000100,,NCLR palette,Confirmed,True,False,,,,,,,,,,False,False
/graphic/ntag_gra.narc,/graphic/ntag_gra.narc!/member_00131,0,/graphic/ntag_gra.narc,349,131,,182264,182816,181140,181692,552,c2b6a9f2e00a1d9988bb7a30ae57a9e8dcd7d305fb713bf033aa4d995b83d035,524c434efffe00012802000010000100,,NCLR palette,Confirmed,True,False,,,,,,,,,,False,False
/graphic/ntag_gra.narc,/graphic/ntag_gra.narc!/member_00132,0,/graphic/ntag_gra.narc,349,132,,182816,183368,181692,182244,552,027078d364f84658535813c61edabc8a7452dab9b5717c1ae725da56a6198b7d,524c434efffe00012802000010000100,,NCLR palette,Confirmed,True,False,,,,,,,,,,False,False
/graphic/ntag_gra.narc,/graphic/ntag_gra.narc!/member_00133,0,/graphic/ntag_gra.narc,349,133,,183368,183920,182244,182796,552,2774692b494f198f7da7c210f3215702e1a04a9b2644c59f4df1168b4d36a54a,524c434efffe00012802000010000100,,NCLR palette,Confirmed,True,False,,,,,,,,,,False,False
/graphic/oekaki.narc,/graphic/oekaki.narc!/member_00000,0,/graphic/oekaki.narc,350,0,,124,676,0,552,552,23113b3db36eb78cefff5d60f7b5ca8b58d3b5c45092b2a87f55587537e4b823,524c434efffe00012802000010000100,,NCLR palette,Confirmed,True,False,,,,,,,,,,False,False
/graphic/oekaki.narc,/graphic/oekaki.narc!/member_00001,0,/graphic/oekaki.narc,350,1,,676,1228,552,1104,552,d70086ce86445ccb03a13ab5e6942dd7b5d354a5748ab445b9957fb006ad78bb,524c434efffe00012802000010000100,,NCLR palette,Confirmed,True,False,,,,,,,,,,False,False
/graphic/oekaki.narc,/graphic/oekaki.narc!/member_00002,0,/graphic/oekaki.narc,350,2,,1228,1598,1104,1474,370,3fdf3346cf605b5e4e7820c2cb52b404dc99821f9abb17fa5dbab5165f902097,10400600005247434efffe0101004006,,Nintendo LZ10,Probable,,True,Nintendo LZ10,Confirmed,True,1600,True,1600,f4e686c3ef012ea33ce2858e68a6188f176bf232288487b51a687df3c6fc8e46,NCGR graphics,Confirmed,False,False
/graphic/oekaki.narc,/graphic/oekaki.narc!/member_00003,0,/graphic/oekaki.narc,350,3,,1600,2048,1476,1924,448,24a1d5e6f22cd1133ce4f661e989ea004c369a58a6244663cc26c1236e487cb2,10000700005247434efffe0101000007,,Nintendo LZ10,Probable,,True,Nintendo LZ10,Confirmed,True,1792,True,1792,5b1ffec39b25592024c3f82804f3e7de4021e66f038b6c91743b0458d5c0542a,NCGR graphics,Confirmed,False,False
/graphic/oekaki.narc,/graphic/oekaki.narc!/member_00004,0,/graphic/oekaki.narc,350,4,,2048,2345,1924,2221,297,41e40e251eccfc8360fd5921c2977568dbbb8fa2cf46307e80caaf3975eaee39,10240600005243534efffe0001002406,,Nintendo LZ10,Probable,,True,Nintendo LZ10,Confirmed,True,1572,True,1572,8dcdf745ca91c6be5a687b20e025907b8e65e47212d0e5f08b735db0e64201d5,NSCR screen map,Confirmed,False,False
/graphic/oekaki.narc,/graphic/oekaki.narc!/member_00005,0,/graphic/oekaki.narc,350,5,,2348,2611,2224,2487,263,3dbae8eab07594052073718838b7d73d3ac8c68e49e30653bb950ebc206608d9,10240600005243534efffe0001002406,,Nintendo LZ10,Probable,,True,Nintendo LZ10,Confirmed,True,1572,True,1572,70e6a87d53fda8a915f7deeca939cb0c62fb10db04539ed26771289095cb0d12,NSCR screen map,Confirmed,False,False
/graphic/oekaki.narc,/graphic/oekaki.narc!/member_00006,0,/graphic/oekaki.narc,350,6,,2612,4054,2488,3930,1442,d2cec459cff1698429f5e5d92c4b3e9b866c8ce710975d2c3377fd7f8a31be2d,10701d00005247434efffe010100701d,,Nintendo LZ10,Probable,,True,Nintendo LZ10,Confirmed,True,7536,True,7536,e5d8a5f024f1ac8add7ecc80542c2a2312c66666030201d185c1d34bdf0dfa0c,NCGR graphics,Confirmed,False,False
/graphic/oekaki.narc,/graphic/oekaki.narc!/member_00007,0,/graphic/oekaki.narc,350,7,,4056,4725,3932,4601,669,4c4c1cf203f36b9e3519e36a28ea7772a03f0cfc819deb93d2321b3a470bb42e,10560500005245434efffe0001005605,,Nintendo LZ10,Probable,,True,Nintendo LZ10,Confirmed,True,1366,True,1366,192edcad6077cfcf52adbef34d3199c5a04149e53695fa46dd6238b0a53647c8,NCER cell,Confirmed,False,False
/graphic/oekaki.narc,/graphic/oekaki.narc!/member_00008,0,/graphic/oekaki.narc,350,8,,4728,5410,4604,5286,682,90dc050c95823d75362dad9cde01d36ff04d900bcb3dd80186ba8378f56d6667,1052060000524e414efffe0001005206,,Nintendo LZ10,Probable,,True,Nintendo LZ10,Confirmed,True,1618,True,1618,2462c2a20fe92078e475e584db2b5155ac14a73a172989509a5e4bcaaae1224e,NANR animation,Confirmed,False,False
/graphic/opening.narc,/graphic/opening.narc!/member_00000,0,/graphic/opening.narc,351,0,,220,1280,0,1060,1060,7fc918bb8749fac62cd885a876e71bce1359b4268fbc9c72a8930ce768c40704,5243534efffe00012404000010000100,,NSCR screen map,Confirmed,True,False,,,,,,,,,,False,False
/graphic/opening.narc,/graphic/opening.narc!/member_00001,0,/graphic/opening.narc,351,1,,1280,2340,1060,2120,1060,0cb23b5b8481909fcf877c13dc29daf1dd0b85254a42455ddf26f82676e5a47b,5243534efffe00012404000010000100,,NSCR screen map,Confirmed,True,False,,,,,,,,,,False,False
/graphic/opening.narc,/graphic/opening.narc!/member_00002,0,/graphic/opening.narc,351,2,,2340,4452,2120,4232,2112,27e29b5d211d7328c8986c8c9d5e062fdb2521a2eb07484bf85cb73979f39fca,5247434efffe01014008000010000200,,NCGR graphics,Confirmed,True,False,,,,,,,,,,False,False
/graphic/opening.narc,/graphic/opening.narc!/member_00003,0,/graphic/opening.narc,351,3,,4452,6024,4232,5804,1572,eff297d363f8a873ef858f6e83acb7ca9228a92a9a8ab4f29d225f028c2a5273,5243534efffe00012406000010000100,,NSCR screen map,Confirmed,True,False,,,,,,,,,,False,False
/graphic/opening.narc,/graphic/opening.narc!/member_00004,0,/graphic/opening.narc,351,4,,6024,7596,5804,7376,1572,51b76e204357b4b8e1d7093b1ae22160e35f248f9f59a7b50513f60a086524f2,5243534efffe00012406000010000100,,NSCR screen map,Confirmed,True,False,,,,,,,,,,False,False
/graphic/opening.narc,/graphic/opening.narc!/member_00005,0,/graphic/opening.narc,351,5,,7596,8148,7376,7928,552,809c7d56e231b8ac9a5777ca20f0412921e2bcd6af53f1a033849c4bae83e108,524c434efffe00012802000010000100,,NCLR palette,Confirmed,True,False,,,,,,,,,,False,False
/graphic/opening.narc,/graphic/opening.narc!/member_00006,0,/graphic/opening.narc,351,6,,8148,8700,7928,8480,552,30eff511b0e8540916d31ecb7a0c83a8c509a5ef5705a05050058af1eb6881c0,524c434efffe00012802000010000100,,NCLR palette,Confirmed,True,False,,,,,,,,,,False,False
/graphic/opening.narc,/graphic/opening.narc!/member_00007,0,/graphic/opening.narc,351,7,,8700,8854,8480,8634,154,2db7fb78dd747f600d608eae538a07457399a8d7d5d878debe6439464a1d543f,524e414efffe00019a00000010000300,,NANR animation,Confirmed,True,False,,,,,,,,,,False,False
/graphic/opening.narc,/graphic/opening.narc!/member_00008,0,/graphic/opening.narc,351,8,,8856,9018,8636,8798,162,d6da115210cd5b1987769c116a95ea675db523633a33ffbf7dc3b891d3aeb5b6,5245434efffe0001a200000010000300,,NCER cell,Confirmed,True,False,,,,,,,,,,False,False
/graphic/opening.narc,/graphic/opening.narc!/member_00009,0,/graphic/opening.narc,351,9,,9020,9572,8800,9352,552,ebde89263df4485c4c3f04820cbbddae266f498d3fe5caf7871be1202b78623c,524c434efffe00012802000010000100,,NCLR palette,Confirmed,True,False,,,,,,,,,,False,False
/graphic/opening.narc,/graphic/opening.narc!/member_00010,0,/graphic/opening.narc,351,10,,9572,9683,9352,9463,111,30249884bd91f10bc9d4e13e7b1495f09991b6f488405a0cdbb61cfb402d10ca,524e414efffe00016f00000010000300,,NANR animation,Confirmed,True,False,,,,,,,,,,False,False
/graphic/opening.narc,/graphic/opening.narc!/member_00011,0,/graphic/opening.narc,351,11,,9684,9811,9464,9591,127,ba45f2783ee1759ef6d8a920f4e9b47f6e53e9349ba868a41020287c1ca9c27f,5245434efffe00017f00000010000300,,NCER cell,Confirmed,True,False,,,,,,,,,,False,False
/graphic/opening.narc,/graphic/opening.narc!/member_00012,0,/graphic/opening.narc,351,12,,9812,10364,9592,10144,552,fe2de50f2b5f45e06825d02b1fd707f02d32141045b41be94bc96ed31a6b9262,524c434efffe00012802000010000100,,NCLR palette,Confirmed,True,False,,,,,,,,,,False,False
/graphic/opening.narc,/graphic/opening.narc!/member_00013,0,/graphic/opening.narc,351,13,,10364,17596,10144,17376,7232,701b72f13408767c2fa50c94f40865b693065d37ed2776806d94619ce0f65cf2,5247434efffe0101401c000010000200,,NCGR graphics,Confirmed,True,False,,,,,,,,,,False,False
/graphic/opening.narc,/graphic/opening.narc!/member_00014,0,/graphic/opening.narc,351,14,,17596,18148,17376,17928,552,20abd4af1a2f695a71c9fd3609df665e0327bb9423e130a3add0fa4e825ebc21,524c434efffe00012802000010000100,,NCLR palette,Confirmed,True,False,,,,,,,,,,False,False
/graphic/opening.narc,/graphic/opening.narc!/member_00015,0,/graphic/opening.narc,351,15,,18148,19720,17928,19500,1572,75dbea15b16821a1655aa9e0bc48f1f3ba5a547c26d201057c3f47195c7a7832,5243534efffe00012406000010000100,,NSCR screen map,Confirmed,True,False,,,,,,,,,,False,False
/graphic/opening.narc,/graphic/opening.narc!/member_00016,0,/graphic/opening.narc,351,16,,19720,21292,19500,21072,1572,94adf5d1a677a75b7bbf4ece0bb063e228e45d167a53c2e9b4de486a7f840870,5243534efffe00012406000010000100,,NSCR screen map,Confirmed,True,False,,,,,,,,,,False,False
/graphic/opening.narc,/graphic/opening.narc!/member_00017,0,/graphic/opening.narc,351,17,,21292,22864,21072,22644,1572,4169a44a2e73ccc2e2dbacec5a46ed27e1c93cda00f5112d04843113a013af91,5243534efffe00012406000010000100,,NSCR screen map,Confirmed,True,False,,,,,,,,,,False,False
/graphic/opening.narc,/graphic/opening.narc!/member_00018,0,/graphic/opening.narc,351,18,,22864,24436,22644,24216,1572,df5bc64ec40c3986c67a9e52e95a28a39d301fbd319daaa0d8e6f07814ae5f88,5243534efffe00012406000010000100,,NSCR screen map,Confirmed,True,False,,,,,,,,,,False,False
/graphic/opening.narc,/graphic/opening.narc!/member_00019,0,/graphic/opening.narc,351,19,,24436,26008,24216,25788,1572,340d06c7bbd7c0a1eef1999d27dd8033bd8889e1eb1d7b43e9933e3b5ab725e2,5243534efffe00012406000010000100,,NSCR screen map,Confirmed,True,False,,,,,,,,,,False,False
/graphic/opening.narc,/graphic/opening.narc!/member_00020,0,/graphic/opening.narc,351,20,,26008,27580,25788,27360,1572,27b97109042068837fac02686665432d170c1d65149d7133f2af80e740a9a626,5243534efffe00012406000010000100,,NSCR screen map,Confirmed,True,False,,,,,,,,,,False,False
/graphic/pl_font.narc,/graphic/pl_font.narc!/member_00000,0,/graphic/pl_font.narc,352,0,,132,220849,0,220717,220717,5380562d9d5a3a5baa03de17f4be13c7ae7f2fa3e3cb7187f73ae5deabb9cfda,10000000105c0300700d000010100202,,Nintendo LZ10,Probable,,True,Nintendo LZ10,Probable,True,220176,False,,,,,False,False
/graphic/pl_font.narc,/graphic/pl_font.narc!/member_00001,0,/graphic/pl_font.narc,352,1,,220852,441569,220720,441437,220717,8410176bf0039a9bf43d31d4246465b107abfacf2c06922bbc8549d6950e7d64,10000000105c0300700d000010100202,,Nintendo LZ10,Probable,,True,Nintendo LZ10,Probable,True,220176,False,,,,,False,False
/graphic/pl_font.narc,/graphic/pl_font.narc!/member_00002,0,/graphic/pl_font.narc,352,2,,441572,662289,441440,662157,220717,ad0e6f08fe8a6d4cddfc3ce88fddc1af6a0606b671da9ebe55154ad5c2f4e402,10000000105c0300700d000010100202,,Nintendo LZ10,Probable,,True,Nintendo LZ10,Probable,True,220176,False,,,,,False,False
/graphic/pl_font.narc,/graphic/pl_font.narc!/member_00003,0,/graphic/pl_font.narc,352,3,,662292,695409,662160,695277,33117,40e9bdb43aa9e2d53955081a22b697f4db712740f75e03444aad3fbf62cc3161,10000000507f0000fd01000010100202,,Nintendo LZ10,Probable,,True,Nintendo LZ10,Probable,True,32592,False,,,,,False,False
/graphic/pl_font.narc,/graphic/pl_font.narc!/member_00004,0,/graphic/pl_font.narc,352,4,,695412,695840,695280,695708,428,706c163426d4506122dcf9764a104668436626098460ae5bdcdf0c1b49a49cf2,10200300005247434efffe0101002003,,Nintendo LZ10,Probable,,True,Nintendo LZ10,Confirmed,True,800,True,800,b7295bdb9290af33c87ddde87001d42dab8928a3a8dd76ac0c39c670a373fffd,NCGR graphics,Confirmed,False,False
/graphic/pl_font.narc,/graphic/pl_font.narc!/member_00005,0,/graphic/pl_font.narc,352,5,,695840,697440,695708,697308,1600,c481f918ee468e8e0127f4fc5fd59e270e7d3520f6eedbdf32ebe9032b89e8b8,5247434efffe01014006000010000200,,NCGR graphics,Confirmed,True,False,,,,,,,,,,False,False
/graphic/pl_font.narc,/graphic/pl_font.narc!/member_00006,0,/graphic/pl_font.narc,352,6,,697440,697530,697308,697398,90,bda5804381c67de13cb4b0f0310346f4fdc9016231a3ebd088c2e37ada60de3b,524c434efffe00015a00000010000200,,NCLR palette,Confirmed,True,False,,,,,,,,,,False,False
/graphic/pl_font.narc,/graphic/pl_font.narc!/member_00007,0,/graphic/pl_font.narc,352,7,,697532,697622,697400,697490,90,d9437f0d4b95ee0283dd439f20d5071d1e3ba4923a68b00272597c71f60277c7,524c434efffe00015a00000010000200,,NCLR palette,Confirmed,True,False,,,,,,,,,,False,False
/graphic/pl_font.narc,/graphic/pl_font.narc!/member_00008,0,/graphic/pl_font.narc,352,8,,697624,726820,697492,726688,29196,b5c897b0279efa24c05247a82e4f11080ca77fb58315dceb4ed098556aedc1b2,03000000fd0101001c00000000040000,,,,,False,,,,,,,,,,False,False
/graphic/pl_font.narc,/graphic/pl_font.narc!/member_00009,0,/graphic/pl_font.narc,352,9,,726820,759912,726688,759780,33092,52af99205e7bf77ccdafabffcb54f4f69456e9e0750477fd029224de004b9a79,03000000fd0101001c00000000040000,,,,,False,,,,,,,,,,False,False
/graphic/pl_wifinote.narc,/graphic/pl_wifinote.narc!/member_00000,0,/graphic/pl_wifinote.narc,353,0,,204,756,0,552,552,ff72c48e676e4af880e822661b8cab967a43b529ef4488b7d42ced386c3bfe0d,524c434efffe00012802000010000100,,NCLR palette,Confirmed,True,False,,,,,,,,,,False,False
/graphic/pl_wifinote.narc,/graphic/pl_wifinote.narc!/member_00001,0,/graphic/pl_wifinote.narc,353,1,,756,2328,552,2124,1572,a2af57f5ba2826c2f569d1db400c7692826705b2685abaa78aecbe809b07fa43,5243534efffe00012406000010000100,,NSCR screen map,Confirmed,True,False,,,,,,,,,,False,False
/graphic/pl_wifinote.narc,/graphic/pl_wifinote.narc!/member_00002,0,/graphic/pl_wifinote.narc,353,2,,2328,3900,2124,3696,1572,6ad65af15e925e644c68ab5af1380696482df4ca8638f96f90e4e99e678d780a,5243534efffe00012406000010000100,,NSCR screen map,Confirmed,True,False,,,,,,,,,,False,False
/graphic/pl_wifinote.narc,/graphic/pl_wifinote.narc!/member_00003,0,/graphic/pl_wifinote.narc,353,3,,3900,4960,3696,4756,1060,6781bccc4106aeabb38e43e3071e4f285ffe05a70f8f7f233040956ec4f4b11e,5243534efffe00012404000010000100,,NSCR screen map,Confirmed,True,False,,,,,,,,,,False,False
/graphic/pl_wifinote.narc,/graphic/pl_wifinote.narc!/member_00004,0,/graphic/pl_wifinote.narc,353,4,,4960,6532,4756,6328,1572,a4273b43347a8a0c65b5d7065e7220f682665fea5ecdc8bea107d8cf4d5dbd47,5243534efffe00012406000010000100,,NSCR screen map,Confirmed,True,False,,,,,,,,,,False,False
/graphic/pl_wifinote.narc,/graphic/pl_wifinote.narc!/member_00005,0,/graphic/pl_wifinote.narc,353,5,,6532,8104,6328,7900,1572,64322f04c4d91f9d6aa93bef72d3354004f7cb2e9ae83caa66fe1bd19464e383,5243534efffe00012406000010000100,,NSCR screen map,Confirmed,True,False,,,,,,,,,,False,False
/graphic/pl_wifinote.narc,/graphic/pl_wifinote.narc!/member_00006,0,/graphic/pl_wifinote.narc,353,6,,8104,9676,7900,9472,1572,64322f04c4d91f9d6aa93bef72d3354004f7cb2e9ae83caa66fe1bd19464e383,5243534efffe00012406000010000100,,NSCR screen map,Confirmed,True,False,,,,,,,,,,False,False
/graphic/pl_wifinote.narc,/graphic/pl_wifinote.narc!/member_00007,0,/graphic/pl_wifinote.narc,353,7,,9676,11248,9472,11044,1572,64322f04c4d91f9d6aa93bef72d3354004f7cb2e9ae83caa66fe1bd19464e383,5243534efffe00012406000010000100,,NSCR screen map,Confirmed,True,False,,,,,,,,,,False,False
/graphic/pl_wifinote.narc,/graphic/pl_wifinote.narc!/member_00008,0,/graphic/pl_wifinote.narc,353,8,,11248,12820,11044,12616,1572,64322f04c4d91f9d6aa93bef72d3354004f7cb2e9ae83caa66fe1bd19464e383,5243534efffe00012406000010000100,,NSCR screen map,Confirmed,True,False,,,,,,,,,,False,False
/graphic/pl_wifinote.narc,/graphic/pl_wifinote.narc!/member_00009,0,/graphic/pl_wifinote.narc,353,9,,12820,14392,12616,14188,1572,64322f04c4d91f9d6aa93bef72d3354004f7cb2e9ae83caa66fe1bd19464e383,5243534efffe00012406000010000100,,NSCR screen map,Confirmed,True,False,,,,,,,,,,False,False
/graphic/pl_wifinote.narc,/graphic/pl_wifinote.narc!/member_00010,0,/graphic/pl_wifinote.narc,353,10,,14392,15964,14188,15760,1572,64322f04c4d91f9d6aa93bef72d3354004f7cb2e9ae83caa66fe1bd19464e383,5243534efffe00012406000010000100,,NSCR screen map,Confirmed,True,False,,,,,,,,,,False,False
/graphic/pl_wifinote.narc,/graphic/pl_wifinote.narc!/member_00011,0,/graphic/pl_wifinote.narc,353,11,,15964,17536,15760,17332,1572,73da5c6d5a877ab7aa5f64ac23219787c9763b84110a5acf128aaa308a246238,5243534efffe00012406000010000100,,NSCR screen map,Confirmed,True,False,,,,,,,,,,False,False
/graphic/pl_wifinote.narc,/graphic/pl_wifinote.narc!/member_00012,0,/graphic/pl_wifinote.narc,353,12,,17536,19108,17332,18904,1572,6d221dfccd990fcae10de88322af9b6701053b035a4982586befc57dcaea9632,5243534efffe00012406000010000100,,NSCR screen map,Confirmed,True,False,,,,,,,,,,False,False
/graphic/pl_wifinote.narc,/graphic/pl_wifinote.narc!/member_00013,0,/graphic/pl_wifinote.narc,353,13,,19108,22756,18904,22552,3648,9157b2e186a35746afb876e5464e49039996ca06171e513e03d8101a62f37404,5247434efffe0101400e000010000200,,NCGR graphics,Confirmed,True,False,,,,,,,,,,False,False
/graphic/pl_wifinote.narc,/graphic/pl_wifinote.narc!/member_00014,0,/graphic/pl_wifinote.narc,353,14,,22756,24328,22552,24124,1572,42d7862c4679efd838804802a0a8449412f1b1f4fb500bb9bae3ea568dc4d15f,5243534efffe00012406000010000100,,NSCR screen map,Confirmed,True,False,,,,,,,,,,False,False
/graphic/pl_wifinote.narc,/graphic/pl_wifinote.narc!/member_00015,0,/graphic/pl_wifinote.narc,353,15,,24328,27832,24124,27628,3504,6c868cd15316bba59bbb43d83f87cebe4395a08718f9899b4d4852c578d6cb35,5247434efffe0101b00d000010000100,,NCGR graphics,Confirmed,True,False,,,,,,,,,,False,False
/graphic/pl_wifinote.narc,/graphic/pl_wifinote.narc!/member_00016,0,/graphic/pl_wifinote.narc,353,16,,27832,28621,27628,28417,789,c50ac5026df13d121db9a12206222833713fe20d820e0f788317118387c3410b,5245434efffe00011503000010000300,,NCER cell,Confirmed,True,False,,,,,,,,,,False,False
/graphic/pl_wifinote.narc,/graphic/pl_wifinote.narc!/member_00017,0,/graphic/pl_wifinote.narc,353,17,,28624,28889,28420,28685,265,c6131257fcf5eb55be3c5e8c436c0a9508f1ed2aeeff3703af8b727431a8406b,524e414efffe00010901000010000300,,NANR animation,Confirmed,True,False,,,,,,,,,,False,False
/graphic/pl_wifinote.narc,/graphic/pl_wifinote.narc!/member_00018,0,/graphic/pl_wifinote.narc,353,18,,28892,45340,28688,45136,16448,fb695bf595411979f330e8b6d1cd0f74b0b474a02ecf0710b9c631a0561c156b,5247434efffe01014040000010000200,,NCGR graphics,Confirmed,True,False,,,,,,,,,,False,False
/graphic/pl_winframe.narc,/graphic/pl_winframe.narc!/member_00000,0,/graphic/pl_winframe.narc,354,0,,452,804,0,352,352,b8066f0a1ad3fa4659a458e4972843ae545c4952725a7f71e7d4e5769c50b2eb,5247434efffe01016001000010000200,,NCGR graphics,Confirmed,True,False,,,,,,,,,,False,False
/graphic/pl_winframe.narc,/graphic/pl_winframe.narc!/member_00001,0,/graphic/pl_winframe.narc,354,1,,804,1156,352,704,352,7627a03f68f5cd89bab4302327c758935c6a784bde9894f2b1048a4aa1127623,5247434efffe01016001000010000200,,NCGR graphics,Confirmed,True,False,,,,,,,,,,False,False
/graphic/pl_winframe.narc,/graphic/pl_winframe.narc!/member_00002,0,/graphic/pl_winframe.narc,354,2,,1156,1796,704,1344,640,8e946f8ec14870bc912a232d708c36b5849634c5c03cb6db668914a24d7ae9ac,5247434efffe01018002000010000200,,NCGR graphics,Confirmed,True,False,,,,,,,,,,False,False
/graphic/pl_winframe.narc,/graphic/pl_winframe.narc!/member_00003,0,/graphic/pl_winframe.narc,354,3,,1796,2436,1344,1984,640,5b36fedd80d6f24fcc74bc3798baab89570aa18ebfc668fcfc22d1c1c3fe1aec,5247434efffe01018002000010000200,,NCGR graphics,Confirmed,True,False,,,,,,,,,,False,False
/graphic/pl_winframe.narc,/graphic/pl_winframe.narc!/member_00004,0,/graphic/pl_winframe.narc,354,4,,2436,3076,1984,2624,640,5b36fedd80d6f24fcc74bc3798baab89570aa18ebfc668fcfc22d1c1c3fe1aec,5247434efffe01018002000010000200,,NCGR graphics,Confirmed,True,False,,,,,,,,,,False,False
/graphic/pl_winframe.narc,/graphic/pl_winframe.narc!/member_00005,0,/graphic/pl_winframe.narc,354,5,,3076,3716,2624,3264,640,5b36fedd80d6f24fcc74bc3798baab89570aa18ebfc668fcfc22d1c1c3fe1aec,5247434efffe01018002000010000200,,NCGR graphics,Confirmed,True,False,,,,,,,,,,False,False
/graphic/pl_winframe.narc,/graphic/pl_winframe.narc!/member_00006,0,/graphic/pl_winframe.narc,354,6,,3716,4356,3264,3904,640,5b36fedd80d6f24fcc74bc3798baab89570aa18ebfc668fcfc22d1c1c3fe1aec,5247434efffe01018002000010000200,,NCGR graphics,Confirmed,True,False,,,,,,,,,,False,False
/graphic/pl_winframe.narc,/graphic/pl_winframe.narc!/member_00007,0,/graphic/pl_winframe.narc,354,7,,4356,4996,3904,4544,640,a5a6670c1d2e4cf6f074650d5356363b9a71cfb457d948d3b371922b88626a61,5247434efffe01018002000010000200,,NCGR graphics,Confirmed,True,False,,,,,,,,,,False,False
/graphic/pl_winframe.narc,/graphic/pl_winframe.narc!/member_00008,0,/graphic/pl_winframe.narc,354,8,,4996,5636,4544,5184,640,9c11cff5feb166e6276b2943ed8d7bf7db43bacb5c137940d1d320da8bb9ff11,5247434efffe01018002000010000200,,NCGR graphics,Confirmed,True,False,,,,,,,,,,False,False
/graphic/pl_winframe.narc,/graphic/pl_winframe.narc!/member_00009,0,/graphic/pl_winframe.narc,354,9,,5636,6276,5184,5824,640,d71893b83cd7b5b11240fe7e607d0e17ae8b84387f7935a9aee64d480acc0bbb,5247434efffe01018002000010000200,,NCGR graphics,Confirmed,True,False,,,,,,,,,,False,False
/graphic/pl_winframe.narc,/graphic/pl_winframe.narc!/member_00010,0,/graphic/pl_winframe.narc,354,10,,6276,6916,5824,6464,640,d8449a50ef1d3195ab8f6cda728652e7226a2bc3364a7d871b297d703378fb46,5247434efffe01018002000010000200,,NCGR graphics,Confirmed,True,False,,,,,,,,,,False,False
/graphic/pl_winframe.narc,/graphic/pl_winframe.narc!/member_00011,0,/graphic/pl_winframe.narc,354,11,,6916,7556,6464,7104,640,9682de5a42897bf0c89affee913bf29453f38a83da0a573f3b692a0d8344cdbd,5247434efffe01018002000010000200,,NCGR graphics,Confirmed,True,False,,,,,,,,,,False,False
/graphic/pl_winframe.narc,/graphic/pl_winframe.narc!/member_00012,0,/graphic/pl_winframe.narc,354,12,,7556,8196,7104,7744,640,19aceaf5c08be020d0754bbb11ec28a0d8f48fc8a214c1b8f10bf3448379d02c,5247434efffe01018002000010000200,,NCGR graphics,Confirmed,True,False,,,,,,,,,,False,False
/graphic/pl_winframe.narc,/graphic/pl_winframe.narc!/member_00013,0,/graphic/pl_winframe.narc,354,13,,8196,8836,7744,8384,640,a8ae56b05c4cd21e8de65f4ac9c1ba48855db8457087321eec5d729ec48bf9e5,5247434efffe01018002000010000200,,NCGR graphics,Confirmed,True,False,,,,,,,,,,False,False
/graphic/pl_winframe.narc,/graphic/pl_winframe.narc!/member_00014,0,/graphic/pl_winframe.narc,354,14,,8836,9476,8384,9024,640,9865522528cf1dc1335484414f0db12734d0409872fa83c3a5a671be390fe35b,5247434efffe01018002000010000200,,NCGR graphics,Confirmed,True,False,,,,,,,,,,False,False
/graphic/pl_winframe.narc,/graphic/pl_winframe.narc!/member_00015,0,/graphic/pl_winframe.narc,354,15,,9476,10116,9024,9664,640,56c3891f4a43be4cde2eb687cfa1a7dbe2118e97bbae1f4242a256d855446e8b,5247434efffe01018002000010000200,,NCGR graphics,Confirmed,True,False,,,,,,,,,,False,False
/graphic/pl_winframe.narc,/graphic/pl_winframe.narc!/member_00016,0,/graphic/pl_winframe.narc,354,16,,10116,10756,9664,10304,640,3459abb80c8f12b080015a2fdfab09ec9412ce453e41a2c2c5b0ca8185468173,5247434efffe01018002000010000200,,NCGR graphics,Confirmed,True,False,,,,,,,,,,False,False
/graphic/pl_winframe.narc,/graphic/pl_winframe.narc!/member_00017,0,/graphic/pl_winframe.narc,354,17,,10756,11396,10304,10944,640,5c723753e63ad16ca80e7d79ea70a3cd520cc580803f39a890242588b3e2a23c,5247434efffe01018002000010000200,,NCGR graphics,Confirmed,True,False,,,,,,,,,,False,False
/graphic/pl_winframe.narc,/graphic/pl_winframe.narc!/member_00018,0,/graphic/pl_winframe.narc,354,18,,11396,12036,10944,11584,640,91ee85a81b25968f8922a049ad98ab945b7953d1cb36e8b067c9331ec25f6d8b,5247434efffe01018002000010000200,,NCGR graphics,Confirmed,True,False,,,,,,,,,,False,False
/graphic/pl_winframe.narc,/graphic/pl_winframe.narc!/member_00019,0,/graphic/pl_winframe.narc,354,19,,12036,12676,11584,12224,640,2f62c4c3d0f89629a9601d9fb7df8d7534bba2453e2f965203af3a0f59af0118,5247434efffe01018002000010000200,,NCGR graphics,Confirmed,True,False,,,,,,,,,,False,False
/graphic/pl_winframe.narc,/graphic/pl_winframe.narc!/member_00020,0,/graphic/pl_winframe.narc,354,20,,12676,13316,12224,12864,640,ae8168e52df0895a3933ac1c360aad63581ec576ecc4f28d7b7ab370a0591541,5247434efffe01018002000010000200,,NCGR graphics,Confirmed,True,False,,,,,,,,,,False,False
/graphic/pl_winframe.narc,/graphic/pl_winframe.narc!/member_00021,0,/graphic/pl_winframe.narc,354,21,,13316,13956,12864,13504,640,07f1bb465806e7502aba87added8dac6d6574af94b37c7f150bfb12e5f4f52c8,5247434efffe01018002000010000200,,NCGR graphics,Confirmed,True,False,,,,,,,,,,False,False
/graphic/pl_winframe.narc,/graphic/pl_winframe.narc!/member_00022,0,/graphic/pl_winframe.narc,354,22,,13956,14404,13504,13952,448,b1e1740570b27baa83bb31017c653b0bad3029e6ac84178fc962974d11fc3cca,5247434efffe0101c001000010000200,,NCGR graphics,Confirmed,True,False,,,,,,,,,,False,False
/graphic/pl_winframe.narc,/graphic/pl_winframe.narc!/member_00023,0,/graphic/pl_winframe.narc,354,23,,14404,15492,13952,15040,1088,8ddb4a52fa81381fe0ab96ff448eb02480d82a65c109fb1235adf209c25f6509,5247434efffe01014004000010000200,,NCGR graphics,Confirmed,True,False,,,,,,,,,,False,False
/graphic/pl_winframe.narc,/graphic/pl_winframe.narc!/member_00024,0,/graphic/pl_winframe.narc,354,24,,15492,16044,15040,15592,552,e79c4c14fc9757c145d436fed71189c2f055f314b71e5c03f6262c191f88e70a,524c434efffe00012802000010000100,,NCLR palette,Confirmed,True,False,,,,,,,,,,False,False
/graphic/pl_winframe.narc,/graphic/pl_winframe.narc!/member_00025,0,/graphic/pl_winframe.narc,354,25,,16044,16596,15592,16144,552,6902e58468974c7a8552b9f2ca12e93bd5da7584d5faf2aa46c894332df3ca3a,524c434efffe00012802000010000100,,NCLR palette,Confirmed,True,False,,,,,,,,,,False,False
/graphic/pl_winframe.narc,/graphic/pl_winframe.narc!/member_00026,0,/graphic/pl_winframe.narc,354,26,,16596,17148,16144,16696,552,4b6bdf58d897be470b3407301e1556d498c81c9577fb4e244b7d45be1eeff00e,524c434efffe00012802000010000100,,NCLR palette,Confirmed,True,False,,,,,,,,,,False,False
/graphic/pl_winframe.narc,/graphic/pl_winframe.narc!/member_00027,0,/graphic/pl_winframe.narc,354,27,,17148,17700,16696,17248,552,7ceca0885ff4704041f14c23288ba88505df9c50dbaa163ffbdc6200a61f0ace,524c434efffe00012802000010000100,,NCLR palette,Confirmed,True,False,,,,,,,,,,False,False
/graphic/pl_winframe.narc,/graphic/pl_winframe.narc!/member_00028,0,/graphic/pl_winframe.narc,354,28,,17700,18252,17248,17800,552,2c3eda5f90abd774f2c9d25a378dc72437ffa8d21df91ff9e77faaf365c5e16e,524c434efffe00012802000010000100,,NCLR palette,Confirmed,True,False,,,,,,,,,,False,False
/graphic/pl_winframe.narc,/graphic/pl_winframe.narc!/member_00029,0,/graphic/pl_winframe.narc,354,29,,18252,18804,17800,18352,552,6ed17859b01a61b45778da21e2d76770cbcbb77b3b79e4e84d3ee813d7340ca6,524c434efffe00012802000010000100,,NCLR palette,Confirmed,True,False,,,,,,,,,,False,False
/graphic/pl_winframe.narc,/graphic/pl_winframe.narc!/member_00030,0,/graphic/pl_winframe.narc,354,30,,18804,19356,18352,18904,552,53a713168ddc182ad63818bfa2725fbc5d5d46ba61f69a9d4c54682a7da5bd50,524c434efffe00012802000010000100,,NCLR palette,Confirmed,True,False,,,,,,,,,,False,False
/graphic/pl_winframe.narc,/graphic/pl_winframe.narc!/member_00031,0,/graphic/pl_winframe.narc,354,31,,19356,19908,18904,19456,552,db0c823faabc8fe8f047b9ad08f1d311ef86b864ebf4ed90a93210a657af5c2c,524c434efffe00012802000010000100,,NCLR palette,Confirmed,True,False,,,,,,,,,,False,False
/graphic/pl_winframe.narc,/graphic/pl_winframe.narc!/member_00032,0,/graphic/pl_winframe.narc,354,32,,19908,20460,19456,20008,552,28fa14fd4a973d1fac7ef77615e7122eb8196dafd06d00228e9f66a3b5ac6422,524c434efffe00012802000010000100,,NCLR palette,Confirmed,True,False,,,,,,,,,,False,False
/graphic/pl_winframe.narc,/graphic/pl_winframe.narc!/member_00033,0,/graphic/pl_winframe.narc,354,33,,20460,21012,20008,20560,552,b7f48a446696a86ce72a874e24b763601e6accf52c59087e498132ddb5896def,524c434efffe00012802000010000100,,NCLR palette,Confirmed,True,False,,,,,,,,,,False,False
/graphic/pl_winframe.narc,/graphic/pl_winframe.narc!/member_00034,0,/graphic/pl_winframe.narc,354,34,,21012,21564,20560,21112,552,50bb9df741c83c806e40b8775ba3938113e0170f6cf7da8d683976860eeef1c0,524c434efffe00012802000010000100,,NCLR palette,Confirmed,True,False,,,,,,,,,,False,False
/graphic/pl_winframe.narc,/graphic/pl_winframe.narc!/member_00035,0,/graphic/pl_winframe.narc,354,35,,21564,22116,21112,21664,552,7eead64bb3b02b4a3b026527ae24c8bce6e46261aa5c9509b5df3399e70c1cb6,524c434efffe00012802000010000100,,NCLR palette,Confirmed,True,False,,,,,,,,,,False,False
/graphic/pl_winframe.narc,/graphic/pl_winframe.narc!/member_00036,0,/graphic/pl_winframe.narc,354,36,,22116,22668,21664,22216,552,294f51ae81bfcf53399603d2e7fa25e624a595a16858f8db297ea7a7f155335e,524c434efffe00012802000010000100,,NCLR palette,Confirmed,True,False,,,,,,,,,,False,False
/graphic/pl_winframe.narc,/graphic/pl_winframe.narc!/member_00037,0,/graphic/pl_winframe.narc,354,37,,22668,23220,22216,22768,552,ef002f789f069776e0d938f663d05d4a01cee2047455e153f37d90866e6c6164,524c434efffe00012802000010000100,,NCLR palette,Confirmed,True,False,,,,,,,,,,False,False
/graphic/pl_winframe.narc,/graphic/pl_winframe.narc!/member_00038,0,/graphic/pl_winframe.narc,354,38,,23220,23772,22768,23320,552,a08adb3061b6bc379aa67fd8001eaabe0f08a5022f8f9ed89c6343687e90c105,524c434efffe00012802000010000100,,NCLR palette,Confirmed,True,False,,,,,,,,,,False,False
/graphic/pl_winframe.narc,/graphic/pl_winframe.narc!/member_00039,0,/graphic/pl_winframe.narc,354,39,,23772,24324,23320,23872,552,7a5667dbd744fa796430a74c27ea6573deeeb5a291c6aaa875a2cb541fee575f,524c434efffe00012802000010000100,,NCLR palette,Confirmed,True,False,,,,,,,,,,False,False
/graphic/pl_winframe.narc,/graphic/pl_winframe.narc!/member_00040,0,/graphic/pl_winframe.narc,354,40,,24324,24876,23872,24424,552,bd7507111c524ed47c8b0fe98b82b3a4c7c036318b52e3bf945be6d5a1117021,524c434efffe00012802000010000100,,NCLR palette,Confirmed,True,False,,,,,,,,,,False,False
/graphic/pl_winframe.narc,/graphic/pl_winframe.narc!/member_00041,0,/graphic/pl_winframe.narc,354,41,,24876,25428,24424,24976,552,72545842eaefbfa6fbeab2cb83dbccbfb2fa3503750abb6506de8314c3355138,524c434efffe00012802000010000100,,NCLR palette,Confirmed,True,False,,,,,,,,,,False,False
/graphic/pl_winframe.narc,/graphic/pl_winframe.narc!/member_00042,0,/graphic/pl_winframe.narc,354,42,,25428,25980,24976,25528,552,59969905c8c0c1b69e2a16a3057fd0cc048f0f4bbca532f1af56b4ab35533308,524c434efffe00012802000010000100,,NCLR palette,Confirmed,True,False,,,,,,,,,,False,False
/graphic/pl_winframe.narc,/graphic/pl_winframe.narc!/member_00043,0,/graphic/pl_winframe.narc,354,43,,25980,26532,25528,26080,552,3e1fe5bb1130a2aa7f7c2b5d93e3695deb63cc5da0f0ad1c8b9c5077644857d0,524c434efffe00012802000010000100,,NCLR palette,Confirmed,True,False,,,,,,,,,,False,False
/graphic/pl_winframe.narc,/graphic/pl_winframe.narc!/member_00044,0,/graphic/pl_winframe.narc,354,44,,26532,27084,26080,26632,552,5a7680ae4b58481f467a3272e108c0a304d9ab3d2590b7d541277a8a47e36ec9,524c434efffe00012802000010000100,,NCLR palette,Confirmed,True,False,,,,,,,,,,False,False
/graphic/pl_winframe.narc,/graphic/pl_winframe.narc!/member_00045,0,/graphic/pl_winframe.narc,354,45,,27084,27636,26632,27184,552,556495ba57f5fa3f0ceabc9a33ea1ba3d58e2a45f149424bc314b857f8aecb1a,524c434efffe00012802000010000100,,NCLR palette,Confirmed,True,False,,,,,,,,,,False,False
/graphic/pl_winframe.narc,/graphic/pl_winframe.narc!/member_00046,0,/graphic/pl_winframe.narc,354,46,,27636,27838,27184,27386,202,5a9ff7bde24113f823ff49a92b93b7e01f1246e576ea2216876361ab1f6dca50,524e414efffe0001ca00000010000300,,NANR animation,Confirmed,True,False,,,,,,,,,,False,False
/graphic/pl_winframe.narc,/graphic/pl_winframe.narc!/member_00047,0,/graphic/pl_winframe.narc,354,47,,27840,28042,27388,27590,202,775c44235b045ea906cd4c16f5a2d052c61ff9dd098657a198605dece4989deb,5245434efffe0001ca00000010000300,,NCER cell,Confirmed,True,False,,,,,,,,,,False,False
/graphic/pl_winframe.narc,/graphic/pl_winframe.narc!/member_00048,0,/graphic/pl_winframe.narc,354,48,,28044,34492,27592,34040,6448,775178f5ed54bac30a2a12e63cd8d70366cda64456c4e85abdfebd69cc098dbb,5247434efffe01013019000010000100,,NCGR graphics,Confirmed,True,False,,,,,,,,,,False,False
/graphic/pl_winframe.narc,/graphic/pl_winframe.narc!/member_00049,0,/graphic/pl_winframe.narc,354,49,,34492,35044,34040,34592,552,2efc0034e138f1669a69475b1b88b788cb5600fbc357476c2dcbe9683f618029,524c434efffe00012802000010000100,,NCLR palette,Confirmed,True,False,,,,,,,,,,False,False
/graphic/pmsi.narc,/graphic/pmsi.narc!/member_00000,0,/graphic/pmsi.narc,355,0,,260,570,0,310,310,e4cecf3b54997d46cdd9a7cce52c7ada2de4c364291383ff1643fa026ee6ef05,10240800005243534efffe0001002408,,Nintendo LZ10,Probable,,True,Nintendo LZ10,Confirmed,True,2084,True,2084,12b91eda62824a904c36f63ae716a96b578145a63766d39b5f9bd1560bc39dab,NSCR screen map,Confirmed,False,False
/graphic/pmsi.narc,/graphic/pmsi.narc!/member_00001,0,/graphic/pmsi.narc,355,1,,572,773,312,513,201,b031abf15289548f26b57fcd18bc5d9ce5c2b9c6357f29fdd539e040cd743a19,10400300005247434efffe0101004003,,Nintendo LZ10,Probable,,True,Nintendo LZ10,Confirmed,True,832,True,832,32696a6919f04801f53f7067a79e8ad897deba899cda859d43ac7de1fe7136b7,NCGR graphics,Confirmed,False,False
/graphic/pmsi.narc,/graphic/pmsi.narc!/member_00002,0,/graphic/pmsi.narc,355,2,,776,1387,516,1127,611,046125c9d0a633387424963f58845b12c14054f0946634fb49a00bbf42d5494f,10241000005243534efffe0001002410,,Nintendo LZ10,Probable,,True,Nintendo LZ10,Confirmed,True,4132,True,4132,5edc564cd0c4658062d3c173bf1e8057dfd17ab020608598e3be83755481aede,NSCR screen map,Confirmed,False,False
/graphic/pmsi.narc,/graphic/pmsi.narc!/member_00003,0,/graphic/pmsi.narc,355,3,,1388,1725,1128,1465,337,814008ff9294869b02f1f4fa64082fa54b5c0766597538fd9be69a09bfd34370,10800500005247434efffe0101008005,,Nintendo LZ10,Probable,,True,Nintendo LZ10,Confirmed,True,1408,True,1408,e03ee5295219c94c6882ffa0e733de2de594afec2317eb1947e32f61c26486c5,NCGR graphics,Confirmed,False,False
/graphic/pmsi.narc,/graphic/pmsi.narc!/member_00004,0,/graphic/pmsi.narc,355,4,,1728,2035,1468,1775,307,e175553d8b343d0bdece9fc3b3f7ce1bc0a659abc21e53d038737c897df03045,10240800005243534efffe0001002408,,Nintendo LZ10,Probable,,True,Nintendo LZ10,Confirmed,True,2084,True,2084,60ea2764ba08eea57a5467736ed4c8ebbe4aadca04fefa64bd6119fbc1361f5e,NSCR screen map,Confirmed,False,False
/graphic/pmsi.narc,/graphic/pmsi.narc!/member_00005,0,/graphic/pmsi.narc,355,5,,2036,2147,1776,1887,111,d348f0d986e615364c94514419853102d0493984867cb2dc69655b0cbcafb2c3,10400100005247434efffe0101004001,,Nintendo LZ10,Probable,,True,Nintendo LZ10,Confirmed,True,320,True,320,471b45b348ce4a7e4d849cb5d200a21199d28f9bf672ffa6787e61ea5d50b7a7,NCGR graphics,Confirmed,False,False
/graphic/pmsi.narc,/graphic/pmsi.narc!/member_00006,0,/graphic/pmsi.narc,355,6,,2148,2680,1888,2420,532,cc2f6561e493731a24dba2878902bc929ed9365dd117b5990666bea01e94db32,524c434efffe00011402000010000200,,NCLR palette,Confirmed,True,False,,,,,,,,,,False,False
/graphic/pmsi.narc,/graphic/pmsi.narc!/member_00007,0,/graphic/pmsi.narc,355,7,,2680,3126,2420,2866,446,2c9a7be4102e26bc147ab927b46a4990a7c24337a235233f87d8f1403374fc5e,10a60200005245434efffe000100a602,,Nintendo LZ10,Probable,,True,Nintendo LZ10,Confirmed,True,678,True,678,f60c5a990054c2e188d19f0264c4f6d382c177de9cd85b5be17714844ebcabdc,NCER cell,Confirmed,False,False
/graphic/pmsi.narc,/graphic/pmsi.narc!/member_00008,0,/graphic/pmsi.narc,355,8,,3128,3610,2868,3350,482,db05669218a24a01ed66a76973c1e7f502895aa62f84b0447a3615dd0686976b,107e040000524e414efffe0001007e04,,Nintendo LZ10,Probable,,True,Nintendo LZ10,Confirmed,True,1150,True,1150,228c95b077ee7daf3abca326d162f66e8a0b3c7a01556399fd3d559f94078a84,NANR animation,Confirmed,False,False
/graphic/pmsi.narc,/graphic/pmsi.narc!/member_00009,0,/graphic/pmsi.narc,355,9,,3612,5536,3352,5276,1924,ad92f19b46080d699b440175507ba76d432b7a9806dec93ab54aa41f30e34cde,10303700005247434efffe0101003037,,Nintendo LZ10,Probable,,True,Nintendo LZ10,Confirmed,True,14128,True,14128,3771d9be083d018ebb98d0ab01b51fc7638ff4563bee8744ec686e8937309a07,NCGR graphics,Confirmed,False,False
/graphic/pmsi.narc,/graphic/pmsi.narc!/member_00010,0,/graphic/pmsi.narc,355,10,,5536,5626,5276,5366,90,136d1ccb0ae0476d7490efbb2e2d92b1c9cd50cce1552d6fb0652b190cefd8d1,524c434efffe00015a00000010000200,,NCLR palette,Confirmed,True,False,,,,,,,,,,False,False
/graphic/pmsi.narc,/graphic/pmsi.narc!/member_00011,0,/graphic/pmsi.narc,355,11,,5628,5914,5368,5654,286,ad83097f0103c42235ace83cc3bcb13f9dd7009c34b9a672950591046c82f9be,10240800005243534efffe0001002408,,Nintendo LZ10,Probable,,True,Nintendo LZ10,Confirmed,True,2084,True,2084,681409a77f676b259d4caf094206bd6df9adf6040dfffaee103cb470b6abb5d8,NSCR screen map,Confirmed,False,False
/graphic/pmsi.narc,/graphic/pmsi.narc!/member_00012,0,/graphic/pmsi.narc,355,12,,5916,6128,5656,5868,212,0c00321db4c7c446e6422e2890f7e40221e7d44e798597f7512b387d1f0fdd6c,10c00000005243534efffe000100c000,,Nintendo LZ10,Probable,,True,Nintendo LZ10,Confirmed,True,192,True,192,a4bf1f3aeb51166773ebdf4cf8753b969a69666fd45b5884f6bdce73fb96b52d,NSCR screen map,Confirmed,False,False
/graphic/pmsi.narc,/graphic/pmsi.narc!/member_00013,0,/graphic/pmsi.narc,355,13,,6128,6339,5868,6079,211,706e1d11df1d7e7d2a16474875e021136c3860c3e37ee697103a4268cc8d31fa,10c00000005243534efffe000100c000,,Nintendo LZ10,Probable,,True,Nintendo LZ10,Confirmed,True,192,True,192,95d713d0bcc90532abb5c104533c0476f0774327472c9e28652da8bc361e0f00,NSCR screen map,Confirmed,False,False
/graphic/pmsi.narc,/graphic/pmsi.narc!/member_00014,0,/graphic/pmsi.narc,355,14,,6340,6555,6080,6295,215,310852b329c6ab02323e7d11d6387bec4667a9f315067b59752f5a082aee6ee6,10c00000005243534efffe000100c000,,Nintendo LZ10,Probable,,True,Nintendo LZ10,Confirmed,True,192,True,192,c69825e167f618038b0a1fcca22fe485c5c8306f90a0931bb4eb9e09e2d910b0,NSCR screen map,Confirmed,False,False
/graphic/pmsi.narc,/graphic/pmsi.narc!/member_00015,0,/graphic/pmsi.narc,355,15,,6556,6771,6296,6511,215,376161646c6f50e970565af255b06d22080f9bb71cab54466c146ac1cb2c60ce,10c00000005243534efffe000100c000,,Nintendo LZ10,Probable,,True,Nintendo LZ10,Confirmed,True,192,True,192,34267c3207c64ff8b04c06f7e9700823523ff0d4be600e79e335c2c08876c2ac,NSCR screen map,Confirmed,False,False
/graphic/pmsi.narc,/graphic/pmsi.narc!/member_00016,0,/graphic/pmsi.narc,355,16,,6772,6987,6512,6727,215,9b55701f19d7cc452a51cdc1b3e43d3c7de03c79a87f68c6062d23ac8bd93d27,10c00000005243534efffe000100c000,,Nintendo LZ10,Probable,,True,Nintendo LZ10,Confirmed,True,192,True,192,581a56e77b27240e81b63b9850b7207a99390383f5d05ca79cfd030fb855c0a2,NSCR screen map,Confirmed,False,False
/graphic/pmsi.narc,/graphic/pmsi.narc!/member_00017,0,/graphic/pmsi.narc,355,17,,6988,7203,6728,6943,215,a948a1969b7149798603afdef5b3baacd841dea5d8adb66b786d60c683521946,10c00000005243534efffe000100c000,,Nintendo LZ10,Probable,,True,Nintendo LZ10,Confirmed,True,192,True,192,05a73e3994d85ca6f62bd4a37c570b7aefdf678701e88980226b22e8a0400b69,NSCR screen map,Confirmed,False,False
/graphic/pmsi.narc,/graphic/pmsi.narc!/member_00018,0,/graphic/pmsi.narc,355,18,,7204,7419,6944,7159,215,45adf8c30eaf7ec00de4da2e5c5623ffcdc99218d965a8eef1a127ef9ed6a72c,10c00000005243534efffe000100c000,,Nintendo LZ10,Probable,,True,Nintendo LZ10,Confirmed,True,192,True,192,fdd924802a9ec8dffaa17965ba732b9b63faf3e184b5c8f6ffcb65d16d326e11,NSCR screen map,Confirmed,False,False
/graphic/pmsi.narc,/graphic/pmsi.narc!/member_00019,0,/graphic/pmsi.narc,355,19,,7420,7635,7160,7375,215,772d4e76a3558610adbb333f40d2e3d6876662ee78a3773893f65f53efc3ac3f,10c00000005243534efffe000100c000,,Nintendo LZ10,Probable,,True,Nintendo LZ10,Confirmed,True,192,True,192,888954c441bf9d2b8b113c62847a48dd8f7cf548023570de98b3ebc1762e5f62,NSCR screen map,Confirmed,False,False
/graphic/pmsi.narc,/graphic/pmsi.narc!/member_00020,0,/graphic/pmsi.narc,355,20,,7636,10749,7376,10489,3113,acc3106c48280e33d4574999c960a9f2cb01ac9b351cc7311e446a1741453dff,10a04e00005247434efffe010100a04e,,Nintendo LZ10,Probable,,True,Nintendo LZ10,Confirmed,True,20128,True,20128,3477f43653299cc3c5c025f3b5793c75eb03a41d573df3b646095b24122080b8,NCGR graphics,Confirmed,False,False
/graphic/pmsi.narc,/graphic/pmsi.narc!/member_00021,0,/graphic/pmsi.narc,355,21,,10752,10876,10492,10616,124,3fb4147d45bd536a1362c4d3bf813333973521bf407ed8c98ff01d955b8fa422,524c434efffe00017c00000010000200,,NCLR palette,Confirmed,True,False,,,,,,,,,,False,False
/graphic/pmsi.narc,/graphic/pmsi.narc!/member_00022,0,/graphic/pmsi.narc,355,22,,10876,11063,10616,10803,187,6a91b8dfac132d6673ddcc92fa61f1b7e7fe18f624f63839a29aff62ce8f1f07,10200100005245434efffe0001002001,,Nintendo LZ10,Probable,,True,Nintendo LZ10,Confirmed,True,288,True,288,db8aa60c298f73d728387db0011ef3601b226aaf41264138f345a6a2e51f303e,NCER cell,Confirmed,False,False
/graphic/pmsi.narc,/graphic/pmsi.narc!/member_00023,0,/graphic/pmsi.narc,355,23,,11064,11237,10804,10977,173,415c5c91442d57e041ca87850799d9978f1ea013a04b05ca07dc534d6a54ea9a,1018010000524e414efffe0001001801,,Nintendo LZ10,Probable,,True,Nintendo LZ10,Confirmed,True,280,True,280,3178dbee5f74c97f39e402026372d45ea3ced72c61845d57cb74e757f12c0129,NANR animation,Confirmed,False,False
/graphic/pmsi.narc,/graphic/pmsi.narc!/member_00024,0,/graphic/pmsi.narc,355,24,,11240,12520,10980,12260,1280,63abff395253e5b1cfde7522fd459e707ca8f5a6680b6b1b1262c620f8c99943,10301800005247434efffe0101003018,,Nintendo LZ10,Probable,,True,Nintendo LZ10,Confirmed,True,6192,True,6192,73179c62702d2fe43e69c5d10fc0f3aa78eab6c004bbfa218f1cc30fbac6c90a,NCGR graphics,Confirmed,False,False
/graphic/pmsi.narc,/graphic/pmsi.narc!/member_00025,0,/graphic/pmsi.narc,355,25,,12520,12644,12260,12384,124,e84c092f8be4906eb187db619cfc4e8e409c2d0132345ac47e5055f2ced1c8ea,524c434efffe00017c00000010000200,,NCLR palette,Confirmed,True,False,,,,,,,,,,False,False
/graphic/poru_gra.narc,/graphic/poru_gra.narc!/member_00000,0,/graphic/poru_gra.narc,356,0,,148,578,0,430,430,74cc69ba240795b4f97b6327c3a59df77af94d976081be0a7c337165a0994887,524c434efffe0001ae01000010000200,,NCLR palette,Confirmed,True,False,,,,,,,,,,False,False
/graphic/poru_gra.narc,/graphic/poru_gra.narc!/member_00001,0,/graphic/poru_gra.narc,356,1,,580,976,432,828,396,bbed8d99dfc5bb25ada74061dd61c71d764b0d22c5791374cb454a355835af16,524c434efffe00018c01000010000200,,NCLR palette,Confirmed,True,False,,,,,,,,,,False,False
/graphic/poru_gra.narc,/graphic/poru_gra.narc!/member_00002,0,/graphic/poru_gra.narc,356,2,,976,6160,828,6012,5184,c8a38204c6a21404fa2701ff6cc7688221986ee2040a5e71641186243027e624,5247434efffe01014014000010000200,,NCGR graphics,Confirmed,True,False,,,,,,,,,,False,False
/graphic/poru_gra.narc,/graphic/poru_gra.narc!/member_00003,0,/graphic/poru_gra.narc,356,3,,6160,9296,6012,9148,3136,ab0709b71a4a842cd69282b42be8d5e0cbacba0937a9ed916b9b5d87d6faf45b,5247434efffe0101400c000010000200,,NCGR graphics,Confirmed,True,False,,,,,,,,,,False,False
/graphic/poru_gra.narc,/graphic/poru_gra.narc!/member_00004,0,/graphic/poru_gra.narc,356,4,,9296,15744,9148,15596,6448,d0627164316f4665a5f9fe5314e880b8796b72d3942837d7ba8cbab22a493bee,5247434efffe01013019000010000100,,NCGR graphics,Confirmed,True,False,,,,,,,,,,False,False
/graphic/poru_gra.narc,/graphic/poru_gra.narc!/member_00005,0,/graphic/poru_gra.narc,356,5,,15744,20528,15596,20380,4784,fc270bbf5e22b5fec5a14ab04c5c7985bb966aa589e3e5abd6f5c1cfc6c16b8f,5247434efffe0101b012000010000100,,NCGR graphics,Confirmed,True,False,,,,,,,,,,False,False
/graphic/poru_gra.narc,/graphic/poru_gra.narc!/member_00006,0,/graphic/poru_gra.narc,356,6,,20528,20978,20380,20830,450,d73b1d34c5c0c6445e4169a3b23054e4bab09451fd8e03089c63447d7156bed1,5245434efffe0001c201000010000300,,NCER cell,Confirmed,True,False,,,,,,,,,,False,False
/graphic/poru_gra.narc,/graphic/poru_gra.narc!/member_00007,0,/graphic/poru_gra.narc,356,7,,20980,21566,20832,21418,586,3a4a8cbbd030d2b642749485dc635a4912c4dec844db0c32e961716efeea0a24,524e414efffe00014a02000010000300,,NANR animation,Confirmed,True,False,,,,,,,,,,False,False
/graphic/poru_gra.narc,/graphic/poru_gra.narc!/member_00008,0,/graphic/poru_gra.narc,356,8,,21568,22867,21420,22719,1299,72da483d0fde3a02d1040555a2b780581d0e76d708d96981c92017dbe4bd0400,5245434efffe00011305000010000300,,NCER cell,Confirmed,True,False,,,,,,,,,,False,False
/graphic/poru_gra.narc,/graphic/poru_gra.narc!/member_00009,0,/graphic/poru_gra.narc,356,9,,22868,23963,22720,23815,1095,8aed675ab31a9858241f9600c361b2e3917a6d3788c5292c9da774de88542400,524e414efffe00014704000010000300,,NANR animation,Confirmed,True,False,,,,,,,,,,False,False
/graphic/poru_gra.narc,/graphic/poru_gra.narc!/member_00010,0,/graphic/poru_gra.narc,356,10,,23964,25536,23816,25388,1572,a0d4e7da239a0722b7cbc6777fc13d549ae2e3e1a488781a03eb8ec83003dc6c,5243534efffe00012406000010000100,,NSCR screen map,Confirmed,True,False,,,,,,,,,,False,False
/graphic/poru_gra.narc,/graphic/poru_gra.narc!/member_00011,0,/graphic/poru_gra.narc,356,11,,25536,27108,25388,26960,1572,45522a97d71894365f3fd0a9206b67b5750703290d8c91ca7b3cd1d86e942216,5243534efffe00012406000010000100,,NSCR screen map,Confirmed,True,False,,,,,,,,,,False,False
/graphic/poruact.narc,/graphic/poruact.narc!/member_00000,0,/graphic/poruact.narc,357,0,,308,2404,0,2096,2096,d52d887f9f4346124c87d7a27d64946ab2418a78605fbb6d3350c4bfe5b0224f,5247434efffe01013008000010000100,,NCGR graphics,Confirmed,True,False,,,,,,,,,,False,False
/graphic/poruact.narc,/graphic/poruact.narc!/member_00001,0,/graphic/poruact.narc,357,1,,2404,2511,2096,2203,107,c4c621255461e1521d8b6af105742f21b9efb619d36f949eb63026e2e758825d,5245434efffe00016b00000010000300,,NCER cell,Confirmed,True,False,,,,,,,,,,False,False
/graphic/poruact.narc,/graphic/poruact.narc!/member_00002,0,/graphic/poruact.narc,357,2,,2512,2623,2204,2315,111,02501a6a5ce892afbfaf7aaf1ac388045db6e55ade71548a00cc3a91b7fb3f37,524e414efffe00016f00000010000300,,NANR animation,Confirmed,True,False,,,,,,,,,,False,False
/graphic/poruact.narc,/graphic/poruact.narc!/member_00003,0,/graphic/poruact.narc,357,3,,2624,2714,2316,2406,90,a6d170f781d318330c94ca1503efbc50f09b0ae72b8d7ca5c9579067482e1a95,524c434efffe00015a00000010000200,,NCLR palette,Confirmed,True,False,,,,,,,,,,False,False
/graphic/poruact.narc,/graphic/poruact.narc!/member_00004,0,/graphic/poruact.narc,357,4,,2716,2806,2408,2498,90,03902defe5f5f3a68904c9d5fc915e11ba9a59bbb1e5197609c126b60bc70449,524c434efffe00015a00000010000200,,NCLR palette,Confirmed,True,False,,,,,,,,,,False,False
/graphic/poruact.narc,/graphic/poruact.narc!/member_00005,0,/graphic/poruact.narc,357,5,,2808,2898,2500,2590,90,9c65da71eab3a537e878baaf63563dad1560954e6e0f712da547e8c97745a1e7,524c434efffe00015a00000010000200,,NCLR palette,Confirmed,True,False,,,,,,,,,,False,False
/graphic/poruact.narc,/graphic/poruact.narc!/member_00006,0,/graphic/poruact.narc,357,6,,2900,2990,2592,2682,90,5a12e3402a464176d54dba7ddcdd1d998390e18668407bdb160aee261e5c4613,524c434efffe00015a00000010000200,,NCLR palette,Confirmed,True,False,,,,,,,,,,False,False
/graphic/poruact.narc,/graphic/poruact.narc!/member_00007,0,/graphic/poruact.narc,357,7,,2992,3082,2684,2774,90,36b8a188c242cce011df320fe0ed4c02704c0afccd1fc8d5192392ea535db3a3,524c434efffe00015a00000010000200,,NCLR palette,Confirmed,True,False,,,,,,,,,,False,False
/graphic/poruact.narc,/graphic/poruact.narc!/member_00008,0,/graphic/poruact.narc,357,8,,3084,3174,2776,2866,90,b190f87536a4f4aaca139e0a3ef3b42d18a5cc963a2c16f6e1739eba1221f04c,524c434efffe00015a00000010000200,,NCLR palette,Confirmed,True,False,,,,,,,,,,False,False
/graphic/poruact.narc,/graphic/poruact.narc!/member_00009,0,/graphic/poruact.narc,357,9,,3176,3266,2868,2958,90,0b6691c03a49b37d62b57b56a65b51840eb0cac382e70d6b91311ff769af9828,524c434efffe00015a00000010000200,,NCLR palette,Confirmed,True,False,,,,,,,,,,False,False
/graphic/poruact.narc,/graphic/poruact.narc!/member_00010,0,/graphic/poruact.narc,357,10,,3268,3358,2960,3050,90,e6126b4fa3a89b3f08ebbc4a0139fd7de4d2181a1bb2d04893a4124fe7b23eb8,524c434efffe00015a00000010000200,,NCLR palette,Confirmed,True,False,,,,,,,,,,False,False
/graphic/poruact.narc,/graphic/poruact.narc!/member_00011,0,/graphic/poruact.narc,357,11,,3360,3450,3052,3142,90,ce8fc1277323b98f4bd16e4f0b9df031c96a4f642229ada2313bc8bb731fea0e,524c434efffe00015a00000010000200,,NCLR palette,Confirmed,True,False,,,,,,,,,,False,False
/graphic/poruact.narc,/graphic/poruact.narc!/member_00012,0,/graphic/poruact.narc,357,12,,3452,3542,3144,3234,90,360dfba6561bc6ace5e45cb90d1a728b85bb71e2df6a8f5be5a3cfbd3026ed86,524c434efffe00015a00000010000200,,NCLR palette,Confirmed,True,False,,,,,,,,,,False,False
/graphic/poruact.narc,/graphic/poruact.narc!/member_00013,0,/graphic/poruact.narc,357,13,,3544,3634,3236,3326,90,80179c774b61ee242b7e8d5df518ddfb0809cb0428fc2ad85598a7c24350e37a,524c434efffe00015a00000010000200,,NCLR palette,Confirmed,True,False,,,,,,,,,,False,False
/graphic/poruact.narc,/graphic/poruact.narc!/member_00014,0,/graphic/poruact.narc,357,14,,3636,3726,3328,3418,90,6c1647fa05f86ee773f2c973b6bbf5c470f883389eed2a3a2819e413f3bde5e4,524c434efffe00015a00000010000200,,NCLR palette,Confirmed,True,False,,,,,,,,,,False,False
/graphic/poruact.narc,/graphic/poruact.narc!/member_00015,0,/graphic/poruact.narc,357,15,,3728,3818,3420,3510,90,40463954c8fd78e2a498d8aef0633c61d3e78159f34475cc729a168d7c26b8c8,524c434efffe00015a00000010000200,,NCLR palette,Confirmed,True,False,,,,,,,,,,False,False
/graphic/poruact.narc,/graphic/poruact.narc!/member_00016,0,/graphic/poruact.narc,357,16,,3820,3910,3512,3602,90,782ed8b2db98cd31fb0bb8f3a1b77be15637515bbc7c3224d8da3d2b4d886a40,524c434efffe00015a00000010000200,,NCLR palette,Confirmed,True,False,,,,,,,,,,False,False
/graphic/poruact.narc,/graphic/poruact.narc!/member_00017,0,/graphic/poruact.narc,357,17,,3912,4002,3604,3694,90,aa5e2d3317f7b8b58261fb81edbe20aa9f8c7144c057d9bfd7976082edc332ea,524c434efffe00015a00000010000200,,NCLR palette,Confirmed,True,False,,,,,,,,,,False,False
/graphic/poruact.narc,/graphic/poruact.narc!/member_00018,0,/graphic/poruact.narc,357,18,,4004,4094,3696,3786,90,334cf08874c68cadf0f33646eb479d6f360707581f95813bff8fef97c49b497b,524c434efffe00015a00000010000200,,NCLR palette,Confirmed,True,False,,,,,,,,,,False,False
/graphic/poruact.narc,/graphic/poruact.narc!/member_00019,0,/graphic/poruact.narc,357,19,,4096,4186,3788,3878,90,0b8b4ad13dc3870a3a98c575fd203f5c58ac0bee53421c62356489cd2511863e,524c434efffe00015a00000010000200,,NCLR palette,Confirmed,True,False,,,,,,,,,,False,False
/graphic/poruact.narc,/graphic/poruact.narc!/member_00020,0,/graphic/poruact.narc,357,20,,4188,4278,3880,3970,90,2dec08df47edea3311782c7cf6ff3aeee3661a36e0eae6f28e7369ab923bcda5,524c434efffe00015a00000010000200,,NCLR palette,Confirmed,True,False,,,,,,,,,,False,False
/graphic/poruact.narc,/graphic/poruact.narc!/member_00021,0,/graphic/poruact.narc,357,21,,4280,4370,3972,4062,90,1219be871843a83599d3796f696e2209796a2f392ff12a1117709cfa3d7f35d0,524c434efffe00015a00000010000200,,NCLR palette,Confirmed,True,False,,,,,,,,,,False,False
/graphic/poruact.narc,/graphic/poruact.narc!/member_00022,0,/graphic/poruact.narc,357,22,,4372,4462,4064,4154,90,d6b42414052f47cb730d8ab1d31f66f3b11e9b0aa3130e2ffc9c0dc598674e63,524c434efffe00015a00000010000200,,NCLR palette,Confirmed,True,False,,,,,,,,,,False,False
/graphic/poruact.narc,/graphic/poruact.narc!/member_00023,0,/graphic/poruact.narc,357,23,,4464,4554,4156,4246,90,7b0b4993e324be2baefe653af36376b5fb805d2ce1a9a51049096782e543f3e1,524c434efffe00015a00000010000200,,NCLR palette,Confirmed,True,False,,,,,,,,,,False,False
/graphic/poruact.narc,/graphic/poruact.narc!/member_00024,0,/graphic/poruact.narc,357,24,,4556,4646,4248,4338,90,9f3d022ce46e8f6d8ad71dbc18dbb2de750866b175cdafd9b9afcf6d3979a2d6,524c434efffe00015a00000010000200,,NCLR palette,Confirmed,True,False,,,,,,,,,,False,False
/graphic/poruact.narc,/graphic/poruact.narc!/member_00025,0,/graphic/poruact.narc,357,25,,4648,4738,4340,4430,90,fbac266072646f80b1d5ee66ff3dec450e4cb9717cfa0ce37bb494f35b283cb5,524c434efffe00015a00000010000200,,NCLR palette,Confirmed,True,False,,,,,,,,,,False,False
/graphic/poruact.narc,/graphic/poruact.narc!/member_00026,0,/graphic/poruact.narc,357,26,,4740,4830,4432,4522,90,2932b94f14ad4dc9b111f55dbde8ae9e226ef62239017b986b921f20d02f01cb,524c434efffe00015a00000010000200,,NCLR palette,Confirmed,True,False,,,,,,,,,,False,False
/graphic/poruact.narc,/graphic/poruact.narc!/member_00027,0,/graphic/poruact.narc,357,27,,4832,4922,4524,4614,90,738308adc4e1dd0ee40fe2f7c7e9e403b66e1ae3a3385b7d30a3a711be767980,524c434efffe00015a00000010000200,,NCLR palette,Confirmed,True,False,,,,,,,,,,False,False
/graphic/poruact.narc,/graphic/poruact.narc!/member_00028,0,/graphic/poruact.narc,357,28,,4924,5014,4616,4706,90,96e82cb637569f3c99c1ff27901a010f844f083e9e7b02dfc45682a1362e8cc1,524c434efffe00015a00000010000200,,NCLR palette,Confirmed,True,False,,,,,,,,,,False,False
/graphic/poruact.narc,/graphic/poruact.narc!/member_00029,0,/graphic/poruact.narc,357,29,,5016,5106,4708,4798,90,26810a85b9ea4bde34cb65b50fcc47e17e3392dc1e6ce2fc62175af0dca3de7f,524c434efffe00015a00000010000200,,NCLR palette,Confirmed,True,False,,,,,,,,,,False,False
/graphic/poruact.narc,/graphic/poruact.narc!/member_00030,0,/graphic/poruact.narc,357,30,,5108,5198,4800,4890,90,d4bb48b163adbac51c2089901546b77ed8001f1093495a9633111eafcf38d47a,524c434efffe00015a00000010000200,,NCLR palette,Confirmed,True,False,,,,,,,,,,False,False
/graphic/poruact.narc,/graphic/poruact.narc!/member_00031,0,/graphic/poruact.narc,357,31,,5200,5290,4892,4982,90,fc6d4d05e570fdde46a2a36094598fd87ef372054cdac60a15f7f650d991d7b8,524c434efffe00015a00000010000200,,NCLR palette,Confirmed,True,False,,,,,,,,,,False,False
/graphic/porudemo.narc,/graphic/porudemo.narc!/member_00000,0,/graphic/porudemo.narc,358,0,,100,190,0,90,90,5b1626c28858ba8a7db0da237992902b2ccb3a40475d47081f1a767a91f852b3,524c434efffe00015a00000010000200,,NCLR palette,Confirmed,True,False,,,,,,,,,,False,False
/graphic/porudemo.narc,/graphic/porudemo.narc!/member_00001,0,/graphic/porudemo.narc,358,1,,192,418,92,318,226,775ce11effd3896de2eec939df064f90f3485bcb6468fe232ac203801ef02d95,524c434efffe0001e200000010000200,,NCLR palette,Confirmed,True,False,,,,,,,,,,False,False
/graphic/porudemo.narc,/graphic/porudemo.narc!/member_00002,0,/graphic/porudemo.narc,358,2,,420,2532,320,2432,2112,64a57544cd3e0c33999ea24c14ae0b3e5158b10acc80c2c6ecdf636682dea964,5247434efffe01014008000010000200,,NCGR graphics,Confirmed,True,False,,,,,,,,,,False,False
/graphic/porudemo.narc,/graphic/porudemo.narc!/member_00003,0,/graphic/porudemo.narc,358,3,,2532,5668,2432,5568,3136,ab0709b71a4a842cd69282b42be8d5e0cbacba0937a9ed916b9b5d87d6faf45b,5247434efffe0101400c000010000200,,NCGR graphics,Confirmed,True,False,,,,,,,,,,False,False
/graphic/porudemo.narc,/graphic/porudemo.narc!/member_00004,0,/graphic/porudemo.narc,358,4,,5668,7240,5568,7140,1572,f725dc60f096be1670f694bcafb92ffed975f5c4017c1403e6d7748df88c7968,5243534efffe00012406000010000100,,NSCR screen map,Confirmed,True,False,,,,,,,,,,False,False
/graphic/porudemo.narc,/graphic/porudemo.narc!/member_00005,0,/graphic/porudemo.narc,358,5,,7240,8812,7140,8712,1572,84ba02601be6647753bb190e3372e841e16cdc73eb215ee1033eec56f3672b92,5243534efffe00012406000010000100,,NSCR screen map,Confirmed,True,False,,,,,,,,,,False,False
/graphic/ranking.narc,/graphic/ranking.narc!/member_00000,0,/graphic/ranking.narc,359,0,,84,242,0,158,158,76b06237eec1d1104819aa2b813f5d507cc386ba727f24001707af2c070c5a73,524c434efffe00019e00000010000200,,NCLR palette,Confirmed,True,False,,,,,,,,,,False,False
/graphic/ranking.narc,/graphic/ranking.narc!/member_00001,0,/graphic/ranking.narc,359,1,,244,4932,160,4848,4688,3957c96a6211efb33c7943a09a4e28ae342a063780bb4929c001d4f5595b36dc,5247434efffe01015012000010000100,,NCGR graphics,Confirmed,True,False,,,,,,,,,,False,False
/graphic/ranking.narc,/graphic/ranking.narc!/member_00002,0,/graphic/ranking.narc,359,2,,4932,5176,4848,5092,244,8db390d3cd92446f2d6b9cbb4e4846e239cb9b11b2baebc474992133888817aa,5245434efffe0001f400000010000300,,NCER cell,Confirmed,True,False,,,,,,,,,,False,False
/graphic/ranking.narc,/graphic/ranking.narc!/member_00003,0,/graphic/ranking.narc,359,3,,5176,5320,5092,5236,144,cf5060f376e06891caaeb3d7f900240a4040c97dc1d29e6d599d3d3b3c5d1f98,524e414efffe00019000000010000300,,NANR animation,Confirmed,True,False,,,,,,,,,,False,False
/graphic/record.narc,/graphic/record.narc!/member_00000,0,/graphic/record.narc,360,0,,172,724,0,552,552,2fe62e8a972afa7dfd3137225cee4b8c5d2743fcec87e3619653d5ef4b6e2acf,524c434efffe00012802000010000100,,NCLR palette,Confirmed,True,False,,,,,,,,,,False,False
/graphic/record.narc,/graphic/record.narc!/member_00001,0,/graphic/record.narc,360,1,,724,1276,552,1104,552,4a74ca0d5463218872f3f08c6150a1bc456f987943e56c93977f7ca3bea58f8f,524c434efffe00012802000010000100,,NCLR palette,Confirmed,True,False,,,,,,,,,,False,False
/graphic/record.narc,/graphic/record.narc!/member_00002,0,/graphic/record.narc,360,2,,1276,2461,1104,2289,1185,a51b162bf492f26209a74313d3b0122d162c59b2d6ef85092b44327a7fd8ff02,10c00c00005247434efffe010100c00c,,Nintendo LZ10,Probable,,True,Nintendo LZ10,Confirmed,True,3264,True,3264,f0ddc94305b0886424bfe7c27849dd80dda1b791b07f5564a52fd01632ba3c83,NCGR graphics,Confirmed,False,False
/graphic/record.narc,/graphic/record.narc!/member_00003,0,/graphic/record.narc,360,3,,2464,3003,2292,2831,539,165ff1f21fe22b62c92c02f2abfebde84e0f2dd3e2e8ffe40fda8664c73d8309,10240600005243534efffe0001002406,,Nintendo LZ10,Probable,,True,Nintendo LZ10,Confirmed,True,1572,True,1572,5b7e2430f0af216305a4193d618bbc1cf472d71f30479cc28b9096982457ae65,NSCR screen map,Confirmed,False,False
/graphic/record.narc,/graphic/record.narc!/member_00004,0,/graphic/record.narc,360,4,,3004,4379,2832,4207,1375,7aee80b00f3889565f4b1fd0aa2c0b5a5025497bead8a90b9979c61254facd20,10b01c00005247434efffe010100b01c,,Nintendo LZ10,Probable,,True,Nintendo LZ10,Confirmed,True,7344,True,7344,94d110331d25d754f98cb912e55e9f2eae40742664ed34693de30189edce1b0a,NCGR graphics,Confirmed,False,False
/graphic/record.narc,/graphic/record.narc!/member_00005,0,/graphic/record.narc,360,5,,4380,4965,4208,4793,585,a7e2a02c237a56b157e0662fd594cd9e43ef01704436da4251edf5f5c2d6c03f,10a20400005245434efffe000100a204,,Nintendo LZ10,Probable,,True,Nintendo LZ10,Confirmed,True,1186,True,1186,7ffa96e27da653aaeef67b4a37d6c973fa20ebc55db7f3d042712036ba8fd12b,NCER cell,Confirmed,False,False
/graphic/record.narc,/graphic/record.narc!/member_00006,0,/graphic/record.narc,360,6,,4968,5551,4796,5379,583,8a3884f53c99ca5c24b8b225f3f6c1c0622dabe3daad700399a4c1ad7114e797,104a050000524e414efffe0001004a05,,Nintendo LZ10,Probable,,True,Nintendo LZ10,Confirmed,True,1354,True,1354,121eee05e60881414de8b0319344a0ecbb0e444ab4367e31beec8c0745adb607,NANR animation,Confirmed,False,False
/graphic/record.narc,/graphic/record.narc!/member_00007,0,/graphic/record.narc,360,7,,5552,6104,5380,5932,552,578aabb17c6a4c4146aba55df97069bf6bc76c84f8245ad1afb87dc14cb04223,524c434efffe00012802000010000100,,NCLR palette,Confirmed,True,False,,,,,,,,,,False,False
/graphic/record.narc,/graphic/record.narc!/member_00008,0,/graphic/record.narc,360,8,,6104,6656,5932,6484,552,36f46a11e89d9663cf38df64782ab7899728cfd0870562f2e2b29a04dc502b55,524c434efffe00012802000010000100,,NCLR palette,Confirmed,True,False,,,,,,,,,,False,False
/graphic/record.narc,/graphic/record.narc!/member_00009,0,/graphic/record.narc,360,9,,6656,15180,6484,15008,8524,5fc8a23296c3e66f52bae7ed112f6eef5f2d7218e8bb66016c5c9a0f619392cc,10306000005247434efffe0101003060,,Nintendo LZ10,Probable,,True,Nintendo LZ10,Confirmed,True,24624,True,24624,c1cc6f5eff77f3dc8e35706b65e3bf0bda867545afd6a09dbf724b5a0b3cbfed,NCGR graphics,Confirmed,False,False
/graphic/record.narc,/graphic/record.narc!/member_00010,0,/graphic/record.narc,360,10,,15180,15783,15008,15611,603,06ac55835546aec7f9f4cf95db315552ab25a3e5a249a88ba4f8deb16eae7b63,10db0400005245434efffe000100db04,,Nintendo LZ10,Probable,,True,Nintendo LZ10,Confirmed,True,1243,True,1243,1785b1d2b48add8bd90aacf10ae967e6df0bb369234e848a58c9b105aab95543,NCER cell,Confirmed,False,False
/graphic/record.narc,/graphic/record.narc!/member_00011,0,/graphic/record.narc,360,11,,15784,16361,15612,16189,577,aa3e4929379f2211313a8b19796f99056885362d2fd4829c369bf1711d4e39e7,10bb040000524e414efffe000100bb04,,Nintendo LZ10,Probable,,True,Nintendo LZ10,Confirmed,True,1211,True,1211,9501f9b865b52333fee71d573236a77fe1ea2ee34651a4fe5fdafabb2b69f113,NANR animation,Confirmed,False,False
/graphic/record.narc,/graphic/record.narc!/member_00012,0,/graphic/record.narc,360,12,,16364,20626,16192,20454,4262,94ec8295e1ca0de5456807f242342666f9c7887188e88bd92822814949e5ad59,10b02b00005247434efffe010100b02b,,Nintendo LZ10,Probable,,True,Nintendo LZ10,Confirmed,True,11184,True,11184,0ecf354e3702e9947f6db9b1cb0e3e0fb364f9b3d6c4d4050796ebfa9a06062c,NCGR graphics,Confirmed,False,False
/graphic/record.narc,/graphic/record.narc!/member_00013,0,/graphic/record.narc,360,13,,20628,21903,20456,21731,1275,f61b50528bb3e4a17d0ea892174a5d6663dd490944aa35bec6c4d15e95b2e26f,10060900005245434efffe0001000609,,Nintendo LZ10,Probable,,True,Nintendo LZ10,Confirmed,True,2310,True,2310,7649b55d1d77ecc44f0bc4a516438d3519c3fb32bc5accad81a806dc87eae804,NCER cell,Confirmed,False,False
/graphic/record.narc,/graphic/record.narc!/member_00014,0,/graphic/record.narc,360,14,,21904,22973,21732,22801,1069,2cb67b9accbb37278ac59dc59cafdfee3bf23302d3aabafc5ede02c22c072fbd,100a0b0000524e414efffe0001000a0b,,Nintendo LZ10,Probable,,True,Nintendo LZ10,Confirmed,True,2826,True,2826,059891afa8fae16e6f7c512acc6186cbdbbd152d8c6ef716fd9ca98d856fb7b9,NANR animation,Confirmed,False,False
/graphic/shop_gra.narc,/graphic/shop_gra.narc!/member_00000,0,/graphic/shop_gra.narc,361,0,,148,2260,0,2112,2112,dddd114803bf4ae7208d2bd87777243f79038dfd7ef7eb38a3a03d38e39f8197,5247434efffe01014008000010000200,,NCGR graphics,Confirmed,True,False,,,,,,,,,,False,False
/graphic/shop_gra.narc,/graphic/shop_gra.narc!/member_00001,0,/graphic/shop_gra.narc,361,1,,2260,2812,2112,2664,552,024fc4d2ee7755330347028fd3c391bfe2093f705c5cdabff9d77ce36e2140ca,524c434efffe00012802000010000100,,NCLR palette,Confirmed,True,False,,,,,,,,,,False,False
/graphic/shop_gra.narc,/graphic/shop_gra.narc!/member_00002,0,/graphic/shop_gra.narc,361,2,,2812,4384,2664,4236,1572,914319fdf58d4bd5f43d30edb8268b4e1ff9d0c6e420d5a080cac45462ac1038,5243534efffe00012406000010000100,,NSCR screen map,Confirmed,True,False,,,,,,,,,,False,False
/graphic/shop_gra.narc,/graphic/shop_gra.narc!/member_00003,0,/graphic/shop_gra.narc,361,3,,4384,5956,4236,5808,1572,c65ab94db8828b2fab4611bc26ade9c10f5c3e8a6e62b73877589815e868805d,5243534efffe00012406000010000100,,NSCR screen map,Confirmed,True,False,,,,,,,,,,False,False
/graphic/shop_gra.narc,/graphic/shop_gra.narc!/member_00004,0,/graphic/shop_gra.narc,361,4,,5956,6260,5808,6112,304,8d542f647cd38a97afff04a3710dc0ac0abc749af126505ab797eb9296ee1d7e,5247434efffe01013001000010000100,,NCGR graphics,Confirmed,True,False,,,,,,,,,,False,False
/graphic/shop_gra.narc,/graphic/shop_gra.narc!/member_00005,0,/graphic/shop_gra.narc,361,5,,6260,6402,6112,6254,142,c7cf2af529ba064fa401fc49d4f080130649eaf6c9c11a907173b17853b26f89,5245434efffe00018e00000010000300,,NCER cell,Confirmed,True,False,,,,,,,,,,False,False
/graphic/shop_gra.narc,/graphic/shop_gra.narc!/member_00006,0,/graphic/shop_gra.narc,361,6,,6404,6662,6256,6514,258,d3f45abefee6c80d5ff3b6b23d3bee62c1cb62db0db4960e7ff75dfe7327f964,524e414efffe00010201000010000300,,NANR animation,Confirmed,True,False,,,,,,,,,,False,False
/graphic/shop_gra.narc,/graphic/shop_gra.narc!/member_00007,0,/graphic/shop_gra.narc,361,7,,6664,9272,6516,9124,2608,2726618da982128b0a29c177c56437aed01a7a7c5f8990bfd8d8a9037201f252,5247434efffe0101300a000010000100,,NCGR graphics,Confirmed,True,False,,,,,,,,,,False,False
/graphic/shop_gra.narc,/graphic/shop_gra.narc!/member_00008,0,/graphic/shop_gra.narc,361,8,,9272,9391,9124,9243,119,88cb6d51bba432fe997b97351ad77ddfda9d4b1f98b9ea7005514b64cf45b8c4,5245434efffe00017700000010000300,,NCER cell,Confirmed,True,False,,,,,,,,,,False,False
/graphic/shop_gra.narc,/graphic/shop_gra.narc!/member_00009,0,/graphic/shop_gra.narc,361,9,,9392,9503,9244,9355,111,ca4fb76f05db368c396eb1886b1de7f86ac9d15577eac9a050aee2d0ddf7492b,524e414efffe00016f00000010000300,,NANR animation,Confirmed,True,False,,,,,,,,,,False,False
/graphic/shop_gra.narc,/graphic/shop_gra.narc!/member_00010,0,/graphic/shop_gra.narc,361,10,,9504,10056,9356,9908,552,a5fda0c1ce4b2072416c8fa593420e9210dff222c308fe65fd6d4bbded3ead78,524c434efffe00012802000010000100,,NCLR palette,Confirmed,True,False,,,,,,,,,,False,False
/graphic/shop_gra.narc,/graphic/shop_gra.narc!/member_00011,0,/graphic/shop_gra.narc,361,11,,10056,10608,9908,10460,552,45328b2f5381f361334ed6f3407db80314d01c27671667534c85592754d1560d,524c434efffe00012802000010000100,,NCLR palette,Confirmed,True,False,,,,,,,,,,False,False
/graphic/tmap_gra.narc,/graphic/tmap_gra.narc!/member_00000,0,/graphic/tmap_gra.narc,362,0,,292,416,0,124,124,4915618d13e79fa4569f84c16eeac6bd517ee6cacd3569de4f008b9f39472031,524c434efffe00017c00000010000200,,NCLR palette,Confirmed,True,False,,,,,,,,,,False,False
/graphic/tmap_gra.narc,/graphic/tmap_gra.narc!/member_00001,0,/graphic/tmap_gra.narc,362,1,,416,642,124,350,226,515e0e339594a8f8ca5dc89dafdbc9fe81d529dfb5ca4dbfb77e8c01357a210a,524c434efffe0001e200000010000200,,NCLR palette,Confirmed,True,False,,,,,,,,,,False,False
/graphic/tmap_gra.narc,/graphic/tmap_gra.narc!/member_00002,0,/graphic/tmap_gra.narc,362,2,,644,1210,352,918,566,3185a534d42ffd83a8ce8c760adbf6974c4c48bb9d4f1ef39ffaf3b881532842,524c434efffe00013602000010000200,,NCLR palette,Confirmed,True,False,,,,,,,,,,False,False
/graphic/tmap_gra.narc,/graphic/tmap_gra.narc!/member_00003,0,/graphic/tmap_gra.narc,362,3,,1212,1302,920,1010,90,11d2fe295af89c93f7155368a959de6e443cf549233bccebcc5e23bffbbb3286,524c434efffe00015a00000010000200,,NCLR palette,Confirmed,True,False,,,,,,,,,,False,False
/graphic/tmap_gra.narc,/graphic/tmap_gra.narc!/member_00004,0,/graphic/tmap_gra.narc,362,4,,1304,7496,1012,7204,6192,268b6e6d2714e3abbd62c84328ae2dd21344d86b7449ec6527f34da0f528c14f,5247434efffe01013018000010000100,,NCGR graphics,Confirmed,True,False,,,,,,,,,,False,False
/graphic/tmap_gra.narc,/graphic/tmap_gra.narc!/member_00005,0,/graphic/tmap_gra.narc,362,5,,7496,7647,7204,7355,151,409122b40d8bed05109b4e69d34f70cd9285ad1dcc5ce88b23fc074cc18dcb6b,5245434efffe00019700000010000300,,NCER cell,Confirmed,True,False,,,,,,,,,,False,False
/graphic/tmap_gra.narc,/graphic/tmap_gra.narc!/member_00006,0,/graphic/tmap_gra.narc,362,6,,7648,7779,7356,7487,131,257942c247b7933118708784229cb19337e96ba3ab71ee6c7a9b3aa74b436ab7,524e414efffe00018300000010000300,,NANR animation,Confirmed,True,False,,,,,,,,,,False,False
/graphic/tmap_gra.narc,/graphic/tmap_gra.narc!/member_00007,0,/graphic/tmap_gra.narc,362,7,,7780,8084,7488,7792,304,c6f17c88f370b123b10d4311e5945a1c8275b8c537802b068d33c7ae034809ef,5247434efffe01013001000010000100,,NCGR graphics,Confirmed,True,False,,,,,,,,,,False,False
/graphic/tmap_gra.narc,/graphic/tmap_gra.narc!/member_00008,0,/graphic/tmap_gra.narc,362,8,,8084,8212,7792,7920,128,58255cdf1d24094ce97f3cfe16a9908dfa3176f97333df3ef1655e8795398511,5245434efffe00018000000010000300,,NCER cell,Confirmed,True,False,,,,,,,,,,False,False
/graphic/tmap_gra.narc,/graphic/tmap_gra.narc!/member_00009,0,/graphic/tmap_gra.narc,362,9,,8212,8332,7920,8040,120,947bf2948c03fb074fe39bd706e044f50f59f84465b5ff7d708ef019d2246ce2,524e414efffe00017800000010000300,,NANR animation,Confirmed,True,False,,,,,,,,,,False,False
/graphic/tmap_gra.narc,/graphic/tmap_gra.narc!/member_00010,0,/graphic/tmap_gra.narc,362,10,,8332,8636,8040,8344,304,1c48134d1759ca3b6ea70884b5c7821b74b8c64ba96937bc32fb8405cd9e6aba,5247434efffe01013001000010000100,,NCGR graphics,Confirmed,True,False,,,,,,,,,,False,False
/graphic/tmap_gra.narc,/graphic/tmap_gra.narc!/member_00011,0,/graphic/tmap_gra.narc,362,11,,8636,8766,8344,8474,130,fbb2b66dc4bcfb5dcb19903695b49e2f2fe359d02ce16838e4f636883fe328c7,5245434efffe00018200000010000300,,NCER cell,Confirmed,True,False,,,,,,,,,,False,False
/graphic/tmap_gra.narc,/graphic/tmap_gra.narc!/member_00012,0,/graphic/tmap_gra.narc,362,12,,8768,8890,8476,8598,122,0b8f579a2fd68fe45ceab10d9077d3c132b4b92aa0a8d21d4fa77d47247bc3d7,524e414efffe00017a00000010000300,,NANR animation,Confirmed,True,False,,,,,,,,,,False,False
/graphic/tmap_gra.narc,/graphic/tmap_gra.narc!/member_00013,0,/graphic/tmap_gra.narc,362,13,,8892,8972,8600,8680,80,36c5547094cbd85f0c68eab69d3f374c89710afbeb5c2ffda8a7c840a8d92526,5247434efffe01015000000010000100,,NCGR graphics,Confirmed,True,False,,,,,,,,,,False,False
/graphic/tmap_gra.narc,/graphic/tmap_gra.narc!/member_00014,0,/graphic/tmap_gra.narc,362,14,,8972,9080,8680,8788,108,97401e94a9ab985e915e52ecf92c2908d8fa204e3035df32b539a24f5ddeadd0,5245434efffe00016c00000010000300,,NCER cell,Confirmed,True,False,,,,,,,,,,False,False
/graphic/tmap_gra.narc,/graphic/tmap_gra.narc!/member_00015,0,/graphic/tmap_gra.narc,362,15,,9080,9192,8788,8900,112,a3d24ea5215a7be7beaab4ddaf3755fa0bae3ea4ad6cd92effc6e0c6415a5322,524e414efffe00017000000010000300,,NANR animation,Confirmed,True,False,,,,,,,,,,False,False
/graphic/tmap_gra.narc,/graphic/tmap_gra.narc!/member_00016,0,/graphic/tmap_gra.narc,362,16,,9192,10136,8900,9844,944,fb5650e89d6863e671efe60a6482353c67e11b3b128cbbd1d65f33afc4ad7974,5247434efffe0101b003000010000100,,NCGR graphics,Confirmed,True,False,,,,,,,,,,False,False
/graphic/tmap_gra.narc,/graphic/tmap_gra.narc!/member_00017,0,/graphic/tmap_gra.narc,362,17,,10136,10372,9844,10080,236,8fca690b13c83f458f56b60598816f4b9b6d8d93539076f7f0a07d202cf781dc,5245434efffe0001ec00000010000300,,NCER cell,Confirmed,True,False,,,,,,,,,,False,False
/graphic/tmap_gra.narc,/graphic/tmap_gra.narc!/member_00018,0,/graphic/tmap_gra.narc,362,18,,10372,10540,10080,10248,168,7459eb094faaadc5cc7b9d17601517843df88d184b0e4be7e40404a62644b24f,524e414efffe0001a800000010000300,,NANR animation,Confirmed,True,False,,,,,,,,,,False,False
/graphic/tmap_gra.narc,/graphic/tmap_gra.narc!/member_00019,0,/graphic/tmap_gra.narc,362,19,,10540,31084,10248,30792,20544,37fd0358da73204afbeb8712684b90144773f05a24e9a4aad626018ee4cc8123,5247434efffe01014050000010000200,,NCGR graphics,Confirmed,True,False,,,,,,,,,,False,False
/graphic/tmap_gra.narc,/graphic/tmap_gra.narc!/member_00020,0,/graphic/tmap_gra.narc,362,20,,31084,55724,30792,55432,24640,c5cb7866e4640e205c76de49662b00110b6e600b940fc353bf2e1e0587211218,5247434efffe01014060000010000200,,NCGR graphics,Confirmed,True,False,,,,,,,,,,False,False
/graphic/tmap_gra.narc,/graphic/tmap_gra.narc!/member_00021,0,/graphic/tmap_gra.narc,362,21,,55724,63404,55432,63112,7680,fcec4b5a1c2e3d5ec7a2bb5467f5a5a3ce7869e080c43fb0bf77302f5af5c397,5247434efffe0101001e000010000200,,NCGR graphics,Confirmed,True,False,,,,,,,,,,False,False
/graphic/tmap_gra.narc,/graphic/tmap_gra.narc!/member_00022,0,/graphic/tmap_gra.narc,362,22,,63404,64976,63112,64684,1572,26af74a56282a624737843092adb9d2990b9bec782244c80f4e28060f8dda8d3,5243534efffe00012406000010000100,,NSCR screen map,Confirmed,True,False,,,,,,,,,,False,False
/graphic/tmap_gra.narc,/graphic/tmap_gra.narc!/member_00023,0,/graphic/tmap_gra.narc,362,23,,64976,65180,64684,64888,204,d38c3eff9c8660ad719cf361e081ce5abfdbd72ca1cbf15331c30e06db845993,5243534efffe0001cc00000010000100,,NSCR screen map,Confirmed,True,False,,,,,,,,,,False,False
/graphic/tmap_gra.narc,/graphic/tmap_gra.narc!/member_00024,0,/graphic/tmap_gra.narc,362,24,,65180,66752,64888,66460,1572,31f640ffe0453b9b437812e41b4cb85ff8e0db20f5788e35d488bcfa08e6bf2d,5243534efffe00012406000010000100,,NSCR screen map,Confirmed,True,False,,,,,,,,,,False,False
/graphic/tmap_gra.narc,/graphic/tmap_gra.narc!/member_00025,0,/graphic/tmap_gra.narc,362,25,,66752,74980,66460,74688,8228,9478ea77d25717dca3072778dae2cb4ab94ba9a21d0cbca941c25079c3d733a4,5243534efffe00012420000010000100,,NSCR screen map,Confirmed,True,False,,,,,,,,,,False,False
/graphic/tmap_gra.narc,/graphic/tmap_gra.narc!/member_00026,0,/graphic/tmap_gra.narc,362,26,,74980,83208,74688,82916,8228,3eef75d0fc900c9916c3803cc8e5c3049deecaeac7491c28c5fb44b479f8667b,5243534efffe00012420000010000100,,NSCR screen map,Confirmed,True,False,,,,,,,,,,False,False
/graphic/tmap_gra.narc,/graphic/tmap_gra.narc!/member_00027,0,/graphic/tmap_gra.narc,362,27,,83208,83568,82916,83276,360,c5022147bed37e1a02aa9f8f0600b605ec7ab7588cda8f1ffd7e55e35a7f5373,5243534efffe00016801000010000100,,NSCR screen map,Confirmed,True,False,,,,,,,,,,False,False
/graphic/tmap_gra.narc,/graphic/tmap_gra.narc!/member_00028,0,/graphic/tmap_gra.narc,362,28,,83568,85140,83276,84848,1572,b6a57bcdbc374774dfd3ef36f0920a34eba8258df1b1429ba5db7dc7b8f54b2c,5243534efffe00012406000010000100,,NSCR screen map,Confirmed,True,False,,,,,,,,,,False,False
/graphic/tmap_gra.narc,/graphic/tmap_gra.narc!/member_00029,0,/graphic/tmap_gra.narc,362,29,,85140,85776,84848,85484,636,3e663243cdeb8de2cd3b490d8a014b42a0037d29717b4a591f5c0e7f2c994f7b,5243534efffe00017c02000010000100,,NSCR screen map,Confirmed,True,False,,,,,,,,,,False,False
/graphic/unionobj2d_onlyfront.narc,/graphic/unionobj2d_onlyfront.narc!/member_00000,0,/graphic/unionobj2d_onlyfront.narc,363,0,,508,1060,0,552,552,cce8aae584a6c8ec3ad280810b52baa12624d2e7be70573887193ceaf0a5643f,524c434efffe00012802000010000100,,NCLR palette,Confirmed,True,False,,,,,,,,,,False,False
/graphic/unionobj2d_onlyfront.narc,/graphic/unionobj2d_onlyfront.narc!/member_00001,0,/graphic/unionobj2d_onlyfront.narc,363,1,,1060,1620,552,1112,560,3367d2de3c17a1be8276dcfc2f314c093989de98657c66e85f41dc6c3d18abeb,5247434efffe01013002000010000100,,NCGR graphics,Confirmed,True,False,,,,,,,,,,False,False
/graphic/unionobj2d_onlyfront.narc,/graphic/unionobj2d_onlyfront.narc!/member_00002,0,/graphic/unionobj2d_onlyfront.narc,363,2,,1620,1720,1112,1212,100,3d6d8ad18ab3dd003b5926cbd5a87d381adb459b5082fbee7b53e38a3e6ca911,5245434efffe00016400000010000300,,NCER cell,Confirmed,True,False,,,,,,,,,,False,False
/graphic/unionobj2d_onlyfront.narc,/graphic/unionobj2d_onlyfront.narc!/member_00003,0,/graphic/unionobj2d_onlyfront.narc,363,3,,1720,1824,1212,1316,104,2e18e94c33eba4c90ebe725e8db16ea14da195a1a2dc7e3145310e8d59c276c6,524e414efffe00016800000010000300,,NANR animation,Confirmed,True,False,,,,,,,,,,False,False
/graphic/unionobj2d_onlyfront.narc,/graphic/unionobj2d_onlyfront.narc!/member_00004,0,/graphic/unionobj2d_onlyfront.narc,363,4,,1824,2384,1316,1876,560,af261344aed066d8f337a89b3fd29417ac0a066f5a0732db76a9915251115921,5247434efffe01013002000010000100,,NCGR graphics,Confirmed,True,False,,,,,,,,,,False,False
/graphic/unionobj2d_onlyfront.narc,/graphic/unionobj2d_onlyfront.narc!/member_00005,0,/graphic/unionobj2d_onlyfront.narc,363,5,,2384,2484,1876,1976,100,0b4e573c0f4b0ac1ac2a35738736add09483d933130c3d06fe3073901a200915,5245434efffe00016400000010000300,,NCER cell,Confirmed,True,False,,,,,,,,,,False,False
/graphic/unionobj2d_onlyfront.narc,/graphic/unionobj2d_onlyfront.narc!/member_00006,0,/graphic/unionobj2d_onlyfront.narc,363,6,,2484,2588,1976,2080,104,2e18e94c33eba4c90ebe725e8db16ea14da195a1a2dc7e3145310e8d59c276c6,524e414efffe00016800000010000300,,NANR animation,Confirmed,True,False,,,,,,,,,,False,False
/graphic/unionobj2d_onlyfront.narc,/graphic/unionobj2d_onlyfront.narc!/member_00007,0,/graphic/unionobj2d_onlyfront.narc,363,7,,2588,3148,2080,2640,560,1bae365e35d8e080d4c4406c234deac62236167f275f8fabda668d80e56bd9ac,5247434efffe01013002000010000100,,NCGR graphics,Confirmed,True,False,,,,,,,,,,False,False
/graphic/unionobj2d_onlyfront.narc,/graphic/unionobj2d_onlyfront.narc!/member_00008,0,/graphic/unionobj2d_onlyfront.narc,363,8,,3148,3248,2640,2740,100,893a302c0a9e9ac5321473a03d8687fa20fda7ef45a483885dad33ad025350da,5245434efffe00016400000010000300,,NCER cell,Confirmed,True,False,,,,,,,,,,False,False
/graphic/unionobj2d_onlyfront.narc,/graphic/unionobj2d_onlyfront.narc!/member_00009,0,/graphic/unionobj2d_onlyfront.narc,363,9,,3248,3352,2740,2844,104,2e18e94c33eba4c90ebe725e8db16ea14da195a1a2dc7e3145310e8d59c276c6,524e414efffe00016800000010000300,,NANR animation,Confirmed,True,False,,,,,,,,,,False,False
/graphic/unionobj2d_onlyfront.narc,/graphic/unionobj2d_onlyfront.narc!/member_00010,0,/graphic/unionobj2d_onlyfront.narc,363,10,,3352,3912,2844,3404,560,9514edb27dc75fc4d70a78513bdcbb1da2a2a6cad2e334a8a1a1c9a0df25ac70,5247434efffe01013002000010000100,,NCGR graphics,Confirmed,True,False,,,,,,,,,,False,False
/graphic/unionobj2d_onlyfront.narc,/graphic/unionobj2d_onlyfront.narc!/member_00011,0,/graphic/unionobj2d_onlyfront.narc,363,11,,3912,4012,3404,3504,100,921225bd2f587e34e0a2445c3f100fa3fcfcc6d47337429ca8c2feca3c0db4e9,5245434efffe00016400000010000300,,NCER cell,Confirmed,True,False,,,,,,,,,,False,False
/graphic/unionobj2d_onlyfront.narc,/graphic/unionobj2d_onlyfront.narc!/member_00012,0,/graphic/unionobj2d_onlyfront.narc,363,12,,4012,4116,3504,3608,104,2e18e94c33eba4c90ebe725e8db16ea14da195a1a2dc7e3145310e8d59c276c6,524e414efffe00016800000010000300,,NANR animation,Confirmed,True,False,,,,,,,,,,False,False
/graphic/unionobj2d_onlyfront.narc,/graphic/unionobj2d_onlyfront.narc!/member_00013,0,/graphic/unionobj2d_onlyfront.narc,363,13,,4116,4676,3608,4168,560,d63b0e62de262e8af1aac9d87fe225862a14058aad99a4cca4589f0b1b86a72a,5247434efffe01013002000010000100,,NCGR graphics,Confirmed,True,False,,,,,,,,,,False,False
/graphic/unionobj2d_onlyfront.narc,/graphic/unionobj2d_onlyfront.narc!/member_00014,0,/graphic/unionobj2d_onlyfront.narc,363,14,,4676,4776,4168,4268,100,0b4e573c0f4b0ac1ac2a35738736add09483d933130c3d06fe3073901a200915,5245434efffe00016400000010000300,,NCER cell,Confirmed,True,False,,,,,,,,,,False,False
/graphic/unionobj2d_onlyfront.narc,/graphic/unionobj2d_onlyfront.narc!/member_00015,0,/graphic/unionobj2d_onlyfront.narc,363,15,,4776,4880,4268,4372,104,2e18e94c33eba4c90ebe725e8db16ea14da195a1a2dc7e3145310e8d59c276c6,524e414efffe00016800000010000300,,NANR animation,Confirmed,True,False,,,,,,,,,,False,False
/graphic/unionobj2d_onlyfront.narc,/graphic/unionobj2d_onlyfront.narc!/member_00016,0,/graphic/unionobj2d_onlyfront.narc,363,16,,4880,5440,4372,4932,560,b46c9a9372c41a0b6f49c0eecedbfe444b0ec75d5f1cdf29b6ba812510bfe363,5247434efffe01013002000010000100,,NCGR graphics,Confirmed,True,False,,,,,,,,,,False,False
/graphic/unionobj2d_onlyfront.narc,/graphic/unionobj2d_onlyfront.narc!/member_00017,0,/graphic/unionobj2d_onlyfront.narc,363,17,,5440,5540,4932,5032,100,3b7ced3c58110ea7cd0fd7435740cce42894b6932cf8331c1bda18dcc6f0be6a,5245434efffe00016400000010000300,,NCER cell,Confirmed,True,False,,,,,,,,,,False,False
/graphic/unionobj2d_onlyfront.narc,/graphic/unionobj2d_onlyfront.narc!/member_00018,0,/graphic/unionobj2d_onlyfront.narc,363,18,,5540,5644,5032,5136,104,2e18e94c33eba4c90ebe725e8db16ea14da195a1a2dc7e3145310e8d59c276c6,524e414efffe00016800000010000300,,NANR animation,Confirmed,True,False,,,,,,,,,,False,False
/graphic/unionobj2d_onlyfront.narc,/graphic/unionobj2d_onlyfront.narc!/member_00019,0,/graphic/unionobj2d_onlyfront.narc,363,19,,5644,6204,5136,5696,560,a8b676b491bb245072dce576581d19e5ee2075d6616ad66a256ba932274c4a41,5247434efffe01013002000010000100,,NCGR graphics,Confirmed,True,False,,,,,,,,,,False,False
/graphic/unionobj2d_onlyfront.narc,/graphic/unionobj2d_onlyfront.narc!/member_00020,0,/graphic/unionobj2d_onlyfront.narc,363,20,,6204,6304,5696,5796,100,97edac6e23fe353b0ad53159654f108a8489bfea99e794103ca8b237553b52d5,5245434efffe00016400000010000300,,NCER cell,Confirmed,True,False,,,,,,,,,,False,False
/graphic/unionobj2d_onlyfront.narc,/graphic/unionobj2d_onlyfront.narc!/member_00021,0,/graphic/unionobj2d_onlyfront.narc,363,21,,6304,6408,5796,5900,104,2e18e94c33eba4c90ebe725e8db16ea14da195a1a2dc7e3145310e8d59c276c6,524e414efffe00016800000010000300,,NANR animation,Confirmed,True,False,,,,,,,,,,False,False
/graphic/unionobj2d_onlyfront.narc,/graphic/unionobj2d_onlyfront.narc!/member_00022,0,/graphic/unionobj2d_onlyfront.narc,363,22,,6408,6968,5900,6460,560,f2c7fe85c9c6cdff1c9a6916d84cf0cbc63a9672dbf7bc223ad9b2fb9bf2f657,5247434efffe01013002000010000100,,NCGR graphics,Confirmed,True,False,,,,,,,,,,False,False
/graphic/unionobj2d_onlyfront.narc,/graphic/unionobj2d_onlyfront.narc!/member_00023,0,/graphic/unionobj2d_onlyfront.narc,363,23,,6968,7068,6460,6560,100,3b5e5d2eeecdac9fa676f1bbd7d919e50886da3d92c79ecb767dd94dfb69ae58,5245434efffe00016400000010000300,,NCER cell,Confirmed,True,False,,,,,,,,,,False,False
/graphic/unionobj2d_onlyfront.narc,/graphic/unionobj2d_onlyfront.narc!/member_00024,0,/graphic/unionobj2d_onlyfront.narc,363,24,,7068,7172,6560,6664,104,2e18e94c33eba4c90ebe725e8db16ea14da195a1a2dc7e3145310e8d59c276c6,524e414efffe00016800000010000300,,NANR animation,Confirmed,True,False,,,,,,,,,,False,False
/graphic/unionobj2d_onlyfront.narc,/graphic/unionobj2d_onlyfront.narc!/member_00025,0,/graphic/unionobj2d_onlyfront.narc,363,25,,7172,7732,6664,7224,560,17bdb3c85974730aa6e22bba969e3a57b8565ec2739dc09d0118cebb8857fa0a,5247434efffe01013002000010000100,,NCGR graphics,Confirmed,True,False,,,,,,,,,,False,False
/graphic/unionobj2d_onlyfront.narc,/graphic/unionobj2d_onlyfront.narc!/member_00026,0,/graphic/unionobj2d_onlyfront.narc,363,26,,7732,7832,7224,7324,100,3d6d8ad18ab3dd003b5926cbd5a87d381adb459b5082fbee7b53e38a3e6ca911,5245434efffe00016400000010000300,,NCER cell,Confirmed,True,False,,,,,,,,,,False,False
/graphic/unionobj2d_onlyfront.narc,/graphic/unionobj2d_onlyfront.narc!/member_00027,0,/graphic/unionobj2d_onlyfront.narc,363,27,,7832,7936,7324,7428,104,2e18e94c33eba4c90ebe725e8db16ea14da195a1a2dc7e3145310e8d59c276c6,524e414efffe00016800000010000300,,NANR animation,Confirmed,True,False,,,,,,,,,,False,False
/graphic/unionobj2d_onlyfront.narc,/graphic/unionobj2d_onlyfront.narc!/member_00028,0,/graphic/unionobj2d_onlyfront.narc,363,28,,7936,8496,7428,7988,560,53fdd3a258dad0ac34e09fdbc2dc6ac22d45daa3cfb2cb8ced7f7c17b1d13632,5247434efffe01013002000010000100,,NCGR graphics,Confirmed,True,False,,,,,,,,,,False,False
/graphic/unionobj2d_onlyfront.narc,/graphic/unionobj2d_onlyfront.narc!/member_00029,0,/graphic/unionobj2d_onlyfront.narc,363,29,,8496,8596,7988,8088,100,65346056fdd171fe6cfcb6ad7a8ee707c85d5444d9cc811de478441d6f90c36a,5245434efffe00016400000010000300,,NCER cell,Confirmed,True,False,,,,,,,,,,False,False
/graphic/unionobj2d_onlyfront.narc,/graphic/unionobj2d_onlyfront.narc!/member_00030,0,/graphic/unionobj2d_onlyfront.narc,363,30,,8596,8700,8088,8192,104,2e18e94c33eba4c90ebe725e8db16ea14da195a1a2dc7e3145310e8d59c276c6,524e414efffe00016800000010000300,,NANR animation,Confirmed,True,False,,,,,,,,,,False,False
/graphic/unionobj2d_onlyfront.narc,/graphic/unionobj2d_onlyfront.narc!/member_00031,0,/graphic/unionobj2d_onlyfront.narc,363,31,,8700,9260,8192,8752,560,ed08c800282b10e106c682522024d7bf056f4f1af99d0790489a235aa30d7d8b,5247434efffe01013002000010000100,,NCGR graphics,Confirmed,True,False,,,,,,,,,,False,False
/graphic/unionobj2d_onlyfront.narc,/graphic/unionobj2d_onlyfront.narc!/member_00032,0,/graphic/unionobj2d_onlyfront.narc,363,32,,9260,9360,8752,8852,100,3b5e5d2eeecdac9fa676f1bbd7d919e50886da3d92c79ecb767dd94dfb69ae58,5245434efffe00016400000010000300,,NCER cell,Confirmed,True,False,,,,,,,,,,False,False
/graphic/unionobj2d_onlyfront.narc,/graphic/unionobj2d_onlyfront.narc!/member_00033,0,/graphic/unionobj2d_onlyfront.narc,363,33,,9360,9464,8852,8956,104,2e18e94c33eba4c90ebe725e8db16ea14da195a1a2dc7e3145310e8d59c276c6,524e414efffe00016800000010000300,,NANR animation,Confirmed,True,False,,,,,,,,,,False,False
/graphic/unionobj2d_onlyfront.narc,/graphic/unionobj2d_onlyfront.narc!/member_00034,0,/graphic/unionobj2d_onlyfront.narc,363,34,,9464,10024,8956,9516,560,3ae6f782d01d979a29a8a7bc80d535f9d83ad23614f253de37b10809f8736625,5247434efffe01013002000010000100,,NCGR graphics,Confirmed,True,False,,,,,,,,,,False,False
/graphic/unionobj2d_onlyfront.narc,/graphic/unionobj2d_onlyfront.narc!/member_00035,0,/graphic/unionobj2d_onlyfront.narc,363,35,,10024,10124,9516,9616,100,893a302c0a9e9ac5321473a03d8687fa20fda7ef45a483885dad33ad025350da,5245434efffe00016400000010000300,,NCER cell,Confirmed,True,False,,,,,,,,,,False,False
/graphic/unionobj2d_onlyfront.narc,/graphic/unionobj2d_onlyfront.narc!/member_00036,0,/graphic/unionobj2d_onlyfront.narc,363,36,,10124,10228,9616,9720,104,2e18e94c33eba4c90ebe725e8db16ea14da195a1a2dc7e3145310e8d59c276c6,524e414efffe00016800000010000300,,NANR animation,Confirmed,True,False,,,,,,,,,,False,False
/graphic/unionobj2d_onlyfront.narc,/graphic/unionobj2d_onlyfront.narc!/member_00037,0,/graphic/unionobj2d_onlyfront.narc,363,37,,10228,10788,9720,10280,560,5edf47f85d10b4b21d781f713f107cc52458eb1ff1df0dbe8b8d2f07726e6464,5247434efffe01013002000010000100,,NCGR graphics,Confirmed,True,False,,,,,,,,,,False,False
/graphic/unionobj2d_onlyfront.narc,/graphic/unionobj2d_onlyfront.narc!/member_00038,0,/graphic/unionobj2d_onlyfront.narc,363,38,,10788,10888,10280,10380,100,3b7ced3c58110ea7cd0fd7435740cce42894b6932cf8331c1bda18dcc6f0be6a,5245434efffe00016400000010000300,,NCER cell,Confirmed,True,False,,,,,,,,,,False,False
/graphic/unionobj2d_onlyfront.narc,/graphic/unionobj2d_onlyfront.narc!/member_00039,0,/graphic/unionobj2d_onlyfront.narc,363,39,,10888,10992,10380,10484,104,2e18e94c33eba4c90ebe725e8db16ea14da195a1a2dc7e3145310e8d59c276c6,524e414efffe00016800000010000300,,NANR animation,Confirmed,True,False,,,,,,,,,,False,False
/graphic/unionobj2d_onlyfront.narc,/graphic/unionobj2d_onlyfront.narc!/member_00040,0,/graphic/unionobj2d_onlyfront.narc,363,40,,10992,11552,10484,11044,560,c8aea3243ee6f18c9752bd84a887fac990ae496a6136d44d62cf6c1fed0fd121,5247434efffe01013002000010000100,,NCGR graphics,Confirmed,True,False,,,,,,,,,,False,False
/graphic/unionobj2d_onlyfront.narc,/graphic/unionobj2d_onlyfront.narc!/member_00041,0,/graphic/unionobj2d_onlyfront.narc,363,41,,11552,11652,11044,11144,100,3b7ced3c58110ea7cd0fd7435740cce42894b6932cf8331c1bda18dcc6f0be6a,5245434efffe00016400000010000300,,NCER cell,Confirmed,True,False,,,,,,,,,,False,False
/graphic/unionobj2d_onlyfront.narc,/graphic/unionobj2d_onlyfront.narc!/member_00042,0,/graphic/unionobj2d_onlyfront.narc,363,42,,11652,11756,11144,11248,104,2e18e94c33eba4c90ebe725e8db16ea14da195a1a2dc7e3145310e8d59c276c6,524e414efffe00016800000010000300,,NANR animation,Confirmed,True,False,,,,,,,,,,False,False
/graphic/unionobj2d_onlyfront.narc,/graphic/unionobj2d_onlyfront.narc!/member_00043,0,/graphic/unionobj2d_onlyfront.narc,363,43,,11756,12316,11248,11808,560,52ac717cd256d3172a42bcf7e994b2387c1ec9bbdb1dea46ba1dfbc7e050c916,5247434efffe01013002000010000100,,NCGR graphics,Confirmed,True,False,,,,,,,,,,False,False
/graphic/unionobj2d_onlyfront.narc,/graphic/unionobj2d_onlyfront.narc!/member_00044,0,/graphic/unionobj2d_onlyfront.narc,363,44,,12316,12416,11808,11908,100,921225bd2f587e34e0a2445c3f100fa3fcfcc6d47337429ca8c2feca3c0db4e9,5245434efffe00016400000010000300,,NCER cell,Confirmed,True,False,,,,,,,,,,False,False
/graphic/unionobj2d_onlyfront.narc,/graphic/unionobj2d_onlyfront.narc!/member_00045,0,/graphic/unionobj2d_onlyfront.narc,363,45,,12416,12520,11908,12012,104,2e18e94c33eba4c90ebe725e8db16ea14da195a1a2dc7e3145310e8d59c276c6,524e414efffe00016800000010000300,,NANR animation,Confirmed,True,False,,,,,,,,,,False,False
/graphic/unionobj2d_onlyfront.narc,/graphic/unionobj2d_onlyfront.narc!/member_00046,0,/graphic/unionobj2d_onlyfront.narc,363,46,,12520,13080,12012,12572,560,6aa520a45837e3824194016f5c79ed75de2b44bee839b4ea7459e49f99133e6a,5247434efffe01013002000010000100,,NCGR graphics,Confirmed,True,False,,,,,,,,,,False,False
/graphic/unionobj2d_onlyfront.narc,/graphic/unionobj2d_onlyfront.narc!/member_00047,0,/graphic/unionobj2d_onlyfront.narc,363,47,,13080,13180,12572,12672,100,97edac6e23fe353b0ad53159654f108a8489bfea99e794103ca8b237553b52d5,5245434efffe00016400000010000300,,NCER cell,Confirmed,True,False,,,,,,,,,,False,False
/graphic/unionobj2d_onlyfront.narc,/graphic/unionobj2d_onlyfront.narc!/member_00048,0,/graphic/unionobj2d_onlyfront.narc,363,48,,13180,13284,12672,12776,104,2e18e94c33eba4c90ebe725e8db16ea14da195a1a2dc7e3145310e8d59c276c6,524e414efffe00016800000010000300,,NANR animation,Confirmed,True,False,,,,,,,,,,False,False
/graphic/unionobj2d_onlyfront.narc,/graphic/unionobj2d_onlyfront.narc!/member_00049,0,/graphic/unionobj2d_onlyfront.narc,363,49,,13284,13836,12776,13328,552,bbc3467f499e6c64249d146e4117a53059c994e91d36eb1ffd466a5925b601f7,524c434efffe00012802000010000100,,NCLR palette,Confirmed,True,False,,,,,,,,,,False,False
/graphic/unionobj2d_onlyfront.narc,/graphic/unionobj2d_onlyfront.narc!/member_00050,0,/graphic/unionobj2d_onlyfront.narc,363,50,,13836,14396,13328,13888,560,0db99a947552d764a95bd0bce65d0444310242e448c12f9f4c1dfc627a673096,5247434efffe01013002000010000100,,NCGR graphics,Confirmed,True,False,,,,,,,,,,False,False
/graphic/unionobj2d_onlyfront.narc,/graphic/unionobj2d_onlyfront.narc!/member_00051,0,/graphic/unionobj2d_onlyfront.narc,363,51,,14396,14503,13888,13995,107,4e575d6675852da90ca963230bdd54d5cf8ee463c542f9ae2630f893552f43c7,5245434efffe00016b00000010000300,,NCER cell,Confirmed,True,False,,,,,,,,,,False,False
/graphic/unionobj2d_onlyfront.narc,/graphic/unionobj2d_onlyfront.narc!/member_00052,0,/graphic/unionobj2d_onlyfront.narc,363,52,,14504,14615,13996,14107,111,30249884bd91f10bc9d4e13e7b1495f09991b6f488405a0cdbb61cfb402d10ca,524e414efffe00016f00000010000300,,NANR animation,Confirmed,True,False,,,,,,,,,,False,False
/graphic/unionobj2d_onlyfront.narc,/graphic/unionobj2d_onlyfront.narc!/member_00053,0,/graphic/unionobj2d_onlyfront.narc,363,53,,14616,15168,14108,14660,552,9be256eaeb387eacb915937884f016e80311241b40386c48cb434ec866602d02,524c434efffe00012802000010000100,,NCLR palette,Confirmed,True,False,,,,,,,,,,False,False
/graphic/unionobj2d_onlyfront.narc,/graphic/unionobj2d_onlyfront.narc!/member_00054,0,/graphic/unionobj2d_onlyfront.narc,363,54,,15168,15728,14660,15220,560,f55c524756a5205cb1a0bb5ffe32009816412d2e672c04cc082a2df5e71ccb44,5247434efffe01013002000010000100,,NCGR graphics,Confirmed,True,False,,,,,,,,,,False,False
/graphic/unionobj2d_onlyfront.narc,/graphic/unionobj2d_onlyfront.narc!/member_00055,0,/graphic/unionobj2d_onlyfront.narc,363,55,,15728,15835,15220,15327,107,4e575d6675852da90ca963230bdd54d5cf8ee463c542f9ae2630f893552f43c7,5245434efffe00016b00000010000300,,NCER cell,Confirmed,True,False,,,,,,,,,,False,False
/graphic/unionobj2d_onlyfront.narc,/graphic/unionobj2d_onlyfront.narc!/member_00056,0,/graphic/unionobj2d_onlyfront.narc,363,56,,15836,15947,15328,15439,111,30249884bd91f10bc9d4e13e7b1495f09991b6f488405a0cdbb61cfb402d10ca,524e414efffe00016f00000010000300,,NANR animation,Confirmed,True,False,,,,,,,,,,False,False
/graphic/unionroom.narc,/graphic/unionroom.narc!/member_00000,0,/graphic/unionroom.narc,364,0,,116,668,0,552,552,bcdbd29ab6bdb9c2a29e8f402746706bc9dfc107c26286a5bc322d0b4eaefe01,524c434efffe00012802000010000100,,NCLR palette,Confirmed,True,False,,,,,,,,,,False,False
/graphic/unionroom.narc,/graphic/unionroom.narc!/member_00001,0,/graphic/unionroom.narc,364,1,,668,1220,552,1104,552,308bb8b5d312c50debea8502bc20d021ae429139f029e0a6b34c6fbed8e87052,524c434efffe00012802000010000100,,NCLR palette,Confirmed,True,False,,,,,,,,,,False,False
/graphic/unionroom.narc,/graphic/unionroom.narc!/member_00002,0,/graphic/unionroom.narc,364,2,,1220,2253,1104,2137,1033,c6d0dedc8f192116dcbf7bc7af34a45e9acdb764d3d3e7c0afb6aa06aeafb751,10401000005247434efffe0101004010,,Nintendo LZ10,Probable,,True,Nintendo LZ10,Confirmed,True,4160,True,4160,83e032c1f214d059df4d61514b1517c9f7484479615b577e5cd981ae2f1ea693,NCGR graphics,Confirmed,False,False
/graphic/unionroom.narc,/graphic/unionroom.narc!/member_00003,0,/graphic/unionroom.narc,364,3,,2256,3110,2140,2994,854,5a7768f30226924fd6b5657d744784c922eb9d27c49a25846ba0581450847da1,10240c00005243534efffe000100240c,,Nintendo LZ10,Probable,,True,Nintendo LZ10,Confirmed,True,3108,True,3108,06225058f47ffa6f1aaea02f8baba67525f305de64803cf5be6efb0d53dba889,NSCR screen map,Confirmed,False,False
/graphic/unionroom.narc,/graphic/unionroom.narc!/member_00004,0,/graphic/unionroom.narc,364,4,,3112,3403,2996,3287,291,e63892e6c7ff241e8b6dc983ddeb544a8474e388f138b115092a9a0b4299b483,10240800005243534efffe0001002408,,Nintendo LZ10,Probable,,True,Nintendo LZ10,Confirmed,True,2084,True,2084,65cfac1a184e6637acef9972d219e2aff9fff15c74f53d7f192de1bc59e2dd63,NSCR screen map,Confirmed,False,False
/graphic/unionroom.narc,/graphic/unionroom.narc!/member_00005,0,/graphic/unionroom.narc,364,5,,3404,4218,3288,4102,814,e24c8500f6006df372eb41678e9d4cb45b7b3001d5dcccd635e2b7fde5b7249d,10b00a00005247434efffe010100b00a,,Nintendo LZ10,Probable,,True,Nintendo LZ10,Confirmed,True,2736,True,2736,979bfb6678d0c9398931138041c0438aaded45643acd532bd1c01e3d1136f411,NCGR graphics,Confirmed,False,False
/graphic/unionroom.narc,/graphic/unionroom.narc!/member_00006,0,/graphic/unionroom.narc,364,6,,4220,4408,4104,4292,188,19791784e7aacde0c83a1999549b4d83508f23b9ef7efe3553a2594f8cbba111,102a0100005245434efffe0001002a01,,Nintendo LZ10,Probable,,True,Nintendo LZ10,Confirmed,True,298,True,298,affd05d0004d65997034f8700a56182234196c230da448cb2ad6a25e465c147c,NCER cell,Confirmed,False,False
/graphic/unionroom.narc,/graphic/unionroom.narc!/member_00007,0,/graphic/unionroom.narc,364,7,,4408,4623,4292,4507,215,6a50200819a363b99fb5b11e8509a7ffc915d3d35b613ca156b9cc687303eb70,1082010000524e414efffe0001008201,,Nintendo LZ10,Probable,,True,Nintendo LZ10,Confirmed,True,386,True,386,a00b46b66cf7fb853e499cd4f293228dc83811e58836d81f6a76abcfe05b81ce,NANR animation,Confirmed,False,False
/graphic/waza_oshie_gra.narc,/graphic/waza_oshie_gra.narc!/member_00000,0,/graphic/waza_oshie_gra.narc,365,0,,156,267,0,111,111,ca4fb76f05db368c396eb1886b1de7f86ac9d15577eac9a050aee2d0ddf7492b,524e414efffe00016f00000010000300,,NANR animation,Confirmed,True,False,,,,,,,,,,False,False
/graphic/waza_oshie_gra.narc,/graphic/waza_oshie_gra.narc!/member_00001,0,/graphic/waza_oshie_gra.narc,365,1,,268,391,112,235,123,998f9efa4867142b3d24fbf4fc0757dd65dc30751c9db7b3a6340f83d8936e92,5245434efffe00017b00000010000300,,NCER cell,Confirmed,True,False,,,,,,,,,,False,False
/graphic/waza_oshie_gra.narc,/graphic/waza_oshie_gra.narc!/member_00002,0,/graphic/waza_oshie_gra.narc,365,2,,392,1464,236,1308,1072,246207061418d0758c56f0979e5705002dcaf656a0dfe73498deeda6101cef58,5247434efffe01013004000010000100,,NCGR graphics,Confirmed,True,False,,,,,,,,,,False,False
/graphic/waza_oshie_gra.narc,/graphic/waza_oshie_gra.narc!/member_00003,0,/graphic/waza_oshie_gra.narc,365,3,,1464,1754,1308,1598,290,0a43ef11f0985aae0064c759d4c5aa91144a0e7ae0d358f878937a2cd2623cd0,524e414efffe00012201000010000300,,NANR animation,Confirmed,True,False,,,,,,,,,,False,False
/graphic/waza_oshie_gra.narc,/graphic/waza_oshie_gra.narc!/member_00004,0,/graphic/waza_oshie_gra.narc,365,4,,1756,1898,1600,1742,142,c1419bc01f9aa5987bc87a8f99f21f97f1917e3312af32c1aa0a1bf4b71e217c,5245434efffe00018e00000010000300,,NCER cell,Confirmed,True,False,,,,,,,,,,False,False
/graphic/waza_oshie_gra.narc,/graphic/waza_oshie_gra.narc!/member_00005,0,/graphic/waza_oshie_gra.narc,365,5,,1900,2076,1744,1920,176,b15ad8275b8bbc0be312dc792fb8ef14b29dd3880ce79fc39947b15e32600108,5247434efffe0101b000000010000100,,NCGR graphics,Confirmed,True,False,,,,,,,,,,False,False
/graphic/waza_oshie_gra.narc,/graphic/waza_oshie_gra.narc!/member_00006,0,/graphic/waza_oshie_gra.narc,365,6,,2076,2366,1920,2210,290,b5566f16e31807624620069bd68efa6116f21c442897250a6057f71c7f8dd15c,524e414efffe00012201000010000300,,NANR animation,Confirmed,True,False,,,,,,,,,,False,False
/graphic/waza_oshie_gra.narc,/graphic/waza_oshie_gra.narc!/member_00007,0,/graphic/waza_oshie_gra.narc,365,7,,2368,2510,2212,2354,142,6b3bb42c2a60dcf1cab8f1ef4fe29b41bc03bb82a582ac730c6272951c9e4e29,5245434efffe00018e00000010000300,,NCER cell,Confirmed,True,False,,,,,,,,,,False,False
/graphic/waza_oshie_gra.narc,/graphic/waza_oshie_gra.narc!/member_00008,0,/graphic/waza_oshie_gra.narc,365,8,,2512,2688,2356,2532,176,d25eac7c825cd49458680b6287a78c079319b836964560c2dc9365bf2f4862a7,5247434efffe0101b000000010000100,,NCGR graphics,Confirmed,True,False,,,,,,,,,,False,False
/graphic/waza_oshie_gra.narc,/graphic/waza_oshie_gra.narc!/member_00009,0,/graphic/waza_oshie_gra.narc,365,9,,2688,3240,2532,3084,552,d2d4ad65198464b5988a7a93e0b212c57e9bc31dbd722ad64786486eac7f33d5,524c434efffe00012802000010000100,,NCLR palette,Confirmed,True,False,,,,,,,,,,False,False
/graphic/waza_oshie_gra.narc,/graphic/waza_oshie_gra.narc!/member_00010,0,/graphic/waza_oshie_gra.narc,365,10,,3240,7400,3084,7244,4160,5ec4923e725d3d39709417c5d66c799777f90485a75c4782b288d790ab80ea4a,5247434efffe01014010000010000200,,NCGR graphics,Confirmed,True,False,,,,,,,,,,False,False
/graphic/waza_oshie_gra.narc,/graphic/waza_oshie_gra.narc!/member_00011,0,/graphic/waza_oshie_gra.narc,365,11,,7400,11532,7244,11376,4132,3608b95bd0267966303a2afa343e7c4a18bb58832e2217276396cc2c4807dde8,5243534efffe00012410000010000100,,NSCR screen map,Confirmed,True,False,,,,,,,,,,False,False
/graphic/waza_oshie_gra.narc,/graphic/waza_oshie_gra.narc!/member_00012,0,/graphic/waza_oshie_gra.narc,365,12,,11532,12084,11376,11928,552,934f41c86f9cfac0676a6d8a459e58be30308e33a0c5c7f8519d1f49e32aebd4,524c434efffe00012802000010000100,,NCLR palette,Confirmed,True,False,,,,,,,,,,False,False
/graphic/wifi2dchar.narc,/graphic/wifi2dchar.narc!/member_00000,0,/graphic/wifi2dchar.narc,366,0,,2572,2679,0,107,107,17181fd7affbdf4b75a515663b74654ef38231fbb2ef4b92c9e012fa3627f3e1,5245434efffe00016b00000010000300,,NCER cell,Confirmed,True,False,,,,,,,,,,False,False
/graphic/wifi2dchar.narc,/graphic/wifi2dchar.narc!/member_00001,0,/graphic/wifi2dchar.narc,366,1,,2680,2791,108,219,111,30249884bd91f10bc9d4e13e7b1495f09991b6f488405a0cdbb61cfb402d10ca,524e414efffe00016f00000010000300,,NANR animation,Confirmed,True,False,,,,,,,,,,False,False
/graphic/wifi2dchar.narc,/graphic/wifi2dchar.narc!/member_00002,0,/graphic/wifi2dchar.narc,366,2,,2792,2968,220,396,176,bbf35302c001622726f4d784576b4799cf75a97666f14736c1711c8afea411d6,5247434efffe0101b000000010000100,,NCGR graphics,Confirmed,True,False,,,,,,,,,,False,False
/graphic/wifi2dchar.narc,/graphic/wifi2dchar.narc!/member_00003,0,/graphic/wifi2dchar.narc,366,3,,2968,3723,396,1151,755,bcaed88f3baacbda3284604cff2d36bf2b21ef2c9dbb4413f9b7e9a70b80094d,5245434efffe0001f302000010000300,,NCER cell,Confirmed,True,False,,,,,,,,,,False,False
/graphic/wifi2dchar.narc,/graphic/wifi2dchar.narc!/member_00004,0,/graphic/wifi2dchar.narc,366,4,,3724,4543,1152,1971,819,b04a59cc1fa3e94bdc6f83679ce1ebee609f17f128772dd9b27c347247e5d612,524e414efffe00013303000010000300,,NANR animation,Confirmed,True,False,,,,,,,,,,False,False
/graphic/wifi2dchar.narc,/graphic/wifi2dchar.narc!/member_00005,0,/graphic/wifi2dchar.narc,366,5,,4544,4981,1972,2409,437,61e0ac6b16491a3aca5e5d42587ce9f081fec96ebf90f27841976d2bc13ecd92,5245434efffe0001b501000010000300,,NCER cell,Confirmed,True,False,,,,,,,,,,False,False
/graphic/wifi2dchar.narc,/graphic/wifi2dchar.narc!/member_00006,0,/graphic/wifi2dchar.narc,366,6,,4984,5525,2412,2953,541,1055b127e6386285552c5c75e2ddd43fac5a260e1e82ea669dbe736804a2062d,524e414efffe00011d02000010000300,,NANR animation,Confirmed,True,False,,,,,,,,,,False,False
/graphic/wifi2dchar.narc,/graphic/wifi2dchar.narc!/member_00007,0,/graphic/wifi2dchar.narc,366,7,,5528,5965,2956,3393,437,2ddadb0d933c8ffc2a4584c803199777a08ecceb39963ab964bfb6f7b1b2adde,5245434efffe0001b501000010000300,,NCER cell,Confirmed,True,False,,,,,,,,,,False,False
/graphic/wifi2dchar.narc,/graphic/wifi2dchar.narc!/member_00008,0,/graphic/wifi2dchar.narc,366,8,,5968,6509,3396,3937,541,5ed6476ebe33dd4c409080779ba04a37d8cef57c68d050fc65aa0690db0f193f,524e414efffe00011d02000010000300,,NANR animation,Confirmed,True,False,,,,,,,,,,False,False
/graphic/wifi2dchar.narc,/graphic/wifi2dchar.narc!/member_00009,0,/graphic/wifi2dchar.narc,366,9,,6512,6715,3940,4143,203,77dcaeef1c821b793eec5b4dba2282619896897d97a8ecdcfd2731570bdf61d9,5245434efffe0001cb00000010000300,,NCER cell,Confirmed,True,False,,,,,,,,,,False,False
/graphic/wifi2dchar.narc,/graphic/wifi2dchar.narc!/member_00010,0,/graphic/wifi2dchar.narc,366,10,,6716,6991,4144,4419,275,40b77dd84da2385973bca1cfccbd7ccbc5e602c5813fc671925d945cce1743c0,524e414efffe00011301000010000300,,NANR animation,Confirmed,True,False,,,,,,,,,,False,False
/graphic/wifi2dchar.narc,/graphic/wifi2dchar.narc!/member_00011,0,/graphic/wifi2dchar.narc,366,11,,6992,7195,4420,4623,203,6cc48390ced0a5019878ca2654eb6b0d5ba311890e3fc449ba0189c6fd5f5701,5245434efffe0001cb00000010000300,,NCER cell,Confirmed,True,False,,,,,,,,,,False,False
/graphic/wifi2dchar.narc,/graphic/wifi2dchar.narc!/member_00012,0,/graphic/wifi2dchar.narc,366,12,,7196,7471,4624,4899,275,1f887e682229aa8f4cd60caa9647266294e068ce71200e732ad4983c846a0051,524e414efffe00011301000010000300,,NANR animation,Confirmed,True,False,,,,,,,,,,False,False
/graphic/wifi2dchar.narc,/graphic/wifi2dchar.narc!/member_00013,0,/graphic/wifi2dchar.narc,366,13,,7472,8024,4900,5452,552,bbc3467f499e6c64249d146e4117a53059c994e91d36eb1ffd466a5925b601f7,524c434efffe00012802000010000100,,NCLR palette,Confirmed,True,False,,,,,,,,,,False,False
/graphic/wifi2dchar.narc,/graphic/wifi2dchar.narc!/member_00014,0,/graphic/wifi2dchar.narc,366,14,,8024,17288,5452,14716,9264,feb8c2a6e0decd230add7ecfc902bd0fe738c9b3d3957b8dc43e08f6390fdd40,5247434efffe01013024000010000100,,NCGR graphics,Confirmed,True,False,,,,,,,,,,False,False
/graphic/wifi2dchar.narc,/graphic/wifi2dchar.narc!/member_00015,0,/graphic/wifi2dchar.narc,366,15,,17288,17840,14716,15268,552,9be256eaeb387eacb915937884f016e80311241b40386c48cb434ec866602d02,524c434efffe00012802000010000100,,NCLR palette,Confirmed,True,False,,,,,,,,,,False,False
/graphic/wifi2dchar.narc,/graphic/wifi2dchar.narc!/member_00016,0,/graphic/wifi2dchar.narc,366,16,,17840,27104,15268,24532,9264,818abfd6273fe1937d04db62e6eea2c4b29a6c1a1cb26dd3e921e3bec4730413,5247434efffe01013024000010000100,,NCGR graphics,Confirmed,True,False,,,,,,,,,,False,False
/graphic/wifi2dchar.narc,/graphic/wifi2dchar.narc!/member_00017,0,/graphic/wifi2dchar.narc,366,17,,27104,27656,24532,25084,552,1d39fff53afd7ce0dbb857a0c8c4e89cd7a4fc1dada03a20d038a6980123ccf4,524c434efffe00012802000010000100,,NCLR palette,Confirmed,True,False,,,,,,,,,,False,False
/graphic/wifi2dchar.narc,/graphic/wifi2dchar.narc!/member_00018,0,/graphic/wifi2dchar.narc,366,18,,27656,32312,25084,29740,4656,411604ee4c41e808cb60f030ef1a0164d62de74b1f9814eb5fcd7c48490627f8,5247434efffe01013012000010000100,,NCGR graphics,Confirmed,True,False,,,,,,,,,,False,False
/graphic/wifi2dchar.narc,/graphic/wifi2dchar.narc!/member_00019,0,/graphic/wifi2dchar.narc,366,19,,32312,32864,29740,30292,552,8011de72aea52319b35965aa823de663fc91316c6e7f5a3895e83a8ef5920a82,524c434efffe00012802000010000100,,NCLR palette,Confirmed,True,False,,,,,,,,,,False,False
/graphic/wifi2dchar.narc,/graphic/wifi2dchar.narc!/member_00020,0,/graphic/wifi2dchar.narc,366,20,,32864,37520,30292,34948,4656,46dc02401b95b756e1c6e4171d3d4d73bb81cee688e01e7fe4f0e0ce1fa42ce1,5247434efffe01013012000010000100,,NCGR graphics,Confirmed,True,False,,,,,,,,,,False,False
/graphic/wifi2dchar.narc,/graphic/wifi2dchar.narc!/member_00021,0,/graphic/wifi2dchar.narc,366,21,,37520,38072,34948,35500,552,5d6790d960a5b3b83677f1a1be1b6d58fedd941008b70c106cf04b000a3bd01f,524c434efffe00012802000010000100,,NCLR palette,Confirmed,True,False,,,,,,,,,,False,False
/graphic/wifi2dchar.narc,/graphic/wifi2dchar.narc!/member_00022,0,/graphic/wifi2dchar.narc,366,22,,38072,42728,35500,40156,4656,b4e49478b5d7b6b16aef5a9f5a7d206568e4f43ec1f6f6408cf59f0f86421290,5247434efffe01013012000010000100,,NCGR graphics,Confirmed,True,False,,,,,,,,,,False,False
/graphic/wifi2dchar.narc,/graphic/wifi2dchar.narc!/member_00023,0,/graphic/wifi2dchar.narc,366,23,,42728,43280,40156,40708,552,d6ee8984de59a7cf9c881002c018f9a6e9c6fa91b2167b47f885f18f4b8dacdd,524c434efffe00012802000010000100,,NCLR palette,Confirmed,True,False,,,,,,,,,,False,False
/graphic/wifi2dchar.narc,/graphic/wifi2dchar.narc!/member_00024,0,/graphic/wifi2dchar.narc,366,24,,43280,47936,40708,45364,4656,c3cecbcddf24bab384a85d6bae6ed653696cb83daa8ad974c7b300c46ba5aba0,5247434efffe01013012000010000100,,NCGR graphics,Confirmed,True,False,,,,,,,,,,False,False
/graphic/wifi2dchar.narc,/graphic/wifi2dchar.narc!/member_00025,0,/graphic/wifi2dchar.narc,366,25,,47936,48488,45364,45916,552,0224bc3a12bcd5a7dbd1678a2e2229647c1f4a5a9983250db70f9557376eddcb,524c434efffe00012802000010000100,,NCLR palette,Confirmed,True,False,,,,,,,,,,False,False
/graphic/wifi2dchar.narc,/graphic/wifi2dchar.narc!/member_00026,0,/graphic/wifi2dchar.narc,366,26,,48488,53144,45916,50572,4656,f8dd3a1f3d29e08a06fdfcf93e34b87c47ad6a56f6cc3bdb9dbf33947af8c333,5247434efffe01013012000010000100,,NCGR graphics,Confirmed,True,False,,,,,,,,,,False,False
/graphic/wifi2dchar.narc,/graphic/wifi2dchar.narc!/member_00027,0,/graphic/wifi2dchar.narc,366,27,,53144,53696,50572,51124,552,5e3d54c4b54bfb1cf2255ee9abf62551692a1809995836a7376787641f71ca63,524c434efffe00012802000010000100,,NCLR palette,Confirmed,True,False,,,,,,,,,,False,False
/graphic/wifi2dchar.narc,/graphic/wifi2dchar.narc!/member_00028,0,/graphic/wifi2dchar.narc,366,28,,53696,58352,51124,55780,4656,53b6a52a6415129a80774fcead93dca58876ae987f7af9ed828389ec9699e3b0,5247434efffe01013012000010000100,,NCGR graphics,Confirmed,True,False,,,,,,,,,,False,False
/graphic/wifi2dchar.narc,/graphic/wifi2dchar.narc!/member_00029,0,/graphic/wifi2dchar.narc,366,29,,58352,58904,55780,56332,552,25b2543cfd847aa561ed896bda15939926810b6e5ae015c69350935f98e59c34,524c434efffe00012802000010000100,,NCLR palette,Confirmed,True,False,,,,,,,,,,False,False
/graphic/wifi2dchar.narc,/graphic/wifi2dchar.narc!/member_00030,0,/graphic/wifi2dchar.narc,366,30,,58904,63560,56332,60988,4656,3819d9d27fec3f21ac9ee71b71ff6f18bc67b7c4a09f83113c8be0e3b6d0549b,5247434efffe01013012000010000100,,NCGR graphics,Confirmed,True,False,,,,,,,,,,False,False
/graphic/wifi2dchar.narc,/graphic/wifi2dchar.narc!/member_00031,0,/graphic/wifi2dchar.narc,366,31,,63560,64112,60988,61540,552,eb4e1d4cc5bafb2df6b1df42af9216928156abd59268dba0cbe9f8157d0df553,524c434efffe00012802000010000100,,NCLR palette,Confirmed,True,False,,,,,,,,,,False,False
/graphic/wifi2dchar.narc,/graphic/wifi2dchar.narc!/member_00032,0,/graphic/wifi2dchar.narc,366,32,,64112,68768,61540,66196,4656,c03aaca84a3dad873c0af69946700f2905e3c5513be64d0dae65445f588e457d,5247434efffe01013012000010000100,,NCGR graphics,Confirmed,True,False,,,,,,,,,,False,False
/graphic/wifi2dchar.narc,/graphic/wifi2dchar.narc!/member_00033,0,/graphic/wifi2dchar.narc,366,33,,68768,69320,66196,66748,552,5c1fea35655d5fa0f52287d3dd58d1e4b3bac8e2d92f0cb1a2165a42e1746f88,524c434efffe00012802000010000100,,NCLR palette,Confirmed,True,False,,,,,,,,,,False,False
/graphic/wifi2dchar.narc,/graphic/wifi2dchar.narc!/member_00034,0,/graphic/wifi2dchar.narc,366,34,,69320,73976,66748,71404,4656,90419391a752312f33c58cb4e851e585a1393fe08b3174f0daf0f0d1abafcf12,5247434efffe01013012000010000100,,NCGR graphics,Confirmed,True,False,,,,,,,,,,False,False
/graphic/wifi2dchar.narc,/graphic/wifi2dchar.narc!/member_00035,0,/graphic/wifi2dchar.narc,366,35,,73976,74528,71404,71956,552,6d9cc49afb9256a9dade20c89997bb2d8f3d6559c2ad2f029a349c88ffba2a7d,524c434efffe00012802000010000100,,NCLR palette,Confirmed,True,False,,,,,,,,,,False,False
/graphic/wifi2dchar.narc,/graphic/wifi2dchar.narc!/member_00036,0,/graphic/wifi2dchar.narc,366,36,,74528,79184,71956,76612,4656,27a7c5c404d181aa6df92e2e718c2d94175f6e2016a19e6d60446dea6c7dce09,5247434efffe01013012000010000100,,NCGR graphics,Confirmed,True,False,,,,,,,,,,False,False
/graphic/wifi2dchar.narc,/graphic/wifi2dchar.narc!/member_00037,0,/graphic/wifi2dchar.narc,366,37,,79184,79736,76612,77164,552,772e9e0f0734929e9ea0168898bf01984b98d8a37cfe2ea8c41e90f1950cc830,524c434efffe00012802000010000100,,NCLR palette,Confirmed,True,False,,,,,,,,,,False,False
/graphic/wifi2dchar.narc,/graphic/wifi2dchar.narc!/member_00038,0,/graphic/wifi2dchar.narc,366,38,,79736,84392,77164,81820,4656,f1a2c87517f7ccc0fb5ffaaeeff98f42fa2531f03055c99be43d7b84c2698a38,5247434efffe01013012000010000100,,NCGR graphics,Confirmed,True,False,,,,,,,,,,False,False
/graphic/wifi2dchar.narc,/graphic/wifi2dchar.narc!/member_00039,0,/graphic/wifi2dchar.narc,366,39,,84392,84944,81820,82372,552,5d6790d960a5b3b83677f1a1be1b6d58fedd941008b70c106cf04b000a3bd01f,524c434efffe00012802000010000100,,NCLR palette,Confirmed,True,False,,,,,,,,,,False,False
/graphic/wifi2dchar.narc,/graphic/wifi2dchar.narc!/member_00040,0,/graphic/wifi2dchar.narc,366,40,,84944,89600,82372,87028,4656,0a5b0a8444ff0ef877e2ffe1d879a1815deae9f5b7ff11c39b588772b34b3ab4,5247434efffe01013012000010000100,,NCGR graphics,Confirmed,True,False,,,,,,,,,,False,False
/graphic/wifi2dchar.narc,/graphic/wifi2dchar.narc!/member_00041,0,/graphic/wifi2dchar.narc,366,41,,89600,90152,87028,87580,552,790de6dbccb276ed9bfabb808c7bbf80325cab658f816b67d6e7d46f55369f40,524c434efffe00012802000010000100,,NCLR palette,Confirmed,True,False,,,,,,,,,,False,False
/graphic/wifi2dchar.narc,/graphic/wifi2dchar.narc!/member_00042,0,/graphic/wifi2dchar.narc,366,42,,90152,94808,87580,92236,4656,970218d22e6f3a9e0916ae29817cd295616ccf109a0dfdc04118d72ba2744186,5247434efffe01013012000010000100,,NCGR graphics,Confirmed,True,False,,,,,,,,,,False,False
/graphic/wifi2dchar.narc,/graphic/wifi2dchar.narc!/member_00043,0,/graphic/wifi2dchar.narc,366,43,,94808,95360,92236,92788,552,3f9e8597998eef69c69c0d3220738cb927922c796d268b577a1100352c8b479b,524c434efffe00012802000010000100,,NCLR palette,Confirmed,True,False,,,,,,,,,,False,False
/graphic/wifi2dchar.narc,/graphic/wifi2dchar.narc!/member_00044,0,/graphic/wifi2dchar.narc,366,44,,95360,100016,92788,97444,4656,96701f878ef1c213ac29277cea73429c5fe23a540c3422264d5b8e2969e970d2,5247434efffe01013012000010000100,,NCGR graphics,Confirmed,True,False,,,,,,,,,,False,False
/graphic/wifi2dchar.narc,/graphic/wifi2dchar.narc!/member_00045,0,/graphic/wifi2dchar.narc,366,45,,100016,100568,97444,97996,552,5c4e64da7fc39697c08bd22673d4c683ed29908c958f03ffa3618cd7a79a200a,524c434efffe00012802000010000100,,NCLR palette,Confirmed,True,False,,,,,,,,,,False,False
/graphic/wifi2dchar.narc,/graphic/wifi2dchar.narc!/member_00046,0,/graphic/wifi2dchar.narc,366,46,,100568,105224,97996,102652,4656,e3b59fec3923f18fa00b2c3ba730937a92e429e81c9352bb36718008d99d138f,5247434efffe01013012000010000100,,NCGR graphics,Confirmed,True,False,,,,,,,,,,False,False
/graphic/wifi2dchar.narc,/graphic/wifi2dchar.narc!/member_00047,0,/graphic/wifi2dchar.narc,366,47,,105224,105776,102652,103204,552,25b2543cfd847aa561ed896bda15939926810b6e5ae015c69350935f98e59c34,524c434efffe00012802000010000100,,NCLR palette,Confirmed,True,False,,,,,,,,,,False,False
/graphic/wifi2dchar.narc,/graphic/wifi2dchar.narc!/member_00048,0,/graphic/wifi2dchar.narc,366,48,,105776,110432,103204,107860,4656,4ded97619ee6d39c7792916275a4569993af895bcd9c680f1a7ad92cb90a0702,5247434efffe01013012000010000100,,NCGR graphics,Confirmed,True,False,,,,,,,,,,False,False
/graphic/wifi2dchar.narc,/graphic/wifi2dchar.narc!/member_00049,0,/graphic/wifi2dchar.narc,366,49,,110432,110984,107860,108412,552,168aa0d8fa439e4f87568a5edb48f47e7f3d057077a762e6ac8c6a102bbce47a,524c434efffe00012802000010000100,,NCLR palette,Confirmed,True,False,,,,,,,,,,False,False
/graphic/wifi2dchar.narc,/graphic/wifi2dchar.narc!/member_00050,0,/graphic/wifi2dchar.narc,366,50,,110984,115640,108412,113068,4656,88045c6d4a8a1d9f404c56524fa525902dfb8f5f85d33ca8a5ac3e03380aad20,5247434efffe01013012000010000100,,NCGR graphics,Confirmed,True,False,,,,,,,,,,False,False
/graphic/wifi2dchar.narc,/graphic/wifi2dchar.narc!/member_00051,0,/graphic/wifi2dchar.narc,366,51,,115640,116192,113068,113620,552,36fb056c872f80a19c605857c8d29906ed2893e889240a749443949ad00a76c3,524c434efffe00012802000010000100,,NCLR palette,Confirmed,True,False,,,,,,,,,,False,False
/graphic/wifi2dchar.narc,/graphic/wifi2dchar.narc!/member_00052,0,/graphic/wifi2dchar.narc,366,52,,116192,120848,113620,118276,4656,f5a10b5877d774efaafac986e306eb185ee6b186c330f72c1c5fd3c36f9c0004,5247434efffe01013012000010000100,,NCGR graphics,Confirmed,True,False,,,,,,,,,,False,False
/graphic/wifi2dchar.narc,/graphic/wifi2dchar.narc!/member_00053,0,/graphic/wifi2dchar.narc,366,53,,120848,121400,118276,118828,552,db79268201fcfca384af55c4e1b3b81695e23d5e9386458f95c0995341d36993,524c434efffe00012802000010000100,,NCLR palette,Confirmed,True,False,,,,,,,,,,False,False
/graphic/wifi2dchar.narc,/graphic/wifi2dchar.narc!/member_00054,0,/graphic/wifi2dchar.narc,366,54,,121400,126056,118828,123484,4656,d8361c032e97adb8fce36668a70b45e377931b44f18907be209227006519cefe,5247434efffe01013012000010000100,,NCGR graphics,Confirmed,True,False,,,,,,,,,,False,False
/graphic/wifi2dchar.narc,/graphic/wifi2dchar.narc!/member_00055,0,/graphic/wifi2dchar.narc,366,55,,126056,126608,123484,124036,552,db79268201fcfca384af55c4e1b3b81695e23d5e9386458f95c0995341d36993,524c434efffe00012802000010000100,,NCLR palette,Confirmed,True,False,,,,,,,,,,False,False
/graphic/wifi2dchar.narc,/graphic/wifi2dchar.narc!/member_00056,0,/graphic/wifi2dchar.narc,366,56,,126608,131264,124036,128692,4656,3a4c66def133299ea3ea60c3f1176990f64e0224ab2e549815f95308b180ef2c,5247434efffe01013012000010000100,,NCGR graphics,Confirmed,True,False,,,,,,,,,,False,False
/graphic/wifi2dchar.narc,/graphic/wifi2dchar.narc!/member_00057,0,/graphic/wifi2dchar.narc,366,57,,131264,131816,128692,129244,552,64c410b7618972fd5b86c0254a801b39f6edf8c291cfe4cd63cfd74e73cd76b9,524c434efffe00012802000010000100,,NCLR palette,Confirmed,True,False,,,,,,,,,,False,False
/graphic/wifi2dchar.narc,/graphic/wifi2dchar.narc!/member_00058,0,/graphic/wifi2dchar.narc,366,58,,131816,136472,129244,133900,4656,0eb7ff9e37f8f04e6f35e35d456022229e89b8cc02d8249bb6ba726c5e9aea28,5247434efffe01013012000010000100,,NCGR graphics,Confirmed,True,False,,,,,,,,,,False,False
/graphic/wifi2dchar.narc,/graphic/wifi2dchar.narc!/member_00059,0,/graphic/wifi2dchar.narc,366,59,,136472,137024,133900,134452,552,435421fd40942f40237a6e534e52f6dbd476ce712439a7fac0a1f308ec71b577,524c434efffe00012802000010000100,,NCLR palette,Confirmed,True,False,,,,,,,,,,False,False
/graphic/wifi2dchar.narc,/graphic/wifi2dchar.narc!/member_00060,0,/graphic/wifi2dchar.narc,366,60,,137024,141680,134452,139108,4656,c830ae92eea70b1ad5e8a1b7158133eb4a03f8fc9d8890176068ff8790291e47,5247434efffe01013012000010000100,,NCGR graphics,Confirmed,True,False,,,,,,,,,,False,False
/graphic/wifi2dchar.narc,/graphic/wifi2dchar.narc!/member_00061,0,/graphic/wifi2dchar.narc,366,61,,141680,142232,139108,139660,552,14617758908d4a9ff633c705d4e6acc913f0ec7d5c0be34f6de351be66116016,524c434efffe00012802000010000100,,NCLR palette,Confirmed,True,False,,,,,,,,,,False,False
/graphic/wifi2dchar.narc,/graphic/wifi2dchar.narc!/member_00062,0,/graphic/wifi2dchar.narc,366,62,,142232,146888,139660,144316,4656,b6d84387bcfb90008f793ac619fa7d08182916a17969d9b24a8dbca7e2453dcb,5247434efffe01013012000010000100,,NCGR graphics,Confirmed,True,False,,,,,,,,,,False,False
/graphic/wifi2dchar.narc,/graphic/wifi2dchar.narc!/member_00063,0,/graphic/wifi2dchar.narc,366,63,,146888,147440,144316,144868,552,c28856f9a45eb0eba56eb5534d4f3bd388dac71803902d70e31ad86bdf0d237e,524c434efffe00012802000010000100,,NCLR palette,Confirmed,True,False,,,,,,,,,,False,False
/graphic/wifi2dchar.narc,/graphic/wifi2dchar.narc!/member_00064,0,/graphic/wifi2dchar.narc,366,64,,147440,152096,144868,149524,4656,caa9fde2218d6ee6e79256f01951d9fd8621cb56e55afd46e44ac789ad4e3482,5247434efffe01013012000010000100,,NCGR graphics,Confirmed,True,False,,,,,,,,,,False,False
/graphic/wifi2dchar.narc,/graphic/wifi2dchar.narc!/member_00065,0,/graphic/wifi2dchar.narc,366,65,,152096,152648,149524,150076,552,ea15c985e11e0e3be3c4a3536d399c044a088b1305b684618abd0dea874e4539,524c434efffe00012802000010000100,,NCLR palette,Confirmed,True,False,,,,,,,,,,False,False
/graphic/wifi2dchar.narc,/graphic/wifi2dchar.narc!/member_00066,0,/graphic/wifi2dchar.narc,366,66,,152648,157304,150076,154732,4656,52ddc51e2fcf9a6a02ea74f8436fd8023fdcdcbd91fc46db8c114216185fbab9,5247434efffe01013012000010000100,,NCGR graphics,Confirmed,True,False,,,,,,,,,,False,False
/graphic/wifi2dchar.narc,/graphic/wifi2dchar.narc!/member_00067,0,/graphic/wifi2dchar.narc,366,67,,157304,157856,154732,155284,552,9ddb5b1cf7f9a8611357a78a13a76d9f59b4d83ca2dfe31912f55028b2bf42c2,524c434efffe00012802000010000100,,NCLR palette,Confirmed,True,False,,,,,,,,,,False,False
/graphic/wifi2dchar.narc,/graphic/wifi2dchar.narc!/member_00068,0,/graphic/wifi2dchar.narc,366,68,,157856,162512,155284,159940,4656,f46b56fbdf0e08af2f4eb21730355cd8b84791894e334566c13a09824031978a,5247434efffe01013012000010000100,,NCGR graphics,Confirmed,True,False,,,,,,,,,,False,False
/graphic/wifi2dchar.narc,/graphic/wifi2dchar.narc!/member_00069,0,/graphic/wifi2dchar.narc,366,69,,162512,163064,159940,160492,552,a9a086efed5ed4f210f72e698bc82d43698cfc4f798bcadebca3921f43407206,524c434efffe00012802000010000100,,NCLR palette,Confirmed,True,False,,,,,,,,,,False,False
/graphic/wifi2dchar.narc,/graphic/wifi2dchar.narc!/member_00070,0,/graphic/wifi2dchar.narc,366,70,,163064,167720,160492,165148,4656,76ac6827df1d5097ffba6977b59f61bb0fa0ea957a0d5cc76a3c492e3a99a834,5247434efffe01013012000010000100,,NCGR graphics,Confirmed,True,False,,,,,,,,,,False,False
/graphic/wifi2dchar.narc,/graphic/wifi2dchar.narc!/member_00071,0,/graphic/wifi2dchar.narc,366,71,,167720,168272,165148,165700,552,062ab95dcad541ba3f0425326dfa9bbfe418c6ae179e628621c6b26fb0a581f4,524c434efffe00012802000010000100,,NCLR palette,Confirmed,True,False,,,,,,,,,,False,False
/graphic/wifi2dchar.narc,/graphic/wifi2dchar.narc!/member_00072,0,/graphic/wifi2dchar.narc,366,72,,168272,172928,165700,170356,4656,619f67037eaa2179b2aa3d3505b9310be100eb573573ef72a40947055127fa4b,5247434efffe01013012000010000100,,NCGR graphics,Confirmed,True,False,,,,,,,,,,False,False
/graphic/wifi2dchar.narc,/graphic/wifi2dchar.narc!/member_00073,0,/graphic/wifi2dchar.narc,366,73,,172928,173480,170356,170908,552,382f49ced3ef8560d79f07f904fd6ba93775122648449c24fe18fa1aa8e6a0b6,524c434efffe00012802000010000100,,NCLR palette,Confirmed,True,False,,,,,,,,,,False,False
/graphic/wifi2dchar.narc,/graphic/wifi2dchar.narc!/member_00074,0,/graphic/wifi2dchar.narc,366,74,,173480,178136,170908,175564,4656,9e275e84ad05d26fef1815117887993658dd974bf229f5ca00761141a9318004,5247434efffe01013012000010000100,,NCGR graphics,Confirmed,True,False,,,,,,,,,,False,False
/graphic/wifi2dchar.narc,/graphic/wifi2dchar.narc!/member_00075,0,/graphic/wifi2dchar.narc,366,75,,178136,178688,175564,176116,552,ce1c876caa9f3e8c939ae2eb39fed4e5aef35a6e2fc54ebd8e8b5be644b5c7ed,524c434efffe00012802000010000100,,NCLR palette,Confirmed,True,False,,,,,,,,,,False,False
/graphic/wifi2dchar.narc,/graphic/wifi2dchar.narc!/member_00076,0,/graphic/wifi2dchar.narc,366,76,,178688,183344,176116,180772,4656,2feef81e8c12080668bd850994969b936a6972cf869d803108d31849412e4593,5247434efffe01013012000010000100,,NCGR graphics,Confirmed,True,False,,,,,,,,,,False,False
/graphic/wifi2dchar.narc,/graphic/wifi2dchar.narc!/member_00077,0,/graphic/wifi2dchar.narc,366,77,,183344,183896,180772,181324,552,e0bdbdb648836c631180af7c9b5eeda8e71edc116f87ab4a140db3b3fe324fed,524c434efffe00012802000010000100,,NCLR palette,Confirmed,True,False,,,,,,,,,,False,False
/graphic/wifi2dchar.narc,/graphic/wifi2dchar.narc!/member_00078,0,/graphic/wifi2dchar.narc,366,78,,183896,188552,181324,185980,4656,46998324e052b528c10b846ec27cc7c65712da0f983a2a4d03bb510fb16fb835,5247434efffe01013012000010000100,,NCGR graphics,Confirmed,True,False,,,,,,,,,,False,False
/graphic/wifi2dchar.narc,/graphic/wifi2dchar.narc!/member_00079,0,/graphic/wifi2dchar.narc,366,79,,188552,189104,185980,186532,552,a97d9ff68454f7f763b9d2ebee4367403abb66be079615007e208c3a8deb2092,524c434efffe00012802000010000100,,NCLR palette,Confirmed,True,False,,,,,,,,,,False,False
/graphic/wifi2dchar.narc,/graphic/wifi2dchar.narc!/member_00080,0,/graphic/wifi2dchar.narc,366,80,,189104,193760,186532,191188,4656,4b798abbab978b1f81c2e8be71b5831ffb1fe3c3d20795e28a91cedc9d70a958,5247434efffe01013012000010000100,,NCGR graphics,Confirmed,True,False,,,,,,,,,,False,False
/graphic/wifi2dchar.narc,/graphic/wifi2dchar.narc!/member_00081,0,/graphic/wifi2dchar.narc,366,81,,193760,194312,191188,191740,552,3c923f8ecc5cbe43c87be21a52f588f25a5ce87ab72b428dec591b226757aed9,524c434efffe00012802000010000100,,NCLR palette,Confirmed,True,False,,,,,,,,,,False,False
/graphic/wifi2dchar.narc,/graphic/wifi2dchar.narc!/member_00082,0,/graphic/wifi2dchar.narc,366,82,,194312,198968,191740,196396,4656,484b57e6630c19fba6778b5f1ff146d72cda33f3e777a74215305599624d66e9,5247434efffe01013012000010000100,,NCGR graphics,Confirmed,True,False,,,,,,,,,,False,False
/graphic/wifi2dchar.narc,/graphic/wifi2dchar.narc!/member_00083,0,/graphic/wifi2dchar.narc,366,83,,198968,199520,196396,196948,552,4b69b245e6c665fd88a9df233fe2d4d0759ed5df453feee601a72964eac36aa3,524c434efffe00012802000010000100,,NCLR palette,Confirmed,True,False,,,,,,,,,,False,False
/graphic/wifi2dchar.narc,/graphic/wifi2dchar.narc!/member_00084,0,/graphic/wifi2dchar.narc,366,84,,199520,204176,196948,201604,4656,577c67dcb940b1d2f3a709f11c50f4b666dc07780b37e23d8c622a8f1d71b733,5247434efffe01013012000010000100,,NCGR graphics,Confirmed,True,False,,,,,,,,,,False,False
/graphic/wifi2dchar.narc,/graphic/wifi2dchar.narc!/member_00085,0,/graphic/wifi2dchar.narc,366,85,,204176,204728,201604,202156,552,16675318e859bef85adf2b1979f490f7449af54087659ae2b42ef6505b159c3a,524c434efffe00012802000010000100,,NCLR palette,Confirmed,True,False,,,,,,,,,,False,False
/graphic/wifi2dchar.narc,/graphic/wifi2dchar.narc!/member_00086,0,/graphic/wifi2dchar.narc,366,86,,204728,209384,202156,206812,4656,f04209b5164611121c6b5b1eece54f3b8cbb23f842645a834560843d93741ce6,5247434efffe01013012000010000100,,NCGR graphics,Confirmed,True,False,,,,,,,,,,False,False
/graphic/wifi2dchar.narc,/graphic/wifi2dchar.narc!/member_00087,0,/graphic/wifi2dchar.narc,366,87,,209384,209936,206812,207364,552,a653b4ad8b2a158018164790ae67b20015dcd99eac05eec95d983e269ced1f0b,524c434efffe00012802000010000100,,NCLR palette,Confirmed,True,False,,,,,,,,,,False,False
/graphic/wifi2dchar.narc,/graphic/wifi2dchar.narc!/member_00088,0,/graphic/wifi2dchar.narc,366,88,,209936,214592,207364,212020,4656,42fb00b01a9130d74b7f112bf55cf43a51e65c9e432173da6042077bdea47ea4,5247434efffe01013012000010000100,,NCGR graphics,Confirmed,True,False,,,,,,,,,,False,False
/graphic/wifi2dchar.narc,/graphic/wifi2dchar.narc!/member_00089,0,/graphic/wifi2dchar.narc,366,89,,214592,215144,212020,212572,552,8efdde291e0cd32c2c4f40224357433cc8091b39ccba46031d47820401b023b5,524c434efffe00012802000010000100,,NCLR palette,Confirmed,True,False,,,,,,,,,,False,False
/graphic/wifi2dchar.narc,/graphic/wifi2dchar.narc!/member_00090,0,/graphic/wifi2dchar.narc,366,90,,215144,219800,212572,217228,4656,5befe898201833cc7ca174ae42fbb7d32c7a4f8c4aa7e00656374b5464c38d69,5247434efffe01013012000010000100,,NCGR graphics,Confirmed,True,False,,,,,,,,,,False,False
/graphic/wifi2dchar.narc,/graphic/wifi2dchar.narc!/member_00091,0,/graphic/wifi2dchar.narc,366,91,,219800,220352,217228,217780,552,08ef36e148bae2502fd630cd436aa136fe0be1c260a711a581f0834ffe6c1e14,524c434efffe00012802000010000100,,NCLR palette,Confirmed,True,False,,,,,,,,,,False,False
/graphic/wifi2dchar.narc,/graphic/wifi2dchar.narc!/member_00092,0,/graphic/wifi2dchar.narc,366,92,,220352,225008,217780,222436,4656,6c4ec8ab0506edf5db15c9ee3aab1f31e8363487f77b1d47d5334fcc4dcd2a24,5247434efffe01013012000010000100,,NCGR graphics,Confirmed,True,False,,,,,,,,,,False,False
/graphic/wifi2dchar.narc,/graphic/wifi2dchar.narc!/member_00093,0,/graphic/wifi2dchar.narc,366,93,,225008,225560,222436,222988,552,98961606530956aab8c6ca0998a634fe5e50f051f03cc00ddc71f4a9ef1f5ff6,524c434efffe00012802000010000100,,NCLR palette,Confirmed,True,False,,,,,,,,,,False,False
/graphic/wifi2dchar.narc,/graphic/wifi2dchar.narc!/member_00094,0,/graphic/wifi2dchar.narc,366,94,,225560,230216,222988,227644,4656,28e3ca434eb2a532e2ea33f783232d0a4ab99360f5a409592bef42e98292aece,5247434efffe01013012000010000100,,NCGR graphics,Confirmed,True,False,,,,,,,,,,False,False
/graphic/wifi2dchar.narc,/graphic/wifi2dchar.narc!/member_00095,0,/graphic/wifi2dchar.narc,366,95,,230216,230768,227644,228196,552,0ec1393b3dbd4773cd0daad6434fbd4dc31ce7b5a968aa5d7dcba8fb65494c00,524c434efffe00012802000010000100,,NCLR palette,Confirmed,True,False,,,,,,,,,,False,False
/graphic/wifi2dchar.narc,/graphic/wifi2dchar.narc!/member_00096,0,/graphic/wifi2dchar.narc,366,96,,230768,235424,228196,232852,4656,00216508e3a15f83a1c2260c1cd30d93a97659c8c3f3a91ce6988e7fc1d50290,5247434efffe01013012000010000100,,NCGR graphics,Confirmed,True,False,,,,,,,,,,False,False
/graphic/wifi2dchar.narc,/graphic/wifi2dchar.narc!/member_00097,0,/graphic/wifi2dchar.narc,366,97,,235424,235976,232852,233404,552,a56b5d639e3c28dd9273b10859cf7abb10b74b409f726d7a3448b94f3033abce,524c434efffe00012802000010000100,,NCLR palette,Confirmed,True,False,,,,,,,,,,False,False
/graphic/wifi2dchar.narc,/graphic/wifi2dchar.narc!/member_00098,0,/graphic/wifi2dchar.narc,366,98,,235976,240632,233404,238060,4656,1a2df24620f2f80e5f6e5c44f9b350e30529aef0c35e52b3d81319fecf560817,5247434efffe01013012000010000100,,NCGR graphics,Confirmed,True,False,,,,,,,,,,False,False
/graphic/wifi2dchar.narc,/graphic/wifi2dchar.narc!/member_00099,0,/graphic/wifi2dchar.narc,366,99,,240632,241184,238060,238612,552,b9fef1a3bbe2f4cabe6a2642458cd57bb4b9127ae98f0d23419e547b47e7ca80,524c434efffe00012802000010000100,,NCLR palette,Confirmed,True,False,,,,,,,,,,False,False
/graphic/wifi2dchar.narc,/graphic/wifi2dchar.narc!/member_00100,0,/graphic/wifi2dchar.narc,366,100,,241184,245840,238612,243268,4656,7847617afd3b82c56b6abf22402e2a92fe86a793ce39ce68304b606845da8e7e,5247434efffe01013012000010000100,,NCGR graphics,Confirmed,True,False,,,,,,,,,,False,False
/graphic/wifi2dchar.narc,/graphic/wifi2dchar.narc!/member_00101,0,/graphic/wifi2dchar.narc,366,101,,245840,246392,243268,243820,552,cf73a34e96d2f235449aee790eca4f3fad0258c377a9093a52948e5684a7c3fd,524c434efffe00012802000010000100,,NCLR palette,Confirmed,True,False,,,,,,,,,,False,False
/graphic/wifi2dchar.narc,/graphic/wifi2dchar.narc!/member_00102,0,/graphic/wifi2dchar.narc,366,102,,246392,251048,243820,248476,4656,232e62b3ed775b57025aea7e60e084bfae1a9c5a4f2100b68f639e068363aa92,5247434efffe01013012000010000100,,NCGR graphics,Confirmed,True,False,,,,,,,,,,False,False
/graphic/wifi2dchar.narc,/graphic/wifi2dchar.narc!/member_00103,0,/graphic/wifi2dchar.narc,366,103,,251048,251600,248476,249028,552,7cbd2ced9c2d8a363dbf2cab75fab6b049586ebcb67c5f6e665117fabc007486,524c434efffe00012802000010000100,,NCLR palette,Confirmed,True,False,,,,,,,,,,False,False
/graphic/wifi2dchar.narc,/graphic/wifi2dchar.narc!/member_00104,0,/graphic/wifi2dchar.narc,366,104,,251600,256256,249028,253684,4656,e2296a26ead13327462dea8179ffdfc625a13f7331b07d07591972ca7b2dea40,5247434efffe01013012000010000100,,NCGR graphics,Confirmed,True,False,,,,,,,,,,False,False
/graphic/wifi2dchar.narc,/graphic/wifi2dchar.narc!/member_00105,0,/graphic/wifi2dchar.narc,366,105,,256256,256808,253684,254236,552,39840b1c41f336c280f3ae733df8e6c14fa1208ab53efa1f2275e9af3fc7d8e2,524c434efffe00012802000010000100,,NCLR palette,Confirmed,True,False,,,,,,,,,,False,False
/graphic/wifi2dchar.narc,/graphic/wifi2dchar.narc!/member_00106,0,/graphic/wifi2dchar.narc,366,106,,256808,261464,254236,258892,4656,1ece416bbc71b46a6d5c59a2ecdad8301cec6451bab90d39fd8faa2f89462e24,5247434efffe01013012000010000100,,NCGR graphics,Confirmed,True,False,,,,,,,,,,False,False
/graphic/wifi2dchar.narc,/graphic/wifi2dchar.narc!/member_00107,0,/graphic/wifi2dchar.narc,366,107,,261464,262016,258892,259444,552,12d280d599aebb96e986b15ecc572ae728dc804af61414f377d5999149c2dc94,524c434efffe00012802000010000100,,NCLR palette,Confirmed,True,False,,,,,,,,,,False,False
/graphic/wifi2dchar.narc,/graphic/wifi2dchar.narc!/member_00108,0,/graphic/wifi2dchar.narc,366,108,,262016,266672,259444,264100,4656,71c27fea6ff4db68093a35b28932e4d8d73cd3019a257548bae557effc0a00ef,5247434efffe01013012000010000100,,NCGR graphics,Confirmed,True,False,,,,,,,,,,False,False
/graphic/wifi2dchar.narc,/graphic/wifi2dchar.narc!/member_00109,0,/graphic/wifi2dchar.narc,366,109,,266672,267224,264100,264652,552,aab79826757461a3cd79707ec10c345243f0a80334c829f5b2bd2f63fa5ecdb0,524c434efffe00012802000010000100,,NCLR palette,Confirmed,True,False,,,,,,,,,,False,False
/graphic/wifi2dchar.narc,/graphic/wifi2dchar.narc!/member_00110,0,/graphic/wifi2dchar.narc,366,110,,267224,271880,264652,269308,4656,c7ba72d19ab9fde635a712eb7e621f1629a7a3bd1d1d2e6447dc1af224f4b08c,5247434efffe01013012000010000100,,NCGR graphics,Confirmed,True,False,,,,,,,,,,False,False
/graphic/wifi2dchar.narc,/graphic/wifi2dchar.narc!/member_00111,0,/graphic/wifi2dchar.narc,366,111,,271880,272432,269308,269860,552,f79c3bfe75ddce642785b622d46c49d4ceddc03d332773b4ace1362ec959ecc5,524c434efffe00012802000010000100,,NCLR palette,Confirmed,True,False,,,,,,,,,,False,False
/graphic/wifi2dchar.narc,/graphic/wifi2dchar.narc!/member_00112,0,/graphic/wifi2dchar.narc,366,112,,272432,278624,269860,276052,6192,615118bd3d67e0596144b7fac16b528066b419117bb38742d0a91d315cf3741a,5247434efffe01013018000010000100,,NCGR graphics,Confirmed,True,False,,,,,,,,,,False,False
/graphic/wifi2dchar.narc,/graphic/wifi2dchar.narc!/member_00113,0,/graphic/wifi2dchar.narc,366,113,,278624,279176,276052,276604,552,70647db8cbe9d2c8c5e4626d355de1a7d0612fd89a17df3a9ad06d5a9d0f9814,524c434efffe00012802000010000100,,NCLR palette,Confirmed,True,False,,,,,,,,,,False,False
/graphic/wifi2dchar.narc,/graphic/wifi2dchar.narc!/member_00114,0,/graphic/wifi2dchar.narc,366,114,,279176,283832,276604,281260,4656,438cb7f74c2fcbaeef30692b3dd53032736554d747038927d7dd91b35a8b8e72,5247434efffe01013012000010000100,,NCGR graphics,Confirmed,True,False,,,,,,,,,,False,False
/graphic/wifi2dchar.narc,/graphic/wifi2dchar.narc!/member_00115,0,/graphic/wifi2dchar.narc,366,115,,283832,284384,281260,281812,552,45aa7ae99effbfeced8d8ce7ddb96af4a029265acff381b964c85891c975aa60,524c434efffe00012802000010000100,,NCLR palette,Confirmed,True,False,,,,,,,,,,False,False
/graphic/wifi2dchar.narc,/graphic/wifi2dchar.narc!/member_00116,0,/graphic/wifi2dchar.narc,366,116,,284384,290576,281812,288004,6192,573299b6a621836c83a40f00a6b53ca6e7d05cfe1f16076d3056fd01c6bbd51f,5247434efffe01013018000010000100,,NCGR graphics,Confirmed,True,False,,,,,,,,,,False,False
/graphic/wifi2dchar.narc,/graphic/wifi2dchar.narc!/member_00117,0,/graphic/wifi2dchar.narc,366,117,,290576,291128,288004,288556,552,f1a3a1e040aca435537db09a3869e42552e01583fdcfdeefe38260ba76b5e7f5,524c434efffe00012802000010000100,,NCLR palette,Confirmed,True,False,,,,,,,,,,False,False
/graphic/wifi2dchar.narc,/graphic/wifi2dchar.narc!/member_00118,0,/graphic/wifi2dchar.narc,366,118,,291128,297320,288556,294748,6192,25313820f2a5a6b6d1ff7159ae959fe5cca21bb3663b8deba7bc68acf817dd99,5247434efffe01013018000010000100,,NCGR graphics,Confirmed,True,False,,,,,,,,,,False,False
/graphic/wifi2dchar.narc,/graphic/wifi2dchar.narc!/member_00119,0,/graphic/wifi2dchar.narc,366,119,,297320,297872,294748,295300,552,5c161bbb7428e57d0ba229bdd502bf80b2dd1ccb76153656dbe54293ea8d3561,524c434efffe00012802000010000100,,NCLR palette,Confirmed,True,False,,,,,,,,,,False,False
/graphic/wifi2dchar.narc,/graphic/wifi2dchar.narc!/member_00120,0,/graphic/wifi2dchar.narc,366,120,,297872,304064,295300,301492,6192,079af8308e8a570aea3cbd3e9f1b8b75bb9e4f10188b402ff0a83f04589acb98,5247434efffe01013018000010000100,,NCGR graphics,Confirmed,True,False,,,,,,,,,,False,False
/graphic/wifi2dchar.narc,/graphic/wifi2dchar.narc!/member_00121,0,/graphic/wifi2dchar.narc,366,121,,304064,304616,301492,302044,552,83b8dfa570427ce3796a604e8e1ed0321e514d41b27c20f9e4e3b1a4de677971,524c434efffe00012802000010000100,,NCLR palette,Confirmed,True,False,,,,,,,,,,False,False
/graphic/wifi2dchar.narc,/graphic/wifi2dchar.narc!/member_00122,0,/graphic/wifi2dchar.narc,366,122,,304616,310808,302044,308236,6192,dd8c1213cb0ed1035142fd4c8d3ef9e7695476bd6ac3434c530a08cd47d719b6,5247434efffe01013018000010000100,,NCGR graphics,Confirmed,True,False,,,,,,,,,,False,False
/graphic/wifi2dchar.narc,/graphic/wifi2dchar.narc!/member_00123,0,/graphic/wifi2dchar.narc,366,123,,310808,311360,308236,308788,552,b595e6941aede0623b716ea09dd4838974f79f0169953da57a5e35fb9d34e0e8,524c434efffe00012802000010000100,,NCLR palette,Confirmed,True,False,,,,,,,,,,False,False
/graphic/wifi2dchar.narc,/graphic/wifi2dchar.narc!/member_00124,0,/graphic/wifi2dchar.narc,366,124,,311360,317552,308788,314980,6192,36d5cb7f3417ec8eb296c21f9a16af4e769a446c2ee086085cc46ab1965122b6,5247434efffe01013018000010000100,,NCGR graphics,Confirmed,True,False,,,,,,,,,,False,False
/graphic/wifi2dchar.narc,/graphic/wifi2dchar.narc!/member_00125,0,/graphic/wifi2dchar.narc,366,125,,317552,318104,314980,315532,552,c3cabbac8364737e18c0f876961f489de2fd5a7304d038b194c839b9a31d3e6f,524c434efffe00012802000010000100,,NCLR palette,Confirmed,True,False,,,,,,,,,,False,False
/graphic/wifi2dchar.narc,/graphic/wifi2dchar.narc!/member_00126,0,/graphic/wifi2dchar.narc,366,126,,318104,322760,315532,320188,4656,175cd96ef003af64cb7332acd9f941550fe347dfd17fdcd8c1d1f59a46ddd549,5247434efffe01013012000010000100,,NCGR graphics,Confirmed,True,False,,,,,,,,,,False,False
/graphic/wifi2dchar.narc,/graphic/wifi2dchar.narc!/member_00127,0,/graphic/wifi2dchar.narc,366,127,,322760,323312,320188,320740,552,4c5d1bdc44a2edc14ad38b0a15151fedcd746d6016e03090385a5ef7b68516db,524c434efffe00012802000010000100,,NCLR palette,Confirmed,True,False,,,,,,,,,,False,False
/graphic/wifi2dchar.narc,/graphic/wifi2dchar.narc!/member_00128,0,/graphic/wifi2dchar.narc,366,128,,323312,327968,320740,325396,4656,9b852a85982ec8c27e2de1fed8785df7b514caabd7033ff39c52df6347663495,5247434efffe01013012000010000100,,NCGR graphics,Confirmed,True,False,,,,,,,,,,False,False
/graphic/wifi2dchar.narc,/graphic/wifi2dchar.narc!/member_00129,0,/graphic/wifi2dchar.narc,366,129,,327968,328520,325396,325948,552,30bf876e1c9fd924a25e0557038ed7e2cdac3720f4c353aa75b72cd967ae36ee,524c434efffe00012802000010000100,,NCLR palette,Confirmed,True,False,,,,,,,,,,False,False
/graphic/wifi2dchar.narc,/graphic/wifi2dchar.narc!/member_00130,0,/graphic/wifi2dchar.narc,366,130,,328520,333176,325948,330604,4656,cfc7f9cb926211e15a731a61c2a7bcbc42757c63e092f602e7b99ef561057644,5247434efffe01013012000010000100,,NCGR graphics,Confirmed,True,False,,,,,,,,,,False,False
/graphic/wifi2dchar.narc,/graphic/wifi2dchar.narc!/member_00131,0,/graphic/wifi2dchar.narc,366,131,,333176,333728,330604,331156,552,b7a6f9fcf5c15ec6217075e69d78246755f5253f927a579be3ad23088f4289ea,524c434efffe00012802000010000100,,NCLR palette,Confirmed,True,False,,,,,,,,,,False,False
/graphic/wifi2dchar.narc,/graphic/wifi2dchar.narc!/member_00132,0,/graphic/wifi2dchar.narc,366,132,,333728,338384,331156,335812,4656,7d9dc53f9c00d1c82b3741534f70157cb91b4e705cc21ecacbd8b15eb0bce54d,5247434efffe01013012000010000100,,NCGR graphics,Confirmed,True,False,,,,,,,,,,False,False
/graphic/wifi2dchar.narc,/graphic/wifi2dchar.narc!/member_00133,0,/graphic/wifi2dchar.narc,366,133,,338384,338936,335812,336364,552,0ac700e1a31324a1b9a6e890a8ca10058eb8908fd0927378993719b8eaf47fa7,524c434efffe00012802000010000100,,NCLR palette,Confirmed,True,False,,,,,,,,,,False,False
/graphic/wifi2dchar.narc,/graphic/wifi2dchar.narc!/member_00134,0,/graphic/wifi2dchar.narc,366,134,,338936,343592,336364,341020,4656,4c1542e8d8cfbc13e1c18a4a1e4b3176035d68f51f179df5fd050151a6bc83fc,5247434efffe01013012000010000100,,NCGR graphics,Confirmed,True,False,,,,,,,,,,False,False
/graphic/wifi2dchar.narc,/graphic/wifi2dchar.narc!/member_00135,0,/graphic/wifi2dchar.narc,366,135,,343592,344144,341020,341572,552,f8f02971d5e69d3bdaf008af5f08bae8d4f8ba38a9cd5c5d6b6243d229928282,524c434efffe00012802000010000100,,NCLR palette,Confirmed,True,False,,,,,,,,,,False,False
/graphic/wifi2dchar.narc,/graphic/wifi2dchar.narc!/member_00136,0,/graphic/wifi2dchar.narc,366,136,,344144,348800,341572,346228,4656,b338d9951f59a684527dc2200857c2d9a9d60f0bad3ef9bafb8bfff0314149ad,5247434efffe01013012000010000100,,NCGR graphics,Confirmed,True,False,,,,,,,,,,False,False
/graphic/wifi2dchar.narc,/graphic/wifi2dchar.narc!/member_00137,0,/graphic/wifi2dchar.narc,366,137,,348800,349352,346228,346780,552,1b40690ba30bdba0ee6bcca62268c07602485692376209631fe836575bf2796a,524c434efffe00012802000010000100,,NCLR palette,Confirmed,True,False,,,,,,,,,,False,False
/graphic/wifi2dchar.narc,/graphic/wifi2dchar.narc!/member_00138,0,/graphic/wifi2dchar.narc,366,138,,349352,354008,346780,351436,4656,3881537eb899657f74aa9f869219303c4c04820bb939ad5fd98ad0ca8308db6d,5247434efffe01013012000010000100,,NCGR graphics,Confirmed,True,False,,,,,,,,,,False,False
/graphic/wifi2dchar.narc,/graphic/wifi2dchar.narc!/member_00139,0,/graphic/wifi2dchar.narc,366,139,,354008,354560,351436,351988,552,c53bfaed4d468896b9dcda0bf27d4292b71d0cf3adfb990ff1f593dc94e76db8,524c434efffe00012802000010000100,,NCLR palette,Confirmed,True,False,,,,,,,,,,False,False
/graphic/wifi2dchar.narc,/graphic/wifi2dchar.narc!/member_00140,0,/graphic/wifi2dchar.narc,366,140,,354560,359216,351988,356644,4656,338774d8ce0c9722de06dde1aff994be78a75b86cc6edeb0dce2a6ceec172746,5247434efffe01013012000010000100,,NCGR graphics,Confirmed,True,False,,,,,,,,,,False,False
/graphic/wifi2dchar.narc,/graphic/wifi2dchar.narc!/member_00141,0,/graphic/wifi2dchar.narc,366,141,,359216,359768,356644,357196,552,17bdbd1af2db72a01e73199e7caa37904a4a2382a75b2259e375d0dc1ecfb96a,524c434efffe00012802000010000100,,NCLR palette,Confirmed,True,False,,,,,,,,,,False,False
/graphic/wifi2dchar.narc,/graphic/wifi2dchar.narc!/member_00142,0,/graphic/wifi2dchar.narc,366,142,,359768,364424,357196,361852,4656,ecba1d9f66875b2f40be0d55d0b044e1f0ee043d08c1dcd0b6c29aee738c7306,5247434efffe01013012000010000100,,NCGR graphics,Confirmed,True,False,,,,,,,,,,False,False
/graphic/wifi2dchar.narc,/graphic/wifi2dchar.narc!/member_00143,0,/graphic/wifi2dchar.narc,366,143,,364424,364976,361852,362404,552,3ee2c744f9e955f289388c6fa59f5212500a589715924aa5125fe4ccec1eb4ea,524c434efffe00012802000010000100,,NCLR palette,Confirmed,True,False,,,,,,,,,,False,False
/graphic/wifi2dchar.narc,/graphic/wifi2dchar.narc!/member_00144,0,/graphic/wifi2dchar.narc,366,144,,364976,369632,362404,367060,4656,a98664db4b5050574c84e105ae521db8b383d6c7367c6d5ec386fc43f29abe0b,5247434efffe01013012000010000100,,NCGR graphics,Confirmed,True,False,,,,,,,,,,False,False
/graphic/wifi2dchar.narc,/graphic/wifi2dchar.narc!/member_00145,0,/graphic/wifi2dchar.narc,366,145,,369632,370184,367060,367612,552,615892e9841fb20e4d9e8af130b2369368f6961bef7dcf96f0d92a074bf84179,524c434efffe00012802000010000100,,NCLR palette,Confirmed,True,False,,,,,,,,,,False,False
/graphic/wifi2dchar.narc,/graphic/wifi2dchar.narc!/member_00146,0,/graphic/wifi2dchar.narc,366,146,,370184,374840,367612,372268,4656,4b28b623b608d1aa8fba447fab57ea1b0df8d1800dddbd09be223256b66b0271,5247434efffe01013012000010000100,,NCGR graphics,Confirmed,True,False,,,,,,,,,,False,False
/graphic/wifi2dchar.narc,/graphic/wifi2dchar.narc!/member_00147,0,/graphic/wifi2dchar.narc,366,147,,374840,375392,372268,372820,552,888899aaa0f209961a9694bbadcc53eb52fb1217242dc53a91c39b255c2baf35,524c434efffe00012802000010000100,,NCLR palette,Confirmed,True,False,,,,,,,,,,False,False
/graphic/wifi2dchar.narc,/graphic/wifi2dchar.narc!/member_00148,0,/graphic/wifi2dchar.narc,366,148,,375392,380048,372820,377476,4656,2ee4203259139608d5d89d5ede5579d62baa8aa6f4d4c0001c23fa31afe0ccc9,5247434efffe01013012000010000100,,NCGR graphics,Confirmed,True,False,,,,,,,,,,False,False
/graphic/wifi2dchar.narc,/graphic/wifi2dchar.narc!/member_00149,0,/graphic/wifi2dchar.narc,366,149,,380048,380600,377476,378028,552,94eeaca6efa0f011226a7fa760fe032425285a9bf7f2f2515c5f2e21c30c92ad,524c434efffe00012802000010000100,,NCLR palette,Confirmed,True,False,,,,,,,,,,False,False
/graphic/wifi2dchar.narc,/graphic/wifi2dchar.narc!/member_00150,0,/graphic/wifi2dchar.narc,366,150,,380600,385256,378028,382684,4656,a0497eb7c56a927d60b18a034c09a8c3363931924188fa600fb81a47154b4a4e,5247434efffe01013012000010000100,,NCGR graphics,Confirmed,True,False,,,,,,,,,,False,False
/graphic/wifi2dchar.narc,/graphic/wifi2dchar.narc!/member_00151,0,/graphic/wifi2dchar.narc,366,151,,385256,385808,382684,383236,552,fd69d2cd7a6fc2addd69cca8cecdc011f5aa6cb66bd1b037cf4d881f547adf10,524c434efffe00012802000010000100,,NCLR palette,Confirmed,True,False,,,,,,,,,,False,False
/graphic/wifi2dchar.narc,/graphic/wifi2dchar.narc!/member_00152,0,/graphic/wifi2dchar.narc,366,152,,385808,390464,383236,387892,4656,e50d30355b378bffffae918fd2992e6234051d8a5c09cc41f4e7b2c91963aab6,5247434efffe01013012000010000100,,NCGR graphics,Confirmed,True,False,,,,,,,,,,False,False
/graphic/wifi2dchar.narc,/graphic/wifi2dchar.narc!/member_00153,0,/graphic/wifi2dchar.narc,366,153,,390464,391016,387892,388444,552,0c6b4aed25898f737aa090937007fc527af2fc99e44e94add9400bf31eea02de,524c434efffe00012802000010000100,,NCLR palette,Confirmed,True,False,,,,,,,,,,False,False
/graphic/wifi2dchar.narc,/graphic/wifi2dchar.narc!/member_00154,0,/graphic/wifi2dchar.narc,366,154,,391016,395672,388444,393100,4656,641fedaaa64eb95dbd5fca1cb33b1f826e0802f09cc191f5142faa8faf0dc3df,5247434efffe01013012000010000100,,NCGR graphics,Confirmed,True,False,,,,,,,,,,False,False
/graphic/wifi2dchar.narc,/graphic/wifi2dchar.narc!/member_00155,0,/graphic/wifi2dchar.narc,366,155,,395672,396224,393100,393652,552,87d4dca25ad8cc379b1385a64e4a06a5f6824e5b38e731030214d016bc71d1bb,524c434efffe00012802000010000100,,NCLR palette,Confirmed,True,False,,,,,,,,,,False,False
/graphic/wifi2dchar.narc,/graphic/wifi2dchar.narc!/member_00156,0,/graphic/wifi2dchar.narc,366,156,,396224,400880,393652,398308,4656,f9c4fd16d39132b1ffd95d9dddb289c3648b296baacebc66f1d9b42c2b976806,5247434efffe01013012000010000100,,NCGR graphics,Confirmed,True,False,,,,,,,,,,False,False
/graphic/wifi2dchar.narc,/graphic/wifi2dchar.narc!/member_00157,0,/graphic/wifi2dchar.narc,366,157,,400880,401432,398308,398860,552,e3c3e0cf708b17efdbb635913a27e299d91f1619a4dbbea878a9f1a284f71d4b,524c434efffe00012802000010000100,,NCLR palette,Confirmed,True,False,,,,,,,,,,False,False
/graphic/wifi2dchar.narc,/graphic/wifi2dchar.narc!/member_00158,0,/graphic/wifi2dchar.narc,366,158,,401432,406088,398860,403516,4656,5dc2dd77963ad8fb6b915aa87cc9239520cc1ec1c2c12902c7d35121b01fdb76,5247434efffe01013012000010000100,,NCGR graphics,Confirmed,True,False,,,,,,,,,,False,False
/graphic/wifi2dchar.narc,/graphic/wifi2dchar.narc!/member_00159,0,/graphic/wifi2dchar.narc,366,159,,406088,406640,403516,404068,552,a980539b8dccdc65ab754e77f8b70b4bad5d1acd557b293018504b2051cbe7c2,524c434efffe00012802000010000100,,NCLR palette,Confirmed,True,False,,,,,,,,,,False,False
/graphic/wifi2dchar.narc,/graphic/wifi2dchar.narc!/member_00160,0,/graphic/wifi2dchar.narc,366,160,,406640,411296,404068,408724,4656,a1141a814bf1e5e687642a1fc20ec341dadb3d54937642aa76f70f128b5ceaae,5247434efffe01013012000010000100,,NCGR graphics,Confirmed,True,False,,,,,,,,,,False,False
/graphic/wifi2dchar.narc,/graphic/wifi2dchar.narc!/member_00161,0,/graphic/wifi2dchar.narc,366,161,,411296,411848,408724,409276,552,32eb42e51d5f43d010ca3ab014541a48526adfb9e9e27a1276c2f7db7c967c01,524c434efffe00012802000010000100,,NCLR palette,Confirmed,True,False,,,,,,,,,,False,False
/graphic/wifi2dchar.narc,/graphic/wifi2dchar.narc!/member_00162,0,/graphic/wifi2dchar.narc,366,162,,411848,416504,409276,413932,4656,dea83cc0dd53a9426d82054988e9615b91974ad3e849a94d4c197ccaace24569,5247434efffe01013012000010000100,,NCGR graphics,Confirmed,True,False,,,,,,,,,,False,False
/graphic/wifi2dchar.narc,/graphic/wifi2dchar.narc!/member_00163,0,/graphic/wifi2dchar.narc,366,163,,416504,417056,413932,414484,552,47694ddfb736c9ae0ec724c1ecd38d76e60cc8e0ffb937150a9919e663e5c5ac,524c434efffe00012802000010000100,,NCLR palette,Confirmed,True,False,,,,,,,,,,False,False
/graphic/wifi2dchar.narc,/graphic/wifi2dchar.narc!/member_00164,0,/graphic/wifi2dchar.narc,366,164,,417056,421712,414484,419140,4656,b2d8fd656fa219a067f93d771493bd4d1ef75f4736eb00236699f429e5c8cfb0,5247434efffe01013012000010000100,,NCGR graphics,Confirmed,True,False,,,,,,,,,,False,False
/graphic/wifi2dchar.narc,/graphic/wifi2dchar.narc!/member_00165,0,/graphic/wifi2dchar.narc,366,165,,421712,422264,419140,419692,552,90bfe521d36a3d177857e9ea0cd980326957be0de771014b949f92717c844d18,524c434efffe00012802000010000100,,NCLR palette,Confirmed,True,False,,,,,,,,,,False,False
/graphic/wifi2dchar.narc,/graphic/wifi2dchar.narc!/member_00166,0,/graphic/wifi2dchar.narc,366,166,,422264,426920,419692,424348,4656,ef8ef927b2549c2e818c76431cac55f8ff2aecef340a52a15171b054c4933e55,5247434efffe01013012000010000100,,NCGR graphics,Confirmed,True,False,,,,,,,,,,False,False
/graphic/wifi2dchar.narc,/graphic/wifi2dchar.narc!/member_00167,0,/graphic/wifi2dchar.narc,366,167,,426920,427472,424348,424900,552,f5640c09b4bf06caa96d018907e679a8dff0bfc3448392212b76a3f26237c2d0,524c434efffe00012802000010000100,,NCLR palette,Confirmed,True,False,,,,,,,,,,False,False
/graphic/wifi2dchar.narc,/graphic/wifi2dchar.narc!/member_00168,0,/graphic/wifi2dchar.narc,366,168,,427472,432128,424900,429556,4656,d6c7a06031c00ed848025491deb7a6c6c2bab224f171689b5996f7cc62bd3cf9,5247434efffe01013012000010000100,,NCGR graphics,Confirmed,True,False,,,,,,,,,,False,False
/graphic/wifi2dchar.narc,/graphic/wifi2dchar.narc!/member_00169,0,/graphic/wifi2dchar.narc,366,169,,432128,432680,429556,430108,552,5c311800994c5c4ff537045e92fe37e0c1d782bb591c6de9ff6feafd29344e42,524c434efffe00012802000010000100,,NCLR palette,Confirmed,True,False,,,,,,,,,,False,False
/graphic/wifi2dchar.narc,/graphic/wifi2dchar.narc!/member_00170,0,/graphic/wifi2dchar.narc,366,170,,432680,437336,430108,434764,4656,611fbb436e4506490d4186a7c58b7919f4d986b8755c95605ca0748c820f687e,5247434efffe01013012000010000100,,NCGR graphics,Confirmed,True,False,,,,,,,,,,False,False
/graphic/wifi2dchar.narc,/graphic/wifi2dchar.narc!/member_00171,0,/graphic/wifi2dchar.narc,366,171,,437336,437888,434764,435316,552,26a3dfbba5759b9b8bf41d0198c99b6895384efe07eb757f700e2c1212e7599d,524c434efffe00012802000010000100,,NCLR palette,Confirmed,True,False,,,,,,,,,,False,False
/graphic/wifi2dchar.narc,/graphic/wifi2dchar.narc!/member_00172,0,/graphic/wifi2dchar.narc,366,172,,437888,442544,435316,439972,4656,fb7df0cd0f3f22f3359e9791d8eeb556a23025c33310e77aa4eb8a98f5153ebd,5247434efffe01013012000010000100,,NCGR graphics,Confirmed,True,False,,,,,,,,,,False,False
/graphic/wifi2dchar.narc,/graphic/wifi2dchar.narc!/member_00173,0,/graphic/wifi2dchar.narc,366,173,,442544,443096,439972,440524,552,1f89d256c7470857bcc46da6d9b4b28e22ff1c06f1da3a42eee5176edb149c55,524c434efffe00012802000010000100,,NCLR palette,Confirmed,True,False,,,,,,,,,,False,False
/graphic/wifi2dchar.narc,/graphic/wifi2dchar.narc!/member_00174,0,/graphic/wifi2dchar.narc,366,174,,443096,447752,440524,445180,4656,f5635f86f7504ac8a16541eb5a717621046f68d93912f5641b6ea1f9cfa1099e,5247434efffe01013012000010000100,,NCGR graphics,Confirmed,True,False,,,,,,,,,,False,False
/graphic/wifi2dchar.narc,/graphic/wifi2dchar.narc!/member_00175,0,/graphic/wifi2dchar.narc,366,175,,447752,448304,445180,445732,552,28f99a2a570fb1f1d118adbfbdbb4f0172d68128c1663dd5e519328d77e01090,524c434efffe00012802000010000100,,NCLR palette,Confirmed,True,False,,,,,,,,,,False,False
/graphic/wifi2dchar.narc,/graphic/wifi2dchar.narc!/member_00176,0,/graphic/wifi2dchar.narc,366,176,,448304,452960,445732,450388,4656,3384b717620887f07569d5e20e42e9b8aaf996bae3c8e995667746f79bbc3252,5247434efffe01013012000010000100,,NCGR graphics,Confirmed,True,False,,,,,,,,,,False,False
/graphic/wifi2dchar.narc,/graphic/wifi2dchar.narc!/member_00177,0,/graphic/wifi2dchar.narc,366,177,,452960,453512,450388,450940,552,53302dbace92215ca4ca905e2b2139d325ecfc8e90d22e6c90e436daa725e587,524c434efffe00012802000010000100,,NCLR palette,Confirmed,True,False,,,,,,,,,,False,False
/graphic/wifi2dchar.narc,/graphic/wifi2dchar.narc!/member_00178,0,/graphic/wifi2dchar.narc,366,178,,453512,458168,450940,455596,4656,ee1f8151443253707eb04e9c705140e2c751cf4d053b722479a55f27d5586520,5247434efffe01013012000010000100,,NCGR graphics,Confirmed,True,False,,,,,,,,,,False,False
/graphic/wifi2dchar.narc,/graphic/wifi2dchar.narc!/member_00179,0,/graphic/wifi2dchar.narc,366,179,,458168,458720,455596,456148,552,dc9c3b875f105c739f6ba595d0df539d1c46aef87fa0aacfaac3a62198cf33d4,524c434efffe00012802000010000100,,NCLR palette,Confirmed,True,False,,,,,,,,,,False,False
/graphic/wifi2dchar.narc,/graphic/wifi2dchar.narc!/member_00180,0,/graphic/wifi2dchar.narc,366,180,,458720,463376,456148,460804,4656,68cd1f757bdaba934cfb2665f1ca88ad76b8157a49ca81c45628eebc69d91983,5247434efffe01013012000010000100,,NCGR graphics,Confirmed,True,False,,,,,,,,,,False,False
/graphic/wifi2dchar.narc,/graphic/wifi2dchar.narc!/member_00181,0,/graphic/wifi2dchar.narc,366,181,,463376,463928,460804,461356,552,d1e8d621b4aaed919346b9881deec6c583d962751f553be63743803f80359854,524c434efffe00012802000010000100,,NCLR palette,Confirmed,True,False,,,,,,,,,,False,False
/graphic/wifi2dchar.narc,/graphic/wifi2dchar.narc!/member_00182,0,/graphic/wifi2dchar.narc,366,182,,463928,468584,461356,466012,4656,f61594a7f1e1793aadfe037b1207761e55ffd1d455380fe2f481286519c9af8d,5247434efffe01013012000010000100,,NCGR graphics,Confirmed,True,False,,,,,,,,,,False,False
/graphic/wifi2dchar.narc,/graphic/wifi2dchar.narc!/member_00183,0,/graphic/wifi2dchar.narc,366,183,,468584,469136,466012,466564,552,300292fe065fad5e8236519ac0e4acf9b9a970f1c3ca4eee6b437ce87c27ecca,524c434efffe00012802000010000100,,NCLR palette,Confirmed,True,False,,,,,,,,,,False,False
/graphic/wifi2dchar.narc,/graphic/wifi2dchar.narc!/member_00184,0,/graphic/wifi2dchar.narc,366,184,,469136,473792,466564,471220,4656,5ac1500331f1375c33de2ab59eada5127fb6912ab5b06891c58396b11ecc10e5,5247434efffe01013012000010000100,,NCGR graphics,Confirmed,True,False,,,,,,,,,,False,False
/graphic/wifi2dchar.narc,/graphic/wifi2dchar.narc!/member_00185,0,/graphic/wifi2dchar.narc,366,185,,473792,474344,471220,471772,552,94d4770027e78cb22da4b21e6572d4695262fa0f129bc6665c831518e9427737,524c434efffe00012802000010000100,,NCLR palette,Confirmed,True,False,,,,,,,,,,False,False
/graphic/wifi2dchar.narc,/graphic/wifi2dchar.narc!/member_00186,0,/graphic/wifi2dchar.narc,366,186,,474344,479000,471772,476428,4656,f6b61adca3ab82d169641aefc89968ca8c27c3fa235562219fd1ba85c5f3fd75,5247434efffe01013012000010000100,,NCGR graphics,Confirmed,True,False,,,,,,,,,,False,False
/graphic/wifi2dchar.narc,/graphic/wifi2dchar.narc!/member_00187,0,/graphic/wifi2dchar.narc,366,187,,479000,479552,476428,476980,552,9b892c9a8a1b97b889c98b816ed87f313266043a90c9a2c346924444f12af82b,524c434efffe00012802000010000100,,NCLR palette,Confirmed,True,False,,,,,,,,,,False,False
/graphic/wifi2dchar.narc,/graphic/wifi2dchar.narc!/member_00188,0,/graphic/wifi2dchar.narc,366,188,,479552,484208,476980,481636,4656,83a9115c180785017f6cf76979cf29457dd8af924a4fcb0df4605eb1f7a44be5,5247434efffe01013012000010000100,,NCGR graphics,Confirmed,True,False,,,,,,,,,,False,False
/graphic/wifi2dchar.narc,/graphic/wifi2dchar.narc!/member_00189,0,/graphic/wifi2dchar.narc,366,189,,484208,484760,481636,482188,552,eb1cbf2cbbc4364b714f5cfec883ed5eeb91c73eecdbd24987961a2472500a37,524c434efffe00012802000010000100,,NCLR palette,Confirmed,True,False,,,,,,,,,,False,False
/graphic/wifi2dchar.narc,/graphic/wifi2dchar.narc!/member_00190,0,/graphic/wifi2dchar.narc,366,190,,484760,489416,482188,486844,4656,370b172db8ddf44baf330349a5abe6d5c6b402192598ff1d9eab7b3edbf3e5ba,5247434efffe01013012000010000100,,NCGR graphics,Confirmed,True,False,,,,,,,,,,False,False
/graphic/wifi2dchar.narc,/graphic/wifi2dchar.narc!/member_00191,0,/graphic/wifi2dchar.narc,366,191,,489416,489968,486844,487396,552,a9c38ecf8d1aa4ecf302c9b30bcb9c218a6e786715c0cfb15b1d012abf5ec3f1,524c434efffe00012802000010000100,,NCLR palette,Confirmed,True,False,,,,,,,,,,False,False
/graphic/wifi2dchar.narc,/graphic/wifi2dchar.narc!/member_00192,0,/graphic/wifi2dchar.narc,366,192,,489968,494624,487396,492052,4656,fc3e64d8661df1fd52bb135ceb808dbd62b522c2c647567e5ae654b2b578a570,5247434efffe01013012000010000100,,NCGR graphics,Confirmed,True,False,,,,,,,,,,False,False
/graphic/wifi2dchar.narc,/graphic/wifi2dchar.narc!/member_00193,0,/graphic/wifi2dchar.narc,366,193,,494624,495176,492052,492604,552,6438d4b7afb53f92da061beef0fbb22f3c2ed90861c603da1f61dfaa16af03de,524c434efffe00012802000010000100,,NCLR palette,Confirmed,True,False,,,,,,,,,,False,False
/graphic/wifi2dchar.narc,/graphic/wifi2dchar.narc!/member_00194,0,/graphic/wifi2dchar.narc,366,194,,495176,499832,492604,497260,4656,9832af0c63cc1152bf0c121b362bdcc80bfc8764b824de66b20b3ba89723ea1b,5247434efffe01013012000010000100,,NCGR graphics,Confirmed,True,False,,,,,,,,,,False,False
/graphic/wifi2dchar.narc,/graphic/wifi2dchar.narc!/member_00195,0,/graphic/wifi2dchar.narc,366,195,,499832,500384,497260,497812,552,347268629975e4ff5349c9276dbaef8703fd50b4b9fc6f0e240018371ff4daac,524c434efffe00012802000010000100,,NCLR palette,Confirmed,True,False,,,,,,,,,,False,False
/graphic/wifi2dchar.narc,/graphic/wifi2dchar.narc!/member_00196,0,/graphic/wifi2dchar.narc,366,196,,500384,505040,497812,502468,4656,91fc480f46f122b1cf19bb29ccaafd7a82371dcfef31a1b02de57657b1082e65,5247434efffe01013012000010000100,,NCGR graphics,Confirmed,True,False,,,,,,,,,,False,False
/graphic/wifi2dchar.narc,/graphic/wifi2dchar.narc!/member_00197,0,/graphic/wifi2dchar.narc,366,197,,505040,505592,502468,503020,552,42961750e1bc96d14b5808f50d197643dd31435fa9e06de45bd609bbe156f25e,524c434efffe00012802000010000100,,NCLR palette,Confirmed,True,False,,,,,,,,,,False,False
/graphic/wifi2dchar.narc,/graphic/wifi2dchar.narc!/member_00198,0,/graphic/wifi2dchar.narc,366,198,,505592,510248,503020,507676,4656,bcc74b4886a22867bf8809d780a0e138c6042dc9659ebe16f44662f9ecad4686,5247434efffe01013012000010000100,,NCGR graphics,Confirmed,True,False,,,,,,,,,,False,False
/graphic/wifi2dchar.narc,/graphic/wifi2dchar.narc!/member_00199,0,/graphic/wifi2dchar.narc,366,199,,510248,510800,507676,508228,552,c4c4e236bbc8a2e8f1412a2ef873338d6d3c4e35faf23f993126bae619980107,524c434efffe00012802000010000100,,NCLR palette,Confirmed,True,False,,,,,,,,,,False,False
/graphic/wifi2dchar.narc,/graphic/wifi2dchar.narc!/member_00200,0,/graphic/wifi2dchar.narc,366,200,,510800,515456,508228,512884,4656,332b66e72afeb07ff69d1aabbf7606b74a89f33b00b076835a9730cbb3c3af58,5247434efffe01013012000010000100,,NCGR graphics,Confirmed,True,False,,,,,,,,,,False,False
/graphic/wifi2dchar.narc,/graphic/wifi2dchar.narc!/member_00201,0,/graphic/wifi2dchar.narc,366,201,,515456,516008,512884,513436,552,f78c13e5393da179887a50422fde8f0f9d61cf6b5122650b02e7403bf22806fb,524c434efffe00012802000010000100,,NCLR palette,Confirmed,True,False,,,,,,,,,,False,False
/graphic/wifi2dchar.narc,/graphic/wifi2dchar.narc!/member_00202,0,/graphic/wifi2dchar.narc,366,202,,516008,520664,513436,518092,4656,7b194fc6ae4e486e56b6f0314a44f85e0e983bc3348872f7059030f09bd1e52c,5247434efffe01013012000010000100,,NCGR graphics,Confirmed,True,False,,,,,,,,,,False,False
/graphic/wifi2dchar.narc,/graphic/wifi2dchar.narc!/member_00203,0,/graphic/wifi2dchar.narc,366,203,,520664,521216,518092,518644,552,72b238d385e4b6fe80cca8c7fef4f4fd40b04ec9174049e900f733bf06fe593b,524c434efffe00012802000010000100,,NCLR palette,Confirmed,True,False,,,,,,,,,,False,False
/graphic/wifi2dchar.narc,/graphic/wifi2dchar.narc!/member_00204,0,/graphic/wifi2dchar.narc,366,204,,521216,525872,518644,523300,4656,722fad8676779a53125665f28e70ffb5bb9515926ebd83c62722e1cefedb7fff,5247434efffe01013012000010000100,,NCGR graphics,Confirmed,True,False,,,,,,,,,,False,False
/graphic/wifi2dchar.narc,/graphic/wifi2dchar.narc!/member_00205,0,/graphic/wifi2dchar.narc,366,205,,525872,526424,523300,523852,552,ccb18ddc66efc3f14107bcfae21efd45d4bad14c267a8cb77101627b2cefbb91,524c434efffe00012802000010000100,,NCLR palette,Confirmed,True,False,,,,,,,,,,False,False
/graphic/wifi2dchar.narc,/graphic/wifi2dchar.narc!/member_00206,0,/graphic/wifi2dchar.narc,366,206,,526424,531080,523852,528508,4656,bbd28b93970c8f5d9a66d29724ce887b30cad7cc67a1bd52b8760202d6a26552,5247434efffe01013012000010000100,,NCGR graphics,Confirmed,True,False,,,,,,,,,,False,False
/graphic/wifi2dchar.narc,/graphic/wifi2dchar.narc!/member_00207,0,/graphic/wifi2dchar.narc,366,207,,531080,531632,528508,529060,552,24fd2d2ed95cc119e05e2df3184e055728c97ab28cf427538a60fab016b2aa6f,524c434efffe00012802000010000100,,NCLR palette,Confirmed,True,False,,,,,,,,,,False,False
/graphic/wifi2dchar.narc,/graphic/wifi2dchar.narc!/member_00208,0,/graphic/wifi2dchar.narc,366,208,,531632,536288,529060,533716,4656,f3784660541397eba0ea0d469b502a98d16a258ba2924a055a288caf157f4800,5247434efffe01013012000010000100,,NCGR graphics,Confirmed,True,False,,,,,,,,,,False,False
/graphic/wifi2dchar.narc,/graphic/wifi2dchar.narc!/member_00209,0,/graphic/wifi2dchar.narc,366,209,,536288,536840,533716,534268,552,e16220c871c5f960558203321a259772ae55c334470977a9135b2fead6e14252,524c434efffe00012802000010000100,,NCLR palette,Confirmed,True,False,,,,,,,,,,False,False
/graphic/wifi2dchar.narc,/graphic/wifi2dchar.narc!/member_00210,0,/graphic/wifi2dchar.narc,366,210,,536840,541496,534268,538924,4656,3b8ef2167ff3f7d4cc7229dec176e99493cde82e9ae67f2cc9d45adf5da58078,5247434efffe01013012000010000100,,NCGR graphics,Confirmed,True,False,,,,,,,,,,False,False
/graphic/wifi2dchar.narc,/graphic/wifi2dchar.narc!/member_00211,0,/graphic/wifi2dchar.narc,366,211,,541496,542048,538924,539476,552,994c2dcadaf82e887af05a8f8f3b16c593f39bf0a8e4c60c8c477b7feba21d16,524c434efffe00012802000010000100,,NCLR palette,Confirmed,True,False,,,,,,,,,,False,False
/graphic/wifi2dchar.narc,/graphic/wifi2dchar.narc!/member_00212,0,/graphic/wifi2dchar.narc,366,212,,542048,546704,539476,544132,4656,1051fe7260e6f567db440dedd8392d099f6e647b5aa1d9ba382b3219514f7cec,5247434efffe01013012000010000100,,NCGR graphics,Confirmed,True,False,,,,,,,,,,False,False
/graphic/wifi2dchar.narc,/graphic/wifi2dchar.narc!/member_00213,0,/graphic/wifi2dchar.narc,366,213,,546704,547256,544132,544684,552,0d5285e39d4ac5b795b429c8b5e979b9244631c33ab904bb4266a7cc37334416,524c434efffe00012802000010000100,,NCLR palette,Confirmed,True,False,,,,,,,,,,False,False
/graphic/wifi2dchar.narc,/graphic/wifi2dchar.narc!/member_00214,0,/graphic/wifi2dchar.narc,366,214,,547256,551912,544684,549340,4656,dae34859dde3f7011fd78f96c02e13d659369f43c0502bb2b62780d00c852244,5247434efffe01013012000010000100,,NCGR graphics,Confirmed,True,False,,,,,,,,,,False,False
/graphic/wifi2dchar.narc,/graphic/wifi2dchar.narc!/member_00215,0,/graphic/wifi2dchar.narc,366,215,,551912,552464,549340,549892,552,eb0d2e0a36f3cfb6d3fffc829485faf08fd5ad05319365bd4a64160f8501547e,524c434efffe00012802000010000100,,NCLR palette,Confirmed,True,False,,,,,,,,,,False,False
/graphic/wifi2dchar.narc,/graphic/wifi2dchar.narc!/member_00216,0,/graphic/wifi2dchar.narc,366,216,,552464,557120,549892,554548,4656,40f1cc07994be8050c1a29e2222267be9a719d36b6a25218805a5b767fbb6bf0,5247434efffe01013012000010000100,,NCGR graphics,Confirmed,True,False,,,,,,,,,,False,False
/graphic/wifi2dchar.narc,/graphic/wifi2dchar.narc!/member_00217,0,/graphic/wifi2dchar.narc,366,217,,557120,557672,554548,555100,552,28932c94a064898397909db1ff698b3261d5f1899f869bb3bb366c5ab6d47a39,524c434efffe00012802000010000100,,NCLR palette,Confirmed,True,False,,,,,,,,,,False,False
/graphic/wifi2dchar.narc,/graphic/wifi2dchar.narc!/member_00218,0,/graphic/wifi2dchar.narc,366,218,,557672,562328,555100,559756,4656,35a94af667a6b642f281502e47c943ef77743243ff32b2d6e33d1c595cc35eaa,5247434efffe01013012000010000100,,NCGR graphics,Confirmed,True,False,,,,,,,,,,False,False
/graphic/wifi2dchar.narc,/graphic/wifi2dchar.narc!/member_00219,0,/graphic/wifi2dchar.narc,366,219,,562328,562880,559756,560308,552,e61b9e0b9a65347737646e5ebb028b3d01712ab9381df9430dca92f7a024ca30,524c434efffe00012802000010000100,,NCLR palette,Confirmed,True,False,,,,,,,,,,False,False
/graphic/wifi2dchar.narc,/graphic/wifi2dchar.narc!/member_00220,0,/graphic/wifi2dchar.narc,366,220,,562880,567536,560308,564964,4656,e7b41c270bd02550387d588622a6ae3cfd0d11d7f23adc01283c09daa470e901,5247434efffe01013012000010000100,,NCGR graphics,Confirmed,True,False,,,,,,,,,,False,False
/graphic/wifi2dchar.narc,/graphic/wifi2dchar.narc!/member_00221,0,/graphic/wifi2dchar.narc,366,221,,567536,568088,564964,565516,552,5489e4d8924f273d2c13234632c99749d9bb0c01101b2d46f61314d5363e9412,524c434efffe00012802000010000100,,NCLR palette,Confirmed,True,False,,,,,,,,,,False,False
/graphic/wifi2dchar.narc,/graphic/wifi2dchar.narc!/member_00222,0,/graphic/wifi2dchar.narc,366,222,,568088,572744,565516,570172,4656,78da6eaab5e6fdb31c18129ac76087e5b357ad02b13cc0ba37bbdeb1298dca76,5247434efffe01013012000010000100,,NCGR graphics,Confirmed,True,False,,,,,,,,,,False,False
/graphic/wifi2dchar.narc,/graphic/wifi2dchar.narc!/member_00223,0,/graphic/wifi2dchar.narc,366,223,,572744,573296,570172,570724,552,b554b1b5bf1f6df2a57a5b8bf2265a9aa430e052ce79f2ec5378a76b8af8f90d,524c434efffe00012802000010000100,,NCLR palette,Confirmed,True,False,,,,,,,,,,False,False
/graphic/wifi2dchar.narc,/graphic/wifi2dchar.narc!/member_00224,0,/graphic/wifi2dchar.narc,366,224,,573296,577952,570724,575380,4656,19328013b20646f56fc11feb47153564a2901e4aa48f84882044d0451367c5c2,5247434efffe01013012000010000100,,NCGR graphics,Confirmed,True,False,,,,,,,,,,False,False
/graphic/wifi2dchar.narc,/graphic/wifi2dchar.narc!/member_00225,0,/graphic/wifi2dchar.narc,366,225,,577952,578504,575380,575932,552,5372b63d4feb83e59a1b931772d5a1d7367e820038956fb3120957900dc76f8d,524c434efffe00012802000010000100,,NCLR palette,Confirmed,True,False,,,,,,,,,,False,False
/graphic/wifi2dchar.narc,/graphic/wifi2dchar.narc!/member_00226,0,/graphic/wifi2dchar.narc,366,226,,578504,583160,575932,580588,4656,b8b27ea188e1d227fe6aa8ceb6137837af239855abdf45296ef9d295eeab5d88,5247434efffe01013012000010000100,,NCGR graphics,Confirmed,True,False,,,,,,,,,,False,False
/graphic/wifi2dchar.narc,/graphic/wifi2dchar.narc!/member_00227,0,/graphic/wifi2dchar.narc,366,227,,583160,583712,580588,581140,552,9ae9d3a41716c2d7987ee33c067595b3370d0d9eada88f27d2aa7100d3878e96,524c434efffe00012802000010000100,,NCLR palette,Confirmed,True,False,,,,,,,,,,False,False
/graphic/wifi2dchar.narc,/graphic/wifi2dchar.narc!/member_00228,0,/graphic/wifi2dchar.narc,366,228,,583712,588368,581140,585796,4656,08b2c91a26c4bb053a2639cd9425d73b6fd3d430e7d3f4302e95723fdbaffa20,5247434efffe01013012000010000100,,NCGR graphics,Confirmed,True,False,,,,,,,,,,False,False
/graphic/wifi2dchar.narc,/graphic/wifi2dchar.narc!/member_00229,0,/graphic/wifi2dchar.narc,366,229,,588368,588920,585796,586348,552,46b7ca1ecb871b74420887c1622a923489361d8dd8fd5e3e332fef76c94b08d9,524c434efffe00012802000010000100,,NCLR palette,Confirmed,True,False,,,,,,,,,,False,False
/graphic/wifi2dchar.narc,/graphic/wifi2dchar.narc!/member_00230,0,/graphic/wifi2dchar.narc,366,230,,588920,593576,586348,591004,4656,54cca7716bbe8162cb1feb069c1b2ec2955cc23f0f9aa2a38e343b448d1c2d4e,5247434efffe01013012000010000100,,NCGR graphics,Confirmed,True,False,,,,,,,,,,False,False
/graphic/wifi2dchar.narc,/graphic/wifi2dchar.narc!/member_00231,0,/graphic/wifi2dchar.narc,366,231,,593576,594128,591004,591556,552,738f049e1406bfd95a9d78b78e1c364feeec1825d26a9f68bf3c9c7ed0aa2f1a,524c434efffe00012802000010000100,,NCLR palette,Confirmed,True,False,,,,,,,,,,False,False
/graphic/wifi2dchar.narc,/graphic/wifi2dchar.narc!/member_00232,0,/graphic/wifi2dchar.narc,366,232,,594128,598784,591556,596212,4656,4acf6db3dfee035a08229d919c2f6386c00e4be06a366c3a6c608f23e029d9eb,5247434efffe01013012000010000100,,NCGR graphics,Confirmed,True,False,,,,,,,,,,False,False
/graphic/wifi2dchar.narc,/graphic/wifi2dchar.narc!/member_00233,0,/graphic/wifi2dchar.narc,366,233,,598784,599336,596212,596764,552,26eed39600ea68e359a54bbe8b7cc7aaab235a9decb13e5097a7021da390c9b6,524c434efffe00012802000010000100,,NCLR palette,Confirmed,True,False,,,,,,,,,,False,False
/graphic/wifi2dchar.narc,/graphic/wifi2dchar.narc!/member_00234,0,/graphic/wifi2dchar.narc,366,234,,599336,603992,596764,601420,4656,2e832ca4e6a1e7d3faf0795448ae0737b0f06172d2dc1f0c72b913976d04a9e0,5247434efffe01013012000010000100,,NCGR graphics,Confirmed,True,False,,,,,,,,,,False,False
/graphic/wifi2dchar.narc,/graphic/wifi2dchar.narc!/member_00235,0,/graphic/wifi2dchar.narc,366,235,,603992,604544,601420,601972,552,4dbc1ee707f6a1bc1cbe494fdc41f87fa58a0d5c52bac7a31dc4f04c779b041c,524c434efffe00012802000010000100,,NCLR palette,Confirmed,True,False,,,,,,,,,,False,False
/graphic/wifi2dchar.narc,/graphic/wifi2dchar.narc!/member_00236,0,/graphic/wifi2dchar.narc,366,236,,604544,609200,601972,606628,4656,ceda5b85b5bfd52ce54501b52651d80429cfc7bd944684299dbcccc0d5699298,5247434efffe01013012000010000100,,NCGR graphics,Confirmed,True,False,,,,,,,,,,False,False
/graphic/wifi2dchar.narc,/graphic/wifi2dchar.narc!/member_00237,0,/graphic/wifi2dchar.narc,366,237,,609200,609752,606628,607180,552,0d5285e39d4ac5b795b429c8b5e979b9244631c33ab904bb4266a7cc37334416,524c434efffe00012802000010000100,,NCLR palette,Confirmed,True,False,,,,,,,,,,False,False
/graphic/wifi2dchar.narc,/graphic/wifi2dchar.narc!/member_00238,0,/graphic/wifi2dchar.narc,366,238,,609752,614408,607180,611836,4656,95c69e298b4d5ff5f29c1e4a63569fffbe2db6cacd3e9806aa9b95143a610980,5247434efffe01013012000010000100,,NCGR graphics,Confirmed,True,False,,,,,,,,,,False,False
/graphic/wifi2dchar.narc,/graphic/wifi2dchar.narc!/member_00239,0,/graphic/wifi2dchar.narc,366,239,,614408,614960,611836,612388,552,26eed39600ea68e359a54bbe8b7cc7aaab235a9decb13e5097a7021da390c9b6,524c434efffe00012802000010000100,,NCLR palette,Confirmed,True,False,,,,,,,,,,False,False
/graphic/wifi2dchar.narc,/graphic/wifi2dchar.narc!/member_00240,0,/graphic/wifi2dchar.narc,366,240,,614960,619616,612388,617044,4656,6cf8403a9dae7fdfc1c0a865d3557d8d4f7390c3d94378a30e1266ef08af04b5,5247434efffe01013012000010000100,,NCGR graphics,Confirmed,True,False,,,,,,,,,,False,False
/graphic/wifi2dchar.narc,/graphic/wifi2dchar.narc!/member_00241,0,/graphic/wifi2dchar.narc,366,241,,619616,620168,617044,617596,552,1f8213f07f9413d2385eb39179136ea49950a9865e79c16baafe3595e83c2002,524c434efffe00012802000010000100,,NCLR palette,Confirmed,True,False,,,,,,,,,,False,False
/graphic/wifi2dchar.narc,/graphic/wifi2dchar.narc!/member_00242,0,/graphic/wifi2dchar.narc,366,242,,620168,624824,617596,622252,4656,7dc2cb0e124184e681814b947d0681dc468633eb399a36849a5d0d3482b11ba3,5247434efffe01013012000010000100,,NCGR graphics,Confirmed,True,False,,,,,,,,,,False,False
/graphic/wifi2dchar.narc,/graphic/wifi2dchar.narc!/member_00243,0,/graphic/wifi2dchar.narc,366,243,,624824,625376,622252,622804,552,29f03076cf6b0f6c3a3d332cb4e8e70fffda03cf707b5f953d3637f2df167295,524c434efffe00012802000010000100,,NCLR palette,Confirmed,True,False,,,,,,,,,,False,False
/graphic/wifi2dchar.narc,/graphic/wifi2dchar.narc!/member_00244,0,/graphic/wifi2dchar.narc,366,244,,625376,630032,622804,627460,4656,dc7a6162ba95b1aebb4b26b4af2fa441aaa1a6935372a1e0874e4533f1ca1282,5247434efffe01013012000010000100,,NCGR graphics,Confirmed,True,False,,,,,,,,,,False,False
/graphic/wifi2dchar.narc,/graphic/wifi2dchar.narc!/member_00245,0,/graphic/wifi2dchar.narc,366,245,,630032,630584,627460,628012,552,4a89eb3406705796eb6b41ddf419623f2b966065d0f9480c62c805b88906b308,524c434efffe00012802000010000100,,NCLR palette,Confirmed,True,False,,,,,,,,,,False,False
/graphic/wifi2dchar.narc,/graphic/wifi2dchar.narc!/member_00246,0,/graphic/wifi2dchar.narc,366,246,,630584,635240,628012,632668,4656,9ae9a6d6c04a64df747e6d5aceb47bb8e55a74babbee258bc07951891bae367d,5247434efffe01013012000010000100,,NCGR graphics,Confirmed,True,False,,,,,,,,,,False,False
/graphic/wifi2dchar.narc,/graphic/wifi2dchar.narc!/member_00247,0,/graphic/wifi2dchar.narc,366,247,,635240,635792,632668,633220,552,4a89eb3406705796eb6b41ddf419623f2b966065d0f9480c62c805b88906b308,524c434efffe00012802000010000100,,NCLR palette,Confirmed,True,False,,,,,,,,,,False,False
/graphic/wifi2dchar.narc,/graphic/wifi2dchar.narc!/member_00248,0,/graphic/wifi2dchar.narc,366,248,,635792,640448,633220,637876,4656,0b572651e4f95c192bacf6b2b7f1e828374d6b94863709e01344a70d76543e1b,5247434efffe01013012000010000100,,NCGR graphics,Confirmed,True,False,,,,,,,,,,False,False
/graphic/wifi2dchar.narc,/graphic/wifi2dchar.narc!/member_00249,0,/graphic/wifi2dchar.narc,366,249,,640448,641000,637876,638428,552,8fb8ef8dd0f0a91b88b928ccb54ecc92de71ba461bacc83c6f9546a2fe6c67de,524c434efffe00012802000010000100,,NCLR palette,Confirmed,True,False,,,,,,,,,,False,False
/graphic/wifi2dchar.narc,/graphic/wifi2dchar.narc!/member_00250,0,/graphic/wifi2dchar.narc,366,250,,641000,645656,638428,643084,4656,38f5dbd2c97cce011a7da76c3f130943cc29ed974b54d83a9664028afae22e09,5247434efffe01013012000010000100,,NCGR graphics,Confirmed,True,False,,,,,,,,,,False,False
/graphic/wifi2dchar.narc,/graphic/wifi2dchar.narc!/member_00251,0,/graphic/wifi2dchar.narc,366,251,,645656,646208,643084,643636,552,7d62b5e19162e036eeb17afc3a7559eb16f93e94888c5807b438e46b5c00c36f,524c434efffe00012802000010000100,,NCLR palette,Confirmed,True,False,,,,,,,,,,False,False
/graphic/wifi2dchar.narc,/graphic/wifi2dchar.narc!/member_00252,0,/graphic/wifi2dchar.narc,366,252,,646208,650864,643636,648292,4656,c9c4b16791f93fe51062061cba26ae4f9ea17e8976036c3a8346c6f918e07c16,5247434efffe01013012000010000100,,NCGR graphics,Confirmed,True,False,,,,,,,,,,False,False
/graphic/wifi2dchar.narc,/graphic/wifi2dchar.narc!/member_00253,0,/graphic/wifi2dchar.narc,366,253,,650864,651416,648292,648844,552,742a6d799d0f0dd60ce743ae06c79ee409f884821926317b924c1df9cd0cb5ea,524c434efffe00012802000010000100,,NCLR palette,Confirmed,True,False,,,,,,,,,,False,False
/graphic/wifi2dchar.narc,/graphic/wifi2dchar.narc!/member_00254,0,/graphic/wifi2dchar.narc,366,254,,651416,656072,648844,653500,4656,a371559d69cc8aecc31ba0fb0a43913d71af594da9016bf7f98edd412cccba6c,5247434efffe01013012000010000100,,NCGR graphics,Confirmed,True,False,,,,,,,,,,False,False
/graphic/wifi2dchar.narc,/graphic/wifi2dchar.narc!/member_00255,0,/graphic/wifi2dchar.narc,366,255,,656072,656624,653500,654052,552,6295d81a2ef863c173feafd4a3456c41d0e79870630314a4e8d0213b3023cff1,524c434efffe00012802000010000100,,NCLR palette,Confirmed,True,False,,,,,,,,,,False,False
/graphic/wifi2dchar.narc,/graphic/wifi2dchar.narc!/member_00256,0,/graphic/wifi2dchar.narc,366,256,,656624,661280,654052,658708,4656,2225dcf1e437583b347293dc3f2c8663e025c292500f5535dfd5a9350973610e,5247434efffe01013012000010000100,,NCGR graphics,Confirmed,True,False,,,,,,,,,,False,False
/graphic/wifi2dchar.narc,/graphic/wifi2dchar.narc!/member_00257,0,/graphic/wifi2dchar.narc,366,257,,661280,661832,658708,659260,552,c2cd685b4da06770cd1454731f5d2a359bb32f60fdee00f187c3c2ec75421685,524c434efffe00012802000010000100,,NCLR palette,Confirmed,True,False,,,,,,,,,,False,False
/graphic/wifi2dchar.narc,/graphic/wifi2dchar.narc!/member_00258,0,/graphic/wifi2dchar.narc,366,258,,661832,666488,659260,663916,4656,5a75c69005527ac9f98a6d31e17f3f6b3d2a40418225638849b86971a1766ba4,5247434efffe01013012000010000100,,NCGR graphics,Confirmed,True,False,,,,,,,,,,False,False
/graphic/wifi2dchar.narc,/graphic/wifi2dchar.narc!/member_00259,0,/graphic/wifi2dchar.narc,366,259,,666488,667040,663916,664468,552,4e537f02f45a5e875dd9a63534b6f50703e2f0a17daabed33e2c9794218e9419,524c434efffe00012802000010000100,,NCLR palette,Confirmed,True,False,,,,,,,,,,False,False
/graphic/wifi2dchar.narc,/graphic/wifi2dchar.narc!/member_00260,0,/graphic/wifi2dchar.narc,366,260,,667040,671696,664468,669124,4656,d2b1839c3ff90d9aef2e00d98f1def89f172549685948ccb77d64c7fc5e19877,5247434efffe01013012000010000100,,NCGR graphics,Confirmed,True,False,,,,,,,,,,False,False
/graphic/wifi2dchar.narc,/graphic/wifi2dchar.narc!/member_00261,0,/graphic/wifi2dchar.narc,366,261,,671696,672248,669124,669676,552,ee7c84bd2b4adf393d74f93508f6ebd7a8cfa328a0ce24a8e3925e63362e9ba4,524c434efffe00012802000010000100,,NCLR palette,Confirmed,True,False,,,,,,,,,,False,False
/graphic/wifi2dchar.narc,/graphic/wifi2dchar.narc!/member_00262,0,/graphic/wifi2dchar.narc,366,262,,672248,676904,669676,674332,4656,3127d754378d86edcdf397f7c6b1b0560bfb4a1e0d5938c31664bb4c35214629,5247434efffe01013012000010000100,,NCGR graphics,Confirmed,True,False,,,,,,,,,,False,False
/graphic/wifi2dchar.narc,/graphic/wifi2dchar.narc!/member_00263,0,/graphic/wifi2dchar.narc,366,263,,676904,677456,674332,674884,552,6ff8c126e54c82bb9cc671872f5d09083fb801f238c5c35900244fc5ce51f5f4,524c434efffe00012802000010000100,,NCLR palette,Confirmed,True,False,,,,,,,,,,False,False
/graphic/wifi2dchar.narc,/graphic/wifi2dchar.narc!/member_00264,0,/graphic/wifi2dchar.narc,366,264,,677456,682112,674884,679540,4656,3aa808686a1f1b93b6fe10a85839aa36c38d278d5c9d45409c152df1a8e31817,5247434efffe01013012000010000100,,NCGR graphics,Confirmed,True,False,,,,,,,,,,False,False
/graphic/wifi2dchar.narc,/graphic/wifi2dchar.narc!/member_00265,0,/graphic/wifi2dchar.narc,366,265,,682112,682664,679540,680092,552,5b7e615d665c5814f3ff3f3a5e4f4fc1200866bca9cfeade05f7103871e7055b,524c434efffe00012802000010000100,,NCLR palette,Confirmed,True,False,,,,,,,,,,False,False
/graphic/wifi2dchar.narc,/graphic/wifi2dchar.narc!/member_00266,0,/graphic/wifi2dchar.narc,366,266,,682664,687320,680092,684748,4656,32612d77565df311409a467349941c93acce2d306f50ca0bebbd9d1a05dbf922,5247434efffe01013012000010000100,,NCGR graphics,Confirmed,True,False,,,,,,,,,,False,False
/graphic/wifi2dchar.narc,/graphic/wifi2dchar.narc!/member_00267,0,/graphic/wifi2dchar.narc,366,267,,687320,687872,684748,685300,552,1bb586b74ff26686bfed4aa0216f91dd0fd29206fdf25b7f71b7f8407b2245f3,524c434efffe00012802000010000100,,NCLR palette,Confirmed,True,False,,,,,,,,,,False,False
/graphic/wifi2dchar.narc,/graphic/wifi2dchar.narc!/member_00268,0,/graphic/wifi2dchar.narc,366,268,,687872,692528,685300,689956,4656,3e01c0ee3b2a2962c306064843e4efc45508d6b75bf60bdb42f88924a7c04d48,5247434efffe01013012000010000100,,NCGR graphics,Confirmed,True,False,,,,,,,,,,False,False
/graphic/wifi2dchar.narc,/graphic/wifi2dchar.narc!/member_00269,0,/graphic/wifi2dchar.narc,366,269,,692528,693080,689956,690508,552,e2ed28b6eaeb77236571709437cae5ca71bdb209e8e48389e04d38f394d4b065,524c434efffe00012802000010000100,,NCLR palette,Confirmed,True,False,,,,,,,,,,False,False
/graphic/wifi2dchar.narc,/graphic/wifi2dchar.narc!/member_00270,0,/graphic/wifi2dchar.narc,366,270,,693080,697736,690508,695164,4656,dfefed29ac137268aa470d845e398eeb1b4e503b59cc569d3d370f8e596bc988,5247434efffe01013012000010000100,,NCGR graphics,Confirmed,True,False,,,,,,,,,,False,False
/graphic/wifi2dchar.narc,/graphic/wifi2dchar.narc!/member_00271,0,/graphic/wifi2dchar.narc,366,271,,697736,698288,695164,695716,552,23861b7d63788edef7d78dc2d99002d82b449d190bff1ce7b20a75291f105603,524c434efffe00012802000010000100,,NCLR palette,Confirmed,True,False,,,,,,,,,,False,False
/graphic/wifi2dchar.narc,/graphic/wifi2dchar.narc!/member_00272,0,/graphic/wifi2dchar.narc,366,272,,698288,702944,695716,700372,4656,d3c340d9a0b9ee912ffbf4e6a98381a993fcef957ea3352299498aea372b3d5f,5247434efffe01013012000010000100,,NCGR graphics,Confirmed,True,False,,,,,,,,,,False,False
/graphic/wifi2dchar.narc,/graphic/wifi2dchar.narc!/member_00273,0,/graphic/wifi2dchar.narc,366,273,,702944,703496,700372,700924,552,f47f82c10a3da1daace4a4f53ed05b2b311b1caf215491d2b8440ad9f2b017e4,524c434efffe00012802000010000100,,NCLR palette,Confirmed,True,False,,,,,,,,,,False,False
/graphic/wifi2dchar.narc,/graphic/wifi2dchar.narc!/member_00274,0,/graphic/wifi2dchar.narc,366,274,,703496,708152,700924,705580,4656,2ccdfeaabf99c612a4ca05751723f35b50c5c16bf58b4bdf90f4a1eff8c72c1b,5247434efffe01013012000010000100,,NCGR graphics,Confirmed,True,False,,,,,,,,,,False,False
/graphic/wifi2dchar.narc,/graphic/wifi2dchar.narc!/member_00275,0,/graphic/wifi2dchar.narc,366,275,,708152,708704,705580,706132,552,a67c59da2433d48890323e63a509cde6ed8867e766f6797741049e36a4b5bd2b,524c434efffe00012802000010000100,,NCLR palette,Confirmed,True,False,,,,,,,,,,False,False
/graphic/wifi2dchar.narc,/graphic/wifi2dchar.narc!/member_00276,0,/graphic/wifi2dchar.narc,366,276,,708704,713360,706132,710788,4656,4e7d74448bced0556459862d0d3e917211fd64f70350a50c9556af53a36cad4c,5247434efffe01013012000010000100,,NCGR graphics,Confirmed,True,False,,,,,,,,,,False,False
/graphic/wifi2dchar.narc,/graphic/wifi2dchar.narc!/member_00277,0,/graphic/wifi2dchar.narc,366,277,,713360,713912,710788,711340,552,7fad1c8a74c294acb6271f497f3383c8b698adbf7adad4741f40431eb64a4493,524c434efffe00012802000010000100,,NCLR palette,Confirmed,True,False,,,,,,,,,,False,False
/graphic/wifi2dchar.narc,/graphic/wifi2dchar.narc!/member_00278,0,/graphic/wifi2dchar.narc,366,278,,713912,718568,711340,715996,4656,10483c37ccb275c57a0a1d7b703d7656c741e5042715445c82522efdbb945932,5247434efffe01013012000010000100,,NCGR graphics,Confirmed,True,False,,,,,,,,,,False,False
/graphic/wifi2dchar.narc,/graphic/wifi2dchar.narc!/member_00279,0,/graphic/wifi2dchar.narc,366,279,,718568,719120,715996,716548,552,2616a96318d81938cd6c361c56332c021a883c093e3e23b91330907d053ab42f,524c434efffe00012802000010000100,,NCLR palette,Confirmed,True,False,,,,,,,,,,False,False
/graphic/wifi2dchar.narc,/graphic/wifi2dchar.narc!/member_00280,0,/graphic/wifi2dchar.narc,366,280,,719120,723776,716548,721204,4656,240c2eb5c0152700d02f84146b4e2ef7ab2014f948a1bce38b50d5cb835809d7,5247434efffe01013012000010000100,,NCGR graphics,Confirmed,True,False,,,,,,,,,,False,False
/graphic/wifi2dchar.narc,/graphic/wifi2dchar.narc!/member_00281,0,/graphic/wifi2dchar.narc,366,281,,723776,724328,721204,721756,552,abebf221c18416b87f6af8c4d1db5d2bd3c3a5181edc2dcb474130640c96fa5f,524c434efffe00012802000010000100,,NCLR palette,Confirmed,True,False,,,,,,,,,,False,False
/graphic/wifi2dchar.narc,/graphic/wifi2dchar.narc!/member_00282,0,/graphic/wifi2dchar.narc,366,282,,724328,728984,721756,726412,4656,54680f1e1db36500bce143d3d382d791dd42089595dbb8441860eb4d662c8341,5247434efffe01013012000010000100,,NCGR graphics,Confirmed,True,False,,,,,,,,,,False,False
/graphic/wifi2dchar.narc,/graphic/wifi2dchar.narc!/member_00283,0,/graphic/wifi2dchar.narc,366,283,,728984,729536,726412,726964,552,b66e0637a975bde2c2dc97ec47d8c2769bb6ba51f7d818ec0b552e59b9b173e1,524c434efffe00012802000010000100,,NCLR palette,Confirmed,True,False,,,,,,,,,,False,False
/graphic/wifi2dchar.narc,/graphic/wifi2dchar.narc!/member_00284,0,/graphic/wifi2dchar.narc,366,284,,729536,734192,726964,731620,4656,b390f2ecd29076378ea9b0e9cda0af54f5c952ea09a271da84d45ed85b04254b,5247434efffe01013012000010000100,,NCGR graphics,Confirmed,True,False,,,,,,,,,,False,False
/graphic/wifi2dchar.narc,/graphic/wifi2dchar.narc!/member_00285,0,/graphic/wifi2dchar.narc,366,285,,734192,734744,731620,732172,552,544f056fbfec3a79f4bcd4a885efab739a16b61e06742abf8d06e90161a9f6fe,524c434efffe00012802000010000100,,NCLR palette,Confirmed,True,False,,,,,,,,,,False,False
/graphic/wifi2dchar.narc,/graphic/wifi2dchar.narc!/member_00286,0,/graphic/wifi2dchar.narc,366,286,,734744,739400,732172,736828,4656,313edb570d299abd6b96f78c8767e671165943be62a77b45a1a64e815612a753,5247434efffe01013012000010000100,,NCGR graphics,Confirmed,True,False,,,,,,,,,,False,False
/graphic/wifi2dchar.narc,/graphic/wifi2dchar.narc!/member_00287,0,/graphic/wifi2dchar.narc,366,287,,739400,739952,736828,737380,552,094523ec42e2dfdcb821c8089f5153ec679a0d7d53df3f2821f7767e6a62c121,524c434efffe00012802000010000100,,NCLR palette,Confirmed,True,False,,,,,,,,,,False,False
/graphic/wifi2dchar.narc,/graphic/wifi2dchar.narc!/member_00288,0,/graphic/wifi2dchar.narc,366,288,,739952,744608,737380,742036,4656,7bccab377bbcfa51a8027c3854eddb4f070ecccd5ddbec51122507d0b80e8c21,5247434efffe01013012000010000100,,NCGR graphics,Confirmed,True,False,,,,,,,,,,False,False
/graphic/wifi2dchar.narc,/graphic/wifi2dchar.narc!/member_00289,0,/graphic/wifi2dchar.narc,366,289,,744608,745160,742036,742588,552,78c115f9bd6c5ba4ae1ae3155152822781bf5639855eec4f333e5615afa66c83,524c434efffe00012802000010000100,,NCLR palette,Confirmed,True,False,,,,,,,,,,False,False
/graphic/wifi2dchar.narc,/graphic/wifi2dchar.narc!/member_00290,0,/graphic/wifi2dchar.narc,366,290,,745160,749816,742588,747244,4656,6f8328291882fc791cfc050c6587d3736c5a6af03eff231cfcc1ab88ec86b691,5247434efffe01013012000010000100,,NCGR graphics,Confirmed,True,False,,,,,,,,,,False,False
/graphic/wifi2dchar.narc,/graphic/wifi2dchar.narc!/member_00291,0,/graphic/wifi2dchar.narc,366,291,,749816,750368,747244,747796,552,fbd1151588891bec318c70e64e34b790f6f4f2658a326af86ce6878c29fa28f3,524c434efffe00012802000010000100,,NCLR palette,Confirmed,True,False,,,,,,,,,,False,False
/graphic/wifi2dchar.narc,/graphic/wifi2dchar.narc!/member_00292,0,/graphic/wifi2dchar.narc,366,292,,750368,755024,747796,752452,4656,48300c321878cdd4fe557104ff92162d8d35228953e5777b61239200a0749fc9,5247434efffe01013012000010000100,,NCGR graphics,Confirmed,True,False,,,,,,,,,,False,False
/graphic/wifi2dchar.narc,/graphic/wifi2dchar.narc!/member_00293,0,/graphic/wifi2dchar.narc,366,293,,755024,755576,752452,753004,552,485d36e6416e51e51f141dd8b8c50562fe9de29899aa78a401cbb86c0e4cdc8e,524c434efffe00012802000010000100,,NCLR palette,Confirmed,True,False,,,,,,,,,,False,False
/graphic/wifi2dchar.narc,/graphic/wifi2dchar.narc!/member_00294,0,/graphic/wifi2dchar.narc,366,294,,755576,760232,753004,757660,4656,3948a51be736dd7b37a6fd8f3adb2245c58d5333c036c4a26e6d71e379254eb6,5247434efffe01013012000010000100,,NCGR graphics,Confirmed,True,False,,,,,,,,,,False,False
/graphic/wifi2dchar.narc,/graphic/wifi2dchar.narc!/member_00295,0,/graphic/wifi2dchar.narc,366,295,,760232,760784,757660,758212,552,43b068006504736250dca942050ab0265845e77b8130c17916bfca2716e1155b,524c434efffe00012802000010000100,,NCLR palette,Confirmed,True,False,,,,,,,,,,False,False
/graphic/wifi2dchar.narc,/graphic/wifi2dchar.narc!/member_00296,0,/graphic/wifi2dchar.narc,366,296,,760784,765440,758212,762868,4656,88892430149dc17b6e3d59a731eb3a93fb35979e4a9ace7cae0a2ba0f1947505,5247434efffe01013012000010000100,,NCGR graphics,Confirmed,True,False,,,,,,,,,,False,False
/graphic/wifi2dchar.narc,/graphic/wifi2dchar.narc!/member_00297,0,/graphic/wifi2dchar.narc,366,297,,765440,765992,762868,763420,552,ca74df06a6f7a97dc0491f81341dc0a9b5cf9d06d407cbfdf3be91bcb1c768aa,524c434efffe00012802000010000100,,NCLR palette,Confirmed,True,False,,,,,,,,,,False,False
/graphic/wifi2dchar.narc,/graphic/wifi2dchar.narc!/member_00298,0,/graphic/wifi2dchar.narc,366,298,,765992,770648,763420,768076,4656,f2802e878db784d21e7785980a8915dc8c14c71efcc9e812f078ee5dbc15dc20,5247434efffe01013012000010000100,,NCGR graphics,Confirmed,True,False,,,,,,,,,,False,False
/graphic/wifi2dchar.narc,/graphic/wifi2dchar.narc!/member_00299,0,/graphic/wifi2dchar.narc,366,299,,770648,771200,768076,768628,552,654bfae9e844023235a6db56ac66e1994972a6bc73483c2f4577244aa93ed3d9,524c434efffe00012802000010000100,,NCLR palette,Confirmed,True,False,,,,,,,,,,False,False
/graphic/wifi2dchar.narc,/graphic/wifi2dchar.narc!/member_00300,0,/graphic/wifi2dchar.narc,366,300,,771200,775856,768628,773284,4656,37d487f0dc69719c7fb10df7b18143d90bed5742dfd64fc6c92e9b54744d3c65,5247434efffe01013012000010000100,,NCGR graphics,Confirmed,True,False,,,,,,,,,,False,False
/graphic/wifi2dchar.narc,/graphic/wifi2dchar.narc!/member_00301,0,/graphic/wifi2dchar.narc,366,301,,775856,776408,773284,773836,552,039c010ebcd20fcafd12b1cdd08b7440eca3cf705f82596200724f6b3cf3a35d,524c434efffe00012802000010000100,,NCLR palette,Confirmed,True,False,,,,,,,,,,False,False
/graphic/wifi2dchar.narc,/graphic/wifi2dchar.narc!/member_00302,0,/graphic/wifi2dchar.narc,366,302,,776408,781064,773836,778492,4656,5800b0c8f4b9c3d821fb153b8f9b95b04d77e5fd7a24ad13add4e628678a2316,5247434efffe01013012000010000100,,NCGR graphics,Confirmed,True,False,,,,,,,,,,False,False
/graphic/wifi2dchar.narc,/graphic/wifi2dchar.narc!/member_00303,0,/graphic/wifi2dchar.narc,366,303,,781064,781616,778492,779044,552,cc74b29cbec7ba67d69d65fccdf8c02c0faf291c7c9cf77d1941bd5c63b87dcc,524c434efffe00012802000010000100,,NCLR palette,Confirmed,True,False,,,,,,,,,,False,False
/graphic/wifi2dchar.narc,/graphic/wifi2dchar.narc!/member_00304,0,/graphic/wifi2dchar.narc,366,304,,781616,786272,779044,783700,4656,080c6d8b497fb5fe14af976855863a809fd7f9d58cd1bc283d085eeeaa3d3b01,5247434efffe01013012000010000100,,NCGR graphics,Confirmed,True,False,,,,,,,,,,False,False
/graphic/wifi2dchar.narc,/graphic/wifi2dchar.narc!/member_00305,0,/graphic/wifi2dchar.narc,366,305,,786272,786824,783700,784252,552,a959861334f6cde8196ed0774b62be78e957be7268ee62c3e37b022282c32f32,524c434efffe00012802000010000100,,NCLR palette,Confirmed,True,False,,,,,,,,,,False,False
/graphic/wifi2dchar.narc,/graphic/wifi2dchar.narc!/member_00306,0,/graphic/wifi2dchar.narc,366,306,,786824,791480,784252,788908,4656,e1c4ec2a08ed0a7639029ead61445e934baad5405fdfd18d41c61c7fbd4fc1e7,5247434efffe01013012000010000100,,NCGR graphics,Confirmed,True,False,,,,,,,,,,False,False
/graphic/wifi2dchar.narc,/graphic/wifi2dchar.narc!/member_00307,0,/graphic/wifi2dchar.narc,366,307,,791480,792032,788908,789460,552,6cc2383f900603f82814ce873eea4eca5c6d68cd874cf348454eb83c5c94bae8,524c434efffe00012802000010000100,,NCLR palette,Confirmed,True,False,,,,,,,,,,False,False
/graphic/wifi2dchar.narc,/graphic/wifi2dchar.narc!/member_00308,0,/graphic/wifi2dchar.narc,366,308,,792032,796688,789460,794116,4656,4156a0e986b14f51dc2c6c62a7223785224b8e653b48c4b5210552b31f066e6b,5247434efffe01013012000010000100,,NCGR graphics,Confirmed,True,False,,,,,,,,,,False,False
/graphic/wifi2dchar.narc,/graphic/wifi2dchar.narc!/member_00309,0,/graphic/wifi2dchar.narc,366,309,,796688,797240,794116,794668,552,6cc2383f900603f82814ce873eea4eca5c6d68cd874cf348454eb83c5c94bae8,524c434efffe00012802000010000100,,NCLR palette,Confirmed,True,False,,,,,,,,,,False,False
/graphic/wifi2dchar.narc,/graphic/wifi2dchar.narc!/member_00310,0,/graphic/wifi2dchar.narc,366,310,,797240,801896,794668,799324,4656,5379c663a77dead07a6a794a892861851555d8b5290257529fd34371df2e13d7,5247434efffe01013012000010000100,,NCGR graphics,Confirmed,True,False,,,,,,,,,,False,False
/graphic/wifi2dchar.narc,/graphic/wifi2dchar.narc!/member_00311,0,/graphic/wifi2dchar.narc,366,311,,801896,802448,799324,799876,552,e3c3e0cf708b17efdbb635913a27e299d91f1619a4dbbea878a9f1a284f71d4b,524c434efffe00012802000010000100,,NCLR palette,Confirmed,True,False,,,,,,,,,,False,False
/graphic/wifi2dchar.narc,/graphic/wifi2dchar.narc!/member_00312,0,/graphic/wifi2dchar.narc,366,312,,802448,811712,799876,809140,9264,eb875af8f671cf054a6f647668f47e7780fb9472682f02abf43cb2e90aeebd5d,5247434efffe01013024000010000100,,NCGR graphics,Confirmed,True,False,,,,,,,,,,False,False
/graphic/wifi2dchar.narc,/graphic/wifi2dchar.narc!/member_00313,0,/graphic/wifi2dchar.narc,366,313,,811712,812264,809140,809692,552,81292ac92aab402989cae4c896d488b8ac5d4888d9b492929c3945a9d9f520ce,524c434efffe00012802000010000100,,NCLR palette,Confirmed,True,False,,,,,,,,,,False,False
/graphic/wifi2dchar.narc,/graphic/wifi2dchar.narc!/member_00314,0,/graphic/wifi2dchar.narc,366,314,,812264,821528,809692,818956,9264,18d1595446d87c89d9ce7cd0e898f94e3932aa756248ae837400809e0db870b6,5247434efffe01013024000010000100,,NCGR graphics,Confirmed,True,False,,,,,,,,,,False,False
/graphic/wifi_lobby.narc,/graphic/wifi_lobby.narc!/member_00000,0,/graphic/wifi_lobby.narc,367,0,,1684,16576,0,14892,14892,da3e04628928defab778146cf15348f2aa0edb4d2d18da8d64fded9f9589c165,424d4430fffe02002c3a000010000200,,NSBMD model,Confirmed,True,False,,,,,,,,,,False,False
/graphic/wifi_lobby.narc,/graphic/wifi_lobby.narc!/member_00001,0,/graphic/wifi_lobby.narc,367,1,,16576,17148,14892,15464,572,9b3164e3daca5317becd5cc373f4cbf807a0dae6c2175935a99adc8abfef81da,42544130fffe01003c02000010000100,,NSBTA texture animation,Confirmed,True,False,,,,,,,,,,False,False
/graphic/wifi_lobby.narc,/graphic/wifi_lobby.narc!/member_00002,0,/graphic/wifi_lobby.narc,367,2,,17148,28632,15464,26948,11484,1ff3b7b93e817c1d29d2905a6dada51f41edef3e0220a07ebd078e1d7348a555,42434130fffe0100dc2c000010000100,,NSBCA animation,Confirmed,True,False,,,,,,,,,,False,False
/graphic/wifi_lobby.narc,/graphic/wifi_lobby.narc!/member_00003,0,/graphic/wifi_lobby.narc,367,3,,28632,31644,26948,29960,3012,fb672ddbe8100a0e14e4d8863c8e06e20395138b9d92173e33ea4e27265d85cf,424d4430fffe0200c40b000010000200,,NSBMD model,Confirmed,True,False,,,,,,,,,,False,False
/graphic/wifi_lobby.narc,/graphic/wifi_lobby.narc!/member_00004,0,/graphic/wifi_lobby.narc,367,4,,31644,32172,29960,30488,528,49ac4f4b7eb6593a8e61435de40e50abefa4264b9f2d2f584768e1c423d493a9,42434130fffe01001002000010000100,,NSBCA animation,Confirmed,True,False,,,,,,,,,,False,False
/graphic/wifi_lobby.narc,/graphic/wifi_lobby.narc!/member_00005,0,/graphic/wifi_lobby.narc,367,5,,32172,35184,30488,33500,3012,04ad79a438228d40f49df5389bcdf69de8ffb7edf8c553f8f365e8c55fa4127c,424d4430fffe0200c40b000010000200,,NSBMD model,Confirmed,True,False,,,,,,,,,,False,False
/graphic/wifi_lobby.narc,/graphic/wifi_lobby.narc!/member_00006,0,/graphic/wifi_lobby.narc,367,6,,35184,35712,33500,34028,528,0ee7eecf32c2a982d804d3a5c0df0f834a43db3c58b7245f2ad3e1e6f2fa73e1,42434130fffe01001002000010000100,,NSBCA animation,Confirmed,True,False,,,,,,,,,,False,False
/graphic/wifi_lobby.narc,/graphic/wifi_lobby.narc!/member_00007,0,/graphic/wifi_lobby.narc,367,7,,35712,38724,34028,37040,3012,cf2180bc049d879fd68573eb96b51bdbf8d383025fa10a7045fc31d74dfdcbe1,424d4430fffe0200c40b000010000200,,NSBMD model,Confirmed,True,False,,,,,,,,,,False,False
/graphic/wifi_lobby.narc,/graphic/wifi_lobby.narc!/member_00008,0,/graphic/wifi_lobby.narc,367,8,,38724,39252,37040,37568,528,cd433b70cf726ed3735db8cfbdb83d77919e3b87676c18c3d7f18bc148f30b04,42434130fffe01001002000010000100,,NSBCA animation,Confirmed,True,False,,,,,,,,,,False,False
/graphic/wifi_lobby.narc,/graphic/wifi_lobby.narc!/member_00009,0,/graphic/wifi_lobby.narc,367,9,,39252,42264,37568,40580,3012,7e0fba68ddef65494cff9bfd2cec75c84f99e8a78da36f6d334df3c7ee6d33cf,424d4430fffe0200c40b000010000200,,NSBMD model,Confirmed,True,False,,,,,,,,,,False,False
/graphic/wifi_lobby.narc,/graphic/wifi_lobby.narc!/member_00010,0,/graphic/wifi_lobby.narc,367,10,,42264,42792,40580,41108,528,f558c7a8e566b337f815e4ebe2bafb4300f252bf68d6323ad846de9e1a59c7cf,42434130fffe01001002000010000100,,NSBCA animation,Confirmed,True,False,,,,,,,,,,False,False
/graphic/wifi_lobby.narc,/graphic/wifi_lobby.narc!/member_00011,0,/graphic/wifi_lobby.narc,367,11,,42792,44960,41108,43276,2168,ae1bb38bf968ce593937507c2366ad3156e74a1e96830f05473654a012f35be5,424d4430fffe02007808000010000200,,NSBMD model,Confirmed,True,False,,,,,,,,,,False,False
/graphic/wifi_lobby.narc,/graphic/wifi_lobby.narc!/member_00012,0,/graphic/wifi_lobby.narc,367,12,,44960,47552,43276,45868,2592,010983309e055441a50c7dd719e2bce399c2df49a5b65cad96de64834be99cfc,424d4430fffe0200200a000010000200,,NSBMD model,Confirmed,True,False,,,,,,,,,,False,False
/graphic/wifi_lobby.narc,/graphic/wifi_lobby.narc!/member_00013,0,/graphic/wifi_lobby.narc,367,13,,47552,54256,45868,52572,6704,fb0356e82c80322b1cea855b8cb40cecb3c6cd1c27f411a9908136738c0d85a4,424d4430fffe0200301a000010000200,,NSBMD model,Confirmed,True,False,,,,,,,,,,False,False
/graphic/wifi_lobby.narc,/graphic/wifi_lobby.narc!/member_00014,0,/graphic/wifi_lobby.narc,367,14,,54256,54576,52572,52892,320,e963c8bcbb365b0a14c81332602462ea168f07caedcead90503af7df8a7410e9,42545030fffe01004001000010000100,,NSBTP texture-pattern animation,Confirmed,True,False,,,,,,,,,,False,False
/graphic/wifi_lobby.narc,/graphic/wifi_lobby.narc!/member_00015,0,/graphic/wifi_lobby.narc,367,15,,54576,55964,52892,54280,1388,bf8e803c0ebf3b119588708b22ea08fc17d609516ebffca4f610ca1ccd7f00e6,424d4430fffe02006c05000010000200,,NSBMD model,Confirmed,True,False,,,,,,,,,,False,False
/graphic/wifi_lobby.narc,/graphic/wifi_lobby.narc!/member_00016,0,/graphic/wifi_lobby.narc,367,16,,55964,57232,54280,55548,1268,5d60e11465f4a57eb88fb6da33710f005ea128fb4339821f7389dc9485126b65,42434130fffe0100f404000010000100,,NSBCA animation,Confirmed,True,False,,,,,,,,,,False,False
/graphic/wifi_lobby.narc,/graphic/wifi_lobby.narc!/member_00017,0,/graphic/wifi_lobby.narc,367,17,,57232,57832,55548,56148,600,28618ed1d44ee28ea2c20cab9210db196787241cdbef6cf8faf51a46de1ddb6f,42434130fffe01005802000010000100,,NSBCA animation,Confirmed,True,False,,,,,,,,,,False,False
/graphic/wifi_lobby.narc,/graphic/wifi_lobby.narc!/member_00018,0,/graphic/wifi_lobby.narc,367,18,,57832,59220,56148,57536,1388,8b7d0b21f78290e41e0ed49785767bd937abb48161f5bbfbec9abbca0cdc8c91,424d4430fffe02006c05000010000200,,NSBMD model,Confirmed,True,False,,,,,,,,,,False,False
/graphic/wifi_lobby.narc,/graphic/wifi_lobby.narc!/member_00019,0,/graphic/wifi_lobby.narc,367,19,,59220,59820,57536,58136,600,931da4108614801591b429a9b0c8e2893e5d8a884709753318d4c60067335c63,42434130fffe01005802000010000100,,NSBCA animation,Confirmed,True,False,,,,,,,,,,False,False
/graphic/wifi_lobby.narc,/graphic/wifi_lobby.narc!/member_00020,0,/graphic/wifi_lobby.narc,367,20,,59820,62852,58136,61168,3032,210f27cd02568fb4ed9100e6b94a8ec58438ed1eb0d410bfd9cdb900ea822eb4,424d4430fffe0200d80b000010000200,,NSBMD model,Confirmed,True,False,,,,,,,,,,False,False
/graphic/wifi_lobby.narc,/graphic/wifi_lobby.narc!/member_00021,0,/graphic/wifi_lobby.narc,367,21,,62852,63636,61168,61952,784,e9df9f675906b3b9571ff8c880748c9aaadd60a36d8a73d0f9aec66c32f624bb,42434130fffe01001003000010000100,,NSBCA animation,Confirmed,True,False,,,,,,,,,,False,False
/graphic/wifi_lobby.narc,/graphic/wifi_lobby.narc!/member_00022,0,/graphic/wifi_lobby.narc,367,22,,63636,63836,61952,62152,200,5724794691ed18f62cfb89de56a2a0d2257e0f23f1467c2178382b219bb862f0,42544130fffe0100c800000010000100,,NSBTA texture animation,Confirmed,True,False,,,,,,,,,,False,False
/graphic/wifi_lobby.narc,/graphic/wifi_lobby.narc!/member_00023,0,/graphic/wifi_lobby.narc,367,23,,63836,69920,62152,68236,6084,9a2ee3c06ac222398c7f2384c1fb71fe529685f57be91db9475223cdade6727f,424d4430fffe0200c417000010000200,,NSBMD model,Confirmed,True,False,,,,,,,,,,False,False
/graphic/wifi_lobby.narc,/graphic/wifi_lobby.narc!/member_00024,0,/graphic/wifi_lobby.narc,367,24,,69920,70704,68236,69020,784,5ee3cf0158974caa0a0fe768f08ca3e550eb743da6b2194db01f827bbe987625,42434130fffe01001003000010000100,,NSBCA animation,Confirmed,True,False,,,,,,,,,,False,False
/graphic/wifi_lobby.narc,/graphic/wifi_lobby.narc!/member_00025,0,/graphic/wifi_lobby.narc,367,25,,70704,71228,69020,69544,524,2031081422ba53e60c4881e078a1c78ebe208472e0775c46b44c1d6a34097241,42544130fffe01000c02000010000100,,NSBTA texture animation,Confirmed,True,False,,,,,,,,,,False,False
/graphic/wifi_lobby.narc,/graphic/wifi_lobby.narc!/member_00026,0,/graphic/wifi_lobby.narc,367,26,,71228,77516,69544,75832,6288,155c5539c3b25683a5b266a4386b105ad731ad1297d3f6605590aefcf09ff08e,424d4430fffe02009018000010000200,,NSBMD model,Confirmed,True,False,,,,,,,,,,False,False
/graphic/wifi_lobby.narc,/graphic/wifi_lobby.narc!/member_00027,0,/graphic/wifi_lobby.narc,367,27,,77516,77856,75832,76172,340,5c2f363b8781e9840e7c2256f0a166ab0b508bdd5a9b20749159f0ce5ee10281,42545030fffe01005401000010000100,,NSBTP texture-pattern animation,Confirmed,True,False,,,,,,,,,,False,False
/graphic/wifi_lobby.narc,/graphic/wifi_lobby.narc!/member_00028,0,/graphic/wifi_lobby.narc,367,28,,77856,82436,76172,80752,4580,4fb9b914c9d7c6f48ec026ea49523e2ca265e0faceda23bac4ee2665327184f3,424d4430fffe0200e411000010000200,,NSBMD model,Confirmed,True,False,,,,,,,,,,False,False
/graphic/wifi_lobby.narc,/graphic/wifi_lobby.narc!/member_00029,0,/graphic/wifi_lobby.narc,367,29,,82436,82964,80752,81280,528,0fc4dea6c9ac4a274a5736e4b20d0416dc936d870dda9781e333b92d8e4078c3,42434130fffe01001002000010000100,,NSBCA animation,Confirmed,True,False,,,,,,,,,,False,False
/graphic/wifi_lobby.narc,/graphic/wifi_lobby.narc!/member_00030,0,/graphic/wifi_lobby.narc,367,30,,82964,83488,81280,81804,524,25961d74c28891d7403991e9f9a35af5026480e3a8e2ce5dd7fc2e652dbbce7f,42544130fffe01000c02000010000100,,NSBTA texture animation,Confirmed,True,False,,,,,,,,,,False,False
/graphic/wifi_lobby.narc,/graphic/wifi_lobby.narc!/member_00031,0,/graphic/wifi_lobby.narc,367,31,,83488,83824,81804,82140,336,4806ec4621cffdcbae6da6e6ebebe7d41c99c6a15d2139fecb8dbec5e084d167,42545030fffe01005001000010000100,,NSBTP texture-pattern animation,Confirmed,True,False,,,,,,,,,,False,False
/graphic/wifi_lobby.narc,/graphic/wifi_lobby.narc!/member_00032,0,/graphic/wifi_lobby.narc,367,32,,83824,87344,82140,85660,3520,1086dcbdd6485b634f310c170d390f13630476ca65ae9ce500015e7b963fabb8,424d4430fffe0200c00d000010000200,,NSBMD model,Confirmed,True,False,,,,,,,,,,False,False
/graphic/wifi_lobby.narc,/graphic/wifi_lobby.narc!/member_00033,0,/graphic/wifi_lobby.narc,367,33,,87344,102904,85660,101220,15560,814ab67030d19311e57310bb3f2070313ed51d874c10774e614851ae0e394c0d,424d4430fffe0200c83c000010000200,,NSBMD model,Confirmed,True,False,,,,,,,,,,False,False
/graphic/wifi_lobby.narc,/graphic/wifi_lobby.narc!/member_00034,0,/graphic/wifi_lobby.narc,367,34,,102904,103104,101220,101420,200,dc650d10a09b837a1170377636bf5ac7647cc5d43b99751742aadc0dc809e849,42545030fffe0100c800000010000100,,NSBTP texture-pattern animation,Confirmed,True,False,,,,,,,,,,False,False
/graphic/wifi_lobby.narc,/graphic/wifi_lobby.narc!/member_00035,0,/graphic/wifi_lobby.narc,367,35,,103104,103956,101420,102272,852,655fe4cb08a952c7fa0f7c83765ee0c3851e59f4b8b1f06ce43559ee79ca27b9,42434130fffe01005403000010000100,,NSBCA animation,Confirmed,True,False,,,,,,,,,,False,False
/graphic/wifi_lobby.narc,/graphic/wifi_lobby.narc!/member_00036,0,/graphic/wifi_lobby.narc,367,36,,103956,116964,102272,115280,13008,9f1ddf93c4f14c63f2e3ffd3239a6858af0132063de885e8cc7e849da54daf83,424d4430fffe0200d032000010000200,,NSBMD model,Confirmed,True,False,,,,,,,,,,False,False
/graphic/wifi_lobby.narc,/graphic/wifi_lobby.narc!/member_00037,0,/graphic/wifi_lobby.narc,367,37,,116964,117164,115280,115480,200,55afc63f11e064bf4c5378a33e5457456ef1e989fbbb41e88ee9f9956d6ddfe0,42545030fffe0100c800000010000100,,NSBTP texture-pattern animation,Confirmed,True,False,,,,,,,,,,False,False
/graphic/wifi_lobby.narc,/graphic/wifi_lobby.narc!/member_00038,0,/graphic/wifi_lobby.narc,367,38,,117164,118016,115480,116332,852,ec647fbd84531fb8d6e236777a51c04ccc1127a45e9f2a0bc31865a3b1459aba,42434130fffe01005403000010000100,,NSBCA animation,Confirmed,True,False,,,,,,,,,,False,False
/graphic/wifi_lobby.narc,/graphic/wifi_lobby.narc!/member_00039,0,/graphic/wifi_lobby.narc,367,39,,118016,127072,116332,125388,9056,3b3014ab35e03f47586b0bd25f626141204f8df5db5f14f268f8c9a8a444442e,424d4430fffe02006023000010000200,,NSBMD model,Confirmed,True,False,,,,,,,,,,False,False
/graphic/wifi_lobby.narc,/graphic/wifi_lobby.narc!/member_00040,0,/graphic/wifi_lobby.narc,367,40,,127072,127272,125388,125588,200,901912f72e3416c5a65ffd46b979f12744dadb4d73fcf5acf319348d9f945648,42545030fffe0100c800000010000100,,NSBTP texture-pattern animation,Confirmed,True,False,,,,,,,,,,False,False
/graphic/wifi_lobby.narc,/graphic/wifi_lobby.narc!/member_00041,0,/graphic/wifi_lobby.narc,367,41,,127272,128148,125588,126464,876,bf3058070931ed4c265ef83d90a978261b3a306a6be1c562cdf8a706b8560675,42434130fffe01006c03000010000100,,NSBCA animation,Confirmed,True,False,,,,,,,,,,False,False
/graphic/wifi_lobby.narc,/graphic/wifi_lobby.narc!/member_00042,0,/graphic/wifi_lobby.narc,367,42,,128148,139088,126464,137404,10940,625b020053cff90b298218fbc587d9d0bf2f7e42d7d9c1e4c266b081e01c4c96,424d4430fffe0200bc2a000010000100,,NSBMD model,Confirmed,True,False,,,,,,,,,,False,False
/graphic/wifi_lobby.narc,/graphic/wifi_lobby.narc!/member_00043,0,/graphic/wifi_lobby.narc,367,43,,139088,151264,137404,149580,12176,c97ee36697f7af9ccac559f9c83f464786caca9630d655b77fffd9b4bc3939b4,424d4430fffe0200902f000010000100,,NSBMD model,Confirmed,True,False,,,,,,,,,,False,False
/graphic/wifi_lobby.narc,/graphic/wifi_lobby.narc!/member_00044,0,/graphic/wifi_lobby.narc,367,44,,151264,153984,149580,152300,2720,b5d1ebe63909e4362968d9951dbd0e7a6c84059d831fdcc9aa843deea662c078,42545830fffe0100a00a000010000100,,NSBTX texture,Confirmed,True,False,,,,,,,,,,False,False
/graphic/wifi_lobby.narc,/graphic/wifi_lobby.narc!/member_00045,0,/graphic/wifi_lobby.narc,367,45,,153984,156704,152300,155020,2720,cc0fd7e058acdb2f80978e4ee4e3e9e1246aa708b076bb632e6f63bec8d59ea3,42545830fffe0100a00a000010000100,,NSBTX texture,Confirmed,True,False,,,,,,,,,,False,False
/graphic/wifi_lobby.narc,/graphic/wifi_lobby.narc!/member_00046,0,/graphic/wifi_lobby.narc,367,46,,156704,159424,155020,157740,2720,21359c0b54a60cf6c46b78caa8a77cedb70f05010cffb6f9b7558000fc71ec08,42545830fffe0100a00a000010000100,,NSBTX texture,Confirmed,True,False,,,,,,,,,,False,False
/graphic/wifi_lobby.narc,/graphic/wifi_lobby.narc!/member_00047,0,/graphic/wifi_lobby.narc,367,47,,159424,162740,157740,161056,3316,05449342d3761a047dc15fa13fa47e244644a82504105de3667f9baf98f84a67,42545830fffe0100f40c000010000100,,NSBTX texture,Confirmed,True,False,,,,,,,,,,False,False
/graphic/wifi_lobby.narc,/graphic/wifi_lobby.narc!/member_00048,0,/graphic/wifi_lobby.narc,367,48,,162740,166056,161056,164372,3316,d8ec554ade5afbee7f0ca2073ba7fb0a93882f6bd3476239bed0556001c097e7,42545830fffe0100f40c000010000100,,NSBTX texture,Confirmed,True,False,,,,,,,,,,False,False
/graphic/wifi_lobby.narc,/graphic/wifi_lobby.narc!/member_00049,0,/graphic/wifi_lobby.narc,367,49,,166056,169372,164372,167688,3316,837f78f531a897e7cc7da822cf6ae0823026a3959376bbaedd4742360d12a3c8,42545830fffe0100f40c000010000100,,NSBTX texture,Confirmed,True,False,,,,,,,,,,False,False
/graphic/wifi_lobby.narc,/graphic/wifi_lobby.narc!/member_00050,0,/graphic/wifi_lobby.narc,367,50,,169372,169700,167688,168016,328,162a479bef50c51781f9cb7f9c766e313bebeb9aa41aa32c7a35c323d7122c2d,42544130fffe01004801000010000100,,NSBTA texture animation,Confirmed,True,False,,,,,,,,,,False,False
/graphic/wifi_lobby.narc,/graphic/wifi_lobby.narc!/member_00051,0,/graphic/wifi_lobby.narc,367,51,,169700,170028,168016,168344,328,f5361285d319552efee936290458678d8e4ba47a75e2c33434c966de63868889,42544130fffe01004801000010000100,,NSBTA texture animation,Confirmed,True,False,,,,,,,,,,False,False
/graphic/wifi_lobby.narc,/graphic/wifi_lobby.narc!/member_00052,0,/graphic/wifi_lobby.narc,367,52,,170028,171040,168344,169356,1012,c50fe1ddb0094d2f48c2f970a078764ca83c69cb9458c338c6108d8c6256fa70,42434130fffe0100f403000010000100,,NSBCA animation,Confirmed,True,False,,,,,,,,,,False,False
/graphic/wifi_lobby.narc,/graphic/wifi_lobby.narc!/member_00053,0,/graphic/wifi_lobby.narc,367,53,,171040,171504,169356,169820,464,ff90e430a601e4c75cb43a2f541ddbe97bdf3f950687c8851b1e950c60c3b72f,42434130fffe0100d001000010000100,,NSBCA animation,Confirmed,True,False,,,,,,,,,,False,False
/graphic/wifi_lobby.narc,/graphic/wifi_lobby.narc!/member_00054,0,/graphic/wifi_lobby.narc,367,54,,171504,171832,169820,170148,328,b7021aa814afe7ccd817f50a1e094db00870bc09572e7b808043ac59d0017e95,42544130fffe01004801000010000100,,NSBTA texture animation,Confirmed,True,False,,,,,,,,,,False,False
/graphic/wifi_lobby.narc,/graphic/wifi_lobby.narc!/member_00055,0,/graphic/wifi_lobby.narc,367,55,,171832,172120,170148,170436,288,a3243557333936f67a90b6eb92fdf7e6146eba69ecf50b67f9fe6d1c283900fa,42544130fffe01002001000010000100,,NSBTA texture animation,Confirmed,True,False,,,,,,,,,,False,False
/graphic/wifi_lobby.narc,/graphic/wifi_lobby.narc!/member_00056,0,/graphic/wifi_lobby.narc,367,56,,172120,173216,170436,171532,1096,bf18bb4ed0f61d59ebef540ef7af6ebb3b2cf7c04821e74341f6e59f3b80a6b6,42434130fffe01004804000010000100,,NSBCA animation,Confirmed,True,False,,,,,,,,,,False,False
/graphic/wifi_lobby.narc,/graphic/wifi_lobby.narc!/member_00057,0,/graphic/wifi_lobby.narc,367,57,,173216,173900,171532,172216,684,68cb13c71b720d0f2f3ca513f91013bd7759c916c099697967ce2c0fe91f08bb,42434130fffe0100ac02000010000100,,NSBCA animation,Confirmed,True,False,,,,,,,,,,False,False
/graphic/wifi_lobby.narc,/graphic/wifi_lobby.narc!/member_00058,0,/graphic/wifi_lobby.narc,367,58,,173900,212500,172216,210816,38600,65504fc90f6509222241ce8a89023aad0b433d833c178816eb7abbfd9da10e57,424d4430fffe0200c896000010000200,,NSBMD model,Confirmed,True,False,,,,,,,,,,False,False
/graphic/wifi_lobby.narc,/graphic/wifi_lobby.narc!/member_00059,0,/graphic/wifi_lobby.narc,367,59,,212500,221284,210816,219600,8784,e29397a30b6f5a63fe7ada4784548a5b6163ff4e04f321e3cdf700fda6fd7d23,424d4430fffe02005022000010000200,,NSBMD model,Confirmed,True,False,,,,,,,,,,False,False
/graphic/wifi_lobby.narc,/graphic/wifi_lobby.narc!/member_00060,0,/graphic/wifi_lobby.narc,367,60,,221284,221616,219600,219932,332,33b92d99a0c886d9860f82426e7313d259a9cfb8142a1a16bf22ce4d92e22d62,42544130fffe01004c01000010000100,,NSBTA texture animation,Confirmed,True,False,,,,,,,,,,False,False
/graphic/wifi_lobby.narc,/graphic/wifi_lobby.narc!/member_00061,0,/graphic/wifi_lobby.narc,367,61,,221616,223732,219932,222048,2116,95b80cf7d505f18f6163571b3a7d01227144315ecf3ab4213481bdbe37c060f8,42434130fffe01004408000010000100,,NSBCA animation,Confirmed,True,False,,,,,,,,,,False,False
/graphic/wifi_lobby.narc,/graphic/wifi_lobby.narc!/member_00062,0,/graphic/wifi_lobby.narc,367,62,,223732,224116,222048,222432,384,81c276d22eef9792a5fa56845ac1bcc9e55140778556be4c46e0ca015661259b,42545030fffe01008001000010000100,,NSBTP texture-pattern animation,Confirmed,True,False,,,,,,,,,,False,False
/graphic/wifi_lobby.narc,/graphic/wifi_lobby.narc!/member_00063,0,/graphic/wifi_lobby.narc,367,63,,224116,224340,222432,222656,224,774a5ae88e0969cae8085f3cef190050a87337bbc1e7a6dad7960fab8a518255,42545030fffe0100e000000010000100,,NSBTP texture-pattern animation,Confirmed,True,False,,,,,,,,,,False,False
/graphic/wifi_lobby.narc,/graphic/wifi_lobby.narc!/member_00064,0,/graphic/wifi_lobby.narc,367,64,,224340,239232,222656,237548,14892,cfe7ee436a6d43f622e1c36c696041603c377b20f97588ad8242fcab13cb31b0,424d4430fffe02002c3a000010000200,,NSBMD model,Confirmed,True,False,,,,,,,,,,False,False
/graphic/wifi_lobby.narc,/graphic/wifi_lobby.narc!/member_00065,0,/graphic/wifi_lobby.narc,367,65,,239232,242244,237548,240560,3012,33d16cd731eca3903ba69a0e67a42bf3a8524842537b4c0d322b23164b06f705,424d4430fffe0200c40b000010000200,,NSBMD model,Confirmed,True,False,,,,,,,,,,False,False
/graphic/wifi_lobby.narc,/graphic/wifi_lobby.narc!/member_00066,0,/graphic/wifi_lobby.narc,367,66,,242244,242772,240560,241088,528,c40e120bfefb3a960f082c9cd151aec792d34e5b28a394526ddf79a51d98fa47,42434130fffe01001002000010000100,,NSBCA animation,Confirmed,True,False,,,,,,,,,,False,False
/graphic/wifi_lobby.narc,/graphic/wifi_lobby.narc!/member_00067,0,/graphic/wifi_lobby.narc,367,67,,242772,245784,241088,244100,3012,7ac90862657a1e3383823e7c8d62355fb6f37aaa9d42514c63fd5abdca97f5a0,424d4430fffe0200c40b000010000200,,NSBMD model,Confirmed,True,False,,,,,,,,,,False,False
/graphic/wifi_lobby.narc,/graphic/wifi_lobby.narc!/member_00068,0,/graphic/wifi_lobby.narc,367,68,,245784,246312,244100,244628,528,253f03f35b33f4e34bf9a7f501c6be75e851227fcbceeabb113d88d7a5ff5eda,42434130fffe01001002000010000100,,NSBCA animation,Confirmed,True,False,,,,,,,,,,False,False
/graphic/wifi_lobby.narc,/graphic/wifi_lobby.narc!/member_00069,0,/graphic/wifi_lobby.narc,367,69,,246312,249324,244628,247640,3012,26c54165a73a6784d5d01c866144d84bfa81004f0883228b36865bcaafa58e00,424d4430fffe0200c40b000010000200,,NSBMD model,Confirmed,True,False,,,,,,,,,,False,False
/graphic/wifi_lobby.narc,/graphic/wifi_lobby.narc!/member_00070,0,/graphic/wifi_lobby.narc,367,70,,249324,249852,247640,248168,528,c12f41d096296b7d6a5c62afcdc906a4077a0307d44d281e94cc9ab475d3b031,42434130fffe01001002000010000100,,NSBCA animation,Confirmed,True,False,,,,,,,,,,False,False
/graphic/wifi_lobby.narc,/graphic/wifi_lobby.narc!/member_00071,0,/graphic/wifi_lobby.narc,367,71,,249852,252860,248168,251176,3008,07f349aa7842677e5a4e435cb1fd7097bd5421dcb43e1614bb71f4839a433b90,424d4430fffe0200c00b000010000200,,NSBMD model,Confirmed,True,False,,,,,,,,,,False,False
/graphic/wifi_lobby.narc,/graphic/wifi_lobby.narc!/member_00072,0,/graphic/wifi_lobby.narc,367,72,,252860,253388,251176,251704,528,6ece86fdca2c14e4e89c2750f61251a0691213386ae6e8cb3e4ea84f96f57864,42434130fffe01001002000010000100,,NSBCA animation,Confirmed,True,False,,,,,,,,,,False,False
/graphic/wifi_lobby.narc,/graphic/wifi_lobby.narc!/member_00073,0,/graphic/wifi_lobby.narc,367,73,,253388,254776,251704,253092,1388,da20adf35e669fed5f4b1ff207e3e098467472634ba93abebfde753aa34826fb,424d4430fffe02006c05000010000200,,NSBMD model,Confirmed,True,False,,,,,,,,,,False,False
/graphic/wifi_lobby.narc,/graphic/wifi_lobby.narc!/member_00074,0,/graphic/wifi_lobby.narc,367,74,,254776,256164,253092,254480,1388,7ae43b26399fcdc39a400e34bb4fd82c7029e490f2e5ead60343037d81a6b6f6,424d4430fffe02006c05000010000200,,NSBMD model,Confirmed,True,False,,,,,,,,,,False,False
/graphic/wifi_lobby.narc,/graphic/wifi_lobby.narc!/member_00075,0,/graphic/wifi_lobby.narc,367,75,,256164,259400,254480,257716,3236,29365d7f48991a512b066b18f7ee761c692c8299f59581f03b988aea82077e94,424d4430fffe0200a40c000010000200,,NSBMD model,Confirmed,True,False,,,,,,,,,,False,False
/graphic/wifi_lobby.narc,/graphic/wifi_lobby.narc!/member_00076,0,/graphic/wifi_lobby.narc,367,76,,259400,260184,257716,258500,784,9b277161623b9ece78d9d1ba82dba06719a6515333068b66c7a691e9b573d256,42434130fffe01001003000010000100,,NSBCA animation,Confirmed,True,False,,,,,,,,,,False,False
/graphic/wifi_lobby.narc,/graphic/wifi_lobby.narc!/member_00077,0,/graphic/wifi_lobby.narc,367,77,,260184,260384,258500,258700,200,142af58269514c614d60953d657a9cd845f5f460e704a4400b0f82c92b8b224a,42544130fffe0100c800000010000100,,NSBTA texture animation,Confirmed,True,False,,,,,,,,,,False,False
/graphic/wifi_lobby.narc,/graphic/wifi_lobby.narc!/member_00078,0,/graphic/wifi_lobby.narc,367,78,,260384,266672,258700,264988,6288,2efe74204b4fe94cf27a7e98ef5485f55f4102d7127486dbc1b845c02a26406e,424d4430fffe02009018000010000200,,NSBMD model,Confirmed,True,False,,,,,,,,,,False,False
/graphic/wifi_lobby.narc,/graphic/wifi_lobby.narc!/member_00079,0,/graphic/wifi_lobby.narc,367,79,,266672,267012,264988,265328,340,f2617ddcc7e640853f922bc801c97ab390bea7cd65120905b9651bb024bee676,42545030fffe01005401000010000100,,NSBTP texture-pattern animation,Confirmed,True,False,,,,,,,,,,False,False
/graphic/wifi_lobby.narc,/graphic/wifi_lobby.narc!/member_00080,0,/graphic/wifi_lobby.narc,367,80,,267012,279552,265328,277868,12540,d3d0ae7f1821f23ba9152360178ed81619665ea25da00e5e08bbca1b404dbcff,424d4430fffe0200fc30000010000100,,NSBMD model,Confirmed,True,False,,,,,,,,,,False,False
/graphic/wifi_lobby.narc,/graphic/wifi_lobby.narc!/member_00081,0,/graphic/wifi_lobby.narc,367,81,,279552,291196,277868,289512,11644,e729c498cf0716712d94df2373f5052efa68717ba25b77fd51005f9580183a5c,424d4430fffe02007c2d000010000100,,NSBMD model,Confirmed,True,False,,,,,,,,,,False,False
/graphic/wifi_lobby.narc,/graphic/wifi_lobby.narc!/member_00082,0,/graphic/wifi_lobby.narc,367,82,,291196,293932,289512,292248,2736,28f23e9a81d9380c18aa511d4a3a66456b3af7315f8cab80ecd1f2b892381ff4,42545830fffe0100b00a000010000100,,NSBTX texture,Confirmed,True,False,,,,,,,,,,False,False
/graphic/wifi_lobby.narc,/graphic/wifi_lobby.narc!/member_00083,0,/graphic/wifi_lobby.narc,367,83,,293932,296668,292248,294984,2736,45b1746054d79a860f0f69130bff686a06f77b075743c11cdd4428030b8b936b,42545830fffe0100b00a000010000100,,NSBTX texture,Confirmed,True,False,,,,,,,,,,False,False
/graphic/wifi_lobby.narc,/graphic/wifi_lobby.narc!/member_00084,0,/graphic/wifi_lobby.narc,367,84,,296668,299404,294984,297720,2736,eddcb12beddbbedffda93006ab56c0fe7d044f8b55c3e3dcc512007d9f188660,42545830fffe0100b00a000010000100,,NSBTX texture,Confirmed,True,False,,,,,,,,,,False,False
/graphic/wifi_lobby.narc,/graphic/wifi_lobby.narc!/member_00085,0,/graphic/wifi_lobby.narc,367,85,,299404,303316,297720,301632,3912,fdf91f595c46437c0c5b577efc80467ecfe465c36cc8d420ea30de2dc9fb5b0c,42545830fffe0100480f000010000100,,NSBTX texture,Confirmed,True,False,,,,,,,,,,False,False
/graphic/wifi_lobby.narc,/graphic/wifi_lobby.narc!/member_00086,0,/graphic/wifi_lobby.narc,367,86,,303316,307228,301632,305544,3912,ede2355bed619e39b0cbcde1e30ff628226915f9664da1cb9e1518edc48bab17,42545830fffe0100480f000010000100,,NSBTX texture,Confirmed,True,False,,,,,,,,,,False,False
/graphic/wifi_lobby.narc,/graphic/wifi_lobby.narc!/member_00087,0,/graphic/wifi_lobby.narc,367,87,,307228,311140,305544,309456,3912,8f03e5914c95ec9d0578b55a3d302957daef5df549011c0ebfa350f1c7919cca,42545830fffe0100480f000010000100,,NSBTX texture,Confirmed,True,False,,,,,,,,,,False,False
/graphic/wifi_lobby.narc,/graphic/wifi_lobby.narc!/member_00088,0,/graphic/wifi_lobby.narc,367,88,,311140,311468,309456,309784,328,402c12d428269118a1bac73cdc2aa17813df7e1ec19d5417ca15a991bf77f47c,42544130fffe01004801000010000100,,NSBTA texture animation,Confirmed,True,False,,,,,,,,,,False,False
/graphic/wifi_lobby.narc,/graphic/wifi_lobby.narc!/member_00089,0,/graphic/wifi_lobby.narc,367,89,,311468,311972,309784,310288,504,0487df5c785c6a88130b9764748942d85dc23e16bf91970e7f1dd9f49f8df79d,42434130fffe0100f801000010000100,,NSBCA animation,Confirmed,True,False,,,,,,,,,,False,False
/graphic/wifi_lobby.narc,/graphic/wifi_lobby.narc!/member_00090,0,/graphic/wifi_lobby.narc,367,90,,311972,312644,310288,310960,672,c0bd2d767b991ddd98f2061081c70339d03e5e343f327d760216f3582f6cfcf9,42434130fffe0100a002000010000100,,NSBCA animation,Confirmed,True,False,,,,,,,,,,False,False
/graphic/wifi_lobby.narc,/graphic/wifi_lobby.narc!/member_00091,0,/graphic/wifi_lobby.narc,367,91,,312644,313232,310960,311548,588,27f595cb90bbd772e990452a4278cf85b39eafe22739a5b1e925803634d2ff4d,42434130fffe01004c02000010000100,,NSBCA animation,Confirmed,True,False,,,,,,,,,,False,False
/graphic/wifi_lobby.narc,/graphic/wifi_lobby.narc!/member_00092,0,/graphic/wifi_lobby.narc,367,92,,313232,313560,311548,311876,328,6f71265b46694b3f63d0554b69c020f1368dbe321db663b2da9b46d5d9c81d45,42544130fffe01004801000010000100,,NSBTA texture animation,Confirmed,True,False,,,,,,,,,,False,False
/graphic/wifi_lobby.narc,/graphic/wifi_lobby.narc!/member_00093,0,/graphic/wifi_lobby.narc,367,93,,313560,313888,311876,312204,328,13823d1346b45d3ce252dc9f1a332f91427adc6c1bb85a9d121d811f6bd46d8a,42544130fffe01004801000010000100,,NSBTA texture animation,Confirmed,True,False,,,,,,,,,,False,False
/graphic/wifi_lobby.narc,/graphic/wifi_lobby.narc!/member_00094,0,/graphic/wifi_lobby.narc,367,94,,313888,314976,312204,313292,1088,987e221379ab56e7c3b35e925d13d282f01db459967fd0997a372d400e3f340c,42434130fffe01004004000010000100,,NSBCA animation,Confirmed,True,False,,,,,,,,,,False,False
/graphic/wifi_lobby.narc,/graphic/wifi_lobby.narc!/member_00095,0,/graphic/wifi_lobby.narc,367,95,,314976,315728,313292,314044,752,ae9e4f3759aab01ac8ba0abc88ea9a9297428705ac69004bf243c5b70cb0684d,42434130fffe0100f002000010000100,,NSBCA animation,Confirmed,True,False,,,,,,,,,,False,False
