container_chain,member_chain,depth,parent_narc_path,parent_file_id,member_index,name,container_relative_offset,container_relative_end,gmif_relative_offset,gmif_relative_end,size,sha256,signature_hex,extension,probable_format,format_evidence,structure_valid,compressed,compression,compression_evidence,decompression_supported,declared_decompressed_size,decompression_valid,decompressed_size,decompressed_sha256,decompressed_format,decompressed_format_evidence,nested_container,nested_after_decompression
/application/zukanlist/zkn_data/zukan_enc_pearl.narc,/application/zukanlist/zkn_data/zukan_enc_pearl.narc!/member_04521,0,/application/zukanlist/zkn_data/zukan_enc_pearl.narc,132,4521,,69068,69072,29384,29388,4,df3f619804a92fdb4057192dc43dd748ea778adc52bc498ce80524c014b81119,00000000,,,,,False,,,,,,,,,,False,False
/application/zukanlist/zkn_data/zukan_enc_pearl.narc,/application/zukanlist/zkn_data/zukan_enc_pearl.narc!/member_04522,0,/application/zukanlist/zkn_data/zukan_enc_pearl.narc,132,4522,,69072,69076,29388,29392,4,df3f619804a92fdb4057192dc43dd748ea778adc52bc498ce80524c014b81119,00000000,,,,,False,,,,,,,,,,False,False
/application/zukanlist/zkn_data/zukan_enc_pearl.narc,/application/zukanlist/zkn_data/zukan_enc_pearl.narc!/member_04523,0,/application/zukanlist/zkn_data/zukan_enc_pearl.narc,132,4523,,69076,69080,29392,29396,4,df3f619804a92fdb4057192dc43dd748ea778adc52bc498ce80524c014b81119,00000000,,,,,False,,,,,,,,,,False,False
/application/zukanlist/zkn_data/zukan_enc_pearl.narc,/application/zukanlist/zkn_data/zukan_enc_pearl.narc!/member_04524,0,/application/zukanlist/zkn_data/zukan_enc_pearl.narc,132,4524,,69080,69084,29396,29400,4,df3f619804a92fdb4057192dc43dd748ea778adc52bc498ce80524c014b81119,00000000,,,,,False,,,,,,,,,,False,False
/application/zukanlist/zkn_data/zukan_enc_pearl.narc,/application/zukanlist/zkn_data/zukan_enc_pearl.narc!/member_04525,0,/application/zukanlist/zkn_data/zukan_enc_pearl.narc,132,4525,,69084,69088,29400,29404,4,df3f619804a92fdb4057192dc43dd748ea778adc52bc498ce80524c014b81119,00000000,,,,,False,,,,,,,,,,False,False
/application/zukanlist/zkn_data/zukan_enc_pearl.narc,/application/zukanlist/zkn_data/zukan_enc_pearl.narc!/member_04526,0,/application/zukanlist/zkn_data/zukan_enc_pearl.narc,132,4526,,69088,69092,29404,29408,4,df3f619804a92fdb4057192dc43dd748ea778adc52bc498ce80524c014b81119,00000000,,,,,False,,,,,,,,,,False,False
/application/zukanlist/zkn_data/zukan_enc_pearl.narc,/application/zukanlist/zkn_data/zukan_enc_pearl.narc!/member_04527,0,/application/zukanlist/zkn_data/zukan_enc_pearl.narc,132,4527,,69092,69096,29408,29412,4,df3f619804a92fdb4057192dc43dd748ea778adc52bc498ce80524c014b81119,00000000,,,,,False,,,,,,,,,,False,False
/application/zukanlist/zkn_data/zukan_enc_pearl.narc,/application/zukanlist/zkn_data/zukan_enc_pearl.narc!/member_04528,0,/application/zukanlist/zkn_data/zukan_enc_pearl.narc,132,4528,,69096,69100,29412,29416,4,df3f619804a92fdb4057192dc43dd748ea778adc52bc498ce80524c014b81119,00000000,,,,,False,,,,,,,,,,False,False
/application/zukanlist/zkn_data/zukan_enc_pearl.narc,/application/zukanlist/zkn_data/zukan_enc_pearl.narc!/member_04529,0,/application/zukanlist/zkn_data/zukan_enc_pearl.narc,132,4529,,69100,69104,29416,29420,4,df3f619804a92fdb4057192dc43dd748ea778adc52bc498ce80524c014b81119,00000000,,,,,False,,,,,,,,,,False,False
/application/zukanlist/zkn_data/zukan_enc_pearl.narc,/application/zukanlist/zkn_data/zukan_enc_pearl.narc!/member_04530,0,/application/zukanlist/zkn_data/zukan_enc_pearl.narc,132,4530,,69104,69108,29420,29424,4,df3f619804a92fdb4057192dc43dd748ea778adc52bc498ce80524c014b81119,00000000,,,,,False,,,,,,,,,,False,False
/application/zukanlist/zkn_data/zukan_enc_pearl.narc,/application/zukanlist/zkn_data/zukan_enc_pearl.narc!/member_04531,0,/application/zukanlist/zkn_data/zukan_enc_pearl.narc,132,4531,,69108,69112,29424,29428,4,df3f619804a92fdb4057192dc43dd748ea778adc52bc498ce80524c014b81119,00000000,,,,,False,,,,,,,,,,False,False
/application/zukanlist/zkn_data/zukan_enc_pearl.narc,/application/zukanlist/zkn_data/zukan_enc_pearl.narc!/member_04532,0,/application/zukanlist/zkn_data/zukan_enc_pearl.narc,132,4532,,69112,69116,29428,29432,4,df3f619804a92fdb4057192dc43dd748ea778adc52bc498ce80524c014b81119,00000000,,,,,False,,,,,,,,,,False,False
/application/zukanlist/zkn_data/zukan_enc_pearl.narc,/application/zukanlist/zkn_data/zukan_enc_pearl.narc!/member_04533,0,/application/zukanlist/zkn_data/zukan_enc_pearl.narc,132,4533,,69116,69120,29432,29436,4,df3f619804a92fdb4057192dc43dd748ea778adc52bc498ce80524c014b81119,00000000,,,,,False,,,,,,,,,,False,False
/application/zukanlist/zkn_data/zukan_enc_pearl.narc,/application/zukanlist/zkn_data/zukan_enc_pearl.narc!/member_04534,0,/application/zukanlist/zkn_data/zukan_enc_pearl.narc,132,4534,,69120,69124,29436,29440,4,df3f619804a92fdb4057192dc43dd748ea778adc52bc498ce80524c014b81119,00000000,,,,,False,,,,,,,,,,False,False
/application/zukanlist/zkn_data/zukan_enc_pearl.narc,/application/zukanlist/zkn_data/zukan_enc_pearl.narc!/member_04535,0,/application/zukanlist/zkn_data/zukan_enc_pearl.narc,132,4535,,69124,69128,29440,29444,4,df3f619804a92fdb4057192dc43dd748ea778adc52bc498ce80524c014b81119,00000000,,,,,False,,,,,,,,,,False,False
/application/zukanlist/zkn_data/zukan_enc_pearl.narc,/application/zukanlist/zkn_data/zukan_enc_pearl.narc!/member_04536,0,/application/zukanlist/zkn_data/zukan_enc_pearl.narc,132,4536,,69128,69132,29444,29448,4,df3f619804a92fdb4057192dc43dd748ea778adc52bc498ce80524c014b81119,00000000,,,,,False,,,,,,,,,,False,False
/application/zukanlist/zkn_data/zukan_enc_pearl.narc,/application/zukanlist/zkn_data/zukan_enc_pearl.narc!/member_04537,0,/application/zukanlist/zkn_data/zukan_enc_pearl.narc,132,4537,,69132,69136,29448,29452,4,df3f619804a92fdb4057192dc43dd748ea778adc52bc498ce80524c014b81119,00000000,,,,,False,,,,,,,,,,False,False
/application/zukanlist/zkn_data/zukan_enc_pearl.narc,/application/zukanlist/zkn_data/zukan_enc_pearl.narc!/member_04538,0,/application/zukanlist/zkn_data/zukan_enc_pearl.narc,132,4538,,69136,69144,29452,29460,8,e48d939f60d90eb530fe27e3605e548e51c7232e13baddfdfeaa4e04fb478319,1200000000000000,,,,,False,,,,,,,,,,False,False
/application/zukanlist/zkn_data/zukan_enc_pearl.narc,/application/zukanlist/zkn_data/zukan_enc_pearl.narc!/member_04539,0,/application/zukanlist/zkn_data/zukan_enc_pearl.narc,132,4539,,69144,69148,29460,29464,4,df3f619804a92fdb4057192dc43dd748ea778adc52bc498ce80524c014b81119,00000000,,,,,False,,,,,,,,,,False,False
/application/zukanlist/zkn_data/zukan_enc_pearl.narc,/application/zukanlist/zkn_data/zukan_enc_pearl.narc!/member_04540,0,/application/zukanlist/zkn_data/zukan_enc_pearl.narc,132,4540,,69148,69152,29464,29468,4,df3f619804a92fdb4057192dc43dd748ea778adc52bc498ce80524c014b81119,00000000,,,,,False,,,,,,,,,,False,False
/application/zukanlist/zkn_data/zukan_enc_pearl.narc,/application/zukanlist/zkn_data/zukan_enc_pearl.narc!/member_04541,0,/application/zukanlist/zkn_data/zukan_enc_pearl.narc,132,4541,,69152,69156,29468,29472,4,df3f619804a92fdb4057192dc43dd748ea778adc52bc498ce80524c014b81119,00000000,,,,,False,,,,,,,,,,False,False
/application/zukanlist/zkn_data/zukan_enc_pearl.narc,/application/zukanlist/zkn_data/zukan_enc_pearl.narc!/member_04542,0,/application/zukanlist/zkn_data/zukan_enc_pearl.narc,132,4542,,69156,69160,29472,29476,4,df3f619804a92fdb4057192dc43dd748ea778adc52bc498ce80524c014b81119,00000000,,,,,False,,,,,,,,,,False,False
/application/zukanlist/zkn_data/zukan_enc_pearl.narc,/application/zukanlist/zkn_data/zukan_enc_pearl.narc!/member_04543,0,/application/zukanlist/zkn_data/zukan_enc_pearl.narc,132,4543,,69160,69164,29476,29480,4,df3f619804a92fdb4057192dc43dd748ea778adc52bc498ce80524c014b81119,00000000,,,,,False,,,,,,,,,,False,False
/application/zukanlist/zkn_data/zukan_enc_pearl.narc,/application/zukanlist/zkn_data/zukan_enc_pearl.narc!/member_04544,0,/application/zukanlist/zkn_data/zukan_enc_pearl.narc,132,4544,,69164,69168,29480,29484,4,df3f619804a92fdb4057192dc43dd748ea778adc52bc498ce80524c014b81119,00000000,,,,,False,,,,,,,,,,False,False
/application/zukanlist/zkn_data/zukan_enc_pearl.narc,/application/zukanlist/zkn_data/zukan_enc_pearl.narc!/member_04545,0,/application/zukanlist/zkn_data/zukan_enc_pearl.narc,132,4545,,69168,69172,29484,29488,4,df3f619804a92fdb4057192dc43dd748ea778adc52bc498ce80524c014b81119,00000000,,,,,False,,,,,,,,,,False,False
/application/zukanlist/zkn_data/zukan_enc_pearl.narc,/application/zukanlist/zkn_data/zukan_enc_pearl.narc!/member_04546,0,/application/zukanlist/zkn_data/zukan_enc_pearl.narc,132,4546,,69172,69176,29488,29492,4,df3f619804a92fdb4057192dc43dd748ea778adc52bc498ce80524c014b81119,00000000,,,,,False,,,,,,,,,,False,False
/application/zukanlist/zkn_data/zukan_enc_pearl.narc,/application/zukanlist/zkn_data/zukan_enc_pearl.narc!/member_04547,0,/application/zukanlist/zkn_data/zukan_enc_pearl.narc,132,4547,,69176,69184,29492,29500,8,3c88bf13b58cba9ca7fe10c55db47931f52b52975cf1e9eaa0c9b0ec29c7c6be,1c00000000000000,,,,,False,,,,,,,,,,False,False
/application/zukanlist/zkn_data/zukan_enc_pearl.narc,/application/zukanlist/zkn_data/zukan_enc_pearl.narc!/member_04548,0,/application/zukanlist/zkn_data/zukan_enc_pearl.narc,132,4548,,69184,69188,29500,29504,4,df3f619804a92fdb4057192dc43dd748ea778adc52bc498ce80524c014b81119,00000000,,,,,False,,,,,,,,,,False,False
/application/zukanlist/zkn_data/zukan_enc_pearl.narc,/application/zukanlist/zkn_data/zukan_enc_pearl.narc!/member_04549,0,/application/zukanlist/zkn_data/zukan_enc_pearl.narc,132,4549,,69188,69192,29504,29508,4,df3f619804a92fdb4057192dc43dd748ea778adc52bc498ce80524c014b81119,00000000,,,,,False,,,,,,,,,,False,False
/application/zukanlist/zkn_data/zukan_enc_pearl.narc,/application/zukanlist/zkn_data/zukan_enc_pearl.narc!/member_04550,0,/application/zukanlist/zkn_data/zukan_enc_pearl.narc,132,4550,,69192,69196,29508,29512,4,df3f619804a92fdb4057192dc43dd748ea778adc52bc498ce80524c014b81119,00000000,,,,,False,,,,,,,,,,False,False
/application/zukanlist/zkn_data/zukan_enc_pearl.narc,/application/zukanlist/zkn_data/zukan_enc_pearl.narc!/member_04551,0,/application/zukanlist/zkn_data/zukan_enc_pearl.narc,132,4551,,69196,69200,29512,29516,4,df3f619804a92fdb4057192dc43dd748ea778adc52bc498ce80524c014b81119,00000000,,,,,False,,,,,,,,,,False,False
/application/zukanlist/zkn_data/zukan_enc_pearl.narc,/application/zukanlist/zkn_data/zukan_enc_pearl.narc!/member_04552,0,/application/zukanlist/zkn_data/zukan_enc_pearl.narc,132,4552,,69200,69204,29516,29520,4,df3f619804a92fdb4057192dc43dd748ea778adc52bc498ce80524c014b81119,00000000,,,,,False,,,,,,,,,,False,False
/application/zukanlist/zkn_data/zukan_enc_pearl.narc,/application/zukanlist/zkn_data/zukan_enc_pearl.narc!/member_04553,0,/application/zukanlist/zkn_data/zukan_enc_pearl.narc,132,4553,,69204,69208,29520,29524,4,df3f619804a92fdb4057192dc43dd748ea778adc52bc498ce80524c014b81119,00000000,,,,,False,,,,,,,,,,False,False
/application/zukanlist/zkn_data/zukan_enc_pearl.narc,/application/zukanlist/zkn_data/zukan_enc_pearl.narc!/member_04554,0,/application/zukanlist/zkn_data/zukan_enc_pearl.narc,132,4554,,69208,69212,29524,29528,4,df3f619804a92fdb4057192dc43dd748ea778adc52bc498ce80524c014b81119,00000000,,,,,False,,,,,,,,,,False,False
/application/zukanlist/zkn_data/zukan_enc_pearl.narc,/application/zukanlist/zkn_data/zukan_enc_pearl.narc!/member_04555,0,/application/zukanlist/zkn_data/zukan_enc_pearl.narc,132,4555,,69212,69216,29528,29532,4,df3f619804a92fdb4057192dc43dd748ea778adc52bc498ce80524c014b81119,00000000,,,,,False,,,,,,,,,,False,False
/application/zukanlist/zkn_data/zukan_enc_pearl.narc,/application/zukanlist/zkn_data/zukan_enc_pearl.narc!/member_04556,0,/application/zukanlist/zkn_data/zukan_enc_pearl.narc,132,4556,,69216,69220,29532,29536,4,df3f619804a92fdb4057192dc43dd748ea778adc52bc498ce80524c014b81119,00000000,,,,,False,,,,,,,,,,False,False
/application/zukanlist/zkn_data/zukan_enc_pearl.narc,/application/zukanlist/zkn_data/zukan_enc_pearl.narc!/member_04557,0,/application/zukanlist/zkn_data/zukan_enc_pearl.narc,132,4557,,69220,69224,29536,29540,4,df3f619804a92fdb4057192dc43dd748ea778adc52bc498ce80524c014b81119,00000000,,,,,False,,,,,,,,,,False,False
/application/zukanlist/zkn_data/zukan_enc_pearl.narc,/application/zukanlist/zkn_data/zukan_enc_pearl.narc!/member_04558,0,/application/zukanlist/zkn_data/zukan_enc_pearl.narc,132,4558,,69224,69228,29540,29544,4,df3f619804a92fdb4057192dc43dd748ea778adc52bc498ce80524c014b81119,00000000,,,,,False,,,,,,,,,,False,False
/application/zukanlist/zkn_data/zukan_enc_pearl.narc,/application/zukanlist/zkn_data/zukan_enc_pearl.narc!/member_04559,0,/application/zukanlist/zkn_data/zukan_enc_pearl.narc,132,4559,,69228,69232,29544,29548,4,df3f619804a92fdb4057192dc43dd748ea778adc52bc498ce80524c014b81119,00000000,,,,,False,,,,,,,,,,False,False
/application/zukanlist/zkn_data/zukan_enc_pearl.narc,/application/zukanlist/zkn_data/zukan_enc_pearl.narc!/member_04560,0,/application/zukanlist/zkn_data/zukan_enc_pearl.narc,132,4560,,69232,69236,29548,29552,4,df3f619804a92fdb4057192dc43dd748ea778adc52bc498ce80524c014b81119,00000000,,,,,False,,,,,,,,,,False,False
/application/zukanlist/zkn_data/zukan_enc_pearl.narc,/application/zukanlist/zkn_data/zukan_enc_pearl.narc!/member_04561,0,/application/zukanlist/zkn_data/zukan_enc_pearl.narc,132,4561,,69236,69240,29552,29556,4,df3f619804a92fdb4057192dc43dd748ea778adc52bc498ce80524c014b81119,00000000,,,,,False,,,,,,,,,,False,False
/application/zukanlist/zkn_data/zukan_enc_pearl.narc,/application/zukanlist/zkn_data/zukan_enc_pearl.narc!/member_04562,0,/application/zukanlist/zkn_data/zukan_enc_pearl.narc,132,4562,,69240,69244,29556,29560,4,df3f619804a92fdb4057192dc43dd748ea778adc52bc498ce80524c014b81119,00000000,,,,,False,,,,,,,,,,False,False
/application/zukanlist/zkn_data/zukan_enc_pearl.narc,/application/zukanlist/zkn_data/zukan_enc_pearl.narc!/member_04563,0,/application/zukanlist/zkn_data/zukan_enc_pearl.narc,132,4563,,69244,69248,29560,29564,4,df3f619804a92fdb4057192dc43dd748ea778adc52bc498ce80524c014b81119,00000000,,,,,False,,,,,,,,,,False,False
/application/zukanlist/zkn_data/zukan_enc_pearl.narc,/application/zukanlist/zkn_data/zukan_enc_pearl.narc!/member_04564,0,/application/zukanlist/zkn_data/zukan_enc_pearl.narc,132,4564,,69248,69252,29564,29568,4,df3f619804a92fdb4057192dc43dd748ea778adc52bc498ce80524c014b81119,00000000,,,,,False,,,,,,,,,,False,False
/application/zukanlist/zkn_data/zukan_enc_pearl.narc,/application/zukanlist/zkn_data/zukan_enc_pearl.narc!/member_04565,0,/application/zukanlist/zkn_data/zukan_enc_pearl.narc,132,4565,,69252,69256,29568,29572,4,df3f619804a92fdb4057192dc43dd748ea778adc52bc498ce80524c014b81119,00000000,,,,,False,,,,,,,,,,False,False
/application/zukanlist/zkn_data/zukan_enc_pearl.narc,/application/zukanlist/zkn_data/zukan_enc_pearl.narc!/member_04566,0,/application/zukanlist/zkn_data/zukan_enc_pearl.narc,132,4566,,69256,69260,29572,29576,4,df3f619804a92fdb4057192dc43dd748ea778adc52bc498ce80524c014b81119,00000000,,,,,False,,,,,,,,,,False,False
/application/zukanlist/zkn_data/zukan_enc_pearl.narc,/application/zukanlist/zkn_data/zukan_enc_pearl.narc!/member_04567,0,/application/zukanlist/zkn_data/zukan_enc_pearl.narc,132,4567,,69260,69264,29576,29580,4,df3f619804a92fdb4057192dc43dd748ea778adc52bc498ce80524c014b81119,00000000,,,,,False,,,,,,,,,,False,False
/application/zukanlist/zkn_data/zukan_enc_pearl.narc,/application/zukanlist/zkn_data/zukan_enc_pearl.narc!/member_04568,0,/application/zukanlist/zkn_data/zukan_enc_pearl.narc,132,4568,,69264,69268,29580,29584,4,df3f619804a92fdb4057192dc43dd748ea778adc52bc498ce80524c014b81119,00000000,,,,,False,,,,,,,,,,False,False
/application/zukanlist/zkn_data/zukan_enc_pearl.narc,/application/zukanlist/zkn_data/zukan_enc_pearl.narc!/member_04569,0,/application/zukanlist/zkn_data/zukan_enc_pearl.narc,132,4569,,69268,69272,29584,29588,4,df3f619804a92fdb4057192dc43dd748ea778adc52bc498ce80524c014b81119,00000000,,,,,False,,,,,,,,,,False,False
/application/zukanlist/zkn_data/zukan_enc_pearl.narc,/application/zukanlist/zkn_data/zukan_enc_pearl.narc!/member_04570,0,/application/zukanlist/zkn_data/zukan_enc_pearl.narc,132,4570,,69272,69276,29588,29592,4,df3f619804a92fdb4057192dc43dd748ea778adc52bc498ce80524c014b81119,00000000,,,,,False,,,,,,,,,,False,False
/application/zukanlist/zkn_data/zukan_enc_pearl.narc,/application/zukanlist/zkn_data/zukan_enc_pearl.narc!/member_04571,0,/application/zukanlist/zkn_data/zukan_enc_pearl.narc,132,4571,,69276,69280,29592,29596,4,df3f619804a92fdb4057192dc43dd748ea778adc52bc498ce80524c014b81119,00000000,,,,,False,,,,,,,,,,False,False
/application/zukanlist/zkn_data/zukan_enc_pearl.narc,/application/zukanlist/zkn_data/zukan_enc_pearl.narc!/member_04572,0,/application/zukanlist/zkn_data/zukan_enc_pearl.narc,132,4572,,69280,69284,29596,29600,4,df3f619804a92fdb4057192dc43dd748ea778adc52bc498ce80524c014b81119,00000000,,,,,False,,,,,,,,,,False,False
/application/zukanlist/zkn_data/zukan_enc_pearl.narc,/application/zukanlist/zkn_data/zukan_enc_pearl.narc!/member_04573,0,/application/zukanlist/zkn_data/zukan_enc_pearl.narc,132,4573,,69284,69288,29600,29604,4,df3f619804a92fdb4057192dc43dd748ea778adc52bc498ce80524c014b81119,00000000,,,,,False,,,,,,,,,,False,False
/application/zukanlist/zkn_data/zukan_enc_pearl.narc,/application/zukanlist/zkn_data/zukan_enc_pearl.narc!/member_04574,0,/application/zukanlist/zkn_data/zukan_enc_pearl.narc,132,4574,,69288,69292,29604,29608,4,df3f619804a92fdb4057192dc43dd748ea778adc52bc498ce80524c014b81119,00000000,,,,,False,,,,,,,,,,False,False
/application/zukanlist/zkn_data/zukan_enc_pearl.narc,/application/zukanlist/zkn_data/zukan_enc_pearl.narc!/member_04575,0,/application/zukanlist/zkn_data/zukan_enc_pearl.narc,132,4575,,69292,69296,29608,29612,4,df3f619804a92fdb4057192dc43dd748ea778adc52bc498ce80524c014b81119,00000000,,,,,False,,,,,,,,,,False,False
/application/zukanlist/zkn_data/zukan_enc_pearl.narc,/application/zukanlist/zkn_data/zukan_enc_pearl.narc!/member_04576,0,/application/zukanlist/zkn_data/zukan_enc_pearl.narc,132,4576,,69296,69300,29612,29616,4,df3f619804a92fdb4057192dc43dd748ea778adc52bc498ce80524c014b81119,00000000,,,,,False,,,,,,,,,,False,False
/application/zukanlist/zkn_data/zukan_enc_pearl.narc,/application/zukanlist/zkn_data/zukan_enc_pearl.narc!/member_04577,0,/application/zukanlist/zkn_data/zukan_enc_pearl.narc,132,4577,,69300,69304,29616,29620,4,df3f619804a92fdb4057192dc43dd748ea778adc52bc498ce80524c014b81119,00000000,,,,,False,,,,,,,,,,False,False
/application/zukanlist/zkn_data/zukan_enc_pearl.narc,/application/zukanlist/zkn_data/zukan_enc_pearl.narc!/member_04578,0,/application/zukanlist/zkn_data/zukan_enc_pearl.narc,132,4578,,69304,69308,29620,29624,4,df3f619804a92fdb4057192dc43dd748ea778adc52bc498ce80524c014b81119,00000000,,,,,False,,,,,,,,,,False,False
/application/zukanlist/zkn_data/zukan_enc_pearl.narc,/application/zukanlist/zkn_data/zukan_enc_pearl.narc!/member_04579,0,/application/zukanlist/zkn_data/zukan_enc_pearl.narc,132,4579,,69308,69312,29624,29628,4,df3f619804a92fdb4057192dc43dd748ea778adc52bc498ce80524c014b81119,00000000,,,,,False,,,,,,,,,,False,False
/application/zukanlist/zkn_data/zukan_enc_pearl.narc,/application/zukanlist/zkn_data/zukan_enc_pearl.narc!/member_04580,0,/application/zukanlist/zkn_data/zukan_enc_pearl.narc,132,4580,,69312,69316,29628,29632,4,df3f619804a92fdb4057192dc43dd748ea778adc52bc498ce80524c014b81119,00000000,,,,,False,,,,,,,,,,False,False
/application/zukanlist/zkn_data/zukan_enc_pearl.narc,/application/zukanlist/zkn_data/zukan_enc_pearl.narc!/member_04581,0,/application/zukanlist/zkn_data/zukan_enc_pearl.narc,132,4581,,69316,69320,29632,29636,4,df3f619804a92fdb4057192dc43dd748ea778adc52bc498ce80524c014b81119,00000000,,,,,False,,,,,,,,,,False,False
/application/zukanlist/zkn_data/zukan_enc_pearl.narc,/application/zukanlist/zkn_data/zukan_enc_pearl.narc!/member_04582,0,/application/zukanlist/zkn_data/zukan_enc_pearl.narc,132,4582,,69320,69324,29636,29640,4,df3f619804a92fdb4057192dc43dd748ea778adc52bc498ce80524c014b81119,00000000,,,,,False,,,,,,,,,,False,False
/application/zukanlist/zkn_data/zukan_enc_pearl.narc,/application/zukanlist/zkn_data/zukan_enc_pearl.narc!/member_04583,0,/application/zukanlist/zkn_data/zukan_enc_pearl.narc,132,4583,,69324,69328,29640,29644,4,df3f619804a92fdb4057192dc43dd748ea778adc52bc498ce80524c014b81119,00000000,,,,,False,,,,,,,,,,False,False
/application/zukanlist/zkn_data/zukan_enc_pearl.narc,/application/zukanlist/zkn_data/zukan_enc_pearl.narc!/member_04584,0,/application/zukanlist/zkn_data/zukan_enc_pearl.narc,132,4584,,69328,69332,29644,29648,4,df3f619804a92fdb4057192dc43dd748ea778adc52bc498ce80524c014b81119,00000000,,,,,False,,,,,,,,,,False,False
/application/zukanlist/zkn_data/zukan_enc_pearl.narc,/application/zukanlist/zkn_data/zukan_enc_pearl.narc!/member_04585,0,/application/zukanlist/zkn_data/zukan_enc_pearl.narc,132,4585,,69332,69336,29648,29652,4,df3f619804a92fdb4057192dc43dd748ea778adc52bc498ce80524c014b81119,00000000,,,,,False,,,,,,,,,,False,False
/application/zukanlist/zkn_data/zukan_enc_pearl.narc,/application/zukanlist/zkn_data/zukan_enc_pearl.narc!/member_04586,0,/application/zukanlist/zkn_data/zukan_enc_pearl.narc,132,4586,,69336,69340,29652,29656,4,df3f619804a92fdb4057192dc43dd748ea778adc52bc498ce80524c014b81119,00000000,,,,,False,,,,,,,,,,False,False
/application/zukanlist/zkn_data/zukan_enc_pearl.narc,/application/zukanlist/zkn_data/zukan_enc_pearl.narc!/member_04587,0,/application/zukanlist/zkn_data/zukan_enc_pearl.narc,132,4587,,69340,69352,29656,29668,12,8274d6cd5c457eb9d21d15ef7fc534c460554c75de83491091c05d37d1934bf7,160000001700000000000000,,,,,False,,,,,,,,,,False,False
/application/zukanlist/zkn_data/zukan_enc_pearl.narc,/application/zukanlist/zkn_data/zukan_enc_pearl.narc!/member_04588,0,/application/zukanlist/zkn_data/zukan_enc_pearl.narc,132,4588,,69352,69356,29668,29672,4,df3f619804a92fdb4057192dc43dd748ea778adc52bc498ce80524c014b81119,00000000,,,,,False,,,,,,,,,,False,False
/application/zukanlist/zkn_data/zukan_enc_pearl.narc,/application/zukanlist/zkn_data/zukan_enc_pearl.narc!/member_04589,0,/application/zukanlist/zkn_data/zukan_enc_pearl.narc,132,4589,,69356,69360,29672,29676,4,df3f619804a92fdb4057192dc43dd748ea778adc52bc498ce80524c014b81119,00000000,,,,,False,,,,,,,,,,False,False
/application/zukanlist/zkn_data/zukan_enc_pearl.narc,/application/zukanlist/zkn_data/zukan_enc_pearl.narc!/member_04590,0,/application/zukanlist/zkn_data/zukan_enc_pearl.narc,132,4590,,69360,69364,29676,29680,4,df3f619804a92fdb4057192dc43dd748ea778adc52bc498ce80524c014b81119,00000000,,,,,False,,,,,,,,,,False,False
/application/zukanlist/zkn_data/zukan_enc_pearl.narc,/application/zukanlist/zkn_data/zukan_enc_pearl.narc!/member_04591,0,/application/zukanlist/zkn_data/zukan_enc_pearl.narc,132,4591,,69364,69372,29680,29688,8,280263b8515b99c473d9685d1fca1b992ae0949c742ba11c9ba625d9cd984506,2200000000000000,,,,,False,,,,,,,,,,False,False
/application/zukanlist/zkn_data/zukan_enc_pearl.narc,/application/zukanlist/zkn_data/zukan_enc_pearl.narc!/member_04592,0,/application/zukanlist/zkn_data/zukan_enc_pearl.narc,132,4592,,69372,69376,29688,29692,4,df3f619804a92fdb4057192dc43dd748ea778adc52bc498ce80524c014b81119,00000000,,,,,False,,,,,,,,,,False,False
/application/zukanlist/zkn_data/zukan_enc_pearl.narc,/application/zukanlist/zkn_data/zukan_enc_pearl.narc!/member_04593,0,/application/zukanlist/zkn_data/zukan_enc_pearl.narc,132,4593,,69376,69380,29692,29696,4,df3f619804a92fdb4057192dc43dd748ea778adc52bc498ce80524c014b81119,00000000,,,,,False,,,,,,,,,,False,False
/application/zukanlist/zkn_data/zukan_enc_pearl.narc,/application/zukanlist/zkn_data/zukan_enc_pearl.narc!/member_04594,0,/application/zukanlist/zkn_data/zukan_enc_pearl.narc,132,4594,,69380,69384,29696,29700,4,df3f619804a92fdb4057192dc43dd748ea778adc52bc498ce80524c014b81119,00000000,,,,,False,,,,,,,,,,False,False
/application/zukanlist/zkn_data/zukan_enc_pearl.narc,/application/zukanlist/zkn_data/zukan_enc_pearl.narc!/member_04595,0,/application/zukanlist/zkn_data/zukan_enc_pearl.narc,132,4595,,69384,69388,29700,29704,4,df3f619804a92fdb4057192dc43dd748ea778adc52bc498ce80524c014b81119,00000000,,,,,False,,,,,,,,,,False,False
/application/zukanlist/zkn_data/zukan_enc_pearl.narc,/application/zukanlist/zkn_data/zukan_enc_pearl.narc!/member_04596,0,/application/zukanlist/zkn_data/zukan_enc_pearl.narc,132,4596,,69388,69392,29704,29708,4,df3f619804a92fdb4057192dc43dd748ea778adc52bc498ce80524c014b81119,00000000,,,,,False,,,,,,,,,,False,False
/application/zukanlist/zkn_data/zukan_enc_pearl.narc,/application/zukanlist/zkn_data/zukan_enc_pearl.narc!/member_04597,0,/application/zukanlist/zkn_data/zukan_enc_pearl.narc,132,4597,,69392,69396,29708,29712,4,df3f619804a92fdb4057192dc43dd748ea778adc52bc498ce80524c014b81119,00000000,,,,,False,,,,,,,,,,False,False
/application/zukanlist/zkn_data/zukan_enc_pearl.narc,/application/zukanlist/zkn_data/zukan_enc_pearl.narc!/member_04598,0,/application/zukanlist/zkn_data/zukan_enc_pearl.narc,132,4598,,69396,69400,29712,29716,4,df3f619804a92fdb4057192dc43dd748ea778adc52bc498ce80524c014b81119,00000000,,,,,False,,,,,,,,,,False,False
/application/zukanlist/zkn_data/zukan_enc_pearl.narc,/application/zukanlist/zkn_data/zukan_enc_pearl.narc!/member_04599,0,/application/zukanlist/zkn_data/zukan_enc_pearl.narc,132,4599,,69400,69404,29716,29720,4,df3f619804a92fdb4057192dc43dd748ea778adc52bc498ce80524c014b81119,00000000,,,,,False,,,,,,,,,,False,False
/application/zukanlist/zkn_data/zukan_enc_pearl.narc,/application/zukanlist/zkn_data/zukan_enc_pearl.narc!/member_04600,0,/application/zukanlist/zkn_data/zukan_enc_pearl.narc,132,4600,,69404,69408,29720,29724,4,df3f619804a92fdb4057192dc43dd748ea778adc52bc498ce80524c014b81119,00000000,,,,,False,,,,,,,,,,False,False
/application/zukanlist/zkn_data/zukan_enc_pearl.narc,/application/zukanlist/zkn_data/zukan_enc_pearl.narc!/member_04601,0,/application/zukanlist/zkn_data/zukan_enc_pearl.narc,132,4601,,69408,69412,29724,29728,4,df3f619804a92fdb4057192dc43dd748ea778adc52bc498ce80524c014b81119,00000000,,,,,False,,,,,,,,,,False,False
/application/zukanlist/zkn_data/zukan_enc_pearl.narc,/application/zukanlist/zkn_data/zukan_enc_pearl.narc!/member_04602,0,/application/zukanlist/zkn_data/zukan_enc_pearl.narc,132,4602,,69412,69416,29728,29732,4,df3f619804a92fdb4057192dc43dd748ea778adc52bc498ce80524c014b81119,00000000,,,,,False,,,,,,,,,,False,False
/application/zukanlist/zkn_data/zukan_enc_pearl.narc,/application/zukanlist/zkn_data/zukan_enc_pearl.narc!/member_04603,0,/application/zukanlist/zkn_data/zukan_enc_pearl.narc,132,4603,,69416,69420,29732,29736,4,df3f619804a92fdb4057192dc43dd748ea778adc52bc498ce80524c014b81119,00000000,,,,,False,,,,,,,,,,False,False
/application/zukanlist/zkn_data/zukan_enc_pearl.narc,/application/zukanlist/zkn_data/zukan_enc_pearl.narc!/member_04604,0,/application/zukanlist/zkn_data/zukan_enc_pearl.narc,132,4604,,69420,69424,29736,29740,4,df3f619804a92fdb4057192dc43dd748ea778adc52bc498ce80524c014b81119,00000000,,,,,False,,,,,,,,,,False,False
/application/zukanlist/zkn_data/zukan_enc_pearl.narc,/application/zukanlist/zkn_data/zukan_enc_pearl.narc!/member_04605,0,/application/zukanlist/zkn_data/zukan_enc_pearl.narc,132,4605,,69424,69428,29740,29744,4,df3f619804a92fdb4057192dc43dd748ea778adc52bc498ce80524c014b81119,00000000,,,,,False,,,,,,,,,,False,False
/application/zukanlist/zkn_data/zukan_enc_pearl.narc,/application/zukanlist/zkn_data/zukan_enc_pearl.narc!/member_04606,0,/application/zukanlist/zkn_data/zukan_enc_pearl.narc,132,4606,,69428,69432,29744,29748,4,df3f619804a92fdb4057192dc43dd748ea778adc52bc498ce80524c014b81119,00000000,,,,,False,,,,,,,,,,False,False
/application/zukanlist/zkn_data/zukan_enc_pearl.narc,/application/zukanlist/zkn_data/zukan_enc_pearl.narc!/member_04607,0,/application/zukanlist/zkn_data/zukan_enc_pearl.narc,132,4607,,69432,69436,29748,29752,4,df3f619804a92fdb4057192dc43dd748ea778adc52bc498ce80524c014b81119,00000000,,,,,False,,,,,,,,,,False,False
/application/zukanlist/zkn_data/zukan_enc_pearl.narc,/application/zukanlist/zkn_data/zukan_enc_pearl.narc!/member_04608,0,/application/zukanlist/zkn_data/zukan_enc_pearl.narc,132,4608,,69436,69440,29752,29756,4,df3f619804a92fdb4057192dc43dd748ea778adc52bc498ce80524c014b81119,00000000,,,,,False,,,,,,,,,,False,False
/application/zukanlist/zkn_data/zukan_enc_pearl.narc,/application/zukanlist/zkn_data/zukan_enc_pearl.narc!/member_04609,0,/application/zukanlist/zkn_data/zukan_enc_pearl.narc,132,4609,,69440,69444,29756,29760,4,df3f619804a92fdb4057192dc43dd748ea778adc52bc498ce80524c014b81119,00000000,,,,,False,,,,,,,,,,False,False
/application/zukanlist/zkn_data/zukan_enc_pearl.narc,/application/zukanlist/zkn_data/zukan_enc_pearl.narc!/member_04610,0,/application/zukanlist/zkn_data/zukan_enc_pearl.narc,132,4610,,69444,69448,29760,29764,4,df3f619804a92fdb4057192dc43dd748ea778adc52bc498ce80524c014b81119,00000000,,,,,False,,,,,,,,,,False,False
/application/zukanlist/zkn_data/zukan_enc_pearl.narc,/application/zukanlist/zkn_data/zukan_enc_pearl.narc!/member_04611,0,/application/zukanlist/zkn_data/zukan_enc_pearl.narc,132,4611,,69448,69452,29764,29768,4,df3f619804a92fdb4057192dc43dd748ea778adc52bc498ce80524c014b81119,00000000,,,,,False,,,,,,,,,,False,False
/application/zukanlist/zkn_data/zukan_enc_pearl.narc,/application/zukanlist/zkn_data/zukan_enc_pearl.narc!/member_04612,0,/application/zukanlist/zkn_data/zukan_enc_pearl.narc,132,4612,,69452,69456,29768,29772,4,df3f619804a92fdb4057192dc43dd748ea778adc52bc498ce80524c014b81119,00000000,,,,,False,,,,,,,,,,False,False
/application/zukanlist/zkn_data/zukan_enc_pearl.narc,/application/zukanlist/zkn_data/zukan_enc_pearl.narc!/member_04613,0,/application/zukanlist/zkn_data/zukan_enc_pearl.narc,132,4613,,69456,69460,29772,29776,4,df3f619804a92fdb4057192dc43dd748ea778adc52bc498ce80524c014b81119,00000000,,,,,False,,,,,,,,,,False,False
/application/zukanlist/zkn_data/zukan_enc_pearl.narc,/application/zukanlist/zkn_data/zukan_enc_pearl.narc!/member_04614,0,/application/zukanlist/zkn_data/zukan_enc_pearl.narc,132,4614,,69460,69464,29776,29780,4,df3f619804a92fdb4057192dc43dd748ea778adc52bc498ce80524c014b81119,00000000,,,,,False,,,,,,,,,,False,False
/application/zukanlist/zkn_data/zukan_enc_pearl.narc,/application/zukanlist/zkn_data/zukan_enc_pearl.narc!/member_04615,0,/application/zukanlist/zkn_data/zukan_enc_pearl.narc,132,4615,,69464,69468,29780,29784,4,df3f619804a92fdb4057192dc43dd748ea778adc52bc498ce80524c014b81119,00000000,,,,,False,,,,,,,,,,False,False
/application/zukanlist/zkn_data/zukan_enc_pearl.narc,/application/zukanlist/zkn_data/zukan_enc_pearl.narc!/member_04616,0,/application/zukanlist/zkn_data/zukan_enc_pearl.narc,132,4616,,69468,69472,29784,29788,4,df3f619804a92fdb4057192dc43dd748ea778adc52bc498ce80524c014b81119,00000000,,,,,False,,,,,,,,,,False,False
/application/zukanlist/zkn_data/zukan_enc_pearl.narc,/application/zukanlist/zkn_data/zukan_enc_pearl.narc!/member_04617,0,/application/zukanlist/zkn_data/zukan_enc_pearl.narc,132,4617,,69472,69476,29788,29792,4,df3f619804a92fdb4057192dc43dd748ea778adc52bc498ce80524c014b81119,00000000,,,,,False,,,,,,,,,,False,False
/application/zukanlist/zkn_data/zukan_enc_pearl.narc,/application/zukanlist/zkn_data/zukan_enc_pearl.narc!/member_04618,0,/application/zukanlist/zkn_data/zukan_enc_pearl.narc,132,4618,,69476,69480,29792,29796,4,df3f619804a92fdb4057192dc43dd748ea778adc52bc498ce80524c014b81119,00000000,,,,,False,,,,,,,,,,False,False
/application/zukanlist/zkn_data/zukan_enc_pearl.narc,/application/zukanlist/zkn_data/zukan_enc_pearl.narc!/member_04619,0,/application/zukanlist/zkn_data/zukan_enc_pearl.narc,132,4619,,69480,69484,29796,29800,4,df3f619804a92fdb4057192dc43dd748ea778adc52bc498ce80524c014b81119,00000000,,,,,False,,,,,,,,,,False,False
/application/zukanlist/zkn_data/zukan_enc_pearl.narc,/application/zukanlist/zkn_data/zukan_enc_pearl.narc!/member_04620,0,/application/zukanlist/zkn_data/zukan_enc_pearl.narc,132,4620,,69484,69492,29800,29808,8,b0bd73e6922c0d2496dbcb99eac08eb5870090e59f6e06b1eb477d540002a5cd,0d00000000000000,,,,,False,,,,,,,,,,False,False
/application/zukanlist/zkn_data/zukan_enc_pearl.narc,/application/zukanlist/zkn_data/zukan_enc_pearl.narc!/member_04621,0,/application/zukanlist/zkn_data/zukan_enc_pearl.narc,132,4621,,69492,69496,29808,29812,4,df3f619804a92fdb4057192dc43dd748ea778adc52bc498ce80524c014b81119,00000000,,,,,False,,,,,,,,,,False,False
/application/zukanlist/zkn_data/zukan_enc_pearl.narc,/application/zukanlist/zkn_data/zukan_enc_pearl.narc!/member_04622,0,/application/zukanlist/zkn_data/zukan_enc_pearl.narc,132,4622,,69496,69500,29812,29816,4,df3f619804a92fdb4057192dc43dd748ea778adc52bc498ce80524c014b81119,00000000,,,,,False,,,,,,,,,,False,False
/application/zukanlist/zkn_data/zukan_enc_pearl.narc,/application/zukanlist/zkn_data/zukan_enc_pearl.narc!/member_04623,0,/application/zukanlist/zkn_data/zukan_enc_pearl.narc,132,4623,,69500,69504,29816,29820,4,df3f619804a92fdb4057192dc43dd748ea778adc52bc498ce80524c014b81119,00000000,,,,,False,,,,,,,,,,False,False
/application/zukanlist/zkn_data/zukan_enc_pearl.narc,/application/zukanlist/zkn_data/zukan_enc_pearl.narc!/member_04624,0,/application/zukanlist/zkn_data/zukan_enc_pearl.narc,132,4624,,69504,69508,29820,29824,4,df3f619804a92fdb4057192dc43dd748ea778adc52bc498ce80524c014b81119,00000000,,,,,False,,,,,,,,,,False,False
/application/zukanlist/zkn_data/zukan_enc_pearl.narc,/application/zukanlist/zkn_data/zukan_enc_pearl.narc!/member_04625,0,/application/zukanlist/zkn_data/zukan_enc_pearl.narc,132,4625,,69508,69512,29824,29828,4,df3f619804a92fdb4057192dc43dd748ea778adc52bc498ce80524c014b81119,00000000,,,,,False,,,,,,,,,,False,False
/application/zukanlist/zkn_data/zukan_enc_pearl.narc,/application/zukanlist/zkn_data/zukan_enc_pearl.narc!/member_04626,0,/application/zukanlist/zkn_data/zukan_enc_pearl.narc,132,4626,,69512,69516,29828,29832,4,df3f619804a92fdb4057192dc43dd748ea778adc52bc498ce80524c014b81119,00000000,,,,,False,,,,,,,,,,False,False
/application/zukanlist/zkn_data/zukan_enc_pearl.narc,/application/zukanlist/zkn_data/zukan_enc_pearl.narc!/member_04627,0,/application/zukanlist/zkn_data/zukan_enc_pearl.narc,132,4627,,69516,69520,29832,29836,4,df3f619804a92fdb4057192dc43dd748ea778adc52bc498ce80524c014b81119,00000000,,,,,False,,,,,,,,,,False,False
/application/zukanlist/zkn_data/zukan_enc_pearl.narc,/application/zukanlist/zkn_data/zukan_enc_pearl.narc!/member_04628,0,/application/zukanlist/zkn_data/zukan_enc_pearl.narc,132,4628,,69520,69524,29836,29840,4,df3f619804a92fdb4057192dc43dd748ea778adc52bc498ce80524c014b81119,00000000,,,,,False,,,,,,,,,,False,False
/application/zukanlist/zkn_data/zukan_enc_pearl.narc,/application/zukanlist/zkn_data/zukan_enc_pearl.narc!/member_04629,0,/application/zukanlist/zkn_data/zukan_enc_pearl.narc,132,4629,,69524,69528,29840,29844,4,df3f619804a92fdb4057192dc43dd748ea778adc52bc498ce80524c014b81119,00000000,,,,,False,,,,,,,,,,False,False
/application/zukanlist/zkn_data/zukan_enc_pearl.narc,/application/zukanlist/zkn_data/zukan_enc_pearl.narc!/member_04630,0,/application/zukanlist/zkn_data/zukan_enc_pearl.narc,132,4630,,69528,69532,29844,29848,4,df3f619804a92fdb4057192dc43dd748ea778adc52bc498ce80524c014b81119,00000000,,,,,False,,,,,,,,,,False,False
/application/zukanlist/zkn_data/zukan_enc_pearl.narc,/application/zukanlist/zkn_data/zukan_enc_pearl.narc!/member_04631,0,/application/zukanlist/zkn_data/zukan_enc_pearl.narc,132,4631,,69532,69536,29848,29852,4,df3f619804a92fdb4057192dc43dd748ea778adc52bc498ce80524c014b81119,00000000,,,,,False,,,,,,,,,,False,False
/application/zukanlist/zkn_data/zukan_enc_pearl.narc,/application/zukanlist/zkn_data/zukan_enc_pearl.narc!/member_04632,0,/application/zukanlist/zkn_data/zukan_enc_pearl.narc,132,4632,,69536,69540,29852,29856,4,df3f619804a92fdb4057192dc43dd748ea778adc52bc498ce80524c014b81119,00000000,,,,,False,,,,,,,,,,False,False
/application/zukanlist/zkn_data/zukan_enc_pearl.narc,/application/zukanlist/zkn_data/zukan_enc_pearl.narc!/member_04633,0,/application/zukanlist/zkn_data/zukan_enc_pearl.narc,132,4633,,69540,69544,29856,29860,4,df3f619804a92fdb4057192dc43dd748ea778adc52bc498ce80524c014b81119,00000000,,,,,False,,,,,,,,,,False,False
/application/zukanlist/zkn_data/zukan_enc_pearl.narc,/application/zukanlist/zkn_data/zukan_enc_pearl.narc!/member_04634,0,/application/zukanlist/zkn_data/zukan_enc_pearl.narc,132,4634,,69544,69552,29860,29868,8,703d37e650ac5852ff1027382d58776810b88d1db959d667efa0df97ae156c6b,3100000000000000,,,,,False,,,,,,,,,,False,False
/application/zukanlist/zkn_data/zukan_enc_pearl.narc,/application/zukanlist/zkn_data/zukan_enc_pearl.narc!/member_04635,0,/application/zukanlist/zkn_data/zukan_enc_pearl.narc,132,4635,,69552,69556,29868,29872,4,df3f619804a92fdb4057192dc43dd748ea778adc52bc498ce80524c014b81119,00000000,,,,,False,,,,,,,,,,False,False
/application/zukanlist/zkn_data/zukan_enc_pearl.narc,/application/zukanlist/zkn_data/zukan_enc_pearl.narc!/member_04636,0,/application/zukanlist/zkn_data/zukan_enc_pearl.narc,132,4636,,69556,69560,29872,29876,4,df3f619804a92fdb4057192dc43dd748ea778adc52bc498ce80524c014b81119,00000000,,,,,False,,,,,,,,,,False,False
/application/zukanlist/zkn_data/zukan_enc_pearl.narc,/application/zukanlist/zkn_data/zukan_enc_pearl.narc!/member_04637,0,/application/zukanlist/zkn_data/zukan_enc_pearl.narc,132,4637,,69560,69564,29876,29880,4,df3f619804a92fdb4057192dc43dd748ea778adc52bc498ce80524c014b81119,00000000,,,,,False,,,,,,,,,,False,False
/application/zukanlist/zkn_data/zukan_enc_pearl.narc,/application/zukanlist/zkn_data/zukan_enc_pearl.narc!/member_04638,0,/application/zukanlist/zkn_data/zukan_enc_pearl.narc,132,4638,,69564,69572,29880,29888,8,23d7f42b1cdc1f0d492ebd756ed0fe8003995dda554d99418d47a81813650207,0600000000000000,,,,,False,,,,,,,,,,False,False
/application/zukanlist/zkn_data/zukan_enc_pearl.narc,/application/zukanlist/zkn_data/zukan_enc_pearl.narc!/member_04639,0,/application/zukanlist/zkn_data/zukan_enc_pearl.narc,132,4639,,69572,69580,29888,29896,8,2f717924a0d2847aa264ae9d76457847bbf5916d3298045ab0ffc45be8f4c228,2500000000000000,,,,,False,,,,,,,,,,False,False
/application/zukanlist/zkn_data/zukan_enc_pearl.narc,/application/zukanlist/zkn_data/zukan_enc_pearl.narc!/member_04640,0,/application/zukanlist/zkn_data/zukan_enc_pearl.narc,132,4640,,69580,69584,29896,29900,4,df3f619804a92fdb4057192dc43dd748ea778adc52bc498ce80524c014b81119,00000000,,,,,False,,,,,,,,,,False,False
/application/zukanlist/zkn_data/zukan_enc_pearl.narc,/application/zukanlist/zkn_data/zukan_enc_pearl.narc!/member_04641,0,/application/zukanlist/zkn_data/zukan_enc_pearl.narc,132,4641,,69584,69588,29900,29904,4,df3f619804a92fdb4057192dc43dd748ea778adc52bc498ce80524c014b81119,00000000,,,,,False,,,,,,,,,,False,False
/application/zukanlist/zkn_data/zukan_enc_pearl.narc,/application/zukanlist/zkn_data/zukan_enc_pearl.narc!/member_04642,0,/application/zukanlist/zkn_data/zukan_enc_pearl.narc,132,4642,,69588,69592,29904,29908,4,df3f619804a92fdb4057192dc43dd748ea778adc52bc498ce80524c014b81119,00000000,,,,,False,,,,,,,,,,False,False
/application/zukanlist/zkn_data/zukan_enc_pearl.narc,/application/zukanlist/zkn_data/zukan_enc_pearl.narc!/member_04643,0,/application/zukanlist/zkn_data/zukan_enc_pearl.narc,132,4643,,69592,69596,29908,29912,4,df3f619804a92fdb4057192dc43dd748ea778adc52bc498ce80524c014b81119,00000000,,,,,False,,,,,,,,,,False,False
/application/zukanlist/zkn_data/zukan_enc_pearl.narc,/application/zukanlist/zkn_data/zukan_enc_pearl.narc!/member_04644,0,/application/zukanlist/zkn_data/zukan_enc_pearl.narc,132,4644,,69596,69600,29912,29916,4,df3f619804a92fdb4057192dc43dd748ea778adc52bc498ce80524c014b81119,00000000,,,,,False,,,,,,,,,,False,False
/application/zukanlist/zkn_data/zukan_enc_pearl.narc,/application/zukanlist/zkn_data/zukan_enc_pearl.narc!/member_04645,0,/application/zukanlist/zkn_data/zukan_enc_pearl.narc,132,4645,,69600,69604,29916,29920,4,df3f619804a92fdb4057192dc43dd748ea778adc52bc498ce80524c014b81119,00000000,,,,,False,,,,,,,,,,False,False
/application/zukanlist/zkn_data/zukan_enc_pearl.narc,/application/zukanlist/zkn_data/zukan_enc_pearl.narc!/member_04646,0,/application/zukanlist/zkn_data/zukan_enc_pearl.narc,132,4646,,69604,69616,29920,29932,12,1bea114f0e36df8017f8289c4b48e17f1dd25c225f713121772667b32afef129,070000001100000000000000,,,,,False,,,,,,,,,,False,False
/application/zukanlist/zkn_data/zukan_enc_pearl.narc,/application/zukanlist/zkn_data/zukan_enc_pearl.narc!/member_04647,0,/application/zukanlist/zkn_data/zukan_enc_pearl.narc,132,4647,,69616,69624,29932,29940,8,aae89fc0f03e2959ae4d701a80cc3915918c950b159f6abb6c92c1433b1a8534,0700000000000000,,,,,False,,,,,,,,,,False,False
/application/zukanlist/zkn_data/zukan_enc_pearl.narc,/application/zukanlist/zkn_data/zukan_enc_pearl.narc!/member_04648,0,/application/zukanlist/zkn_data/zukan_enc_pearl.narc,132,4648,,69624,69628,29940,29944,4,df3f619804a92fdb4057192dc43dd748ea778adc52bc498ce80524c014b81119,00000000,,,,,False,,,,,,,,,,False,False
/application/zukanlist/zkn_data/zukan_enc_pearl.narc,/application/zukanlist/zkn_data/zukan_enc_pearl.narc!/member_04649,0,/application/zukanlist/zkn_data/zukan_enc_pearl.narc,132,4649,,69628,69712,29944,30028,84,5d9140735e9373d7d8aabe89a1b6a00e4cf9d3069924b87b07c5656236b73ef2,06000000070000001100000012000000,,,,,False,,,,,,,,,,False,False
/application/zukanlist/zkn_data/zukan_enc_pearl.narc,/application/zukanlist/zkn_data/zukan_enc_pearl.narc!/member_04650,0,/application/zukanlist/zkn_data/zukan_enc_pearl.narc,132,4650,,69712,69720,30028,30036,8,5eb6da0e0e522104c6d50b0748e6893762f7f2c00a7163a46ccbb535bfd61a0d,1000000000000000,,Nintendo LZ10,Probable,,True,Nintendo LZ10,Confirmed,True,0,True,0,e3b0c44298fc1c149afbf4c8996fb92427ae41e4649b934ca495991b7852b855,,,False,False
/application/zukanlist/zkn_data/zukan_enc_pearl.narc,/application/zukanlist/zkn_data/zukan_enc_pearl.narc!/member_04651,0,/application/zukanlist/zkn_data/zukan_enc_pearl.narc,132,4651,,69720,69724,30036,30040,4,df3f619804a92fdb4057192dc43dd748ea778adc52bc498ce80524c014b81119,00000000,,,,,False,,,,,,,,,,False,False
/application/zukanlist/zkn_data/zukan_enc_pearl.narc,/application/zukanlist/zkn_data/zukan_enc_pearl.narc!/member_04652,0,/application/zukanlist/zkn_data/zukan_enc_pearl.narc,132,4652,,69724,69728,30040,30044,4,df3f619804a92fdb4057192dc43dd748ea778adc52bc498ce80524c014b81119,00000000,,,,,False,,,,,,,,,,False,False
/application/zukanlist/zkn_data/zukan_enc_pearl.narc,/application/zukanlist/zkn_data/zukan_enc_pearl.narc!/member_04653,0,/application/zukanlist/zkn_data/zukan_enc_pearl.narc,132,4653,,69728,69732,30044,30048,4,df3f619804a92fdb4057192dc43dd748ea778adc52bc498ce80524c014b81119,00000000,,,,,False,,,,,,,,,,False,False
/application/zukanlist/zkn_data/zukan_enc_pearl.narc,/application/zukanlist/zkn_data/zukan_enc_pearl.narc!/member_04654,0,/application/zukanlist/zkn_data/zukan_enc_pearl.narc,132,4654,,69732,69736,30048,30052,4,df3f619804a92fdb4057192dc43dd748ea778adc52bc498ce80524c014b81119,00000000,,,,,False,,,,,,,,,,False,False
/application/zukanlist/zkn_data/zukan_enc_pearl.narc,/application/zukanlist/zkn_data/zukan_enc_pearl.narc!/member_04655,0,/application/zukanlist/zkn_data/zukan_enc_pearl.narc,132,4655,,69736,69740,30052,30056,4,df3f619804a92fdb4057192dc43dd748ea778adc52bc498ce80524c014b81119,00000000,,,,,False,,,,,,,,,,False,False
/application/zukanlist/zkn_data/zukan_enc_pearl.narc,/application/zukanlist/zkn_data/zukan_enc_pearl.narc!/member_04656,0,/application/zukanlist/zkn_data/zukan_enc_pearl.narc,132,4656,,69740,69744,30056,30060,4,df3f619804a92fdb4057192dc43dd748ea778adc52bc498ce80524c014b81119,00000000,,,,,False,,,,,,,,,,False,False
/application/zukanlist/zkn_data/zukan_enc_pearl.narc,/application/zukanlist/zkn_data/zukan_enc_pearl.narc!/member_04657,0,/application/zukanlist/zkn_data/zukan_enc_pearl.narc,132,4657,,69744,69748,30060,30064,4,df3f619804a92fdb4057192dc43dd748ea778adc52bc498ce80524c014b81119,00000000,,,,,False,,,,,,,,,,False,False
/application/zukanlist/zkn_data/zukan_enc_pearl.narc,/application/zukanlist/zkn_data/zukan_enc_pearl.narc!/member_04658,0,/application/zukanlist/zkn_data/zukan_enc_pearl.narc,132,4658,,69748,69752,30064,30068,4,df3f619804a92fdb4057192dc43dd748ea778adc52bc498ce80524c014b81119,00000000,,,,,False,,,,,,,,,,False,False
/application/zukanlist/zkn_data/zukan_enc_pearl.narc,/application/zukanlist/zkn_data/zukan_enc_pearl.narc!/member_04659,0,/application/zukanlist/zkn_data/zukan_enc_pearl.narc,132,4659,,69752,69756,30068,30072,4,df3f619804a92fdb4057192dc43dd748ea778adc52bc498ce80524c014b81119,00000000,,,,,False,,,,,,,,,,False,False
/application/zukanlist/zkn_data/zukan_enc_pearl.narc,/application/zukanlist/zkn_data/zukan_enc_pearl.narc!/member_04660,0,/application/zukanlist/zkn_data/zukan_enc_pearl.narc,132,4660,,69756,69760,30072,30076,4,df3f619804a92fdb4057192dc43dd748ea778adc52bc498ce80524c014b81119,00000000,,,,,False,,,,,,,,,,False,False
/application/zukanlist/zkn_data/zukan_enc_pearl.narc,/application/zukanlist/zkn_data/zukan_enc_pearl.narc!/member_04661,0,/application/zukanlist/zkn_data/zukan_enc_pearl.narc,132,4661,,69760,69764,30076,30080,4,df3f619804a92fdb4057192dc43dd748ea778adc52bc498ce80524c014b81119,00000000,,,,,False,,,,,,,,,,False,False
/application/zukanlist/zkn_data/zukan_enc_pearl.narc,/application/zukanlist/zkn_data/zukan_enc_pearl.narc!/member_04662,0,/application/zukanlist/zkn_data/zukan_enc_pearl.narc,132,4662,,69764,69768,30080,30084,4,df3f619804a92fdb4057192dc43dd748ea778adc52bc498ce80524c014b81119,00000000,,,,,False,,,,,,,,,,False,False
/application/zukanlist/zkn_data/zukan_enc_pearl.narc,/application/zukanlist/zkn_data/zukan_enc_pearl.narc!/member_04663,0,/application/zukanlist/zkn_data/zukan_enc_pearl.narc,132,4663,,69768,69772,30084,30088,4,df3f619804a92fdb4057192dc43dd748ea778adc52bc498ce80524c014b81119,00000000,,,,,False,,,,,,,,,,False,False
/application/zukanlist/zkn_data/zukan_enc_pearl.narc,/application/zukanlist/zkn_data/zukan_enc_pearl.narc!/member_04664,0,/application/zukanlist/zkn_data/zukan_enc_pearl.narc,132,4664,,69772,69776,30088,30092,4,df3f619804a92fdb4057192dc43dd748ea778adc52bc498ce80524c014b81119,00000000,,,,,False,,,,,,,,,,False,False
/application/zukanlist/zkn_data/zukan_enc_pearl.narc,/application/zukanlist/zkn_data/zukan_enc_pearl.narc!/member_04665,0,/application/zukanlist/zkn_data/zukan_enc_pearl.narc,132,4665,,69776,69780,30092,30096,4,df3f619804a92fdb4057192dc43dd748ea778adc52bc498ce80524c014b81119,00000000,,,,,False,,,,,,,,,,False,False
/application/zukanlist/zkn_data/zukan_enc_pearl.narc,/application/zukanlist/zkn_data/zukan_enc_pearl.narc!/member_04666,0,/application/zukanlist/zkn_data/zukan_enc_pearl.narc,132,4666,,69780,69784,30096,30100,4,df3f619804a92fdb4057192dc43dd748ea778adc52bc498ce80524c014b81119,00000000,,,,,False,,,,,,,,,,False,False
/application/zukanlist/zkn_data/zukan_enc_pearl.narc,/application/zukanlist/zkn_data/zukan_enc_pearl.narc!/member_04667,0,/application/zukanlist/zkn_data/zukan_enc_pearl.narc,132,4667,,69784,69788,30100,30104,4,df3f619804a92fdb4057192dc43dd748ea778adc52bc498ce80524c014b81119,00000000,,,,,False,,,,,,,,,,False,False
/application/zukanlist/zkn_data/zukan_enc_pearl.narc,/application/zukanlist/zkn_data/zukan_enc_pearl.narc!/member_04668,0,/application/zukanlist/zkn_data/zukan_enc_pearl.narc,132,4668,,69788,69792,30104,30108,4,df3f619804a92fdb4057192dc43dd748ea778adc52bc498ce80524c014b81119,00000000,,,,,False,,,,,,,,,,False,False
/application/zukanlist/zkn_data/zukan_enc_pearl.narc,/application/zukanlist/zkn_data/zukan_enc_pearl.narc!/member_04669,0,/application/zukanlist/zkn_data/zukan_enc_pearl.narc,132,4669,,69792,69796,30108,30112,4,df3f619804a92fdb4057192dc43dd748ea778adc52bc498ce80524c014b81119,00000000,,,,,False,,,,,,,,,,False,False
/application/zukanlist/zkn_data/zukan_enc_pearl.narc,/application/zukanlist/zkn_data/zukan_enc_pearl.narc!/member_04670,0,/application/zukanlist/zkn_data/zukan_enc_pearl.narc,132,4670,,69796,69800,30112,30116,4,df3f619804a92fdb4057192dc43dd748ea778adc52bc498ce80524c014b81119,00000000,,,,,False,,,,,,,,,,False,False
/application/zukanlist/zkn_data/zukan_enc_pearl.narc,/application/zukanlist/zkn_data/zukan_enc_pearl.narc!/member_04671,0,/application/zukanlist/zkn_data/zukan_enc_pearl.narc,132,4671,,69800,69804,30116,30120,4,df3f619804a92fdb4057192dc43dd748ea778adc52bc498ce80524c014b81119,00000000,,,,,False,,,,,,,,,,False,False
/application/zukanlist/zkn_data/zukan_enc_pearl.narc,/application/zukanlist/zkn_data/zukan_enc_pearl.narc!/member_04672,0,/application/zukanlist/zkn_data/zukan_enc_pearl.narc,132,4672,,69804,69808,30120,30124,4,df3f619804a92fdb4057192dc43dd748ea778adc52bc498ce80524c014b81119,00000000,,,,,False,,,,,,,,,,False,False
/application/zukanlist/zkn_data/zukan_enc_pearl.narc,/application/zukanlist/zkn_data/zukan_enc_pearl.narc!/member_04673,0,/application/zukanlist/zkn_data/zukan_enc_pearl.narc,132,4673,,69808,69892,30124,30208,84,5d9140735e9373d7d8aabe89a1b6a00e4cf9d3069924b87b07c5656236b73ef2,06000000070000001100000012000000,,,,,False,,,,,,,,,,False,False
/application/zukanlist/zkn_data/zukan_enc_pearl.narc,/application/zukanlist/zkn_data/zukan_enc_pearl.narc!/member_04674,0,/application/zukanlist/zkn_data/zukan_enc_pearl.narc,132,4674,,69892,69896,30208,30212,4,df3f619804a92fdb4057192dc43dd748ea778adc52bc498ce80524c014b81119,00000000,,,,,False,,,,,,,,,,False,False
/application/zukanlist/zkn_data/zukan_enc_pearl.narc,/application/zukanlist/zkn_data/zukan_enc_pearl.narc!/member_04675,0,/application/zukanlist/zkn_data/zukan_enc_pearl.narc,132,4675,,69896,69900,30212,30216,4,df3f619804a92fdb4057192dc43dd748ea778adc52bc498ce80524c014b81119,00000000,,,,,False,,,,,,,,,,False,False
/application/zukanlist/zkn_data/zukan_enc_pearl.narc,/application/zukanlist/zkn_data/zukan_enc_pearl.narc!/member_04676,0,/application/zukanlist/zkn_data/zukan_enc_pearl.narc,132,4676,,69900,69904,30216,30220,4,df3f619804a92fdb4057192dc43dd748ea778adc52bc498ce80524c014b81119,00000000,,,,,False,,,,,,,,,,False,False
/application/zukanlist/zkn_data/zukan_enc_pearl.narc,/application/zukanlist/zkn_data/zukan_enc_pearl.narc!/member_04677,0,/application/zukanlist/zkn_data/zukan_enc_pearl.narc,132,4677,,69904,69908,30220,30224,4,df3f619804a92fdb4057192dc43dd748ea778adc52bc498ce80524c014b81119,00000000,,,,,False,,,,,,,,,,False,False
/application/zukanlist/zkn_data/zukan_enc_pearl.narc,/application/zukanlist/zkn_data/zukan_enc_pearl.narc!/member_04678,0,/application/zukanlist/zkn_data/zukan_enc_pearl.narc,132,4678,,69908,69912,30224,30228,4,df3f619804a92fdb4057192dc43dd748ea778adc52bc498ce80524c014b81119,00000000,,,,,False,,,,,,,,,,False,False
/application/zukanlist/zkn_data/zukan_enc_pearl.narc,/application/zukanlist/zkn_data/zukan_enc_pearl.narc!/member_04679,0,/application/zukanlist/zkn_data/zukan_enc_pearl.narc,132,4679,,69912,69916,30228,30232,4,df3f619804a92fdb4057192dc43dd748ea778adc52bc498ce80524c014b81119,00000000,,,,,False,,,,,,,,,,False,False
/application/zukanlist/zkn_data/zukan_enc_pearl.narc,/application/zukanlist/zkn_data/zukan_enc_pearl.narc!/member_04680,0,/application/zukanlist/zkn_data/zukan_enc_pearl.narc,132,4680,,69916,69920,30232,30236,4,df3f619804a92fdb4057192dc43dd748ea778adc52bc498ce80524c014b81119,00000000,,,,,False,,,,,,,,,,False,False
/application/zukanlist/zkn_data/zukan_enc_pearl.narc,/application/zukanlist/zkn_data/zukan_enc_pearl.narc!/member_04681,0,/application/zukanlist/zkn_data/zukan_enc_pearl.narc,132,4681,,69920,69924,30236,30240,4,df3f619804a92fdb4057192dc43dd748ea778adc52bc498ce80524c014b81119,00000000,,,,,False,,,,,,,,,,False,False
/application/zukanlist/zkn_data/zukan_enc_pearl.narc,/application/zukanlist/zkn_data/zukan_enc_pearl.narc!/member_04682,0,/application/zukanlist/zkn_data/zukan_enc_pearl.narc,132,4682,,69924,69928,30240,30244,4,df3f619804a92fdb4057192dc43dd748ea778adc52bc498ce80524c014b81119,00000000,,,,,False,,,,,,,,,,False,False
/application/zukanlist/zkn_data/zukan_enc_pearl.narc,/application/zukanlist/zkn_data/zukan_enc_pearl.narc!/member_04683,0,/application/zukanlist/zkn_data/zukan_enc_pearl.narc,132,4683,,69928,69932,30244,30248,4,df3f619804a92fdb4057192dc43dd748ea778adc52bc498ce80524c014b81119,00000000,,,,,False,,,,,,,,,,False,False
/application/zukanlist/zkn_data/zukan_enc_pearl.narc,/application/zukanlist/zkn_data/zukan_enc_pearl.narc!/member_04684,0,/application/zukanlist/zkn_data/zukan_enc_pearl.narc,132,4684,,69932,69936,30248,30252,4,df3f619804a92fdb4057192dc43dd748ea778adc52bc498ce80524c014b81119,00000000,,,,,False,,,,,,,,,,False,False
/application/zukanlist/zkn_data/zukan_enc_pearl.narc,/application/zukanlist/zkn_data/zukan_enc_pearl.narc!/member_04685,0,/application/zukanlist/zkn_data/zukan_enc_pearl.narc,132,4685,,69936,69940,30252,30256,4,df3f619804a92fdb4057192dc43dd748ea778adc52bc498ce80524c014b81119,00000000,,,,,False,,,,,,,,,,False,False
/application/zukanlist/zkn_data/zukan_enc_pearl.narc,/application/zukanlist/zkn_data/zukan_enc_pearl.narc!/member_04686,0,/application/zukanlist/zkn_data/zukan_enc_pearl.narc,132,4686,,69940,69944,30256,30260,4,df3f619804a92fdb4057192dc43dd748ea778adc52bc498ce80524c014b81119,00000000,,,,,False,,,,,,,,,,False,False
/application/zukanlist/zkn_data/zukan_enc_pearl.narc,/application/zukanlist/zkn_data/zukan_enc_pearl.narc!/member_04687,0,/application/zukanlist/zkn_data/zukan_enc_pearl.narc,132,4687,,69944,69948,30260,30264,4,df3f619804a92fdb4057192dc43dd748ea778adc52bc498ce80524c014b81119,00000000,,,,,False,,,,,,,,,,False,False
/application/zukanlist/zkn_data/zukan_enc_pearl.narc,/application/zukanlist/zkn_data/zukan_enc_pearl.narc!/member_04688,0,/application/zukanlist/zkn_data/zukan_enc_pearl.narc,132,4688,,69948,69960,30264,30276,12,f6a5bd12e68327690765725224e07ade28de775484a081d4e34693190838ddfa,1e0000001f00000000000000,,,,,False,,,,,,,,,,False,False
/application/zukanlist/zkn_data/zukan_enc_pearl.narc,/application/zukanlist/zkn_data/zukan_enc_pearl.narc!/member_04689,0,/application/zukanlist/zkn_data/zukan_enc_pearl.narc,132,4689,,69960,69964,30276,30280,4,df3f619804a92fdb4057192dc43dd748ea778adc52bc498ce80524c014b81119,00000000,,,,,False,,,,,,,,,,False,False
/application/zukanlist/zkn_data/zukan_enc_pearl.narc,/application/zukanlist/zkn_data/zukan_enc_pearl.narc!/member_04690,0,/application/zukanlist/zkn_data/zukan_enc_pearl.narc,132,4690,,69964,69968,30280,30284,4,df3f619804a92fdb4057192dc43dd748ea778adc52bc498ce80524c014b81119,00000000,,,,,False,,,,,,,,,,False,False
/application/zukanlist/zkn_data/zukan_enc_pearl.narc,/application/zukanlist/zkn_data/zukan_enc_pearl.narc!/member_04691,0,/application/zukanlist/zkn_data/zukan_enc_pearl.narc,132,4691,,69968,69972,30284,30288,4,df3f619804a92fdb4057192dc43dd748ea778adc52bc498ce80524c014b81119,00000000,,,,,False,,,,,,,,,,False,False
/application/zukanlist/zkn_data/zukan_enc_pearl.narc,/application/zukanlist/zkn_data/zukan_enc_pearl.narc!/member_04692,0,/application/zukanlist/zkn_data/zukan_enc_pearl.narc,132,4692,,69972,69976,30288,30292,4,df3f619804a92fdb4057192dc43dd748ea778adc52bc498ce80524c014b81119,00000000,,,,,False,,,,,,,,,,False,False
/application/zukanlist/zkn_data/zukan_enc_pearl.narc,/application/zukanlist/zkn_data/zukan_enc_pearl.narc!/member_04693,0,/application/zukanlist/zkn_data/zukan_enc_pearl.narc,132,4693,,69976,69984,30292,30300,8,0c27700c82d333aa295692f1814040a962d7bc530253af661d97635dd5ed7af9,1400000000000000,,,,,False,,,,,,,,,,False,False
/application/zukanlist/zkn_data/zukan_enc_pearl.narc,/application/zukanlist/zkn_data/zukan_enc_pearl.narc!/member_04694,0,/application/zukanlist/zkn_data/zukan_enc_pearl.narc,132,4694,,69984,69992,30300,30308,8,4d159113222bfeb85fbe717cc2393ee8a6a85b7ce5ac1791c4eade5e3dd6de41,1b00000000000000,,,,,False,,,,,,,,,,False,False
/application/zukanlist/zkn_data/zukan_enc_pearl.narc,/application/zukanlist/zkn_data/zukan_enc_pearl.narc!/member_04695,0,/application/zukanlist/zkn_data/zukan_enc_pearl.narc,132,4695,,69992,70004,30308,30320,12,39887a39bfc0371d5122b92e8686bbea9e21b42dd6fd7267b3a12be7a9ba5607,150000001900000000000000,,,,,False,,,,,,,,,,False,False
/application/zukanlist/zkn_data/zukan_enc_pearl.narc,/application/zukanlist/zkn_data/zukan_enc_pearl.narc!/member_04696,0,/application/zukanlist/zkn_data/zukan_enc_pearl.narc,132,4696,,70004,70008,30320,30324,4,df3f619804a92fdb4057192dc43dd748ea778adc52bc498ce80524c014b81119,00000000,,,,,False,,,,,,,,,,False,False
/application/zukanlist/zkn_data/zukan_enc_pearl.narc,/application/zukanlist/zkn_data/zukan_enc_pearl.narc!/member_04697,0,/application/zukanlist/zkn_data/zukan_enc_pearl.narc,132,4697,,70008,70012,30324,30328,4,df3f619804a92fdb4057192dc43dd748ea778adc52bc498ce80524c014b81119,00000000,,,,,False,,,,,,,,,,False,False
/application/zukanlist/zkn_data/zukan_enc_pearl.narc,/application/zukanlist/zkn_data/zukan_enc_pearl.narc!/member_04698,0,/application/zukanlist/zkn_data/zukan_enc_pearl.narc,132,4698,,70012,70016,30328,30332,4,df3f619804a92fdb4057192dc43dd748ea778adc52bc498ce80524c014b81119,00000000,,,,,False,,,,,,,,,,False,False
/application/zukanlist/zkn_data/zukan_enc_pearl.narc,/application/zukanlist/zkn_data/zukan_enc_pearl.narc!/member_04699,0,/application/zukanlist/zkn_data/zukan_enc_pearl.narc,132,4699,,70016,70020,30332,30336,4,df3f619804a92fdb4057192dc43dd748ea778adc52bc498ce80524c014b81119,00000000,,,,,False,,,,,,,,,,False,False
/application/zukanlist/zkn_data/zukan_enc_pearl.narc,/application/zukanlist/zkn_data/zukan_enc_pearl.narc!/member_04700,0,/application/zukanlist/zkn_data/zukan_enc_pearl.narc,132,4700,,70020,70032,30336,30348,12,8274d6cd5c457eb9d21d15ef7fc534c460554c75de83491091c05d37d1934bf7,160000001700000000000000,,,,,False,,,,,,,,,,False,False
/application/zukanlist/zkn_data/zukan_enc_pearl.narc,/application/zukanlist/zkn_data/zukan_enc_pearl.narc!/member_04701,0,/application/zukanlist/zkn_data/zukan_enc_pearl.narc,132,4701,,70032,70036,30348,30352,4,df3f619804a92fdb4057192dc43dd748ea778adc52bc498ce80524c014b81119,00000000,,,,,False,,,,,,,,,,False,False
/application/zukanlist/zkn_data/zukan_enc_pearl.narc,/application/zukanlist/zkn_data/zukan_enc_pearl.narc!/member_04702,0,/application/zukanlist/zkn_data/zukan_enc_pearl.narc,132,4702,,70036,70040,30352,30356,4,df3f619804a92fdb4057192dc43dd748ea778adc52bc498ce80524c014b81119,00000000,,,,,False,,,,,,,,,,False,False
/application/zukanlist/zkn_data/zukan_enc_pearl.narc,/application/zukanlist/zkn_data/zukan_enc_pearl.narc!/member_04703,0,/application/zukanlist/zkn_data/zukan_enc_pearl.narc,132,4703,,70040,70044,30356,30360,4,df3f619804a92fdb4057192dc43dd748ea778adc52bc498ce80524c014b81119,00000000,,,,,False,,,,,,,,,,False,False
/application/zukanlist/zkn_data/zukan_enc_pearl.narc,/application/zukanlist/zkn_data/zukan_enc_pearl.narc!/member_04704,0,/application/zukanlist/zkn_data/zukan_enc_pearl.narc,132,4704,,70044,70048,30360,30364,4,df3f619804a92fdb4057192dc43dd748ea778adc52bc498ce80524c014b81119,00000000,,,,,False,,,,,,,,,,False,False
/application/zukanlist/zkn_data/zukan_enc_pearl.narc,/application/zukanlist/zkn_data/zukan_enc_pearl.narc!/member_04705,0,/application/zukanlist/zkn_data/zukan_enc_pearl.narc,132,4705,,70048,70052,30364,30368,4,df3f619804a92fdb4057192dc43dd748ea778adc52bc498ce80524c014b81119,00000000,,,,,False,,,,,,,,,,False,False
/application/zukanlist/zkn_data/zukan_enc_pearl.narc,/application/zukanlist/zkn_data/zukan_enc_pearl.narc!/member_04706,0,/application/zukanlist/zkn_data/zukan_enc_pearl.narc,132,4706,,70052,70056,30368,30372,4,df3f619804a92fdb4057192dc43dd748ea778adc52bc498ce80524c014b81119,00000000,,,,,False,,,,,,,,,,False,False
/application/zukanlist/zkn_data/zukan_enc_pearl.narc,/application/zukanlist/zkn_data/zukan_enc_pearl.narc!/member_04707,0,/application/zukanlist/zkn_data/zukan_enc_pearl.narc,132,4707,,70056,70060,30372,30376,4,df3f619804a92fdb4057192dc43dd748ea778adc52bc498ce80524c014b81119,00000000,,,,,False,,,,,,,,,,False,False
/application/zukanlist/zkn_data/zukan_enc_pearl.narc,/application/zukanlist/zkn_data/zukan_enc_pearl.narc!/member_04708,0,/application/zukanlist/zkn_data/zukan_enc_pearl.narc,132,4708,,70060,70064,30376,30380,4,df3f619804a92fdb4057192dc43dd748ea778adc52bc498ce80524c014b81119,00000000,,,,,False,,,,,,,,,,False,False
/application/zukanlist/zkn_data/zukan_enc_pearl.narc,/application/zukanlist/zkn_data/zukan_enc_pearl.narc!/member_04709,0,/application/zukanlist/zkn_data/zukan_enc_pearl.narc,132,4709,,70064,70068,30380,30384,4,df3f619804a92fdb4057192dc43dd748ea778adc52bc498ce80524c014b81119,00000000,,,,,False,,,,,,,,,,False,False
/application/zukanlist/zkn_data/zukan_enc_pearl.narc,/application/zukanlist/zkn_data/zukan_enc_pearl.narc!/member_04710,0,/application/zukanlist/zkn_data/zukan_enc_pearl.narc,132,4710,,70068,70072,30384,30388,4,df3f619804a92fdb4057192dc43dd748ea778adc52bc498ce80524c014b81119,00000000,,,,,False,,,,,,,,,,False,False
/application/zukanlist/zkn_data/zukan_enc_pearl.narc,/application/zukanlist/zkn_data/zukan_enc_pearl.narc!/member_04711,0,/application/zukanlist/zkn_data/zukan_enc_pearl.narc,132,4711,,70072,70076,30388,30392,4,df3f619804a92fdb4057192dc43dd748ea778adc52bc498ce80524c014b81119,00000000,,,,,False,,,,,,,,,,False,False
/application/zukanlist/zkn_data/zukan_enc_pearl.narc,/application/zukanlist/zkn_data/zukan_enc_pearl.narc!/member_04712,0,/application/zukanlist/zkn_data/zukan_enc_pearl.narc,132,4712,,70076,70080,30392,30396,4,df3f619804a92fdb4057192dc43dd748ea778adc52bc498ce80524c014b81119,00000000,,,,,False,,,,,,,,,,False,False
/application/zukanlist/zkn_data/zukan_enc_pearl.narc,/application/zukanlist/zkn_data/zukan_enc_pearl.narc!/member_04713,0,/application/zukanlist/zkn_data/zukan_enc_pearl.narc,132,4713,,70080,70084,30396,30400,4,df3f619804a92fdb4057192dc43dd748ea778adc52bc498ce80524c014b81119,00000000,,,,,False,,,,,,,,,,False,False
/application/zukanlist/zkn_data/zukan_enc_pearl.narc,/application/zukanlist/zkn_data/zukan_enc_pearl.narc!/member_04714,0,/application/zukanlist/zkn_data/zukan_enc_pearl.narc,132,4714,,70084,70088,30400,30404,4,df3f619804a92fdb4057192dc43dd748ea778adc52bc498ce80524c014b81119,00000000,,,,,False,,,,,,,,,,False,False
/application/zukanlist/zkn_data/zukan_enc_pearl.narc,/application/zukanlist/zkn_data/zukan_enc_pearl.narc!/member_04715,0,/application/zukanlist/zkn_data/zukan_enc_pearl.narc,132,4715,,70088,70092,30404,30408,4,df3f619804a92fdb4057192dc43dd748ea778adc52bc498ce80524c014b81119,00000000,,,,,False,,,,,,,,,,False,False
/application/zukanlist/zkn_data/zukan_enc_pearl.narc,/application/zukanlist/zkn_data/zukan_enc_pearl.narc!/member_04716,0,/application/zukanlist/zkn_data/zukan_enc_pearl.narc,132,4716,,70092,70096,30408,30412,4,df3f619804a92fdb4057192dc43dd748ea778adc52bc498ce80524c014b81119,00000000,,,,,False,,,,,,,,,,False,False
/application/zukanlist/zkn_data/zukan_enc_pearl.narc,/application/zukanlist/zkn_data/zukan_enc_pearl.narc!/member_04717,0,/application/zukanlist/zkn_data/zukan_enc_pearl.narc,132,4717,,70096,70100,30412,30416,4,df3f619804a92fdb4057192dc43dd748ea778adc52bc498ce80524c014b81119,00000000,,,,,False,,,,,,,,,,False,False
/application/zukanlist/zkn_data/zukan_enc_pearl.narc,/application/zukanlist/zkn_data/zukan_enc_pearl.narc!/member_04718,0,/application/zukanlist/zkn_data/zukan_enc_pearl.narc,132,4718,,70100,70104,30416,30420,4,df3f619804a92fdb4057192dc43dd748ea778adc52bc498ce80524c014b81119,00000000,,,,,False,,,,,,,,,,False,False
/application/zukanlist/zkn_data/zukan_enc_pearl.narc,/application/zukanlist/zkn_data/zukan_enc_pearl.narc!/member_04719,0,/application/zukanlist/zkn_data/zukan_enc_pearl.narc,132,4719,,70104,70108,30420,30424,4,df3f619804a92fdb4057192dc43dd748ea778adc52bc498ce80524c014b81119,00000000,,,,,False,,,,,,,,,,False,False
/application/zukanlist/zkn_data/zukan_enc_pearl.narc,/application/zukanlist/zkn_data/zukan_enc_pearl.narc!/member_04720,0,/application/zukanlist/zkn_data/zukan_enc_pearl.narc,132,4720,,70108,70112,30424,30428,4,df3f619804a92fdb4057192dc43dd748ea778adc52bc498ce80524c014b81119,00000000,,,,,False,,,,,,,,,,False,False
/application/zukanlist/zkn_data/zukan_enc_pearl.narc,/application/zukanlist/zkn_data/zukan_enc_pearl.narc!/member_04721,0,/application/zukanlist/zkn_data/zukan_enc_pearl.narc,132,4721,,70112,70116,30428,30432,4,df3f619804a92fdb4057192dc43dd748ea778adc52bc498ce80524c014b81119,00000000,,,,,False,,,,,,,,,,False,False
/application/zukanlist/zkn_data/zukan_enc_pearl.narc,/application/zukanlist/zkn_data/zukan_enc_pearl.narc!/member_04722,0,/application/zukanlist/zkn_data/zukan_enc_pearl.narc,132,4722,,70116,70120,30432,30436,4,df3f619804a92fdb4057192dc43dd748ea778adc52bc498ce80524c014b81119,00000000,,,,,False,,,,,,,,,,False,False
/application/zukanlist/zkn_data/zukan_enc_pearl.narc,/application/zukanlist/zkn_data/zukan_enc_pearl.narc!/member_04723,0,/application/zukanlist/zkn_data/zukan_enc_pearl.narc,132,4723,,70120,70124,30436,30440,4,df3f619804a92fdb4057192dc43dd748ea778adc52bc498ce80524c014b81119,00000000,,,,,False,,,,,,,,,,False,False
/application/zukanlist/zkn_data/zukan_enc_pearl.narc,/application/zukanlist/zkn_data/zukan_enc_pearl.narc!/member_04724,0,/application/zukanlist/zkn_data/zukan_enc_pearl.narc,132,4724,,70124,70128,30440,30444,4,df3f619804a92fdb4057192dc43dd748ea778adc52bc498ce80524c014b81119,00000000,,,,,False,,,,,,,,,,False,False
/application/zukanlist/zkn_data/zukan_enc_pearl.narc,/application/zukanlist/zkn_data/zukan_enc_pearl.narc!/member_04725,0,/application/zukanlist/zkn_data/zukan_enc_pearl.narc,132,4725,,70128,70132,30444,30448,4,df3f619804a92fdb4057192dc43dd748ea778adc52bc498ce80524c014b81119,00000000,,,,,False,,,,,,,,,,False,False
/application/zukanlist/zkn_data/zukan_enc_pearl.narc,/application/zukanlist/zkn_data/zukan_enc_pearl.narc!/member_04726,0,/application/zukanlist/zkn_data/zukan_enc_pearl.narc,132,4726,,70132,70136,30448,30452,4,df3f619804a92fdb4057192dc43dd748ea778adc52bc498ce80524c014b81119,00000000,,,,,False,,,,,,,,,,False,False
/application/zukanlist/zkn_data/zukan_enc_pearl.narc,/application/zukanlist/zkn_data/zukan_enc_pearl.narc!/member_04727,0,/application/zukanlist/zkn_data/zukan_enc_pearl.narc,132,4727,,70136,70220,30452,30536,84,5d9140735e9373d7d8aabe89a1b6a00e4cf9d3069924b87b07c5656236b73ef2,06000000070000001100000012000000,,,,,False,,,,,,,,,,False,False
/application/zukanlist/zkn_data/zukan_enc_pearl.narc,/application/zukanlist/zkn_data/zukan_enc_pearl.narc!/member_04728,0,/application/zukanlist/zkn_data/zukan_enc_pearl.narc,132,4728,,70220,70224,30536,30540,4,df3f619804a92fdb4057192dc43dd748ea778adc52bc498ce80524c014b81119,00000000,,,,,False,,,,,,,,,,False,False
/application/zukanlist/zkn_data/zukan_enc_pearl.narc,/application/zukanlist/zkn_data/zukan_enc_pearl.narc!/member_04729,0,/application/zukanlist/zkn_data/zukan_enc_pearl.narc,132,4729,,70224,70228,30540,30544,4,df3f619804a92fdb4057192dc43dd748ea778adc52bc498ce80524c014b81119,00000000,,,,,False,,,,,,,,,,False,False
/application/zukanlist/zkn_data/zukan_enc_pearl.narc,/application/zukanlist/zkn_data/zukan_enc_pearl.narc!/member_04730,0,/application/zukanlist/zkn_data/zukan_enc_pearl.narc,132,4730,,70228,70232,30544,30548,4,df3f619804a92fdb4057192dc43dd748ea778adc52bc498ce80524c014b81119,00000000,,,,,False,,,,,,,,,,False,False
/application/zukanlist/zkn_data/zukan_enc_pearl.narc,/application/zukanlist/zkn_data/zukan_enc_pearl.narc!/member_04731,0,/application/zukanlist/zkn_data/zukan_enc_pearl.narc,132,4731,,70232,70236,30548,30552,4,df3f619804a92fdb4057192dc43dd748ea778adc52bc498ce80524c014b81119,00000000,,,,,False,,,,,,,,,,False,False
/application/zukanlist/zkn_data/zukan_enc_pearl.narc,/application/zukanlist/zkn_data/zukan_enc_pearl.narc!/member_04732,0,/application/zukanlist/zkn_data/zukan_enc_pearl.narc,132,4732,,70236,70240,30552,30556,4,df3f619804a92fdb4057192dc43dd748ea778adc52bc498ce80524c014b81119,00000000,,,,,False,,,,,,,,,,False,False
/application/zukanlist/zkn_data/zukan_enc_pearl.narc,/application/zukanlist/zkn_data/zukan_enc_pearl.narc!/member_04733,0,/application/zukanlist/zkn_data/zukan_enc_pearl.narc,132,4733,,70240,70244,30556,30560,4,df3f619804a92fdb4057192dc43dd748ea778adc52bc498ce80524c014b81119,00000000,,,,,False,,,,,,,,,,False,False
/application/zukanlist/zkn_data/zukan_enc_pearl.narc,/application/zukanlist/zkn_data/zukan_enc_pearl.narc!/member_04734,0,/application/zukanlist/zkn_data/zukan_enc_pearl.narc,132,4734,,70244,70248,30560,30564,4,df3f619804a92fdb4057192dc43dd748ea778adc52bc498ce80524c014b81119,00000000,,,,,False,,,,,,,,,,False,False
/application/zukanlist/zkn_data/zukan_enc_pearl.narc,/application/zukanlist/zkn_data/zukan_enc_pearl.narc!/member_04735,0,/application/zukanlist/zkn_data/zukan_enc_pearl.narc,132,4735,,70248,70252,30564,30568,4,df3f619804a92fdb4057192dc43dd748ea778adc52bc498ce80524c014b81119,00000000,,,,,False,,,,,,,,,,False,False
/application/zukanlist/zkn_data/zukan_enc_pearl.narc,/application/zukanlist/zkn_data/zukan_enc_pearl.narc!/member_04736,0,/application/zukanlist/zkn_data/zukan_enc_pearl.narc,132,4736,,70252,70260,30568,30576,8,205df2fd636e9a2b6e81c3987fa3dcdd09d64c5c710dd61aaa50a97d222a3f74,1d00000000000000,,,,,False,,,,,,,,,,False,False
/application/zukanlist/zkn_data/zukan_enc_pearl.narc,/application/zukanlist/zkn_data/zukan_enc_pearl.narc!/member_04737,0,/application/zukanlist/zkn_data/zukan_enc_pearl.narc,132,4737,,70260,70264,30576,30580,4,df3f619804a92fdb4057192dc43dd748ea778adc52bc498ce80524c014b81119,00000000,,,,,False,,,,,,,,,,False,False
/application/zukanlist/zkn_data/zukan_enc_pearl.narc,/application/zukanlist/zkn_data/zukan_enc_pearl.narc!/member_04738,0,/application/zukanlist/zkn_data/zukan_enc_pearl.narc,132,4738,,70264,70268,30580,30584,4,df3f619804a92fdb4057192dc43dd748ea778adc52bc498ce80524c014b81119,00000000,,,,,False,,,,,,,,,,False,False
/application/zukanlist/zkn_data/zukan_enc_pearl.narc,/application/zukanlist/zkn_data/zukan_enc_pearl.narc!/member_04739,0,/application/zukanlist/zkn_data/zukan_enc_pearl.narc,132,4739,,70268,70280,30584,30596,12,bd303d988d5623675457b160a63dc41e0ab9e81fb40bd971ee5e6efecdecab88,0e0000000f00000000000000,,,,,False,,,,,,,,,,False,False
/application/zukanlist/zkn_data/zukan_enc_pearl.narc,/application/zukanlist/zkn_data/zukan_enc_pearl.narc!/member_04740,0,/application/zukanlist/zkn_data/zukan_enc_pearl.narc,132,4740,,70280,70292,30596,30608,12,bd303d988d5623675457b160a63dc41e0ab9e81fb40bd971ee5e6efecdecab88,0e0000000f00000000000000,,,,,False,,,,,,,,,,False,False
/application/zukanlist/zkn_data/zukan_enc_pearl.narc,/application/zukanlist/zkn_data/zukan_enc_pearl.narc!/member_04741,0,/application/zukanlist/zkn_data/zukan_enc_pearl.narc,132,4741,,70292,70296,30608,30612,4,df3f619804a92fdb4057192dc43dd748ea778adc52bc498ce80524c014b81119,00000000,,,,,False,,,,,,,,,,False,False
/application/zukanlist/zkn_data/zukan_enc_pearl.narc,/application/zukanlist/zkn_data/zukan_enc_pearl.narc!/member_04742,0,/application/zukanlist/zkn_data/zukan_enc_pearl.narc,132,4742,,70296,70300,30612,30616,4,df3f619804a92fdb4057192dc43dd748ea778adc52bc498ce80524c014b81119,00000000,,,,,False,,,,,,,,,,False,False
/application/zukanlist/zkn_data/zukan_enc_pearl.narc,/application/zukanlist/zkn_data/zukan_enc_pearl.narc!/member_04743,0,/application/zukanlist/zkn_data/zukan_enc_pearl.narc,132,4743,,70300,70304,30616,30620,4,df3f619804a92fdb4057192dc43dd748ea778adc52bc498ce80524c014b81119,00000000,,,,,False,,,,,,,,,,False,False
/application/zukanlist/zkn_data/zukan_enc_pearl.narc,/application/zukanlist/zkn_data/zukan_enc_pearl.narc!/member_04744,0,/application/zukanlist/zkn_data/zukan_enc_pearl.narc,132,4744,,70304,70308,30620,30624,4,df3f619804a92fdb4057192dc43dd748ea778adc52bc498ce80524c014b81119,00000000,,,,,False,,,,,,,,,,False,False
/application/zukanlist/zkn_data/zukan_enc_pearl.narc,/application/zukanlist/zkn_data/zukan_enc_pearl.narc!/member_04745,0,/application/zukanlist/zkn_data/zukan_enc_pearl.narc,132,4745,,70308,70312,30624,30628,4,df3f619804a92fdb4057192dc43dd748ea778adc52bc498ce80524c014b81119,00000000,,,,,False,,,,,,,,,,False,False
/application/zukanlist/zkn_data/zukan_enc_pearl.narc,/application/zukanlist/zkn_data/zukan_enc_pearl.narc!/member_04746,0,/application/zukanlist/zkn_data/zukan_enc_pearl.narc,132,4746,,70312,70316,30628,30632,4,df3f619804a92fdb4057192dc43dd748ea778adc52bc498ce80524c014b81119,00000000,,,,,False,,,,,,,,,,False,False
/application/zukanlist/zkn_data/zukan_enc_pearl.narc,/application/zukanlist/zkn_data/zukan_enc_pearl.narc!/member_04747,0,/application/zukanlist/zkn_data/zukan_enc_pearl.narc,132,4747,,70316,70320,30632,30636,4,df3f619804a92fdb4057192dc43dd748ea778adc52bc498ce80524c014b81119,00000000,,,,,False,,,,,,,,,,False,False
/application/zukanlist/zkn_data/zukan_enc_pearl.narc,/application/zukanlist/zkn_data/zukan_enc_pearl.narc!/member_04748,0,/application/zukanlist/zkn_data/zukan_enc_pearl.narc,132,4748,,70320,70324,30636,30640,4,df3f619804a92fdb4057192dc43dd748ea778adc52bc498ce80524c014b81119,00000000,,,,,False,,,,,,,,,,False,False
/application/zukanlist/zkn_data/zukan_enc_pearl.narc,/application/zukanlist/zkn_data/zukan_enc_pearl.narc!/member_04749,0,/application/zukanlist/zkn_data/zukan_enc_pearl.narc,132,4749,,70324,70328,30640,30644,4,df3f619804a92fdb4057192dc43dd748ea778adc52bc498ce80524c014b81119,00000000,,,,,False,,,,,,,,,,False,False
/application/zukanlist/zkn_data/zukan_enc_pearl.narc,/application/zukanlist/zkn_data/zukan_enc_pearl.narc!/member_04750,0,/application/zukanlist/zkn_data/zukan_enc_pearl.narc,132,4750,,70328,70332,30644,30648,4,df3f619804a92fdb4057192dc43dd748ea778adc52bc498ce80524c014b81119,00000000,,,,,False,,,,,,,,,,False,False
/application/zukanlist/zkn_data/zukan_enc_pearl.narc,/application/zukanlist/zkn_data/zukan_enc_pearl.narc!/member_04751,0,/application/zukanlist/zkn_data/zukan_enc_pearl.narc,132,4751,,70332,70336,30648,30652,4,df3f619804a92fdb4057192dc43dd748ea778adc52bc498ce80524c014b81119,00000000,,,,,False,,,,,,,,,,False,False
/application/zukanlist/zkn_data/zukan_enc_pearl.narc,/application/zukanlist/zkn_data/zukan_enc_pearl.narc!/member_04752,0,/application/zukanlist/zkn_data/zukan_enc_pearl.narc,132,4752,,70336,70340,30652,30656,4,df3f619804a92fdb4057192dc43dd748ea778adc52bc498ce80524c014b81119,00000000,,,,,False,,,,,,,,,,False,False
/application/zukanlist/zkn_data/zukan_enc_pearl.narc,/application/zukanlist/zkn_data/zukan_enc_pearl.narc!/member_04753,0,/application/zukanlist/zkn_data/zukan_enc_pearl.narc,132,4753,,70340,70344,30656,30660,4,df3f619804a92fdb4057192dc43dd748ea778adc52bc498ce80524c014b81119,00000000,,,,,False,,,,,,,,,,False,False
/application/zukanlist/zkn_data/zukan_enc_pearl.narc,/application/zukanlist/zkn_data/zukan_enc_pearl.narc!/member_04754,0,/application/zukanlist/zkn_data/zukan_enc_pearl.narc,132,4754,,70344,70348,30660,30664,4,df3f619804a92fdb4057192dc43dd748ea778adc52bc498ce80524c014b81119,00000000,,,,,False,,,,,,,,,,False,False
/application/zukanlist/zkn_data/zukan_enc_pearl.narc,/application/zukanlist/zkn_data/zukan_enc_pearl.narc!/member_04755,0,/application/zukanlist/zkn_data/zukan_enc_pearl.narc,132,4755,,70348,70352,30664,30668,4,df3f619804a92fdb4057192dc43dd748ea778adc52bc498ce80524c014b81119,00000000,,,,,False,,,,,,,,,,False,False
/application/zukanlist/zkn_data/zukan_enc_pearl.narc,/application/zukanlist/zkn_data/zukan_enc_pearl.narc!/member_04756,0,/application/zukanlist/zkn_data/zukan_enc_pearl.narc,132,4756,,70352,70356,30668,30672,4,df3f619804a92fdb4057192dc43dd748ea778adc52bc498ce80524c014b81119,00000000,,,,,False,,,,,,,,,,False,False
/application/zukanlist/zkn_data/zukan_enc_pearl.narc,/application/zukanlist/zkn_data/zukan_enc_pearl.narc!/member_04757,0,/application/zukanlist/zkn_data/zukan_enc_pearl.narc,132,4757,,70356,70360,30672,30676,4,df3f619804a92fdb4057192dc43dd748ea778adc52bc498ce80524c014b81119,00000000,,,,,False,,,,,,,,,,False,False
/application/zukanlist/zkn_data/zukan_enc_pearl.narc,/application/zukanlist/zkn_data/zukan_enc_pearl.narc!/member_04758,0,/application/zukanlist/zkn_data/zukan_enc_pearl.narc,132,4758,,70360,70364,30676,30680,4,df3f619804a92fdb4057192dc43dd748ea778adc52bc498ce80524c014b81119,00000000,,,,,False,,,,,,,,,,False,False
/application/zukanlist/zkn_data/zukan_enc_pearl.narc,/application/zukanlist/zkn_data/zukan_enc_pearl.narc!/member_04759,0,/application/zukanlist/zkn_data/zukan_enc_pearl.narc,132,4759,,70364,70368,30680,30684,4,df3f619804a92fdb4057192dc43dd748ea778adc52bc498ce80524c014b81119,00000000,,,,,False,,,,,,,,,,False,False
/application/zukanlist/zkn_data/zukan_enc_pearl.narc,/application/zukanlist/zkn_data/zukan_enc_pearl.narc!/member_04760,0,/application/zukanlist/zkn_data/zukan_enc_pearl.narc,132,4760,,70368,70372,30684,30688,4,df3f619804a92fdb4057192dc43dd748ea778adc52bc498ce80524c014b81119,00000000,,,,,False,,,,,,,,,,False,False
/application/zukanlist/zkn_data/zukan_enc_pearl.narc,/application/zukanlist/zkn_data/zukan_enc_pearl.narc!/member_04761,0,/application/zukanlist/zkn_data/zukan_enc_pearl.narc,132,4761,,70372,70376,30688,30692,4,df3f619804a92fdb4057192dc43dd748ea778adc52bc498ce80524c014b81119,00000000,,,,,False,,,,,,,,,,False,False
/application/zukanlist/zkn_data/zukan_enc_pearl.narc,/application/zukanlist/zkn_data/zukan_enc_pearl.narc!/member_04762,0,/application/zukanlist/zkn_data/zukan_enc_pearl.narc,132,4762,,70376,70380,30692,30696,4,df3f619804a92fdb4057192dc43dd748ea778adc52bc498ce80524c014b81119,00000000,,,,,False,,,,,,,,,,False,False
/application/zukanlist/zkn_data/zukan_enc_pearl.narc,/application/zukanlist/zkn_data/zukan_enc_pearl.narc!/member_04763,0,/application/zukanlist/zkn_data/zukan_enc_pearl.narc,132,4763,,70380,70384,30696,30700,4,df3f619804a92fdb4057192dc43dd748ea778adc52bc498ce80524c014b81119,00000000,,,,,False,,,,,,,,,,False,False
/application/zukanlist/zkn_data/zukan_enc_pearl.narc,/application/zukanlist/zkn_data/zukan_enc_pearl.narc!/member_04764,0,/application/zukanlist/zkn_data/zukan_enc_pearl.narc,132,4764,,70384,70388,30700,30704,4,df3f619804a92fdb4057192dc43dd748ea778adc52bc498ce80524c014b81119,00000000,,,,,False,,,,,,,,,,False,False
/application/zukanlist/zkn_data/zukan_enc_pearl.narc,/application/zukanlist/zkn_data/zukan_enc_pearl.narc!/member_04765,0,/application/zukanlist/zkn_data/zukan_enc_pearl.narc,132,4765,,70388,70392,30704,30708,4,df3f619804a92fdb4057192dc43dd748ea778adc52bc498ce80524c014b81119,00000000,,,,,False,,,,,,,,,,False,False
/application/zukanlist/zkn_data/zukan_enc_pearl.narc,/application/zukanlist/zkn_data/zukan_enc_pearl.narc!/member_04766,0,/application/zukanlist/zkn_data/zukan_enc_pearl.narc,132,4766,,70392,70396,30708,30712,4,df3f619804a92fdb4057192dc43dd748ea778adc52bc498ce80524c014b81119,00000000,,,,,False,,,,,,,,,,False,False
/application/zukanlist/zkn_data/zukan_enc_pearl.narc,/application/zukanlist/zkn_data/zukan_enc_pearl.narc!/member_04767,0,/application/zukanlist/zkn_data/zukan_enc_pearl.narc,132,4767,,70396,70400,30712,30716,4,df3f619804a92fdb4057192dc43dd748ea778adc52bc498ce80524c014b81119,00000000,,,,,False,,,,,,,,,,False,False
/application/zukanlist/zkn_data/zukan_enc_pearl.narc,/application/zukanlist/zkn_data/zukan_enc_pearl.narc!/member_04768,0,/application/zukanlist/zkn_data/zukan_enc_pearl.narc,132,4768,,70400,70404,30716,30720,4,df3f619804a92fdb4057192dc43dd748ea778adc52bc498ce80524c014b81119,00000000,,,,,False,,,,,,,,,,False,False
/application/zukanlist/zkn_data/zukan_enc_pearl.narc,/application/zukanlist/zkn_data/zukan_enc_pearl.narc!/member_04769,0,/application/zukanlist/zkn_data/zukan_enc_pearl.narc,132,4769,,70404,70408,30720,30724,4,df3f619804a92fdb4057192dc43dd748ea778adc52bc498ce80524c014b81119,00000000,,,,,False,,,,,,,,,,False,False
/application/zukanlist/zkn_data/zukan_enc_pearl.narc,/application/zukanlist/zkn_data/zukan_enc_pearl.narc!/member_04770,0,/application/zukanlist/zkn_data/zukan_enc_pearl.narc,132,4770,,70408,70412,30724,30728,4,df3f619804a92fdb4057192dc43dd748ea778adc52bc498ce80524c014b81119,00000000,,,,,False,,,,,,,,,,False,False
/application/zukanlist/zkn_data/zukan_enc_pearl.narc,/application/zukanlist/zkn_data/zukan_enc_pearl.narc!/member_04771,0,/application/zukanlist/zkn_data/zukan_enc_pearl.narc,132,4771,,70412,70416,30728,30732,4,df3f619804a92fdb4057192dc43dd748ea778adc52bc498ce80524c014b81119,00000000,,,,,False,,,,,,,,,,False,False
/application/zukanlist/zkn_data/zukan_enc_pearl.narc,/application/zukanlist/zkn_data/zukan_enc_pearl.narc!/member_04772,0,/application/zukanlist/zkn_data/zukan_enc_pearl.narc,132,4772,,70416,70420,30732,30736,4,df3f619804a92fdb4057192dc43dd748ea778adc52bc498ce80524c014b81119,00000000,,,,,False,,,,,,,,,,False,False
/application/zukanlist/zkn_data/zukan_enc_pearl.narc,/application/zukanlist/zkn_data/zukan_enc_pearl.narc!/member_04773,0,/application/zukanlist/zkn_data/zukan_enc_pearl.narc,132,4773,,70420,70424,30736,30740,4,df3f619804a92fdb4057192dc43dd748ea778adc52bc498ce80524c014b81119,00000000,,,,,False,,,,,,,,,,False,False
/application/zukanlist/zkn_data/zukan_enc_pearl.narc,/application/zukanlist/zkn_data/zukan_enc_pearl.narc!/member_04774,0,/application/zukanlist/zkn_data/zukan_enc_pearl.narc,132,4774,,70424,70428,30740,30744,4,df3f619804a92fdb4057192dc43dd748ea778adc52bc498ce80524c014b81119,00000000,,,,,False,,,,,,,,,,False,False
/application/zukanlist/zkn_data/zukan_enc_pearl.narc,/application/zukanlist/zkn_data/zukan_enc_pearl.narc!/member_04775,0,/application/zukanlist/zkn_data/zukan_enc_pearl.narc,132,4775,,70428,70432,30744,30748,4,df3f619804a92fdb4057192dc43dd748ea778adc52bc498ce80524c014b81119,00000000,,,,,False,,,,,,,,,,False,False
/application/zukanlist/zkn_data/zukan_enc_pearl.narc,/application/zukanlist/zkn_data/zukan_enc_pearl.narc!/member_04776,0,/application/zukanlist/zkn_data/zukan_enc_pearl.narc,132,4776,,70432,70436,30748,30752,4,df3f619804a92fdb4057192dc43dd748ea778adc52bc498ce80524c014b81119,00000000,,,,,False,,,,,,,,,,False,False
/application/zukanlist/zkn_data/zukan_enc_pearl.narc,/application/zukanlist/zkn_data/zukan_enc_pearl.narc!/member_04777,0,/application/zukanlist/zkn_data/zukan_enc_pearl.narc,132,4777,,70436,70440,30752,30756,4,df3f619804a92fdb4057192dc43dd748ea778adc52bc498ce80524c014b81119,00000000,,,,,False,,,,,,,,,,False,False
/application/zukanlist/zkn_data/zukan_enc_pearl.narc,/application/zukanlist/zkn_data/zukan_enc_pearl.narc!/member_04778,0,/application/zukanlist/zkn_data/zukan_enc_pearl.narc,132,4778,,70440,70444,30756,30760,4,df3f619804a92fdb4057192dc43dd748ea778adc52bc498ce80524c014b81119,00000000,,,,,False,,,,,,,,,,False,False
/application/zukanlist/zkn_data/zukan_enc_pearl.narc,/application/zukanlist/zkn_data/zukan_enc_pearl.narc!/member_04779,0,/application/zukanlist/zkn_data/zukan_enc_pearl.narc,132,4779,,70444,70448,30760,30764,4,df3f619804a92fdb4057192dc43dd748ea778adc52bc498ce80524c014b81119,00000000,,,,,False,,,,,,,,,,False,False
/application/zukanlist/zkn_data/zukan_enc_pearl.narc,/application/zukanlist/zkn_data/zukan_enc_pearl.narc!/member_04780,0,/application/zukanlist/zkn_data/zukan_enc_pearl.narc,132,4780,,70448,70452,30764,30768,4,df3f619804a92fdb4057192dc43dd748ea778adc52bc498ce80524c014b81119,00000000,,,,,False,,,,,,,,,,False,False
/application/zukanlist/zkn_data/zukan_enc_pearl.narc,/application/zukanlist/zkn_data/zukan_enc_pearl.narc!/member_04781,0,/application/zukanlist/zkn_data/zukan_enc_pearl.narc,132,4781,,70452,70456,30768,30772,4,df3f619804a92fdb4057192dc43dd748ea778adc52bc498ce80524c014b81119,00000000,,,,,False,,,,,,,,,,False,False
/application/zukanlist/zkn_data/zukan_enc_pearl.narc,/application/zukanlist/zkn_data/zukan_enc_pearl.narc!/member_04782,0,/application/zukanlist/zkn_data/zukan_enc_pearl.narc,132,4782,,70456,70460,30772,30776,4,df3f619804a92fdb4057192dc43dd748ea778adc52bc498ce80524c014b81119,00000000,,,,,False,,,,,,,,,,False,False
/application/zukanlist/zkn_data/zukan_enc_pearl.narc,/application/zukanlist/zkn_data/zukan_enc_pearl.narc!/member_04783,0,/application/zukanlist/zkn_data/zukan_enc_pearl.narc,132,4783,,70460,70472,30776,30788,12,82845f601ec6f67c6123951adc94a3a015e24cb0ab292fb289695e981c4a6a7a,080000002800000000000000,,,,,False,,,,,,,,,,False,False
/application/zukanlist/zkn_data/zukan_enc_pearl.narc,/application/zukanlist/zkn_data/zukan_enc_pearl.narc!/member_04784,0,/application/zukanlist/zkn_data/zukan_enc_pearl.narc,132,4784,,70472,70476,30788,30792,4,df3f619804a92fdb4057192dc43dd748ea778adc52bc498ce80524c014b81119,00000000,,,,,False,,,,,,,,,,False,False
/application/zukanlist/zkn_data/zukan_enc_pearl.narc,/application/zukanlist/zkn_data/zukan_enc_pearl.narc!/member_04785,0,/application/zukanlist/zkn_data/zukan_enc_pearl.narc,132,4785,,70476,70480,30792,30796,4,df3f619804a92fdb4057192dc43dd748ea778adc52bc498ce80524c014b81119,00000000,,,,,False,,,,,,,,,,False,False
/application/zukanlist/zkn_data/zukan_enc_pearl.narc,/application/zukanlist/zkn_data/zukan_enc_pearl.narc!/member_04786,0,/application/zukanlist/zkn_data/zukan_enc_pearl.narc,132,4786,,70480,70484,30796,30800,4,df3f619804a92fdb4057192dc43dd748ea778adc52bc498ce80524c014b81119,00000000,,,,,False,,,,,,,,,,False,False
/application/zukanlist/zkn_data/zukan_enc_pearl.narc,/application/zukanlist/zkn_data/zukan_enc_pearl.narc!/member_04787,0,/application/zukanlist/zkn_data/zukan_enc_pearl.narc,132,4787,,70484,70492,30800,30808,8,b8282e78d87c2a42f7c0f5b543c0d7760d3fe5a3860a25c20ec57ddaa4d80b81,2900000000000000,,,,,False,,,,,,,,,,False,False
/application/zukanlist/zkn_data/zukan_enc_pearl.narc,/application/zukanlist/zkn_data/zukan_enc_pearl.narc!/member_04788,0,/application/zukanlist/zkn_data/zukan_enc_pearl.narc,132,4788,,70492,70500,30808,30816,8,b8282e78d87c2a42f7c0f5b543c0d7760d3fe5a3860a25c20ec57ddaa4d80b81,2900000000000000,,,,,False,,,,,,,,,,False,False
/application/zukanlist/zkn_data/zukan_enc_pearl.narc,/application/zukanlist/zkn_data/zukan_enc_pearl.narc!/member_04789,0,/application/zukanlist/zkn_data/zukan_enc_pearl.narc,132,4789,,70500,70504,30816,30820,4,df3f619804a92fdb4057192dc43dd748ea778adc52bc498ce80524c014b81119,00000000,,,,,False,,,,,,,,,,False,False
/application/zukanlist/zkn_data/zukan_enc_pearl.narc,/application/zukanlist/zkn_data/zukan_enc_pearl.narc!/member_04790,0,/application/zukanlist/zkn_data/zukan_enc_pearl.narc,132,4790,,70504,70508,30820,30824,4,df3f619804a92fdb4057192dc43dd748ea778adc52bc498ce80524c014b81119,00000000,,,,,False,,,,,,,,,,False,False
/application/zukanlist/zkn_data/zukan_enc_pearl.narc,/application/zukanlist/zkn_data/zukan_enc_pearl.narc!/member_04791,0,/application/zukanlist/zkn_data/zukan_enc_pearl.narc,132,4791,,70508,70512,30824,30828,4,df3f619804a92fdb4057192dc43dd748ea778adc52bc498ce80524c014b81119,00000000,,,,,False,,,,,,,,,,False,False
/application/zukanlist/zkn_data/zukan_enc_pearl.narc,/application/zukanlist/zkn_data/zukan_enc_pearl.narc!/member_04792,0,/application/zukanlist/zkn_data/zukan_enc_pearl.narc,132,4792,,70512,70520,30828,30836,8,0eb4151526e178c1eb80712010d8f2da558857531afdbac4b4a508f62cb23318,1a00000000000000,,,,,False,,,,,,,,,,False,False
/application/zukanlist/zkn_data/zukan_enc_pearl.narc,/application/zukanlist/zkn_data/zukan_enc_pearl.narc!/member_04793,0,/application/zukanlist/zkn_data/zukan_enc_pearl.narc,132,4793,,70520,70524,30836,30840,4,df3f619804a92fdb4057192dc43dd748ea778adc52bc498ce80524c014b81119,00000000,,,,,False,,,,,,,,,,False,False
/application/zukanlist/zkn_data/zukan_enc_pearl.narc,/application/zukanlist/zkn_data/zukan_enc_pearl.narc!/member_04794,0,/application/zukanlist/zkn_data/zukan_enc_pearl.narc,132,4794,,70524,70528,30840,30844,4,df3f619804a92fdb4057192dc43dd748ea778adc52bc498ce80524c014b81119,00000000,,,,,False,,,,,,,,,,False,False
/application/zukanlist/zkn_data/zukan_enc_pearl.narc,/application/zukanlist/zkn_data/zukan_enc_pearl.narc!/member_04795,0,/application/zukanlist/zkn_data/zukan_enc_pearl.narc,132,4795,,70528,70532,30844,30848,4,df3f619804a92fdb4057192dc43dd748ea778adc52bc498ce80524c014b81119,00000000,,,,,False,,,,,,,,,,False,False
/application/zukanlist/zkn_data/zukan_enc_pearl.narc,/application/zukanlist/zkn_data/zukan_enc_pearl.narc!/member_04796,0,/application/zukanlist/zkn_data/zukan_enc_pearl.narc,132,4796,,70532,70536,30848,30852,4,df3f619804a92fdb4057192dc43dd748ea778adc52bc498ce80524c014b81119,00000000,,,,,False,,,,,,,,,,False,False
/application/zukanlist/zkn_data/zukan_enc_pearl.narc,/application/zukanlist/zkn_data/zukan_enc_pearl.narc!/member_04797,0,/application/zukanlist/zkn_data/zukan_enc_pearl.narc,132,4797,,70536,70540,30852,30856,4,df3f619804a92fdb4057192dc43dd748ea778adc52bc498ce80524c014b81119,00000000,,,,,False,,,,,,,,,,False,False
/application/zukanlist/zkn_data/zukan_enc_pearl.narc,/application/zukanlist/zkn_data/zukan_enc_pearl.narc!/member_04798,0,/application/zukanlist/zkn_data/zukan_enc_pearl.narc,132,4798,,70540,70544,30856,30860,4,df3f619804a92fdb4057192dc43dd748ea778adc52bc498ce80524c014b81119,00000000,,,,,False,,,,,,,,,,False,False
/application/zukanlist/zkn_data/zukan_enc_pearl.narc,/application/zukanlist/zkn_data/zukan_enc_pearl.narc!/member_04799,0,/application/zukanlist/zkn_data/zukan_enc_pearl.narc,132,4799,,70544,70548,30860,30864,4,df3f619804a92fdb4057192dc43dd748ea778adc52bc498ce80524c014b81119,00000000,,,,,False,,,,,,,,,,False,False
/application/zukanlist/zkn_data/zukan_enc_pearl.narc,/application/zukanlist/zkn_data/zukan_enc_pearl.narc!/member_04800,0,/application/zukanlist/zkn_data/zukan_enc_pearl.narc,132,4800,,70548,70552,30864,30868,4,df3f619804a92fdb4057192dc43dd748ea778adc52bc498ce80524c014b81119,00000000,,,,,False,,,,,,,,,,False,False
/application/zukanlist/zkn_data/zukan_enc_pearl.narc,/application/zukanlist/zkn_data/zukan_enc_pearl.narc!/member_04801,0,/application/zukanlist/zkn_data/zukan_enc_pearl.narc,132,4801,,70552,70556,30868,30872,4,df3f619804a92fdb4057192dc43dd748ea778adc52bc498ce80524c014b81119,00000000,,,,,False,,,,,,,,,,False,False
/application/zukanlist/zkn_data/zukan_enc_pearl.narc,/application/zukanlist/zkn_data/zukan_enc_pearl.narc!/member_04802,0,/application/zukanlist/zkn_data/zukan_enc_pearl.narc,132,4802,,70556,70564,30872,30880,8,1023cd53096fa66c8a605b9cd21f77cb3f8cd12f855482b27c01e85c95b9515f,1300000000000000,,,,,False,,,,,,,,,,False,False
/application/zukanlist/zkn_data/zukan_enc_pearl.narc,/application/zukanlist/zkn_data/zukan_enc_pearl.narc!/member_04803,0,/application/zukanlist/zkn_data/zukan_enc_pearl.narc,132,4803,,70564,70568,30880,30884,4,df3f619804a92fdb4057192dc43dd748ea778adc52bc498ce80524c014b81119,00000000,,,,,False,,,,,,,,,,False,False
/application/zukanlist/zkn_data/zukan_enc_pearl.narc,/application/zukanlist/zkn_data/zukan_enc_pearl.narc!/member_04804,0,/application/zukanlist/zkn_data/zukan_enc_pearl.narc,132,4804,,70568,70572,30884,30888,4,df3f619804a92fdb4057192dc43dd748ea778adc52bc498ce80524c014b81119,00000000,,,,,False,,,,,,,,,,False,False
/application/zukanlist/zkn_data/zukan_enc_pearl.narc,/application/zukanlist/zkn_data/zukan_enc_pearl.narc!/member_04805,0,/application/zukanlist/zkn_data/zukan_enc_pearl.narc,132,4805,,70572,70576,30888,30892,4,df3f619804a92fdb4057192dc43dd748ea778adc52bc498ce80524c014b81119,00000000,,,,,False,,,,,,,,,,False,False
/application/zukanlist/zkn_data/zukan_enc_pearl.narc,/application/zukanlist/zkn_data/zukan_enc_pearl.narc!/member_04806,0,/application/zukanlist/zkn_data/zukan_enc_pearl.narc,132,4806,,70576,70580,30892,30896,4,df3f619804a92fdb4057192dc43dd748ea778adc52bc498ce80524c014b81119,00000000,,,,,False,,,,,,,,,,False,False
/application/zukanlist/zkn_data/zukan_enc_pearl.narc,/application/zukanlist/zkn_data/zukan_enc_pearl.narc!/member_04807,0,/application/zukanlist/zkn_data/zukan_enc_pearl.narc,132,4807,,70580,70584,30896,30900,4,df3f619804a92fdb4057192dc43dd748ea778adc52bc498ce80524c014b81119,00000000,,,,,False,,,,,,,,,,False,False
/application/zukanlist/zkn_data/zukan_enc_pearl.narc,/application/zukanlist/zkn_data/zukan_enc_pearl.narc!/member_04808,0,/application/zukanlist/zkn_data/zukan_enc_pearl.narc,132,4808,,70584,70588,30900,30904,4,df3f619804a92fdb4057192dc43dd748ea778adc52bc498ce80524c014b81119,00000000,,,,,False,,,,,,,,,,False,False
/application/zukanlist/zkn_data/zukan_enc_pearl.narc,/application/zukanlist/zkn_data/zukan_enc_pearl.narc!/member_04809,0,/application/zukanlist/zkn_data/zukan_enc_pearl.narc,132,4809,,70588,70592,30904,30908,4,df3f619804a92fdb4057192dc43dd748ea778adc52bc498ce80524c014b81119,00000000,,,,,False,,,,,,,,,,False,False
/application/zukanlist/zkn_data/zukan_enc_pearl.narc,/application/zukanlist/zkn_data/zukan_enc_pearl.narc!/member_04810,0,/application/zukanlist/zkn_data/zukan_enc_pearl.narc,132,4810,,70592,70596,30908,30912,4,df3f619804a92fdb4057192dc43dd748ea778adc52bc498ce80524c014b81119,00000000,,,,,False,,,,,,,,,,False,False
/application/zukanlist/zkn_data/zukan_enc_pearl.narc,/application/zukanlist/zkn_data/zukan_enc_pearl.narc!/member_04811,0,/application/zukanlist/zkn_data/zukan_enc_pearl.narc,132,4811,,70596,70600,30912,30916,4,df3f619804a92fdb4057192dc43dd748ea778adc52bc498ce80524c014b81119,00000000,,,,,False,,,,,,,,,,False,False
/application/zukanlist/zkn_data/zukan_enc_pearl.narc,/application/zukanlist/zkn_data/zukan_enc_pearl.narc!/member_04812,0,/application/zukanlist/zkn_data/zukan_enc_pearl.narc,132,4812,,70600,70604,30916,30920,4,df3f619804a92fdb4057192dc43dd748ea778adc52bc498ce80524c014b81119,00000000,,,,,False,,,,,,,,,,False,False
/application/zukanlist/zkn_data/zukan_enc_pearl.narc,/application/zukanlist/zkn_data/zukan_enc_pearl.narc!/member_04813,0,/application/zukanlist/zkn_data/zukan_enc_pearl.narc,132,4813,,70604,70608,30920,30924,4,df3f619804a92fdb4057192dc43dd748ea778adc52bc498ce80524c014b81119,00000000,,,,,False,,,,,,,,,,False,False
/application/zukanlist/zkn_data/zukan_enc_pearl.narc,/application/zukanlist/zkn_data/zukan_enc_pearl.narc!/member_04814,0,/application/zukanlist/zkn_data/zukan_enc_pearl.narc,132,4814,,70608,70616,30924,30932,8,427b4d443e4c7f008af332e9acfc1539b4369ddc4f1915eea321a96caab10798,2600000000000000,,,,,False,,,,,,,,,,False,False
/application/zukanlist/zkn_data/zukan_enc_pearl.narc,/application/zukanlist/zkn_data/zukan_enc_pearl.narc!/member_04815,0,/application/zukanlist/zkn_data/zukan_enc_pearl.narc,132,4815,,70616,70624,30932,30940,8,427b4d443e4c7f008af332e9acfc1539b4369ddc4f1915eea321a96caab10798,2600000000000000,,,,,False,,,,,,,,,,False,False
/application/zukanlist/zkn_data/zukan_enc_pearl.narc,/application/zukanlist/zkn_data/zukan_enc_pearl.narc!/member_04816,0,/application/zukanlist/zkn_data/zukan_enc_pearl.narc,132,4816,,70624,70628,30940,30944,4,df3f619804a92fdb4057192dc43dd748ea778adc52bc498ce80524c014b81119,00000000,,,,,False,,,,,,,,,,False,False
/application/zukanlist/zkn_data/zukan_enc_pearl.narc,/application/zukanlist/zkn_data/zukan_enc_pearl.narc!/member_04817,0,/application/zukanlist/zkn_data/zukan_enc_pearl.narc,132,4817,,70628,70632,30944,30948,4,df3f619804a92fdb4057192dc43dd748ea778adc52bc498ce80524c014b81119,00000000,,,,,False,,,,,,,,,,False,False
/application/zukanlist/zkn_data/zukan_enc_pearl.narc,/application/zukanlist/zkn_data/zukan_enc_pearl.narc!/member_04818,0,/application/zukanlist/zkn_data/zukan_enc_pearl.narc,132,4818,,70632,70636,30948,30952,4,df3f619804a92fdb4057192dc43dd748ea778adc52bc498ce80524c014b81119,00000000,,,,,False,,,,,,,,,,False,False
/application/zukanlist/zkn_data/zukan_enc_pearl.narc,/application/zukanlist/zkn_data/zukan_enc_pearl.narc!/member_04819,0,/application/zukanlist/zkn_data/zukan_enc_pearl.narc,132,4819,,70636,70640,30952,30956,4,df3f619804a92fdb4057192dc43dd748ea778adc52bc498ce80524c014b81119,00000000,,,,,False,,,,,,,,,,False,False
/application/zukanlist/zkn_data/zukan_enc_pearl.narc,/application/zukanlist/zkn_data/zukan_enc_pearl.narc!/member_04820,0,/application/zukanlist/zkn_data/zukan_enc_pearl.narc,132,4820,,70640,70656,30956,30972,16,f2578d6ab3f7d6034fa63ec3e6dd43add5c54ca3f83107f42a3b19e64bc9720a,0b000000200000002100000000000000,,,,,False,,,,,,,,,,False,False
/application/zukanlist/zkn_data/zukan_enc_pearl.narc,/application/zukanlist/zkn_data/zukan_enc_pearl.narc!/member_04821,0,/application/zukanlist/zkn_data/zukan_enc_pearl.narc,132,4821,,70656,70660,30972,30976,4,df3f619804a92fdb4057192dc43dd748ea778adc52bc498ce80524c014b81119,00000000,,,,,False,,,,,,,,,,False,False
/application/zukanlist/zkn_data/zukan_enc_pearl.narc,/application/zukanlist/zkn_data/zukan_enc_pearl.narc!/member_04822,0,/application/zukanlist/zkn_data/zukan_enc_pearl.narc,132,4822,,70660,70664,30976,30980,4,df3f619804a92fdb4057192dc43dd748ea778adc52bc498ce80524c014b81119,00000000,,,,,False,,,,,,,,,,False,False
/application/zukanlist/zkn_data/zukan_enc_pearl.narc,/application/zukanlist/zkn_data/zukan_enc_pearl.narc!/member_04823,0,/application/zukanlist/zkn_data/zukan_enc_pearl.narc,132,4823,,70664,70668,30980,30984,4,df3f619804a92fdb4057192dc43dd748ea778adc52bc498ce80524c014b81119,00000000,,,,,False,,,,,,,,,,False,False
/application/zukanlist/zkn_data/zukan_enc_pearl.narc,/application/zukanlist/zkn_data/zukan_enc_pearl.narc!/member_04824,0,/application/zukanlist/zkn_data/zukan_enc_pearl.narc,132,4824,,70668,70672,30984,30988,4,df3f619804a92fdb4057192dc43dd748ea778adc52bc498ce80524c014b81119,00000000,,,,,False,,,,,,,,,,False,False
/application/zukanlist/zkn_data/zukan_enc_pearl.narc,/application/zukanlist/zkn_data/zukan_enc_pearl.narc!/member_04825,0,/application/zukanlist/zkn_data/zukan_enc_pearl.narc,132,4825,,70672,70676,30988,30992,4,df3f619804a92fdb4057192dc43dd748ea778adc52bc498ce80524c014b81119,00000000,,,,,False,,,,,,,,,,False,False
/application/zukanlist/zkn_data/zukan_enc_pearl.narc,/application/zukanlist/zkn_data/zukan_enc_pearl.narc!/member_04826,0,/application/zukanlist/zkn_data/zukan_enc_pearl.narc,132,4826,,70676,70680,30992,30996,4,df3f619804a92fdb4057192dc43dd748ea778adc52bc498ce80524c014b81119,00000000,,,,,False,,,,,,,,,,False,False
/application/zukanlist/zkn_data/zukan_enc_pearl.narc,/application/zukanlist/zkn_data/zukan_enc_pearl.narc!/member_04827,0,/application/zukanlist/zkn_data/zukan_enc_pearl.narc,132,4827,,70680,70684,30996,31000,4,df3f619804a92fdb4057192dc43dd748ea778adc52bc498ce80524c014b81119,00000000,,,,,False,,,,,,,,,,False,False
/application/zukanlist/zkn_data/zukan_enc_pearl.narc,/application/zukanlist/zkn_data/zukan_enc_pearl.narc!/member_04828,0,/application/zukanlist/zkn_data/zukan_enc_pearl.narc,132,4828,,70684,70688,31000,31004,4,df3f619804a92fdb4057192dc43dd748ea778adc52bc498ce80524c014b81119,00000000,,,,,False,,,,,,,,,,False,False
/application/zukanlist/zkn_data/zukan_enc_pearl.narc,/application/zukanlist/zkn_data/zukan_enc_pearl.narc!/member_04829,0,/application/zukanlist/zkn_data/zukan_enc_pearl.narc,132,4829,,70688,70692,31004,31008,4,df3f619804a92fdb4057192dc43dd748ea778adc52bc498ce80524c014b81119,00000000,,,,,False,,,,,,,,,,False,False
/application/zukanlist/zkn_data/zukan_enc_pearl.narc,/application/zukanlist/zkn_data/zukan_enc_pearl.narc!/member_04830,0,/application/zukanlist/zkn_data/zukan_enc_pearl.narc,132,4830,,70692,70700,31008,31016,8,cbb032642036ec7043fa4529f06c9c9d8b12fa70ea6799a19ca8321a808d86fa,1800000000000000,,,,,False,,,,,,,,,,False,False
/application/zukanlist/zkn_data/zukan_enc_pearl.narc,/application/zukanlist/zkn_data/zukan_enc_pearl.narc!/member_04831,0,/application/zukanlist/zkn_data/zukan_enc_pearl.narc,132,4831,,70700,70704,31016,31020,4,df3f619804a92fdb4057192dc43dd748ea778adc52bc498ce80524c014b81119,00000000,,,,,False,,,,,,,,,,False,False
/application/zukanlist/zkn_data/zukan_enc_pearl.narc,/application/zukanlist/zkn_data/zukan_enc_pearl.narc!/member_04832,0,/application/zukanlist/zkn_data/zukan_enc_pearl.narc,132,4832,,70704,70708,31020,31024,4,df3f619804a92fdb4057192dc43dd748ea778adc52bc498ce80524c014b81119,00000000,,,,,False,,,,,,,,,,False,False
/application/zukanlist/zkn_data/zukan_enc_pearl.narc,/application/zukanlist/zkn_data/zukan_enc_pearl.narc!/member_04833,0,/application/zukanlist/zkn_data/zukan_enc_pearl.narc,132,4833,,70708,70712,31024,31028,4,df3f619804a92fdb4057192dc43dd748ea778adc52bc498ce80524c014b81119,00000000,,,,,False,,,,,,,,,,False,False
/application/zukanlist/zkn_data/zukan_enc_pearl.narc,/application/zukanlist/zkn_data/zukan_enc_pearl.narc!/member_04834,0,/application/zukanlist/zkn_data/zukan_enc_pearl.narc,132,4834,,70712,70716,31028,31032,4,df3f619804a92fdb4057192dc43dd748ea778adc52bc498ce80524c014b81119,00000000,,,,,False,,,,,,,,,,False,False
/application/zukanlist/zkn_data/zukan_enc_pearl.narc,/application/zukanlist/zkn_data/zukan_enc_pearl.narc!/member_04835,0,/application/zukanlist/zkn_data/zukan_enc_pearl.narc,132,4835,,70716,70720,31032,31036,4,df3f619804a92fdb4057192dc43dd748ea778adc52bc498ce80524c014b81119,00000000,,,,,False,,,,,,,,,,False,False
/application/zukanlist/zkn_data/zukan_enc_pearl.narc,/application/zukanlist/zkn_data/zukan_enc_pearl.narc!/member_04836,0,/application/zukanlist/zkn_data/zukan_enc_pearl.narc,132,4836,,70720,70724,31036,31040,4,df3f619804a92fdb4057192dc43dd748ea778adc52bc498ce80524c014b81119,00000000,,,,,False,,,,,,,,,,False,False
/application/zukanlist/zkn_data/zukan_enc_pearl.narc,/application/zukanlist/zkn_data/zukan_enc_pearl.narc!/member_04837,0,/application/zukanlist/zkn_data/zukan_enc_pearl.narc,132,4837,,70724,70728,31040,31044,4,df3f619804a92fdb4057192dc43dd748ea778adc52bc498ce80524c014b81119,00000000,,,,,False,,,,,,,,,,False,False
/application/zukanlist/zkn_data/zukan_enc_pearl.narc,/application/zukanlist/zkn_data/zukan_enc_pearl.narc!/member_04838,0,/application/zukanlist/zkn_data/zukan_enc_pearl.narc,132,4838,,70728,70732,31044,31048,4,df3f619804a92fdb4057192dc43dd748ea778adc52bc498ce80524c014b81119,00000000,,,,,False,,,,,,,,,,False,False
/application/zukanlist/zkn_data/zukan_enc_pearl.narc,/application/zukanlist/zkn_data/zukan_enc_pearl.narc!/member_04839,0,/application/zukanlist/zkn_data/zukan_enc_pearl.narc,132,4839,,70732,70736,31048,31052,4,df3f619804a92fdb4057192dc43dd748ea778adc52bc498ce80524c014b81119,00000000,,,,,False,,,,,,,,,,False,False
/application/zukanlist/zkn_data/zukan_enc_pearl.narc,/application/zukanlist/zkn_data/zukan_enc_pearl.narc!/member_04840,0,/application/zukanlist/zkn_data/zukan_enc_pearl.narc,132,4840,,70736,70740,31052,31056,4,df3f619804a92fdb4057192dc43dd748ea778adc52bc498ce80524c014b81119,00000000,,,,,False,,,,,,,,,,False,False
/application/zukanlist/zkn_data/zukan_enc_pearl.narc,/application/zukanlist/zkn_data/zukan_enc_pearl.narc!/member_04841,0,/application/zukanlist/zkn_data/zukan_enc_pearl.narc,132,4841,,70740,70744,31056,31060,4,df3f619804a92fdb4057192dc43dd748ea778adc52bc498ce80524c014b81119,00000000,,,,,False,,,,,,,,,,False,False
/application/zukanlist/zkn_data/zukan_enc_pearl.narc,/application/zukanlist/zkn_data/zukan_enc_pearl.narc!/member_04842,0,/application/zukanlist/zkn_data/zukan_enc_pearl.narc,132,4842,,70744,70748,31060,31064,4,df3f619804a92fdb4057192dc43dd748ea778adc52bc498ce80524c014b81119,00000000,,,,,False,,,,,,,,,,False,False
/application/zukanlist/zkn_data/zukan_enc_pearl.narc,/application/zukanlist/zkn_data/zukan_enc_pearl.narc!/member_04843,0,/application/zukanlist/zkn_data/zukan_enc_pearl.narc,132,4843,,70748,70752,31064,31068,4,df3f619804a92fdb4057192dc43dd748ea778adc52bc498ce80524c014b81119,00000000,,,,,False,,,,,,,,,,False,False
/application/zukanlist/zkn_data/zukan_enc_pearl.narc,/application/zukanlist/zkn_data/zukan_enc_pearl.narc!/member_04844,0,/application/zukanlist/zkn_data/zukan_enc_pearl.narc,132,4844,,70752,70756,31068,31072,4,df3f619804a92fdb4057192dc43dd748ea778adc52bc498ce80524c014b81119,00000000,,,,,False,,,,,,,,,,False,False
/application/zukanlist/zkn_data/zukan_enc_pearl.narc,/application/zukanlist/zkn_data/zukan_enc_pearl.narc!/member_04845,0,/application/zukanlist/zkn_data/zukan_enc_pearl.narc,132,4845,,70756,70760,31072,31076,4,df3f619804a92fdb4057192dc43dd748ea778adc52bc498ce80524c014b81119,00000000,,,,,False,,,,,,,,,,False,False
/application/zukanlist/zkn_data/zukan_enc_pearl.narc,/application/zukanlist/zkn_data/zukan_enc_pearl.narc!/member_04846,0,/application/zukanlist/zkn_data/zukan_enc_pearl.narc,132,4846,,70760,70764,31076,31080,4,df3f619804a92fdb4057192dc43dd748ea778adc52bc498ce80524c014b81119,00000000,,,,,False,,,,,,,,,,False,False
/application/zukanlist/zkn_data/zukan_enc_pearl.narc,/application/zukanlist/zkn_data/zukan_enc_pearl.narc!/member_04847,0,/application/zukanlist/zkn_data/zukan_enc_pearl.narc,132,4847,,70764,70768,31080,31084,4,df3f619804a92fdb4057192dc43dd748ea778adc52bc498ce80524c014b81119,00000000,,,,,False,,,,,,,,,,False,False
/application/zukanlist/zkn_data/zukan_enc_pearl.narc,/application/zukanlist/zkn_data/zukan_enc_pearl.narc!/member_04848,0,/application/zukanlist/zkn_data/zukan_enc_pearl.narc,132,4848,,70768,70772,31084,31088,4,df3f619804a92fdb4057192dc43dd748ea778adc52bc498ce80524c014b81119,00000000,,,,,False,,,,,,,,,,False,False
/application/zukanlist/zkn_data/zukan_enc_pearl.narc,/application/zukanlist/zkn_data/zukan_enc_pearl.narc!/member_04849,0,/application/zukanlist/zkn_data/zukan_enc_pearl.narc,132,4849,,70772,70776,31088,31092,4,df3f619804a92fdb4057192dc43dd748ea778adc52bc498ce80524c014b81119,00000000,,,,,False,,,,,,,,,,False,False
/application/zukanlist/zkn_data/zukan_enc_pearl.narc,/application/zukanlist/zkn_data/zukan_enc_pearl.narc!/member_04850,0,/application/zukanlist/zkn_data/zukan_enc_pearl.narc,132,4850,,70776,70780,31092,31096,4,df3f619804a92fdb4057192dc43dd748ea778adc52bc498ce80524c014b81119,00000000,,,,,False,,,,,,,,,,False,False
/application/zukanlist/zkn_data/zukan_enc_pearl.narc,/application/zukanlist/zkn_data/zukan_enc_pearl.narc!/member_04851,0,/application/zukanlist/zkn_data/zukan_enc_pearl.narc,132,4851,,70780,70784,31096,31100,4,df3f619804a92fdb4057192dc43dd748ea778adc52bc498ce80524c014b81119,00000000,,,,,False,,,,,,,,,,False,False
/application/zukanlist/zkn_data/zukan_enc_pearl.narc,/application/zukanlist/zkn_data/zukan_enc_pearl.narc!/member_04852,0,/application/zukanlist/zkn_data/zukan_enc_pearl.narc,132,4852,,70784,70788,31100,31104,4,df3f619804a92fdb4057192dc43dd748ea778adc52bc498ce80524c014b81119,00000000,,,,,False,,,,,,,,,,False,False
/application/zukanlist/zkn_data/zukan_enc_pearl.narc,/application/zukanlist/zkn_data/zukan_enc_pearl.narc!/member_04853,0,/application/zukanlist/zkn_data/zukan_enc_pearl.narc,132,4853,,70788,70792,31104,31108,4,df3f619804a92fdb4057192dc43dd748ea778adc52bc498ce80524c014b81119,00000000,,,,,False,,,,,,,,,,False,False
/application/zukanlist/zkn_data/zukan_enc_pearl.narc,/application/zukanlist/zkn_data/zukan_enc_pearl.narc!/member_04854,0,/application/zukanlist/zkn_data/zukan_enc_pearl.narc,132,4854,,70792,70796,31108,31112,4,df3f619804a92fdb4057192dc43dd748ea778adc52bc498ce80524c014b81119,00000000,,,,,False,,,,,,,,,,False,False
/application/zukanlist/zkn_data/zukan_enc_pearl.narc,/application/zukanlist/zkn_data/zukan_enc_pearl.narc!/member_04855,0,/application/zukanlist/zkn_data/zukan_enc_pearl.narc,132,4855,,70796,70800,31112,31116,4,df3f619804a92fdb4057192dc43dd748ea778adc52bc498ce80524c014b81119,00000000,,,,,False,,,,,,,,,,False,False
/application/zukanlist/zkn_data/zukan_enc_pearl.narc,/application/zukanlist/zkn_data/zukan_enc_pearl.narc!/member_04856,0,/application/zukanlist/zkn_data/zukan_enc_pearl.narc,132,4856,,70800,70804,31116,31120,4,df3f619804a92fdb4057192dc43dd748ea778adc52bc498ce80524c014b81119,00000000,,,,,False,,,,,,,,,,False,False
/application/zukanlist/zkn_data/zukan_enc_pearl.narc,/application/zukanlist/zkn_data/zukan_enc_pearl.narc!/member_04857,0,/application/zukanlist/zkn_data/zukan_enc_pearl.narc,132,4857,,70804,70808,31120,31124,4,df3f619804a92fdb4057192dc43dd748ea778adc52bc498ce80524c014b81119,00000000,,,,,False,,,,,,,,,,False,False
/application/zukanlist/zkn_data/zukan_enc_pearl.narc,/application/zukanlist/zkn_data/zukan_enc_pearl.narc!/member_04858,0,/application/zukanlist/zkn_data/zukan_enc_pearl.narc,132,4858,,70808,70812,31124,31128,4,df3f619804a92fdb4057192dc43dd748ea778adc52bc498ce80524c014b81119,00000000,,,,,False,,,,,,,,,,False,False
/application/zukanlist/zkn_data/zukan_enc_pearl.narc,/application/zukanlist/zkn_data/zukan_enc_pearl.narc!/member_04859,0,/application/zukanlist/zkn_data/zukan_enc_pearl.narc,132,4859,,70812,70816,31128,31132,4,df3f619804a92fdb4057192dc43dd748ea778adc52bc498ce80524c014b81119,00000000,,,,,False,,,,,,,,,,False,False
/application/zukanlist/zkn_data/zukan_enc_pearl.narc,/application/zukanlist/zkn_data/zukan_enc_pearl.narc!/member_04860,0,/application/zukanlist/zkn_data/zukan_enc_pearl.narc,132,4860,,70816,70820,31132,31136,4,df3f619804a92fdb4057192dc43dd748ea778adc52bc498ce80524c014b81119,00000000,,,,,False,,,,,,,,,,False,False
/application/zukanlist/zkn_data/zukan_enc_pearl.narc,/application/zukanlist/zkn_data/zukan_enc_pearl.narc!/member_04861,0,/application/zukanlist/zkn_data/zukan_enc_pearl.narc,132,4861,,70820,70824,31136,31140,4,df3f619804a92fdb4057192dc43dd748ea778adc52bc498ce80524c014b81119,00000000,,,,,False,,,,,,,,,,False,False
/application/zukanlist/zkn_data/zukan_enc_pearl.narc,/application/zukanlist/zkn_data/zukan_enc_pearl.narc!/member_04862,0,/application/zukanlist/zkn_data/zukan_enc_pearl.narc,132,4862,,70824,70828,31140,31144,4,df3f619804a92fdb4057192dc43dd748ea778adc52bc498ce80524c014b81119,00000000,,,,,False,,,,,,,,,,False,False
/application/zukanlist/zkn_data/zukan_enc_pearl.narc,/application/zukanlist/zkn_data/zukan_enc_pearl.narc!/member_04863,0,/application/zukanlist/zkn_data/zukan_enc_pearl.narc,132,4863,,70828,70832,31144,31148,4,df3f619804a92fdb4057192dc43dd748ea778adc52bc498ce80524c014b81119,00000000,,,,,False,,,,,,,,,,False,False
/application/zukanlist/zkn_data/zukan_enc_pearl.narc,/application/zukanlist/zkn_data/zukan_enc_pearl.narc!/member_04864,0,/application/zukanlist/zkn_data/zukan_enc_pearl.narc,132,4864,,70832,70836,31148,31152,4,df3f619804a92fdb4057192dc43dd748ea778adc52bc498ce80524c014b81119,00000000,,,,,False,,,,,,,,,,False,False
/application/zukanlist/zkn_data/zukan_enc_pearl.narc,/application/zukanlist/zkn_data/zukan_enc_pearl.narc!/member_04865,0,/application/zukanlist/zkn_data/zukan_enc_pearl.narc,132,4865,,70836,70840,31152,31156,4,df3f619804a92fdb4057192dc43dd748ea778adc52bc498ce80524c014b81119,00000000,,,,,False,,,,,,,,,,False,False
/application/zukanlist/zkn_data/zukan_enc_pearl.narc,/application/zukanlist/zkn_data/zukan_enc_pearl.narc!/member_04866,0,/application/zukanlist/zkn_data/zukan_enc_pearl.narc,132,4866,,70840,70844,31156,31160,4,df3f619804a92fdb4057192dc43dd748ea778adc52bc498ce80524c014b81119,00000000,,,,,False,,,,,,,,,,False,False
/application/zukanlist/zkn_data/zukan_enc_pearl.narc,/application/zukanlist/zkn_data/zukan_enc_pearl.narc!/member_04867,0,/application/zukanlist/zkn_data/zukan_enc_pearl.narc,132,4867,,70844,70848,31160,31164,4,df3f619804a92fdb4057192dc43dd748ea778adc52bc498ce80524c014b81119,00000000,,,,,False,,,,,,,,,,False,False
/application/zukanlist/zkn_data/zukan_enc_pearl.narc,/application/zukanlist/zkn_data/zukan_enc_pearl.narc!/member_04868,0,/application/zukanlist/zkn_data/zukan_enc_pearl.narc,132,4868,,70848,70852,31164,31168,4,df3f619804a92fdb4057192dc43dd748ea778adc52bc498ce80524c014b81119,00000000,,,,,False,,,,,,,,,,False,False
/application/zukanlist/zkn_data/zukan_enc_pearl.narc,/application/zukanlist/zkn_data/zukan_enc_pearl.narc!/member_04869,0,/application/zukanlist/zkn_data/zukan_enc_pearl.narc,132,4869,,70852,70856,31168,31172,4,df3f619804a92fdb4057192dc43dd748ea778adc52bc498ce80524c014b81119,00000000,,,,,False,,,,,,,,,,False,False
/application/zukanlist/zkn_data/zukan_enc_pearl.narc,/application/zukanlist/zkn_data/zukan_enc_pearl.narc!/member_04870,0,/application/zukanlist/zkn_data/zukan_enc_pearl.narc,132,4870,,70856,70860,31172,31176,4,df3f619804a92fdb4057192dc43dd748ea778adc52bc498ce80524c014b81119,00000000,,,,,False,,,,,,,,,,False,False
/application/zukanlist/zkn_data/zukan_enc_pearl.narc,/application/zukanlist/zkn_data/zukan_enc_pearl.narc!/member_04871,0,/application/zukanlist/zkn_data/zukan_enc_pearl.narc,132,4871,,70860,70944,31176,31260,84,5d9140735e9373d7d8aabe89a1b6a00e4cf9d3069924b87b07c5656236b73ef2,06000000070000001100000012000000,,,,,False,,,,,,,,,,False,False
/application/zukanlist/zkn_data/zukan_enc_pearl.narc,/application/zukanlist/zkn_data/zukan_enc_pearl.narc!/member_04872,0,/application/zukanlist/zkn_data/zukan_enc_pearl.narc,132,4872,,70944,70948,31260,31264,4,df3f619804a92fdb4057192dc43dd748ea778adc52bc498ce80524c014b81119,00000000,,,,,False,,,,,,,,,,False,False
/application/zukanlist/zkn_data/zukan_enc_pearl.narc,/application/zukanlist/zkn_data/zukan_enc_pearl.narc!/member_04873,0,/application/zukanlist/zkn_data/zukan_enc_pearl.narc,132,4873,,70948,70952,31264,31268,4,df3f619804a92fdb4057192dc43dd748ea778adc52bc498ce80524c014b81119,00000000,,,,,False,,,,,,,,,,False,False
/application/zukanlist/zkn_data/zukan_enc_pearl.narc,/application/zukanlist/zkn_data/zukan_enc_pearl.narc!/member_04874,0,/application/zukanlist/zkn_data/zukan_enc_pearl.narc,132,4874,,70952,71036,31268,31352,84,5d9140735e9373d7d8aabe89a1b6a00e4cf9d3069924b87b07c5656236b73ef2,06000000070000001100000012000000,,,,,False,,,,,,,,,,False,False
/application/zukanlist/zkn_data/zukan_enc_pearl.narc,/application/zukanlist/zkn_data/zukan_enc_pearl.narc!/member_04875,0,/application/zukanlist/zkn_data/zukan_enc_pearl.narc,132,4875,,71036,71040,31352,31356,4,df3f619804a92fdb4057192dc43dd748ea778adc52bc498ce80524c014b81119,00000000,,,,,False,,,,,,,,,,False,False
/application/zukanlist/zkn_data/zukan_enc_pearl.narc,/application/zukanlist/zkn_data/zukan_enc_pearl.narc!/member_04876,0,/application/zukanlist/zkn_data/zukan_enc_pearl.narc,132,4876,,71040,71044,31356,31360,4,df3f619804a92fdb4057192dc43dd748ea778adc52bc498ce80524c014b81119,00000000,,,,,False,,,,,,,,,,False,False
/application/zukanlist/zkn_data/zukan_enc_pearl.narc,/application/zukanlist/zkn_data/zukan_enc_pearl.narc!/member_04877,0,/application/zukanlist/zkn_data/zukan_enc_pearl.narc,132,4877,,71044,71048,31360,31364,4,df3f619804a92fdb4057192dc43dd748ea778adc52bc498ce80524c014b81119,00000000,,,,,False,,,,,,,,,,False,False
/application/zukanlist/zkn_data/zukan_enc_pearl.narc,/application/zukanlist/zkn_data/zukan_enc_pearl.narc!/member_04878,0,/application/zukanlist/zkn_data/zukan_enc_pearl.narc,132,4878,,71048,71052,31364,31368,4,df3f619804a92fdb4057192dc43dd748ea778adc52bc498ce80524c014b81119,00000000,,,,,False,,,,,,,,,,False,False
/application/zukanlist/zkn_data/zukan_enc_pearl.narc,/application/zukanlist/zkn_data/zukan_enc_pearl.narc!/member_04879,0,/application/zukanlist/zkn_data/zukan_enc_pearl.narc,132,4879,,71052,71136,31368,31452,84,5d9140735e9373d7d8aabe89a1b6a00e4cf9d3069924b87b07c5656236b73ef2,06000000070000001100000012000000,,,,,False,,,,,,,,,,False,False
/application/zukanlist/zkn_data/zukan_enc_pearl.narc,/application/zukanlist/zkn_data/zukan_enc_pearl.narc!/member_04880,0,/application/zukanlist/zkn_data/zukan_enc_pearl.narc,132,4880,,71136,71140,31452,31456,4,df3f619804a92fdb4057192dc43dd748ea778adc52bc498ce80524c014b81119,00000000,,,,,False,,,,,,,,,,False,False
/application/zukanlist/zkn_data/zukan_enc_pearl.narc,/application/zukanlist/zkn_data/zukan_enc_pearl.narc!/member_04881,0,/application/zukanlist/zkn_data/zukan_enc_pearl.narc,132,4881,,71140,71144,31456,31460,4,df3f619804a92fdb4057192dc43dd748ea778adc52bc498ce80524c014b81119,00000000,,,,,False,,,,,,,,,,False,False
/application/zukanlist/zkn_data/zukan_enc_pearl.narc,/application/zukanlist/zkn_data/zukan_enc_pearl.narc!/member_04882,0,/application/zukanlist/zkn_data/zukan_enc_pearl.narc,132,4882,,71144,71148,31460,31464,4,df3f619804a92fdb4057192dc43dd748ea778adc52bc498ce80524c014b81119,00000000,,,,,False,,,,,,,,,,False,False
/application/zukanlist/zkn_data/zukan_enc_pearl.narc,/application/zukanlist/zkn_data/zukan_enc_pearl.narc!/member_04883,0,/application/zukanlist/zkn_data/zukan_enc_pearl.narc,132,4883,,71148,71152,31464,31468,4,df3f619804a92fdb4057192dc43dd748ea778adc52bc498ce80524c014b81119,00000000,,,,,False,,,,,,,,,,False,False
/application/zukanlist/zkn_data/zukan_enc_pearl.narc,/application/zukanlist/zkn_data/zukan_enc_pearl.narc!/member_04884,0,/application/zukanlist/zkn_data/zukan_enc_pearl.narc,132,4884,,71152,71156,31468,31472,4,df3f619804a92fdb4057192dc43dd748ea778adc52bc498ce80524c014b81119,00000000,,,,,False,,,,,,,,,,False,False
/application/zukanlist/zkn_data/zukan_enc_pearl.narc,/application/zukanlist/zkn_data/zukan_enc_pearl.narc!/member_04885,0,/application/zukanlist/zkn_data/zukan_enc_pearl.narc,132,4885,,71156,71160,31472,31476,4,df3f619804a92fdb4057192dc43dd748ea778adc52bc498ce80524c014b81119,00000000,,,,,False,,,,,,,,,,False,False
/application/zukanlist/zkn_data/zukan_enc_pearl.narc,/application/zukanlist/zkn_data/zukan_enc_pearl.narc!/member_04886,0,/application/zukanlist/zkn_data/zukan_enc_pearl.narc,132,4886,,71160,71164,31476,31480,4,df3f619804a92fdb4057192dc43dd748ea778adc52bc498ce80524c014b81119,00000000,,,,,False,,,,,,,,,,False,False
/application/zukanlist/zkn_data/zukan_enc_pearl.narc,/application/zukanlist/zkn_data/zukan_enc_pearl.narc!/member_04887,0,/application/zukanlist/zkn_data/zukan_enc_pearl.narc,132,4887,,71164,71168,31480,31484,4,df3f619804a92fdb4057192dc43dd748ea778adc52bc498ce80524c014b81119,00000000,,,,,False,,,,,,,,,,False,False
/application/zukanlist/zkn_data/zukan_enc_pearl.narc,/application/zukanlist/zkn_data/zukan_enc_pearl.narc!/member_04888,0,/application/zukanlist/zkn_data/zukan_enc_pearl.narc,132,4888,,71168,71172,31484,31488,4,df3f619804a92fdb4057192dc43dd748ea778adc52bc498ce80524c014b81119,00000000,,,,,False,,,,,,,,,,False,False
/application/zukanlist/zkn_data/zukan_enc_pearl.narc,/application/zukanlist/zkn_data/zukan_enc_pearl.narc!/member_04889,0,/application/zukanlist/zkn_data/zukan_enc_pearl.narc,132,4889,,71172,71176,31488,31492,4,df3f619804a92fdb4057192dc43dd748ea778adc52bc498ce80524c014b81119,00000000,,,,,False,,,,,,,,,,False,False
/application/zukanlist/zkn_data/zukan_enc_pearl.narc,/application/zukanlist/zkn_data/zukan_enc_pearl.narc!/member_04890,0,/application/zukanlist/zkn_data/zukan_enc_pearl.narc,132,4890,,71176,71180,31492,31496,4,df3f619804a92fdb4057192dc43dd748ea778adc52bc498ce80524c014b81119,00000000,,,,,False,,,,,,,,,,False,False
/application/zukanlist/zkn_data/zukan_enc_pearl.narc,/application/zukanlist/zkn_data/zukan_enc_pearl.narc!/member_04891,0,/application/zukanlist/zkn_data/zukan_enc_pearl.narc,132,4891,,71180,71184,31496,31500,4,df3f619804a92fdb4057192dc43dd748ea778adc52bc498ce80524c014b81119,00000000,,,,,False,,,,,,,,,,False,False
/application/zukanlist/zkn_data/zukan_enc_pearl.narc,/application/zukanlist/zkn_data/zukan_enc_pearl.narc!/member_04892,0,/application/zukanlist/zkn_data/zukan_enc_pearl.narc,132,4892,,71184,71188,31500,31504,4,df3f619804a92fdb4057192dc43dd748ea778adc52bc498ce80524c014b81119,00000000,,,,,False,,,,,,,,,,False,False
/application/zukanlist/zkn_data/zukan_enc_pearl.narc,/application/zukanlist/zkn_data/zukan_enc_pearl.narc!/member_04893,0,/application/zukanlist/zkn_data/zukan_enc_pearl.narc,132,4893,,71188,71192,31504,31508,4,df3f619804a92fdb4057192dc43dd748ea778adc52bc498ce80524c014b81119,00000000,,,,,False,,,,,,,,,,False,False
/application/zukanlist/zkn_data/zukan_enc_pearl.narc,/application/zukanlist/zkn_data/zukan_enc_pearl.narc!/member_04894,0,/application/zukanlist/zkn_data/zukan_enc_pearl.narc,132,4894,,71192,71196,31508,31512,4,df3f619804a92fdb4057192dc43dd748ea778adc52bc498ce80524c014b81119,00000000,,,,,False,,,,,,,,,,False,False
/application/zukanlist/zkn_data/zukan_enc_pearl.narc,/application/zukanlist/zkn_data/zukan_enc_pearl.narc!/member_04895,0,/application/zukanlist/zkn_data/zukan_enc_pearl.narc,132,4895,,71196,71200,31512,31516,4,df3f619804a92fdb4057192dc43dd748ea778adc52bc498ce80524c014b81119,00000000,,,,,False,,,,,,,,,,False,False
/application/zukanlist/zkn_data/zukan_enc_pearl.narc,/application/zukanlist/zkn_data/zukan_enc_pearl.narc!/member_04896,0,/application/zukanlist/zkn_data/zukan_enc_pearl.narc,132,4896,,71200,71204,31516,31520,4,df3f619804a92fdb4057192dc43dd748ea778adc52bc498ce80524c014b81119,00000000,,,,,False,,,,,,,,,,False,False
/application/zukanlist/zkn_data/zukan_enc_pearl.narc,/application/zukanlist/zkn_data/zukan_enc_pearl.narc!/member_04897,0,/application/zukanlist/zkn_data/zukan_enc_pearl.narc,132,4897,,71204,71208,31520,31524,4,df3f619804a92fdb4057192dc43dd748ea778adc52bc498ce80524c014b81119,00000000,,,,,False,,,,,,,,,,False,False
/application/zukanlist/zkn_data/zukan_enc_pearl.narc,/application/zukanlist/zkn_data/zukan_enc_pearl.narc!/member_04898,0,/application/zukanlist/zkn_data/zukan_enc_pearl.narc,132,4898,,71208,71212,31524,31528,4,df3f619804a92fdb4057192dc43dd748ea778adc52bc498ce80524c014b81119,00000000,,,,,False,,,,,,,,,,False,False
/application/zukanlist/zkn_data/zukan_enc_pearl.narc,/application/zukanlist/zkn_data/zukan_enc_pearl.narc!/member_04899,0,/application/zukanlist/zkn_data/zukan_enc_pearl.narc,132,4899,,71212,71216,31528,31532,4,df3f619804a92fdb4057192dc43dd748ea778adc52bc498ce80524c014b81119,00000000,,,,,False,,,,,,,,,,False,False
/application/zukanlist/zkn_data/zukan_enc_pearl.narc,/application/zukanlist/zkn_data/zukan_enc_pearl.narc!/member_04900,0,/application/zukanlist/zkn_data/zukan_enc_pearl.narc,132,4900,,71216,71220,31532,31536,4,df3f619804a92fdb4057192dc43dd748ea778adc52bc498ce80524c014b81119,00000000,,,,,False,,,,,,,,,,False,False
/application/zukanlist/zkn_data/zukan_enc_pearl.narc,/application/zukanlist/zkn_data/zukan_enc_pearl.narc!/member_04901,0,/application/zukanlist/zkn_data/zukan_enc_pearl.narc,132,4901,,71220,71224,31536,31540,4,df3f619804a92fdb4057192dc43dd748ea778adc52bc498ce80524c014b81119,00000000,,,,,False,,,,,,,,,,False,False
/application/zukanlist/zkn_data/zukan_enc_pearl.narc,/application/zukanlist/zkn_data/zukan_enc_pearl.narc!/member_04902,0,/application/zukanlist/zkn_data/zukan_enc_pearl.narc,132,4902,,71224,71228,31540,31544,4,df3f619804a92fdb4057192dc43dd748ea778adc52bc498ce80524c014b81119,00000000,,,,,False,,,,,,,,,,False,False
/application/zukanlist/zkn_data/zukan_enc_pearl.narc,/application/zukanlist/zkn_data/zukan_enc_pearl.narc!/member_04903,0,/application/zukanlist/zkn_data/zukan_enc_pearl.narc,132,4903,,71228,71232,31544,31548,4,df3f619804a92fdb4057192dc43dd748ea778adc52bc498ce80524c014b81119,00000000,,,,,False,,,,,,,,,,False,False
/application/zukanlist/zkn_data/zukan_enc_pearl.narc,/application/zukanlist/zkn_data/zukan_enc_pearl.narc!/member_04904,0,/application/zukanlist/zkn_data/zukan_enc_pearl.narc,132,4904,,71232,71236,31548,31552,4,df3f619804a92fdb4057192dc43dd748ea778adc52bc498ce80524c014b81119,00000000,,,,,False,,,,,,,,,,False,False
/application/zukanlist/zkn_data/zukan_enc_pearl.narc,/application/zukanlist/zkn_data/zukan_enc_pearl.narc!/member_04905,0,/application/zukanlist/zkn_data/zukan_enc_pearl.narc,132,4905,,71236,71240,31552,31556,4,df3f619804a92fdb4057192dc43dd748ea778adc52bc498ce80524c014b81119,00000000,,,,,False,,,,,,,,,,False,False
/application/zukanlist/zkn_data/zukan_enc_pearl.narc,/application/zukanlist/zkn_data/zukan_enc_pearl.narc!/member_04906,0,/application/zukanlist/zkn_data/zukan_enc_pearl.narc,132,4906,,71240,71244,31556,31560,4,df3f619804a92fdb4057192dc43dd748ea778adc52bc498ce80524c014b81119,00000000,,,,,False,,,,,,,,,,False,False
/application/zukanlist/zkn_data/zukan_enc_pearl.narc,/application/zukanlist/zkn_data/zukan_enc_pearl.narc!/member_04907,0,/application/zukanlist/zkn_data/zukan_enc_pearl.narc,132,4907,,71244,71248,31560,31564,4,df3f619804a92fdb4057192dc43dd748ea778adc52bc498ce80524c014b81119,00000000,,,,,False,,,,,,,,,,False,False
/application/zukanlist/zkn_data/zukan_enc_pearl.narc,/application/zukanlist/zkn_data/zukan_enc_pearl.narc!/member_04908,0,/application/zukanlist/zkn_data/zukan_enc_pearl.narc,132,4908,,71248,71252,31564,31568,4,df3f619804a92fdb4057192dc43dd748ea778adc52bc498ce80524c014b81119,00000000,,,,,False,,,,,,,,,,False,False
/application/zukanlist/zkn_data/zukan_enc_pearl.narc,/application/zukanlist/zkn_data/zukan_enc_pearl.narc!/member_04909,0,/application/zukanlist/zkn_data/zukan_enc_pearl.narc,132,4909,,71252,71256,31568,31572,4,df3f619804a92fdb4057192dc43dd748ea778adc52bc498ce80524c014b81119,00000000,,,,,False,,,,,,,,,,False,False
/application/zukanlist/zkn_data/zukan_enc_pearl.narc,/application/zukanlist/zkn_data/zukan_enc_pearl.narc!/member_04910,0,/application/zukanlist/zkn_data/zukan_enc_pearl.narc,132,4910,,71256,71260,31572,31576,4,df3f619804a92fdb4057192dc43dd748ea778adc52bc498ce80524c014b81119,00000000,,,,,False,,,,,,,,,,False,False
/application/zukanlist/zkn_data/zukan_enc_pearl.narc,/application/zukanlist/zkn_data/zukan_enc_pearl.narc!/member_04911,0,/application/zukanlist/zkn_data/zukan_enc_pearl.narc,132,4911,,71260,71264,31576,31580,4,df3f619804a92fdb4057192dc43dd748ea778adc52bc498ce80524c014b81119,00000000,,,,,False,,,,,,,,,,False,False
/application/zukanlist/zkn_data/zukan_enc_pearl.narc,/application/zukanlist/zkn_data/zukan_enc_pearl.narc!/member_04912,0,/application/zukanlist/zkn_data/zukan_enc_pearl.narc,132,4912,,71264,71268,31580,31584,4,df3f619804a92fdb4057192dc43dd748ea778adc52bc498ce80524c014b81119,00000000,,,,,False,,,,,,,,,,False,False
/application/zukanlist/zkn_data/zukan_enc_pearl.narc,/application/zukanlist/zkn_data/zukan_enc_pearl.narc!/member_04913,0,/application/zukanlist/zkn_data/zukan_enc_pearl.narc,132,4913,,71268,71272,31584,31588,4,df3f619804a92fdb4057192dc43dd748ea778adc52bc498ce80524c014b81119,00000000,,,,,False,,,,,,,,,,False,False
/application/zukanlist/zkn_data/zukan_enc_pearl.narc,/application/zukanlist/zkn_data/zukan_enc_pearl.narc!/member_04914,0,/application/zukanlist/zkn_data/zukan_enc_pearl.narc,132,4914,,71272,71276,31588,31592,4,df3f619804a92fdb4057192dc43dd748ea778adc52bc498ce80524c014b81119,00000000,,,,,False,,,,,,,,,,False,False
/application/zukanlist/zkn_data/zukan_enc_pearl.narc,/application/zukanlist/zkn_data/zukan_enc_pearl.narc!/member_04915,0,/application/zukanlist/zkn_data/zukan_enc_pearl.narc,132,4915,,71276,71280,31592,31596,4,df3f619804a92fdb4057192dc43dd748ea778adc52bc498ce80524c014b81119,00000000,,,,,False,,,,,,,,,,False,False
/application/zukanlist/zkn_data/zukan_enc_pearl.narc,/application/zukanlist/zkn_data/zukan_enc_pearl.narc!/member_04916,0,/application/zukanlist/zkn_data/zukan_enc_pearl.narc,132,4916,,71280,71284,31596,31600,4,df3f619804a92fdb4057192dc43dd748ea778adc52bc498ce80524c014b81119,00000000,,,,,False,,,,,,,,,,False,False
/application/zukanlist/zkn_data/zukan_enc_pearl.narc,/application/zukanlist/zkn_data/zukan_enc_pearl.narc!/member_04917,0,/application/zukanlist/zkn_data/zukan_enc_pearl.narc,132,4917,,71284,71288,31600,31604,4,df3f619804a92fdb4057192dc43dd748ea778adc52bc498ce80524c014b81119,00000000,,,,,False,,,,,,,,,,False,False
/application/zukanlist/zkn_data/zukan_enc_pearl.narc,/application/zukanlist/zkn_data/zukan_enc_pearl.narc!/member_04918,0,/application/zukanlist/zkn_data/zukan_enc_pearl.narc,132,4918,,71288,71292,31604,31608,4,df3f619804a92fdb4057192dc43dd748ea778adc52bc498ce80524c014b81119,00000000,,,,,False,,,,,,,,,,False,False
/application/zukanlist/zkn_data/zukan_enc_pearl.narc,/application/zukanlist/zkn_data/zukan_enc_pearl.narc!/member_04919,0,/application/zukanlist/zkn_data/zukan_enc_pearl.narc,132,4919,,71292,71296,31608,31612,4,df3f619804a92fdb4057192dc43dd748ea778adc52bc498ce80524c014b81119,00000000,,,,,False,,,,,,,,,,False,False
/application/zukanlist/zkn_data/zukan_enc_pearl.narc,/application/zukanlist/zkn_data/zukan_enc_pearl.narc!/member_04920,0,/application/zukanlist/zkn_data/zukan_enc_pearl.narc,132,4920,,71296,71300,31612,31616,4,df3f619804a92fdb4057192dc43dd748ea778adc52bc498ce80524c014b81119,00000000,,,,,False,,,,,,,,,,False,False
/application/zukanlist/zkn_data/zukan_enc_pearl.narc,/application/zukanlist/zkn_data/zukan_enc_pearl.narc!/member_04921,0,/application/zukanlist/zkn_data/zukan_enc_pearl.narc,132,4921,,71300,71304,31616,31620,4,df3f619804a92fdb4057192dc43dd748ea778adc52bc498ce80524c014b81119,00000000,,,,,False,,,,,,,,,,False,False
/application/zukanlist/zkn_data/zukan_enc_pearl.narc,/application/zukanlist/zkn_data/zukan_enc_pearl.narc!/member_04922,0,/application/zukanlist/zkn_data/zukan_enc_pearl.narc,132,4922,,71304,71308,31620,31624,4,df3f619804a92fdb4057192dc43dd748ea778adc52bc498ce80524c014b81119,00000000,,,,,False,,,,,,,,,,False,False
/application/zukanlist/zkn_data/zukan_enc_pearl.narc,/application/zukanlist/zkn_data/zukan_enc_pearl.narc!/member_04923,0,/application/zukanlist/zkn_data/zukan_enc_pearl.narc,132,4923,,71308,71312,31624,31628,4,df3f619804a92fdb4057192dc43dd748ea778adc52bc498ce80524c014b81119,00000000,,,,,False,,,,,,,,,,False,False
/application/zukanlist/zkn_data/zukan_enc_pearl.narc,/application/zukanlist/zkn_data/zukan_enc_pearl.narc!/member_04924,0,/application/zukanlist/zkn_data/zukan_enc_pearl.narc,132,4924,,71312,71316,31628,31632,4,df3f619804a92fdb4057192dc43dd748ea778adc52bc498ce80524c014b81119,00000000,,,,,False,,,,,,,,,,False,False
/application/zukanlist/zkn_data/zukan_enc_pearl.narc,/application/zukanlist/zkn_data/zukan_enc_pearl.narc!/member_04925,0,/application/zukanlist/zkn_data/zukan_enc_pearl.narc,132,4925,,71316,71320,31632,31636,4,df3f619804a92fdb4057192dc43dd748ea778adc52bc498ce80524c014b81119,00000000,,,,,False,,,,,,,,,,False,False
/application/zukanlist/zkn_data/zukan_enc_pearl.narc,/application/zukanlist/zkn_data/zukan_enc_pearl.narc!/member_04926,0,/application/zukanlist/zkn_data/zukan_enc_pearl.narc,132,4926,,71320,71324,31636,31640,4,df3f619804a92fdb4057192dc43dd748ea778adc52bc498ce80524c014b81119,00000000,,,,,False,,,,,,,,,,False,False
/application/zukanlist/zkn_data/zukan_enc_pearl.narc,/application/zukanlist/zkn_data/zukan_enc_pearl.narc!/member_04927,0,/application/zukanlist/zkn_data/zukan_enc_pearl.narc,132,4927,,71324,71328,31640,31644,4,df3f619804a92fdb4057192dc43dd748ea778adc52bc498ce80524c014b81119,00000000,,,,,False,,,,,,,,,,False,False
/application/zukanlist/zkn_data/zukan_enc_pearl.narc,/application/zukanlist/zkn_data/zukan_enc_pearl.narc!/member_04928,0,/application/zukanlist/zkn_data/zukan_enc_pearl.narc,132,4928,,71328,71332,31644,31648,4,df3f619804a92fdb4057192dc43dd748ea778adc52bc498ce80524c014b81119,00000000,,,,,False,,,,,,,,,,False,False
/application/zukanlist/zkn_data/zukan_enc_pearl.narc,/application/zukanlist/zkn_data/zukan_enc_pearl.narc!/member_04929,0,/application/zukanlist/zkn_data/zukan_enc_pearl.narc,132,4929,,71332,71336,31648,31652,4,df3f619804a92fdb4057192dc43dd748ea778adc52bc498ce80524c014b81119,00000000,,,,,False,,,,,,,,,,False,False
/application/zukanlist/zkn_data/zukan_enc_pearl.narc,/application/zukanlist/zkn_data/zukan_enc_pearl.narc!/member_04930,0,/application/zukanlist/zkn_data/zukan_enc_pearl.narc,132,4930,,71336,71340,31652,31656,4,df3f619804a92fdb4057192dc43dd748ea778adc52bc498ce80524c014b81119,00000000,,,,,False,,,,,,,,,,False,False
/application/zukanlist/zkn_data/zukan_enc_pearl.narc,/application/zukanlist/zkn_data/zukan_enc_pearl.narc!/member_04931,0,/application/zukanlist/zkn_data/zukan_enc_pearl.narc,132,4931,,71340,71344,31656,31660,4,df3f619804a92fdb4057192dc43dd748ea778adc52bc498ce80524c014b81119,00000000,,,,,False,,,,,,,,,,False,False
/application/zukanlist/zkn_data/zukan_enc_pearl.narc,/application/zukanlist/zkn_data/zukan_enc_pearl.narc!/member_04932,0,/application/zukanlist/zkn_data/zukan_enc_pearl.narc,132,4932,,71344,71348,31660,31664,4,df3f619804a92fdb4057192dc43dd748ea778adc52bc498ce80524c014b81119,00000000,,,,,False,,,,,,,,,,False,False
/application/zukanlist/zkn_data/zukan_enc_pearl.narc,/application/zukanlist/zkn_data/zukan_enc_pearl.narc!/member_04933,0,/application/zukanlist/zkn_data/zukan_enc_pearl.narc,132,4933,,71348,71352,31664,31668,4,df3f619804a92fdb4057192dc43dd748ea778adc52bc498ce80524c014b81119,00000000,,,,,False,,,,,,,,,,False,False
/application/zukanlist/zkn_data/zukan_enc_pearl.narc,/application/zukanlist/zkn_data/zukan_enc_pearl.narc!/member_04934,0,/application/zukanlist/zkn_data/zukan_enc_pearl.narc,132,4934,,71352,71356,31668,31672,4,df3f619804a92fdb4057192dc43dd748ea778adc52bc498ce80524c014b81119,00000000,,,,,False,,,,,,,,,,False,False
/application/zukanlist/zkn_data/zukan_enc_pearl.narc,/application/zukanlist/zkn_data/zukan_enc_pearl.narc!/member_04935,0,/application/zukanlist/zkn_data/zukan_enc_pearl.narc,132,4935,,71356,71360,31672,31676,4,df3f619804a92fdb4057192dc43dd748ea778adc52bc498ce80524c014b81119,00000000,,,,,False,,,,,,,,,,False,False
/application/zukanlist/zkn_data/zukan_enc_pearl.narc,/application/zukanlist/zkn_data/zukan_enc_pearl.narc!/member_04936,0,/application/zukanlist/zkn_data/zukan_enc_pearl.narc,132,4936,,71360,71364,31676,31680,4,df3f619804a92fdb4057192dc43dd748ea778adc52bc498ce80524c014b81119,00000000,,,,,False,,,,,,,,,,False,False
/application/zukanlist/zkn_data/zukan_enc_pearl.narc,/application/zukanlist/zkn_data/zukan_enc_pearl.narc!/member_04937,0,/application/zukanlist/zkn_data/zukan_enc_pearl.narc,132,4937,,71364,71368,31680,31684,4,df3f619804a92fdb4057192dc43dd748ea778adc52bc498ce80524c014b81119,00000000,,,,,False,,,,,,,,,,False,False
/application/zukanlist/zkn_data/zukan_enc_pearl.narc,/application/zukanlist/zkn_data/zukan_enc_pearl.narc!/member_04938,0,/application/zukanlist/zkn_data/zukan_enc_pearl.narc,132,4938,,71368,71372,31684,31688,4,df3f619804a92fdb4057192dc43dd748ea778adc52bc498ce80524c014b81119,00000000,,,,,False,,,,,,,,,,False,False
/application/zukanlist/zkn_data/zukan_enc_pearl.narc,/application/zukanlist/zkn_data/zukan_enc_pearl.narc!/member_04939,0,/application/zukanlist/zkn_data/zukan_enc_pearl.narc,132,4939,,71372,71376,31688,31692,4,df3f619804a92fdb4057192dc43dd748ea778adc52bc498ce80524c014b81119,00000000,,,,,False,,,,,,,,,,False,False
/application/zukanlist/zkn_data/zukan_enc_pearl.narc,/application/zukanlist/zkn_data/zukan_enc_pearl.narc!/member_04940,0,/application/zukanlist/zkn_data/zukan_enc_pearl.narc,132,4940,,71376,71380,31692,31696,4,df3f619804a92fdb4057192dc43dd748ea778adc52bc498ce80524c014b81119,00000000,,,,,False,,,,,,,,,,False,False
/application/zukanlist/zkn_data/zukan_enc_pearl.narc,/application/zukanlist/zkn_data/zukan_enc_pearl.narc!/member_04941,0,/application/zukanlist/zkn_data/zukan_enc_pearl.narc,132,4941,,71380,71384,31696,31700,4,df3f619804a92fdb4057192dc43dd748ea778adc52bc498ce80524c014b81119,00000000,,,,,False,,,,,,,,,,False,False
/application/zukanlist/zkn_data/zukan_enc_pearl.narc,/application/zukanlist/zkn_data/zukan_enc_pearl.narc!/member_04942,0,/application/zukanlist/zkn_data/zukan_enc_pearl.narc,132,4942,,71384,71388,31700,31704,4,df3f619804a92fdb4057192dc43dd748ea778adc52bc498ce80524c014b81119,00000000,,,,,False,,,,,,,,,,False,False
/application/zukanlist/zkn_data/zukan_enc_pearl.narc,/application/zukanlist/zkn_data/zukan_enc_pearl.narc!/member_04943,0,/application/zukanlist/zkn_data/zukan_enc_pearl.narc,132,4943,,71388,71392,31704,31708,4,df3f619804a92fdb4057192dc43dd748ea778adc52bc498ce80524c014b81119,00000000,,,,,False,,,,,,,,,,False,False
/application/zukanlist/zkn_data/zukan_enc_pearl.narc,/application/zukanlist/zkn_data/zukan_enc_pearl.narc!/member_04944,0,/application/zukanlist/zkn_data/zukan_enc_pearl.narc,132,4944,,71392,71396,31708,31712,4,df3f619804a92fdb4057192dc43dd748ea778adc52bc498ce80524c014b81119,00000000,,,,,False,,,,,,,,,,False,False
/application/zukanlist/zkn_data/zukan_enc_pearl.narc,/application/zukanlist/zkn_data/zukan_enc_pearl.narc!/member_04945,0,/application/zukanlist/zkn_data/zukan_enc_pearl.narc,132,4945,,71396,71400,31712,31716,4,df3f619804a92fdb4057192dc43dd748ea778adc52bc498ce80524c014b81119,00000000,,,,,False,,,,,,,,,,False,False
/application/zukanlist/zkn_data/zukan_enc_pearl.narc,/application/zukanlist/zkn_data/zukan_enc_pearl.narc!/member_04946,0,/application/zukanlist/zkn_data/zukan_enc_pearl.narc,132,4946,,71400,71404,31716,31720,4,df3f619804a92fdb4057192dc43dd748ea778adc52bc498ce80524c014b81119,00000000,,,,,False,,,,,,,,,,False,False
/application/zukanlist/zkn_data/zukan_enc_pearl.narc,/application/zukanlist/zkn_data/zukan_enc_pearl.narc!/member_04947,0,/application/zukanlist/zkn_data/zukan_enc_pearl.narc,132,4947,,71404,71408,31720,31724,4,df3f619804a92fdb4057192dc43dd748ea778adc52bc498ce80524c014b81119,00000000,,,,,False,,,,,,,,,,False,False
/application/zukanlist/zkn_data/zukan_enc_pearl.narc,/application/zukanlist/zkn_data/zukan_enc_pearl.narc!/member_04948,0,/application/zukanlist/zkn_data/zukan_enc_pearl.narc,132,4948,,71408,71412,31724,31728,4,df3f619804a92fdb4057192dc43dd748ea778adc52bc498ce80524c014b81119,00000000,,,,,False,,,,,,,,,,False,False
/application/zukanlist/zkn_data/zukan_enc_pearl.narc,/application/zukanlist/zkn_data/zukan_enc_pearl.narc!/member_04949,0,/application/zukanlist/zkn_data/zukan_enc_pearl.narc,132,4949,,71412,71416,31728,31732,4,df3f619804a92fdb4057192dc43dd748ea778adc52bc498ce80524c014b81119,00000000,,,,,False,,,,,,,,,,False,False
/application/zukanlist/zkn_data/zukan_enc_pearl.narc,/application/zukanlist/zkn_data/zukan_enc_pearl.narc!/member_04950,0,/application/zukanlist/zkn_data/zukan_enc_pearl.narc,132,4950,,71416,71420,31732,31736,4,df3f619804a92fdb4057192dc43dd748ea778adc52bc498ce80524c014b81119,00000000,,,,,False,,,,,,,,,,False,False
/application/zukanlist/zkn_data/zukan_enc_pearl.narc,/application/zukanlist/zkn_data/zukan_enc_pearl.narc!/member_04951,0,/application/zukanlist/zkn_data/zukan_enc_pearl.narc,132,4951,,71420,71424,31736,31740,4,df3f619804a92fdb4057192dc43dd748ea778adc52bc498ce80524c014b81119,00000000,,,,,False,,,,,,,,,,False,False
/application/zukanlist/zkn_data/zukan_enc_pearl.narc,/application/zukanlist/zkn_data/zukan_enc_pearl.narc!/member_04952,0,/application/zukanlist/zkn_data/zukan_enc_pearl.narc,132,4952,,71424,71428,31740,31744,4,df3f619804a92fdb4057192dc43dd748ea778adc52bc498ce80524c014b81119,00000000,,,,,False,,,,,,,,,,False,False
/application/zukanlist/zkn_data/zukan_enc_pearl.narc,/application/zukanlist/zkn_data/zukan_enc_pearl.narc!/member_04953,0,/application/zukanlist/zkn_data/zukan_enc_pearl.narc,132,4953,,71428,71432,31744,31748,4,df3f619804a92fdb4057192dc43dd748ea778adc52bc498ce80524c014b81119,00000000,,,,,False,,,,,,,,,,False,False
/application/zukanlist/zkn_data/zukan_enc_platinum.narc,/application/zukanlist/zkn_data/zukan_enc_platinum.narc!/member_00000,0,/application/zukanlist/zkn_data/zukan_enc_platinum.narc,133,0,,39684,39772,0,88,88,17a36381371dc26e108e1eb96b46178dbe6f270a8ba6c3ebf197116b03681b1a,0000000009180000061100000c110100,,,,,False,,,,,,,,,,False,False
/application/zukanlist/zkn_data/zukan_enc_platinum.narc,/application/zukanlist/zkn_data/zukan_enc_platinum.narc!/member_00001,0,/application/zukanlist/zkn_data/zukan_enc_platinum.narc,133,1,,39772,39860,88,176,88,4f7ce35b52151f3ea9d44f6de5ded9c3647b826db0e912a56606dac402b62d70,ffffffffc6000000cb000000cf000000,,,,,False,,,,,,,,,,False,False
/application/zukanlist/zkn_data/zukan_enc_platinum.narc,/application/zukanlist/zkn_data/zukan_enc_platinum.narc!/member_00002,0,/application/zukanlist/zkn_data/zukan_enc_platinum.narc,133,2,,39860,41696,176,2012,1836,40076bba7d28aaac97c0ac748782d2602cfd910f782ec42b8b6f3f5ac667a18a,00000101010000000000000000000000,,,,,False,,,,,,,,,,False,False
/application/zukanlist/zkn_data/zukan_enc_platinum.narc,/application/zukanlist/zkn_data/zukan_enc_platinum.narc!/member_00003,0,/application/zukanlist/zkn_data/zukan_enc_platinum.narc,133,3,,41696,41900,2012,2216,204,f0d3a5b7a502edfef808632089d7207b25d2461ebf38f6c3458a2f9e2925a8dc,ffffffff210000004100000078000000,,,,,False,,,,,,,,,,False,False
/application/zukanlist/zkn_data/zukan_enc_platinum.narc,/application/zukanlist/zkn_data/zukan_enc_platinum.narc!/member_00004,0,/application/zukanlist/zkn_data/zukan_enc_platinum.narc,133,4,,41900,41964,2216,2280,64,f32d112ddbdceee004e3eb54d2b6a07a38be11eebe6a7e5abc8ff0046599af9c,01000000020000000300000005000000,,,,,False,,,,,,,,,,False,False
/application/zukanlist/zkn_data/zukan_enc_platinum.narc,/application/zukanlist/zkn_data/zukan_enc_platinum.narc!/member_00005,0,/application/zukanlist/zkn_data/zukan_enc_platinum.narc,133,5,,41964,41968,2280,2284,4,df3f619804a92fdb4057192dc43dd748ea778adc52bc498ce80524c014b81119,00000000,,,,,False,,,,,,,,,,False,False
/application/zukanlist/zkn_data/zukan_enc_platinum.narc,/application/zukanlist/zkn_data/zukan_enc_platinum.narc!/member_00006,0,/application/zukanlist/zkn_data/zukan_enc_platinum.narc,133,6,,41968,41972,2284,2288,4,df3f619804a92fdb4057192dc43dd748ea778adc52bc498ce80524c014b81119,00000000,,,,,False,,,,,,,,,,False,False
/application/zukanlist/zkn_data/zukan_enc_platinum.narc,/application/zukanlist/zkn_data/zukan_enc_platinum.narc!/member_00007,0,/application/zukanlist/zkn_data/zukan_enc_platinum.narc,133,7,,41972,41976,2288,2292,4,df3f619804a92fdb4057192dc43dd748ea778adc52bc498ce80524c014b81119,00000000,,,,,False,,,,,,,,,,False,False
/application/zukanlist/zkn_data/zukan_enc_platinum.narc,/application/zukanlist/zkn_data/zukan_enc_platinum.narc!/member_00008,0,/application/zukanlist/zkn_data/zukan_enc_platinum.narc,133,8,,41976,41980,2292,2296,4,df3f619804a92fdb4057192dc43dd748ea778adc52bc498ce80524c014b81119,00000000,,,,,False,,,,,,,,,,False,False
/application/zukanlist/zkn_data/zukan_enc_platinum.narc,/application/zukanlist/zkn_data/zukan_enc_platinum.narc!/member_00009,0,/application/zukanlist/zkn_data/zukan_enc_platinum.narc,133,9,,41980,41984,2296,2300,4,df3f619804a92fdb4057192dc43dd748ea778adc52bc498ce80524c014b81119,00000000,,,,,False,,,,,,,,,,False,False
/application/zukanlist/zkn_data/zukan_enc_platinum.narc,/application/zukanlist/zkn_data/zukan_enc_platinum.narc!/member_00010,0,/application/zukanlist/zkn_data/zukan_enc_platinum.narc,133,10,,41984,41988,2300,2304,4,df3f619804a92fdb4057192dc43dd748ea778adc52bc498ce80524c014b81119,00000000,,,,,False,,,,,,,,,,False,False
/application/zukanlist/zkn_data/zukan_enc_platinum.narc,/application/zukanlist/zkn_data/zukan_enc_platinum.narc!/member_00011,0,/application/zukanlist/zkn_data/zukan_enc_platinum.narc,133,11,,41988,41992,2304,2308,4,df3f619804a92fdb4057192dc43dd748ea778adc52bc498ce80524c014b81119,00000000,,,,,False,,,,,,,,,,False,False
/application/zukanlist/zkn_data/zukan_enc_platinum.narc,/application/zukanlist/zkn_data/zukan_enc_platinum.narc!/member_00012,0,/application/zukanlist/zkn_data/zukan_enc_platinum.narc,133,12,,41992,41996,2308,2312,4,df3f619804a92fdb4057192dc43dd748ea778adc52bc498ce80524c014b81119,00000000,,,,,False,,,,,,,,,,False,False
/application/zukanlist/zkn_data/zukan_enc_platinum.narc,/application/zukanlist/zkn_data/zukan_enc_platinum.narc!/member_00013,0,/application/zukanlist/zkn_data/zukan_enc_platinum.narc,133,13,,41996,42000,2312,2316,4,df3f619804a92fdb4057192dc43dd748ea778adc52bc498ce80524c014b81119,00000000,,,,,False,,,,,,,,,,False,False
/application/zukanlist/zkn_data/zukan_enc_platinum.narc,/application/zukanlist/zkn_data/zukan_enc_platinum.narc!/member_00014,0,/application/zukanlist/zkn_data/zukan_enc_platinum.narc,133,14,,42000,42004,2316,2320,4,df3f619804a92fdb4057192dc43dd748ea778adc52bc498ce80524c014b81119,00000000,,,,,False,,,,,,,,,,False,False
/application/zukanlist/zkn_data/zukan_enc_platinum.narc,/application/zukanlist/zkn_data/zukan_enc_platinum.narc!/member_00015,0,/application/zukanlist/zkn_data/zukan_enc_platinum.narc,133,15,,42004,42008,2320,2324,4,df3f619804a92fdb4057192dc43dd748ea778adc52bc498ce80524c014b81119,00000000,,,,,False,,,,,,,,,,False,False
/application/zukanlist/zkn_data/zukan_enc_platinum.narc,/application/zukanlist/zkn_data/zukan_enc_platinum.narc!/member_00016,0,/application/zukanlist/zkn_data/zukan_enc_platinum.narc,133,16,,42008,42012,2324,2328,4,df3f619804a92fdb4057192dc43dd748ea778adc52bc498ce80524c014b81119,00000000,,,,,False,,,,,,,,,,False,False
/application/zukanlist/zkn_data/zukan_enc_platinum.narc,/application/zukanlist/zkn_data/zukan_enc_platinum.narc!/member_00017,0,/application/zukanlist/zkn_data/zukan_enc_platinum.narc,133,17,,42012,42016,2328,2332,4,df3f619804a92fdb4057192dc43dd748ea778adc52bc498ce80524c014b81119,00000000,,,,,False,,,,,,,,,,False,False
/application/zukanlist/zkn_data/zukan_enc_platinum.narc,/application/zukanlist/zkn_data/zukan_enc_platinum.narc!/member_00018,0,/application/zukanlist/zkn_data/zukan_enc_platinum.narc,133,18,,42016,42020,2332,2336,4,df3f619804a92fdb4057192dc43dd748ea778adc52bc498ce80524c014b81119,00000000,,,,,False,,,,,,,,,,False,False
/application/zukanlist/zkn_data/zukan_enc_platinum.narc,/application/zukanlist/zkn_data/zukan_enc_platinum.narc!/member_00019,0,/application/zukanlist/zkn_data/zukan_enc_platinum.narc,133,19,,42020,42024,2336,2340,4,df3f619804a92fdb4057192dc43dd748ea778adc52bc498ce80524c014b81119,00000000,,,,,False,,,,,,,,,,False,False
/application/zukanlist/zkn_data/zukan_enc_platinum.narc,/application/zukanlist/zkn_data/zukan_enc_platinum.narc!/member_00020,0,/application/zukanlist/zkn_data/zukan_enc_platinum.narc,133,20,,42024,42028,2340,2344,4,df3f619804a92fdb4057192dc43dd748ea778adc52bc498ce80524c014b81119,00000000,,,,,False,,,,,,,,,,False,False
/application/zukanlist/zkn_data/zukan_enc_platinum.narc,/application/zukanlist/zkn_data/zukan_enc_platinum.narc!/member_00021,0,/application/zukanlist/zkn_data/zukan_enc_platinum.narc,133,21,,42028,42032,2344,2348,4,df3f619804a92fdb4057192dc43dd748ea778adc52bc498ce80524c014b81119,00000000,,,,,False,,,,,,,,,,False,False
/application/zukanlist/zkn_data/zukan_enc_platinum.narc,/application/zukanlist/zkn_data/zukan_enc_platinum.narc!/member_00022,0,/application/zukanlist/zkn_data/zukan_enc_platinum.narc,133,22,,42032,42036,2348,2352,4,df3f619804a92fdb4057192dc43dd748ea778adc52bc498ce80524c014b81119,00000000,,,,,False,,,,,,,,,,False,False
/application/zukanlist/zkn_data/zukan_enc_platinum.narc,/application/zukanlist/zkn_data/zukan_enc_platinum.narc!/member_00023,0,/application/zukanlist/zkn_data/zukan_enc_platinum.narc,133,23,,42036,42040,2352,2356,4,df3f619804a92fdb4057192dc43dd748ea778adc52bc498ce80524c014b81119,00000000,,,,,False,,,,,,,,,,False,False
/application/zukanlist/zkn_data/zukan_enc_platinum.narc,/application/zukanlist/zkn_data/zukan_enc_platinum.narc!/member_00024,0,/application/zukanlist/zkn_data/zukan_enc_platinum.narc,133,24,,42040,42044,2356,2360,4,df3f619804a92fdb4057192dc43dd748ea778adc52bc498ce80524c014b81119,00000000,,,,,False,,,,,,,,,,False,False
/application/zukanlist/zkn_data/zukan_enc_platinum.narc,/application/zukanlist/zkn_data/zukan_enc_platinum.narc!/member_00025,0,/application/zukanlist/zkn_data/zukan_enc_platinum.narc,133,25,,42044,42048,2360,2364,4,df3f619804a92fdb4057192dc43dd748ea778adc52bc498ce80524c014b81119,00000000,,,,,False,,,,,,,,,,False,False
/application/zukanlist/zkn_data/zukan_enc_platinum.narc,/application/zukanlist/zkn_data/zukan_enc_platinum.narc!/member_00026,0,/application/zukanlist/zkn_data/zukan_enc_platinum.narc,133,26,,42048,42052,2364,2368,4,df3f619804a92fdb4057192dc43dd748ea778adc52bc498ce80524c014b81119,00000000,,,,,False,,,,,,,,,,False,False
/application/zukanlist/zkn_data/zukan_enc_platinum.narc,/application/zukanlist/zkn_data/zukan_enc_platinum.narc!/member_00027,0,/application/zukanlist/zkn_data/zukan_enc_platinum.narc,133,27,,42052,42056,2368,2372,4,df3f619804a92fdb4057192dc43dd748ea778adc52bc498ce80524c014b81119,00000000,,,,,False,,,,,,,,,,False,False
/application/zukanlist/zkn_data/zukan_enc_platinum.narc,/application/zukanlist/zkn_data/zukan_enc_platinum.narc!/member_00028,0,/application/zukanlist/zkn_data/zukan_enc_platinum.narc,133,28,,42056,42060,2372,2376,4,df3f619804a92fdb4057192dc43dd748ea778adc52bc498ce80524c014b81119,00000000,,,,,False,,,,,,,,,,False,False
/application/zukanlist/zkn_data/zukan_enc_platinum.narc,/application/zukanlist/zkn_data/zukan_enc_platinum.narc!/member_00029,0,/application/zukanlist/zkn_data/zukan_enc_platinum.narc,133,29,,42060,42068,2376,2384,8,18d8d609947c6b82b9607704ae40d3317038e709238514de750b5c7411ba4c20,0e00000000000000,,,,,False,,,,,,,,,,False,False
/application/zukanlist/zkn_data/zukan_enc_platinum.narc,/application/zukanlist/zkn_data/zukan_enc_platinum.narc!/member_00030,0,/application/zukanlist/zkn_data/zukan_enc_platinum.narc,133,30,,42068,42072,2384,2388,4,df3f619804a92fdb4057192dc43dd748ea778adc52bc498ce80524c014b81119,00000000,,,,,False,,,,,,,,,,False,False
/application/zukanlist/zkn_data/zukan_enc_platinum.narc,/application/zukanlist/zkn_data/zukan_enc_platinum.narc!/member_00031,0,/application/zukanlist/zkn_data/zukan_enc_platinum.narc,133,31,,42072,42076,2388,2392,4,df3f619804a92fdb4057192dc43dd748ea778adc52bc498ce80524c014b81119,00000000,,,,,False,,,,,,,,,,False,False
/application/zukanlist/zkn_data/zukan_enc_platinum.narc,/application/zukanlist/zkn_data/zukan_enc_platinum.narc!/member_00032,0,/application/zukanlist/zkn_data/zukan_enc_platinum.narc,133,32,,42076,42080,2392,2396,4,df3f619804a92fdb4057192dc43dd748ea778adc52bc498ce80524c014b81119,00000000,,,,,False,,,,,,,,,,False,False
/application/zukanlist/zkn_data/zukan_enc_platinum.narc,/application/zukanlist/zkn_data/zukan_enc_platinum.narc!/member_00033,0,/application/zukanlist/zkn_data/zukan_enc_platinum.narc,133,33,,42080,42084,2396,2400,4,df3f619804a92fdb4057192dc43dd748ea778adc52bc498ce80524c014b81119,00000000,,,,,False,,,,,,,,,,False,False
/application/zukanlist/zkn_data/zukan_enc_platinum.narc,/application/zukanlist/zkn_data/zukan_enc_platinum.narc!/member_00034,0,/application/zukanlist/zkn_data/zukan_enc_platinum.narc,133,34,,42084,42088,2400,2404,4,df3f619804a92fdb4057192dc43dd748ea778adc52bc498ce80524c014b81119,00000000,,,,,False,,,,,,,,,,False,False
/application/zukanlist/zkn_data/zukan_enc_platinum.narc,/application/zukanlist/zkn_data/zukan_enc_platinum.narc!/member_00035,0,/application/zukanlist/zkn_data/zukan_enc_platinum.narc,133,35,,42088,42092,2404,2408,4,df3f619804a92fdb4057192dc43dd748ea778adc52bc498ce80524c014b81119,00000000,,,,,False,,,,,,,,,,False,False
/application/zukanlist/zkn_data/zukan_enc_platinum.narc,/application/zukanlist/zkn_data/zukan_enc_platinum.narc!/member_00036,0,/application/zukanlist/zkn_data/zukan_enc_platinum.narc,133,36,,42092,42096,2408,2412,4,df3f619804a92fdb4057192dc43dd748ea778adc52bc498ce80524c014b81119,00000000,,,,,False,,,,,,,,,,False,False
/application/zukanlist/zkn_data/zukan_enc_platinum.narc,/application/zukanlist/zkn_data/zukan_enc_platinum.narc!/member_00037,0,/application/zukanlist/zkn_data/zukan_enc_platinum.narc,133,37,,42096,42100,2412,2416,4,df3f619804a92fdb4057192dc43dd748ea778adc52bc498ce80524c014b81119,00000000,,,,,False,,,,,,,,,,False,False
/application/zukanlist/zkn_data/zukan_enc_platinum.narc,/application/zukanlist/zkn_data/zukan_enc_platinum.narc!/member_00038,0,/application/zukanlist/zkn_data/zukan_enc_platinum.narc,133,38,,42100,42104,2416,2420,4,df3f619804a92fdb4057192dc43dd748ea778adc52bc498ce80524c014b81119,00000000,,,,,False,,,,,,,,,,False,False
/application/zukanlist/zkn_data/zukan_enc_platinum.narc,/application/zukanlist/zkn_data/zukan_enc_platinum.narc!/member_00039,0,/application/zukanlist/zkn_data/zukan_enc_platinum.narc,133,39,,42104,42112,2420,2428,8,35be322d094f9d154a8aba4733b8497f180353bd7ae7b0a15f90b586b549f28b,0300000000000000,,,,,False,,,,,,,,,,False,False
/application/zukanlist/zkn_data/zukan_enc_platinum.narc,/application/zukanlist/zkn_data/zukan_enc_platinum.narc!/member_00040,0,/application/zukanlist/zkn_data/zukan_enc_platinum.narc,133,40,,42112,42116,2428,2432,4,df3f619804a92fdb4057192dc43dd748ea778adc52bc498ce80524c014b81119,00000000,,,,,False,,,,,,,,,,False,False
/application/zukanlist/zkn_data/zukan_enc_platinum.narc,/application/zukanlist/zkn_data/zukan_enc_platinum.narc!/member_00041,0,/application/zukanlist/zkn_data/zukan_enc_platinum.narc,133,41,,42116,42120,2432,2436,4,df3f619804a92fdb4057192dc43dd748ea778adc52bc498ce80524c014b81119,00000000,,,,,False,,,,,,,,,,False,False
/application/zukanlist/zkn_data/zukan_enc_platinum.narc,/application/zukanlist/zkn_data/zukan_enc_platinum.narc!/member_00042,0,/application/zukanlist/zkn_data/zukan_enc_platinum.narc,133,42,,42120,42124,2436,2440,4,df3f619804a92fdb4057192dc43dd748ea778adc52bc498ce80524c014b81119,00000000,,,,,False,,,,,,,,,,False,False
/application/zukanlist/zkn_data/zukan_enc_platinum.narc,/application/zukanlist/zkn_data/zukan_enc_platinum.narc!/member_00043,0,/application/zukanlist/zkn_data/zukan_enc_platinum.narc,133,43,,42124,42128,2440,2444,4,df3f619804a92fdb4057192dc43dd748ea778adc52bc498ce80524c014b81119,00000000,,,,,False,,,,,,,,,,False,False
/application/zukanlist/zkn_data/zukan_enc_platinum.narc,/application/zukanlist/zkn_data/zukan_enc_platinum.narc!/member_00044,0,/application/zukanlist/zkn_data/zukan_enc_platinum.narc,133,44,,42128,42132,2444,2448,4,df3f619804a92fdb4057192dc43dd748ea778adc52bc498ce80524c014b81119,00000000,,,,,False,,,,,,,,,,False,False
/application/zukanlist/zkn_data/zukan_enc_platinum.narc,/application/zukanlist/zkn_data/zukan_enc_platinum.narc!/member_00045,0,/application/zukanlist/zkn_data/zukan_enc_platinum.narc,133,45,,42132,42164,2448,2480,32,9d1bf6ea30818af61635ee85e9cc03f02bc80838861066e058f767bf8c5dd239,01000000030000000700000008000000,,,,,False,,,,,,,,,,False,False
/application/zukanlist/zkn_data/zukan_enc_platinum.narc,/application/zukanlist/zkn_data/zukan_enc_platinum.narc!/member_00046,0,/application/zukanlist/zkn_data/zukan_enc_platinum.narc,133,46,,42164,42204,2480,2520,40,e3e62d77adad57e0f75f1ebaf5542b3c6276f0805a66aff9491bfaadaa15acc2,03000000060000000700000008000000,,,,,False,,,,,,,,,,False,False
/application/zukanlist/zkn_data/zukan_enc_platinum.narc,/application/zukanlist/zkn_data/zukan_enc_platinum.narc!/member_00047,0,/application/zukanlist/zkn_data/zukan_enc_platinum.narc,133,47,,42204,42208,2520,2524,4,df3f619804a92fdb4057192dc43dd748ea778adc52bc498ce80524c014b81119,00000000,,,,,False,,,,,,,,,,False,False
/application/zukanlist/zkn_data/zukan_enc_platinum.narc,/application/zukanlist/zkn_data/zukan_enc_platinum.narc!/member_00048,0,/application/zukanlist/zkn_data/zukan_enc_platinum.narc,133,48,,42208,42212,2524,2528,4,df3f619804a92fdb4057192dc43dd748ea778adc52bc498ce80524c014b81119,00000000,,,,,False,,,,,,,,,,False,False
/application/zukanlist/zkn_data/zukan_enc_platinum.narc,/application/zukanlist/zkn_data/zukan_enc_platinum.narc!/member_00049,0,/application/zukanlist/zkn_data/zukan_enc_platinum.narc,133,49,,42212,42216,2528,2532,4,df3f619804a92fdb4057192dc43dd748ea778adc52bc498ce80524c014b81119,00000000,,,,,False,,,,,,,,,,False,False
/application/zukanlist/zkn_data/zukan_enc_platinum.narc,/application/zukanlist/zkn_data/zukan_enc_platinum.narc!/member_00050,0,/application/zukanlist/zkn_data/zukan_enc_platinum.narc,133,50,,42216,42220,2532,2536,4,df3f619804a92fdb4057192dc43dd748ea778adc52bc498ce80524c014b81119,00000000,,,,,False,,,,,,,,,,False,False
/application/zukanlist/zkn_data/zukan_enc_platinum.narc,/application/zukanlist/zkn_data/zukan_enc_platinum.narc!/member_00051,0,/application/zukanlist/zkn_data/zukan_enc_platinum.narc,133,51,,42220,42224,2536,2540,4,df3f619804a92fdb4057192dc43dd748ea778adc52bc498ce80524c014b81119,00000000,,,,,False,,,,,,,,,,False,False
/application/zukanlist/zkn_data/zukan_enc_platinum.narc,/application/zukanlist/zkn_data/zukan_enc_platinum.narc!/member_00052,0,/application/zukanlist/zkn_data/zukan_enc_platinum.narc,133,52,,42224,42228,2540,2544,4,df3f619804a92fdb4057192dc43dd748ea778adc52bc498ce80524c014b81119,00000000,,,,,False,,,,,,,,,,False,False
/application/zukanlist/zkn_data/zukan_enc_platinum.narc,/application/zukanlist/zkn_data/zukan_enc_platinum.narc!/member_00053,0,/application/zukanlist/zkn_data/zukan_enc_platinum.narc,133,53,,42228,42232,2544,2548,4,df3f619804a92fdb4057192dc43dd748ea778adc52bc498ce80524c014b81119,00000000,,,,,False,,,,,,,,,,False,False
/application/zukanlist/zkn_data/zukan_enc_platinum.narc,/application/zukanlist/zkn_data/zukan_enc_platinum.narc!/member_00054,0,/application/zukanlist/zkn_data/zukan_enc_platinum.narc,133,54,,42232,42236,2548,2552,4,df3f619804a92fdb4057192dc43dd748ea778adc52bc498ce80524c014b81119,00000000,,,,,False,,,,,,,,,,False,False
/application/zukanlist/zkn_data/zukan_enc_platinum.narc,/application/zukanlist/zkn_data/zukan_enc_platinum.narc!/member_00055,0,/application/zukanlist/zkn_data/zukan_enc_platinum.narc,133,55,,42236,42240,2552,2556,4,df3f619804a92fdb4057192dc43dd748ea778adc52bc498ce80524c014b81119,00000000,,,,,False,,,,,,,,,,False,False
/application/zukanlist/zkn_data/zukan_enc_platinum.narc,/application/zukanlist/zkn_data/zukan_enc_platinum.narc!/member_00056,0,/application/zukanlist/zkn_data/zukan_enc_platinum.narc,133,56,,42240,42244,2556,2560,4,df3f619804a92fdb4057192dc43dd748ea778adc52bc498ce80524c014b81119,00000000,,,,,False,,,,,,,,,,False,False
/application/zukanlist/zkn_data/zukan_enc_platinum.narc,/application/zukanlist/zkn_data/zukan_enc_platinum.narc!/member_00057,0,/application/zukanlist/zkn_data/zukan_enc_platinum.narc,133,57,,42244,42248,2560,2564,4,df3f619804a92fdb4057192dc43dd748ea778adc52bc498ce80524c014b81119,00000000,,,,,False,,,,,,,,,,False,False
/application/zukanlist/zkn_data/zukan_enc_platinum.narc,/application/zukanlist/zkn_data/zukan_enc_platinum.narc!/member_00058,0,/application/zukanlist/zkn_data/zukan_enc_platinum.narc,133,58,,42248,42272,2564,2588,24,a748cb9e6b280c640089b38ad3a048e8c4df41e3b5d871813ac379591e57d2d0,07000000080000001100000012000000,,,,,False,,,,,,,,,,False,False
/application/zukanlist/zkn_data/zukan_enc_platinum.narc,/application/zukanlist/zkn_data/zukan_enc_platinum.narc!/member_00059,0,/application/zukanlist/zkn_data/zukan_enc_platinum.narc,133,59,,42272,42300,2588,2616,28,68ec412a605513d1367879b256b5ca515a739c312b99ea790373ca05588fa001,07000000080000000a00000011000000,,,,,False,,,,,,,,,,False,False
/application/zukanlist/zkn_data/zukan_enc_platinum.narc,/application/zukanlist/zkn_data/zukan_enc_platinum.narc!/member_00060,0,/application/zukanlist/zkn_data/zukan_enc_platinum.narc,133,60,,42300,42304,2616,2620,4,df3f619804a92fdb4057192dc43dd748ea778adc52bc498ce80524c014b81119,00000000,,,,,False,,,,,,,,,,False,False
/application/zukanlist/zkn_data/zukan_enc_platinum.narc,/application/zukanlist/zkn_data/zukan_enc_platinum.narc!/member_00061,0,/application/zukanlist/zkn_data/zukan_enc_platinum.narc,133,61,,42304,42308,2620,2624,4,df3f619804a92fdb4057192dc43dd748ea778adc52bc498ce80524c014b81119,00000000,,,,,False,,,,,,,,,,False,False
/application/zukanlist/zkn_data/zukan_enc_platinum.narc,/application/zukanlist/zkn_data/zukan_enc_platinum.narc!/member_00062,0,/application/zukanlist/zkn_data/zukan_enc_platinum.narc,133,62,,42308,42312,2624,2628,4,df3f619804a92fdb4057192dc43dd748ea778adc52bc498ce80524c014b81119,00000000,,,,,False,,,,,,,,,,False,False
/application/zukanlist/zkn_data/zukan_enc_platinum.narc,/application/zukanlist/zkn_data/zukan_enc_platinum.narc!/member_00063,0,/application/zukanlist/zkn_data/zukan_enc_platinum.narc,133,63,,42312,42316,2628,2632,4,df3f619804a92fdb4057192dc43dd748ea778adc52bc498ce80524c014b81119,00000000,,,,,False,,,,,,,,,,False,False
/application/zukanlist/zkn_data/zukan_enc_platinum.narc,/application/zukanlist/zkn_data/zukan_enc_platinum.narc!/member_00064,0,/application/zukanlist/zkn_data/zukan_enc_platinum.narc,133,64,,42316,42320,2632,2636,4,df3f619804a92fdb4057192dc43dd748ea778adc52bc498ce80524c014b81119,00000000,,,,,False,,,,,,,,,,False,False
/application/zukanlist/zkn_data/zukan_enc_platinum.narc,/application/zukanlist/zkn_data/zukan_enc_platinum.narc!/member_00065,0,/application/zukanlist/zkn_data/zukan_enc_platinum.narc,133,65,,42320,42324,2636,2640,4,df3f619804a92fdb4057192dc43dd748ea778adc52bc498ce80524c014b81119,00000000,,,,,False,,,,,,,,,,False,False
/application/zukanlist/zkn_data/zukan_enc_platinum.narc,/application/zukanlist/zkn_data/zukan_enc_platinum.narc!/member_00066,0,/application/zukanlist/zkn_data/zukan_enc_platinum.narc,133,66,,42324,42328,2640,2644,4,df3f619804a92fdb4057192dc43dd748ea778adc52bc498ce80524c014b81119,00000000,,,,,False,,,,,,,,,,False,False
/application/zukanlist/zkn_data/zukan_enc_platinum.narc,/application/zukanlist/zkn_data/zukan_enc_platinum.narc!/member_00067,0,/application/zukanlist/zkn_data/zukan_enc_platinum.narc,133,67,,42328,42332,2644,2648,4,df3f619804a92fdb4057192dc43dd748ea778adc52bc498ce80524c014b81119,00000000,,,,,False,,,,,,,,,,False,False
/application/zukanlist/zkn_data/zukan_enc_platinum.narc,/application/zukanlist/zkn_data/zukan_enc_platinum.narc!/member_00068,0,/application/zukanlist/zkn_data/zukan_enc_platinum.narc,133,68,,42332,42336,2648,2652,4,df3f619804a92fdb4057192dc43dd748ea778adc52bc498ce80524c014b81119,00000000,,,,,False,,,,,,,,,,False,False
/application/zukanlist/zkn_data/zukan_enc_platinum.narc,/application/zukanlist/zkn_data/zukan_enc_platinum.narc!/member_00069,0,/application/zukanlist/zkn_data/zukan_enc_platinum.narc,133,69,,42336,42340,2652,2656,4,df3f619804a92fdb4057192dc43dd748ea778adc52bc498ce80524c014b81119,00000000,,,,,False,,,,,,,,,,False,False
/application/zukanlist/zkn_data/zukan_enc_platinum.narc,/application/zukanlist/zkn_data/zukan_enc_platinum.narc!/member_00070,0,/application/zukanlist/zkn_data/zukan_enc_platinum.narc,133,70,,42340,42348,2656,2664,8,35be322d094f9d154a8aba4733b8497f180353bd7ae7b0a15f90b586b549f28b,0300000000000000,,,,,False,,,,,,,,,,False,False
/application/zukanlist/zkn_data/zukan_enc_platinum.narc,/application/zukanlist/zkn_data/zukan_enc_platinum.narc!/member_00071,0,/application/zukanlist/zkn_data/zukan_enc_platinum.narc,133,71,,42348,42356,2664,2672,8,35be322d094f9d154a8aba4733b8497f180353bd7ae7b0a15f90b586b549f28b,0300000000000000,,,,,False,,,,,,,,,,False,False
/application/zukanlist/zkn_data/zukan_enc_platinum.narc,/application/zukanlist/zkn_data/zukan_enc_platinum.narc!/member_00072,0,/application/zukanlist/zkn_data/zukan_enc_platinum.narc,133,72,,42356,42360,2672,2676,4,df3f619804a92fdb4057192dc43dd748ea778adc52bc498ce80524c014b81119,00000000,,,,,False,,,,,,,,,,False,False
/application/zukanlist/zkn_data/zukan_enc_platinum.narc,/application/zukanlist/zkn_data/zukan_enc_platinum.narc!/member_00073,0,/application/zukanlist/zkn_data/zukan_enc_platinum.narc,133,73,,42360,42364,2676,2680,4,df3f619804a92fdb4057192dc43dd748ea778adc52bc498ce80524c014b81119,00000000,,,,,False,,,,,,,,,,False,False
/application/zukanlist/zkn_data/zukan_enc_platinum.narc,/application/zukanlist/zkn_data/zukan_enc_platinum.narc!/member_00074,0,/application/zukanlist/zkn_data/zukan_enc_platinum.narc,133,74,,42364,42368,2680,2684,4,df3f619804a92fdb4057192dc43dd748ea778adc52bc498ce80524c014b81119,00000000,,,,,False,,,,,,,,,,False,False
/application/zukanlist/zkn_data/zukan_enc_platinum.narc,/application/zukanlist/zkn_data/zukan_enc_platinum.narc!/member_00075,0,/application/zukanlist/zkn_data/zukan_enc_platinum.narc,133,75,,42368,42372,2684,2688,4,df3f619804a92fdb4057192dc43dd748ea778adc52bc498ce80524c014b81119,00000000,,,,,False,,,,,,,,,,False,False
/application/zukanlist/zkn_data/zukan_enc_platinum.narc,/application/zukanlist/zkn_data/zukan_enc_platinum.narc!/member_00076,0,/application/zukanlist/zkn_data/zukan_enc_platinum.narc,133,76,,42372,42376,2688,2692,4,df3f619804a92fdb4057192dc43dd748ea778adc52bc498ce80524c014b81119,00000000,,,,,False,,,,,,,,,,False,False
/application/zukanlist/zkn_data/zukan_enc_platinum.narc,/application/zukanlist/zkn_data/zukan_enc_platinum.narc!/member_00077,0,/application/zukanlist/zkn_data/zukan_enc_platinum.narc,133,77,,42376,42380,2692,2696,4,df3f619804a92fdb4057192dc43dd748ea778adc52bc498ce80524c014b81119,00000000,,,,,False,,,,,,,,,,False,False
/application/zukanlist/zkn_data/zukan_enc_platinum.narc,/application/zukanlist/zkn_data/zukan_enc_platinum.narc!/member_00078,0,/application/zukanlist/zkn_data/zukan_enc_platinum.narc,133,78,,42380,42408,2696,2724,28,fb9a3ed036398dd6955d7087b66a4bebd9b46b5730df0eb4c3ced5941bef47ec,0100000003000000080000000c000000,,,,,False,,,,,,,,,,False,False
/application/zukanlist/zkn_data/zukan_enc_platinum.narc,/application/zukanlist/zkn_data/zukan_enc_platinum.narc!/member_00079,0,/application/zukanlist/zkn_data/zukan_enc_platinum.narc,133,79,,42408,42432,2724,2748,24,f693e222704836ab21f71d24a05b03731a56beab9a4bbd863a5cb947c9e18f12,0300000006000000090000000a000000,,,,,False,,,,,,,,,,False,False
/application/zukanlist/zkn_data/zukan_enc_platinum.narc,/application/zukanlist/zkn_data/zukan_enc_platinum.narc!/member_00080,0,/application/zukanlist/zkn_data/zukan_enc_platinum.narc,133,80,,42432,42436,2748,2752,4,df3f619804a92fdb4057192dc43dd748ea778adc52bc498ce80524c014b81119,00000000,,,,,False,,,,,,,,,,False,False
/application/zukanlist/zkn_data/zukan_enc_platinum.narc,/application/zukanlist/zkn_data/zukan_enc_platinum.narc!/member_00081,0,/application/zukanlist/zkn_data/zukan_enc_platinum.narc,133,81,,42436,42440,2752,2756,4,df3f619804a92fdb4057192dc43dd748ea778adc52bc498ce80524c014b81119,00000000,,,,,False,,,,,,,,,,False,False
/application/zukanlist/zkn_data/zukan_enc_platinum.narc,/application/zukanlist/zkn_data/zukan_enc_platinum.narc!/member_00082,0,/application/zukanlist/zkn_data/zukan_enc_platinum.narc,133,82,,42440,42444,2756,2760,4,df3f619804a92fdb4057192dc43dd748ea778adc52bc498ce80524c014b81119,00000000,,,,,False,,,,,,,,,,False,False
/application/zukanlist/zkn_data/zukan_enc_platinum.narc,/application/zukanlist/zkn_data/zukan_enc_platinum.narc!/member_00083,0,/application/zukanlist/zkn_data/zukan_enc_platinum.narc,133,83,,42444,42448,2760,2764,4,df3f619804a92fdb4057192dc43dd748ea778adc52bc498ce80524c014b81119,00000000,,,,,False,,,,,,,,,,False,False
/application/zukanlist/zkn_data/zukan_enc_platinum.narc,/application/zukanlist/zkn_data/zukan_enc_platinum.narc!/member_00084,0,/application/zukanlist/zkn_data/zukan_enc_platinum.narc,133,84,,42448,42452,2764,2768,4,df3f619804a92fdb4057192dc43dd748ea778adc52bc498ce80524c014b81119,00000000,,,,,False,,,,,,,,,,False,False
/application/zukanlist/zkn_data/zukan_enc_platinum.narc,/application/zukanlist/zkn_data/zukan_enc_platinum.narc!/member_00085,0,/application/zukanlist/zkn_data/zukan_enc_platinum.narc,133,85,,42452,42456,2768,2772,4,df3f619804a92fdb4057192dc43dd748ea778adc52bc498ce80524c014b81119,00000000,,,,,False,,,,,,,,,,False,False
/application/zukanlist/zkn_data/zukan_enc_platinum.narc,/application/zukanlist/zkn_data/zukan_enc_platinum.narc!/member_00086,0,/application/zukanlist/zkn_data/zukan_enc_platinum.narc,133,86,,42456,42464,2772,2780,8,23d7f42b1cdc1f0d492ebd756ed0fe8003995dda554d99418d47a81813650207,0600000000000000,,,,,False,,,,,,,,,,False,False
/application/zukanlist/zkn_data/zukan_enc_platinum.narc,/application/zukanlist/zkn_data/zukan_enc_platinum.narc!/member_00087,0,/application/zukanlist/zkn_data/zukan_enc_platinum.narc,133,87,,42464,42468,2780,2784,4,df3f619804a92fdb4057192dc43dd748ea778adc52bc498ce80524c014b81119,00000000,,,,,False,,,,,,,,,,False,False
/application/zukanlist/zkn_data/zukan_enc_platinum.narc,/application/zukanlist/zkn_data/zukan_enc_platinum.narc!/member_00088,0,/application/zukanlist/zkn_data/zukan_enc_platinum.narc,133,88,,42468,42472,2784,2788,4,df3f619804a92fdb4057192dc43dd748ea778adc52bc498ce80524c014b81119,00000000,,,,,False,,,,,,,,,,False,False
/application/zukanlist/zkn_data/zukan_enc_platinum.narc,/application/zukanlist/zkn_data/zukan_enc_platinum.narc!/member_00089,0,/application/zukanlist/zkn_data/zukan_enc_platinum.narc,133,89,,42472,42476,2788,2792,4,df3f619804a92fdb4057192dc43dd748ea778adc52bc498ce80524c014b81119,00000000,,,,,False,,,,,,,,,,False,False
/application/zukanlist/zkn_data/zukan_enc_platinum.narc,/application/zukanlist/zkn_data/zukan_enc_platinum.narc!/member_00090,0,/application/zukanlist/zkn_data/zukan_enc_platinum.narc,133,90,,42476,42480,2792,2796,4,df3f619804a92fdb4057192dc43dd748ea778adc52bc498ce80524c014b81119,00000000,,,,,False,,,,,,,,,,False,False
/application/zukanlist/zkn_data/zukan_enc_platinum.narc,/application/zukanlist/zkn_data/zukan_enc_platinum.narc!/member_00091,0,/application/zukanlist/zkn_data/zukan_enc_platinum.narc,133,91,,42480,42488,2796,2804,8,23d7f42b1cdc1f0d492ebd756ed0fe8003995dda554d99418d47a81813650207,0600000000000000,,,,,False,,,,,,,,,,False,False
/application/zukanlist/zkn_data/zukan_enc_platinum.narc,/application/zukanlist/zkn_data/zukan_enc_platinum.narc!/member_00092,0,/application/zukanlist/zkn_data/zukan_enc_platinum.narc,133,92,,42488,42492,2804,2808,4,df3f619804a92fdb4057192dc43dd748ea778adc52bc498ce80524c014b81119,00000000,,,,,False,,,,,,,,,,False,False
/application/zukanlist/zkn_data/zukan_enc_platinum.narc,/application/zukanlist/zkn_data/zukan_enc_platinum.narc!/member_00093,0,/application/zukanlist/zkn_data/zukan_enc_platinum.narc,133,93,,42492,42496,2808,2812,4,df3f619804a92fdb4057192dc43dd748ea778adc52bc498ce80524c014b81119,00000000,,,,,False,,,,,,,,,,False,False
/application/zukanlist/zkn_data/zukan_enc_platinum.narc,/application/zukanlist/zkn_data/zukan_enc_platinum.narc!/member_00094,0,/application/zukanlist/zkn_data/zukan_enc_platinum.narc,133,94,,42496,42500,2812,2816,4,df3f619804a92fdb4057192dc43dd748ea778adc52bc498ce80524c014b81119,00000000,,,,,False,,,,,,,,,,False,False
/application/zukanlist/zkn_data/zukan_enc_platinum.narc,/application/zukanlist/zkn_data/zukan_enc_platinum.narc!/member_00095,0,/application/zukanlist/zkn_data/zukan_enc_platinum.narc,133,95,,42500,42504,2816,2820,4,df3f619804a92fdb4057192dc43dd748ea778adc52bc498ce80524c014b81119,00000000,,,,,False,,,,,,,,,,False,False
/application/zukanlist/zkn_data/zukan_enc_platinum.narc,/application/zukanlist/zkn_data/zukan_enc_platinum.narc!/member_00096,0,/application/zukanlist/zkn_data/zukan_enc_platinum.narc,133,96,,42504,42524,2820,2840,20,0a6b3ea1db93805c9d32c68c2f127910d9f0782119059b35d550cbe372df7765,020000000a0000001000000014000000,,,,,False,,,,,,,,,,False,False
/application/zukanlist/zkn_data/zukan_enc_platinum.narc,/application/zukanlist/zkn_data/zukan_enc_platinum.narc!/member_00097,0,/application/zukanlist/zkn_data/zukan_enc_platinum.narc,133,97,,42524,42532,2840,2848,8,a111f275cc2e7588000001d300a31e76336d15b9d314cd1a1d8f3d3556975eed,0a00000000000000,,,,,False,,,,,,,,,,False,False
/application/zukanlist/zkn_data/zukan_enc_platinum.narc,/application/zukanlist/zkn_data/zukan_enc_platinum.narc!/member_00098,0,/application/zukanlist/zkn_data/zukan_enc_platinum.narc,133,98,,42532,42536,2848,2852,4,df3f619804a92fdb4057192dc43dd748ea778adc52bc498ce80524c014b81119,00000000,,,,,False,,,,,,,,,,False,False
/application/zukanlist/zkn_data/zukan_enc_platinum.narc,/application/zukanlist/zkn_data/zukan_enc_platinum.narc!/member_00099,0,/application/zukanlist/zkn_data/zukan_enc_platinum.narc,133,99,,42536,42556,2852,2872,20,703b6536eae64d905c3210e43aae249b18e58c717e129ae954e8ee8c3814c19c,01000000060000000c0000000f000000,,,,,False,,,,,,,,,,False,False
/application/zukanlist/zkn_data/zukan_enc_platinum.narc,/application/zukanlist/zkn_data/zukan_enc_platinum.narc!/member_00100,0,/application/zukanlist/zkn_data/zukan_enc_platinum.narc,133,100,,42556,42560,2872,2876,4,df3f619804a92fdb4057192dc43dd748ea778adc52bc498ce80524c014b81119,00000000,,,,,False,,,,,,,,,,False,False
/application/zukanlist/zkn_data/zukan_enc_platinum.narc,/application/zukanlist/zkn_data/zukan_enc_platinum.narc!/member_00101,0,/application/zukanlist/zkn_data/zukan_enc_platinum.narc,133,101,,42560,42564,2876,2880,4,df3f619804a92fdb4057192dc43dd748ea778adc52bc498ce80524c014b81119,00000000,,,,,False,,,,,,,,,,False,False
/application/zukanlist/zkn_data/zukan_enc_platinum.narc,/application/zukanlist/zkn_data/zukan_enc_platinum.narc!/member_00102,0,/application/zukanlist/zkn_data/zukan_enc_platinum.narc,133,102,,42564,42568,2880,2884,4,df3f619804a92fdb4057192dc43dd748ea778adc52bc498ce80524c014b81119,00000000,,,,,False,,,,,,,,,,False,False
/application/zukanlist/zkn_data/zukan_enc_platinum.narc,/application/zukanlist/zkn_data/zukan_enc_platinum.narc!/member_00103,0,/application/zukanlist/zkn_data/zukan_enc_platinum.narc,133,103,,42568,42572,2884,2888,4,df3f619804a92fdb4057192dc43dd748ea778adc52bc498ce80524c014b81119,00000000,,,,,False,,,,,,,,,,False,False
/application/zukanlist/zkn_data/zukan_enc_platinum.narc,/application/zukanlist/zkn_data/zukan_enc_platinum.narc!/member_00104,0,/application/zukanlist/zkn_data/zukan_enc_platinum.narc,133,104,,42572,42576,2888,2892,4,df3f619804a92fdb4057192dc43dd748ea778adc52bc498ce80524c014b81119,00000000,,,,,False,,,,,,,,,,False,False
/application/zukanlist/zkn_data/zukan_enc_platinum.narc,/application/zukanlist/zkn_data/zukan_enc_platinum.narc!/member_00105,0,/application/zukanlist/zkn_data/zukan_enc_platinum.narc,133,105,,42576,42580,2892,2896,4,df3f619804a92fdb4057192dc43dd748ea778adc52bc498ce80524c014b81119,00000000,,,,,False,,,,,,,,,,False,False
/application/zukanlist/zkn_data/zukan_enc_platinum.narc,/application/zukanlist/zkn_data/zukan_enc_platinum.narc!/member_00106,0,/application/zukanlist/zkn_data/zukan_enc_platinum.narc,133,106,,42580,42584,2896,2900,4,df3f619804a92fdb4057192dc43dd748ea778adc52bc498ce80524c014b81119,00000000,,,,,False,,,,,,,,,,False,False
/application/zukanlist/zkn_data/zukan_enc_platinum.narc,/application/zukanlist/zkn_data/zukan_enc_platinum.narc!/member_00107,0,/application/zukanlist/zkn_data/zukan_enc_platinum.narc,133,107,,42584,42588,2900,2904,4,df3f619804a92fdb4057192dc43dd748ea778adc52bc498ce80524c014b81119,00000000,,,,,False,,,,,,,,,,False,False
/application/zukanlist/zkn_data/zukan_enc_platinum.narc,/application/zukanlist/zkn_data/zukan_enc_platinum.narc!/member_00108,0,/application/zukanlist/zkn_data/zukan_enc_platinum.narc,133,108,,42588,42592,2904,2908,4,df3f619804a92fdb4057192dc43dd748ea778adc52bc498ce80524c014b81119,00000000,,,,,False,,,,,,,,,,False,False
/application/zukanlist/zkn_data/zukan_enc_platinum.narc,/application/zukanlist/zkn_data/zukan_enc_platinum.narc!/member_00109,0,/application/zukanlist/zkn_data/zukan_enc_platinum.narc,133,109,,42592,42596,2908,2912,4,df3f619804a92fdb4057192dc43dd748ea778adc52bc498ce80524c014b81119,00000000,,,,,False,,,,,,,,,,False,False
/application/zukanlist/zkn_data/zukan_enc_platinum.narc,/application/zukanlist/zkn_data/zukan_enc_platinum.narc!/member_00110,0,/application/zukanlist/zkn_data/zukan_enc_platinum.narc,133,110,,42596,42600,2912,2916,4,df3f619804a92fdb4057192dc43dd748ea778adc52bc498ce80524c014b81119,00000000,,,,,False,,,,,,,,,,False,False
/application/zukanlist/zkn_data/zukan_enc_platinum.narc,/application/zukanlist/zkn_data/zukan_enc_platinum.narc!/member_00111,0,/application/zukanlist/zkn_data/zukan_enc_platinum.narc,133,111,,42600,42604,2916,2920,4,df3f619804a92fdb4057192dc43dd748ea778adc52bc498ce80524c014b81119,00000000,,,,,False,,,,,,,,,,False,False
/application/zukanlist/zkn_data/zukan_enc_platinum.narc,/application/zukanlist/zkn_data/zukan_enc_platinum.narc!/member_00112,0,/application/zukanlist/zkn_data/zukan_enc_platinum.narc,133,112,,42604,42608,2920,2924,4,df3f619804a92fdb4057192dc43dd748ea778adc52bc498ce80524c014b81119,00000000,,,,,False,,,,,,,,,,False,False
/application/zukanlist/zkn_data/zukan_enc_platinum.narc,/application/zukanlist/zkn_data/zukan_enc_platinum.narc!/member_00113,0,/application/zukanlist/zkn_data/zukan_enc_platinum.narc,133,113,,42608,42616,2924,2932,8,cbbd5f990c53684d7ae650b40fcb5656e02261b53da5f6a7d8c819c92f2828f8,0900000000000000,,,,,False,,,,,,,,,,False,False
/application/zukanlist/zkn_data/zukan_enc_platinum.narc,/application/zukanlist/zkn_data/zukan_enc_platinum.narc!/member_00114,0,/application/zukanlist/zkn_data/zukan_enc_platinum.narc,133,114,,42616,42624,2932,2940,8,cbbd5f990c53684d7ae650b40fcb5656e02261b53da5f6a7d8c819c92f2828f8,0900000000000000,,,,,False,,,,,,,,,,False,False
/application/zukanlist/zkn_data/zukan_enc_platinum.narc,/application/zukanlist/zkn_data/zukan_enc_platinum.narc!/member_00115,0,/application/zukanlist/zkn_data/zukan_enc_platinum.narc,133,115,,42624,42636,2940,2952,12,f8f2f448c81dac67b073d9695f8fd137b33e96905d395de023b67c0b8bbd516c,060000000900000000000000,,,,,False,,,,,,,,,,False,False
/application/zukanlist/zkn_data/zukan_enc_platinum.narc,/application/zukanlist/zkn_data/zukan_enc_platinum.narc!/member_00116,0,/application/zukanlist/zkn_data/zukan_enc_platinum.narc,133,116,,42636,42648,2952,2964,12,f8f2f448c81dac67b073d9695f8fd137b33e96905d395de023b67c0b8bbd516c,060000000900000000000000,,,,,False,,,,,,,,,,False,False
/application/zukanlist/zkn_data/zukan_enc_platinum.narc,/application/zukanlist/zkn_data/zukan_enc_platinum.narc!/member_00117,0,/application/zukanlist/zkn_data/zukan_enc_platinum.narc,133,117,,42648,42652,2964,2968,4,df3f619804a92fdb4057192dc43dd748ea778adc52bc498ce80524c014b81119,00000000,,,,,False,,,,,,,,,,False,False
/application/zukanlist/zkn_data/zukan_enc_platinum.narc,/application/zukanlist/zkn_data/zukan_enc_platinum.narc!/member_00118,0,/application/zukanlist/zkn_data/zukan_enc_platinum.narc,133,118,,42652,42660,2968,2976,8,f0a0278e4372459cca6159cd5e71cfee638302a7b9ca9b05c34181ac0a65ac5d,0400000000000000,,,,,False,,,,,,,,,,False,False
/application/zukanlist/zkn_data/zukan_enc_platinum.narc,/application/zukanlist/zkn_data/zukan_enc_platinum.narc!/member_00119,0,/application/zukanlist/zkn_data/zukan_enc_platinum.narc,133,119,,42660,42664,2976,2980,4,df3f619804a92fdb4057192dc43dd748ea778adc52bc498ce80524c014b81119,00000000,,,,,False,,,,,,,,,,False,False
/application/zukanlist/zkn_data/zukan_enc_platinum.narc,/application/zukanlist/zkn_data/zukan_enc_platinum.narc!/member_00120,0,/application/zukanlist/zkn_data/zukan_enc_platinum.narc,133,120,,42664,42668,2980,2984,4,df3f619804a92fdb4057192dc43dd748ea778adc52bc498ce80524c014b81119,00000000,,,,,False,,,,,,,,,,False,False
/application/zukanlist/zkn_data/zukan_enc_platinum.narc,/application/zukanlist/zkn_data/zukan_enc_platinum.narc!/member_00121,0,/application/zukanlist/zkn_data/zukan_enc_platinum.narc,133,121,,42668,42672,2984,2988,4,df3f619804a92fdb4057192dc43dd748ea778adc52bc498ce80524c014b81119,00000000,,,,,False,,,,,,,,,,False,False
/application/zukanlist/zkn_data/zukan_enc_platinum.narc,/application/zukanlist/zkn_data/zukan_enc_platinum.narc!/member_00122,0,/application/zukanlist/zkn_data/zukan_enc_platinum.narc,133,122,,42672,42692,2988,3008,20,458fdbdb6c9234e05d2f35f791716e115f8bb2dee560f026e5ddd95c2877252b,0a000000110000001200000013000000,,,,,False,,,,,,,,,,False,False
/application/zukanlist/zkn_data/zukan_enc_platinum.narc,/application/zukanlist/zkn_data/zukan_enc_platinum.narc!/member_00123,0,/application/zukanlist/zkn_data/zukan_enc_platinum.narc,133,123,,42692,42712,3008,3028,20,458fdbdb6c9234e05d2f35f791716e115f8bb2dee560f026e5ddd95c2877252b,0a000000110000001200000013000000,,,,,False,,,,,,,,,,False,False
/application/zukanlist/zkn_data/zukan_enc_platinum.narc,/application/zukanlist/zkn_data/zukan_enc_platinum.narc!/member_00124,0,/application/zukanlist/zkn_data/zukan_enc_platinum.narc,133,124,,42712,42716,3028,3032,4,df3f619804a92fdb4057192dc43dd748ea778adc52bc498ce80524c014b81119,00000000,,,,,False,,,,,,,,,,False,False
/application/zukanlist/zkn_data/zukan_enc_platinum.narc,/application/zukanlist/zkn_data/zukan_enc_platinum.narc!/member_00125,0,/application/zukanlist/zkn_data/zukan_enc_platinum.narc,133,125,,42716,42720,3032,3036,4,df3f619804a92fdb4057192dc43dd748ea778adc52bc498ce80524c014b81119,00000000,,,,,False,,,,,,,,,,False,False
/application/zukanlist/zkn_data/zukan_enc_platinum.narc,/application/zukanlist/zkn_data/zukan_enc_platinum.narc!/member_00126,0,/application/zukanlist/zkn_data/zukan_enc_platinum.narc,133,126,,42720,42724,3036,3040,4,df3f619804a92fdb4057192dc43dd748ea778adc52bc498ce80524c014b81119,00000000,,,,,False,,,,,,,,,,False,False
/application/zukanlist/zkn_data/zukan_enc_platinum.narc,/application/zukanlist/zkn_data/zukan_enc_platinum.narc!/member_00127,0,/application/zukanlist/zkn_data/zukan_enc_platinum.narc,133,127,,42724,42728,3040,3044,4,df3f619804a92fdb4057192dc43dd748ea778adc52bc498ce80524c014b81119,00000000,,,,,False,,,,,,,,,,False,False
/application/zukanlist/zkn_data/zukan_enc_platinum.narc,/application/zukanlist/zkn_data/zukan_enc_platinum.narc!/member_00128,0,/application/zukanlist/zkn_data/zukan_enc_platinum.narc,133,128,,42728,42736,3044,3052,8,5fd1b79ebdef9619a57916a3bfc264b54d37a792659b3693f8ab36ec3ebce448,0b00000000000000,,,,,False,,,,,,,,,,False,False
/application/zukanlist/zkn_data/zukan_enc_platinum.narc,/application/zukanlist/zkn_data/zukan_enc_platinum.narc!/member_00129,0,/application/zukanlist/zkn_data/zukan_enc_platinum.narc,133,129,,42736,42740,3052,3056,4,df3f619804a92fdb4057192dc43dd748ea778adc52bc498ce80524c014b81119,00000000,,,,,False,,,,,,,,,,False,False
/application/zukanlist/zkn_data/zukan_enc_platinum.narc,/application/zukanlist/zkn_data/zukan_enc_platinum.narc!/member_00130,0,/application/zukanlist/zkn_data/zukan_enc_platinum.narc,133,130,,42740,42744,3056,3060,4,df3f619804a92fdb4057192dc43dd748ea778adc52bc498ce80524c014b81119,00000000,,,,,False,,,,,,,,,,False,False
/application/zukanlist/zkn_data/zukan_enc_platinum.narc,/application/zukanlist/zkn_data/zukan_enc_platinum.narc!/member_00131,0,/application/zukanlist/zkn_data/zukan_enc_platinum.narc,133,131,,42744,42748,3060,3064,4,df3f619804a92fdb4057192dc43dd748ea778adc52bc498ce80524c014b81119,00000000,,,,,False,,,,,,,,,,False,False
/application/zukanlist/zkn_data/zukan_enc_platinum.narc,/application/zukanlist/zkn_data/zukan_enc_platinum.narc!/member_00132,0,/application/zukanlist/zkn_data/zukan_enc_platinum.narc,133,132,,42748,42752,3064,3068,4,df3f619804a92fdb4057192dc43dd748ea778adc52bc498ce80524c014b81119,00000000,,,,,False,,,,,,,,,,False,False
/application/zukanlist/zkn_data/zukan_enc_platinum.narc,/application/zukanlist/zkn_data/zukan_enc_platinum.narc!/member_00133,0,/application/zukanlist/zkn_data/zukan_enc_platinum.narc,133,133,,42752,42792,3068,3108,40,20138fed062a3ea8dfee932a35670b71b93803020accca149269ca0786214f54,03000000040000000600000007000000,,,,,False,,,,,,,,,,False,False
/application/zukanlist/zkn_data/zukan_enc_platinum.narc,/application/zukanlist/zkn_data/zukan_enc_platinum.narc!/member_00134,0,/application/zukanlist/zkn_data/zukan_enc_platinum.narc,133,134,,42792,42832,3108,3148,40,20138fed062a3ea8dfee932a35670b71b93803020accca149269ca0786214f54,03000000040000000600000007000000,,,,,False,,,,,,,,,,False,False
/application/zukanlist/zkn_data/zukan_enc_platinum.narc,/application/zukanlist/zkn_data/zukan_enc_platinum.narc!/member_00135,0,/application/zukanlist/zkn_data/zukan_enc_platinum.narc,133,135,,42832,42840,3148,3156,8,23d7f42b1cdc1f0d492ebd756ed0fe8003995dda554d99418d47a81813650207,0600000000000000,,,,,False,,,,,,,,,,False,False
/application/zukanlist/zkn_data/zukan_enc_platinum.narc,/application/zukanlist/zkn_data/zukan_enc_platinum.narc!/member_00136,0,/application/zukanlist/zkn_data/zukan_enc_platinum.narc,133,136,,42840,42844,3156,3160,4,df3f619804a92fdb4057192dc43dd748ea778adc52bc498ce80524c014b81119,00000000,,,,,False,,,,,,,,,,False,False
/application/zukanlist/zkn_data/zukan_enc_platinum.narc,/application/zukanlist/zkn_data/zukan_enc_platinum.narc!/member_00137,0,/application/zukanlist/zkn_data/zukan_enc_platinum.narc,133,137,,42844,42848,3160,3164,4,df3f619804a92fdb4057192dc43dd748ea778adc52bc498ce80524c014b81119,00000000,,,,,False,,,,,,,,,,False,False
/application/zukanlist/zkn_data/zukan_enc_platinum.narc,/application/zukanlist/zkn_data/zukan_enc_platinum.narc!/member_00138,0,/application/zukanlist/zkn_data/zukan_enc_platinum.narc,133,138,,42848,42852,3164,3168,4,df3f619804a92fdb4057192dc43dd748ea778adc52bc498ce80524c014b81119,00000000,,,,,False,,,,,,,,,,False,False
/application/zukanlist/zkn_data/zukan_enc_platinum.narc,/application/zukanlist/zkn_data/zukan_enc_platinum.narc!/member_00139,0,/application/zukanlist/zkn_data/zukan_enc_platinum.narc,133,139,,42852,42856,3168,3172,4,df3f619804a92fdb4057192dc43dd748ea778adc52bc498ce80524c014b81119,00000000,,,,,False,,,,,,,,,,False,False
/application/zukanlist/zkn_data/zukan_enc_platinum.narc,/application/zukanlist/zkn_data/zukan_enc_platinum.narc!/member_00140,0,/application/zukanlist/zkn_data/zukan_enc_platinum.narc,133,140,,42856,42860,3172,3176,4,df3f619804a92fdb4057192dc43dd748ea778adc52bc498ce80524c014b81119,00000000,,,,,False,,,,,,,,,,False,False
/application/zukanlist/zkn_data/zukan_enc_platinum.narc,/application/zukanlist/zkn_data/zukan_enc_platinum.narc!/member_00141,0,/application/zukanlist/zkn_data/zukan_enc_platinum.narc,133,141,,42860,42864,3176,3180,4,df3f619804a92fdb4057192dc43dd748ea778adc52bc498ce80524c014b81119,00000000,,,,,False,,,,,,,,,,False,False
/application/zukanlist/zkn_data/zukan_enc_platinum.narc,/application/zukanlist/zkn_data/zukan_enc_platinum.narc!/member_00142,0,/application/zukanlist/zkn_data/zukan_enc_platinum.narc,133,142,,42864,42868,3180,3184,4,df3f619804a92fdb4057192dc43dd748ea778adc52bc498ce80524c014b81119,00000000,,,,,False,,,,,,,,,,False,False
/application/zukanlist/zkn_data/zukan_enc_platinum.narc,/application/zukanlist/zkn_data/zukan_enc_platinum.narc!/member_00143,0,/application/zukanlist/zkn_data/zukan_enc_platinum.narc,133,143,,42868,42872,3184,3188,4,df3f619804a92fdb4057192dc43dd748ea778adc52bc498ce80524c014b81119,00000000,,,,,False,,,,,,,,,,False,False
/application/zukanlist/zkn_data/zukan_enc_platinum.narc,/application/zukanlist/zkn_data/zukan_enc_platinum.narc!/member_00144,0,/application/zukanlist/zkn_data/zukan_enc_platinum.narc,133,144,,42872,42876,3188,3192,4,df3f619804a92fdb4057192dc43dd748ea778adc52bc498ce80524c014b81119,00000000,,,,,False,,,,,,,,,,False,False
/application/zukanlist/zkn_data/zukan_enc_platinum.narc,/application/zukanlist/zkn_data/zukan_enc_platinum.narc!/member_00145,0,/application/zukanlist/zkn_data/zukan_enc_platinum.narc,133,145,,42876,42880,3192,3196,4,df3f619804a92fdb4057192dc43dd748ea778adc52bc498ce80524c014b81119,00000000,,,,,False,,,,,,,,,,False,False
/application/zukanlist/zkn_data/zukan_enc_platinum.narc,/application/zukanlist/zkn_data/zukan_enc_platinum.narc!/member_00146,0,/application/zukanlist/zkn_data/zukan_enc_platinum.narc,133,146,,42880,42884,3196,3200,4,df3f619804a92fdb4057192dc43dd748ea778adc52bc498ce80524c014b81119,00000000,,,,,False,,,,,,,,,,False,False
/application/zukanlist/zkn_data/zukan_enc_platinum.narc,/application/zukanlist/zkn_data/zukan_enc_platinum.narc!/member_00147,0,/application/zukanlist/zkn_data/zukan_enc_platinum.narc,133,147,,42884,42888,3200,3204,4,df3f619804a92fdb4057192dc43dd748ea778adc52bc498ce80524c014b81119,00000000,,,,,False,,,,,,,,,,False,False
/application/zukanlist/zkn_data/zukan_enc_platinum.narc,/application/zukanlist/zkn_data/zukan_enc_platinum.narc!/member_00148,0,/application/zukanlist/zkn_data/zukan_enc_platinum.narc,133,148,,42888,42892,3204,3208,4,df3f619804a92fdb4057192dc43dd748ea778adc52bc498ce80524c014b81119,00000000,,,,,False,,,,,,,,,,False,False
/application/zukanlist/zkn_data/zukan_enc_platinum.narc,/application/zukanlist/zkn_data/zukan_enc_platinum.narc!/member_00149,0,/application/zukanlist/zkn_data/zukan_enc_platinum.narc,133,149,,42892,42896,3208,3212,4,df3f619804a92fdb4057192dc43dd748ea778adc52bc498ce80524c014b81119,00000000,,,,,False,,,,,,,,,,False,False
/application/zukanlist/zkn_data/zukan_enc_platinum.narc,/application/zukanlist/zkn_data/zukan_enc_platinum.narc!/member_00150,0,/application/zukanlist/zkn_data/zukan_enc_platinum.narc,133,150,,42896,42900,3212,3216,4,df3f619804a92fdb4057192dc43dd748ea778adc52bc498ce80524c014b81119,00000000,,,,,False,,,,,,,,,,False,False
/application/zukanlist/zkn_data/zukan_enc_platinum.narc,/application/zukanlist/zkn_data/zukan_enc_platinum.narc!/member_00151,0,/application/zukanlist/zkn_data/zukan_enc_platinum.narc,133,151,,42900,42908,3216,3224,8,35be322d094f9d154a8aba4733b8497f180353bd7ae7b0a15f90b586b549f28b,0300000000000000,,,,,False,,,,,,,,,,False,False
/application/zukanlist/zkn_data/zukan_enc_platinum.narc,/application/zukanlist/zkn_data/zukan_enc_platinum.narc!/member_00152,0,/application/zukanlist/zkn_data/zukan_enc_platinum.narc,133,152,,42908,42916,3224,3232,8,35be322d094f9d154a8aba4733b8497f180353bd7ae7b0a15f90b586b549f28b,0300000000000000,,,,,False,,,,,,,,,,False,False
/application/zukanlist/zkn_data/zukan_enc_platinum.narc,/application/zukanlist/zkn_data/zukan_enc_platinum.narc!/member_00153,0,/application/zukanlist/zkn_data/zukan_enc_platinum.narc,133,153,,42916,42920,3232,3236,4,df3f619804a92fdb4057192dc43dd748ea778adc52bc498ce80524c014b81119,00000000,,,,,False,,,,,,,,,,False,False
/application/zukanlist/zkn_data/zukan_enc_platinum.narc,/application/zukanlist/zkn_data/zukan_enc_platinum.narc!/member_00154,0,/application/zukanlist/zkn_data/zukan_enc_platinum.narc,133,154,,42920,42924,3236,3240,4,df3f619804a92fdb4057192dc43dd748ea778adc52bc498ce80524c014b81119,00000000,,,,,False,,,,,,,,,,False,False
/application/zukanlist/zkn_data/zukan_enc_platinum.narc,/application/zukanlist/zkn_data/zukan_enc_platinum.narc!/member_00155,0,/application/zukanlist/zkn_data/zukan_enc_platinum.narc,133,155,,42924,42928,3240,3244,4,df3f619804a92fdb4057192dc43dd748ea778adc52bc498ce80524c014b81119,00000000,,,,,False,,,,,,,,,,False,False
/application/zukanlist/zkn_data/zukan_enc_platinum.narc,/application/zukanlist/zkn_data/zukan_enc_platinum.narc!/member_00156,0,/application/zukanlist/zkn_data/zukan_enc_platinum.narc,133,156,,42928,42932,3244,3248,4,df3f619804a92fdb4057192dc43dd748ea778adc52bc498ce80524c014b81119,00000000,,,,,False,,,,,,,,,,False,False
/application/zukanlist/zkn_data/zukan_enc_platinum.narc,/application/zukanlist/zkn_data/zukan_enc_platinum.narc!/member_00157,0,/application/zukanlist/zkn_data/zukan_enc_platinum.narc,133,157,,42932,42936,3248,3252,4,df3f619804a92fdb4057192dc43dd748ea778adc52bc498ce80524c014b81119,00000000,,,,,False,,,,,,,,,,False,False
/application/zukanlist/zkn_data/zukan_enc_platinum.narc,/application/zukanlist/zkn_data/zukan_enc_platinum.narc!/member_00158,0,/application/zukanlist/zkn_data/zukan_enc_platinum.narc,133,158,,42936,42940,3252,3256,4,df3f619804a92fdb4057192dc43dd748ea778adc52bc498ce80524c014b81119,00000000,,,,,False,,,,,,,,,,False,False
/application/zukanlist/zkn_data/zukan_enc_platinum.narc,/application/zukanlist/zkn_data/zukan_enc_platinum.narc!/member_00159,0,/application/zukanlist/zkn_data/zukan_enc_platinum.narc,133,159,,42940,42944,3256,3260,4,df3f619804a92fdb4057192dc43dd748ea778adc52bc498ce80524c014b81119,00000000,,,,,False,,,,,,,,,,False,False
/application/zukanlist/zkn_data/zukan_enc_platinum.narc,/application/zukanlist/zkn_data/zukan_enc_platinum.narc!/member_00160,0,/application/zukanlist/zkn_data/zukan_enc_platinum.narc,133,160,,42944,42948,3260,3264,4,df3f619804a92fdb4057192dc43dd748ea778adc52bc498ce80524c014b81119,00000000,,,,,False,,,,,,,,,,False,False
/application/zukanlist/zkn_data/zukan_enc_platinum.narc,/application/zukanlist/zkn_data/zukan_enc_platinum.narc!/member_00161,0,/application/zukanlist/zkn_data/zukan_enc_platinum.narc,133,161,,42948,42952,3264,3268,4,df3f619804a92fdb4057192dc43dd748ea778adc52bc498ce80524c014b81119,00000000,,,,,False,,,,,,,,,,False,False
/application/zukanlist/zkn_data/zukan_enc_platinum.narc,/application/zukanlist/zkn_data/zukan_enc_platinum.narc!/member_00162,0,/application/zukanlist/zkn_data/zukan_enc_platinum.narc,133,162,,42952,42956,3268,3272,4,df3f619804a92fdb4057192dc43dd748ea778adc52bc498ce80524c014b81119,00000000,,,,,False,,,,,,,,,,False,False
/application/zukanlist/zkn_data/zukan_enc_platinum.narc,/application/zukanlist/zkn_data/zukan_enc_platinum.narc!/member_00163,0,/application/zukanlist/zkn_data/zukan_enc_platinum.narc,133,163,,42956,42960,3272,3276,4,df3f619804a92fdb4057192dc43dd748ea778adc52bc498ce80524c014b81119,00000000,,,,,False,,,,,,,,,,False,False
/application/zukanlist/zkn_data/zukan_enc_platinum.narc,/application/zukanlist/zkn_data/zukan_enc_platinum.narc!/member_00164,0,/application/zukanlist/zkn_data/zukan_enc_platinum.narc,133,164,,42960,42964,3276,3280,4,df3f619804a92fdb4057192dc43dd748ea778adc52bc498ce80524c014b81119,00000000,,,,,False,,,,,,,,,,False,False
/application/zukanlist/zkn_data/zukan_enc_platinum.narc,/application/zukanlist/zkn_data/zukan_enc_platinum.narc!/member_00165,0,/application/zukanlist/zkn_data/zukan_enc_platinum.narc,133,165,,42964,42968,3280,3284,4,df3f619804a92fdb4057192dc43dd748ea778adc52bc498ce80524c014b81119,00000000,,,,,False,,,,,,,,,,False,False
/application/zukanlist/zkn_data/zukan_enc_platinum.narc,/application/zukanlist/zkn_data/zukan_enc_platinum.narc!/member_00166,0,/application/zukanlist/zkn_data/zukan_enc_platinum.narc,133,166,,42968,42972,3284,3288,4,df3f619804a92fdb4057192dc43dd748ea778adc52bc498ce80524c014b81119,00000000,,,,,False,,,,,,,,,,False,False
/application/zukanlist/zkn_data/zukan_enc_platinum.narc,/application/zukanlist/zkn_data/zukan_enc_platinum.narc!/member_00167,0,/application/zukanlist/zkn_data/zukan_enc_platinum.narc,133,167,,42972,42976,3288,3292,4,df3f619804a92fdb4057192dc43dd748ea778adc52bc498ce80524c014b81119,00000000,,,,,False,,,,,,,,,,False,False
/application/zukanlist/zkn_data/zukan_enc_platinum.narc,/application/zukanlist/zkn_data/zukan_enc_platinum.narc!/member_00168,0,/application/zukanlist/zkn_data/zukan_enc_platinum.narc,133,168,,42976,42980,3292,3296,4,df3f619804a92fdb4057192dc43dd748ea778adc52bc498ce80524c014b81119,00000000,,,,,False,,,,,,,,,,False,False
/application/zukanlist/zkn_data/zukan_enc_platinum.narc,/application/zukanlist/zkn_data/zukan_enc_platinum.narc!/member_00169,0,/application/zukanlist/zkn_data/zukan_enc_platinum.narc,133,169,,42980,42984,3296,3300,4,df3f619804a92fdb4057192dc43dd748ea778adc52bc498ce80524c014b81119,00000000,,,,,False,,,,,,,,,,False,False
/application/zukanlist/zkn_data/zukan_enc_platinum.narc,/application/zukanlist/zkn_data/zukan_enc_platinum.narc!/member_00170,0,/application/zukanlist/zkn_data/zukan_enc_platinum.narc,133,170,,42984,42988,3300,3304,4,df3f619804a92fdb4057192dc43dd748ea778adc52bc498ce80524c014b81119,00000000,,,,,False,,,,,,,,,,False,False
/application/zukanlist/zkn_data/zukan_enc_platinum.narc,/application/zukanlist/zkn_data/zukan_enc_platinum.narc!/member_00171,0,/application/zukanlist/zkn_data/zukan_enc_platinum.narc,133,171,,42988,42992,3304,3308,4,df3f619804a92fdb4057192dc43dd748ea778adc52bc498ce80524c014b81119,00000000,,,,,False,,,,,,,,,,False,False
/application/zukanlist/zkn_data/zukan_enc_platinum.narc,/application/zukanlist/zkn_data/zukan_enc_platinum.narc!/member_00172,0,/application/zukanlist/zkn_data/zukan_enc_platinum.narc,133,172,,42992,42996,3308,3312,4,df3f619804a92fdb4057192dc43dd748ea778adc52bc498ce80524c014b81119,00000000,,,,,False,,,,,,,,,,False,False
/application/zukanlist/zkn_data/zukan_enc_platinum.narc,/application/zukanlist/zkn_data/zukan_enc_platinum.narc!/member_00173,0,/application/zukanlist/zkn_data/zukan_enc_platinum.narc,133,173,,42996,43000,3312,3316,4,df3f619804a92fdb4057192dc43dd748ea778adc52bc498ce80524c014b81119,00000000,,,,,False,,,,,,,,,,False,False
/application/zukanlist/zkn_data/zukan_enc_platinum.narc,/application/zukanlist/zkn_data/zukan_enc_platinum.narc!/member_00174,0,/application/zukanlist/zkn_data/zukan_enc_platinum.narc,133,174,,43000,43004,3316,3320,4,df3f619804a92fdb4057192dc43dd748ea778adc52bc498ce80524c014b81119,00000000,,,,,False,,,,,,,,,,False,False
/application/zukanlist/zkn_data/zukan_enc_platinum.narc,/application/zukanlist/zkn_data/zukan_enc_platinum.narc!/member_00175,0,/application/zukanlist/zkn_data/zukan_enc_platinum.narc,133,175,,43004,43008,3320,3324,4,df3f619804a92fdb4057192dc43dd748ea778adc52bc498ce80524c014b81119,00000000,,,,,False,,,,,,,,,,False,False
/application/zukanlist/zkn_data/zukan_enc_platinum.narc,/application/zukanlist/zkn_data/zukan_enc_platinum.narc!/member_00176,0,/application/zukanlist/zkn_data/zukan_enc_platinum.narc,133,176,,43008,43016,3324,3332,8,18d8d609947c6b82b9607704ae40d3317038e709238514de750b5c7411ba4c20,0e00000000000000,,,,,False,,,,,,,,,,False,False
/application/zukanlist/zkn_data/zukan_enc_platinum.narc,/application/zukanlist/zkn_data/zukan_enc_platinum.narc!/member_00177,0,/application/zukanlist/zkn_data/zukan_enc_platinum.narc,133,177,,43016,43024,3332,3340,8,35be322d094f9d154a8aba4733b8497f180353bd7ae7b0a15f90b586b549f28b,0300000000000000,,,,,False,,,,,,,,,,False,False
/application/zukanlist/zkn_data/zukan_enc_platinum.narc,/application/zukanlist/zkn_data/zukan_enc_platinum.narc!/member_00178,0,/application/zukanlist/zkn_data/zukan_enc_platinum.narc,133,178,,43024,43028,3340,3344,4,df3f619804a92fdb4057192dc43dd748ea778adc52bc498ce80524c014b81119,00000000,,,,,False,,,,,,,,,,False,False
/application/zukanlist/zkn_data/zukan_enc_platinum.narc,/application/zukanlist/zkn_data/zukan_enc_platinum.narc!/member_00179,0,/application/zukanlist/zkn_data/zukan_enc_platinum.narc,133,179,,43028,43032,3344,3348,4,df3f619804a92fdb4057192dc43dd748ea778adc52bc498ce80524c014b81119,00000000,,,,,False,,,,,,,,,,False,False
/application/zukanlist/zkn_data/zukan_enc_platinum.narc,/application/zukanlist/zkn_data/zukan_enc_platinum.narc!/member_00180,0,/application/zukanlist/zkn_data/zukan_enc_platinum.narc,133,180,,43032,43036,3348,3352,4,df3f619804a92fdb4057192dc43dd748ea778adc52bc498ce80524c014b81119,00000000,,,,,False,,,,,,,,,,False,False
/application/zukanlist/zkn_data/zukan_enc_platinum.narc,/application/zukanlist/zkn_data/zukan_enc_platinum.narc!/member_00181,0,/application/zukanlist/zkn_data/zukan_enc_platinum.narc,133,181,,43036,43040,3352,3356,4,df3f619804a92fdb4057192dc43dd748ea778adc52bc498ce80524c014b81119,00000000,,,,,False,,,,,,,,,,False,False
/application/zukanlist/zkn_data/zukan_enc_platinum.narc,/application/zukanlist/zkn_data/zukan_enc_platinum.narc!/member_00182,0,/application/zukanlist/zkn_data/zukan_enc_platinum.narc,133,182,,43040,43044,3356,3360,4,df3f619804a92fdb4057192dc43dd748ea778adc52bc498ce80524c014b81119,00000000,,,,,False,,,,,,,,,,False,False
/application/zukanlist/zkn_data/zukan_enc_platinum.narc,/application/zukanlist/zkn_data/zukan_enc_platinum.narc!/member_00183,0,/application/zukanlist/zkn_data/zukan_enc_platinum.narc,133,183,,43044,43048,3360,3364,4,df3f619804a92fdb4057192dc43dd748ea778adc52bc498ce80524c014b81119,00000000,,,,,False,,,,,,,,,,False,False
/application/zukanlist/zkn_data/zukan_enc_platinum.narc,/application/zukanlist/zkn_data/zukan_enc_platinum.narc!/member_00184,0,/application/zukanlist/zkn_data/zukan_enc_platinum.narc,133,184,,43048,43052,3364,3368,4,df3f619804a92fdb4057192dc43dd748ea778adc52bc498ce80524c014b81119,00000000,,,,,False,,,,,,,,,,False,False
/application/zukanlist/zkn_data/zukan_enc_platinum.narc,/application/zukanlist/zkn_data/zukan_enc_platinum.narc!/member_00185,0,/application/zukanlist/zkn_data/zukan_enc_platinum.narc,133,185,,43052,43056,3368,3372,4,df3f619804a92fdb4057192dc43dd748ea778adc52bc498ce80524c014b81119,00000000,,,,,False,,,,,,,,,,False,False
/application/zukanlist/zkn_data/zukan_enc_platinum.narc,/application/zukanlist/zkn_data/zukan_enc_platinum.narc!/member_00186,0,/application/zukanlist/zkn_data/zukan_enc_platinum.narc,133,186,,43056,43060,3372,3376,4,df3f619804a92fdb4057192dc43dd748ea778adc52bc498ce80524c014b81119,00000000,,,,,False,,,,,,,,,,False,False
/application/zukanlist/zkn_data/zukan_enc_platinum.narc,/application/zukanlist/zkn_data/zukan_enc_platinum.narc!/member_00187,0,/application/zukanlist/zkn_data/zukan_enc_platinum.narc,133,187,,43060,43064,3376,3380,4,df3f619804a92fdb4057192dc43dd748ea778adc52bc498ce80524c014b81119,00000000,,,,,False,,,,,,,,,,False,False
/application/zukanlist/zkn_data/zukan_enc_platinum.narc,/application/zukanlist/zkn_data/zukan_enc_platinum.narc!/member_00188,0,/application/zukanlist/zkn_data/zukan_enc_platinum.narc,133,188,,43064,43072,3380,3388,8,23d7f42b1cdc1f0d492ebd756ed0fe8003995dda554d99418d47a81813650207,0600000000000000,,,,,False,,,,,,,,,,False,False
/application/zukanlist/zkn_data/zukan_enc_platinum.narc,/application/zukanlist/zkn_data/zukan_enc_platinum.narc!/member_00189,0,/application/zukanlist/zkn_data/zukan_enc_platinum.narc,133,189,,43072,43076,3388,3392,4,df3f619804a92fdb4057192dc43dd748ea778adc52bc498ce80524c014b81119,00000000,,,,,False,,,,,,,,,,False,False
/application/zukanlist/zkn_data/zukan_enc_platinum.narc,/application/zukanlist/zkn_data/zukan_enc_platinum.narc!/member_00190,0,/application/zukanlist/zkn_data/zukan_enc_platinum.narc,133,190,,43076,43080,3392,3396,4,df3f619804a92fdb4057192dc43dd748ea778adc52bc498ce80524c014b81119,00000000,,,,,False,,,,,,,,,,False,False
/application/zukanlist/zkn_data/zukan_enc_platinum.narc,/application/zukanlist/zkn_data/zukan_enc_platinum.narc!/member_00191,0,/application/zukanlist/zkn_data/zukan_enc_platinum.narc,133,191,,43080,43084,3396,3400,4,df3f619804a92fdb4057192dc43dd748ea778adc52bc498ce80524c014b81119,00000000,,,,,False,,,,,,,,,,False,False
/application/zukanlist/zkn_data/zukan_enc_platinum.narc,/application/zukanlist/zkn_data/zukan_enc_platinum.narc!/member_00192,0,/application/zukanlist/zkn_data/zukan_enc_platinum.narc,133,192,,43084,43088,3400,3404,4,df3f619804a92fdb4057192dc43dd748ea778adc52bc498ce80524c014b81119,00000000,,,,,False,,,,,,,,,,False,False
/application/zukanlist/zkn_data/zukan_enc_platinum.narc,/application/zukanlist/zkn_data/zukan_enc_platinum.narc!/member_00193,0,/application/zukanlist/zkn_data/zukan_enc_platinum.narc,133,193,,43088,43092,3404,3408,4,df3f619804a92fdb4057192dc43dd748ea778adc52bc498ce80524c014b81119,00000000,,,,,False,,,,,,,,,,False,False
/application/zukanlist/zkn_data/zukan_enc_platinum.narc,/application/zukanlist/zkn_data/zukan_enc_platinum.narc!/member_00194,0,/application/zukanlist/zkn_data/zukan_enc_platinum.narc,133,194,,43092,43096,3408,3412,4,df3f619804a92fdb4057192dc43dd748ea778adc52bc498ce80524c014b81119,00000000,,,,,False,,,,,,,,,,False,False
/application/zukanlist/zkn_data/zukan_enc_platinum.narc,/application/zukanlist/zkn_data/zukan_enc_platinum.narc!/member_00195,0,/application/zukanlist/zkn_data/zukan_enc_platinum.narc,133,195,,43096,43100,3412,3416,4,df3f619804a92fdb4057192dc43dd748ea778adc52bc498ce80524c014b81119,00000000,,,,,False,,,,,,,,,,False,False
/application/zukanlist/zkn_data/zukan_enc_platinum.narc,/application/zukanlist/zkn_data/zukan_enc_platinum.narc!/member_00196,0,/application/zukanlist/zkn_data/zukan_enc_platinum.narc,133,196,,43100,43104,3416,3420,4,df3f619804a92fdb4057192dc43dd748ea778adc52bc498ce80524c014b81119,00000000,,,,,False,,,,,,,,,,False,False
/application/zukanlist/zkn_data/zukan_enc_platinum.narc,/application/zukanlist/zkn_data/zukan_enc_platinum.narc!/member_00197,0,/application/zukanlist/zkn_data/zukan_enc_platinum.narc,133,197,,43104,43112,3420,3428,8,f0a0278e4372459cca6159cd5e71cfee638302a7b9ca9b05c34181ac0a65ac5d,0400000000000000,,,,,False,,,,,,,,,,False,False
/application/zukanlist/zkn_data/zukan_enc_platinum.narc,/application/zukanlist/zkn_data/zukan_enc_platinum.narc!/member_00198,0,/application/zukanlist/zkn_data/zukan_enc_platinum.narc,133,198,,43112,43120,3428,3436,8,f0a0278e4372459cca6159cd5e71cfee638302a7b9ca9b05c34181ac0a65ac5d,0400000000000000,,,,,False,,,,,,,,,,False,False
/application/zukanlist/zkn_data/zukan_enc_platinum.narc,/application/zukanlist/zkn_data/zukan_enc_platinum.narc!/member_00199,0,/application/zukanlist/zkn_data/zukan_enc_platinum.narc,133,199,,43120,43128,3436,3444,8,f0a0278e4372459cca6159cd5e71cfee638302a7b9ca9b05c34181ac0a65ac5d,0400000000000000,,,,,False,,,,,,,,,,False,False
/application/zukanlist/zkn_data/zukan_enc_platinum.narc,/application/zukanlist/zkn_data/zukan_enc_platinum.narc!/member_00200,0,/application/zukanlist/zkn_data/zukan_enc_platinum.narc,133,200,,43128,43132,3444,3448,4,df3f619804a92fdb4057192dc43dd748ea778adc52bc498ce80524c014b81119,00000000,,,,,False,,,,,,,,,,False,False
/application/zukanlist/zkn_data/zukan_enc_platinum.narc,/application/zukanlist/zkn_data/zukan_enc_platinum.narc!/member_00201,0,/application/zukanlist/zkn_data/zukan_enc_platinum.narc,133,201,,43132,43136,3448,3452,4,df3f619804a92fdb4057192dc43dd748ea778adc52bc498ce80524c014b81119,00000000,,,,,False,,,,,,,,,,False,False
/application/zukanlist/zkn_data/zukan_enc_platinum.narc,/application/zukanlist/zkn_data/zukan_enc_platinum.narc!/member_00202,0,/application/zukanlist/zkn_data/zukan_enc_platinum.narc,133,202,,43136,43140,3452,3456,4,df3f619804a92fdb4057192dc43dd748ea778adc52bc498ce80524c014b81119,00000000,,,,,False,,,,,,,,,,False,False
/application/zukanlist/zkn_data/zukan_enc_platinum.narc,/application/zukanlist/zkn_data/zukan_enc_platinum.narc!/member_00203,0,/application/zukanlist/zkn_data/zukan_enc_platinum.narc,133,203,,43140,43144,3456,3460,4,df3f619804a92fdb4057192dc43dd748ea778adc52bc498ce80524c014b81119,00000000,,,,,False,,,,,,,,,,False,False
/application/zukanlist/zkn_data/zukan_enc_platinum.narc,/application/zukanlist/zkn_data/zukan_enc_platinum.narc!/member_00204,0,/application/zukanlist/zkn_data/zukan_enc_platinum.narc,133,204,,43144,43148,3460,3464,4,df3f619804a92fdb4057192dc43dd748ea778adc52bc498ce80524c014b81119,00000000,,,,,False,,,,,,,,,,False,False
/application/zukanlist/zkn_data/zukan_enc_platinum.narc,/application/zukanlist/zkn_data/zukan_enc_platinum.narc!/member_00205,0,/application/zukanlist/zkn_data/zukan_enc_platinum.narc,133,205,,43148,43156,3464,3472,8,f13ee6ed54ea2aae9fc49a9faeb5da6e8ddef0e12ed5d30d35a624ae813e0485,0500000000000000,,,,,False,,,,,,,,,,False,False
/application/zukanlist/zkn_data/zukan_enc_platinum.narc,/application/zukanlist/zkn_data/zukan_enc_platinum.narc!/member_00206,0,/application/zukanlist/zkn_data/zukan_enc_platinum.narc,133,206,,43156,43160,3472,3476,4,df3f619804a92fdb4057192dc43dd748ea778adc52bc498ce80524c014b81119,00000000,,,,,False,,,,,,,,,,False,False
/application/zukanlist/zkn_data/zukan_enc_platinum.narc,/application/zukanlist/zkn_data/zukan_enc_platinum.narc!/member_00207,0,/application/zukanlist/zkn_data/zukan_enc_platinum.narc,133,207,,43160,43164,3476,3480,4,df3f619804a92fdb4057192dc43dd748ea778adc52bc498ce80524c014b81119,00000000,,,,,False,,,,,,,,,,False,False
/application/zukanlist/zkn_data/zukan_enc_platinum.narc,/application/zukanlist/zkn_data/zukan_enc_platinum.narc!/member_00208,0,/application/zukanlist/zkn_data/zukan_enc_platinum.narc,133,208,,43164,43168,3480,3484,4,df3f619804a92fdb4057192dc43dd748ea778adc52bc498ce80524c014b81119,00000000,,,,,False,,,,,,,,,,False,False
/application/zukanlist/zkn_data/zukan_enc_platinum.narc,/application/zukanlist/zkn_data/zukan_enc_platinum.narc!/member_00209,0,/application/zukanlist/zkn_data/zukan_enc_platinum.narc,133,209,,43168,43172,3484,3488,4,df3f619804a92fdb4057192dc43dd748ea778adc52bc498ce80524c014b81119,00000000,,,,,False,,,,,,,,,,False,False
/application/zukanlist/zkn_data/zukan_enc_platinum.narc,/application/zukanlist/zkn_data/zukan_enc_platinum.narc!/member_00210,0,/application/zukanlist/zkn_data/zukan_enc_platinum.narc,133,210,,43172,43176,3488,3492,4,df3f619804a92fdb4057192dc43dd748ea778adc52bc498ce80524c014b81119,00000000,,,,,False,,,,,,,,,,False,False
/application/zukanlist/zkn_data/zukan_enc_platinum.narc,/application/zukanlist/zkn_data/zukan_enc_platinum.narc!/member_00211,0,/application/zukanlist/zkn_data/zukan_enc_platinum.narc,133,211,,43176,43180,3492,3496,4,df3f619804a92fdb4057192dc43dd748ea778adc52bc498ce80524c014b81119,00000000,,,,,False,,,,,,,,,,False,False
/application/zukanlist/zkn_data/zukan_enc_platinum.narc,/application/zukanlist/zkn_data/zukan_enc_platinum.narc!/member_00212,0,/application/zukanlist/zkn_data/zukan_enc_platinum.narc,133,212,,43180,43192,3496,3508,12,91bf88093936a4b38ebb83bfcdb2c8744520eabc20e468383d76b4e37f3f9f5c,060000000f00000000000000,,,,,False,,,,,,,,,,False,False
/application/zukanlist/zkn_data/zukan_enc_platinum.narc,/application/zukanlist/zkn_data/zukan_enc_platinum.narc!/member_00213,0,/application/zukanlist/zkn_data/zukan_enc_platinum.narc,133,213,,43192,43196,3508,3512,4,df3f619804a92fdb4057192dc43dd748ea778adc52bc498ce80524c014b81119,00000000,,,,,False,,,,,,,,,,False,False
/application/zukanlist/zkn_data/zukan_enc_platinum.narc,/application/zukanlist/zkn_data/zukan_enc_platinum.narc!/member_00214,0,/application/zukanlist/zkn_data/zukan_enc_platinum.narc,133,214,,43196,43200,3512,3516,4,df3f619804a92fdb4057192dc43dd748ea778adc52bc498ce80524c014b81119,00000000,,,,,False,,,,,,,,,,False,False
/application/zukanlist/zkn_data/zukan_enc_platinum.narc,/application/zukanlist/zkn_data/zukan_enc_platinum.narc!/member_00215,0,/application/zukanlist/zkn_data/zukan_enc_platinum.narc,133,215,,43200,43204,3516,3520,4,df3f619804a92fdb4057192dc43dd748ea778adc52bc498ce80524c014b81119,00000000,,,,,False,,,,,,,,,,False,False
/application/zukanlist/zkn_data/zukan_enc_platinum.narc,/application/zukanlist/zkn_data/zukan_enc_platinum.narc!/member_00216,0,/application/zukanlist/zkn_data/zukan_enc_platinum.narc,133,216,,43204,43208,3520,3524,4,df3f619804a92fdb4057192dc43dd748ea778adc52bc498ce80524c014b81119,00000000,,,,,False,,,,,,,,,,False,False
/application/zukanlist/zkn_data/zukan_enc_platinum.narc,/application/zukanlist/zkn_data/zukan_enc_platinum.narc!/member_00217,0,/application/zukanlist/zkn_data/zukan_enc_platinum.narc,133,217,,43208,43212,3524,3528,4,df3f619804a92fdb4057192dc43dd748ea778adc52bc498ce80524c014b81119,00000000,,,,,False,,,,,,,,,,False,False
/application/zukanlist/zkn_data/zukan_enc_platinum.narc,/application/zukanlist/zkn_data/zukan_enc_platinum.narc!/member_00218,0,/application/zukanlist/zkn_data/zukan_enc_platinum.narc,133,218,,43212,43216,3528,3532,4,df3f619804a92fdb4057192dc43dd748ea778adc52bc498ce80524c014b81119,00000000,,,,,False,,,,,,,,,,False,False
/application/zukanlist/zkn_data/zukan_enc_platinum.narc,/application/zukanlist/zkn_data/zukan_enc_platinum.narc!/member_00219,0,/application/zukanlist/zkn_data/zukan_enc_platinum.narc,133,219,,43216,43228,3532,3544,12,70a843665ee27a264898c82c86bbb3489574321bc16c89a0e50275c369746374,0b0000001300000000000000,,,,,False,,,,,,,,,,False,False
/application/zukanlist/zkn_data/zukan_enc_platinum.narc,/application/zukanlist/zkn_data/zukan_enc_platinum.narc!/member_00220,0,/application/zukanlist/zkn_data/zukan_enc_platinum.narc,133,220,,43228,43232,3544,3548,4,df3f619804a92fdb4057192dc43dd748ea778adc52bc498ce80524c014b81119,00000000,,,,,False,,,,,,,,,,False,False
/application/zukanlist/zkn_data/zukan_enc_platinum.narc,/application/zukanlist/zkn_data/zukan_enc_platinum.narc!/member_00221,0,/application/zukanlist/zkn_data/zukan_enc_platinum.narc,133,221,,43232,43236,3548,3552,4,df3f619804a92fdb4057192dc43dd748ea778adc52bc498ce80524c014b81119,00000000,,,,,False,,,,,,,,,,False,False
/application/zukanlist/zkn_data/zukan_enc_platinum.narc,/application/zukanlist/zkn_data/zukan_enc_platinum.narc!/member_00222,0,/application/zukanlist/zkn_data/zukan_enc_platinum.narc,133,222,,43236,43244,3552,3560,8,cbbd5f990c53684d7ae650b40fcb5656e02261b53da5f6a7d8c819c92f2828f8,0900000000000000,,,,,False,,,,,,,,,,False,False
/application/zukanlist/zkn_data/zukan_enc_platinum.narc,/application/zukanlist/zkn_data/zukan_enc_platinum.narc!/member_00223,0,/application/zukanlist/zkn_data/zukan_enc_platinum.narc,133,223,,43244,43252,3560,3568,8,cbbd5f990c53684d7ae650b40fcb5656e02261b53da5f6a7d8c819c92f2828f8,0900000000000000,,,,,False,,,,,,,,,,False,False
/application/zukanlist/zkn_data/zukan_enc_platinum.narc,/application/zukanlist/zkn_data/zukan_enc_platinum.narc!/member_00224,0,/application/zukanlist/zkn_data/zukan_enc_platinum.narc,133,224,,43252,43256,3568,3572,4,df3f619804a92fdb4057192dc43dd748ea778adc52bc498ce80524c014b81119,00000000,,,,,False,,,,,,,,,,False,False
/application/zukanlist/zkn_data/zukan_enc_platinum.narc,/application/zukanlist/zkn_data/zukan_enc_platinum.narc!/member_00225,0,/application/zukanlist/zkn_data/zukan_enc_platinum.narc,133,225,,43256,43260,3572,3576,4,df3f619804a92fdb4057192dc43dd748ea778adc52bc498ce80524c014b81119,00000000,,,,,False,,,,,,,,,,False,False
/application/zukanlist/zkn_data/zukan_enc_platinum.narc,/application/zukanlist/zkn_data/zukan_enc_platinum.narc!/member_00226,0,/application/zukanlist/zkn_data/zukan_enc_platinum.narc,133,226,,43260,43264,3576,3580,4,df3f619804a92fdb4057192dc43dd748ea778adc52bc498ce80524c014b81119,00000000,,,,,False,,,,,,,,,,False,False
/application/zukanlist/zkn_data/zukan_enc_platinum.narc,/application/zukanlist/zkn_data/zukan_enc_platinum.narc!/member_00227,0,/application/zukanlist/zkn_data/zukan_enc_platinum.narc,133,227,,43264,43268,3580,3584,4,df3f619804a92fdb4057192dc43dd748ea778adc52bc498ce80524c014b81119,00000000,,,,,False,,,,,,,,,,False,False
/application/zukanlist/zkn_data/zukan_enc_platinum.narc,/application/zukanlist/zkn_data/zukan_enc_platinum.narc!/member_00228,0,/application/zukanlist/zkn_data/zukan_enc_platinum.narc,133,228,,43268,43272,3584,3588,4,df3f619804a92fdb4057192dc43dd748ea778adc52bc498ce80524c014b81119,00000000,,,,,False,,,,,,,,,,False,False
/application/zukanlist/zkn_data/zukan_enc_platinum.narc,/application/zukanlist/zkn_data/zukan_enc_platinum.narc!/member_00229,0,/application/zukanlist/zkn_data/zukan_enc_platinum.narc,133,229,,43272,43276,3588,3592,4,df3f619804a92fdb4057192dc43dd748ea778adc52bc498ce80524c014b81119,00000000,,,,,False,,,,,,,,,,False,False
/application/zukanlist/zkn_data/zukan_enc_platinum.narc,/application/zukanlist/zkn_data/zukan_enc_platinum.narc!/member_00230,0,/application/zukanlist/zkn_data/zukan_enc_platinum.narc,133,230,,43276,43280,3592,3596,4,df3f619804a92fdb4057192dc43dd748ea778adc52bc498ce80524c014b81119,00000000,,,,,False,,,,,,,,,,False,False
/application/zukanlist/zkn_data/zukan_enc_platinum.narc,/application/zukanlist/zkn_data/zukan_enc_platinum.narc!/member_00231,0,/application/zukanlist/zkn_data/zukan_enc_platinum.narc,133,231,,43280,43284,3596,3600,4,df3f619804a92fdb4057192dc43dd748ea778adc52bc498ce80524c014b81119,00000000,,,,,False,,,,,,,,,,False,False
/application/zukanlist/zkn_data/zukan_enc_platinum.narc,/application/zukanlist/zkn_data/zukan_enc_platinum.narc!/member_00232,0,/application/zukanlist/zkn_data/zukan_enc_platinum.narc,133,232,,43284,43288,3600,3604,4,df3f619804a92fdb4057192dc43dd748ea778adc52bc498ce80524c014b81119,00000000,,,,,False,,,,,,,,,,False,False
/application/zukanlist/zkn_data/zukan_enc_platinum.narc,/application/zukanlist/zkn_data/zukan_enc_platinum.narc!/member_00233,0,/application/zukanlist/zkn_data/zukan_enc_platinum.narc,133,233,,43288,43292,3604,3608,4,df3f619804a92fdb4057192dc43dd748ea778adc52bc498ce80524c014b81119,00000000,,,,,False,,,,,,,,,,False,False
/application/zukanlist/zkn_data/zukan_enc_platinum.narc,/application/zukanlist/zkn_data/zukan_enc_platinum.narc!/member_00234,0,/application/zukanlist/zkn_data/zukan_enc_platinum.narc,133,234,,43292,43296,3608,3612,4,df3f619804a92fdb4057192dc43dd748ea778adc52bc498ce80524c014b81119,00000000,,,,,False,,,,,,,,,,False,False
/application/zukanlist/zkn_data/zukan_enc_platinum.narc,/application/zukanlist/zkn_data/zukan_enc_platinum.narc!/member_00235,0,/application/zukanlist/zkn_data/zukan_enc_platinum.narc,133,235,,43296,43300,3612,3616,4,df3f619804a92fdb4057192dc43dd748ea778adc52bc498ce80524c014b81119,00000000,,,,,False,,,,,,,,,,False,False
/application/zukanlist/zkn_data/zukan_enc_platinum.narc,/application/zukanlist/zkn_data/zukan_enc_platinum.narc!/member_00236,0,/application/zukanlist/zkn_data/zukan_enc_platinum.narc,133,236,,43300,43304,3616,3620,4,df3f619804a92fdb4057192dc43dd748ea778adc52bc498ce80524c014b81119,00000000,,,,,False,,,,,,,,,,False,False
/application/zukanlist/zkn_data/zukan_enc_platinum.narc,/application/zukanlist/zkn_data/zukan_enc_platinum.narc!/member_00237,0,/application/zukanlist/zkn_data/zukan_enc_platinum.narc,133,237,,43304,43308,3620,3624,4,df3f619804a92fdb4057192dc43dd748ea778adc52bc498ce80524c014b81119,00000000,,,,,False,,,,,,,,,,False,False
/application/zukanlist/zkn_data/zukan_enc_platinum.narc,/application/zukanlist/zkn_data/zukan_enc_platinum.narc!/member_00238,0,/application/zukanlist/zkn_data/zukan_enc_platinum.narc,133,238,,43308,43312,3624,3628,4,df3f619804a92fdb4057192dc43dd748ea778adc52bc498ce80524c014b81119,00000000,,,,,False,,,,,,,,,,False,False
/application/zukanlist/zkn_data/zukan_enc_platinum.narc,/application/zukanlist/zkn_data/zukan_enc_platinum.narc!/member_00239,0,/application/zukanlist/zkn_data/zukan_enc_platinum.narc,133,239,,43312,43316,3628,3632,4,df3f619804a92fdb4057192dc43dd748ea778adc52bc498ce80524c014b81119,00000000,,,,,False,,,,,,,,,,False,False
/application/zukanlist/zkn_data/zukan_enc_platinum.narc,/application/zukanlist/zkn_data/zukan_enc_platinum.narc!/member_00240,0,/application/zukanlist/zkn_data/zukan_enc_platinum.narc,133,240,,43316,43320,3632,3636,4,df3f619804a92fdb4057192dc43dd748ea778adc52bc498ce80524c014b81119,00000000,,,,,False,,,,,,,,,,False,False
/application/zukanlist/zkn_data/zukan_enc_platinum.narc,/application/zukanlist/zkn_data/zukan_enc_platinum.narc!/member_00241,0,/application/zukanlist/zkn_data/zukan_enc_platinum.narc,133,241,,43320,43324,3636,3640,4,df3f619804a92fdb4057192dc43dd748ea778adc52bc498ce80524c014b81119,00000000,,,,,False,,,,,,,,,,False,False
/application/zukanlist/zkn_data/zukan_enc_platinum.narc,/application/zukanlist/zkn_data/zukan_enc_platinum.narc!/member_00242,0,/application/zukanlist/zkn_data/zukan_enc_platinum.narc,133,242,,43324,43332,3640,3648,8,5fd1b79ebdef9619a57916a3bfc264b54d37a792659b3693f8ab36ec3ebce448,0b00000000000000,,,,,False,,,,,,,,,,False,False
/application/zukanlist/zkn_data/zukan_enc_platinum.narc,/application/zukanlist/zkn_data/zukan_enc_platinum.narc!/member_00243,0,/application/zukanlist/zkn_data/zukan_enc_platinum.narc,133,243,,43332,43336,3648,3652,4,df3f619804a92fdb4057192dc43dd748ea778adc52bc498ce80524c014b81119,00000000,,,,,False,,,,,,,,,,False,False
/application/zukanlist/zkn_data/zukan_enc_platinum.narc,/application/zukanlist/zkn_data/zukan_enc_platinum.narc!/member_00244,0,/application/zukanlist/zkn_data/zukan_enc_platinum.narc,133,244,,43336,43340,3652,3656,4,df3f619804a92fdb4057192dc43dd748ea778adc52bc498ce80524c014b81119,00000000,,,,,False,,,,,,,,,,False,False
/application/zukanlist/zkn_data/zukan_enc_platinum.narc,/application/zukanlist/zkn_data/zukan_enc_platinum.narc!/member_00245,0,/application/zukanlist/zkn_data/zukan_enc_platinum.narc,133,245,,43340,43344,3656,3660,4,df3f619804a92fdb4057192dc43dd748ea778adc52bc498ce80524c014b81119,00000000,,,,,False,,,,,,,,,,False,False
/application/zukanlist/zkn_data/zukan_enc_platinum.narc,/application/zukanlist/zkn_data/zukan_enc_platinum.narc!/member_00246,0,/application/zukanlist/zkn_data/zukan_enc_platinum.narc,133,246,,43344,43348,3660,3664,4,df3f619804a92fdb4057192dc43dd748ea778adc52bc498ce80524c014b81119,00000000,,,,,False,,,,,,,,,,False,False
/application/zukanlist/zkn_data/zukan_enc_platinum.narc,/application/zukanlist/zkn_data/zukan_enc_platinum.narc!/member_00247,0,/application/zukanlist/zkn_data/zukan_enc_platinum.narc,133,247,,43348,43352,3664,3668,4,df3f619804a92fdb4057192dc43dd748ea778adc52bc498ce80524c014b81119,00000000,,,,,False,,,,,,,,,,False,False
/application/zukanlist/zkn_data/zukan_enc_platinum.narc,/application/zukanlist/zkn_data/zukan_enc_platinum.narc!/member_00248,0,/application/zukanlist/zkn_data/zukan_enc_platinum.narc,133,248,,43352,43356,3668,3672,4,df3f619804a92fdb4057192dc43dd748ea778adc52bc498ce80524c014b81119,00000000,,,,,False,,,,,,,,,,False,False
/application/zukanlist/zkn_data/zukan_enc_platinum.narc,/application/zukanlist/zkn_data/zukan_enc_platinum.narc!/member_00249,0,/application/zukanlist/zkn_data/zukan_enc_platinum.narc,133,249,,43356,43360,3672,3676,4,df3f619804a92fdb4057192dc43dd748ea778adc52bc498ce80524c014b81119,00000000,,,,,False,,,,,,,,,,False,False
/application/zukanlist/zkn_data/zukan_enc_platinum.narc,/application/zukanlist/zkn_data/zukan_enc_platinum.narc!/member_00250,0,/application/zukanlist/zkn_data/zukan_enc_platinum.narc,133,250,,43360,43364,3676,3680,4,df3f619804a92fdb4057192dc43dd748ea778adc52bc498ce80524c014b81119,00000000,,,,,False,,,,,,,,,,False,False
/application/zukanlist/zkn_data/zukan_enc_platinum.narc,/application/zukanlist/zkn_data/zukan_enc_platinum.narc!/member_00251,0,/application/zukanlist/zkn_data/zukan_enc_platinum.narc,133,251,,43364,43368,3680,3684,4,df3f619804a92fdb4057192dc43dd748ea778adc52bc498ce80524c014b81119,00000000,,,,,False,,,,,,,,,,False,False
/application/zukanlist/zkn_data/zukan_enc_platinum.narc,/application/zukanlist/zkn_data/zukan_enc_platinum.narc!/member_00252,0,/application/zukanlist/zkn_data/zukan_enc_platinum.narc,133,252,,43368,43372,3684,3688,4,df3f619804a92fdb4057192dc43dd748ea778adc52bc498ce80524c014b81119,00000000,,,,,False,,,,,,,,,,False,False
/application/zukanlist/zkn_data/zukan_enc_platinum.narc,/application/zukanlist/zkn_data/zukan_enc_platinum.narc!/member_00253,0,/application/zukanlist/zkn_data/zukan_enc_platinum.narc,133,253,,43372,43376,3688,3692,4,df3f619804a92fdb4057192dc43dd748ea778adc52bc498ce80524c014b81119,00000000,,,,,False,,,,,,,,,,False,False
/application/zukanlist/zkn_data/zukan_enc_platinum.narc,/application/zukanlist/zkn_data/zukan_enc_platinum.narc!/member_00254,0,/application/zukanlist/zkn_data/zukan_enc_platinum.narc,133,254,,43376,43380,3692,3696,4,df3f619804a92fdb4057192dc43dd748ea778adc52bc498ce80524c014b81119,00000000,,,,,False,,,,,,,,,,False,False
/application/zukanlist/zkn_data/zukan_enc_platinum.narc,/application/zukanlist/zkn_data/zukan_enc_platinum.narc!/member_00255,0,/application/zukanlist/zkn_data/zukan_enc_platinum.narc,133,255,,43380,43384,3696,3700,4,df3f619804a92fdb4057192dc43dd748ea778adc52bc498ce80524c014b81119,00000000,,,,,False,,,,,,,,,,False,False
/application/zukanlist/zkn_data/zukan_enc_platinum.narc,/application/zukanlist/zkn_data/zukan_enc_platinum.narc!/member_00256,0,/application/zukanlist/zkn_data/zukan_enc_platinum.narc,133,256,,43384,43388,3700,3704,4,df3f619804a92fdb4057192dc43dd748ea778adc52bc498ce80524c014b81119,00000000,,,,,False,,,,,,,,,,False,False
/application/zukanlist/zkn_data/zukan_enc_platinum.narc,/application/zukanlist/zkn_data/zukan_enc_platinum.narc!/member_00257,0,/application/zukanlist/zkn_data/zukan_enc_platinum.narc,133,257,,43388,43392,3704,3708,4,df3f619804a92fdb4057192dc43dd748ea778adc52bc498ce80524c014b81119,00000000,,,,,False,,,,,,,,,,False,False
/application/zukanlist/zkn_data/zukan_enc_platinum.narc,/application/zukanlist/zkn_data/zukan_enc_platinum.narc!/member_00258,0,/application/zukanlist/zkn_data/zukan_enc_platinum.narc,133,258,,43392,43396,3708,3712,4,df3f619804a92fdb4057192dc43dd748ea778adc52bc498ce80524c014b81119,00000000,,,,,False,,,,,,,,,,False,False
/application/zukanlist/zkn_data/zukan_enc_platinum.narc,/application/zukanlist/zkn_data/zukan_enc_platinum.narc!/member_00259,0,/application/zukanlist/zkn_data/zukan_enc_platinum.narc,133,259,,43396,43400,3712,3716,4,df3f619804a92fdb4057192dc43dd748ea778adc52bc498ce80524c014b81119,00000000,,,,,False,,,,,,,,,,False,False
/application/zukanlist/zkn_data/zukan_enc_platinum.narc,/application/zukanlist/zkn_data/zukan_enc_platinum.narc!/member_00260,0,/application/zukanlist/zkn_data/zukan_enc_platinum.narc,133,260,,43400,43404,3716,3720,4,df3f619804a92fdb4057192dc43dd748ea778adc52bc498ce80524c014b81119,00000000,,,,,False,,,,,,,,,,False,False
/application/zukanlist/zkn_data/zukan_enc_platinum.narc,/application/zukanlist/zkn_data/zukan_enc_platinum.narc!/member_00261,0,/application/zukanlist/zkn_data/zukan_enc_platinum.narc,133,261,,43404,43408,3720,3724,4,df3f619804a92fdb4057192dc43dd748ea778adc52bc498ce80524c014b81119,00000000,,,,,False,,,,,,,,,,False,False
/application/zukanlist/zkn_data/zukan_enc_platinum.narc,/application/zukanlist/zkn_data/zukan_enc_platinum.narc!/member_00262,0,/application/zukanlist/zkn_data/zukan_enc_platinum.narc,133,262,,43408,43412,3724,3728,4,df3f619804a92fdb4057192dc43dd748ea778adc52bc498ce80524c014b81119,00000000,,,,,False,,,,,,,,,,False,False
/application/zukanlist/zkn_data/zukan_enc_platinum.narc,/application/zukanlist/zkn_data/zukan_enc_platinum.narc!/member_00263,0,/application/zukanlist/zkn_data/zukan_enc_platinum.narc,133,263,,43412,43416,3728,3732,4,df3f619804a92fdb4057192dc43dd748ea778adc52bc498ce80524c014b81119,00000000,,,,,False,,,,,,,,,,False,False
/application/zukanlist/zkn_data/zukan_enc_platinum.narc,/application/zukanlist/zkn_data/zukan_enc_platinum.narc!/member_00264,0,/application/zukanlist/zkn_data/zukan_enc_platinum.narc,133,264,,43416,43420,3732,3736,4,df3f619804a92fdb4057192dc43dd748ea778adc52bc498ce80524c014b81119,00000000,,,,,False,,,,,,,,,,False,False
/application/zukanlist/zkn_data/zukan_enc_platinum.narc,/application/zukanlist/zkn_data/zukan_enc_platinum.narc!/member_00265,0,/application/zukanlist/zkn_data/zukan_enc_platinum.narc,133,265,,43420,43424,3736,3740,4,df3f619804a92fdb4057192dc43dd748ea778adc52bc498ce80524c014b81119,00000000,,,,,False,,,,,,,,,,False,False
/application/zukanlist/zkn_data/zukan_enc_platinum.narc,/application/zukanlist/zkn_data/zukan_enc_platinum.narc!/member_00266,0,/application/zukanlist/zkn_data/zukan_enc_platinum.narc,133,266,,43424,43428,3740,3744,4,df3f619804a92fdb4057192dc43dd748ea778adc52bc498ce80524c014b81119,00000000,,,,,False,,,,,,,,,,False,False
/application/zukanlist/zkn_data/zukan_enc_platinum.narc,/application/zukanlist/zkn_data/zukan_enc_platinum.narc!/member_00267,0,/application/zukanlist/zkn_data/zukan_enc_platinum.narc,133,267,,43428,43432,3744,3748,4,df3f619804a92fdb4057192dc43dd748ea778adc52bc498ce80524c014b81119,00000000,,,,,False,,,,,,,,,,False,False
/application/zukanlist/zkn_data/zukan_enc_platinum.narc,/application/zukanlist/zkn_data/zukan_enc_platinum.narc!/member_00268,0,/application/zukanlist/zkn_data/zukan_enc_platinum.narc,133,268,,43432,43436,3748,3752,4,df3f619804a92fdb4057192dc43dd748ea778adc52bc498ce80524c014b81119,00000000,,,,,False,,,,,,,,,,False,False
/application/zukanlist/zkn_data/zukan_enc_platinum.narc,/application/zukanlist/zkn_data/zukan_enc_platinum.narc!/member_00269,0,/application/zukanlist/zkn_data/zukan_enc_platinum.narc,133,269,,43436,43444,3752,3760,8,d86e8112f3c4c4442126f8e9f44f16867da487f29052bf91b810457db34209a4,0200000000000000,,,,,False,,,,,,,,,,False,False
/application/zukanlist/zkn_data/zukan_enc_platinum.narc,/application/zukanlist/zkn_data/zukan_enc_platinum.narc!/member_00270,0,/application/zukanlist/zkn_data/zukan_enc_platinum.narc,133,270,,43444,43452,3760,3768,8,d86e8112f3c4c4442126f8e9f44f16867da487f29052bf91b810457db34209a4,0200000000000000,,,,,False,,,,,,,,,,False,False
/application/zukanlist/zkn_data/zukan_enc_platinum.narc,/application/zukanlist/zkn_data/zukan_enc_platinum.narc!/member_00271,0,/application/zukanlist/zkn_data/zukan_enc_platinum.narc,133,271,,43452,43460,3768,3776,8,d86e8112f3c4c4442126f8e9f44f16867da487f29052bf91b810457db34209a4,0200000000000000,,,,,False,,,,,,,,,,False,False
/application/zukanlist/zkn_data/zukan_enc_platinum.narc,/application/zukanlist/zkn_data/zukan_enc_platinum.narc!/member_00272,0,/application/zukanlist/zkn_data/zukan_enc_platinum.narc,133,272,,43460,43468,3776,3784,8,d86e8112f3c4c4442126f8e9f44f16867da487f29052bf91b810457db34209a4,0200000000000000,,,,,False,,,,,,,,,,False,False
/application/zukanlist/zkn_data/zukan_enc_platinum.narc,/application/zukanlist/zkn_data/zukan_enc_platinum.narc!/member_00273,0,/application/zukanlist/zkn_data/zukan_enc_platinum.narc,133,273,,43468,43476,3784,3792,8,d86e8112f3c4c4442126f8e9f44f16867da487f29052bf91b810457db34209a4,0200000000000000,,,,,False,,,,,,,,,,False,False
/application/zukanlist/zkn_data/zukan_enc_platinum.narc,/application/zukanlist/zkn_data/zukan_enc_platinum.narc!/member_00274,0,/application/zukanlist/zkn_data/zukan_enc_platinum.narc,133,274,,43476,43480,3792,3796,4,df3f619804a92fdb4057192dc43dd748ea778adc52bc498ce80524c014b81119,00000000,,,,,False,,,,,,,,,,False,False
/application/zukanlist/zkn_data/zukan_enc_platinum.narc,/application/zukanlist/zkn_data/zukan_enc_platinum.narc!/member_00275,0,/application/zukanlist/zkn_data/zukan_enc_platinum.narc,133,275,,43480,43484,3796,3800,4,df3f619804a92fdb4057192dc43dd748ea778adc52bc498ce80524c014b81119,00000000,,,,,False,,,,,,,,,,False,False
/application/zukanlist/zkn_data/zukan_enc_platinum.narc,/application/zukanlist/zkn_data/zukan_enc_platinum.narc!/member_00276,0,/application/zukanlist/zkn_data/zukan_enc_platinum.narc,133,276,,43484,43488,3800,3804,4,df3f619804a92fdb4057192dc43dd748ea778adc52bc498ce80524c014b81119,00000000,,,,,False,,,,,,,,,,False,False
/application/zukanlist/zkn_data/zukan_enc_platinum.narc,/application/zukanlist/zkn_data/zukan_enc_platinum.narc!/member_00277,0,/application/zukanlist/zkn_data/zukan_enc_platinum.narc,133,277,,43488,43492,3804,3808,4,df3f619804a92fdb4057192dc43dd748ea778adc52bc498ce80524c014b81119,00000000,,,,,False,,,,,,,,,,False,False
/application/zukanlist/zkn_data/zukan_enc_platinum.narc,/application/zukanlist/zkn_data/zukan_enc_platinum.narc!/member_00278,0,/application/zukanlist/zkn_data/zukan_enc_platinum.narc,133,278,,43492,43496,3808,3812,4,df3f619804a92fdb4057192dc43dd748ea778adc52bc498ce80524c014b81119,00000000,,,,,False,,,,,,,,,,False,False
/application/zukanlist/zkn_data/zukan_enc_platinum.narc,/application/zukanlist/zkn_data/zukan_enc_platinum.narc!/member_00279,0,/application/zukanlist/zkn_data/zukan_enc_platinum.narc,133,279,,43496,43500,3812,3816,4,df3f619804a92fdb4057192dc43dd748ea778adc52bc498ce80524c014b81119,00000000,,,,,False,,,,,,,,,,False,False
/application/zukanlist/zkn_data/zukan_enc_platinum.narc,/application/zukanlist/zkn_data/zukan_enc_platinum.narc!/member_00280,0,/application/zukanlist/zkn_data/zukan_enc_platinum.narc,133,280,,43500,43504,3816,3820,4,df3f619804a92fdb4057192dc43dd748ea778adc52bc498ce80524c014b81119,00000000,,,,,False,,,,,,,,,,False,False
/application/zukanlist/zkn_data/zukan_enc_platinum.narc,/application/zukanlist/zkn_data/zukan_enc_platinum.narc!/member_00281,0,/application/zukanlist/zkn_data/zukan_enc_platinum.narc,133,281,,43504,43508,3820,3824,4,df3f619804a92fdb4057192dc43dd748ea778adc52bc498ce80524c014b81119,00000000,,,,,False,,,,,,,,,,False,False
/application/zukanlist/zkn_data/zukan_enc_platinum.narc,/application/zukanlist/zkn_data/zukan_enc_platinum.narc!/member_00282,0,/application/zukanlist/zkn_data/zukan_enc_platinum.narc,133,282,,43508,43512,3824,3828,4,df3f619804a92fdb4057192dc43dd748ea778adc52bc498ce80524c014b81119,00000000,,,,,False,,,,,,,,,,False,False
/application/zukanlist/zkn_data/zukan_enc_platinum.narc,/application/zukanlist/zkn_data/zukan_enc_platinum.narc!/member_00283,0,/application/zukanlist/zkn_data/zukan_enc_platinum.narc,133,283,,43512,43516,3828,3832,4,df3f619804a92fdb4057192dc43dd748ea778adc52bc498ce80524c014b81119,00000000,,,,,False,,,,,,,,,,False,False
/application/zukanlist/zkn_data/zukan_enc_platinum.narc,/application/zukanlist/zkn_data/zukan_enc_platinum.narc!/member_00284,0,/application/zukanlist/zkn_data/zukan_enc_platinum.narc,133,284,,43516,43520,3832,3836,4,df3f619804a92fdb4057192dc43dd748ea778adc52bc498ce80524c014b81119,00000000,,,,,False,,,,,,,,,,False,False
/application/zukanlist/zkn_data/zukan_enc_platinum.narc,/application/zukanlist/zkn_data/zukan_enc_platinum.narc!/member_00285,0,/application/zukanlist/zkn_data/zukan_enc_platinum.narc,133,285,,43520,43524,3836,3840,4,df3f619804a92fdb4057192dc43dd748ea778adc52bc498ce80524c014b81119,00000000,,,,,False,,,,,,,,,,False,False
/application/zukanlist/zkn_data/zukan_enc_platinum.narc,/application/zukanlist/zkn_data/zukan_enc_platinum.narc!/member_00286,0,/application/zukanlist/zkn_data/zukan_enc_platinum.narc,133,286,,43524,43528,3840,3844,4,df3f619804a92fdb4057192dc43dd748ea778adc52bc498ce80524c014b81119,00000000,,,,,False,,,,,,,,,,False,False
/application/zukanlist/zkn_data/zukan_enc_platinum.narc,/application/zukanlist/zkn_data/zukan_enc_platinum.narc!/member_00287,0,/application/zukanlist/zkn_data/zukan_enc_platinum.narc,133,287,,43528,43532,3844,3848,4,df3f619804a92fdb4057192dc43dd748ea778adc52bc498ce80524c014b81119,00000000,,,,,False,,,,,,,,,,False,False
/application/zukanlist/zkn_data/zukan_enc_platinum.narc,/application/zukanlist/zkn_data/zukan_enc_platinum.narc!/member_00288,0,/application/zukanlist/zkn_data/zukan_enc_platinum.narc,133,288,,43532,43536,3848,3852,4,df3f619804a92fdb4057192dc43dd748ea778adc52bc498ce80524c014b81119,00000000,,,,,False,,,,,,,,,,False,False
/application/zukanlist/zkn_data/zukan_enc_platinum.narc,/application/zukanlist/zkn_data/zukan_enc_platinum.narc!/member_00289,0,/application/zukanlist/zkn_data/zukan_enc_platinum.narc,133,289,,43536,43540,3852,3856,4,df3f619804a92fdb4057192dc43dd748ea778adc52bc498ce80524c014b81119,00000000,,,,,False,,,,,,,,,,False,False
/application/zukanlist/zkn_data/zukan_enc_platinum.narc,/application/zukanlist/zkn_data/zukan_enc_platinum.narc!/member_00290,0,/application/zukanlist/zkn_data/zukan_enc_platinum.narc,133,290,,43540,43544,3856,3860,4,df3f619804a92fdb4057192dc43dd748ea778adc52bc498ce80524c014b81119,00000000,,,,,False,,,,,,,,,,False,False
/application/zukanlist/zkn_data/zukan_enc_platinum.narc,/application/zukanlist/zkn_data/zukan_enc_platinum.narc!/member_00291,0,/application/zukanlist/zkn_data/zukan_enc_platinum.narc,133,291,,43544,43548,3860,3864,4,df3f619804a92fdb4057192dc43dd748ea778adc52bc498ce80524c014b81119,00000000,,,,,False,,,,,,,,,,False,False
/application/zukanlist/zkn_data/zukan_enc_platinum.narc,/application/zukanlist/zkn_data/zukan_enc_platinum.narc!/member_00292,0,/application/zukanlist/zkn_data/zukan_enc_platinum.narc,133,292,,43548,43552,3864,3868,4,df3f619804a92fdb4057192dc43dd748ea778adc52bc498ce80524c014b81119,00000000,,,,,False,,,,,,,,,,False,False
/application/zukanlist/zkn_data/zukan_enc_platinum.narc,/application/zukanlist/zkn_data/zukan_enc_platinum.narc!/member_00293,0,/application/zukanlist/zkn_data/zukan_enc_platinum.narc,133,293,,43552,43556,3868,3872,4,df3f619804a92fdb4057192dc43dd748ea778adc52bc498ce80524c014b81119,00000000,,,,,False,,,,,,,,,,False,False
/application/zukanlist/zkn_data/zukan_enc_platinum.narc,/application/zukanlist/zkn_data/zukan_enc_platinum.narc!/member_00294,0,/application/zukanlist/zkn_data/zukan_enc_platinum.narc,133,294,,43556,43560,3872,3876,4,df3f619804a92fdb4057192dc43dd748ea778adc52bc498ce80524c014b81119,00000000,,,,,False,,,,,,,,,,False,False
/application/zukanlist/zkn_data/zukan_enc_platinum.narc,/application/zukanlist/zkn_data/zukan_enc_platinum.narc!/member_00295,0,/application/zukanlist/zkn_data/zukan_enc_platinum.narc,133,295,,43560,43564,3876,3880,4,df3f619804a92fdb4057192dc43dd748ea778adc52bc498ce80524c014b81119,00000000,,,,,False,,,,,,,,,,False,False
/application/zukanlist/zkn_data/zukan_enc_platinum.narc,/application/zukanlist/zkn_data/zukan_enc_platinum.narc!/member_00296,0,/application/zukanlist/zkn_data/zukan_enc_platinum.narc,133,296,,43564,43568,3880,3884,4,df3f619804a92fdb4057192dc43dd748ea778adc52bc498ce80524c014b81119,00000000,,,,,False,,,,,,,,,,False,False
/application/zukanlist/zkn_data/zukan_enc_platinum.narc,/application/zukanlist/zkn_data/zukan_enc_platinum.narc!/member_00297,0,/application/zukanlist/zkn_data/zukan_enc_platinum.narc,133,297,,43568,43572,3884,3888,4,df3f619804a92fdb4057192dc43dd748ea778adc52bc498ce80524c014b81119,00000000,,,,,False,,,,,,,,,,False,False
/application/zukanlist/zkn_data/zukan_enc_platinum.narc,/application/zukanlist/zkn_data/zukan_enc_platinum.narc!/member_00298,0,/application/zukanlist/zkn_data/zukan_enc_platinum.narc,133,298,,43572,43576,3888,3892,4,df3f619804a92fdb4057192dc43dd748ea778adc52bc498ce80524c014b81119,00000000,,,,,False,,,,,,,,,,False,False
/application/zukanlist/zkn_data/zukan_enc_platinum.narc,/application/zukanlist/zkn_data/zukan_enc_platinum.narc!/member_00299,0,/application/zukanlist/zkn_data/zukan_enc_platinum.narc,133,299,,43576,43580,3892,3896,4,df3f619804a92fdb4057192dc43dd748ea778adc52bc498ce80524c014b81119,00000000,,,,,False,,,,,,,,,,False,False
/application/zukanlist/zkn_data/zukan_enc_platinum.narc,/application/zukanlist/zkn_data/zukan_enc_platinum.narc!/member_00300,0,/application/zukanlist/zkn_data/zukan_enc_platinum.narc,133,300,,43580,43584,3896,3900,4,df3f619804a92fdb4057192dc43dd748ea778adc52bc498ce80524c014b81119,00000000,,,,,False,,,,,,,,,,False,False
/application/zukanlist/zkn_data/zukan_enc_platinum.narc,/application/zukanlist/zkn_data/zukan_enc_platinum.narc!/member_00301,0,/application/zukanlist/zkn_data/zukan_enc_platinum.narc,133,301,,43584,43588,3900,3904,4,df3f619804a92fdb4057192dc43dd748ea778adc52bc498ce80524c014b81119,00000000,,,,,False,,,,,,,,,,False,False
/application/zukanlist/zkn_data/zukan_enc_platinum.narc,/application/zukanlist/zkn_data/zukan_enc_platinum.narc!/member_00302,0,/application/zukanlist/zkn_data/zukan_enc_platinum.narc,133,302,,43588,43592,3904,3908,4,df3f619804a92fdb4057192dc43dd748ea778adc52bc498ce80524c014b81119,00000000,,,,,False,,,,,,,,,,False,False
/application/zukanlist/zkn_data/zukan_enc_platinum.narc,/application/zukanlist/zkn_data/zukan_enc_platinum.narc!/member_00303,0,/application/zukanlist/zkn_data/zukan_enc_platinum.narc,133,303,,43592,43600,3908,3916,8,35be322d094f9d154a8aba4733b8497f180353bd7ae7b0a15f90b586b549f28b,0300000000000000,,,,,False,,,,,,,,,,False,False
/application/zukanlist/zkn_data/zukan_enc_platinum.narc,/application/zukanlist/zkn_data/zukan_enc_platinum.narc!/member_00304,0,/application/zukanlist/zkn_data/zukan_enc_platinum.narc,133,304,,43600,43604,3916,3920,4,df3f619804a92fdb4057192dc43dd748ea778adc52bc498ce80524c014b81119,00000000,,,,,False,,,,,,,,,,False,False
/application/zukanlist/zkn_data/zukan_enc_platinum.narc,/application/zukanlist/zkn_data/zukan_enc_platinum.narc!/member_00305,0,/application/zukanlist/zkn_data/zukan_enc_platinum.narc,133,305,,43604,43608,3920,3924,4,df3f619804a92fdb4057192dc43dd748ea778adc52bc498ce80524c014b81119,00000000,,,,,False,,,,,,,,,,False,False
/application/zukanlist/zkn_data/zukan_enc_platinum.narc,/application/zukanlist/zkn_data/zukan_enc_platinum.narc!/member_00306,0,/application/zukanlist/zkn_data/zukan_enc_platinum.narc,133,306,,43608,43612,3924,3928,4,df3f619804a92fdb4057192dc43dd748ea778adc52bc498ce80524c014b81119,00000000,,,,,False,,,,,,,,,,False,False
/application/zukanlist/zkn_data/zukan_enc_platinum.narc,/application/zukanlist/zkn_data/zukan_enc_platinum.narc!/member_00307,0,/application/zukanlist/zkn_data/zukan_enc_platinum.narc,133,307,,43612,43616,3928,3932,4,df3f619804a92fdb4057192dc43dd748ea778adc52bc498ce80524c014b81119,00000000,,,,,False,,,,,,,,,,False,False
/application/zukanlist/zkn_data/zukan_enc_platinum.narc,/application/zukanlist/zkn_data/zukan_enc_platinum.narc!/member_00308,0,/application/zukanlist/zkn_data/zukan_enc_platinum.narc,133,308,,43616,43620,3932,3936,4,df3f619804a92fdb4057192dc43dd748ea778adc52bc498ce80524c014b81119,00000000,,,,,False,,,,,,,,,,False,False
/application/zukanlist/zkn_data/zukan_enc_platinum.narc,/application/zukanlist/zkn_data/zukan_enc_platinum.narc!/member_00309,0,/application/zukanlist/zkn_data/zukan_enc_platinum.narc,133,309,,43620,43624,3936,3940,4,df3f619804a92fdb4057192dc43dd748ea778adc52bc498ce80524c014b81119,00000000,,,,,False,,,,,,,,,,False,False
/application/zukanlist/zkn_data/zukan_enc_platinum.narc,/application/zukanlist/zkn_data/zukan_enc_platinum.narc!/member_00310,0,/application/zukanlist/zkn_data/zukan_enc_platinum.narc,133,310,,43624,43628,3940,3944,4,df3f619804a92fdb4057192dc43dd748ea778adc52bc498ce80524c014b81119,00000000,,,,,False,,,,,,,,,,False,False
/application/zukanlist/zkn_data/zukan_enc_platinum.narc,/application/zukanlist/zkn_data/zukan_enc_platinum.narc!/member_00311,0,/application/zukanlist/zkn_data/zukan_enc_platinum.narc,133,311,,43628,43636,3944,3952,8,35be322d094f9d154a8aba4733b8497f180353bd7ae7b0a15f90b586b549f28b,0300000000000000,,,,,False,,,,,,,,,,False,False
/application/zukanlist/zkn_data/zukan_enc_platinum.narc,/application/zukanlist/zkn_data/zukan_enc_platinum.narc!/member_00312,0,/application/zukanlist/zkn_data/zukan_enc_platinum.narc,133,312,,43636,43644,3952,3960,8,35be322d094f9d154a8aba4733b8497f180353bd7ae7b0a15f90b586b549f28b,0300000000000000,,,,,False,,,,,,,,,,False,False
/application/zukanlist/zkn_data/zukan_enc_platinum.narc,/application/zukanlist/zkn_data/zukan_enc_platinum.narc!/member_00313,0,/application/zukanlist/zkn_data/zukan_enc_platinum.narc,133,313,,43644,43648,3960,3964,4,df3f619804a92fdb4057192dc43dd748ea778adc52bc498ce80524c014b81119,00000000,,,,,False,,,,,,,,,,False,False
/application/zukanlist/zkn_data/zukan_enc_platinum.narc,/application/zukanlist/zkn_data/zukan_enc_platinum.narc!/member_00314,0,/application/zukanlist/zkn_data/zukan_enc_platinum.narc,133,314,,43648,43652,3964,3968,4,df3f619804a92fdb4057192dc43dd748ea778adc52bc498ce80524c014b81119,00000000,,,,,False,,,,,,,,,,False,False
/application/zukanlist/zkn_data/zukan_enc_platinum.narc,/application/zukanlist/zkn_data/zukan_enc_platinum.narc!/member_00315,0,/application/zukanlist/zkn_data/zukan_enc_platinum.narc,133,315,,43652,43656,3968,3972,4,df3f619804a92fdb4057192dc43dd748ea778adc52bc498ce80524c014b81119,00000000,,,,,False,,,,,,,,,,False,False
/application/zukanlist/zkn_data/zukan_enc_platinum.narc,/application/zukanlist/zkn_data/zukan_enc_platinum.narc!/member_00316,0,/application/zukanlist/zkn_data/zukan_enc_platinum.narc,133,316,,43656,43660,3972,3976,4,df3f619804a92fdb4057192dc43dd748ea778adc52bc498ce80524c014b81119,00000000,,,,,False,,,,,,,,,,False,False
/application/zukanlist/zkn_data/zukan_enc_platinum.narc,/application/zukanlist/zkn_data/zukan_enc_platinum.narc!/member_00317,0,/application/zukanlist/zkn_data/zukan_enc_platinum.narc,133,317,,43660,43664,3976,3980,4,df3f619804a92fdb4057192dc43dd748ea778adc52bc498ce80524c014b81119,00000000,,,,,False,,,,,,,,,,False,False
/application/zukanlist/zkn_data/zukan_enc_platinum.narc,/application/zukanlist/zkn_data/zukan_enc_platinum.narc!/member_00318,0,/application/zukanlist/zkn_data/zukan_enc_platinum.narc,133,318,,43664,43668,3980,3984,4,df3f619804a92fdb4057192dc43dd748ea778adc52bc498ce80524c014b81119,00000000,,,,,False,,,,,,,,,,False,False
/application/zukanlist/zkn_data/zukan_enc_platinum.narc,/application/zukanlist/zkn_data/zukan_enc_platinum.narc!/member_00319,0,/application/zukanlist/zkn_data/zukan_enc_platinum.narc,133,319,,43668,43676,3984,3992,8,18d8d609947c6b82b9607704ae40d3317038e709238514de750b5c7411ba4c20,0e00000000000000,,,,,False,,,,,,,,,,False,False
/application/zukanlist/zkn_data/zukan_enc_platinum.narc,/application/zukanlist/zkn_data/zukan_enc_platinum.narc!/member_00320,0,/application/zukanlist/zkn_data/zukan_enc_platinum.narc,133,320,,43676,43680,3992,3996,4,df3f619804a92fdb4057192dc43dd748ea778adc52bc498ce80524c014b81119,00000000,,,,,False,,,,,,,,,,False,False
/application/zukanlist/zkn_data/zukan_enc_platinum.narc,/application/zukanlist/zkn_data/zukan_enc_platinum.narc!/member_00321,0,/application/zukanlist/zkn_data/zukan_enc_platinum.narc,133,321,,43680,43684,3996,4000,4,df3f619804a92fdb4057192dc43dd748ea778adc52bc498ce80524c014b81119,00000000,,,,,False,,,,,,,,,,False,False
/application/zukanlist/zkn_data/zukan_enc_platinum.narc,/application/zukanlist/zkn_data/zukan_enc_platinum.narc!/member_00322,0,/application/zukanlist/zkn_data/zukan_enc_platinum.narc,133,322,,43684,43692,4000,4008,8,f0a0278e4372459cca6159cd5e71cfee638302a7b9ca9b05c34181ac0a65ac5d,0400000000000000,,,,,False,,,,,,,,,,False,False
/application/zukanlist/zkn_data/zukan_enc_platinum.narc,/application/zukanlist/zkn_data/zukan_enc_platinum.narc!/member_00323,0,/application/zukanlist/zkn_data/zukan_enc_platinum.narc,133,323,,43692,43696,4008,4012,4,df3f619804a92fdb4057192dc43dd748ea778adc52bc498ce80524c014b81119,00000000,,,,,False,,,,,,,,,,False,False
/application/zukanlist/zkn_data/zukan_enc_platinum.narc,/application/zukanlist/zkn_data/zukan_enc_platinum.narc!/member_00324,0,/application/zukanlist/zkn_data/zukan_enc_platinum.narc,133,324,,43696,43700,4012,4016,4,df3f619804a92fdb4057192dc43dd748ea778adc52bc498ce80524c014b81119,00000000,,,,,False,,,,,,,,,,False,False
/application/zukanlist/zkn_data/zukan_enc_platinum.narc,/application/zukanlist/zkn_data/zukan_enc_platinum.narc!/member_00325,0,/application/zukanlist/zkn_data/zukan_enc_platinum.narc,133,325,,43700,43704,4016,4020,4,df3f619804a92fdb4057192dc43dd748ea778adc52bc498ce80524c014b81119,00000000,,,,,False,,,,,,,,,,False,False
/application/zukanlist/zkn_data/zukan_enc_platinum.narc,/application/zukanlist/zkn_data/zukan_enc_platinum.narc!/member_00326,0,/application/zukanlist/zkn_data/zukan_enc_platinum.narc,133,326,,43704,43708,4020,4024,4,df3f619804a92fdb4057192dc43dd748ea778adc52bc498ce80524c014b81119,00000000,,,,,False,,,,,,,,,,False,False
/application/zukanlist/zkn_data/zukan_enc_platinum.narc,/application/zukanlist/zkn_data/zukan_enc_platinum.narc!/member_00327,0,/application/zukanlist/zkn_data/zukan_enc_platinum.narc,133,327,,43708,43712,4024,4028,4,df3f619804a92fdb4057192dc43dd748ea778adc52bc498ce80524c014b81119,00000000,,,,,False,,,,,,,,,,False,False
/application/zukanlist/zkn_data/zukan_enc_platinum.narc,/application/zukanlist/zkn_data/zukan_enc_platinum.narc!/member_00328,0,/application/zukanlist/zkn_data/zukan_enc_platinum.narc,133,328,,43712,43716,4028,4032,4,df3f619804a92fdb4057192dc43dd748ea778adc52bc498ce80524c014b81119,00000000,,,,,False,,,,,,,,,,False,False
/application/zukanlist/zkn_data/zukan_enc_platinum.narc,/application/zukanlist/zkn_data/zukan_enc_platinum.narc!/member_00329,0,/application/zukanlist/zkn_data/zukan_enc_platinum.narc,133,329,,43716,43720,4032,4036,4,df3f619804a92fdb4057192dc43dd748ea778adc52bc498ce80524c014b81119,00000000,,,,,False,,,,,,,,,,False,False
/application/zukanlist/zkn_data/zukan_enc_platinum.narc,/application/zukanlist/zkn_data/zukan_enc_platinum.narc!/member_00330,0,/application/zukanlist/zkn_data/zukan_enc_platinum.narc,133,330,,43720,43724,4036,4040,4,df3f619804a92fdb4057192dc43dd748ea778adc52bc498ce80524c014b81119,00000000,,,,,False,,,,,,,,,,False,False
/application/zukanlist/zkn_data/zukan_enc_platinum.narc,/application/zukanlist/zkn_data/zukan_enc_platinum.narc!/member_00331,0,/application/zukanlist/zkn_data/zukan_enc_platinum.narc,133,331,,43724,43728,4040,4044,4,df3f619804a92fdb4057192dc43dd748ea778adc52bc498ce80524c014b81119,00000000,,,,,False,,,,,,,,,,False,False
/application/zukanlist/zkn_data/zukan_enc_platinum.narc,/application/zukanlist/zkn_data/zukan_enc_platinum.narc!/member_00332,0,/application/zukanlist/zkn_data/zukan_enc_platinum.narc,133,332,,43728,43732,4044,4048,4,df3f619804a92fdb4057192dc43dd748ea778adc52bc498ce80524c014b81119,00000000,,,,,False,,,,,,,,,,False,False
/application/zukanlist/zkn_data/zukan_enc_platinum.narc,/application/zukanlist/zkn_data/zukan_enc_platinum.narc!/member_00333,0,/application/zukanlist/zkn_data/zukan_enc_platinum.narc,133,333,,43732,43736,4048,4052,4,df3f619804a92fdb4057192dc43dd748ea778adc52bc498ce80524c014b81119,00000000,,,,,False,,,,,,,,,,False,False
/application/zukanlist/zkn_data/zukan_enc_platinum.narc,/application/zukanlist/zkn_data/zukan_enc_platinum.narc!/member_00334,0,/application/zukanlist/zkn_data/zukan_enc_platinum.narc,133,334,,43736,43740,4052,4056,4,df3f619804a92fdb4057192dc43dd748ea778adc52bc498ce80524c014b81119,00000000,,,,,False,,,,,,,,,,False,False
/application/zukanlist/zkn_data/zukan_enc_platinum.narc,/application/zukanlist/zkn_data/zukan_enc_platinum.narc!/member_00335,0,/application/zukanlist/zkn_data/zukan_enc_platinum.narc,133,335,,43740,43744,4056,4060,4,df3f619804a92fdb4057192dc43dd748ea778adc52bc498ce80524c014b81119,00000000,,,,,False,,,,,,,,,,False,False
/application/zukanlist/zkn_data/zukan_enc_platinum.narc,/application/zukanlist/zkn_data/zukan_enc_platinum.narc!/member_00336,0,/application/zukanlist/zkn_data/zukan_enc_platinum.narc,133,336,,43744,43748,4060,4064,4,df3f619804a92fdb4057192dc43dd748ea778adc52bc498ce80524c014b81119,00000000,,,,,False,,,,,,,,,,False,False
/application/zukanlist/zkn_data/zukan_enc_platinum.narc,/application/zukanlist/zkn_data/zukan_enc_platinum.narc!/member_00337,0,/application/zukanlist/zkn_data/zukan_enc_platinum.narc,133,337,,43748,43752,4064,4068,4,df3f619804a92fdb4057192dc43dd748ea778adc52bc498ce80524c014b81119,00000000,,,,,False,,,,,,,,,,False,False
/application/zukanlist/zkn_data/zukan_enc_platinum.narc,/application/zukanlist/zkn_data/zukan_enc_platinum.narc!/member_00338,0,/application/zukanlist/zkn_data/zukan_enc_platinum.narc,133,338,,43752,43756,4068,4072,4,df3f619804a92fdb4057192dc43dd748ea778adc52bc498ce80524c014b81119,00000000,,,,,False,,,,,,,,,,False,False
/application/zukanlist/zkn_data/zukan_enc_platinum.narc,/application/zukanlist/zkn_data/zukan_enc_platinum.narc!/member_00339,0,/application/zukanlist/zkn_data/zukan_enc_platinum.narc,133,339,,43756,43760,4072,4076,4,df3f619804a92fdb4057192dc43dd748ea778adc52bc498ce80524c014b81119,00000000,,,,,False,,,,,,,,,,False,False
/application/zukanlist/zkn_data/zukan_enc_platinum.narc,/application/zukanlist/zkn_data/zukan_enc_platinum.narc!/member_00340,0,/application/zukanlist/zkn_data/zukan_enc_platinum.narc,133,340,,43760,43764,4076,4080,4,df3f619804a92fdb4057192dc43dd748ea778adc52bc498ce80524c014b81119,00000000,,,,,False,,,,,,,,,,False,False
/application/zukanlist/zkn_data/zukan_enc_platinum.narc,/application/zukanlist/zkn_data/zukan_enc_platinum.narc!/member_00341,0,/application/zukanlist/zkn_data/zukan_enc_platinum.narc,133,341,,43764,43768,4080,4084,4,df3f619804a92fdb4057192dc43dd748ea778adc52bc498ce80524c014b81119,00000000,,,,,False,,,,,,,,,,False,False
/application/zukanlist/zkn_data/zukan_enc_platinum.narc,/application/zukanlist/zkn_data/zukan_enc_platinum.narc!/member_00342,0,/application/zukanlist/zkn_data/zukan_enc_platinum.narc,133,342,,43768,43772,4084,4088,4,df3f619804a92fdb4057192dc43dd748ea778adc52bc498ce80524c014b81119,00000000,,,,,False,,,,,,,,,,False,False
/application/zukanlist/zkn_data/zukan_enc_platinum.narc,/application/zukanlist/zkn_data/zukan_enc_platinum.narc!/member_00343,0,/application/zukanlist/zkn_data/zukan_enc_platinum.narc,133,343,,43772,43792,4088,4108,20,a41bcdb761629020cb1abfc43862e94170140e3564387f3ed5f7a436395041c9,03000000040000000700000008000000,,,,,False,,,,,,,,,,False,False
/application/zukanlist/zkn_data/zukan_enc_platinum.narc,/application/zukanlist/zkn_data/zukan_enc_platinum.narc!/member_00344,0,/application/zukanlist/zkn_data/zukan_enc_platinum.narc,133,344,,43792,43812,4108,4128,20,a41bcdb761629020cb1abfc43862e94170140e3564387f3ed5f7a436395041c9,03000000040000000700000008000000,,,,,False,,,,,,,,,,False,False
/application/zukanlist/zkn_data/zukan_enc_platinum.narc,/application/zukanlist/zkn_data/zukan_enc_platinum.narc!/member_00345,0,/application/zukanlist/zkn_data/zukan_enc_platinum.narc,133,345,,43812,43816,4128,4132,4,df3f619804a92fdb4057192dc43dd748ea778adc52bc498ce80524c014b81119,00000000,,,,,False,,,,,,,,,,False,False
/application/zukanlist/zkn_data/zukan_enc_platinum.narc,/application/zukanlist/zkn_data/zukan_enc_platinum.narc!/member_00346,0,/application/zukanlist/zkn_data/zukan_enc_platinum.narc,133,346,,43816,43820,4132,4136,4,df3f619804a92fdb4057192dc43dd748ea778adc52bc498ce80524c014b81119,00000000,,,,,False,,,,,,,,,,False,False
/application/zukanlist/zkn_data/zukan_enc_platinum.narc,/application/zukanlist/zkn_data/zukan_enc_platinum.narc!/member_00347,0,/application/zukanlist/zkn_data/zukan_enc_platinum.narc,133,347,,43820,43824,4136,4140,4,df3f619804a92fdb4057192dc43dd748ea778adc52bc498ce80524c014b81119,00000000,,,,,False,,,,,,,,,,False,False
/application/zukanlist/zkn_data/zukan_enc_platinum.narc,/application/zukanlist/zkn_data/zukan_enc_platinum.narc!/member_00348,0,/application/zukanlist/zkn_data/zukan_enc_platinum.narc,133,348,,43824,43828,4140,4144,4,df3f619804a92fdb4057192dc43dd748ea778adc52bc498ce80524c014b81119,00000000,,,,,False,,,,,,,,,,False,False
/application/zukanlist/zkn_data/zukan_enc_platinum.narc,/application/zukanlist/zkn_data/zukan_enc_platinum.narc!/member_00349,0,/application/zukanlist/zkn_data/zukan_enc_platinum.narc,133,349,,43828,43832,4144,4148,4,df3f619804a92fdb4057192dc43dd748ea778adc52bc498ce80524c014b81119,00000000,,,,,False,,,,,,,,,,False,False
/application/zukanlist/zkn_data/zukan_enc_platinum.narc,/application/zukanlist/zkn_data/zukan_enc_platinum.narc!/member_00350,0,/application/zukanlist/zkn_data/zukan_enc_platinum.narc,133,350,,43832,43836,4148,4152,4,df3f619804a92fdb4057192dc43dd748ea778adc52bc498ce80524c014b81119,00000000,,,,,False,,,,,,,,,,False,False
/application/zukanlist/zkn_data/zukan_enc_platinum.narc,/application/zukanlist/zkn_data/zukan_enc_platinum.narc!/member_00351,0,/application/zukanlist/zkn_data/zukan_enc_platinum.narc,133,351,,43836,43840,4152,4156,4,df3f619804a92fdb4057192dc43dd748ea778adc52bc498ce80524c014b81119,00000000,,,,,False,,,,,,,,,,False,False
/application/zukanlist/zkn_data/zukan_enc_platinum.narc,/application/zukanlist/zkn_data/zukan_enc_platinum.narc!/member_00352,0,/application/zukanlist/zkn_data/zukan_enc_platinum.narc,133,352,,43840,43844,4156,4160,4,df3f619804a92fdb4057192dc43dd748ea778adc52bc498ce80524c014b81119,00000000,,,,,False,,,,,,,,,,False,False
/application/zukanlist/zkn_data/zukan_enc_platinum.narc,/application/zukanlist/zkn_data/zukan_enc_platinum.narc!/member_00353,0,/application/zukanlist/zkn_data/zukan_enc_platinum.narc,133,353,,43844,43848,4160,4164,4,df3f619804a92fdb4057192dc43dd748ea778adc52bc498ce80524c014b81119,00000000,,,,,False,,,,,,,,,,False,False
/application/zukanlist/zkn_data/zukan_enc_platinum.narc,/application/zukanlist/zkn_data/zukan_enc_platinum.narc!/member_00354,0,/application/zukanlist/zkn_data/zukan_enc_platinum.narc,133,354,,43848,43852,4164,4168,4,df3f619804a92fdb4057192dc43dd748ea778adc52bc498ce80524c014b81119,00000000,,,,,False,,,,,,,,,,False,False
/application/zukanlist/zkn_data/zukan_enc_platinum.narc,/application/zukanlist/zkn_data/zukan_enc_platinum.narc!/member_00355,0,/application/zukanlist/zkn_data/zukan_enc_platinum.narc,133,355,,43852,43856,4168,4172,4,df3f619804a92fdb4057192dc43dd748ea778adc52bc498ce80524c014b81119,00000000,,,,,False,,,,,,,,,,False,False
/application/zukanlist/zkn_data/zukan_enc_platinum.narc,/application/zukanlist/zkn_data/zukan_enc_platinum.narc!/member_00356,0,/application/zukanlist/zkn_data/zukan_enc_platinum.narc,133,356,,43856,43860,4172,4176,4,df3f619804a92fdb4057192dc43dd748ea778adc52bc498ce80524c014b81119,00000000,,,,,False,,,,,,,,,,False,False
/application/zukanlist/zkn_data/zukan_enc_platinum.narc,/application/zukanlist/zkn_data/zukan_enc_platinum.narc!/member_00357,0,/application/zukanlist/zkn_data/zukan_enc_platinum.narc,133,357,,43860,43864,4176,4180,4,df3f619804a92fdb4057192dc43dd748ea778adc52bc498ce80524c014b81119,00000000,,,,,False,,,,,,,,,,False,False
/application/zukanlist/zkn_data/zukan_enc_platinum.narc,/application/zukanlist/zkn_data/zukan_enc_platinum.narc!/member_00358,0,/application/zukanlist/zkn_data/zukan_enc_platinum.narc,133,358,,43864,43868,4180,4184,4,df3f619804a92fdb4057192dc43dd748ea778adc52bc498ce80524c014b81119,00000000,,,,,False,,,,,,,,,,False,False
/application/zukanlist/zkn_data/zukan_enc_platinum.narc,/application/zukanlist/zkn_data/zukan_enc_platinum.narc!/member_00359,0,/application/zukanlist/zkn_data/zukan_enc_platinum.narc,133,359,,43868,43876,4184,4192,8,a111f275cc2e7588000001d300a31e76336d15b9d314cd1a1d8f3d3556975eed,0a00000000000000,,,,,False,,,,,,,,,,False,False
/application/zukanlist/zkn_data/zukan_enc_platinum.narc,/application/zukanlist/zkn_data/zukan_enc_platinum.narc!/member_00360,0,/application/zukanlist/zkn_data/zukan_enc_platinum.narc,133,360,,43876,43884,4192,4200,8,a111f275cc2e7588000001d300a31e76336d15b9d314cd1a1d8f3d3556975eed,0a00000000000000,,,,,False,,,,,,,,,,False,False
/application/zukanlist/zkn_data/zukan_enc_platinum.narc,/application/zukanlist/zkn_data/zukan_enc_platinum.narc!/member_00361,0,/application/zukanlist/zkn_data/zukan_enc_platinum.narc,133,361,,43884,43892,4200,4208,8,f0a0278e4372459cca6159cd5e71cfee638302a7b9ca9b05c34181ac0a65ac5d,0400000000000000,,,,,False,,,,,,,,,,False,False
/application/zukanlist/zkn_data/zukan_enc_platinum.narc,/application/zukanlist/zkn_data/zukan_enc_platinum.narc!/member_00362,0,/application/zukanlist/zkn_data/zukan_enc_platinum.narc,133,362,,43892,43904,4208,4220,12,7c16f5631b09eef6cfc2ecdfb0d5336adbaa187c45cf7b6c5e37c4b6dc98158d,030000000a00000000000000,,,,,False,,,,,,,,,,False,False
/application/zukanlist/zkn_data/zukan_enc_platinum.narc,/application/zukanlist/zkn_data/zukan_enc_platinum.narc!/member_00363,0,/application/zukanlist/zkn_data/zukan_enc_platinum.narc,133,363,,43904,43912,4220,4228,8,35be322d094f9d154a8aba4733b8497f180353bd7ae7b0a15f90b586b549f28b,0300000000000000,,,,,False,,,,,,,,,,False,False
/application/zukanlist/zkn_data/zukan_enc_platinum.narc,/application/zukanlist/zkn_data/zukan_enc_platinum.narc!/member_00364,0,/application/zukanlist/zkn_data/zukan_enc_platinum.narc,133,364,,43912,43916,4228,4232,4,df3f619804a92fdb4057192dc43dd748ea778adc52bc498ce80524c014b81119,00000000,,,,,False,,,,,,,,,,False,False
/application/zukanlist/zkn_data/zukan_enc_platinum.narc,/application/zukanlist/zkn_data/zukan_enc_platinum.narc!/member_00365,0,/application/zukanlist/zkn_data/zukan_enc_platinum.narc,133,365,,43916,43920,4232,4236,4,df3f619804a92fdb4057192dc43dd748ea778adc52bc498ce80524c014b81119,00000000,,,,,False,,,,,,,,,,False,False
/application/zukanlist/zkn_data/zukan_enc_platinum.narc,/application/zukanlist/zkn_data/zukan_enc_platinum.narc!/member_00366,0,/application/zukanlist/zkn_data/zukan_enc_platinum.narc,133,366,,43920,43924,4236,4240,4,df3f619804a92fdb4057192dc43dd748ea778adc52bc498ce80524c014b81119,00000000,,,,,False,,,,,,,,,,False,False
/application/zukanlist/zkn_data/zukan_enc_platinum.narc,/application/zukanlist/zkn_data/zukan_enc_platinum.narc!/member_00367,0,/application/zukanlist/zkn_data/zukan_enc_platinum.narc,133,367,,43924,43928,4240,4244,4,df3f619804a92fdb4057192dc43dd748ea778adc52bc498ce80524c014b81119,00000000,,,,,False,,,,,,,,,,False,False
/application/zukanlist/zkn_data/zukan_enc_platinum.narc,/application/zukanlist/zkn_data/zukan_enc_platinum.narc!/member_00368,0,/application/zukanlist/zkn_data/zukan_enc_platinum.narc,133,368,,43928,43932,4244,4248,4,df3f619804a92fdb4057192dc43dd748ea778adc52bc498ce80524c014b81119,00000000,,,,,False,,,,,,,,,,False,False
/application/zukanlist/zkn_data/zukan_enc_platinum.narc,/application/zukanlist/zkn_data/zukan_enc_platinum.narc!/member_00369,0,/application/zukanlist/zkn_data/zukan_enc_platinum.narc,133,369,,43932,43936,4248,4252,4,df3f619804a92fdb4057192dc43dd748ea778adc52bc498ce80524c014b81119,00000000,,,,,False,,,,,,,,,,False,False
/application/zukanlist/zkn_data/zukan_enc_platinum.narc,/application/zukanlist/zkn_data/zukan_enc_platinum.narc!/member_00370,0,/application/zukanlist/zkn_data/zukan_enc_platinum.narc,133,370,,43936,43940,4252,4256,4,df3f619804a92fdb4057192dc43dd748ea778adc52bc498ce80524c014b81119,00000000,,,,,False,,,,,,,,,,False,False
/application/zukanlist/zkn_data/zukan_enc_platinum.narc,/application/zukanlist/zkn_data/zukan_enc_platinum.narc!/member_00371,0,/application/zukanlist/zkn_data/zukan_enc_platinum.narc,133,371,,43940,43944,4256,4260,4,df3f619804a92fdb4057192dc43dd748ea778adc52bc498ce80524c014b81119,00000000,,,,,False,,,,,,,,,,False,False
/application/zukanlist/zkn_data/zukan_enc_platinum.narc,/application/zukanlist/zkn_data/zukan_enc_platinum.narc!/member_00372,0,/application/zukanlist/zkn_data/zukan_enc_platinum.narc,133,372,,43944,43948,4260,4264,4,df3f619804a92fdb4057192dc43dd748ea778adc52bc498ce80524c014b81119,00000000,,,,,False,,,,,,,,,,False,False
/application/zukanlist/zkn_data/zukan_enc_platinum.narc,/application/zukanlist/zkn_data/zukan_enc_platinum.narc!/member_00373,0,/application/zukanlist/zkn_data/zukan_enc_platinum.narc,133,373,,43948,43952,4264,4268,4,df3f619804a92fdb4057192dc43dd748ea778adc52bc498ce80524c014b81119,00000000,,,,,False,,,,,,,,,,False,False
/application/zukanlist/zkn_data/zukan_enc_platinum.narc,/application/zukanlist/zkn_data/zukan_enc_platinum.narc!/member_00374,0,/application/zukanlist/zkn_data/zukan_enc_platinum.narc,133,374,,43952,43956,4268,4272,4,df3f619804a92fdb4057192dc43dd748ea778adc52bc498ce80524c014b81119,00000000,,,,,False,,,,,,,,,,False,False
/application/zukanlist/zkn_data/zukan_enc_platinum.narc,/application/zukanlist/zkn_data/zukan_enc_platinum.narc!/member_00375,0,/application/zukanlist/zkn_data/zukan_enc_platinum.narc,133,375,,43956,43960,4272,4276,4,df3f619804a92fdb4057192dc43dd748ea778adc52bc498ce80524c014b81119,00000000,,,,,False,,,,,,,,,,False,False
/application/zukanlist/zkn_data/zukan_enc_platinum.narc,/application/zukanlist/zkn_data/zukan_enc_platinum.narc!/member_00376,0,/application/zukanlist/zkn_data/zukan_enc_platinum.narc,133,376,,43960,43964,4276,4280,4,df3f619804a92fdb4057192dc43dd748ea778adc52bc498ce80524c014b81119,00000000,,,,,False,,,,,,,,,,False,False
/application/zukanlist/zkn_data/zukan_enc_platinum.narc,/application/zukanlist/zkn_data/zukan_enc_platinum.narc!/member_00377,0,/application/zukanlist/zkn_data/zukan_enc_platinum.narc,133,377,,43964,43968,4280,4284,4,df3f619804a92fdb4057192dc43dd748ea778adc52bc498ce80524c014b81119,00000000,,,,,False,,,,,,,,,,False,False
/application/zukanlist/zkn_data/zukan_enc_platinum.narc,/application/zukanlist/zkn_data/zukan_enc_platinum.narc!/member_00378,0,/application/zukanlist/zkn_data/zukan_enc_platinum.narc,133,378,,43968,43972,4284,4288,4,df3f619804a92fdb4057192dc43dd748ea778adc52bc498ce80524c014b81119,00000000,,,,,False,,,,,,,,,,False,False
/application/zukanlist/zkn_data/zukan_enc_platinum.narc,/application/zukanlist/zkn_data/zukan_enc_platinum.narc!/member_00379,0,/application/zukanlist/zkn_data/zukan_enc_platinum.narc,133,379,,43972,43976,4288,4292,4,df3f619804a92fdb4057192dc43dd748ea778adc52bc498ce80524c014b81119,00000000,,,,,False,,,,,,,,,,False,False
/application/zukanlist/zkn_data/zukan_enc_platinum.narc,/application/zukanlist/zkn_data/zukan_enc_platinum.narc!/member_00380,0,/application/zukanlist/zkn_data/zukan_enc_platinum.narc,133,380,,43976,43980,4292,4296,4,df3f619804a92fdb4057192dc43dd748ea778adc52bc498ce80524c014b81119,00000000,,,,,False,,,,,,,,,,False,False
/application/zukanlist/zkn_data/zukan_enc_platinum.narc,/application/zukanlist/zkn_data/zukan_enc_platinum.narc!/member_00381,0,/application/zukanlist/zkn_data/zukan_enc_platinum.narc,133,381,,43980,43984,4296,4300,4,df3f619804a92fdb4057192dc43dd748ea778adc52bc498ce80524c014b81119,00000000,,,,,False,,,,,,,,,,False,False
/application/zukanlist/zkn_data/zukan_enc_platinum.narc,/application/zukanlist/zkn_data/zukan_enc_platinum.narc!/member_00382,0,/application/zukanlist/zkn_data/zukan_enc_platinum.narc,133,382,,43984,43988,4300,4304,4,df3f619804a92fdb4057192dc43dd748ea778adc52bc498ce80524c014b81119,00000000,,,,,False,,,,,,,,,,False,False
/application/zukanlist/zkn_data/zukan_enc_platinum.narc,/application/zukanlist/zkn_data/zukan_enc_platinum.narc!/member_00383,0,/application/zukanlist/zkn_data/zukan_enc_platinum.narc,133,383,,43988,43992,4304,4308,4,df3f619804a92fdb4057192dc43dd748ea778adc52bc498ce80524c014b81119,00000000,,,,,False,,,,,,,,,,False,False
/application/zukanlist/zkn_data/zukan_enc_platinum.narc,/application/zukanlist/zkn_data/zukan_enc_platinum.narc!/member_00384,0,/application/zukanlist/zkn_data/zukan_enc_platinum.narc,133,384,,43992,43996,4308,4312,4,df3f619804a92fdb4057192dc43dd748ea778adc52bc498ce80524c014b81119,00000000,,,,,False,,,,,,,,,,False,False
/application/zukanlist/zkn_data/zukan_enc_platinum.narc,/application/zukanlist/zkn_data/zukan_enc_platinum.narc!/member_00385,0,/application/zukanlist/zkn_data/zukan_enc_platinum.narc,133,385,,43996,44000,4312,4316,4,df3f619804a92fdb4057192dc43dd748ea778adc52bc498ce80524c014b81119,00000000,,,,,False,,,,,,,,,,False,False
/application/zukanlist/zkn_data/zukan_enc_platinum.narc,/application/zukanlist/zkn_data/zukan_enc_platinum.narc!/member_00386,0,/application/zukanlist/zkn_data/zukan_enc_platinum.narc,133,386,,44000,44004,4316,4320,4,df3f619804a92fdb4057192dc43dd748ea778adc52bc498ce80524c014b81119,00000000,,,,,False,,,,,,,,,,False,False
/application/zukanlist/zkn_data/zukan_enc_platinum.narc,/application/zukanlist/zkn_data/zukan_enc_platinum.narc!/member_00387,0,/application/zukanlist/zkn_data/zukan_enc_platinum.narc,133,387,,44004,44008,4320,4324,4,df3f619804a92fdb4057192dc43dd748ea778adc52bc498ce80524c014b81119,00000000,,,,,False,,,,,,,,,,False,False
/application/zukanlist/zkn_data/zukan_enc_platinum.narc,/application/zukanlist/zkn_data/zukan_enc_platinum.narc!/member_00388,0,/application/zukanlist/zkn_data/zukan_enc_platinum.narc,133,388,,44008,44012,4324,4328,4,df3f619804a92fdb4057192dc43dd748ea778adc52bc498ce80524c014b81119,00000000,,,,,False,,,,,,,,,,False,False
/application/zukanlist/zkn_data/zukan_enc_platinum.narc,/application/zukanlist/zkn_data/zukan_enc_platinum.narc!/member_00389,0,/application/zukanlist/zkn_data/zukan_enc_platinum.narc,133,389,,44012,44016,4328,4332,4,df3f619804a92fdb4057192dc43dd748ea778adc52bc498ce80524c014b81119,00000000,,,,,False,,,,,,,,,,False,False
/application/zukanlist/zkn_data/zukan_enc_platinum.narc,/application/zukanlist/zkn_data/zukan_enc_platinum.narc!/member_00390,0,/application/zukanlist/zkn_data/zukan_enc_platinum.narc,133,390,,44016,44020,4332,4336,4,df3f619804a92fdb4057192dc43dd748ea778adc52bc498ce80524c014b81119,00000000,,,,,False,,,,,,,,,,False,False
/application/zukanlist/zkn_data/zukan_enc_platinum.narc,/application/zukanlist/zkn_data/zukan_enc_platinum.narc!/member_00391,0,/application/zukanlist/zkn_data/zukan_enc_platinum.narc,133,391,,44020,44024,4336,4340,4,df3f619804a92fdb4057192dc43dd748ea778adc52bc498ce80524c014b81119,00000000,,,,,False,,,,,,,,,,False,False
/application/zukanlist/zkn_data/zukan_enc_platinum.narc,/application/zukanlist/zkn_data/zukan_enc_platinum.narc!/member_00392,0,/application/zukanlist/zkn_data/zukan_enc_platinum.narc,133,392,,44024,44028,4340,4344,4,df3f619804a92fdb4057192dc43dd748ea778adc52bc498ce80524c014b81119,00000000,,,,,False,,,,,,,,,,False,False
/application/zukanlist/zkn_data/zukan_enc_platinum.narc,/application/zukanlist/zkn_data/zukan_enc_platinum.narc!/member_00393,0,/application/zukanlist/zkn_data/zukan_enc_platinum.narc,133,393,,44028,44032,4344,4348,4,df3f619804a92fdb4057192dc43dd748ea778adc52bc498ce80524c014b81119,00000000,,,,,False,,,,,,,,,,False,False
/application/zukanlist/zkn_data/zukan_enc_platinum.narc,/application/zukanlist/zkn_data/zukan_enc_platinum.narc!/member_00394,0,/application/zukanlist/zkn_data/zukan_enc_platinum.narc,133,394,,44032,44036,4348,4352,4,df3f619804a92fdb4057192dc43dd748ea778adc52bc498ce80524c014b81119,00000000,,,,,False,,,,,,,,,,False,False
/application/zukanlist/zkn_data/zukan_enc_platinum.narc,/application/zukanlist/zkn_data/zukan_enc_platinum.narc!/member_00395,0,/application/zukanlist/zkn_data/zukan_enc_platinum.narc,133,395,,44036,44040,4352,4356,4,df3f619804a92fdb4057192dc43dd748ea778adc52bc498ce80524c014b81119,00000000,,,,,False,,,,,,,,,,False,False
/application/zukanlist/zkn_data/zukan_enc_platinum.narc,/application/zukanlist/zkn_data/zukan_enc_platinum.narc!/member_00396,0,/application/zukanlist/zkn_data/zukan_enc_platinum.narc,133,396,,44040,44044,4356,4360,4,df3f619804a92fdb4057192dc43dd748ea778adc52bc498ce80524c014b81119,00000000,,,,,False,,,,,,,,,,False,False
/application/zukanlist/zkn_data/zukan_enc_platinum.narc,/application/zukanlist/zkn_data/zukan_enc_platinum.narc!/member_00397,0,/application/zukanlist/zkn_data/zukan_enc_platinum.narc,133,397,,44044,44048,4360,4364,4,df3f619804a92fdb4057192dc43dd748ea778adc52bc498ce80524c014b81119,00000000,,,,,False,,,,,,,,,,False,False
/application/zukanlist/zkn_data/zukan_enc_platinum.narc,/application/zukanlist/zkn_data/zukan_enc_platinum.narc!/member_00398,0,/application/zukanlist/zkn_data/zukan_enc_platinum.narc,133,398,,44048,44052,4364,4368,4,df3f619804a92fdb4057192dc43dd748ea778adc52bc498ce80524c014b81119,00000000,,,,,False,,,,,,,,,,False,False
/application/zukanlist/zkn_data/zukan_enc_platinum.narc,/application/zukanlist/zkn_data/zukan_enc_platinum.narc!/member_00399,0,/application/zukanlist/zkn_data/zukan_enc_platinum.narc,133,399,,44052,44056,4368,4372,4,df3f619804a92fdb4057192dc43dd748ea778adc52bc498ce80524c014b81119,00000000,,,,,False,,,,,,,,,,False,False
/application/zukanlist/zkn_data/zukan_enc_platinum.narc,/application/zukanlist/zkn_data/zukan_enc_platinum.narc!/member_00400,0,/application/zukanlist/zkn_data/zukan_enc_platinum.narc,133,400,,44056,44064,4372,4380,8,35e3a6176b50da27fcb868bf840f0e76290bd9bf55c40545e67bac66353d0674,1100000000000000,,Nintendo LZ11,Probable,,True,Nintendo LZ11,Confirmed,True,0,True,0,e3b0c44298fc1c149afbf4c8996fb92427ae41e4649b934ca495991b7852b855,,,False,False
/application/zukanlist/zkn_data/zukan_enc_platinum.narc,/application/zukanlist/zkn_data/zukan_enc_platinum.narc!/member_00401,0,/application/zukanlist/zkn_data/zukan_enc_platinum.narc,133,401,,44064,44080,4380,4396,16,a91616fc03087082872307781ff4174f4efc9ca1bb94d7435fec23ca6a72a258,0a0000000e0000001200000000000000,,,,,False,,,,,,,,,,False,False
/application/zukanlist/zkn_data/zukan_enc_platinum.narc,/application/zukanlist/zkn_data/zukan_enc_platinum.narc!/member_00402,0,/application/zukanlist/zkn_data/zukan_enc_platinum.narc,133,402,,44080,44084,4396,4400,4,df3f619804a92fdb4057192dc43dd748ea778adc52bc498ce80524c014b81119,00000000,,,,,False,,,,,,,,,,False,False
/application/zukanlist/zkn_data/zukan_enc_platinum.narc,/application/zukanlist/zkn_data/zukan_enc_platinum.narc!/member_00403,0,/application/zukanlist/zkn_data/zukan_enc_platinum.narc,133,403,,44084,44096,4400,4412,12,2c63f354df71e17831ebd1360160d6934c6999aa97f74a9de69ef20a79301499,020000001100000000000000,,,,,False,,,,,,,,,,False,False
/application/zukanlist/zkn_data/zukan_enc_platinum.narc,/application/zukanlist/zkn_data/zukan_enc_platinum.narc!/member_00404,0,/application/zukanlist/zkn_data/zukan_enc_platinum.narc,133,404,,44096,44116,4412,4432,20,955abbad874361154d05754adea303d7ccd90d9c6e3acb6cf4bf0f07701b0b43,040000000a0000001200000013000000,,,,,False,,,,,,,,,,False,False
/application/zukanlist/zkn_data/zukan_enc_platinum.narc,/application/zukanlist/zkn_data/zukan_enc_platinum.narc!/member_00405,0,/application/zukanlist/zkn_data/zukan_enc_platinum.narc,133,405,,44116,44124,4432,4440,8,d86e8112f3c4c4442126f8e9f44f16867da487f29052bf91b810457db34209a4,0200000000000000,,,,,False,,,,,,,,,,False,False
/application/zukanlist/zkn_data/zukan_enc_platinum.narc,/application/zukanlist/zkn_data/zukan_enc_platinum.narc!/member_00406,0,/application/zukanlist/zkn_data/zukan_enc_platinum.narc,133,406,,44124,44132,4440,4448,8,18d8d609947c6b82b9607704ae40d3317038e709238514de750b5c7411ba4c20,0e00000000000000,,,,,False,,,,,,,,,,False,False
/application/zukanlist/zkn_data/zukan_enc_platinum.narc,/application/zukanlist/zkn_data/zukan_enc_platinum.narc!/member_00407,0,/application/zukanlist/zkn_data/zukan_enc_platinum.narc,133,407,,44132,44136,4448,4452,4,df3f619804a92fdb4057192dc43dd748ea778adc52bc498ce80524c014b81119,00000000,,,,,False,,,,,,,,,,False,False
/application/zukanlist/zkn_data/zukan_enc_platinum.narc,/application/zukanlist/zkn_data/zukan_enc_platinum.narc!/member_00408,0,/application/zukanlist/zkn_data/zukan_enc_platinum.narc,133,408,,44136,44140,4452,4456,4,df3f619804a92fdb4057192dc43dd748ea778adc52bc498ce80524c014b81119,00000000,,,,,False,,,,,,,,,,False,False
/application/zukanlist/zkn_data/zukan_enc_platinum.narc,/application/zukanlist/zkn_data/zukan_enc_platinum.narc!/member_00409,0,/application/zukanlist/zkn_data/zukan_enc_platinum.narc,133,409,,44140,44144,4456,4460,4,df3f619804a92fdb4057192dc43dd748ea778adc52bc498ce80524c014b81119,00000000,,,,,False,,,,,,,,,,False,False
/application/zukanlist/zkn_data/zukan_enc_platinum.narc,/application/zukanlist/zkn_data/zukan_enc_platinum.narc!/member_00410,0,/application/zukanlist/zkn_data/zukan_enc_platinum.narc,133,410,,44144,44152,4460,4468,8,d86e8112f3c4c4442126f8e9f44f16867da487f29052bf91b810457db34209a4,0200000000000000,,,,,False,,,,,,,,,,False,False
/application/zukanlist/zkn_data/zukan_enc_platinum.narc,/application/zukanlist/zkn_data/zukan_enc_platinum.narc!/member_00411,0,/application/zukanlist/zkn_data/zukan_enc_platinum.narc,133,411,,44152,44156,4468,4472,4,df3f619804a92fdb4057192dc43dd748ea778adc52bc498ce80524c014b81119,00000000,,,,,False,,,,,,,,,,False,False
/application/zukanlist/zkn_data/zukan_enc_platinum.narc,/application/zukanlist/zkn_data/zukan_enc_platinum.narc!/member_00412,0,/application/zukanlist/zkn_data/zukan_enc_platinum.narc,133,412,,44156,44160,4472,4476,4,df3f619804a92fdb4057192dc43dd748ea778adc52bc498ce80524c014b81119,00000000,,,,,False,,,,,,,,,,False,False
/application/zukanlist/zkn_data/zukan_enc_platinum.narc,/application/zukanlist/zkn_data/zukan_enc_platinum.narc!/member_00413,0,/application/zukanlist/zkn_data/zukan_enc_platinum.narc,133,413,,44160,44164,4476,4480,4,df3f619804a92fdb4057192dc43dd748ea778adc52bc498ce80524c014b81119,00000000,,,,,False,,,,,,,,,,False,False
/application/zukanlist/zkn_data/zukan_enc_platinum.narc,/application/zukanlist/zkn_data/zukan_enc_platinum.narc!/member_00414,0,/application/zukanlist/zkn_data/zukan_enc_platinum.narc,133,414,,44164,44168,4480,4484,4,df3f619804a92fdb4057192dc43dd748ea778adc52bc498ce80524c014b81119,00000000,,,,,False,,,,,,,,,,False,False
/application/zukanlist/zkn_data/zukan_enc_platinum.narc,/application/zukanlist/zkn_data/zukan_enc_platinum.narc!/member_00415,0,/application/zukanlist/zkn_data/zukan_enc_platinum.narc,133,415,,44168,44172,4484,4488,4,df3f619804a92fdb4057192dc43dd748ea778adc52bc498ce80524c014b81119,00000000,,,,,False,,,,,,,,,,False,False
/application/zukanlist/zkn_data/zukan_enc_platinum.narc,/application/zukanlist/zkn_data/zukan_enc_platinum.narc!/member_00416,0,/application/zukanlist/zkn_data/zukan_enc_platinum.narc,133,416,,44172,44176,4488,4492,4,df3f619804a92fdb4057192dc43dd748ea778adc52bc498ce80524c014b81119,00000000,,,,,False,,,,,,,,,,False,False
/application/zukanlist/zkn_data/zukan_enc_platinum.narc,/application/zukanlist/zkn_data/zukan_enc_platinum.narc!/member_00417,0,/application/zukanlist/zkn_data/zukan_enc_platinum.narc,133,417,,44176,44180,4492,4496,4,df3f619804a92fdb4057192dc43dd748ea778adc52bc498ce80524c014b81119,00000000,,,,,False,,,,,,,,,,False,False
/application/zukanlist/zkn_data/zukan_enc_platinum.narc,/application/zukanlist/zkn_data/zukan_enc_platinum.narc!/member_00418,0,/application/zukanlist/zkn_data/zukan_enc_platinum.narc,133,418,,44180,44184,4496,4500,4,df3f619804a92fdb4057192dc43dd748ea778adc52bc498ce80524c014b81119,00000000,,,,,False,,,,,,,,,,False,False
/application/zukanlist/zkn_data/zukan_enc_platinum.narc,/application/zukanlist/zkn_data/zukan_enc_platinum.narc!/member_00419,0,/application/zukanlist/zkn_data/zukan_enc_platinum.narc,133,419,,44184,44188,4500,4504,4,df3f619804a92fdb4057192dc43dd748ea778adc52bc498ce80524c014b81119,00000000,,,,,False,,,,,,,,,,False,False
/application/zukanlist/zkn_data/zukan_enc_platinum.narc,/application/zukanlist/zkn_data/zukan_enc_platinum.narc!/member_00420,0,/application/zukanlist/zkn_data/zukan_enc_platinum.narc,133,420,,44188,44192,4504,4508,4,df3f619804a92fdb4057192dc43dd748ea778adc52bc498ce80524c014b81119,00000000,,,,,False,,,,,,,,,,False,False
/application/zukanlist/zkn_data/zukan_enc_platinum.narc,/application/zukanlist/zkn_data/zukan_enc_platinum.narc!/member_00421,0,/application/zukanlist/zkn_data/zukan_enc_platinum.narc,133,421,,44192,44196,4508,4512,4,df3f619804a92fdb4057192dc43dd748ea778adc52bc498ce80524c014b81119,00000000,,,,,False,,,,,,,,,,False,False
/application/zukanlist/zkn_data/zukan_enc_platinum.narc,/application/zukanlist/zkn_data/zukan_enc_platinum.narc!/member_00422,0,/application/zukanlist/zkn_data/zukan_enc_platinum.narc,133,422,,44196,44200,4512,4516,4,df3f619804a92fdb4057192dc43dd748ea778adc52bc498ce80524c014b81119,00000000,,,,,False,,,,,,,,,,False,False
/application/zukanlist/zkn_data/zukan_enc_platinum.narc,/application/zukanlist/zkn_data/zukan_enc_platinum.narc!/member_00423,0,/application/zukanlist/zkn_data/zukan_enc_platinum.narc,133,423,,44200,44208,4516,4524,8,23d7f42b1cdc1f0d492ebd756ed0fe8003995dda554d99418d47a81813650207,0600000000000000,,,,,False,,,,,,,,,,False,False
/application/zukanlist/zkn_data/zukan_enc_platinum.narc,/application/zukanlist/zkn_data/zukan_enc_platinum.narc!/member_00424,0,/application/zukanlist/zkn_data/zukan_enc_platinum.narc,133,424,,44208,44212,4524,4528,4,df3f619804a92fdb4057192dc43dd748ea778adc52bc498ce80524c014b81119,00000000,,,,,False,,,,,,,,,,False,False
/application/zukanlist/zkn_data/zukan_enc_platinum.narc,/application/zukanlist/zkn_data/zukan_enc_platinum.narc!/member_00425,0,/application/zukanlist/zkn_data/zukan_enc_platinum.narc,133,425,,44212,44216,4528,4532,4,df3f619804a92fdb4057192dc43dd748ea778adc52bc498ce80524c014b81119,00000000,,,,,False,,,,,,,,,,False,False
/application/zukanlist/zkn_data/zukan_enc_platinum.narc,/application/zukanlist/zkn_data/zukan_enc_platinum.narc!/member_00426,0,/application/zukanlist/zkn_data/zukan_enc_platinum.narc,133,426,,44216,44220,4532,4536,4,df3f619804a92fdb4057192dc43dd748ea778adc52bc498ce80524c014b81119,00000000,,,,,False,,,,,,,,,,False,False
/application/zukanlist/zkn_data/zukan_enc_platinum.narc,/application/zukanlist/zkn_data/zukan_enc_platinum.narc!/member_00427,0,/application/zukanlist/zkn_data/zukan_enc_platinum.narc,133,427,,44220,44224,4536,4540,4,df3f619804a92fdb4057192dc43dd748ea778adc52bc498ce80524c014b81119,00000000,,,,,False,,,,,,,,,,False,False
/application/zukanlist/zkn_data/zukan_enc_platinum.narc,/application/zukanlist/zkn_data/zukan_enc_platinum.narc!/member_00428,0,/application/zukanlist/zkn_data/zukan_enc_platinum.narc,133,428,,44224,44228,4540,4544,4,df3f619804a92fdb4057192dc43dd748ea778adc52bc498ce80524c014b81119,00000000,,,,,False,,,,,,,,,,False,False
/application/zukanlist/zkn_data/zukan_enc_platinum.narc,/application/zukanlist/zkn_data/zukan_enc_platinum.narc!/member_00429,0,/application/zukanlist/zkn_data/zukan_enc_platinum.narc,133,429,,44228,44232,4544,4548,4,df3f619804a92fdb4057192dc43dd748ea778adc52bc498ce80524c014b81119,00000000,,,,,False,,,,,,,,,,False,False
/application/zukanlist/zkn_data/zukan_enc_platinum.narc,/application/zukanlist/zkn_data/zukan_enc_platinum.narc!/member_00430,0,/application/zukanlist/zkn_data/zukan_enc_platinum.narc,133,430,,44232,44236,4548,4552,4,df3f619804a92fdb4057192dc43dd748ea778adc52bc498ce80524c014b81119,00000000,,,,,False,,,,,,,,,,False,False
/application/zukanlist/zkn_data/zukan_enc_platinum.narc,/application/zukanlist/zkn_data/zukan_enc_platinum.narc!/member_00431,0,/application/zukanlist/zkn_data/zukan_enc_platinum.narc,133,431,,44236,44244,4552,4560,8,d86e8112f3c4c4442126f8e9f44f16867da487f29052bf91b810457db34209a4,0200000000000000,,,,,False,,,,,,,,,,False,False
/application/zukanlist/zkn_data/zukan_enc_platinum.narc,/application/zukanlist/zkn_data/zukan_enc_platinum.narc!/member_00432,0,/application/zukanlist/zkn_data/zukan_enc_platinum.narc,133,432,,44244,44248,4560,4564,4,df3f619804a92fdb4057192dc43dd748ea778adc52bc498ce80524c014b81119,00000000,,,,,False,,,,,,,,,,False,False
/application/zukanlist/zkn_data/zukan_enc_platinum.narc,/application/zukanlist/zkn_data/zukan_enc_platinum.narc!/member_00433,0,/application/zukanlist/zkn_data/zukan_enc_platinum.narc,133,433,,44248,44252,4564,4568,4,df3f619804a92fdb4057192dc43dd748ea778adc52bc498ce80524c014b81119,00000000,,,,,False,,,,,,,,,,False,False
/application/zukanlist/zkn_data/zukan_enc_platinum.narc,/application/zukanlist/zkn_data/zukan_enc_platinum.narc!/member_00434,0,/application/zukanlist/zkn_data/zukan_enc_platinum.narc,133,434,,44252,44256,4568,4572,4,df3f619804a92fdb4057192dc43dd748ea778adc52bc498ce80524c014b81119,00000000,,,,,False,,,,,,,,,,False,False
/application/zukanlist/zkn_data/zukan_enc_platinum.narc,/application/zukanlist/zkn_data/zukan_enc_platinum.narc!/member_00435,0,/application/zukanlist/zkn_data/zukan_enc_platinum.narc,133,435,,44256,44260,4572,4576,4,df3f619804a92fdb4057192dc43dd748ea778adc52bc498ce80524c014b81119,00000000,,,,,False,,,,,,,,,,False,False
/application/zukanlist/zkn_data/zukan_enc_platinum.narc,/application/zukanlist/zkn_data/zukan_enc_platinum.narc!/member_00436,0,/application/zukanlist/zkn_data/zukan_enc_platinum.narc,133,436,,44260,44264,4576,4580,4,df3f619804a92fdb4057192dc43dd748ea778adc52bc498ce80524c014b81119,00000000,,,,,False,,,,,,,,,,False,False
/application/zukanlist/zkn_data/zukan_enc_platinum.narc,/application/zukanlist/zkn_data/zukan_enc_platinum.narc!/member_00437,0,/application/zukanlist/zkn_data/zukan_enc_platinum.narc,133,437,,44264,44276,4580,4592,12,7c16f5631b09eef6cfc2ecdfb0d5336adbaa187c45cf7b6c5e37c4b6dc98158d,030000000a00000000000000,,,,,False,,,,,,,,,,False,False
/application/zukanlist/zkn_data/zukan_enc_platinum.narc,/application/zukanlist/zkn_data/zukan_enc_platinum.narc!/member_00438,0,/application/zukanlist/zkn_data/zukan_enc_platinum.narc,133,438,,44276,44280,4592,4596,4,df3f619804a92fdb4057192dc43dd748ea778adc52bc498ce80524c014b81119,00000000,,,,,False,,,,,,,,,,False,False
/application/zukanlist/zkn_data/zukan_enc_platinum.narc,/application/zukanlist/zkn_data/zukan_enc_platinum.narc!/member_00439,0,/application/zukanlist/zkn_data/zukan_enc_platinum.narc,133,439,,44280,44284,4596,4600,4,df3f619804a92fdb4057192dc43dd748ea778adc52bc498ce80524c014b81119,00000000,,,,,False,,,,,,,,,,False,False
/application/zukanlist/zkn_data/zukan_enc_platinum.narc,/application/zukanlist/zkn_data/zukan_enc_platinum.narc!/member_00440,0,/application/zukanlist/zkn_data/zukan_enc_platinum.narc,133,440,,44284,44300,4600,4616,16,a5507ccd6d5f1fdd31538bd736ba6ac1394f6a9592c0bebdf6c58dc518ded264,030000000a0000000c00000000000000,,,,,False,,,,,,,,,,False,False
/application/zukanlist/zkn_data/zukan_enc_platinum.narc,/application/zukanlist/zkn_data/zukan_enc_platinum.narc!/member_00441,0,/application/zukanlist/zkn_data/zukan_enc_platinum.narc,133,441,,44300,44312,4616,4628,12,7c16f5631b09eef6cfc2ecdfb0d5336adbaa187c45cf7b6c5e37c4b6dc98158d,030000000a00000000000000,,,,,False,,,,,,,,,,False,False
/application/zukanlist/zkn_data/zukan_enc_platinum.narc,/application/zukanlist/zkn_data/zukan_enc_platinum.narc!/member_00442,0,/application/zukanlist/zkn_data/zukan_enc_platinum.narc,133,442,,44312,44316,4628,4632,4,df3f619804a92fdb4057192dc43dd748ea778adc52bc498ce80524c014b81119,00000000,,,,,False,,,,,,,,,,False,False
/application/zukanlist/zkn_data/zukan_enc_platinum.narc,/application/zukanlist/zkn_data/zukan_enc_platinum.narc!/member_00443,0,/application/zukanlist/zkn_data/zukan_enc_platinum.narc,133,443,,44316,44320,4632,4636,4,df3f619804a92fdb4057192dc43dd748ea778adc52bc498ce80524c014b81119,00000000,,,,,False,,,,,,,,,,False,False
/application/zukanlist/zkn_data/zukan_enc_platinum.narc,/application/zukanlist/zkn_data/zukan_enc_platinum.narc!/member_00444,0,/application/zukanlist/zkn_data/zukan_enc_platinum.narc,133,444,,44320,44324,4636,4640,4,df3f619804a92fdb4057192dc43dd748ea778adc52bc498ce80524c014b81119,00000000,,,,,False,,,,,,,,,,False,False
/application/zukanlist/zkn_data/zukan_enc_platinum.narc,/application/zukanlist/zkn_data/zukan_enc_platinum.narc!/member_00445,0,/application/zukanlist/zkn_data/zukan_enc_platinum.narc,133,445,,44324,44328,4640,4644,4,df3f619804a92fdb4057192dc43dd748ea778adc52bc498ce80524c014b81119,00000000,,,,,False,,,,,,,,,,False,False
/application/zukanlist/zkn_data/zukan_enc_platinum.narc,/application/zukanlist/zkn_data/zukan_enc_platinum.narc!/member_00446,0,/application/zukanlist/zkn_data/zukan_enc_platinum.narc,133,446,,44328,44332,4644,4648,4,df3f619804a92fdb4057192dc43dd748ea778adc52bc498ce80524c014b81119,00000000,,,,,False,,,,,,,,,,False,False
/application/zukanlist/zkn_data/zukan_enc_platinum.narc,/application/zukanlist/zkn_data/zukan_enc_platinum.narc!/member_00447,0,/application/zukanlist/zkn_data/zukan_enc_platinum.narc,133,447,,44332,44340,4648,4656,8,220dde27afee4d537cac96d85d6546f825153b90e828931b74e103807541bc42,0c00000000000000,,,,,False,,,,,,,,,,False,False
/application/zukanlist/zkn_data/zukan_enc_platinum.narc,/application/zukanlist/zkn_data/zukan_enc_platinum.narc!/member_00448,0,/application/zukanlist/zkn_data/zukan_enc_platinum.narc,133,448,,44340,44348,4656,4664,8,23d7f42b1cdc1f0d492ebd756ed0fe8003995dda554d99418d47a81813650207,0600000000000000,,,,,False,,,,,,,,,,False,False
/application/zukanlist/zkn_data/zukan_enc_platinum.narc,/application/zukanlist/zkn_data/zukan_enc_platinum.narc!/member_00449,0,/application/zukanlist/zkn_data/zukan_enc_platinum.narc,133,449,,44348,44352,4664,4668,4,df3f619804a92fdb4057192dc43dd748ea778adc52bc498ce80524c014b81119,00000000,,,,,False,,,,,,,,,,False,False
/application/zukanlist/zkn_data/zukan_enc_platinum.narc,/application/zukanlist/zkn_data/zukan_enc_platinum.narc!/member_00450,0,/application/zukanlist/zkn_data/zukan_enc_platinum.narc,133,450,,44352,44356,4668,4672,4,df3f619804a92fdb4057192dc43dd748ea778adc52bc498ce80524c014b81119,00000000,,,,,False,,,,,,,,,,False,False
/application/zukanlist/zkn_data/zukan_enc_platinum.narc,/application/zukanlist/zkn_data/zukan_enc_platinum.narc!/member_00451,0,/application/zukanlist/zkn_data/zukan_enc_platinum.narc,133,451,,44356,44360,4672,4676,4,df3f619804a92fdb4057192dc43dd748ea778adc52bc498ce80524c014b81119,00000000,,,,,False,,,,,,,,,,False,False
/application/zukanlist/zkn_data/zukan_enc_platinum.narc,/application/zukanlist/zkn_data/zukan_enc_platinum.narc!/member_00452,0,/application/zukanlist/zkn_data/zukan_enc_platinum.narc,133,452,,44360,44364,4676,4680,4,df3f619804a92fdb4057192dc43dd748ea778adc52bc498ce80524c014b81119,00000000,,,,,False,,,,,,,,,,False,False
/application/zukanlist/zkn_data/zukan_enc_platinum.narc,/application/zukanlist/zkn_data/zukan_enc_platinum.narc!/member_00453,0,/application/zukanlist/zkn_data/zukan_enc_platinum.narc,133,453,,44364,44372,4680,4688,8,b0bd73e6922c0d2496dbcb99eac08eb5870090e59f6e06b1eb477d540002a5cd,0d00000000000000,,,,,False,,,,,,,,,,False,False
/application/zukanlist/zkn_data/zukan_enc_platinum.narc,/application/zukanlist/zkn_data/zukan_enc_platinum.narc!/member_00454,0,/application/zukanlist/zkn_data/zukan_enc_platinum.narc,133,454,,44372,44376,4688,4692,4,df3f619804a92fdb4057192dc43dd748ea778adc52bc498ce80524c014b81119,00000000,,,,,False,,,,,,,,,,False,False
/application/zukanlist/zkn_data/zukan_enc_platinum.narc,/application/zukanlist/zkn_data/zukan_enc_platinum.narc!/member_00455,0,/application/zukanlist/zkn_data/zukan_enc_platinum.narc,133,455,,44376,44380,4692,4696,4,df3f619804a92fdb4057192dc43dd748ea778adc52bc498ce80524c014b81119,00000000,,,,,False,,,,,,,,,,False,False
/application/zukanlist/zkn_data/zukan_enc_platinum.narc,/application/zukanlist/zkn_data/zukan_enc_platinum.narc!/member_00456,0,/application/zukanlist/zkn_data/zukan_enc_platinum.narc,133,456,,44380,44384,4696,4700,4,df3f619804a92fdb4057192dc43dd748ea778adc52bc498ce80524c014b81119,00000000,,,,,False,,,,,,,,,,False,False
/application/zukanlist/zkn_data/zukan_enc_platinum.narc,/application/zukanlist/zkn_data/zukan_enc_platinum.narc!/member_00457,0,/application/zukanlist/zkn_data/zukan_enc_platinum.narc,133,457,,44384,44388,4700,4704,4,df3f619804a92fdb4057192dc43dd748ea778adc52bc498ce80524c014b81119,00000000,,,,,False,,,,,,,,,,False,False
/application/zukanlist/zkn_data/zukan_enc_platinum.narc,/application/zukanlist/zkn_data/zukan_enc_platinum.narc!/member_00458,0,/application/zukanlist/zkn_data/zukan_enc_platinum.narc,133,458,,44388,44392,4704,4708,4,df3f619804a92fdb4057192dc43dd748ea778adc52bc498ce80524c014b81119,00000000,,,,,False,,,,,,,,,,False,False
/application/zukanlist/zkn_data/zukan_enc_platinum.narc,/application/zukanlist/zkn_data/zukan_enc_platinum.narc!/member_00459,0,/application/zukanlist/zkn_data/zukan_enc_platinum.narc,133,459,,44392,44396,4708,4712,4,df3f619804a92fdb4057192dc43dd748ea778adc52bc498ce80524c014b81119,00000000,,,,,False,,,,,,,,,,False,False
/application/zukanlist/zkn_data/zukan_enc_platinum.narc,/application/zukanlist/zkn_data/zukan_enc_platinum.narc!/member_00460,0,/application/zukanlist/zkn_data/zukan_enc_platinum.narc,133,460,,44396,44400,4712,4716,4,df3f619804a92fdb4057192dc43dd748ea778adc52bc498ce80524c014b81119,00000000,,,,,False,,,,,,,,,,False,False
/application/zukanlist/zkn_data/zukan_enc_platinum.narc,/application/zukanlist/zkn_data/zukan_enc_platinum.narc!/member_00461,0,/application/zukanlist/zkn_data/zukan_enc_platinum.narc,133,461,,44400,44404,4716,4720,4,df3f619804a92fdb4057192dc43dd748ea778adc52bc498ce80524c014b81119,00000000,,,,,False,,,,,,,,,,False,False
/application/zukanlist/zkn_data/zukan_enc_platinum.narc,/application/zukanlist/zkn_data/zukan_enc_platinum.narc!/member_00462,0,/application/zukanlist/zkn_data/zukan_enc_platinum.narc,133,462,,44404,44408,4720,4724,4,df3f619804a92fdb4057192dc43dd748ea778adc52bc498ce80524c014b81119,00000000,,,,,False,,,,,,,,,,False,False
/application/zukanlist/zkn_data/zukan_enc_platinum.narc,/application/zukanlist/zkn_data/zukan_enc_platinum.narc!/member_00463,0,/application/zukanlist/zkn_data/zukan_enc_platinum.narc,133,463,,44408,44420,4724,4736,12,9aa25ea5939f88dc17ed9ea826d634bb9b4f9146c4752ffbbbe8c6f44d9ecf71,030000001300000000000000,,,,,False,,,,,,,,,,False,False
/application/zukanlist/zkn_data/zukan_enc_platinum.narc,/application/zukanlist/zkn_data/zukan_enc_platinum.narc!/member_00464,0,/application/zukanlist/zkn_data/zukan_enc_platinum.narc,133,464,,44420,44428,4736,4744,8,35be322d094f9d154a8aba4733b8497f180353bd7ae7b0a15f90b586b549f28b,0300000000000000,,,,,False,,,,,,,,,,False,False
/application/zukanlist/zkn_data/zukan_enc_platinum.narc,/application/zukanlist/zkn_data/zukan_enc_platinum.narc!/member_00465,0,/application/zukanlist/zkn_data/zukan_enc_platinum.narc,133,465,,44428,44432,4744,4748,4,df3f619804a92fdb4057192dc43dd748ea778adc52bc498ce80524c014b81119,00000000,,,,,False,,,,,,,,,,False,False
/application/zukanlist/zkn_data/zukan_enc_platinum.narc,/application/zukanlist/zkn_data/zukan_enc_platinum.narc!/member_00466,0,/application/zukanlist/zkn_data/zukan_enc_platinum.narc,133,466,,44432,44436,4748,4752,4,df3f619804a92fdb4057192dc43dd748ea778adc52bc498ce80524c014b81119,00000000,,,,,False,,,,,,,,,,False,False
/application/zukanlist/zkn_data/zukan_enc_platinum.narc,/application/zukanlist/zkn_data/zukan_enc_platinum.narc!/member_00467,0,/application/zukanlist/zkn_data/zukan_enc_platinum.narc,133,467,,44436,44440,4752,4756,4,df3f619804a92fdb4057192dc43dd748ea778adc52bc498ce80524c014b81119,00000000,,,,,False,,,,,,,,,,False,False
/application/zukanlist/zkn_data/zukan_enc_platinum.narc,/application/zukanlist/zkn_data/zukan_enc_platinum.narc!/member_00468,0,/application/zukanlist/zkn_data/zukan_enc_platinum.narc,133,468,,44440,44444,4756,4760,4,df3f619804a92fdb4057192dc43dd748ea778adc52bc498ce80524c014b81119,00000000,,,,,False,,,,,,,,,,False,False
/application/zukanlist/zkn_data/zukan_enc_platinum.narc,/application/zukanlist/zkn_data/zukan_enc_platinum.narc!/member_00469,0,/application/zukanlist/zkn_data/zukan_enc_platinum.narc,133,469,,44444,44448,4760,4764,4,df3f619804a92fdb4057192dc43dd748ea778adc52bc498ce80524c014b81119,00000000,,,,,False,,,,,,,,,,False,False
/application/zukanlist/zkn_data/zukan_enc_platinum.narc,/application/zukanlist/zkn_data/zukan_enc_platinum.narc!/member_00470,0,/application/zukanlist/zkn_data/zukan_enc_platinum.narc,133,470,,44448,44452,4764,4768,4,df3f619804a92fdb4057192dc43dd748ea778adc52bc498ce80524c014b81119,00000000,,,,,False,,,,,,,,,,False,False
/application/zukanlist/zkn_data/zukan_enc_platinum.narc,/application/zukanlist/zkn_data/zukan_enc_platinum.narc!/member_00471,0,/application/zukanlist/zkn_data/zukan_enc_platinum.narc,133,471,,44452,44456,4768,4772,4,df3f619804a92fdb4057192dc43dd748ea778adc52bc498ce80524c014b81119,00000000,,,,,False,,,,,,,,,,False,False
/application/zukanlist/zkn_data/zukan_enc_platinum.narc,/application/zukanlist/zkn_data/zukan_enc_platinum.narc!/member_00472,0,/application/zukanlist/zkn_data/zukan_enc_platinum.narc,133,472,,44456,44460,4772,4776,4,df3f619804a92fdb4057192dc43dd748ea778adc52bc498ce80524c014b81119,00000000,,,,,False,,,,,,,,,,False,False
/application/zukanlist/zkn_data/zukan_enc_platinum.narc,/application/zukanlist/zkn_data/zukan_enc_platinum.narc!/member_00473,0,/application/zukanlist/zkn_data/zukan_enc_platinum.narc,133,473,,44460,44464,4776,4780,4,df3f619804a92fdb4057192dc43dd748ea778adc52bc498ce80524c014b81119,00000000,,,,,False,,,,,,,,,,False,False
/application/zukanlist/zkn_data/zukan_enc_platinum.narc,/application/zukanlist/zkn_data/zukan_enc_platinum.narc!/member_00474,0,/application/zukanlist/zkn_data/zukan_enc_platinum.narc,133,474,,44464,44468,4780,4784,4,df3f619804a92fdb4057192dc43dd748ea778adc52bc498ce80524c014b81119,00000000,,,,,False,,,,,,,,,,False,False
/application/zukanlist/zkn_data/zukan_enc_platinum.narc,/application/zukanlist/zkn_data/zukan_enc_platinum.narc!/member_00475,0,/application/zukanlist/zkn_data/zukan_enc_platinum.narc,133,475,,44468,44472,4784,4788,4,df3f619804a92fdb4057192dc43dd748ea778adc52bc498ce80524c014b81119,00000000,,,,,False,,,,,,,,,,False,False
/application/zukanlist/zkn_data/zukan_enc_platinum.narc,/application/zukanlist/zkn_data/zukan_enc_platinum.narc!/member_00476,0,/application/zukanlist/zkn_data/zukan_enc_platinum.narc,133,476,,44472,44476,4788,4792,4,df3f619804a92fdb4057192dc43dd748ea778adc52bc498ce80524c014b81119,00000000,,,,,False,,,,,,,,,,False,False
/application/zukanlist/zkn_data/zukan_enc_platinum.narc,/application/zukanlist/zkn_data/zukan_enc_platinum.narc!/member_00477,0,/application/zukanlist/zkn_data/zukan_enc_platinum.narc,133,477,,44476,44480,4792,4796,4,df3f619804a92fdb4057192dc43dd748ea778adc52bc498ce80524c014b81119,00000000,,,,,False,,,,,,,,,,False,False
/application/zukanlist/zkn_data/zukan_enc_platinum.narc,/application/zukanlist/zkn_data/zukan_enc_platinum.narc!/member_00478,0,/application/zukanlist/zkn_data/zukan_enc_platinum.narc,133,478,,44480,44484,4796,4800,4,df3f619804a92fdb4057192dc43dd748ea778adc52bc498ce80524c014b81119,00000000,,,,,False,,,,,,,,,,False,False
/application/zukanlist/zkn_data/zukan_enc_platinum.narc,/application/zukanlist/zkn_data/zukan_enc_platinum.narc!/member_00479,0,/application/zukanlist/zkn_data/zukan_enc_platinum.narc,133,479,,44484,44488,4800,4804,4,df3f619804a92fdb4057192dc43dd748ea778adc52bc498ce80524c014b81119,00000000,,,,,False,,,,,,,,,,False,False
/application/zukanlist/zkn_data/zukan_enc_platinum.narc,/application/zukanlist/zkn_data/zukan_enc_platinum.narc!/member_00480,0,/application/zukanlist/zkn_data/zukan_enc_platinum.narc,133,480,,44488,44492,4804,4808,4,df3f619804a92fdb4057192dc43dd748ea778adc52bc498ce80524c014b81119,00000000,,,,,False,,,,,,,,,,False,False
/application/zukanlist/zkn_data/zukan_enc_platinum.narc,/application/zukanlist/zkn_data/zukan_enc_platinum.narc!/member_00481,0,/application/zukanlist/zkn_data/zukan_enc_platinum.narc,133,481,,44492,44496,4808,4812,4,df3f619804a92fdb4057192dc43dd748ea778adc52bc498ce80524c014b81119,00000000,,,,,False,,,,,,,,,,False,False
/application/zukanlist/zkn_data/zukan_enc_platinum.narc,/application/zukanlist/zkn_data/zukan_enc_platinum.narc!/member_00482,0,/application/zukanlist/zkn_data/zukan_enc_platinum.narc,133,482,,44496,44500,4812,4816,4,df3f619804a92fdb4057192dc43dd748ea778adc52bc498ce80524c014b81119,00000000,,,,,False,,,,,,,,,,False,False
/application/zukanlist/zkn_data/zukan_enc_platinum.narc,/application/zukanlist/zkn_data/zukan_enc_platinum.narc!/member_00483,0,/application/zukanlist/zkn_data/zukan_enc_platinum.narc,133,483,,44500,44504,4816,4820,4,df3f619804a92fdb4057192dc43dd748ea778adc52bc498ce80524c014b81119,00000000,,,,,False,,,,,,,,,,False,False
/application/zukanlist/zkn_data/zukan_enc_platinum.narc,/application/zukanlist/zkn_data/zukan_enc_platinum.narc!/member_00484,0,/application/zukanlist/zkn_data/zukan_enc_platinum.narc,133,484,,44504,44508,4820,4824,4,df3f619804a92fdb4057192dc43dd748ea778adc52bc498ce80524c014b81119,00000000,,,,,False,,,,,,,,,,False,False
/application/zukanlist/zkn_data/zukan_enc_platinum.narc,/application/zukanlist/zkn_data/zukan_enc_platinum.narc!/member_00485,0,/application/zukanlist/zkn_data/zukan_enc_platinum.narc,133,485,,44508,44512,4824,4828,4,df3f619804a92fdb4057192dc43dd748ea778adc52bc498ce80524c014b81119,00000000,,,,,False,,,,,,,,,,False,False
/application/zukanlist/zkn_data/zukan_enc_platinum.narc,/application/zukanlist/zkn_data/zukan_enc_platinum.narc!/member_00486,0,/application/zukanlist/zkn_data/zukan_enc_platinum.narc,133,486,,44512,44516,4828,4832,4,df3f619804a92fdb4057192dc43dd748ea778adc52bc498ce80524c014b81119,00000000,,,,,False,,,,,,,,,,False,False
/application/zukanlist/zkn_data/zukan_enc_platinum.narc,/application/zukanlist/zkn_data/zukan_enc_platinum.narc!/member_00487,0,/application/zukanlist/zkn_data/zukan_enc_platinum.narc,133,487,,44516,44520,4832,4836,4,df3f619804a92fdb4057192dc43dd748ea778adc52bc498ce80524c014b81119,00000000,,,,,False,,,,,,,,,,False,False
/application/zukanlist/zkn_data/zukan_enc_platinum.narc,/application/zukanlist/zkn_data/zukan_enc_platinum.narc!/member_00488,0,/application/zukanlist/zkn_data/zukan_enc_platinum.narc,133,488,,44520,44524,4836,4840,4,df3f619804a92fdb4057192dc43dd748ea778adc52bc498ce80524c014b81119,00000000,,,,,False,,,,,,,,,,False,False
/application/zukanlist/zkn_data/zukan_enc_platinum.narc,/application/zukanlist/zkn_data/zukan_enc_platinum.narc!/member_00489,0,/application/zukanlist/zkn_data/zukan_enc_platinum.narc,133,489,,44524,44528,4840,4844,4,df3f619804a92fdb4057192dc43dd748ea778adc52bc498ce80524c014b81119,00000000,,,,,False,,,,,,,,,,False,False
/application/zukanlist/zkn_data/zukan_enc_platinum.narc,/application/zukanlist/zkn_data/zukan_enc_platinum.narc!/member_00490,0,/application/zukanlist/zkn_data/zukan_enc_platinum.narc,133,490,,44528,44532,4844,4848,4,df3f619804a92fdb4057192dc43dd748ea778adc52bc498ce80524c014b81119,00000000,,,,,False,,,,,,,,,,False,False
/application/zukanlist/zkn_data/zukan_enc_platinum.narc,/application/zukanlist/zkn_data/zukan_enc_platinum.narc!/member_00491,0,/application/zukanlist/zkn_data/zukan_enc_platinum.narc,133,491,,44532,44536,4848,4852,4,df3f619804a92fdb4057192dc43dd748ea778adc52bc498ce80524c014b81119,00000000,,,,,False,,,,,,,,,,False,False
/application/zukanlist/zkn_data/zukan_enc_platinum.narc,/application/zukanlist/zkn_data/zukan_enc_platinum.narc!/member_00492,0,/application/zukanlist/zkn_data/zukan_enc_platinum.narc,133,492,,44536,44540,4852,4856,4,df3f619804a92fdb4057192dc43dd748ea778adc52bc498ce80524c014b81119,00000000,,,,,False,,,,,,,,,,False,False
/application/zukanlist/zkn_data/zukan_enc_platinum.narc,/application/zukanlist/zkn_data/zukan_enc_platinum.narc!/member_00493,0,/application/zukanlist/zkn_data/zukan_enc_platinum.narc,133,493,,44540,44544,4856,4860,4,df3f619804a92fdb4057192dc43dd748ea778adc52bc498ce80524c014b81119,00000000,,,,,False,,,,,,,,,,False,False
/application/zukanlist/zkn_data/zukan_enc_platinum.narc,/application/zukanlist/zkn_data/zukan_enc_platinum.narc!/member_00494,0,/application/zukanlist/zkn_data/zukan_enc_platinum.narc,133,494,,44544,44548,4860,4864,4,df3f619804a92fdb4057192dc43dd748ea778adc52bc498ce80524c014b81119,00000000,,,,,False,,,,,,,,,,False,False
/application/zukanlist/zkn_data/zukan_enc_platinum.narc,/application/zukanlist/zkn_data/zukan_enc_platinum.narc!/member_00495,0,/application/zukanlist/zkn_data/zukan_enc_platinum.narc,133,495,,44548,44552,4864,4868,4,df3f619804a92fdb4057192dc43dd748ea778adc52bc498ce80524c014b81119,00000000,,,,,False,,,,,,,,,,False,False
/application/zukanlist/zkn_data/zukan_enc_platinum.narc,/application/zukanlist/zkn_data/zukan_enc_platinum.narc!/member_00496,0,/application/zukanlist/zkn_data/zukan_enc_platinum.narc,133,496,,44552,44556,4868,4872,4,df3f619804a92fdb4057192dc43dd748ea778adc52bc498ce80524c014b81119,00000000,,,,,False,,,,,,,,,,False,False
/application/zukanlist/zkn_data/zukan_enc_platinum.narc,/application/zukanlist/zkn_data/zukan_enc_platinum.narc!/member_00497,0,/application/zukanlist/zkn_data/zukan_enc_platinum.narc,133,497,,44556,44560,4872,4876,4,df3f619804a92fdb4057192dc43dd748ea778adc52bc498ce80524c014b81119,00000000,,,,,False,,,,,,,,,,False,False
/application/zukanlist/zkn_data/zukan_enc_platinum.narc,/application/zukanlist/zkn_data/zukan_enc_platinum.narc!/member_00498,0,/application/zukanlist/zkn_data/zukan_enc_platinum.narc,133,498,,44560,44564,4876,4880,4,df3f619804a92fdb4057192dc43dd748ea778adc52bc498ce80524c014b81119,00000000,,,,,False,,,,,,,,,,False,False
/application/zukanlist/zkn_data/zukan_enc_platinum.narc,/application/zukanlist/zkn_data/zukan_enc_platinum.narc!/member_00499,0,/application/zukanlist/zkn_data/zukan_enc_platinum.narc,133,499,,44564,44628,4880,4944,64,f32d112ddbdceee004e3eb54d2b6a07a38be11eebe6a7e5abc8ff0046599af9c,01000000020000000300000005000000,,,,,False,,,,,,,,,,False,False
/application/zukanlist/zkn_data/zukan_enc_platinum.narc,/application/zukanlist/zkn_data/zukan_enc_platinum.narc!/member_00500,0,/application/zukanlist/zkn_data/zukan_enc_platinum.narc,133,500,,44628,44632,4944,4948,4,df3f619804a92fdb4057192dc43dd748ea778adc52bc498ce80524c014b81119,00000000,,,,,False,,,,,,,,,,False,False
/application/zukanlist/zkn_data/zukan_enc_platinum.narc,/application/zukanlist/zkn_data/zukan_enc_platinum.narc!/member_00501,0,/application/zukanlist/zkn_data/zukan_enc_platinum.narc,133,501,,44632,44636,4948,4952,4,df3f619804a92fdb4057192dc43dd748ea778adc52bc498ce80524c014b81119,00000000,,,,,False,,,,,,,,,,False,False
/application/zukanlist/zkn_data/zukan_enc_platinum.narc,/application/zukanlist/zkn_data/zukan_enc_platinum.narc!/member_00502,0,/application/zukanlist/zkn_data/zukan_enc_platinum.narc,133,502,,44636,44640,4952,4956,4,df3f619804a92fdb4057192dc43dd748ea778adc52bc498ce80524c014b81119,00000000,,,,,False,,,,,,,,,,False,False
/application/zukanlist/zkn_data/zukan_enc_platinum.narc,/application/zukanlist/zkn_data/zukan_enc_platinum.narc!/member_00503,0,/application/zukanlist/zkn_data/zukan_enc_platinum.narc,133,503,,44640,44644,4956,4960,4,df3f619804a92fdb4057192dc43dd748ea778adc52bc498ce80524c014b81119,00000000,,,,,False,,,,,,,,,,False,False
/application/zukanlist/zkn_data/zukan_enc_platinum.narc,/application/zukanlist/zkn_data/zukan_enc_platinum.narc!/member_00504,0,/application/zukanlist/zkn_data/zukan_enc_platinum.narc,133,504,,44644,44648,4960,4964,4,df3f619804a92fdb4057192dc43dd748ea778adc52bc498ce80524c014b81119,00000000,,,,,False,,,,,,,,,,False,False
/application/zukanlist/zkn_data/zukan_enc_platinum.narc,/application/zukanlist/zkn_data/zukan_enc_platinum.narc!/member_00505,0,/application/zukanlist/zkn_data/zukan_enc_platinum.narc,133,505,,44648,44652,4964,4968,4,df3f619804a92fdb4057192dc43dd748ea778adc52bc498ce80524c014b81119,00000000,,,,,False,,,,,,,,,,False,False
/application/zukanlist/zkn_data/zukan_enc_platinum.narc,/application/zukanlist/zkn_data/zukan_enc_platinum.narc!/member_00506,0,/application/zukanlist/zkn_data/zukan_enc_platinum.narc,133,506,,44652,44656,4968,4972,4,df3f619804a92fdb4057192dc43dd748ea778adc52bc498ce80524c014b81119,00000000,,,,,False,,,,,,,,,,False,False
/application/zukanlist/zkn_data/zukan_enc_platinum.narc,/application/zukanlist/zkn_data/zukan_enc_platinum.narc!/member_00507,0,/application/zukanlist/zkn_data/zukan_enc_platinum.narc,133,507,,44656,44660,4972,4976,4,df3f619804a92fdb4057192dc43dd748ea778adc52bc498ce80524c014b81119,00000000,,,,,False,,,,,,,,,,False,False
/application/zukanlist/zkn_data/zukan_enc_platinum.narc,/application/zukanlist/zkn_data/zukan_enc_platinum.narc!/member_00508,0,/application/zukanlist/zkn_data/zukan_enc_platinum.narc,133,508,,44660,44664,4976,4980,4,df3f619804a92fdb4057192dc43dd748ea778adc52bc498ce80524c014b81119,00000000,,,,,False,,,,,,,,,,False,False
/application/zukanlist/zkn_data/zukan_enc_platinum.narc,/application/zukanlist/zkn_data/zukan_enc_platinum.narc!/member_00509,0,/application/zukanlist/zkn_data/zukan_enc_platinum.narc,133,509,,44664,44668,4980,4984,4,df3f619804a92fdb4057192dc43dd748ea778adc52bc498ce80524c014b81119,00000000,,,,,False,,,,,,,,,,False,False
/application/zukanlist/zkn_data/zukan_enc_platinum.narc,/application/zukanlist/zkn_data/zukan_enc_platinum.narc!/member_00510,0,/application/zukanlist/zkn_data/zukan_enc_platinum.narc,133,510,,44668,44672,4984,4988,4,df3f619804a92fdb4057192dc43dd748ea778adc52bc498ce80524c014b81119,00000000,,,,,False,,,,,,,,,,False,False
/application/zukanlist/zkn_data/zukan_enc_platinum.narc,/application/zukanlist/zkn_data/zukan_enc_platinum.narc!/member_00511,0,/application/zukanlist/zkn_data/zukan_enc_platinum.narc,133,511,,44672,44676,4988,4992,4,df3f619804a92fdb4057192dc43dd748ea778adc52bc498ce80524c014b81119,00000000,,,,,False,,,,,,,,,,False,False
/application/zukanlist/zkn_data/zukan_enc_platinum.narc,/application/zukanlist/zkn_data/zukan_enc_platinum.narc!/member_00512,0,/application/zukanlist/zkn_data/zukan_enc_platinum.narc,133,512,,44676,44680,4992,4996,4,df3f619804a92fdb4057192dc43dd748ea778adc52bc498ce80524c014b81119,00000000,,,,,False,,,,,,,,,,False,False
/application/zukanlist/zkn_data/zukan_enc_platinum.narc,/application/zukanlist/zkn_data/zukan_enc_platinum.narc!/member_00513,0,/application/zukanlist/zkn_data/zukan_enc_platinum.narc,133,513,,44680,44684,4996,5000,4,df3f619804a92fdb4057192dc43dd748ea778adc52bc498ce80524c014b81119,00000000,,,,,False,,,,,,,,,,False,False
/application/zukanlist/zkn_data/zukan_enc_platinum.narc,/application/zukanlist/zkn_data/zukan_enc_platinum.narc!/member_00514,0,/application/zukanlist/zkn_data/zukan_enc_platinum.narc,133,514,,44684,44688,5000,5004,4,df3f619804a92fdb4057192dc43dd748ea778adc52bc498ce80524c014b81119,00000000,,,,,False,,,,,,,,,,False,False
/application/zukanlist/zkn_data/zukan_enc_platinum.narc,/application/zukanlist/zkn_data/zukan_enc_platinum.narc!/member_00515,0,/application/zukanlist/zkn_data/zukan_enc_platinum.narc,133,515,,44688,44692,5004,5008,4,df3f619804a92fdb4057192dc43dd748ea778adc52bc498ce80524c014b81119,00000000,,,,,False,,,,,,,,,,False,False
/application/zukanlist/zkn_data/zukan_enc_platinum.narc,/application/zukanlist/zkn_data/zukan_enc_platinum.narc!/member_00516,0,/application/zukanlist/zkn_data/zukan_enc_platinum.narc,133,516,,44692,44696,5008,5012,4,df3f619804a92fdb4057192dc43dd748ea778adc52bc498ce80524c014b81119,00000000,,,,,False,,,,,,,,,,False,False
/application/zukanlist/zkn_data/zukan_enc_platinum.narc,/application/zukanlist/zkn_data/zukan_enc_platinum.narc!/member_00517,0,/application/zukanlist/zkn_data/zukan_enc_platinum.narc,133,517,,44696,44700,5012,5016,4,df3f619804a92fdb4057192dc43dd748ea778adc52bc498ce80524c014b81119,00000000,,,,,False,,,,,,,,,,False,False
/application/zukanlist/zkn_data/zukan_enc_platinum.narc,/application/zukanlist/zkn_data/zukan_enc_platinum.narc!/member_00518,0,/application/zukanlist/zkn_data/zukan_enc_platinum.narc,133,518,,44700,44704,5016,5020,4,df3f619804a92fdb4057192dc43dd748ea778adc52bc498ce80524c014b81119,00000000,,,,,False,,,,,,,,,,False,False
/application/zukanlist/zkn_data/zukan_enc_platinum.narc,/application/zukanlist/zkn_data/zukan_enc_platinum.narc!/member_00519,0,/application/zukanlist/zkn_data/zukan_enc_platinum.narc,133,519,,44704,44708,5020,5024,4,df3f619804a92fdb4057192dc43dd748ea778adc52bc498ce80524c014b81119,00000000,,,,,False,,,,,,,,,,False,False
/application/zukanlist/zkn_data/zukan_enc_platinum.narc,/application/zukanlist/zkn_data/zukan_enc_platinum.narc!/member_00520,0,/application/zukanlist/zkn_data/zukan_enc_platinum.narc,133,520,,44708,44712,5024,5028,4,df3f619804a92fdb4057192dc43dd748ea778adc52bc498ce80524c014b81119,00000000,,,,,False,,,,,,,,,,False,False
/application/zukanlist/zkn_data/zukan_enc_platinum.narc,/application/zukanlist/zkn_data/zukan_enc_platinum.narc!/member_00521,0,/application/zukanlist/zkn_data/zukan_enc_platinum.narc,133,521,,44712,44716,5028,5032,4,df3f619804a92fdb4057192dc43dd748ea778adc52bc498ce80524c014b81119,00000000,,,,,False,,,,,,,,,,False,False
/application/zukanlist/zkn_data/zukan_enc_platinum.narc,/application/zukanlist/zkn_data/zukan_enc_platinum.narc!/member_00522,0,/application/zukanlist/zkn_data/zukan_enc_platinum.narc,133,522,,44716,44720,5032,5036,4,df3f619804a92fdb4057192dc43dd748ea778adc52bc498ce80524c014b81119,00000000,,,,,False,,,,,,,,,,False,False
/application/zukanlist/zkn_data/zukan_enc_platinum.narc,/application/zukanlist/zkn_data/zukan_enc_platinum.narc!/member_00523,0,/application/zukanlist/zkn_data/zukan_enc_platinum.narc,133,523,,44720,44724,5036,5040,4,df3f619804a92fdb4057192dc43dd748ea778adc52bc498ce80524c014b81119,00000000,,,,,False,,,,,,,,,,False,False
/application/zukanlist/zkn_data/zukan_enc_platinum.narc,/application/zukanlist/zkn_data/zukan_enc_platinum.narc!/member_00524,0,/application/zukanlist/zkn_data/zukan_enc_platinum.narc,133,524,,44724,44732,5040,5048,8,18d8d609947c6b82b9607704ae40d3317038e709238514de750b5c7411ba4c20,0e00000000000000,,,,,False,,,,,,,,,,False,False
/application/zukanlist/zkn_data/zukan_enc_platinum.narc,/application/zukanlist/zkn_data/zukan_enc_platinum.narc!/member_00525,0,/application/zukanlist/zkn_data/zukan_enc_platinum.narc,133,525,,44732,44736,5048,5052,4,df3f619804a92fdb4057192dc43dd748ea778adc52bc498ce80524c014b81119,00000000,,,,,False,,,,,,,,,,False,False
/application/zukanlist/zkn_data/zukan_enc_platinum.narc,/application/zukanlist/zkn_data/zukan_enc_platinum.narc!/member_00526,0,/application/zukanlist/zkn_data/zukan_enc_platinum.narc,133,526,,44736,44740,5052,5056,4,df3f619804a92fdb4057192dc43dd748ea778adc52bc498ce80524c014b81119,00000000,,,,,False,,,,,,,,,,False,False
/application/zukanlist/zkn_data/zukan_enc_platinum.narc,/application/zukanlist/zkn_data/zukan_enc_platinum.narc!/member_00527,0,/application/zukanlist/zkn_data/zukan_enc_platinum.narc,133,527,,44740,44744,5056,5060,4,df3f619804a92fdb4057192dc43dd748ea778adc52bc498ce80524c014b81119,00000000,,,,,False,,,,,,,,,,False,False
/application/zukanlist/zkn_data/zukan_enc_platinum.narc,/application/zukanlist/zkn_data/zukan_enc_platinum.narc!/member_00528,0,/application/zukanlist/zkn_data/zukan_enc_platinum.narc,133,528,,44744,44748,5060,5064,4,df3f619804a92fdb4057192dc43dd748ea778adc52bc498ce80524c014b81119,00000000,,,,,False,,,,,,,,,,False,False
/application/zukanlist/zkn_data/zukan_enc_platinum.narc,/application/zukanlist/zkn_data/zukan_enc_platinum.narc!/member_00529,0,/application/zukanlist/zkn_data/zukan_enc_platinum.narc,133,529,,44748,44752,5064,5068,4,df3f619804a92fdb4057192dc43dd748ea778adc52bc498ce80524c014b81119,00000000,,,,,False,,,,,,,,,,False,False
/application/zukanlist/zkn_data/zukan_enc_platinum.narc,/application/zukanlist/zkn_data/zukan_enc_platinum.narc!/member_00530,0,/application/zukanlist/zkn_data/zukan_enc_platinum.narc,133,530,,44752,44756,5068,5072,4,df3f619804a92fdb4057192dc43dd748ea778adc52bc498ce80524c014b81119,00000000,,,,,False,,,,,,,,,,False,False
/application/zukanlist/zkn_data/zukan_enc_platinum.narc,/application/zukanlist/zkn_data/zukan_enc_platinum.narc!/member_00531,0,/application/zukanlist/zkn_data/zukan_enc_platinum.narc,133,531,,44756,44760,5072,5076,4,df3f619804a92fdb4057192dc43dd748ea778adc52bc498ce80524c014b81119,00000000,,,,,False,,,,,,,,,,False,False
/application/zukanlist/zkn_data/zukan_enc_platinum.narc,/application/zukanlist/zkn_data/zukan_enc_platinum.narc!/member_00532,0,/application/zukanlist/zkn_data/zukan_enc_platinum.narc,133,532,,44760,44764,5076,5080,4,df3f619804a92fdb4057192dc43dd748ea778adc52bc498ce80524c014b81119,00000000,,,,,False,,,,,,,,,,False,False
/application/zukanlist/zkn_data/zukan_enc_platinum.narc,/application/zukanlist/zkn_data/zukan_enc_platinum.narc!/member_00533,0,/application/zukanlist/zkn_data/zukan_enc_platinum.narc,133,533,,44764,44768,5080,5084,4,df3f619804a92fdb4057192dc43dd748ea778adc52bc498ce80524c014b81119,00000000,,,,,False,,,,,,,,,,False,False
/application/zukanlist/zkn_data/zukan_enc_platinum.narc,/application/zukanlist/zkn_data/zukan_enc_platinum.narc!/member_00534,0,/application/zukanlist/zkn_data/zukan_enc_platinum.narc,133,534,,44768,44772,5084,5088,4,df3f619804a92fdb4057192dc43dd748ea778adc52bc498ce80524c014b81119,00000000,,,,,False,,,,,,,,,,False,False
/application/zukanlist/zkn_data/zukan_enc_platinum.narc,/application/zukanlist/zkn_data/zukan_enc_platinum.narc!/member_00535,0,/application/zukanlist/zkn_data/zukan_enc_platinum.narc,133,535,,44772,44776,5088,5092,4,df3f619804a92fdb4057192dc43dd748ea778adc52bc498ce80524c014b81119,00000000,,,,,False,,,,,,,,,,False,False
/application/zukanlist/zkn_data/zukan_enc_platinum.narc,/application/zukanlist/zkn_data/zukan_enc_platinum.narc!/member_00536,0,/application/zukanlist/zkn_data/zukan_enc_platinum.narc,133,536,,44776,44780,5092,5096,4,df3f619804a92fdb4057192dc43dd748ea778adc52bc498ce80524c014b81119,00000000,,,,,False,,,,,,,,,,False,False
/application/zukanlist/zkn_data/zukan_enc_platinum.narc,/application/zukanlist/zkn_data/zukan_enc_platinum.narc!/member_00537,0,/application/zukanlist/zkn_data/zukan_enc_platinum.narc,133,537,,44780,44784,5096,5100,4,df3f619804a92fdb4057192dc43dd748ea778adc52bc498ce80524c014b81119,00000000,,,,,False,,,,,,,,,,False,False
/application/zukanlist/zkn_data/zukan_enc_platinum.narc,/application/zukanlist/zkn_data/zukan_enc_platinum.narc!/member_00538,0,/application/zukanlist/zkn_data/zukan_enc_platinum.narc,133,538,,44784,44788,5100,5104,4,df3f619804a92fdb4057192dc43dd748ea778adc52bc498ce80524c014b81119,00000000,,,,,False,,,,,,,,,,False,False
/application/zukanlist/zkn_data/zukan_enc_platinum.narc,/application/zukanlist/zkn_data/zukan_enc_platinum.narc!/member_00539,0,/application/zukanlist/zkn_data/zukan_enc_platinum.narc,133,539,,44788,44792,5104,5108,4,df3f619804a92fdb4057192dc43dd748ea778adc52bc498ce80524c014b81119,00000000,,,,,False,,,,,,,,,,False,False
/application/zukanlist/zkn_data/zukan_enc_platinum.narc,/application/zukanlist/zkn_data/zukan_enc_platinum.narc!/member_00540,0,/application/zukanlist/zkn_data/zukan_enc_platinum.narc,133,540,,44792,44824,5108,5140,32,9d1bf6ea30818af61635ee85e9cc03f02bc80838861066e058f767bf8c5dd239,01000000030000000700000008000000,,,,,False,,,,,,,,,,False,False
/application/zukanlist/zkn_data/zukan_enc_platinum.narc,/application/zukanlist/zkn_data/zukan_enc_platinum.narc!/member_00541,0,/application/zukanlist/zkn_data/zukan_enc_platinum.narc,133,541,,44824,44864,5140,5180,40,e3e62d77adad57e0f75f1ebaf5542b3c6276f0805a66aff9491bfaadaa15acc2,03000000060000000700000008000000,,,,,False,,,,,,,,,,False,False
/application/zukanlist/zkn_data/zukan_enc_platinum.narc,/application/zukanlist/zkn_data/zukan_enc_platinum.narc!/member_00542,0,/application/zukanlist/zkn_data/zukan_enc_platinum.narc,133,542,,44864,44868,5180,5184,4,df3f619804a92fdb4057192dc43dd748ea778adc52bc498ce80524c014b81119,00000000,,,,,False,,,,,,,,,,False,False
/application/zukanlist/zkn_data/zukan_enc_platinum.narc,/application/zukanlist/zkn_data/zukan_enc_platinum.narc!/member_00543,0,/application/zukanlist/zkn_data/zukan_enc_platinum.narc,133,543,,44868,44872,5184,5188,4,df3f619804a92fdb4057192dc43dd748ea778adc52bc498ce80524c014b81119,00000000,,,,,False,,,,,,,,,,False,False
/application/zukanlist/zkn_data/zukan_enc_platinum.narc,/application/zukanlist/zkn_data/zukan_enc_platinum.narc!/member_00544,0,/application/zukanlist/zkn_data/zukan_enc_platinum.narc,133,544,,44872,44876,5188,5192,4,df3f619804a92fdb4057192dc43dd748ea778adc52bc498ce80524c014b81119,00000000,,,,,False,,,,,,,,,,False,False
/application/zukanlist/zkn_data/zukan_enc_platinum.narc,/application/zukanlist/zkn_data/zukan_enc_platinum.narc!/member_00545,0,/application/zukanlist/zkn_data/zukan_enc_platinum.narc,133,545,,44876,44880,5192,5196,4,df3f619804a92fdb4057192dc43dd748ea778adc52bc498ce80524c014b81119,00000000,,,,,False,,,,,,,,,,False,False
/application/zukanlist/zkn_data/zukan_enc_platinum.narc,/application/zukanlist/zkn_data/zukan_enc_platinum.narc!/member_00546,0,/application/zukanlist/zkn_data/zukan_enc_platinum.narc,133,546,,44880,44884,5196,5200,4,df3f619804a92fdb4057192dc43dd748ea778adc52bc498ce80524c014b81119,00000000,,,,,False,,,,,,,,,,False,False
/application/zukanlist/zkn_data/zukan_enc_platinum.narc,/application/zukanlist/zkn_data/zukan_enc_platinum.narc!/member_00547,0,/application/zukanlist/zkn_data/zukan_enc_platinum.narc,133,547,,44884,44888,5200,5204,4,df3f619804a92fdb4057192dc43dd748ea778adc52bc498ce80524c014b81119,00000000,,,,,False,,,,,,,,,,False,False
/application/zukanlist/zkn_data/zukan_enc_platinum.narc,/application/zukanlist/zkn_data/zukan_enc_platinum.narc!/member_00548,0,/application/zukanlist/zkn_data/zukan_enc_platinum.narc,133,548,,44888,44892,5204,5208,4,df3f619804a92fdb4057192dc43dd748ea778adc52bc498ce80524c014b81119,00000000,,,,,False,,,,,,,,,,False,False
/application/zukanlist/zkn_data/zukan_enc_platinum.narc,/application/zukanlist/zkn_data/zukan_enc_platinum.narc!/member_00549,0,/application/zukanlist/zkn_data/zukan_enc_platinum.narc,133,549,,44892,44896,5208,5212,4,df3f619804a92fdb4057192dc43dd748ea778adc52bc498ce80524c014b81119,00000000,,,,,False,,,,,,,,,,False,False
/application/zukanlist/zkn_data/zukan_enc_platinum.narc,/application/zukanlist/zkn_data/zukan_enc_platinum.narc!/member_00550,0,/application/zukanlist/zkn_data/zukan_enc_platinum.narc,133,550,,44896,44900,5212,5216,4,df3f619804a92fdb4057192dc43dd748ea778adc52bc498ce80524c014b81119,00000000,,,,,False,,,,,,,,,,False,False
/application/zukanlist/zkn_data/zukan_enc_platinum.narc,/application/zukanlist/zkn_data/zukan_enc_platinum.narc!/member_00551,0,/application/zukanlist/zkn_data/zukan_enc_platinum.narc,133,551,,44900,44904,5216,5220,4,df3f619804a92fdb4057192dc43dd748ea778adc52bc498ce80524c014b81119,00000000,,,,,False,,,,,,,,,,False,False
/application/zukanlist/zkn_data/zukan_enc_platinum.narc,/application/zukanlist/zkn_data/zukan_enc_platinum.narc!/member_00552,0,/application/zukanlist/zkn_data/zukan_enc_platinum.narc,133,552,,44904,44908,5220,5224,4,df3f619804a92fdb4057192dc43dd748ea778adc52bc498ce80524c014b81119,00000000,,,,,False,,,,,,,,,,False,False
/application/zukanlist/zkn_data/zukan_enc_platinum.narc,/application/zukanlist/zkn_data/zukan_enc_platinum.narc!/member_00553,0,/application/zukanlist/zkn_data/zukan_enc_platinum.narc,133,553,,44908,44932,5224,5248,24,a748cb9e6b280c640089b38ad3a048e8c4df41e3b5d871813ac379591e57d2d0,07000000080000001100000012000000,,,,,False,,,,,,,,,,False,False
/application/zukanlist/zkn_data/zukan_enc_platinum.narc,/application/zukanlist/zkn_data/zukan_enc_platinum.narc!/member_00554,0,/application/zukanlist/zkn_data/zukan_enc_platinum.narc,133,554,,44932,44960,5248,5276,28,68ec412a605513d1367879b256b5ca515a739c312b99ea790373ca05588fa001,07000000080000000a00000011000000,,,,,False,,,,,,,,,,False,False
/application/zukanlist/zkn_data/zukan_enc_platinum.narc,/application/zukanlist/zkn_data/zukan_enc_platinum.narc!/member_00555,0,/application/zukanlist/zkn_data/zukan_enc_platinum.narc,133,555,,44960,44964,5276,5280,4,df3f619804a92fdb4057192dc43dd748ea778adc52bc498ce80524c014b81119,00000000,,,,,False,,,,,,,,,,False,False
/application/zukanlist/zkn_data/zukan_enc_platinum.narc,/application/zukanlist/zkn_data/zukan_enc_platinum.narc!/member_00556,0,/application/zukanlist/zkn_data/zukan_enc_platinum.narc,133,556,,44964,44968,5280,5284,4,df3f619804a92fdb4057192dc43dd748ea778adc52bc498ce80524c014b81119,00000000,,,,,False,,,,,,,,,,False,False
/application/zukanlist/zkn_data/zukan_enc_platinum.narc,/application/zukanlist/zkn_data/zukan_enc_platinum.narc!/member_00557,0,/application/zukanlist/zkn_data/zukan_enc_platinum.narc,133,557,,44968,44972,5284,5288,4,df3f619804a92fdb4057192dc43dd748ea778adc52bc498ce80524c014b81119,00000000,,,,,False,,,,,,,,,,False,False
/application/zukanlist/zkn_data/zukan_enc_platinum.narc,/application/zukanlist/zkn_data/zukan_enc_platinum.narc!/member_00558,0,/application/zukanlist/zkn_data/zukan_enc_platinum.narc,133,558,,44972,44976,5288,5292,4,df3f619804a92fdb4057192dc43dd748ea778adc52bc498ce80524c014b81119,00000000,,,,,False,,,,,,,,,,False,False
/application/zukanlist/zkn_data/zukan_enc_platinum.narc,/application/zukanlist/zkn_data/zukan_enc_platinum.narc!/member_00559,0,/application/zukanlist/zkn_data/zukan_enc_platinum.narc,133,559,,44976,44980,5292,5296,4,df3f619804a92fdb4057192dc43dd748ea778adc52bc498ce80524c014b81119,00000000,,,,,False,,,,,,,,,,False,False
/application/zukanlist/zkn_data/zukan_enc_platinum.narc,/application/zukanlist/zkn_data/zukan_enc_platinum.narc!/member_00560,0,/application/zukanlist/zkn_data/zukan_enc_platinum.narc,133,560,,44980,44984,5296,5300,4,df3f619804a92fdb4057192dc43dd748ea778adc52bc498ce80524c014b81119,00000000,,,,,False,,,,,,,,,,False,False
/application/zukanlist/zkn_data/zukan_enc_platinum.narc,/application/zukanlist/zkn_data/zukan_enc_platinum.narc!/member_00561,0,/application/zukanlist/zkn_data/zukan_enc_platinum.narc,133,561,,44984,44988,5300,5304,4,df3f619804a92fdb4057192dc43dd748ea778adc52bc498ce80524c014b81119,00000000,,,,,False,,,,,,,,,,False,False
/application/zukanlist/zkn_data/zukan_enc_platinum.narc,/application/zukanlist/zkn_data/zukan_enc_platinum.narc!/member_00562,0,/application/zukanlist/zkn_data/zukan_enc_platinum.narc,133,562,,44988,44992,5304,5308,4,df3f619804a92fdb4057192dc43dd748ea778adc52bc498ce80524c014b81119,00000000,,,,,False,,,,,,,,,,False,False
/application/zukanlist/zkn_data/zukan_enc_platinum.narc,/application/zukanlist/zkn_data/zukan_enc_platinum.narc!/member_00563,0,/application/zukanlist/zkn_data/zukan_enc_platinum.narc,133,563,,44992,44996,5308,5312,4,df3f619804a92fdb4057192dc43dd748ea778adc52bc498ce80524c014b81119,00000000,,,,,False,,,,,,,,,,False,False
/application/zukanlist/zkn_data/zukan_enc_platinum.narc,/application/zukanlist/zkn_data/zukan_enc_platinum.narc!/member_00564,0,/application/zukanlist/zkn_data/zukan_enc_platinum.narc,133,564,,44996,45000,5312,5316,4,df3f619804a92fdb4057192dc43dd748ea778adc52bc498ce80524c014b81119,00000000,,,,,False,,,,,,,,,,False,False
/application/zukanlist/zkn_data/zukan_enc_platinum.narc,/application/zukanlist/zkn_data/zukan_enc_platinum.narc!/member_00565,0,/application/zukanlist/zkn_data/zukan_enc_platinum.narc,133,565,,45000,45008,5316,5324,8,35be322d094f9d154a8aba4733b8497f180353bd7ae7b0a15f90b586b549f28b,0300000000000000,,,,,False,,,,,,,,,,False,False
/application/zukanlist/zkn_data/zukan_enc_platinum.narc,/application/zukanlist/zkn_data/zukan_enc_platinum.narc!/member_00566,0,/application/zukanlist/zkn_data/zukan_enc_platinum.narc,133,566,,45008,45016,5324,5332,8,35be322d094f9d154a8aba4733b8497f180353bd7ae7b0a15f90b586b549f28b,0300000000000000,,,,,False,,,,,,,,,,False,False
/application/zukanlist/zkn_data/zukan_enc_platinum.narc,/application/zukanlist/zkn_data/zukan_enc_platinum.narc!/member_00567,0,/application/zukanlist/zkn_data/zukan_enc_platinum.narc,133,567,,45016,45020,5332,5336,4,df3f619804a92fdb4057192dc43dd748ea778adc52bc498ce80524c014b81119,00000000,,,,,False,,,,,,,,,,False,False
/application/zukanlist/zkn_data/zukan_enc_platinum.narc,/application/zukanlist/zkn_data/zukan_enc_platinum.narc!/member_00568,0,/application/zukanlist/zkn_data/zukan_enc_platinum.narc,133,568,,45020,45024,5336,5340,4,df3f619804a92fdb4057192dc43dd748ea778adc52bc498ce80524c014b81119,00000000,,,,,False,,,,,,,,,,False,False
/application/zukanlist/zkn_data/zukan_enc_platinum.narc,/application/zukanlist/zkn_data/zukan_enc_platinum.narc!/member_00569,0,/application/zukanlist/zkn_data/zukan_enc_platinum.narc,133,569,,45024,45028,5340,5344,4,df3f619804a92fdb4057192dc43dd748ea778adc52bc498ce80524c014b81119,00000000,,,,,False,,,,,,,,,,False,False
/application/zukanlist/zkn_data/zukan_enc_platinum.narc,/application/zukanlist/zkn_data/zukan_enc_platinum.narc!/member_00570,0,/application/zukanlist/zkn_data/zukan_enc_platinum.narc,133,570,,45028,45032,5344,5348,4,df3f619804a92fdb4057192dc43dd748ea778adc52bc498ce80524c014b81119,00000000,,,,,False,,,,,,,,,,False,False
/application/zukanlist/zkn_data/zukan_enc_platinum.narc,/application/zukanlist/zkn_data/zukan_enc_platinum.narc!/member_00571,0,/application/zukanlist/zkn_data/zukan_enc_platinum.narc,133,571,,45032,45036,5348,5352,4,df3f619804a92fdb4057192dc43dd748ea778adc52bc498ce80524c014b81119,00000000,,,,,False,,,,,,,,,,False,False
/application/zukanlist/zkn_data/zukan_enc_platinum.narc,/application/zukanlist/zkn_data/zukan_enc_platinum.narc!/member_00572,0,/application/zukanlist/zkn_data/zukan_enc_platinum.narc,133,572,,45036,45040,5352,5356,4,df3f619804a92fdb4057192dc43dd748ea778adc52bc498ce80524c014b81119,00000000,,,,,False,,,,,,,,,,False,False
/application/zukanlist/zkn_data/zukan_enc_platinum.narc,/application/zukanlist/zkn_data/zukan_enc_platinum.narc!/member_00573,0,/application/zukanlist/zkn_data/zukan_enc_platinum.narc,133,573,,45040,45068,5356,5384,28,fb9a3ed036398dd6955d7087b66a4bebd9b46b5730df0eb4c3ced5941bef47ec,0100000003000000080000000c000000,,,,,False,,,,,,,,,,False,False
/application/zukanlist/zkn_data/zukan_enc_platinum.narc,/application/zukanlist/zkn_data/zukan_enc_platinum.narc!/member_00574,0,/application/zukanlist/zkn_data/zukan_enc_platinum.narc,133,574,,45068,45092,5384,5408,24,f693e222704836ab21f71d24a05b03731a56beab9a4bbd863a5cb947c9e18f12,0300000006000000090000000a000000,,,,,False,,,,,,,,,,False,False
/application/zukanlist/zkn_data/zukan_enc_platinum.narc,/application/zukanlist/zkn_data/zukan_enc_platinum.narc!/member_00575,0,/application/zukanlist/zkn_data/zukan_enc_platinum.narc,133,575,,45092,45096,5408,5412,4,df3f619804a92fdb4057192dc43dd748ea778adc52bc498ce80524c014b81119,00000000,,,,,False,,,,,,,,,,False,False
/application/zukanlist/zkn_data/zukan_enc_platinum.narc,/application/zukanlist/zkn_data/zukan_enc_platinum.narc!/member_00576,0,/application/zukanlist/zkn_data/zukan_enc_platinum.narc,133,576,,45096,45100,5412,5416,4,df3f619804a92fdb4057192dc43dd748ea778adc52bc498ce80524c014b81119,00000000,,,,,False,,,,,,,,,,False,False
/application/zukanlist/zkn_data/zukan_enc_platinum.narc,/application/zukanlist/zkn_data/zukan_enc_platinum.narc!/member_00577,0,/application/zukanlist/zkn_data/zukan_enc_platinum.narc,133,577,,45100,45104,5416,5420,4,df3f619804a92fdb4057192dc43dd748ea778adc52bc498ce80524c014b81119,00000000,,,,,False,,,,,,,,,,False,False
/application/zukanlist/zkn_data/zukan_enc_platinum.narc,/application/zukanlist/zkn_data/zukan_enc_platinum.narc!/member_00578,0,/application/zukanlist/zkn_data/zukan_enc_platinum.narc,133,578,,45104,45108,5420,5424,4,df3f619804a92fdb4057192dc43dd748ea778adc52bc498ce80524c014b81119,00000000,,,,,False,,,,,,,,,,False,False
/application/zukanlist/zkn_data/zukan_enc_platinum.narc,/application/zukanlist/zkn_data/zukan_enc_platinum.narc!/member_00579,0,/application/zukanlist/zkn_data/zukan_enc_platinum.narc,133,579,,45108,45112,5424,5428,4,df3f619804a92fdb4057192dc43dd748ea778adc52bc498ce80524c014b81119,00000000,,,,,False,,,,,,,,,,False,False
/application/zukanlist/zkn_data/zukan_enc_platinum.narc,/application/zukanlist/zkn_data/zukan_enc_platinum.narc!/member_00580,0,/application/zukanlist/zkn_data/zukan_enc_platinum.narc,133,580,,45112,45116,5428,5432,4,df3f619804a92fdb4057192dc43dd748ea778adc52bc498ce80524c014b81119,00000000,,,,,False,,,,,,,,,,False,False
/application/zukanlist/zkn_data/zukan_enc_platinum.narc,/application/zukanlist/zkn_data/zukan_enc_platinum.narc!/member_00581,0,/application/zukanlist/zkn_data/zukan_enc_platinum.narc,133,581,,45116,45124,5432,5440,8,23d7f42b1cdc1f0d492ebd756ed0fe8003995dda554d99418d47a81813650207,0600000000000000,,,,,False,,,,,,,,,,False,False
/application/zukanlist/zkn_data/zukan_enc_platinum.narc,/application/zukanlist/zkn_data/zukan_enc_platinum.narc!/member_00582,0,/application/zukanlist/zkn_data/zukan_enc_platinum.narc,133,582,,45124,45128,5440,5444,4,df3f619804a92fdb4057192dc43dd748ea778adc52bc498ce80524c014b81119,00000000,,,,,False,,,,,,,,,,False,False
/application/zukanlist/zkn_data/zukan_enc_platinum.narc,/application/zukanlist/zkn_data/zukan_enc_platinum.narc!/member_00583,0,/application/zukanlist/zkn_data/zukan_enc_platinum.narc,133,583,,45128,45132,5444,5448,4,df3f619804a92fdb4057192dc43dd748ea778adc52bc498ce80524c014b81119,00000000,,,,,False,,,,,,,,,,False,False
/application/zukanlist/zkn_data/zukan_enc_platinum.narc,/application/zukanlist/zkn_data/zukan_enc_platinum.narc!/member_00584,0,/application/zukanlist/zkn_data/zukan_enc_platinum.narc,133,584,,45132,45136,5448,5452,4,df3f619804a92fdb4057192dc43dd748ea778adc52bc498ce80524c014b81119,00000000,,,,,False,,,,,,,,,,False,False
/application/zukanlist/zkn_data/zukan_enc_platinum.narc,/application/zukanlist/zkn_data/zukan_enc_platinum.narc!/member_00585,0,/application/zukanlist/zkn_data/zukan_enc_platinum.narc,133,585,,45136,45140,5452,5456,4,df3f619804a92fdb4057192dc43dd748ea778adc52bc498ce80524c014b81119,00000000,,,,,False,,,,,,,,,,False,False
/application/zukanlist/zkn_data/zukan_enc_platinum.narc,/application/zukanlist/zkn_data/zukan_enc_platinum.narc!/member_00586,0,/application/zukanlist/zkn_data/zukan_enc_platinum.narc,133,586,,45140,45148,5456,5464,8,23d7f42b1cdc1f0d492ebd756ed0fe8003995dda554d99418d47a81813650207,0600000000000000,,,,,False,,,,,,,,,,False,False
/application/zukanlist/zkn_data/zukan_enc_platinum.narc,/application/zukanlist/zkn_data/zukan_enc_platinum.narc!/member_00587,0,/application/zukanlist/zkn_data/zukan_enc_platinum.narc,133,587,,45148,45152,5464,5468,4,df3f619804a92fdb4057192dc43dd748ea778adc52bc498ce80524c014b81119,00000000,,,,,False,,,,,,,,,,False,False
/application/zukanlist/zkn_data/zukan_enc_platinum.narc,/application/zukanlist/zkn_data/zukan_enc_platinum.narc!/member_00588,0,/application/zukanlist/zkn_data/zukan_enc_platinum.narc,133,588,,45152,45156,5468,5472,4,df3f619804a92fdb4057192dc43dd748ea778adc52bc498ce80524c014b81119,00000000,,,,,False,,,,,,,,,,False,False
/application/zukanlist/zkn_data/zukan_enc_platinum.narc,/application/zukanlist/zkn_data/zukan_enc_platinum.narc!/member_00589,0,/application/zukanlist/zkn_data/zukan_enc_platinum.narc,133,589,,45156,45160,5472,5476,4,df3f619804a92fdb4057192dc43dd748ea778adc52bc498ce80524c014b81119,00000000,,,,,False,,,,,,,,,,False,False
/application/zukanlist/zkn_data/zukan_enc_platinum.narc,/application/zukanlist/zkn_data/zukan_enc_platinum.narc!/member_00590,0,/application/zukanlist/zkn_data/zukan_enc_platinum.narc,133,590,,45160,45164,5476,5480,4,df3f619804a92fdb4057192dc43dd748ea778adc52bc498ce80524c014b81119,00000000,,,,,False,,,,,,,,,,False,False
/application/zukanlist/zkn_data/zukan_enc_platinum.narc,/application/zukanlist/zkn_data/zukan_enc_platinum.narc!/member_00591,0,/application/zukanlist/zkn_data/zukan_enc_platinum.narc,133,591,,45164,45184,5480,5500,20,0a6b3ea1db93805c9d32c68c2f127910d9f0782119059b35d550cbe372df7765,020000000a0000001000000014000000,,,,,False,,,,,,,,,,False,False
/application/zukanlist/zkn_data/zukan_enc_platinum.narc,/application/zukanlist/zkn_data/zukan_enc_platinum.narc!/member_00592,0,/application/zukanlist/zkn_data/zukan_enc_platinum.narc,133,592,,45184,45192,5500,5508,8,a111f275cc2e7588000001d300a31e76336d15b9d314cd1a1d8f3d3556975eed,0a00000000000000,,,,,False,,,,,,,,,,False,False
/application/zukanlist/zkn_data/zukan_enc_platinum.narc,/application/zukanlist/zkn_data/zukan_enc_platinum.narc!/member_00593,0,/application/zukanlist/zkn_data/zukan_enc_platinum.narc,133,593,,45192,45196,5508,5512,4,df3f619804a92fdb4057192dc43dd748ea778adc52bc498ce80524c014b81119,00000000,,,,,False,,,,,,,,,,False,False
/application/zukanlist/zkn_data/zukan_enc_platinum.narc,/application/zukanlist/zkn_data/zukan_enc_platinum.narc!/member_00594,0,/application/zukanlist/zkn_data/zukan_enc_platinum.narc,133,594,,45196,45216,5512,5532,20,703b6536eae64d905c3210e43aae249b18e58c717e129ae954e8ee8c3814c19c,01000000060000000c0000000f000000,,,,,False,,,,,,,,,,False,False
/application/zukanlist/zkn_data/zukan_enc_platinum.narc,/application/zukanlist/zkn_data/zukan_enc_platinum.narc!/member_00595,0,/application/zukanlist/zkn_data/zukan_enc_platinum.narc,133,595,,45216,45220,5532,5536,4,df3f619804a92fdb4057192dc43dd748ea778adc52bc498ce80524c014b81119,00000000,,,,,False,,,,,,,,,,False,False
/application/zukanlist/zkn_data/zukan_enc_platinum.narc,/application/zukanlist/zkn_data/zukan_enc_platinum.narc!/member_00596,0,/application/zukanlist/zkn_data/zukan_enc_platinum.narc,133,596,,45220,45224,5536,5540,4,df3f619804a92fdb4057192dc43dd748ea778adc52bc498ce80524c014b81119,00000000,,,,,False,,,,,,,,,,False,False
/application/zukanlist/zkn_data/zukan_enc_platinum.narc,/application/zukanlist/zkn_data/zukan_enc_platinum.narc!/member_00597,0,/application/zukanlist/zkn_data/zukan_enc_platinum.narc,133,597,,45224,45228,5540,5544,4,df3f619804a92fdb4057192dc43dd748ea778adc52bc498ce80524c014b81119,00000000,,,,,False,,,,,,,,,,False,False
/application/zukanlist/zkn_data/zukan_enc_platinum.narc,/application/zukanlist/zkn_data/zukan_enc_platinum.narc!/member_00598,0,/application/zukanlist/zkn_data/zukan_enc_platinum.narc,133,598,,45228,45232,5544,5548,4,df3f619804a92fdb4057192dc43dd748ea778adc52bc498ce80524c014b81119,00000000,,,,,False,,,,,,,,,,False,False
/application/zukanlist/zkn_data/zukan_enc_platinum.narc,/application/zukanlist/zkn_data/zukan_enc_platinum.narc!/member_00599,0,/application/zukanlist/zkn_data/zukan_enc_platinum.narc,133,599,,45232,45236,5548,5552,4,df3f619804a92fdb4057192dc43dd748ea778adc52bc498ce80524c014b81119,00000000,,,,,False,,,,,,,,,,False,False
/application/zukanlist/zkn_data/zukan_enc_platinum.narc,/application/zukanlist/zkn_data/zukan_enc_platinum.narc!/member_00600,0,/application/zukanlist/zkn_data/zukan_enc_platinum.narc,133,600,,45236,45240,5552,5556,4,df3f619804a92fdb4057192dc43dd748ea778adc52bc498ce80524c014b81119,00000000,,,,,False,,,,,,,,,,False,False
/application/zukanlist/zkn_data/zukan_enc_platinum.narc,/application/zukanlist/zkn_data/zukan_enc_platinum.narc!/member_00601,0,/application/zukanlist/zkn_data/zukan_enc_platinum.narc,133,601,,45240,45244,5556,5560,4,df3f619804a92fdb4057192dc43dd748ea778adc52bc498ce80524c014b81119,00000000,,,,,False,,,,,,,,,,False,False
/application/zukanlist/zkn_data/zukan_enc_platinum.narc,/application/zukanlist/zkn_data/zukan_enc_platinum.narc!/member_00602,0,/application/zukanlist/zkn_data/zukan_enc_platinum.narc,133,602,,45244,45248,5560,5564,4,df3f619804a92fdb4057192dc43dd748ea778adc52bc498ce80524c014b81119,00000000,,,,,False,,,,,,,,,,False,False
/application/zukanlist/zkn_data/zukan_enc_platinum.narc,/application/zukanlist/zkn_data/zukan_enc_platinum.narc!/member_00603,0,/application/zukanlist/zkn_data/zukan_enc_platinum.narc,133,603,,45248,45252,5564,5568,4,df3f619804a92fdb4057192dc43dd748ea778adc52bc498ce80524c014b81119,00000000,,,,,False,,,,,,,,,,False,False
/application/zukanlist/zkn_data/zukan_enc_platinum.narc,/application/zukanlist/zkn_data/zukan_enc_platinum.narc!/member_00604,0,/application/zukanlist/zkn_data/zukan_enc_platinum.narc,133,604,,45252,45256,5568,5572,4,df3f619804a92fdb4057192dc43dd748ea778adc52bc498ce80524c014b81119,00000000,,,,,False,,,,,,,,,,False,False
/application/zukanlist/zkn_data/zukan_enc_platinum.narc,/application/zukanlist/zkn_data/zukan_enc_platinum.narc!/member_00605,0,/application/zukanlist/zkn_data/zukan_enc_platinum.narc,133,605,,45256,45260,5572,5576,4,df3f619804a92fdb4057192dc43dd748ea778adc52bc498ce80524c014b81119,00000000,,,,,False,,,,,,,,,,False,False
/application/zukanlist/zkn_data/zukan_enc_platinum.narc,/application/zukanlist/zkn_data/zukan_enc_platinum.narc!/member_00606,0,/application/zukanlist/zkn_data/zukan_enc_platinum.narc,133,606,,45260,45264,5576,5580,4,df3f619804a92fdb4057192dc43dd748ea778adc52bc498ce80524c014b81119,00000000,,,,,False,,,,,,,,,,False,False
/application/zukanlist/zkn_data/zukan_enc_platinum.narc,/application/zukanlist/zkn_data/zukan_enc_platinum.narc!/member_00607,0,/application/zukanlist/zkn_data/zukan_enc_platinum.narc,133,607,,45264,45268,5580,5584,4,df3f619804a92fdb4057192dc43dd748ea778adc52bc498ce80524c014b81119,00000000,,,,,False,,,,,,,,,,False,False
/application/zukanlist/zkn_data/zukan_enc_platinum.narc,/application/zukanlist/zkn_data/zukan_enc_platinum.narc!/member_00608,0,/application/zukanlist/zkn_data/zukan_enc_platinum.narc,133,608,,45268,45276,5584,5592,8,cbbd5f990c53684d7ae650b40fcb5656e02261b53da5f6a7d8c819c92f2828f8,0900000000000000,,,,,False,,,,,,,,,,False,False
/application/zukanlist/zkn_data/zukan_enc_platinum.narc,/application/zukanlist/zkn_data/zukan_enc_platinum.narc!/member_00609,0,/application/zukanlist/zkn_data/zukan_enc_platinum.narc,133,609,,45276,45284,5592,5600,8,cbbd5f990c53684d7ae650b40fcb5656e02261b53da5f6a7d8c819c92f2828f8,0900000000000000,,,,,False,,,,,,,,,,False,False
/application/zukanlist/zkn_data/zukan_enc_platinum.narc,/application/zukanlist/zkn_data/zukan_enc_platinum.narc!/member_00610,0,/application/zukanlist/zkn_data/zukan_enc_platinum.narc,133,610,,45284,45296,5600,5612,12,f8f2f448c81dac67b073d9695f8fd137b33e96905d395de023b67c0b8bbd516c,060000000900000000000000,,,,,False,,,,,,,,,,False,False
/application/zukanlist/zkn_data/zukan_enc_platinum.narc,/application/zukanlist/zkn_data/zukan_enc_platinum.narc!/member_00611,0,/application/zukanlist/zkn_data/zukan_enc_platinum.narc,133,611,,45296,45308,5612,5624,12,f8f2f448c81dac67b073d9695f8fd137b33e96905d395de023b67c0b8bbd516c,060000000900000000000000,,,,,False,,,,,,,,,,False,False
/application/zukanlist/zkn_data/zukan_enc_platinum.narc,/application/zukanlist/zkn_data/zukan_enc_platinum.narc!/member_00612,0,/application/zukanlist/zkn_data/zukan_enc_platinum.narc,133,612,,45308,45312,5624,5628,4,df3f619804a92fdb4057192dc43dd748ea778adc52bc498ce80524c014b81119,00000000,,,,,False,,,,,,,,,,False,False
/application/zukanlist/zkn_data/zukan_enc_platinum.narc,/application/zukanlist/zkn_data/zukan_enc_platinum.narc!/member_00613,0,/application/zukanlist/zkn_data/zukan_enc_platinum.narc,133,613,,45312,45320,5628,5636,8,f0a0278e4372459cca6159cd5e71cfee638302a7b9ca9b05c34181ac0a65ac5d,0400000000000000,,,,,False,,,,,,,,,,False,False
/application/zukanlist/zkn_data/zukan_enc_platinum.narc,/application/zukanlist/zkn_data/zukan_enc_platinum.narc!/member_00614,0,/application/zukanlist/zkn_data/zukan_enc_platinum.narc,133,614,,45320,45324,5636,5640,4,df3f619804a92fdb4057192dc43dd748ea778adc52bc498ce80524c014b81119,00000000,,,,,False,,,,,,,,,,False,False
/application/zukanlist/zkn_data/zukan_enc_platinum.narc,/application/zukanlist/zkn_data/zukan_enc_platinum.narc!/member_00615,0,/application/zukanlist/zkn_data/zukan_enc_platinum.narc,133,615,,45324,45328,5640,5644,4,df3f619804a92fdb4057192dc43dd748ea778adc52bc498ce80524c014b81119,00000000,,,,,False,,,,,,,,,,False,False
/application/zukanlist/zkn_data/zukan_enc_platinum.narc,/application/zukanlist/zkn_data/zukan_enc_platinum.narc!/member_00616,0,/application/zukanlist/zkn_data/zukan_enc_platinum.narc,133,616,,45328,45332,5644,5648,4,df3f619804a92fdb4057192dc43dd748ea778adc52bc498ce80524c014b81119,00000000,,,,,False,,,,,,,,,,False,False
/application/zukanlist/zkn_data/zukan_enc_platinum.narc,/application/zukanlist/zkn_data/zukan_enc_platinum.narc!/member_00617,0,/application/zukanlist/zkn_data/zukan_enc_platinum.narc,133,617,,45332,45352,5648,5668,20,458fdbdb6c9234e05d2f35f791716e115f8bb2dee560f026e5ddd95c2877252b,0a000000110000001200000013000000,,,,,False,,,,,,,,,,False,False
/application/zukanlist/zkn_data/zukan_enc_platinum.narc,/application/zukanlist/zkn_data/zukan_enc_platinum.narc!/member_00618,0,/application/zukanlist/zkn_data/zukan_enc_platinum.narc,133,618,,45352,45372,5668,5688,20,458fdbdb6c9234e05d2f35f791716e115f8bb2dee560f026e5ddd95c2877252b,0a000000110000001200000013000000,,,,,False,,,,,,,,,,False,False
/application/zukanlist/zkn_data/zukan_enc_platinum.narc,/application/zukanlist/zkn_data/zukan_enc_platinum.narc!/member_00619,0,/application/zukanlist/zkn_data/zukan_enc_platinum.narc,133,619,,45372,45376,5688,5692,4,df3f619804a92fdb4057192dc43dd748ea778adc52bc498ce80524c014b81119,00000000,,,,,False,,,,,,,,,,False,False
/application/zukanlist/zkn_data/zukan_enc_platinum.narc,/application/zukanlist/zkn_data/zukan_enc_platinum.narc!/member_00620,0,/application/zukanlist/zkn_data/zukan_enc_platinum.narc,133,620,,45376,45380,5692,5696,4,df3f619804a92fdb4057192dc43dd748ea778adc52bc498ce80524c014b81119,00000000,,,,,False,,,,,,,,,,False,False
/application/zukanlist/zkn_data/zukan_enc_platinum.narc,/application/zukanlist/zkn_data/zukan_enc_platinum.narc!/member_00621,0,/application/zukanlist/zkn_data/zukan_enc_platinum.narc,133,621,,45380,45384,5696,5700,4,df3f619804a92fdb4057192dc43dd748ea778adc52bc498ce80524c014b81119,00000000,,,,,False,,,,,,,,,,False,False
/application/zukanlist/zkn_data/zukan_enc_platinum.narc,/application/zukanlist/zkn_data/zukan_enc_platinum.narc!/member_00622,0,/application/zukanlist/zkn_data/zukan_enc_platinum.narc,133,622,,45384,45388,5700,5704,4,df3f619804a92fdb4057192dc43dd748ea778adc52bc498ce80524c014b81119,00000000,,,,,False,,,,,,,,,,False,False
/application/zukanlist/zkn_data/zukan_enc_platinum.narc,/application/zukanlist/zkn_data/zukan_enc_platinum.narc!/member_00623,0,/application/zukanlist/zkn_data/zukan_enc_platinum.narc,133,623,,45388,45396,5704,5712,8,5fd1b79ebdef9619a57916a3bfc264b54d37a792659b3693f8ab36ec3ebce448,0b00000000000000,,,,,False,,,,,,,,,,False,False
/application/zukanlist/zkn_data/zukan_enc_platinum.narc,/application/zukanlist/zkn_data/zukan_enc_platinum.narc!/member_00624,0,/application/zukanlist/zkn_data/zukan_enc_platinum.narc,133,624,,45396,45400,5712,5716,4,df3f619804a92fdb4057192dc43dd748ea778adc52bc498ce80524c014b81119,00000000,,,,,False,,,,,,,,,,False,False
/application/zukanlist/zkn_data/zukan_enc_platinum.narc,/application/zukanlist/zkn_data/zukan_enc_platinum.narc!/member_00625,0,/application/zukanlist/zkn_data/zukan_enc_platinum.narc,133,625,,45400,45404,5716,5720,4,df3f619804a92fdb4057192dc43dd748ea778adc52bc498ce80524c014b81119,00000000,,,,,False,,,,,,,,,,False,False
/application/zukanlist/zkn_data/zukan_enc_platinum.narc,/application/zukanlist/zkn_data/zukan_enc_platinum.narc!/member_00626,0,/application/zukanlist/zkn_data/zukan_enc_platinum.narc,133,626,,45404,45408,5720,5724,4,df3f619804a92fdb4057192dc43dd748ea778adc52bc498ce80524c014b81119,00000000,,,,,False,,,,,,,,,,False,False
/application/zukanlist/zkn_data/zukan_enc_platinum.narc,/application/zukanlist/zkn_data/zukan_enc_platinum.narc!/member_00627,0,/application/zukanlist/zkn_data/zukan_enc_platinum.narc,133,627,,45408,45412,5724,5728,4,df3f619804a92fdb4057192dc43dd748ea778adc52bc498ce80524c014b81119,00000000,,,,,False,,,,,,,,,,False,False
/application/zukanlist/zkn_data/zukan_enc_platinum.narc,/application/zukanlist/zkn_data/zukan_enc_platinum.narc!/member_00628,0,/application/zukanlist/zkn_data/zukan_enc_platinum.narc,133,628,,45412,45452,5728,5768,40,20138fed062a3ea8dfee932a35670b71b93803020accca149269ca0786214f54,03000000040000000600000007000000,,,,,False,,,,,,,,,,False,False
/application/zukanlist/zkn_data/zukan_enc_platinum.narc,/application/zukanlist/zkn_data/zukan_enc_platinum.narc!/member_00629,0,/application/zukanlist/zkn_data/zukan_enc_platinum.narc,133,629,,45452,45492,5768,5808,40,20138fed062a3ea8dfee932a35670b71b93803020accca149269ca0786214f54,03000000040000000600000007000000,,,,,False,,,,,,,,,,False,False
/application/zukanlist/zkn_data/zukan_enc_platinum.narc,/application/zukanlist/zkn_data/zukan_enc_platinum.narc!/member_00630,0,/application/zukanlist/zkn_data/zukan_enc_platinum.narc,133,630,,45492,45500,5808,5816,8,23d7f42b1cdc1f0d492ebd756ed0fe8003995dda554d99418d47a81813650207,0600000000000000,,,,,False,,,,,,,,,,False,False
/application/zukanlist/zkn_data/zukan_enc_platinum.narc,/application/zukanlist/zkn_data/zukan_enc_platinum.narc!/member_00631,0,/application/zukanlist/zkn_data/zukan_enc_platinum.narc,133,631,,45500,45504,5816,5820,4,df3f619804a92fdb4057192dc43dd748ea778adc52bc498ce80524c014b81119,00000000,,,,,False,,,,,,,,,,False,False
/application/zukanlist/zkn_data/zukan_enc_platinum.narc,/application/zukanlist/zkn_data/zukan_enc_platinum.narc!/member_00632,0,/application/zukanlist/zkn_data/zukan_enc_platinum.narc,133,632,,45504,45508,5820,5824,4,df3f619804a92fdb4057192dc43dd748ea778adc52bc498ce80524c014b81119,00000000,,,,,False,,,,,,,,,,False,False
/application/zukanlist/zkn_data/zukan_enc_platinum.narc,/application/zukanlist/zkn_data/zukan_enc_platinum.narc!/member_00633,0,/application/zukanlist/zkn_data/zukan_enc_platinum.narc,133,633,,45508,45512,5824,5828,4,df3f619804a92fdb4057192dc43dd748ea778adc52bc498ce80524c014b81119,00000000,,,,,False,,,,,,,,,,False,False
/application/zukanlist/zkn_data/zukan_enc_platinum.narc,/application/zukanlist/zkn_data/zukan_enc_platinum.narc!/member_00634,0,/application/zukanlist/zkn_data/zukan_enc_platinum.narc,133,634,,45512,45516,5828,5832,4,df3f619804a92fdb4057192dc43dd748ea778adc52bc498ce80524c014b81119,00000000,,,,,False,,,,,,,,,,False,False
/application/zukanlist/zkn_data/zukan_enc_platinum.narc,/application/zukanlist/zkn_data/zukan_enc_platinum.narc!/member_00635,0,/application/zukanlist/zkn_data/zukan_enc_platinum.narc,133,635,,45516,45520,5832,5836,4,df3f619804a92fdb4057192dc43dd748ea778adc52bc498ce80524c014b81119,00000000,,,,,False,,,,,,,,,,False,False
/application/zukanlist/zkn_data/zukan_enc_platinum.narc,/application/zukanlist/zkn_data/zukan_enc_platinum.narc!/member_00636,0,/application/zukanlist/zkn_data/zukan_enc_platinum.narc,133,636,,45520,45524,5836,5840,4,df3f619804a92fdb4057192dc43dd748ea778adc52bc498ce80524c014b81119,00000000,,,,,False,,,,,,,,,,False,False
/application/zukanlist/zkn_data/zukan_enc_platinum.narc,/application/zukanlist/zkn_data/zukan_enc_platinum.narc!/member_00637,0,/application/zukanlist/zkn_data/zukan_enc_platinum.narc,133,637,,45524,45528,5840,5844,4,df3f619804a92fdb4057192dc43dd748ea778adc52bc498ce80524c014b81119,00000000,,,,,False,,,,,,,,,,False,False
/application/zukanlist/zkn_data/zukan_enc_platinum.narc,/application/zukanlist/zkn_data/zukan_enc_platinum.narc!/member_00638,0,/application/zukanlist/zkn_data/zukan_enc_platinum.narc,133,638,,45528,45532,5844,5848,4,df3f619804a92fdb4057192dc43dd748ea778adc52bc498ce80524c014b81119,00000000,,,,,False,,,,,,,,,,False,False
/application/zukanlist/zkn_data/zukan_enc_platinum.narc,/application/zukanlist/zkn_data/zukan_enc_platinum.narc!/member_00639,0,/application/zukanlist/zkn_data/zukan_enc_platinum.narc,133,639,,45532,45536,5848,5852,4,df3f619804a92fdb4057192dc43dd748ea778adc52bc498ce80524c014b81119,00000000,,,,,False,,,,,,,,,,False,False
/application/zukanlist/zkn_data/zukan_enc_platinum.narc,/application/zukanlist/zkn_data/zukan_enc_platinum.narc!/member_00640,0,/application/zukanlist/zkn_data/zukan_enc_platinum.narc,133,640,,45536,45540,5852,5856,4,df3f619804a92fdb4057192dc43dd748ea778adc52bc498ce80524c014b81119,00000000,,,,,False,,,,,,,,,,False,False
/application/zukanlist/zkn_data/zukan_enc_platinum.narc,/application/zukanlist/zkn_data/zukan_enc_platinum.narc!/member_00641,0,/application/zukanlist/zkn_data/zukan_enc_platinum.narc,133,641,,45540,45544,5856,5860,4,df3f619804a92fdb4057192dc43dd748ea778adc52bc498ce80524c014b81119,00000000,,,,,False,,,,,,,,,,False,False
/application/zukanlist/zkn_data/zukan_enc_platinum.narc,/application/zukanlist/zkn_data/zukan_enc_platinum.narc!/member_00642,0,/application/zukanlist/zkn_data/zukan_enc_platinum.narc,133,642,,45544,45548,5860,5864,4,df3f619804a92fdb4057192dc43dd748ea778adc52bc498ce80524c014b81119,00000000,,,,,False,,,,,,,,,,False,False
/application/zukanlist/zkn_data/zukan_enc_platinum.narc,/application/zukanlist/zkn_data/zukan_enc_platinum.narc!/member_00643,0,/application/zukanlist/zkn_data/zukan_enc_platinum.narc,133,643,,45548,45552,5864,5868,4,df3f619804a92fdb4057192dc43dd748ea778adc52bc498ce80524c014b81119,00000000,,,,,False,,,,,,,,,,False,False
/application/zukanlist/zkn_data/zukan_enc_platinum.narc,/application/zukanlist/zkn_data/zukan_enc_platinum.narc!/member_00644,0,/application/zukanlist/zkn_data/zukan_enc_platinum.narc,133,644,,45552,45556,5868,5872,4,df3f619804a92fdb4057192dc43dd748ea778adc52bc498ce80524c014b81119,00000000,,,,,False,,,,,,,,,,False,False
/application/zukanlist/zkn_data/zukan_enc_platinum.narc,/application/zukanlist/zkn_data/zukan_enc_platinum.narc!/member_00645,0,/application/zukanlist/zkn_data/zukan_enc_platinum.narc,133,645,,45556,45560,5872,5876,4,df3f619804a92fdb4057192dc43dd748ea778adc52bc498ce80524c014b81119,00000000,,,,,False,,,,,,,,,,False,False
/application/zukanlist/zkn_data/zukan_enc_platinum.narc,/application/zukanlist/zkn_data/zukan_enc_platinum.narc!/member_00646,0,/application/zukanlist/zkn_data/zukan_enc_platinum.narc,133,646,,45560,45568,5876,5884,8,35be322d094f9d154a8aba4733b8497f180353bd7ae7b0a15f90b586b549f28b,0300000000000000,,,,,False,,,,,,,,,,False,False
/application/zukanlist/zkn_data/zukan_enc_platinum.narc,/application/zukanlist/zkn_data/zukan_enc_platinum.narc!/member_00647,0,/application/zukanlist/zkn_data/zukan_enc_platinum.narc,133,647,,45568,45576,5884,5892,8,35be322d094f9d154a8aba4733b8497f180353bd7ae7b0a15f90b586b549f28b,0300000000000000,,,,,False,,,,,,,,,,False,False
/application/zukanlist/zkn_data/zukan_enc_platinum.narc,/application/zukanlist/zkn_data/zukan_enc_platinum.narc!/member_00648,0,/application/zukanlist/zkn_data/zukan_enc_platinum.narc,133,648,,45576,45580,5892,5896,4,df3f619804a92fdb4057192dc43dd748ea778adc52bc498ce80524c014b81119,00000000,,,,,False,,,,,,,,,,False,False
/application/zukanlist/zkn_data/zukan_enc_platinum.narc,/application/zukanlist/zkn_data/zukan_enc_platinum.narc!/member_00649,0,/application/zukanlist/zkn_data/zukan_enc_platinum.narc,133,649,,45580,45584,5896,5900,4,df3f619804a92fdb4057192dc43dd748ea778adc52bc498ce80524c014b81119,00000000,,,,,False,,,,,,,,,,False,False
/application/zukanlist/zkn_data/zukan_enc_platinum.narc,/application/zukanlist/zkn_data/zukan_enc_platinum.narc!/member_00650,0,/application/zukanlist/zkn_data/zukan_enc_platinum.narc,133,650,,45584,45588,5900,5904,4,df3f619804a92fdb4057192dc43dd748ea778adc52bc498ce80524c014b81119,00000000,,,,,False,,,,,,,,,,False,False
/application/zukanlist/zkn_data/zukan_enc_platinum.narc,/application/zukanlist/zkn_data/zukan_enc_platinum.narc!/member_00651,0,/application/zukanlist/zkn_data/zukan_enc_platinum.narc,133,651,,45588,45592,5904,5908,4,df3f619804a92fdb4057192dc43dd748ea778adc52bc498ce80524c014b81119,00000000,,,,,False,,,,,,,,,,False,False
/application/zukanlist/zkn_data/zukan_enc_platinum.narc,/application/zukanlist/zkn_data/zukan_enc_platinum.narc!/member_00652,0,/application/zukanlist/zkn_data/zukan_enc_platinum.narc,133,652,,45592,45596,5908,5912,4,df3f619804a92fdb4057192dc43dd748ea778adc52bc498ce80524c014b81119,00000000,,,,,False,,,,,,,,,,False,False
/application/zukanlist/zkn_data/zukan_enc_platinum.narc,/application/zukanlist/zkn_data/zukan_enc_platinum.narc!/member_00653,0,/application/zukanlist/zkn_data/zukan_enc_platinum.narc,133,653,,45596,45600,5912,5916,4,df3f619804a92fdb4057192dc43dd748ea778adc52bc498ce80524c014b81119,00000000,,,,,False,,,,,,,,,,False,False
/application/zukanlist/zkn_data/zukan_enc_platinum.narc,/application/zukanlist/zkn_data/zukan_enc_platinum.narc!/member_00654,0,/application/zukanlist/zkn_data/zukan_enc_platinum.narc,133,654,,45600,45604,5916,5920,4,df3f619804a92fdb4057192dc43dd748ea778adc52bc498ce80524c014b81119,00000000,,,,,False,,,,,,,,,,False,False
/application/zukanlist/zkn_data/zukan_enc_platinum.narc,/application/zukanlist/zkn_data/zukan_enc_platinum.narc!/member_00655,0,/application/zukanlist/zkn_data/zukan_enc_platinum.narc,133,655,,45604,45608,5920,5924,4,df3f619804a92fdb4057192dc43dd748ea778adc52bc498ce80524c014b81119,00000000,,,,,False,,,,,,,,,,False,False
/application/zukanlist/zkn_data/zukan_enc_platinum.narc,/application/zukanlist/zkn_data/zukan_enc_platinum.narc!/member_00656,0,/application/zukanlist/zkn_data/zukan_enc_platinum.narc,133,656,,45608,45612,5924,5928,4,df3f619804a92fdb4057192dc43dd748ea778adc52bc498ce80524c014b81119,00000000,,,,,False,,,,,,,,,,False,False
/application/zukanlist/zkn_data/zukan_enc_platinum.narc,/application/zukanlist/zkn_data/zukan_enc_platinum.narc!/member_00657,0,/application/zukanlist/zkn_data/zukan_enc_platinum.narc,133,657,,45612,45616,5928,5932,4,df3f619804a92fdb4057192dc43dd748ea778adc52bc498ce80524c014b81119,00000000,,,,,False,,,,,,,,,,False,False
/application/zukanlist/zkn_data/zukan_enc_platinum.narc,/application/zukanlist/zkn_data/zukan_enc_platinum.narc!/member_00658,0,/application/zukanlist/zkn_data/zukan_enc_platinum.narc,133,658,,45616,45620,5932,5936,4,df3f619804a92fdb4057192dc43dd748ea778adc52bc498ce80524c014b81119,00000000,,,,,False,,,,,,,,,,False,False
/application/zukanlist/zkn_data/zukan_enc_platinum.narc,/application/zukanlist/zkn_data/zukan_enc_platinum.narc!/member_00659,0,/application/zukanlist/zkn_data/zukan_enc_platinum.narc,133,659,,45620,45624,5936,5940,4,df3f619804a92fdb4057192dc43dd748ea778adc52bc498ce80524c014b81119,00000000,,,,,False,,,,,,,,,,False,False
/application/zukanlist/zkn_data/zukan_enc_platinum.narc,/application/zukanlist/zkn_data/zukan_enc_platinum.narc!/member_00660,0,/application/zukanlist/zkn_data/zukan_enc_platinum.narc,133,660,,45624,45628,5940,5944,4,df3f619804a92fdb4057192dc43dd748ea778adc52bc498ce80524c014b81119,00000000,,,,,False,,,,,,,,,,False,False
/application/zukanlist/zkn_data/zukan_enc_platinum.narc,/application/zukanlist/zkn_data/zukan_enc_platinum.narc!/member_00661,0,/application/zukanlist/zkn_data/zukan_enc_platinum.narc,133,661,,45628,45632,5944,5948,4,df3f619804a92fdb4057192dc43dd748ea778adc52bc498ce80524c014b81119,00000000,,,,,False,,,,,,,,,,False,False
/application/zukanlist/zkn_data/zukan_enc_platinum.narc,/application/zukanlist/zkn_data/zukan_enc_platinum.narc!/member_00662,0,/application/zukanlist/zkn_data/zukan_enc_platinum.narc,133,662,,45632,45636,5948,5952,4,df3f619804a92fdb4057192dc43dd748ea778adc52bc498ce80524c014b81119,00000000,,,,,False,,,,,,,,,,False,False
/application/zukanlist/zkn_data/zukan_enc_platinum.narc,/application/zukanlist/zkn_data/zukan_enc_platinum.narc!/member_00663,0,/application/zukanlist/zkn_data/zukan_enc_platinum.narc,133,663,,45636,45640,5952,5956,4,df3f619804a92fdb4057192dc43dd748ea778adc52bc498ce80524c014b81119,00000000,,,,,False,,,,,,,,,,False,False
/application/zukanlist/zkn_data/zukan_enc_platinum.narc,/application/zukanlist/zkn_data/zukan_enc_platinum.narc!/member_00664,0,/application/zukanlist/zkn_data/zukan_enc_platinum.narc,133,664,,45640,45644,5956,5960,4,df3f619804a92fdb4057192dc43dd748ea778adc52bc498ce80524c014b81119,00000000,,,,,False,,,,,,,,,,False,False
/application/zukanlist/zkn_data/zukan_enc_platinum.narc,/application/zukanlist/zkn_data/zukan_enc_platinum.narc!/member_00665,0,/application/zukanlist/zkn_data/zukan_enc_platinum.narc,133,665,,45644,45648,5960,5964,4,df3f619804a92fdb4057192dc43dd748ea778adc52bc498ce80524c014b81119,00000000,,,,,False,,,,,,,,,,False,False
/application/zukanlist/zkn_data/zukan_enc_platinum.narc,/application/zukanlist/zkn_data/zukan_enc_platinum.narc!/member_00666,0,/application/zukanlist/zkn_data/zukan_enc_platinum.narc,133,666,,45648,45652,5964,5968,4,df3f619804a92fdb4057192dc43dd748ea778adc52bc498ce80524c014b81119,00000000,,,,,False,,,,,,,,,,False,False
/application/zukanlist/zkn_data/zukan_enc_platinum.narc,/application/zukanlist/zkn_data/zukan_enc_platinum.narc!/member_00667,0,/application/zukanlist/zkn_data/zukan_enc_platinum.narc,133,667,,45652,45656,5968,5972,4,df3f619804a92fdb4057192dc43dd748ea778adc52bc498ce80524c014b81119,00000000,,,,,False,,,,,,,,,,False,False
/application/zukanlist/zkn_data/zukan_enc_platinum.narc,/application/zukanlist/zkn_data/zukan_enc_platinum.narc!/member_00668,0,/application/zukanlist/zkn_data/zukan_enc_platinum.narc,133,668,,45656,45660,5972,5976,4,df3f619804a92fdb4057192dc43dd748ea778adc52bc498ce80524c014b81119,00000000,,,,,False,,,,,,,,,,False,False
/application/zukanlist/zkn_data/zukan_enc_platinum.narc,/application/zukanlist/zkn_data/zukan_enc_platinum.narc!/member_00669,0,/application/zukanlist/zkn_data/zukan_enc_platinum.narc,133,669,,45660,45664,5976,5980,4,df3f619804a92fdb4057192dc43dd748ea778adc52bc498ce80524c014b81119,00000000,,,,,False,,,,,,,,,,False,False
/application/zukanlist/zkn_data/zukan_enc_platinum.narc,/application/zukanlist/zkn_data/zukan_enc_platinum.narc!/member_00670,0,/application/zukanlist/zkn_data/zukan_enc_platinum.narc,133,670,,45664,45668,5980,5984,4,df3f619804a92fdb4057192dc43dd748ea778adc52bc498ce80524c014b81119,00000000,,,,,False,,,,,,,,,,False,False
/application/zukanlist/zkn_data/zukan_enc_platinum.narc,/application/zukanlist/zkn_data/zukan_enc_platinum.narc!/member_00671,0,/application/zukanlist/zkn_data/zukan_enc_platinum.narc,133,671,,45668,45676,5984,5992,8,18d8d609947c6b82b9607704ae40d3317038e709238514de750b5c7411ba4c20,0e00000000000000,,,,,False,,,,,,,,,,False,False
/application/zukanlist/zkn_data/zukan_enc_platinum.narc,/application/zukanlist/zkn_data/zukan_enc_platinum.narc!/member_00672,0,/application/zukanlist/zkn_data/zukan_enc_platinum.narc,133,672,,45676,45680,5992,5996,4,df3f619804a92fdb4057192dc43dd748ea778adc52bc498ce80524c014b81119,00000000,,,,,False,,,,,,,,,,False,False
/application/zukanlist/zkn_data/zukan_enc_platinum.narc,/application/zukanlist/zkn_data/zukan_enc_platinum.narc!/member_00673,0,/application/zukanlist/zkn_data/zukan_enc_platinum.narc,133,673,,45680,45684,5996,6000,4,df3f619804a92fdb4057192dc43dd748ea778adc52bc498ce80524c014b81119,00000000,,,,,False,,,,,,,,,,False,False
/application/zukanlist/zkn_data/zukan_enc_platinum.narc,/application/zukanlist/zkn_data/zukan_enc_platinum.narc!/member_00674,0,/application/zukanlist/zkn_data/zukan_enc_platinum.narc,133,674,,45684,45688,6000,6004,4,df3f619804a92fdb4057192dc43dd748ea778adc52bc498ce80524c014b81119,00000000,,,,,False,,,,,,,,,,False,False
/application/zukanlist/zkn_data/zukan_enc_platinum.narc,/application/zukanlist/zkn_data/zukan_enc_platinum.narc!/member_00675,0,/application/zukanlist/zkn_data/zukan_enc_platinum.narc,133,675,,45688,45692,6004,6008,4,df3f619804a92fdb4057192dc43dd748ea778adc52bc498ce80524c014b81119,00000000,,,,,False,,,,,,,,,,False,False
/application/zukanlist/zkn_data/zukan_enc_platinum.narc,/application/zukanlist/zkn_data/zukan_enc_platinum.narc!/member_00676,0,/application/zukanlist/zkn_data/zukan_enc_platinum.narc,133,676,,45692,45696,6008,6012,4,df3f619804a92fdb4057192dc43dd748ea778adc52bc498ce80524c014b81119,00000000,,,,,False,,,,,,,,,,False,False
/application/zukanlist/zkn_data/zukan_enc_platinum.narc,/application/zukanlist/zkn_data/zukan_enc_platinum.narc!/member_00677,0,/application/zukanlist/zkn_data/zukan_enc_platinum.narc,133,677,,45696,45700,6012,6016,4,df3f619804a92fdb4057192dc43dd748ea778adc52bc498ce80524c014b81119,00000000,,,,,False,,,,,,,,,,False,False
/application/zukanlist/zkn_data/zukan_enc_platinum.narc,/application/zukanlist/zkn_data/zukan_enc_platinum.narc!/member_00678,0,/application/zukanlist/zkn_data/zukan_enc_platinum.narc,133,678,,45700,45704,6016,6020,4,df3f619804a92fdb4057192dc43dd748ea778adc52bc498ce80524c014b81119,00000000,,,,,False,,,,,,,,,,False,False
/application/zukanlist/zkn_data/zukan_enc_platinum.narc,/application/zukanlist/zkn_data/zukan_enc_platinum.narc!/member_00679,0,/application/zukanlist/zkn_data/zukan_enc_platinum.narc,133,679,,45704,45708,6020,6024,4,df3f619804a92fdb4057192dc43dd748ea778adc52bc498ce80524c014b81119,00000000,,,,,False,,,,,,,,,,False,False
/application/zukanlist/zkn_data/zukan_enc_platinum.narc,/application/zukanlist/zkn_data/zukan_enc_platinum.narc!/member_00680,0,/application/zukanlist/zkn_data/zukan_enc_platinum.narc,133,680,,45708,45712,6024,6028,4,df3f619804a92fdb4057192dc43dd748ea778adc52bc498ce80524c014b81119,00000000,,,,,False,,,,,,,,,,False,False
/application/zukanlist/zkn_data/zukan_enc_platinum.narc,/application/zukanlist/zkn_data/zukan_enc_platinum.narc!/member_00681,0,/application/zukanlist/zkn_data/zukan_enc_platinum.narc,133,681,,45712,45716,6028,6032,4,df3f619804a92fdb4057192dc43dd748ea778adc52bc498ce80524c014b81119,00000000,,,,,False,,,,,,,,,,False,False
/application/zukanlist/zkn_data/zukan_enc_platinum.narc,/application/zukanlist/zkn_data/zukan_enc_platinum.narc!/member_00682,0,/application/zukanlist/zkn_data/zukan_enc_platinum.narc,133,682,,45716,45720,6032,6036,4,df3f619804a92fdb4057192dc43dd748ea778adc52bc498ce80524c014b81119,00000000,,,,,False,,,,,,,,,,False,False
/application/zukanlist/zkn_data/zukan_enc_platinum.narc,/application/zukanlist/zkn_data/zukan_enc_platinum.narc!/member_00683,0,/application/zukanlist/zkn_data/zukan_enc_platinum.narc,133,683,,45720,45728,6036,6044,8,23d7f42b1cdc1f0d492ebd756ed0fe8003995dda554d99418d47a81813650207,0600000000000000,,,,,False,,,,,,,,,,False,False
/application/zukanlist/zkn_data/zukan_enc_platinum.narc,/application/zukanlist/zkn_data/zukan_enc_platinum.narc!/member_00684,0,/application/zukanlist/zkn_data/zukan_enc_platinum.narc,133,684,,45728,45732,6044,6048,4,df3f619804a92fdb4057192dc43dd748ea778adc52bc498ce80524c014b81119,00000000,,,,,False,,,,,,,,,,False,False
/application/zukanlist/zkn_data/zukan_enc_platinum.narc,/application/zukanlist/zkn_data/zukan_enc_platinum.narc!/member_00685,0,/application/zukanlist/zkn_data/zukan_enc_platinum.narc,133,685,,45732,45736,6048,6052,4,df3f619804a92fdb4057192dc43dd748ea778adc52bc498ce80524c014b81119,00000000,,,,,False,,,,,,,,,,False,False
/application/zukanlist/zkn_data/zukan_enc_platinum.narc,/application/zukanlist/zkn_data/zukan_enc_platinum.narc!/member_00686,0,/application/zukanlist/zkn_data/zukan_enc_platinum.narc,133,686,,45736,45740,6052,6056,4,df3f619804a92fdb4057192dc43dd748ea778adc52bc498ce80524c014b81119,00000000,,,,,False,,,,,,,,,,False,False
/application/zukanlist/zkn_data/zukan_enc_platinum.narc,/application/zukanlist/zkn_data/zukan_enc_platinum.narc!/member_00687,0,/application/zukanlist/zkn_data/zukan_enc_platinum.narc,133,687,,45740,45744,6056,6060,4,df3f619804a92fdb4057192dc43dd748ea778adc52bc498ce80524c014b81119,00000000,,,,,False,,,,,,,,,,False,False
/application/zukanlist/zkn_data/zukan_enc_platinum.narc,/application/zukanlist/zkn_data/zukan_enc_platinum.narc!/member_00688,0,/application/zukanlist/zkn_data/zukan_enc_platinum.narc,133,688,,45744,45748,6060,6064,4,df3f619804a92fdb4057192dc43dd748ea778adc52bc498ce80524c014b81119,00000000,,,,,False,,,,,,,,,,False,False
/application/zukanlist/zkn_data/zukan_enc_platinum.narc,/application/zukanlist/zkn_data/zukan_enc_platinum.narc!/member_00689,0,/application/zukanlist/zkn_data/zukan_enc_platinum.narc,133,689,,45748,45752,6064,6068,4,df3f619804a92fdb4057192dc43dd748ea778adc52bc498ce80524c014b81119,00000000,,,,,False,,,,,,,,,,False,False
/application/zukanlist/zkn_data/zukan_enc_platinum.narc,/application/zukanlist/zkn_data/zukan_enc_platinum.narc!/member_00690,0,/application/zukanlist/zkn_data/zukan_enc_platinum.narc,133,690,,45752,45756,6068,6072,4,df3f619804a92fdb4057192dc43dd748ea778adc52bc498ce80524c014b81119,00000000,,,,,False,,,,,,,,,,False,False
/application/zukanlist/zkn_data/zukan_enc_platinum.narc,/application/zukanlist/zkn_data/zukan_enc_platinum.narc!/member_00691,0,/application/zukanlist/zkn_data/zukan_enc_platinum.narc,133,691,,45756,45760,6072,6076,4,df3f619804a92fdb4057192dc43dd748ea778adc52bc498ce80524c014b81119,00000000,,,,,False,,,,,,,,,,False,False
/application/zukanlist/zkn_data/zukan_enc_platinum.narc,/application/zukanlist/zkn_data/zukan_enc_platinum.narc!/member_00692,0,/application/zukanlist/zkn_data/zukan_enc_platinum.narc,133,692,,45760,45768,6076,6084,8,f0a0278e4372459cca6159cd5e71cfee638302a7b9ca9b05c34181ac0a65ac5d,0400000000000000,,,,,False,,,,,,,,,,False,False
/application/zukanlist/zkn_data/zukan_enc_platinum.narc,/application/zukanlist/zkn_data/zukan_enc_platinum.narc!/member_00693,0,/application/zukanlist/zkn_data/zukan_enc_platinum.narc,133,693,,45768,45776,6084,6092,8,f0a0278e4372459cca6159cd5e71cfee638302a7b9ca9b05c34181ac0a65ac5d,0400000000000000,,,,,False,,,,,,,,,,False,False
/application/zukanlist/zkn_data/zukan_enc_platinum.narc,/application/zukanlist/zkn_data/zukan_enc_platinum.narc!/member_00694,0,/application/zukanlist/zkn_data/zukan_enc_platinum.narc,133,694,,45776,45784,6092,6100,8,f0a0278e4372459cca6159cd5e71cfee638302a7b9ca9b05c34181ac0a65ac5d,0400000000000000,,,,,False,,,,,,,,,,False,False
/application/zukanlist/zkn_data/zukan_enc_platinum.narc,/application/zukanlist/zkn_data/zukan_enc_platinum.narc!/member_00695,0,/application/zukanlist/zkn_data/zukan_enc_platinum.narc,133,695,,45784,45788,6100,6104,4,df3f619804a92fdb4057192dc43dd748ea778adc52bc498ce80524c014b81119,00000000,,,,,False,,,,,,,,,,False,False
/application/zukanlist/zkn_data/zukan_enc_platinum.narc,/application/zukanlist/zkn_data/zukan_enc_platinum.narc!/member_00696,0,/application/zukanlist/zkn_data/zukan_enc_platinum.narc,133,696,,45788,45792,6104,6108,4,df3f619804a92fdb4057192dc43dd748ea778adc52bc498ce80524c014b81119,00000000,,,,,False,,,,,,,,,,False,False
/application/zukanlist/zkn_data/zukan_enc_platinum.narc,/application/zukanlist/zkn_data/zukan_enc_platinum.narc!/member_00697,0,/application/zukanlist/zkn_data/zukan_enc_platinum.narc,133,697,,45792,45796,6108,6112,4,df3f619804a92fdb4057192dc43dd748ea778adc52bc498ce80524c014b81119,00000000,,,,,False,,,,,,,,,,False,False
/application/zukanlist/zkn_data/zukan_enc_platinum.narc,/application/zukanlist/zkn_data/zukan_enc_platinum.narc!/member_00698,0,/application/zukanlist/zkn_data/zukan_enc_platinum.narc,133,698,,45796,45800,6112,6116,4,df3f619804a92fdb4057192dc43dd748ea778adc52bc498ce80524c014b81119,00000000,,,,,False,,,,,,,,,,False,False
/application/zukanlist/zkn_data/zukan_enc_platinum.narc,/application/zukanlist/zkn_data/zukan_enc_platinum.narc!/member_00699,0,/application/zukanlist/zkn_data/zukan_enc_platinum.narc,133,699,,45800,45804,6116,6120,4,df3f619804a92fdb4057192dc43dd748ea778adc52bc498ce80524c014b81119,00000000,,,,,False,,,,,,,,,,False,False
/application/zukanlist/zkn_data/zukan_enc_platinum.narc,/application/zukanlist/zkn_data/zukan_enc_platinum.narc!/member_00700,0,/application/zukanlist/zkn_data/zukan_enc_platinum.narc,133,700,,45804,45812,6120,6128,8,f13ee6ed54ea2aae9fc49a9faeb5da6e8ddef0e12ed5d30d35a624ae813e0485,0500000000000000,,,,,False,,,,,,,,,,False,False
/application/zukanlist/zkn_data/zukan_enc_platinum.narc,/application/zukanlist/zkn_data/zukan_enc_platinum.narc!/member_00701,0,/application/zukanlist/zkn_data/zukan_enc_platinum.narc,133,701,,45812,45816,6128,6132,4,df3f619804a92fdb4057192dc43dd748ea778adc52bc498ce80524c014b81119,00000000,,,,,False,,,,,,,,,,False,False
/application/zukanlist/zkn_data/zukan_enc_platinum.narc,/application/zukanlist/zkn_data/zukan_enc_platinum.narc!/member_00702,0,/application/zukanlist/zkn_data/zukan_enc_platinum.narc,133,702,,45816,45820,6132,6136,4,df3f619804a92fdb4057192dc43dd748ea778adc52bc498ce80524c014b81119,00000000,,,,,False,,,,,,,,,,False,False
/application/zukanlist/zkn_data/zukan_enc_platinum.narc,/application/zukanlist/zkn_data/zukan_enc_platinum.narc!/member_00703,0,/application/zukanlist/zkn_data/zukan_enc_platinum.narc,133,703,,45820,45824,6136,6140,4,df3f619804a92fdb4057192dc43dd748ea778adc52bc498ce80524c014b81119,00000000,,,,,False,,,,,,,,,,False,False
/application/zukanlist/zkn_data/zukan_enc_platinum.narc,/application/zukanlist/zkn_data/zukan_enc_platinum.narc!/member_00704,0,/application/zukanlist/zkn_data/zukan_enc_platinum.narc,133,704,,45824,45828,6140,6144,4,df3f619804a92fdb4057192dc43dd748ea778adc52bc498ce80524c014b81119,00000000,,,,,False,,,,,,,,,,False,False
/application/zukanlist/zkn_data/zukan_enc_platinum.narc,/application/zukanlist/zkn_data/zukan_enc_platinum.narc!/member_00705,0,/application/zukanlist/zkn_data/zukan_enc_platinum.narc,133,705,,45828,45832,6144,6148,4,df3f619804a92fdb4057192dc43dd748ea778adc52bc498ce80524c014b81119,00000000,,,,,False,,,,,,,,,,False,False
/application/zukanlist/zkn_data/zukan_enc_platinum.narc,/application/zukanlist/zkn_data/zukan_enc_platinum.narc!/member_00706,0,/application/zukanlist/zkn_data/zukan_enc_platinum.narc,133,706,,45832,45836,6148,6152,4,df3f619804a92fdb4057192dc43dd748ea778adc52bc498ce80524c014b81119,00000000,,,,,False,,,,,,,,,,False,False
/application/zukanlist/zkn_data/zukan_enc_platinum.narc,/application/zukanlist/zkn_data/zukan_enc_platinum.narc!/member_00707,0,/application/zukanlist/zkn_data/zukan_enc_platinum.narc,133,707,,45836,45848,6152,6164,12,91bf88093936a4b38ebb83bfcdb2c8744520eabc20e468383d76b4e37f3f9f5c,060000000f00000000000000,,,,,False,,,,,,,,,,False,False
/application/zukanlist/zkn_data/zukan_enc_platinum.narc,/application/zukanlist/zkn_data/zukan_enc_platinum.narc!/member_00708,0,/application/zukanlist/zkn_data/zukan_enc_platinum.narc,133,708,,45848,45852,6164,6168,4,df3f619804a92fdb4057192dc43dd748ea778adc52bc498ce80524c014b81119,00000000,,,,,False,,,,,,,,,,False,False
/application/zukanlist/zkn_data/zukan_enc_platinum.narc,/application/zukanlist/zkn_data/zukan_enc_platinum.narc!/member_00709,0,/application/zukanlist/zkn_data/zukan_enc_platinum.narc,133,709,,45852,45856,6168,6172,4,df3f619804a92fdb4057192dc43dd748ea778adc52bc498ce80524c014b81119,00000000,,,,,False,,,,,,,,,,False,False
/application/zukanlist/zkn_data/zukan_enc_platinum.narc,/application/zukanlist/zkn_data/zukan_enc_platinum.narc!/member_00710,0,/application/zukanlist/zkn_data/zukan_enc_platinum.narc,133,710,,45856,45860,6172,6176,4,df3f619804a92fdb4057192dc43dd748ea778adc52bc498ce80524c014b81119,00000000,,,,,False,,,,,,,,,,False,False
/application/zukanlist/zkn_data/zukan_enc_platinum.narc,/application/zukanlist/zkn_data/zukan_enc_platinum.narc!/member_00711,0,/application/zukanlist/zkn_data/zukan_enc_platinum.narc,133,711,,45860,45864,6176,6180,4,df3f619804a92fdb4057192dc43dd748ea778adc52bc498ce80524c014b81119,00000000,,,,,False,,,,,,,,,,False,False
/application/zukanlist/zkn_data/zukan_enc_platinum.narc,/application/zukanlist/zkn_data/zukan_enc_platinum.narc!/member_00712,0,/application/zukanlist/zkn_data/zukan_enc_platinum.narc,133,712,,45864,45868,6180,6184,4,df3f619804a92fdb4057192dc43dd748ea778adc52bc498ce80524c014b81119,00000000,,,,,False,,,,,,,,,,False,False
/application/zukanlist/zkn_data/zukan_enc_platinum.narc,/application/zukanlist/zkn_data/zukan_enc_platinum.narc!/member_00713,0,/application/zukanlist/zkn_data/zukan_enc_platinum.narc,133,713,,45868,45872,6184,6188,4,df3f619804a92fdb4057192dc43dd748ea778adc52bc498ce80524c014b81119,00000000,,,,,False,,,,,,,,,,False,False
/application/zukanlist/zkn_data/zukan_enc_platinum.narc,/application/zukanlist/zkn_data/zukan_enc_platinum.narc!/member_00714,0,/application/zukanlist/zkn_data/zukan_enc_platinum.narc,133,714,,45872,45884,6188,6200,12,70a843665ee27a264898c82c86bbb3489574321bc16c89a0e50275c369746374,0b0000001300000000000000,,,,,False,,,,,,,,,,False,False
/application/zukanlist/zkn_data/zukan_enc_platinum.narc,/application/zukanlist/zkn_data/zukan_enc_platinum.narc!/member_00715,0,/application/zukanlist/zkn_data/zukan_enc_platinum.narc,133,715,,45884,45888,6200,6204,4,df3f619804a92fdb4057192dc43dd748ea778adc52bc498ce80524c014b81119,00000000,,,,,False,,,,,,,,,,False,False
/application/zukanlist/zkn_data/zukan_enc_platinum.narc,/application/zukanlist/zkn_data/zukan_enc_platinum.narc!/member_00716,0,/application/zukanlist/zkn_data/zukan_enc_platinum.narc,133,716,,45888,45892,6204,6208,4,df3f619804a92fdb4057192dc43dd748ea778adc52bc498ce80524c014b81119,00000000,,,,,False,,,,,,,,,,False,False
/application/zukanlist/zkn_data/zukan_enc_platinum.narc,/application/zukanlist/zkn_data/zukan_enc_platinum.narc!/member_00717,0,/application/zukanlist/zkn_data/zukan_enc_platinum.narc,133,717,,45892,45900,6208,6216,8,cbbd5f990c53684d7ae650b40fcb5656e02261b53da5f6a7d8c819c92f2828f8,0900000000000000,,,,,False,,,,,,,,,,False,False
/application/zukanlist/zkn_data/zukan_enc_platinum.narc,/application/zukanlist/zkn_data/zukan_enc_platinum.narc!/member_00718,0,/application/zukanlist/zkn_data/zukan_enc_platinum.narc,133,718,,45900,45908,6216,6224,8,cbbd5f990c53684d7ae650b40fcb5656e02261b53da5f6a7d8c819c92f2828f8,0900000000000000,,,,,False,,,,,,,,,,False,False
/application/zukanlist/zkn_data/zukan_enc_platinum.narc,/application/zukanlist/zkn_data/zukan_enc_platinum.narc!/member_00719,0,/application/zukanlist/zkn_data/zukan_enc_platinum.narc,133,719,,45908,45912,6224,6228,4,df3f619804a92fdb4057192dc43dd748ea778adc52bc498ce80524c014b81119,00000000,,,,,False,,,,,,,,,,False,False
/application/zukanlist/zkn_data/zukan_enc_platinum.narc,/application/zukanlist/zkn_data/zukan_enc_platinum.narc!/member_00720,0,/application/zukanlist/zkn_data/zukan_enc_platinum.narc,133,720,,45912,45916,6228,6232,4,df3f619804a92fdb4057192dc43dd748ea778adc52bc498ce80524c014b81119,00000000,,,,,False,,,,,,,,,,False,False
/application/zukanlist/zkn_data/zukan_enc_platinum.narc,/application/zukanlist/zkn_data/zukan_enc_platinum.narc!/member_00721,0,/application/zukanlist/zkn_data/zukan_enc_platinum.narc,133,721,,45916,45920,6232,6236,4,df3f619804a92fdb4057192dc43dd748ea778adc52bc498ce80524c014b81119,00000000,,,,,False,,,,,,,,,,False,False
/application/zukanlist/zkn_data/zukan_enc_platinum.narc,/application/zukanlist/zkn_data/zukan_enc_platinum.narc!/member_00722,0,/application/zukanlist/zkn_data/zukan_enc_platinum.narc,133,722,,45920,45924,6236,6240,4,df3f619804a92fdb4057192dc43dd748ea778adc52bc498ce80524c014b81119,00000000,,,,,False,,,,,,,,,,False,False
/application/zukanlist/zkn_data/zukan_enc_platinum.narc,/application/zukanlist/zkn_data/zukan_enc_platinum.narc!/member_00723,0,/application/zukanlist/zkn_data/zukan_enc_platinum.narc,133,723,,45924,45928,6240,6244,4,df3f619804a92fdb4057192dc43dd748ea778adc52bc498ce80524c014b81119,00000000,,,,,False,,,,,,,,,,False,False
/application/zukanlist/zkn_data/zukan_enc_platinum.narc,/application/zukanlist/zkn_data/zukan_enc_platinum.narc!/member_00724,0,/application/zukanlist/zkn_data/zukan_enc_platinum.narc,133,724,,45928,45932,6244,6248,4,df3f619804a92fdb4057192dc43dd748ea778adc52bc498ce80524c014b81119,00000000,,,,,False,,,,,,,,,,False,False
/application/zukanlist/zkn_data/zukan_enc_platinum.narc,/application/zukanlist/zkn_data/zukan_enc_platinum.narc!/member_00725,0,/application/zukanlist/zkn_data/zukan_enc_platinum.narc,133,725,,45932,45936,6248,6252,4,df3f619804a92fdb4057192dc43dd748ea778adc52bc498ce80524c014b81119,00000000,,,,,False,,,,,,,,,,False,False
/application/zukanlist/zkn_data/zukan_enc_platinum.narc,/application/zukanlist/zkn_data/zukan_enc_platinum.narc!/member_00726,0,/application/zukanlist/zkn_data/zukan_enc_platinum.narc,133,726,,45936,45940,6252,6256,4,df3f619804a92fdb4057192dc43dd748ea778adc52bc498ce80524c014b81119,00000000,,,,,False,,,,,,,,,,False,False
/application/zukanlist/zkn_data/zukan_enc_platinum.narc,/application/zukanlist/zkn_data/zukan_enc_platinum.narc!/member_00727,0,/application/zukanlist/zkn_data/zukan_enc_platinum.narc,133,727,,45940,45944,6256,6260,4,df3f619804a92fdb4057192dc43dd748ea778adc52bc498ce80524c014b81119,00000000,,,,,False,,,,,,,,,,False,False
/application/zukanlist/zkn_data/zukan_enc_platinum.narc,/application/zukanlist/zkn_data/zukan_enc_platinum.narc!/member_00728,0,/application/zukanlist/zkn_data/zukan_enc_platinum.narc,133,728,,45944,45948,6260,6264,4,df3f619804a92fdb4057192dc43dd748ea778adc52bc498ce80524c014b81119,00000000,,,,,False,,,,,,,,,,False,False
/application/zukanlist/zkn_data/zukan_enc_platinum.narc,/application/zukanlist/zkn_data/zukan_enc_platinum.narc!/member_00729,0,/application/zukanlist/zkn_data/zukan_enc_platinum.narc,133,729,,45948,45952,6264,6268,4,df3f619804a92fdb4057192dc43dd748ea778adc52bc498ce80524c014b81119,00000000,,,,,False,,,,,,,,,,False,False
/application/zukanlist/zkn_data/zukan_enc_platinum.narc,/application/zukanlist/zkn_data/zukan_enc_platinum.narc!/member_00730,0,/application/zukanlist/zkn_data/zukan_enc_platinum.narc,133,730,,45952,45956,6268,6272,4,df3f619804a92fdb4057192dc43dd748ea778adc52bc498ce80524c014b81119,00000000,,,,,False,,,,,,,,,,False,False
/application/zukanlist/zkn_data/zukan_enc_platinum.narc,/application/zukanlist/zkn_data/zukan_enc_platinum.narc!/member_00731,0,/application/zukanlist/zkn_data/zukan_enc_platinum.narc,133,731,,45956,45960,6272,6276,4,df3f619804a92fdb4057192dc43dd748ea778adc52bc498ce80524c014b81119,00000000,,,,,False,,,,,,,,,,False,False
/application/zukanlist/zkn_data/zukan_enc_platinum.narc,/application/zukanlist/zkn_data/zukan_enc_platinum.narc!/member_00732,0,/application/zukanlist/zkn_data/zukan_enc_platinum.narc,133,732,,45960,45964,6276,6280,4,df3f619804a92fdb4057192dc43dd748ea778adc52bc498ce80524c014b81119,00000000,,,,,False,,,,,,,,,,False,False
/application/zukanlist/zkn_data/zukan_enc_platinum.narc,/application/zukanlist/zkn_data/zukan_enc_platinum.narc!/member_00733,0,/application/zukanlist/zkn_data/zukan_enc_platinum.narc,133,733,,45964,45968,6280,6284,4,df3f619804a92fdb4057192dc43dd748ea778adc52bc498ce80524c014b81119,00000000,,,,,False,,,,,,,,,,False,False
/application/zukanlist/zkn_data/zukan_enc_platinum.narc,/application/zukanlist/zkn_data/zukan_enc_platinum.narc!/member_00734,0,/application/zukanlist/zkn_data/zukan_enc_platinum.narc,133,734,,45968,45972,6284,6288,4,df3f619804a92fdb4057192dc43dd748ea778adc52bc498ce80524c014b81119,00000000,,,,,False,,,,,,,,,,False,False
/application/zukanlist/zkn_data/zukan_enc_platinum.narc,/application/zukanlist/zkn_data/zukan_enc_platinum.narc!/member_00735,0,/application/zukanlist/zkn_data/zukan_enc_platinum.narc,133,735,,45972,45976,6288,6292,4,df3f619804a92fdb4057192dc43dd748ea778adc52bc498ce80524c014b81119,00000000,,,,,False,,,,,,,,,,False,False
/application/zukanlist/zkn_data/zukan_enc_platinum.narc,/application/zukanlist/zkn_data/zukan_enc_platinum.narc!/member_00736,0,/application/zukanlist/zkn_data/zukan_enc_platinum.narc,133,736,,45976,45980,6292,6296,4,df3f619804a92fdb4057192dc43dd748ea778adc52bc498ce80524c014b81119,00000000,,,,,False,,,,,,,,,,False,False
/application/zukanlist/zkn_data/zukan_enc_platinum.narc,/application/zukanlist/zkn_data/zukan_enc_platinum.narc!/member_00737,0,/application/zukanlist/zkn_data/zukan_enc_platinum.narc,133,737,,45980,45988,6296,6304,8,5fd1b79ebdef9619a57916a3bfc264b54d37a792659b3693f8ab36ec3ebce448,0b00000000000000,,,,,False,,,,,,,,,,False,False
/application/zukanlist/zkn_data/zukan_enc_platinum.narc,/application/zukanlist/zkn_data/zukan_enc_platinum.narc!/member_00738,0,/application/zukanlist/zkn_data/zukan_enc_platinum.narc,133,738,,45988,45992,6304,6308,4,df3f619804a92fdb4057192dc43dd748ea778adc52bc498ce80524c014b81119,00000000,,,,,False,,,,,,,,,,False,False
/application/zukanlist/zkn_data/zukan_enc_platinum.narc,/application/zukanlist/zkn_data/zukan_enc_platinum.narc!/member_00739,0,/application/zukanlist/zkn_data/zukan_enc_platinum.narc,133,739,,45992,45996,6308,6312,4,df3f619804a92fdb4057192dc43dd748ea778adc52bc498ce80524c014b81119,00000000,,,,,False,,,,,,,,,,False,False
/application/zukanlist/zkn_data/zukan_enc_platinum.narc,/application/zukanlist/zkn_data/zukan_enc_platinum.narc!/member_00740,0,/application/zukanlist/zkn_data/zukan_enc_platinum.narc,133,740,,45996,46000,6312,6316,4,df3f619804a92fdb4057192dc43dd748ea778adc52bc498ce80524c014b81119,00000000,,,,,False,,,,,,,,,,False,False
/application/zukanlist/zkn_data/zukan_enc_platinum.narc,/application/zukanlist/zkn_data/zukan_enc_platinum.narc!/member_00741,0,/application/zukanlist/zkn_data/zukan_enc_platinum.narc,133,741,,46000,46004,6316,6320,4,df3f619804a92fdb4057192dc43dd748ea778adc52bc498ce80524c014b81119,00000000,,,,,False,,,,,,,,,,False,False
/application/zukanlist/zkn_data/zukan_enc_platinum.narc,/application/zukanlist/zkn_data/zukan_enc_platinum.narc!/member_00742,0,/application/zukanlist/zkn_data/zukan_enc_platinum.narc,133,742,,46004,46008,6320,6324,4,df3f619804a92fdb4057192dc43dd748ea778adc52bc498ce80524c014b81119,00000000,,,,,False,,,,,,,,,,False,False
/application/zukanlist/zkn_data/zukan_enc_platinum.narc,/application/zukanlist/zkn_data/zukan_enc_platinum.narc!/member_00743,0,/application/zukanlist/zkn_data/zukan_enc_platinum.narc,133,743,,46008,46012,6324,6328,4,df3f619804a92fdb4057192dc43dd748ea778adc52bc498ce80524c014b81119,00000000,,,,,False,,,,,,,,,,False,False
/application/zukanlist/zkn_data/zukan_enc_platinum.narc,/application/zukanlist/zkn_data/zukan_enc_platinum.narc!/member_00744,0,/application/zukanlist/zkn_data/zukan_enc_platinum.narc,133,744,,46012,46016,6328,6332,4,df3f619804a92fdb4057192dc43dd748ea778adc52bc498ce80524c014b81119,00000000,,,,,False,,,,,,,,,,False,False
/application/zukanlist/zkn_data/zukan_enc_platinum.narc,/application/zukanlist/zkn_data/zukan_enc_platinum.narc!/member_00745,0,/application/zukanlist/zkn_data/zukan_enc_platinum.narc,133,745,,46016,46020,6332,6336,4,df3f619804a92fdb4057192dc43dd748ea778adc52bc498ce80524c014b81119,00000000,,,,,False,,,,,,,,,,False,False
/application/zukanlist/zkn_data/zukan_enc_platinum.narc,/application/zukanlist/zkn_data/zukan_enc_platinum.narc!/member_00746,0,/application/zukanlist/zkn_data/zukan_enc_platinum.narc,133,746,,46020,46024,6336,6340,4,df3f619804a92fdb4057192dc43dd748ea778adc52bc498ce80524c014b81119,00000000,,,,,False,,,,,,,,,,False,False
/application/zukanlist/zkn_data/zukan_enc_platinum.narc,/application/zukanlist/zkn_data/zukan_enc_platinum.narc!/member_00747,0,/application/zukanlist/zkn_data/zukan_enc_platinum.narc,133,747,,46024,46028,6340,6344,4,df3f619804a92fdb4057192dc43dd748ea778adc52bc498ce80524c014b81119,00000000,,,,,False,,,,,,,,,,False,False
/application/zukanlist/zkn_data/zukan_enc_platinum.narc,/application/zukanlist/zkn_data/zukan_enc_platinum.narc!/member_00748,0,/application/zukanlist/zkn_data/zukan_enc_platinum.narc,133,748,,46028,46032,6344,6348,4,df3f619804a92fdb4057192dc43dd748ea778adc52bc498ce80524c014b81119,00000000,,,,,False,,,,,,,,,,False,False
/application/zukanlist/zkn_data/zukan_enc_platinum.narc,/application/zukanlist/zkn_data/zukan_enc_platinum.narc!/member_00749,0,/application/zukanlist/zkn_data/zukan_enc_platinum.narc,133,749,,46032,46036,6348,6352,4,df3f619804a92fdb4057192dc43dd748ea778adc52bc498ce80524c014b81119,00000000,,,,,False,,,,,,,,,,False,False
/application/zukanlist/zkn_data/zukan_enc_platinum.narc,/application/zukanlist/zkn_data/zukan_enc_platinum.narc!/member_00750,0,/application/zukanlist/zkn_data/zukan_enc_platinum.narc,133,750,,46036,46040,6352,6356,4,df3f619804a92fdb4057192dc43dd748ea778adc52bc498ce80524c014b81119,00000000,,,,,False,,,,,,,,,,False,False
/application/zukanlist/zkn_data/zukan_enc_platinum.narc,/application/zukanlist/zkn_data/zukan_enc_platinum.narc!/member_00751,0,/application/zukanlist/zkn_data/zukan_enc_platinum.narc,133,751,,46040,46044,6356,6360,4,df3f619804a92fdb4057192dc43dd748ea778adc52bc498ce80524c014b81119,00000000,,,,,False,,,,,,,,,,False,False
/application/zukanlist/zkn_data/zukan_enc_platinum.narc,/application/zukanlist/zkn_data/zukan_enc_platinum.narc!/member_00752,0,/application/zukanlist/zkn_data/zukan_enc_platinum.narc,133,752,,46044,46048,6360,6364,4,df3f619804a92fdb4057192dc43dd748ea778adc52bc498ce80524c014b81119,00000000,,,,,False,,,,,,,,,,False,False
/application/zukanlist/zkn_data/zukan_enc_platinum.narc,/application/zukanlist/zkn_data/zukan_enc_platinum.narc!/member_00753,0,/application/zukanlist/zkn_data/zukan_enc_platinum.narc,133,753,,46048,46052,6364,6368,4,df3f619804a92fdb4057192dc43dd748ea778adc52bc498ce80524c014b81119,00000000,,,,,False,,,,,,,,,,False,False
/application/zukanlist/zkn_data/zukan_enc_platinum.narc,/application/zukanlist/zkn_data/zukan_enc_platinum.narc!/member_00754,0,/application/zukanlist/zkn_data/zukan_enc_platinum.narc,133,754,,46052,46056,6368,6372,4,df3f619804a92fdb4057192dc43dd748ea778adc52bc498ce80524c014b81119,00000000,,,,,False,,,,,,,,,,False,False
/application/zukanlist/zkn_data/zukan_enc_platinum.narc,/application/zukanlist/zkn_data/zukan_enc_platinum.narc!/member_00755,0,/application/zukanlist/zkn_data/zukan_enc_platinum.narc,133,755,,46056,46060,6372,6376,4,df3f619804a92fdb4057192dc43dd748ea778adc52bc498ce80524c014b81119,00000000,,,,,False,,,,,,,,,,False,False
/application/zukanlist/zkn_data/zukan_enc_platinum.narc,/application/zukanlist/zkn_data/zukan_enc_platinum.narc!/member_00756,0,/application/zukanlist/zkn_data/zukan_enc_platinum.narc,133,756,,46060,46064,6376,6380,4,df3f619804a92fdb4057192dc43dd748ea778adc52bc498ce80524c014b81119,00000000,,,,,False,,,,,,,,,,False,False
/application/zukanlist/zkn_data/zukan_enc_platinum.narc,/application/zukanlist/zkn_data/zukan_enc_platinum.narc!/member_00757,0,/application/zukanlist/zkn_data/zukan_enc_platinum.narc,133,757,,46064,46068,6380,6384,4,df3f619804a92fdb4057192dc43dd748ea778adc52bc498ce80524c014b81119,00000000,,,,,False,,,,,,,,,,False,False
/application/zukanlist/zkn_data/zukan_enc_platinum.narc,/application/zukanlist/zkn_data/zukan_enc_platinum.narc!/member_00758,0,/application/zukanlist/zkn_data/zukan_enc_platinum.narc,133,758,,46068,46072,6384,6388,4,df3f619804a92fdb4057192dc43dd748ea778adc52bc498ce80524c014b81119,00000000,,,,,False,,,,,,,,,,False,False
/application/zukanlist/zkn_data/zukan_enc_platinum.narc,/application/zukanlist/zkn_data/zukan_enc_platinum.narc!/member_00759,0,/application/zukanlist/zkn_data/zukan_enc_platinum.narc,133,759,,46072,46076,6388,6392,4,df3f619804a92fdb4057192dc43dd748ea778adc52bc498ce80524c014b81119,00000000,,,,,False,,,,,,,,,,False,False
/application/zukanlist/zkn_data/zukan_enc_platinum.narc,/application/zukanlist/zkn_data/zukan_enc_platinum.narc!/member_00760,0,/application/zukanlist/zkn_data/zukan_enc_platinum.narc,133,760,,46076,46080,6392,6396,4,df3f619804a92fdb4057192dc43dd748ea778adc52bc498ce80524c014b81119,00000000,,,,,False,,,,,,,,,,False,False
/application/zukanlist/zkn_data/zukan_enc_platinum.narc,/application/zukanlist/zkn_data/zukan_enc_platinum.narc!/member_00761,0,/application/zukanlist/zkn_data/zukan_enc_platinum.narc,133,761,,46080,46084,6396,6400,4,df3f619804a92fdb4057192dc43dd748ea778adc52bc498ce80524c014b81119,00000000,,,,,False,,,,,,,,,,False,False
/application/zukanlist/zkn_data/zukan_enc_platinum.narc,/application/zukanlist/zkn_data/zukan_enc_platinum.narc!/member_00762,0,/application/zukanlist/zkn_data/zukan_enc_platinum.narc,133,762,,46084,46088,6400,6404,4,df3f619804a92fdb4057192dc43dd748ea778adc52bc498ce80524c014b81119,00000000,,,,,False,,,,,,,,,,False,False
/application/zukanlist/zkn_data/zukan_enc_platinum.narc,/application/zukanlist/zkn_data/zukan_enc_platinum.narc!/member_00763,0,/application/zukanlist/zkn_data/zukan_enc_platinum.narc,133,763,,46088,46092,6404,6408,4,df3f619804a92fdb4057192dc43dd748ea778adc52bc498ce80524c014b81119,00000000,,,,,False,,,,,,,,,,False,False
/application/zukanlist/zkn_data/zukan_enc_platinum.narc,/application/zukanlist/zkn_data/zukan_enc_platinum.narc!/member_00764,0,/application/zukanlist/zkn_data/zukan_enc_platinum.narc,133,764,,46092,46100,6408,6416,8,d86e8112f3c4c4442126f8e9f44f16867da487f29052bf91b810457db34209a4,0200000000000000,,,,,False,,,,,,,,,,False,False
/application/zukanlist/zkn_data/zukan_enc_platinum.narc,/application/zukanlist/zkn_data/zukan_enc_platinum.narc!/member_00765,0,/application/zukanlist/zkn_data/zukan_enc_platinum.narc,133,765,,46100,46108,6416,6424,8,d86e8112f3c4c4442126f8e9f44f16867da487f29052bf91b810457db34209a4,0200000000000000,,,,,False,,,,,,,,,,False,False
/application/zukanlist/zkn_data/zukan_enc_platinum.narc,/application/zukanlist/zkn_data/zukan_enc_platinum.narc!/member_00766,0,/application/zukanlist/zkn_data/zukan_enc_platinum.narc,133,766,,46108,46116,6424,6432,8,d86e8112f3c4c4442126f8e9f44f16867da487f29052bf91b810457db34209a4,0200000000000000,,,,,False,,,,,,,,,,False,False
/application/zukanlist/zkn_data/zukan_enc_platinum.narc,/application/zukanlist/zkn_data/zukan_enc_platinum.narc!/member_00767,0,/application/zukanlist/zkn_data/zukan_enc_platinum.narc,133,767,,46116,46124,6432,6440,8,d86e8112f3c4c4442126f8e9f44f16867da487f29052bf91b810457db34209a4,0200000000000000,,,,,False,,,,,,,,,,False,False
/application/zukanlist/zkn_data/zukan_enc_platinum.narc,/application/zukanlist/zkn_data/zukan_enc_platinum.narc!/member_00768,0,/application/zukanlist/zkn_data/zukan_enc_platinum.narc,133,768,,46124,46132,6440,6448,8,d86e8112f3c4c4442126f8e9f44f16867da487f29052bf91b810457db34209a4,0200000000000000,,,,,False,,,,,,,,,,False,False
/application/zukanlist/zkn_data/zukan_enc_platinum.narc,/application/zukanlist/zkn_data/zukan_enc_platinum.narc!/member_00769,0,/application/zukanlist/zkn_data/zukan_enc_platinum.narc,133,769,,46132,46136,6448,6452,4,df3f619804a92fdb4057192dc43dd748ea778adc52bc498ce80524c014b81119,00000000,,,,,False,,,,,,,,,,False,False
/application/zukanlist/zkn_data/zukan_enc_platinum.narc,/application/zukanlist/zkn_data/zukan_enc_platinum.narc!/member_00770,0,/application/zukanlist/zkn_data/zukan_enc_platinum.narc,133,770,,46136,46140,6452,6456,4,df3f619804a92fdb4057192dc43dd748ea778adc52bc498ce80524c014b81119,00000000,,,,,False,,,,,,,,,,False,False
/application/zukanlist/zkn_data/zukan_enc_platinum.narc,/application/zukanlist/zkn_data/zukan_enc_platinum.narc!/member_00771,0,/application/zukanlist/zkn_data/zukan_enc_platinum.narc,133,771,,46140,46144,6456,6460,4,df3f619804a92fdb4057192dc43dd748ea778adc52bc498ce80524c014b81119,00000000,,,,,False,,,,,,,,,,False,False
/application/zukanlist/zkn_data/zukan_enc_platinum.narc,/application/zukanlist/zkn_data/zukan_enc_platinum.narc!/member_00772,0,/application/zukanlist/zkn_data/zukan_enc_platinum.narc,133,772,,46144,46148,6460,6464,4,df3f619804a92fdb4057192dc43dd748ea778adc52bc498ce80524c014b81119,00000000,,,,,False,,,,,,,,,,False,False
/application/zukanlist/zkn_data/zukan_enc_platinum.narc,/application/zukanlist/zkn_data/zukan_enc_platinum.narc!/member_00773,0,/application/zukanlist/zkn_data/zukan_enc_platinum.narc,133,773,,46148,46152,6464,6468,4,df3f619804a92fdb4057192dc43dd748ea778adc52bc498ce80524c014b81119,00000000,,,,,False,,,,,,,,,,False,False
/application/zukanlist/zkn_data/zukan_enc_platinum.narc,/application/zukanlist/zkn_data/zukan_enc_platinum.narc!/member_00774,0,/application/zukanlist/zkn_data/zukan_enc_platinum.narc,133,774,,46152,46156,6468,6472,4,df3f619804a92fdb4057192dc43dd748ea778adc52bc498ce80524c014b81119,00000000,,,,,False,,,,,,,,,,False,False
/application/zukanlist/zkn_data/zukan_enc_platinum.narc,/application/zukanlist/zkn_data/zukan_enc_platinum.narc!/member_00775,0,/application/zukanlist/zkn_data/zukan_enc_platinum.narc,133,775,,46156,46160,6472,6476,4,df3f619804a92fdb4057192dc43dd748ea778adc52bc498ce80524c014b81119,00000000,,,,,False,,,,,,,,,,False,False
/application/zukanlist/zkn_data/zukan_enc_platinum.narc,/application/zukanlist/zkn_data/zukan_enc_platinum.narc!/member_00776,0,/application/zukanlist/zkn_data/zukan_enc_platinum.narc,133,776,,46160,46164,6476,6480,4,df3f619804a92fdb4057192dc43dd748ea778adc52bc498ce80524c014b81119,00000000,,,,,False,,,,,,,,,,False,False
/application/zukanlist/zkn_data/zukan_enc_platinum.narc,/application/zukanlist/zkn_data/zukan_enc_platinum.narc!/member_00777,0,/application/zukanlist/zkn_data/zukan_enc_platinum.narc,133,777,,46164,46168,6480,6484,4,df3f619804a92fdb4057192dc43dd748ea778adc52bc498ce80524c014b81119,00000000,,,,,False,,,,,,,,,,False,False
/application/zukanlist/zkn_data/zukan_enc_platinum.narc,/application/zukanlist/zkn_data/zukan_enc_platinum.narc!/member_00778,0,/application/zukanlist/zkn_data/zukan_enc_platinum.narc,133,778,,46168,46172,6484,6488,4,df3f619804a92fdb4057192dc43dd748ea778adc52bc498ce80524c014b81119,00000000,,,,,False,,,,,,,,,,False,False
/application/zukanlist/zkn_data/zukan_enc_platinum.narc,/application/zukanlist/zkn_data/zukan_enc_platinum.narc!/member_00779,0,/application/zukanlist/zkn_data/zukan_enc_platinum.narc,133,779,,46172,46176,6488,6492,4,df3f619804a92fdb4057192dc43dd748ea778adc52bc498ce80524c014b81119,00000000,,,,,False,,,,,,,,,,False,False
/application/zukanlist/zkn_data/zukan_enc_platinum.narc,/application/zukanlist/zkn_data/zukan_enc_platinum.narc!/member_00780,0,/application/zukanlist/zkn_data/zukan_enc_platinum.narc,133,780,,46176,46180,6492,6496,4,df3f619804a92fdb4057192dc43dd748ea778adc52bc498ce80524c014b81119,00000000,,,,,False,,,,,,,,,,False,False
/application/zukanlist/zkn_data/zukan_enc_platinum.narc,/application/zukanlist/zkn_data/zukan_enc_platinum.narc!/member_00781,0,/application/zukanlist/zkn_data/zukan_enc_platinum.narc,133,781,,46180,46184,6496,6500,4,df3f619804a92fdb4057192dc43dd748ea778adc52bc498ce80524c014b81119,00000000,,,,,False,,,,,,,,,,False,False
/application/zukanlist/zkn_data/zukan_enc_platinum.narc,/application/zukanlist/zkn_data/zukan_enc_platinum.narc!/member_00782,0,/application/zukanlist/zkn_data/zukan_enc_platinum.narc,133,782,,46184,46188,6500,6504,4,df3f619804a92fdb4057192dc43dd748ea778adc52bc498ce80524c014b81119,00000000,,,,,False,,,,,,,,,,False,False
/application/zukanlist/zkn_data/zukan_enc_platinum.narc,/application/zukanlist/zkn_data/zukan_enc_platinum.narc!/member_00783,0,/application/zukanlist/zkn_data/zukan_enc_platinum.narc,133,783,,46188,46192,6504,6508,4,df3f619804a92fdb4057192dc43dd748ea778adc52bc498ce80524c014b81119,00000000,,,,,False,,,,,,,,,,False,False
/application/zukanlist/zkn_data/zukan_enc_platinum.narc,/application/zukanlist/zkn_data/zukan_enc_platinum.narc!/member_00784,0,/application/zukanlist/zkn_data/zukan_enc_platinum.narc,133,784,,46192,46196,6508,6512,4,df3f619804a92fdb4057192dc43dd748ea778adc52bc498ce80524c014b81119,00000000,,,,,False,,,,,,,,,,False,False
/application/zukanlist/zkn_data/zukan_enc_platinum.narc,/application/zukanlist/zkn_data/zukan_enc_platinum.narc!/member_00785,0,/application/zukanlist/zkn_data/zukan_enc_platinum.narc,133,785,,46196,46200,6512,6516,4,df3f619804a92fdb4057192dc43dd748ea778adc52bc498ce80524c014b81119,00000000,,,,,False,,,,,,,,,,False,False
/application/zukanlist/zkn_data/zukan_enc_platinum.narc,/application/zukanlist/zkn_data/zukan_enc_platinum.narc!/member_00786,0,/application/zukanlist/zkn_data/zukan_enc_platinum.narc,133,786,,46200,46204,6516,6520,4,df3f619804a92fdb4057192dc43dd748ea778adc52bc498ce80524c014b81119,00000000,,,,,False,,,,,,,,,,False,False
/application/zukanlist/zkn_data/zukan_enc_platinum.narc,/application/zukanlist/zkn_data/zukan_enc_platinum.narc!/member_00787,0,/application/zukanlist/zkn_data/zukan_enc_platinum.narc,133,787,,46204,46208,6520,6524,4,df3f619804a92fdb4057192dc43dd748ea778adc52bc498ce80524c014b81119,00000000,,,,,False,,,,,,,,,,False,False
/application/zukanlist/zkn_data/zukan_enc_platinum.narc,/application/zukanlist/zkn_data/zukan_enc_platinum.narc!/member_00788,0,/application/zukanlist/zkn_data/zukan_enc_platinum.narc,133,788,,46208,46212,6524,6528,4,df3f619804a92fdb4057192dc43dd748ea778adc52bc498ce80524c014b81119,00000000,,,,,False,,,,,,,,,,False,False
/application/zukanlist/zkn_data/zukan_enc_platinum.narc,/application/zukanlist/zkn_data/zukan_enc_platinum.narc!/member_00789,0,/application/zukanlist/zkn_data/zukan_enc_platinum.narc,133,789,,46212,46216,6528,6532,4,df3f619804a92fdb4057192dc43dd748ea778adc52bc498ce80524c014b81119,00000000,,,,,False,,,,,,,,,,False,False
/application/zukanlist/zkn_data/zukan_enc_platinum.narc,/application/zukanlist/zkn_data/zukan_enc_platinum.narc!/member_00790,0,/application/zukanlist/zkn_data/zukan_enc_platinum.narc,133,790,,46216,46220,6532,6536,4,df3f619804a92fdb4057192dc43dd748ea778adc52bc498ce80524c014b81119,00000000,,,,,False,,,,,,,,,,False,False
/application/zukanlist/zkn_data/zukan_enc_platinum.narc,/application/zukanlist/zkn_data/zukan_enc_platinum.narc!/member_00791,0,/application/zukanlist/zkn_data/zukan_enc_platinum.narc,133,791,,46220,46224,6536,6540,4,df3f619804a92fdb4057192dc43dd748ea778adc52bc498ce80524c014b81119,00000000,,,,,False,,,,,,,,,,False,False
/application/zukanlist/zkn_data/zukan_enc_platinum.narc,/application/zukanlist/zkn_data/zukan_enc_platinum.narc!/member_00792,0,/application/zukanlist/zkn_data/zukan_enc_platinum.narc,133,792,,46224,46228,6540,6544,4,df3f619804a92fdb4057192dc43dd748ea778adc52bc498ce80524c014b81119,00000000,,,,,False,,,,,,,,,,False,False
/application/zukanlist/zkn_data/zukan_enc_platinum.narc,/application/zukanlist/zkn_data/zukan_enc_platinum.narc!/member_00793,0,/application/zukanlist/zkn_data/zukan_enc_platinum.narc,133,793,,46228,46232,6544,6548,4,df3f619804a92fdb4057192dc43dd748ea778adc52bc498ce80524c014b81119,00000000,,,,,False,,,,,,,,,,False,False
/application/zukanlist/zkn_data/zukan_enc_platinum.narc,/application/zukanlist/zkn_data/zukan_enc_platinum.narc!/member_00794,0,/application/zukanlist/zkn_data/zukan_enc_platinum.narc,133,794,,46232,46236,6548,6552,4,df3f619804a92fdb4057192dc43dd748ea778adc52bc498ce80524c014b81119,00000000,,,,,False,,,,,,,,,,False,False
/application/zukanlist/zkn_data/zukan_enc_platinum.narc,/application/zukanlist/zkn_data/zukan_enc_platinum.narc!/member_00795,0,/application/zukanlist/zkn_data/zukan_enc_platinum.narc,133,795,,46236,46240,6552,6556,4,df3f619804a92fdb4057192dc43dd748ea778adc52bc498ce80524c014b81119,00000000,,,,,False,,,,,,,,,,False,False
/application/zukanlist/zkn_data/zukan_enc_platinum.narc,/application/zukanlist/zkn_data/zukan_enc_platinum.narc!/member_00796,0,/application/zukanlist/zkn_data/zukan_enc_platinum.narc,133,796,,46240,46244,6556,6560,4,df3f619804a92fdb4057192dc43dd748ea778adc52bc498ce80524c014b81119,00000000,,,,,False,,,,,,,,,,False,False
/application/zukanlist/zkn_data/zukan_enc_platinum.narc,/application/zukanlist/zkn_data/zukan_enc_platinum.narc!/member_00797,0,/application/zukanlist/zkn_data/zukan_enc_platinum.narc,133,797,,46244,46248,6560,6564,4,df3f619804a92fdb4057192dc43dd748ea778adc52bc498ce80524c014b81119,00000000,,,,,False,,,,,,,,,,False,False
/application/zukanlist/zkn_data/zukan_enc_platinum.narc,/application/zukanlist/zkn_data/zukan_enc_platinum.narc!/member_00798,0,/application/zukanlist/zkn_data/zukan_enc_platinum.narc,133,798,,46248,46256,6564,6572,8,35be322d094f9d154a8aba4733b8497f180353bd7ae7b0a15f90b586b549f28b,0300000000000000,,,,,False,,,,,,,,,,False,False
/application/zukanlist/zkn_data/zukan_enc_platinum.narc,/application/zukanlist/zkn_data/zukan_enc_platinum.narc!/member_00799,0,/application/zukanlist/zkn_data/zukan_enc_platinum.narc,133,799,,46256,46260,6572,6576,4,df3f619804a92fdb4057192dc43dd748ea778adc52bc498ce80524c014b81119,00000000,,,,,False,,,,,,,,,,False,False
/application/zukanlist/zkn_data/zukan_enc_platinum.narc,/application/zukanlist/zkn_data/zukan_enc_platinum.narc!/member_00800,0,/application/zukanlist/zkn_data/zukan_enc_platinum.narc,133,800,,46260,46264,6576,6580,4,df3f619804a92fdb4057192dc43dd748ea778adc52bc498ce80524c014b81119,00000000,,,,,False,,,,,,,,,,False,False
/application/zukanlist/zkn_data/zukan_enc_platinum.narc,/application/zukanlist/zkn_data/zukan_enc_platinum.narc!/member_00801,0,/application/zukanlist/zkn_data/zukan_enc_platinum.narc,133,801,,46264,46268,6580,6584,4,df3f619804a92fdb4057192dc43dd748ea778adc52bc498ce80524c014b81119,00000000,,,,,False,,,,,,,,,,False,False
/application/zukanlist/zkn_data/zukan_enc_platinum.narc,/application/zukanlist/zkn_data/zukan_enc_platinum.narc!/member_00802,0,/application/zukanlist/zkn_data/zukan_enc_platinum.narc,133,802,,46268,46272,6584,6588,4,df3f619804a92fdb4057192dc43dd748ea778adc52bc498ce80524c014b81119,00000000,,,,,False,,,,,,,,,,False,False
/application/zukanlist/zkn_data/zukan_enc_platinum.narc,/application/zukanlist/zkn_data/zukan_enc_platinum.narc!/member_00803,0,/application/zukanlist/zkn_data/zukan_enc_platinum.narc,133,803,,46272,46276,6588,6592,4,df3f619804a92fdb4057192dc43dd748ea778adc52bc498ce80524c014b81119,00000000,,,,,False,,,,,,,,,,False,False
/application/zukanlist/zkn_data/zukan_enc_platinum.narc,/application/zukanlist/zkn_data/zukan_enc_platinum.narc!/member_00804,0,/application/zukanlist/zkn_data/zukan_enc_platinum.narc,133,804,,46276,46280,6592,6596,4,df3f619804a92fdb4057192dc43dd748ea778adc52bc498ce80524c014b81119,00000000,,,,,False,,,,,,,,,,False,False
/application/zukanlist/zkn_data/zukan_enc_platinum.narc,/application/zukanlist/zkn_data/zukan_enc_platinum.narc!/member_00805,0,/application/zukanlist/zkn_data/zukan_enc_platinum.narc,133,805,,46280,46284,6596,6600,4,df3f619804a92fdb4057192dc43dd748ea778adc52bc498ce80524c014b81119,00000000,,,,,False,,,,,,,,,,False,False
/application/zukanlist/zkn_data/zukan_enc_platinum.narc,/application/zukanlist/zkn_data/zukan_enc_platinum.narc!/member_00806,0,/application/zukanlist/zkn_data/zukan_enc_platinum.narc,133,806,,46284,46292,6600,6608,8,35be322d094f9d154a8aba4733b8497f180353bd7ae7b0a15f90b586b549f28b,0300000000000000,,,,,False,,,,,,,,,,False,False
/application/zukanlist/zkn_data/zukan_enc_platinum.narc,/application/zukanlist/zkn_data/zukan_enc_platinum.narc!/member_00807,0,/application/zukanlist/zkn_data/zukan_enc_platinum.narc,133,807,,46292,46300,6608,6616,8,35be322d094f9d154a8aba4733b8497f180353bd7ae7b0a15f90b586b549f28b,0300000000000000,,,,,False,,,,,,,,,,False,False
/application/zukanlist/zkn_data/zukan_enc_platinum.narc,/application/zukanlist/zkn_data/zukan_enc_platinum.narc!/member_00808,0,/application/zukanlist/zkn_data/zukan_enc_platinum.narc,133,808,,46300,46304,6616,6620,4,df3f619804a92fdb4057192dc43dd748ea778adc52bc498ce80524c014b81119,00000000,,,,,False,,,,,,,,,,False,False
/application/zukanlist/zkn_data/zukan_enc_platinum.narc,/application/zukanlist/zkn_data/zukan_enc_platinum.narc!/member_00809,0,/application/zukanlist/zkn_data/zukan_enc_platinum.narc,133,809,,46304,46308,6620,6624,4,df3f619804a92fdb4057192dc43dd748ea778adc52bc498ce80524c014b81119,00000000,,,,,False,,,,,,,,,,False,False
/application/zukanlist/zkn_data/zukan_enc_platinum.narc,/application/zukanlist/zkn_data/zukan_enc_platinum.narc!/member_00810,0,/application/zukanlist/zkn_data/zukan_enc_platinum.narc,133,810,,46308,46312,6624,6628,4,df3f619804a92fdb4057192dc43dd748ea778adc52bc498ce80524c014b81119,00000000,,,,,False,,,,,,,,,,False,False
/application/zukanlist/zkn_data/zukan_enc_platinum.narc,/application/zukanlist/zkn_data/zukan_enc_platinum.narc!/member_00811,0,/application/zukanlist/zkn_data/zukan_enc_platinum.narc,133,811,,46312,46316,6628,6632,4,df3f619804a92fdb4057192dc43dd748ea778adc52bc498ce80524c014b81119,00000000,,,,,False,,,,,,,,,,False,False
/application/zukanlist/zkn_data/zukan_enc_platinum.narc,/application/zukanlist/zkn_data/zukan_enc_platinum.narc!/member_00812,0,/application/zukanlist/zkn_data/zukan_enc_platinum.narc,133,812,,46316,46320,6632,6636,4,df3f619804a92fdb4057192dc43dd748ea778adc52bc498ce80524c014b81119,00000000,,,,,False,,,,,,,,,,False,False
/application/zukanlist/zkn_data/zukan_enc_platinum.narc,/application/zukanlist/zkn_data/zukan_enc_platinum.narc!/member_00813,0,/application/zukanlist/zkn_data/zukan_enc_platinum.narc,133,813,,46320,46324,6636,6640,4,df3f619804a92fdb4057192dc43dd748ea778adc52bc498ce80524c014b81119,00000000,,,,,False,,,,,,,,,,False,False
/application/zukanlist/zkn_data/zukan_enc_platinum.narc,/application/zukanlist/zkn_data/zukan_enc_platinum.narc!/member_00814,0,/application/zukanlist/zkn_data/zukan_enc_platinum.narc,133,814,,46324,46332,6640,6648,8,18d8d609947c6b82b9607704ae40d3317038e709238514de750b5c7411ba4c20,0e00000000000000,,,,,False,,,,,,,,,,False,False
/application/zukanlist/zkn_data/zukan_enc_platinum.narc,/application/zukanlist/zkn_data/zukan_enc_platinum.narc!/member_00815,0,/application/zukanlist/zkn_data/zukan_enc_platinum.narc,133,815,,46332,46336,6648,6652,4,df3f619804a92fdb4057192dc43dd748ea778adc52bc498ce80524c014b81119,00000000,,,,,False,,,,,,,,,,False,False
/application/zukanlist/zkn_data/zukan_enc_platinum.narc,/application/zukanlist/zkn_data/zukan_enc_platinum.narc!/member_00816,0,/application/zukanlist/zkn_data/zukan_enc_platinum.narc,133,816,,46336,46340,6652,6656,4,df3f619804a92fdb4057192dc43dd748ea778adc52bc498ce80524c014b81119,00000000,,,,,False,,,,,,,,,,False,False
/application/zukanlist/zkn_data/zukan_enc_platinum.narc,/application/zukanlist/zkn_data/zukan_enc_platinum.narc!/member_00817,0,/application/zukanlist/zkn_data/zukan_enc_platinum.narc,133,817,,46340,46348,6656,6664,8,f0a0278e4372459cca6159cd5e71cfee638302a7b9ca9b05c34181ac0a65ac5d,0400000000000000,,,,,False,,,,,,,,,,False,False
/application/zukanlist/zkn_data/zukan_enc_platinum.narc,/application/zukanlist/zkn_data/zukan_enc_platinum.narc!/member_00818,0,/application/zukanlist/zkn_data/zukan_enc_platinum.narc,133,818,,46348,46352,6664,6668,4,df3f619804a92fdb4057192dc43dd748ea778adc52bc498ce80524c014b81119,00000000,,,,,False,,,,,,,,,,False,False
/application/zukanlist/zkn_data/zukan_enc_platinum.narc,/application/zukanlist/zkn_data/zukan_enc_platinum.narc!/member_00819,0,/application/zukanlist/zkn_data/zukan_enc_platinum.narc,133,819,,46352,46356,6668,6672,4,df3f619804a92fdb4057192dc43dd748ea778adc52bc498ce80524c014b81119,00000000,,,,,False,,,,,,,,,,False,False
/application/zukanlist/zkn_data/zukan_enc_platinum.narc,/application/zukanlist/zkn_data/zukan_enc_platinum.narc!/member_00820,0,/application/zukanlist/zkn_data/zukan_enc_platinum.narc,133,820,,46356,46360,6672,6676,4,df3f619804a92fdb4057192dc43dd748ea778adc52bc498ce80524c014b81119,00000000,,,,,False,,,,,,,,,,False,False
/application/zukanlist/zkn_data/zukan_enc_platinum.narc,/application/zukanlist/zkn_data/zukan_enc_platinum.narc!/member_00821,0,/application/zukanlist/zkn_data/zukan_enc_platinum.narc,133,821,,46360,46364,6676,6680,4,df3f619804a92fdb4057192dc43dd748ea778adc52bc498ce80524c014b81119,00000000,,,,,False,,,,,,,,,,False,False
/application/zukanlist/zkn_data/zukan_enc_platinum.narc,/application/zukanlist/zkn_data/zukan_enc_platinum.narc!/member_00822,0,/application/zukanlist/zkn_data/zukan_enc_platinum.narc,133,822,,46364,46368,6680,6684,4,df3f619804a92fdb4057192dc43dd748ea778adc52bc498ce80524c014b81119,00000000,,,,,False,,,,,,,,,,False,False
/application/zukanlist/zkn_data/zukan_enc_platinum.narc,/application/zukanlist/zkn_data/zukan_enc_platinum.narc!/member_00823,0,/application/zukanlist/zkn_data/zukan_enc_platinum.narc,133,823,,46368,46372,6684,6688,4,df3f619804a92fdb4057192dc43dd748ea778adc52bc498ce80524c014b81119,00000000,,,,,False,,,,,,,,,,False,False
/application/zukanlist/zkn_data/zukan_enc_platinum.narc,/application/zukanlist/zkn_data/zukan_enc_platinum.narc!/member_00824,0,/application/zukanlist/zkn_data/zukan_enc_platinum.narc,133,824,,46372,46376,6688,6692,4,df3f619804a92fdb4057192dc43dd748ea778adc52bc498ce80524c014b81119,00000000,,,,,False,,,,,,,,,,False,False
/application/zukanlist/zkn_data/zukan_enc_platinum.narc,/application/zukanlist/zkn_data/zukan_enc_platinum.narc!/member_00825,0,/application/zukanlist/zkn_data/zukan_enc_platinum.narc,133,825,,46376,46380,6692,6696,4,df3f619804a92fdb4057192dc43dd748ea778adc52bc498ce80524c014b81119,00000000,,,,,False,,,,,,,,,,False,False
/application/zukanlist/zkn_data/zukan_enc_platinum.narc,/application/zukanlist/zkn_data/zukan_enc_platinum.narc!/member_00826,0,/application/zukanlist/zkn_data/zukan_enc_platinum.narc,133,826,,46380,46384,6696,6700,4,df3f619804a92fdb4057192dc43dd748ea778adc52bc498ce80524c014b81119,00000000,,,,,False,,,,,,,,,,False,False
/application/zukanlist/zkn_data/zukan_enc_platinum.narc,/application/zukanlist/zkn_data/zukan_enc_platinum.narc!/member_00827,0,/application/zukanlist/zkn_data/zukan_enc_platinum.narc,133,827,,46384,46388,6700,6704,4,df3f619804a92fdb4057192dc43dd748ea778adc52bc498ce80524c014b81119,00000000,,,,,False,,,,,,,,,,False,False
/application/zukanlist/zkn_data/zukan_enc_platinum.narc,/application/zukanlist/zkn_data/zukan_enc_platinum.narc!/member_00828,0,/application/zukanlist/zkn_data/zukan_enc_platinum.narc,133,828,,46388,46392,6704,6708,4,df3f619804a92fdb4057192dc43dd748ea778adc52bc498ce80524c014b81119,00000000,,,,,False,,,,,,,,,,False,False
/application/zukanlist/zkn_data/zukan_enc_platinum.narc,/application/zukanlist/zkn_data/zukan_enc_platinum.narc!/member_00829,0,/application/zukanlist/zkn_data/zukan_enc_platinum.narc,133,829,,46392,46396,6708,6712,4,df3f619804a92fdb4057192dc43dd748ea778adc52bc498ce80524c014b81119,00000000,,,,,False,,,,,,,,,,False,False
/application/zukanlist/zkn_data/zukan_enc_platinum.narc,/application/zukanlist/zkn_data/zukan_enc_platinum.narc!/member_00830,0,/application/zukanlist/zkn_data/zukan_enc_platinum.narc,133,830,,46396,46400,6712,6716,4,df3f619804a92fdb4057192dc43dd748ea778adc52bc498ce80524c014b81119,00000000,,,,,False,,,,,,,,,,False,False
/application/zukanlist/zkn_data/zukan_enc_platinum.narc,/application/zukanlist/zkn_data/zukan_enc_platinum.narc!/member_00831,0,/application/zukanlist/zkn_data/zukan_enc_platinum.narc,133,831,,46400,46404,6716,6720,4,df3f619804a92fdb4057192dc43dd748ea778adc52bc498ce80524c014b81119,00000000,,,,,False,,,,,,,,,,False,False
/application/zukanlist/zkn_data/zukan_enc_platinum.narc,/application/zukanlist/zkn_data/zukan_enc_platinum.narc!/member_00832,0,/application/zukanlist/zkn_data/zukan_enc_platinum.narc,133,832,,46404,46408,6720,6724,4,df3f619804a92fdb4057192dc43dd748ea778adc52bc498ce80524c014b81119,00000000,,,,,False,,,,,,,,,,False,False
/application/zukanlist/zkn_data/zukan_enc_platinum.narc,/application/zukanlist/zkn_data/zukan_enc_platinum.narc!/member_00833,0,/application/zukanlist/zkn_data/zukan_enc_platinum.narc,133,833,,46408,46412,6724,6728,4,df3f619804a92fdb4057192dc43dd748ea778adc52bc498ce80524c014b81119,00000000,,,,,False,,,,,,,,,,False,False
/application/zukanlist/zkn_data/zukan_enc_platinum.narc,/application/zukanlist/zkn_data/zukan_enc_platinum.narc!/member_00834,0,/application/zukanlist/zkn_data/zukan_enc_platinum.narc,133,834,,46412,46416,6728,6732,4,df3f619804a92fdb4057192dc43dd748ea778adc52bc498ce80524c014b81119,00000000,,,,,False,,,,,,,,,,False,False
/application/zukanlist/zkn_data/zukan_enc_platinum.narc,/application/zukanlist/zkn_data/zukan_enc_platinum.narc!/member_00835,0,/application/zukanlist/zkn_data/zukan_enc_platinum.narc,133,835,,46416,46420,6732,6736,4,df3f619804a92fdb4057192dc43dd748ea778adc52bc498ce80524c014b81119,00000000,,,,,False,,,,,,,,,,False,False
/application/zukanlist/zkn_data/zukan_enc_platinum.narc,/application/zukanlist/zkn_data/zukan_enc_platinum.narc!/member_00836,0,/application/zukanlist/zkn_data/zukan_enc_platinum.narc,133,836,,46420,46424,6736,6740,4,df3f619804a92fdb4057192dc43dd748ea778adc52bc498ce80524c014b81119,00000000,,,,,False,,,,,,,,,,False,False
/application/zukanlist/zkn_data/zukan_enc_platinum.narc,/application/zukanlist/zkn_data/zukan_enc_platinum.narc!/member_00837,0,/application/zukanlist/zkn_data/zukan_enc_platinum.narc,133,837,,46424,46428,6740,6744,4,df3f619804a92fdb4057192dc43dd748ea778adc52bc498ce80524c014b81119,00000000,,,,,False,,,,,,,,,,False,False
/application/zukanlist/zkn_data/zukan_enc_platinum.narc,/application/zukanlist/zkn_data/zukan_enc_platinum.narc!/member_00838,0,/application/zukanlist/zkn_data/zukan_enc_platinum.narc,133,838,,46428,46448,6744,6764,20,a41bcdb761629020cb1abfc43862e94170140e3564387f3ed5f7a436395041c9,03000000040000000700000008000000,,,,,False,,,,,,,,,,False,False
/application/zukanlist/zkn_data/zukan_enc_platinum.narc,/application/zukanlist/zkn_data/zukan_enc_platinum.narc!/member_00839,0,/application/zukanlist/zkn_data/zukan_enc_platinum.narc,133,839,,46448,46468,6764,6784,20,a41bcdb761629020cb1abfc43862e94170140e3564387f3ed5f7a436395041c9,03000000040000000700000008000000,,,,,False,,,,,,,,,,False,False
/application/zukanlist/zkn_data/zukan_enc_platinum.narc,/application/zukanlist/zkn_data/zukan_enc_platinum.narc!/member_00840,0,/application/zukanlist/zkn_data/zukan_enc_platinum.narc,133,840,,46468,46472,6784,6788,4,df3f619804a92fdb4057192dc43dd748ea778adc52bc498ce80524c014b81119,00000000,,,,,False,,,,,,,,,,False,False
/application/zukanlist/zkn_data/zukan_enc_platinum.narc,/application/zukanlist/zkn_data/zukan_enc_platinum.narc!/member_00841,0,/application/zukanlist/zkn_data/zukan_enc_platinum.narc,133,841,,46472,46476,6788,6792,4,df3f619804a92fdb4057192dc43dd748ea778adc52bc498ce80524c014b81119,00000000,,,,,False,,,,,,,,,,False,False
/application/zukanlist/zkn_data/zukan_enc_platinum.narc,/application/zukanlist/zkn_data/zukan_enc_platinum.narc!/member_00842,0,/application/zukanlist/zkn_data/zukan_enc_platinum.narc,133,842,,46476,46480,6792,6796,4,df3f619804a92fdb4057192dc43dd748ea778adc52bc498ce80524c014b81119,00000000,,,,,False,,,,,,,,,,False,False
/application/zukanlist/zkn_data/zukan_enc_platinum.narc,/application/zukanlist/zkn_data/zukan_enc_platinum.narc!/member_00843,0,/application/zukanlist/zkn_data/zukan_enc_platinum.narc,133,843,,46480,46484,6796,6800,4,df3f619804a92fdb4057192dc43dd748ea778adc52bc498ce80524c014b81119,00000000,,,,,False,,,,,,,,,,False,False
/application/zukanlist/zkn_data/zukan_enc_platinum.narc,/application/zukanlist/zkn_data/zukan_enc_platinum.narc!/member_00844,0,/application/zukanlist/zkn_data/zukan_enc_platinum.narc,133,844,,46484,46488,6800,6804,4,df3f619804a92fdb4057192dc43dd748ea778adc52bc498ce80524c014b81119,00000000,,,,,False,,,,,,,,,,False,False
/application/zukanlist/zkn_data/zukan_enc_platinum.narc,/application/zukanlist/zkn_data/zukan_enc_platinum.narc!/member_00845,0,/application/zukanlist/zkn_data/zukan_enc_platinum.narc,133,845,,46488,46492,6804,6808,4,df3f619804a92fdb4057192dc43dd748ea778adc52bc498ce80524c014b81119,00000000,,,,,False,,,,,,,,,,False,False
/application/zukanlist/zkn_data/zukan_enc_platinum.narc,/application/zukanlist/zkn_data/zukan_enc_platinum.narc!/member_00846,0,/application/zukanlist/zkn_data/zukan_enc_platinum.narc,133,846,,46492,46496,6808,6812,4,df3f619804a92fdb4057192dc43dd748ea778adc52bc498ce80524c014b81119,00000000,,,,,False,,,,,,,,,,False,False
/application/zukanlist/zkn_data/zukan_enc_platinum.narc,/application/zukanlist/zkn_data/zukan_enc_platinum.narc!/member_00847,0,/application/zukanlist/zkn_data/zukan_enc_platinum.narc,133,847,,46496,46500,6812,6816,4,df3f619804a92fdb4057192dc43dd748ea778adc52bc498ce80524c014b81119,00000000,,,,,False,,,,,,,,,,False,False
/application/zukanlist/zkn_data/zukan_enc_platinum.narc,/application/zukanlist/zkn_data/zukan_enc_platinum.narc!/member_00848,0,/application/zukanlist/zkn_data/zukan_enc_platinum.narc,133,848,,46500,46504,6816,6820,4,df3f619804a92fdb4057192dc43dd748ea778adc52bc498ce80524c014b81119,00000000,,,,,False,,,,,,,,,,False,False
/application/zukanlist/zkn_data/zukan_enc_platinum.narc,/application/zukanlist/zkn_data/zukan_enc_platinum.narc!/member_00849,0,/application/zukanlist/zkn_data/zukan_enc_platinum.narc,133,849,,46504,46508,6820,6824,4,df3f619804a92fdb4057192dc43dd748ea778adc52bc498ce80524c014b81119,00000000,,,,,False,,,,,,,,,,False,False
/application/zukanlist/zkn_data/zukan_enc_platinum.narc,/application/zukanlist/zkn_data/zukan_enc_platinum.narc!/member_00850,0,/application/zukanlist/zkn_data/zukan_enc_platinum.narc,133,850,,46508,46512,6824,6828,4,df3f619804a92fdb4057192dc43dd748ea778adc52bc498ce80524c014b81119,00000000,,,,,False,,,,,,,,,,False,False
/application/zukanlist/zkn_data/zukan_enc_platinum.narc,/application/zukanlist/zkn_data/zukan_enc_platinum.narc!/member_00851,0,/application/zukanlist/zkn_data/zukan_enc_platinum.narc,133,851,,46512,46516,6828,6832,4,df3f619804a92fdb4057192dc43dd748ea778adc52bc498ce80524c014b81119,00000000,,,,,False,,,,,,,,,,False,False
/application/zukanlist/zkn_data/zukan_enc_platinum.narc,/application/zukanlist/zkn_data/zukan_enc_platinum.narc!/member_00852,0,/application/zukanlist/zkn_data/zukan_enc_platinum.narc,133,852,,46516,46520,6832,6836,4,df3f619804a92fdb4057192dc43dd748ea778adc52bc498ce80524c014b81119,00000000,,,,,False,,,,,,,,,,False,False
/application/zukanlist/zkn_data/zukan_enc_platinum.narc,/application/zukanlist/zkn_data/zukan_enc_platinum.narc!/member_00853,0,/application/zukanlist/zkn_data/zukan_enc_platinum.narc,133,853,,46520,46524,6836,6840,4,df3f619804a92fdb4057192dc43dd748ea778adc52bc498ce80524c014b81119,00000000,,,,,False,,,,,,,,,,False,False
/application/zukanlist/zkn_data/zukan_enc_platinum.narc,/application/zukanlist/zkn_data/zukan_enc_platinum.narc!/member_00854,0,/application/zukanlist/zkn_data/zukan_enc_platinum.narc,133,854,,46524,46532,6840,6848,8,a111f275cc2e7588000001d300a31e76336d15b9d314cd1a1d8f3d3556975eed,0a00000000000000,,,,,False,,,,,,,,,,False,False
/application/zukanlist/zkn_data/zukan_enc_platinum.narc,/application/zukanlist/zkn_data/zukan_enc_platinum.narc!/member_00855,0,/application/zukanlist/zkn_data/zukan_enc_platinum.narc,133,855,,46532,46540,6848,6856,8,a111f275cc2e7588000001d300a31e76336d15b9d314cd1a1d8f3d3556975eed,0a00000000000000,,,,,False,,,,,,,,,,False,False
/application/zukanlist/zkn_data/zukan_enc_platinum.narc,/application/zukanlist/zkn_data/zukan_enc_platinum.narc!/member_00856,0,/application/zukanlist/zkn_data/zukan_enc_platinum.narc,133,856,,46540,46548,6856,6864,8,f0a0278e4372459cca6159cd5e71cfee638302a7b9ca9b05c34181ac0a65ac5d,0400000000000000,,,,,False,,,,,,,,,,False,False
/application/zukanlist/zkn_data/zukan_enc_platinum.narc,/application/zukanlist/zkn_data/zukan_enc_platinum.narc!/member_00857,0,/application/zukanlist/zkn_data/zukan_enc_platinum.narc,133,857,,46548,46560,6864,6876,12,7c16f5631b09eef6cfc2ecdfb0d5336adbaa187c45cf7b6c5e37c4b6dc98158d,030000000a00000000000000,,,,,False,,,,,,,,,,False,False
/application/zukanlist/zkn_data/zukan_enc_platinum.narc,/application/zukanlist/zkn_data/zukan_enc_platinum.narc!/member_00858,0,/application/zukanlist/zkn_data/zukan_enc_platinum.narc,133,858,,46560,46568,6876,6884,8,35be322d094f9d154a8aba4733b8497f180353bd7ae7b0a15f90b586b549f28b,0300000000000000,,,,,False,,,,,,,,,,False,False
/application/zukanlist/zkn_data/zukan_enc_platinum.narc,/application/zukanlist/zkn_data/zukan_enc_platinum.narc!/member_00859,0,/application/zukanlist/zkn_data/zukan_enc_platinum.narc,133,859,,46568,46572,6884,6888,4,df3f619804a92fdb4057192dc43dd748ea778adc52bc498ce80524c014b81119,00000000,,,,,False,,,,,,,,,,False,False
/application/zukanlist/zkn_data/zukan_enc_platinum.narc,/application/zukanlist/zkn_data/zukan_enc_platinum.narc!/member_00860,0,/application/zukanlist/zkn_data/zukan_enc_platinum.narc,133,860,,46572,46576,6888,6892,4,df3f619804a92fdb4057192dc43dd748ea778adc52bc498ce80524c014b81119,00000000,,,,,False,,,,,,,,,,False,False
/application/zukanlist/zkn_data/zukan_enc_platinum.narc,/application/zukanlist/zkn_data/zukan_enc_platinum.narc!/member_00861,0,/application/zukanlist/zkn_data/zukan_enc_platinum.narc,133,861,,46576,46580,6892,6896,4,df3f619804a92fdb4057192dc43dd748ea778adc52bc498ce80524c014b81119,00000000,,,,,False,,,,,,,,,,False,False
/application/zukanlist/zkn_data/zukan_enc_platinum.narc,/application/zukanlist/zkn_data/zukan_enc_platinum.narc!/member_00862,0,/application/zukanlist/zkn_data/zukan_enc_platinum.narc,133,862,,46580,46584,6896,6900,4,df3f619804a92fdb4057192dc43dd748ea778adc52bc498ce80524c014b81119,00000000,,,,,False,,,,,,,,,,False,False
/application/zukanlist/zkn_data/zukan_enc_platinum.narc,/application/zukanlist/zkn_data/zukan_enc_platinum.narc!/member_00863,0,/application/zukanlist/zkn_data/zukan_enc_platinum.narc,133,863,,46584,46588,6900,6904,4,df3f619804a92fdb4057192dc43dd748ea778adc52bc498ce80524c014b81119,00000000,,,,,False,,,,,,,,,,False,False
/application/zukanlist/zkn_data/zukan_enc_platinum.narc,/application/zukanlist/zkn_data/zukan_enc_platinum.narc!/member_00864,0,/application/zukanlist/zkn_data/zukan_enc_platinum.narc,133,864,,46588,46592,6904,6908,4,df3f619804a92fdb4057192dc43dd748ea778adc52bc498ce80524c014b81119,00000000,,,,,False,,,,,,,,,,False,False
/application/zukanlist/zkn_data/zukan_enc_platinum.narc,/application/zukanlist/zkn_data/zukan_enc_platinum.narc!/member_00865,0,/application/zukanlist/zkn_data/zukan_enc_platinum.narc,133,865,,46592,46596,6908,6912,4,df3f619804a92fdb4057192dc43dd748ea778adc52bc498ce80524c014b81119,00000000,,,,,False,,,,,,,,,,False,False
/application/zukanlist/zkn_data/zukan_enc_platinum.narc,/application/zukanlist/zkn_data/zukan_enc_platinum.narc!/member_00866,0,/application/zukanlist/zkn_data/zukan_enc_platinum.narc,133,866,,46596,46600,6912,6916,4,df3f619804a92fdb4057192dc43dd748ea778adc52bc498ce80524c014b81119,00000000,,,,,False,,,,,,,,,,False,False
/application/zukanlist/zkn_data/zukan_enc_platinum.narc,/application/zukanlist/zkn_data/zukan_enc_platinum.narc!/member_00867,0,/application/zukanlist/zkn_data/zukan_enc_platinum.narc,133,867,,46600,46604,6916,6920,4,df3f619804a92fdb4057192dc43dd748ea778adc52bc498ce80524c014b81119,00000000,,,,,False,,,,,,,,,,False,False
/application/zukanlist/zkn_data/zukan_enc_platinum.narc,/application/zukanlist/zkn_data/zukan_enc_platinum.narc!/member_00868,0,/application/zukanlist/zkn_data/zukan_enc_platinum.narc,133,868,,46604,46608,6920,6924,4,df3f619804a92fdb4057192dc43dd748ea778adc52bc498ce80524c014b81119,00000000,,,,,False,,,,,,,,,,False,False
/application/zukanlist/zkn_data/zukan_enc_platinum.narc,/application/zukanlist/zkn_data/zukan_enc_platinum.narc!/member_00869,0,/application/zukanlist/zkn_data/zukan_enc_platinum.narc,133,869,,46608,46612,6924,6928,4,df3f619804a92fdb4057192dc43dd748ea778adc52bc498ce80524c014b81119,00000000,,,,,False,,,,,,,,,,False,False
/application/zukanlist/zkn_data/zukan_enc_platinum.narc,/application/zukanlist/zkn_data/zukan_enc_platinum.narc!/member_00870,0,/application/zukanlist/zkn_data/zukan_enc_platinum.narc,133,870,,46612,46616,6928,6932,4,df3f619804a92fdb4057192dc43dd748ea778adc52bc498ce80524c014b81119,00000000,,,,,False,,,,,,,,,,False,False
/application/zukanlist/zkn_data/zukan_enc_platinum.narc,/application/zukanlist/zkn_data/zukan_enc_platinum.narc!/member_00871,0,/application/zukanlist/zkn_data/zukan_enc_platinum.narc,133,871,,46616,46620,6932,6936,4,df3f619804a92fdb4057192dc43dd748ea778adc52bc498ce80524c014b81119,00000000,,,,,False,,,,,,,,,,False,False
/application/zukanlist/zkn_data/zukan_enc_platinum.narc,/application/zukanlist/zkn_data/zukan_enc_platinum.narc!/member_00872,0,/application/zukanlist/zkn_data/zukan_enc_platinum.narc,133,872,,46620,46624,6936,6940,4,df3f619804a92fdb4057192dc43dd748ea778adc52bc498ce80524c014b81119,00000000,,,,,False,,,,,,,,,,False,False
/application/zukanlist/zkn_data/zukan_enc_platinum.narc,/application/zukanlist/zkn_data/zukan_enc_platinum.narc!/member_00873,0,/application/zukanlist/zkn_data/zukan_enc_platinum.narc,133,873,,46624,46628,6940,6944,4,df3f619804a92fdb4057192dc43dd748ea778adc52bc498ce80524c014b81119,00000000,,,,,False,,,,,,,,,,False,False
/application/zukanlist/zkn_data/zukan_enc_platinum.narc,/application/zukanlist/zkn_data/zukan_enc_platinum.narc!/member_00874,0,/application/zukanlist/zkn_data/zukan_enc_platinum.narc,133,874,,46628,46632,6944,6948,4,df3f619804a92fdb4057192dc43dd748ea778adc52bc498ce80524c014b81119,00000000,,,,,False,,,,,,,,,,False,False
/application/zukanlist/zkn_data/zukan_enc_platinum.narc,/application/zukanlist/zkn_data/zukan_enc_platinum.narc!/member_00875,0,/application/zukanlist/zkn_data/zukan_enc_platinum.narc,133,875,,46632,46636,6948,6952,4,df3f619804a92fdb4057192dc43dd748ea778adc52bc498ce80524c014b81119,00000000,,,,,False,,,,,,,,,,False,False
/application/zukanlist/zkn_data/zukan_enc_platinum.narc,/application/zukanlist/zkn_data/zukan_enc_platinum.narc!/member_00876,0,/application/zukanlist/zkn_data/zukan_enc_platinum.narc,133,876,,46636,46640,6952,6956,4,df3f619804a92fdb4057192dc43dd748ea778adc52bc498ce80524c014b81119,00000000,,,,,False,,,,,,,,,,False,False
/application/zukanlist/zkn_data/zukan_enc_platinum.narc,/application/zukanlist/zkn_data/zukan_enc_platinum.narc!/member_00877,0,/application/zukanlist/zkn_data/zukan_enc_platinum.narc,133,877,,46640,46644,6956,6960,4,df3f619804a92fdb4057192dc43dd748ea778adc52bc498ce80524c014b81119,00000000,,,,,False,,,,,,,,,,False,False
/application/zukanlist/zkn_data/zukan_enc_platinum.narc,/application/zukanlist/zkn_data/zukan_enc_platinum.narc!/member_00878,0,/application/zukanlist/zkn_data/zukan_enc_platinum.narc,133,878,,46644,46648,6960,6964,4,df3f619804a92fdb4057192dc43dd748ea778adc52bc498ce80524c014b81119,00000000,,,,,False,,,,,,,,,,False,False
/application/zukanlist/zkn_data/zukan_enc_platinum.narc,/application/zukanlist/zkn_data/zukan_enc_platinum.narc!/member_00879,0,/application/zukanlist/zkn_data/zukan_enc_platinum.narc,133,879,,46648,46652,6964,6968,4,df3f619804a92fdb4057192dc43dd748ea778adc52bc498ce80524c014b81119,00000000,,,,,False,,,,,,,,,,False,False
/application/zukanlist/zkn_data/zukan_enc_platinum.narc,/application/zukanlist/zkn_data/zukan_enc_platinum.narc!/member_00880,0,/application/zukanlist/zkn_data/zukan_enc_platinum.narc,133,880,,46652,46656,6968,6972,4,df3f619804a92fdb4057192dc43dd748ea778adc52bc498ce80524c014b81119,00000000,,,,,False,,,,,,,,,,False,False
/application/zukanlist/zkn_data/zukan_enc_platinum.narc,/application/zukanlist/zkn_data/zukan_enc_platinum.narc!/member_00881,0,/application/zukanlist/zkn_data/zukan_enc_platinum.narc,133,881,,46656,46660,6972,6976,4,df3f619804a92fdb4057192dc43dd748ea778adc52bc498ce80524c014b81119,00000000,,,,,False,,,,,,,,,,False,False
/application/zukanlist/zkn_data/zukan_enc_platinum.narc,/application/zukanlist/zkn_data/zukan_enc_platinum.narc!/member_00882,0,/application/zukanlist/zkn_data/zukan_enc_platinum.narc,133,882,,46660,46664,6976,6980,4,df3f619804a92fdb4057192dc43dd748ea778adc52bc498ce80524c014b81119,00000000,,,,,False,,,,,,,,,,False,False
/application/zukanlist/zkn_data/zukan_enc_platinum.narc,/application/zukanlist/zkn_data/zukan_enc_platinum.narc!/member_00883,0,/application/zukanlist/zkn_data/zukan_enc_platinum.narc,133,883,,46664,46668,6980,6984,4,df3f619804a92fdb4057192dc43dd748ea778adc52bc498ce80524c014b81119,00000000,,,,,False,,,,,,,,,,False,False
/application/zukanlist/zkn_data/zukan_enc_platinum.narc,/application/zukanlist/zkn_data/zukan_enc_platinum.narc!/member_00884,0,/application/zukanlist/zkn_data/zukan_enc_platinum.narc,133,884,,46668,46672,6984,6988,4,df3f619804a92fdb4057192dc43dd748ea778adc52bc498ce80524c014b81119,00000000,,,,,False,,,,,,,,,,False,False
/application/zukanlist/zkn_data/zukan_enc_platinum.narc,/application/zukanlist/zkn_data/zukan_enc_platinum.narc!/member_00885,0,/application/zukanlist/zkn_data/zukan_enc_platinum.narc,133,885,,46672,46676,6988,6992,4,df3f619804a92fdb4057192dc43dd748ea778adc52bc498ce80524c014b81119,00000000,,,,,False,,,,,,,,,,False,False
/application/zukanlist/zkn_data/zukan_enc_platinum.narc,/application/zukanlist/zkn_data/zukan_enc_platinum.narc!/member_00886,0,/application/zukanlist/zkn_data/zukan_enc_platinum.narc,133,886,,46676,46680,6992,6996,4,df3f619804a92fdb4057192dc43dd748ea778adc52bc498ce80524c014b81119,00000000,,,,,False,,,,,,,,,,False,False
/application/zukanlist/zkn_data/zukan_enc_platinum.narc,/application/zukanlist/zkn_data/zukan_enc_platinum.narc!/member_00887,0,/application/zukanlist/zkn_data/zukan_enc_platinum.narc,133,887,,46680,46684,6996,7000,4,df3f619804a92fdb4057192dc43dd748ea778adc52bc498ce80524c014b81119,00000000,,,,,False,,,,,,,,,,False,False
/application/zukanlist/zkn_data/zukan_enc_platinum.narc,/application/zukanlist/zkn_data/zukan_enc_platinum.narc!/member_00888,0,/application/zukanlist/zkn_data/zukan_enc_platinum.narc,133,888,,46684,46688,7000,7004,4,df3f619804a92fdb4057192dc43dd748ea778adc52bc498ce80524c014b81119,00000000,,,,,False,,,,,,,,,,False,False
/application/zukanlist/zkn_data/zukan_enc_platinum.narc,/application/zukanlist/zkn_data/zukan_enc_platinum.narc!/member_00889,0,/application/zukanlist/zkn_data/zukan_enc_platinum.narc,133,889,,46688,46692,7004,7008,4,df3f619804a92fdb4057192dc43dd748ea778adc52bc498ce80524c014b81119,00000000,,,,,False,,,,,,,,,,False,False
/application/zukanlist/zkn_data/zukan_enc_platinum.narc,/application/zukanlist/zkn_data/zukan_enc_platinum.narc!/member_00890,0,/application/zukanlist/zkn_data/zukan_enc_platinum.narc,133,890,,46692,46696,7008,7012,4,df3f619804a92fdb4057192dc43dd748ea778adc52bc498ce80524c014b81119,00000000,,,,,False,,,,,,,,,,False,False
/application/zukanlist/zkn_data/zukan_enc_platinum.narc,/application/zukanlist/zkn_data/zukan_enc_platinum.narc!/member_00891,0,/application/zukanlist/zkn_data/zukan_enc_platinum.narc,133,891,,46696,46700,7012,7016,4,df3f619804a92fdb4057192dc43dd748ea778adc52bc498ce80524c014b81119,00000000,,,,,False,,,,,,,,,,False,False
/application/zukanlist/zkn_data/zukan_enc_platinum.narc,/application/zukanlist/zkn_data/zukan_enc_platinum.narc!/member_00892,0,/application/zukanlist/zkn_data/zukan_enc_platinum.narc,133,892,,46700,46704,7016,7020,4,df3f619804a92fdb4057192dc43dd748ea778adc52bc498ce80524c014b81119,00000000,,,,,False,,,,,,,,,,False,False
/application/zukanlist/zkn_data/zukan_enc_platinum.narc,/application/zukanlist/zkn_data/zukan_enc_platinum.narc!/member_00893,0,/application/zukanlist/zkn_data/zukan_enc_platinum.narc,133,893,,46704,46708,7020,7024,4,df3f619804a92fdb4057192dc43dd748ea778adc52bc498ce80524c014b81119,00000000,,,,,False,,,,,,,,,,False,False
/application/zukanlist/zkn_data/zukan_enc_platinum.narc,/application/zukanlist/zkn_data/zukan_enc_platinum.narc!/member_00894,0,/application/zukanlist/zkn_data/zukan_enc_platinum.narc,133,894,,46708,46712,7024,7028,4,df3f619804a92fdb4057192dc43dd748ea778adc52bc498ce80524c014b81119,00000000,,,,,False,,,,,,,,,,False,False
/application/zukanlist/zkn_data/zukan_enc_platinum.narc,/application/zukanlist/zkn_data/zukan_enc_platinum.narc!/member_00895,0,/application/zukanlist/zkn_data/zukan_enc_platinum.narc,133,895,,46712,46720,7028,7036,8,35e3a6176b50da27fcb868bf840f0e76290bd9bf55c40545e67bac66353d0674,1100000000000000,,Nintendo LZ11,Probable,,True,Nintendo LZ11,Confirmed,True,0,True,0,e3b0c44298fc1c149afbf4c8996fb92427ae41e4649b934ca495991b7852b855,,,False,False
/application/zukanlist/zkn_data/zukan_enc_platinum.narc,/application/zukanlist/zkn_data/zukan_enc_platinum.narc!/member_00896,0,/application/zukanlist/zkn_data/zukan_enc_platinum.narc,133,896,,46720,46736,7036,7052,16,a91616fc03087082872307781ff4174f4efc9ca1bb94d7435fec23ca6a72a258,0a0000000e0000001200000000000000,,,,,False,,,,,,,,,,False,False
/application/zukanlist/zkn_data/zukan_enc_platinum.narc,/application/zukanlist/zkn_data/zukan_enc_platinum.narc!/member_00897,0,/application/zukanlist/zkn_data/zukan_enc_platinum.narc,133,897,,46736,46740,7052,7056,4,df3f619804a92fdb4057192dc43dd748ea778adc52bc498ce80524c014b81119,00000000,,,,,False,,,,,,,,,,False,False
/application/zukanlist/zkn_data/zukan_enc_platinum.narc,/application/zukanlist/zkn_data/zukan_enc_platinum.narc!/member_00898,0,/application/zukanlist/zkn_data/zukan_enc_platinum.narc,133,898,,46740,46752,7056,7068,12,2c63f354df71e17831ebd1360160d6934c6999aa97f74a9de69ef20a79301499,020000001100000000000000,,,,,False,,,,,,,,,,False,False
/application/zukanlist/zkn_data/zukan_enc_platinum.narc,/application/zukanlist/zkn_data/zukan_enc_platinum.narc!/member_00899,0,/application/zukanlist/zkn_data/zukan_enc_platinum.narc,133,899,,46752,46772,7068,7088,20,955abbad874361154d05754adea303d7ccd90d9c6e3acb6cf4bf0f07701b0b43,040000000a0000001200000013000000,,,,,False,,,,,,,,,,False,False
/application/zukanlist/zkn_data/zukan_enc_platinum.narc,/application/zukanlist/zkn_data/zukan_enc_platinum.narc!/member_00900,0,/application/zukanlist/zkn_data/zukan_enc_platinum.narc,133,900,,46772,46776,7088,7092,4,df3f619804a92fdb4057192dc43dd748ea778adc52bc498ce80524c014b81119,00000000,,,,,False,,,,,,,,,,False,False
/application/zukanlist/zkn_data/zukan_enc_platinum.narc,/application/zukanlist/zkn_data/zukan_enc_platinum.narc!/member_00901,0,/application/zukanlist/zkn_data/zukan_enc_platinum.narc,133,901,,46776,46780,7092,7096,4,df3f619804a92fdb4057192dc43dd748ea778adc52bc498ce80524c014b81119,00000000,,,,,False,,,,,,,,,,False,False
/application/zukanlist/zkn_data/zukan_enc_platinum.narc,/application/zukanlist/zkn_data/zukan_enc_platinum.narc!/member_00902,0,/application/zukanlist/zkn_data/zukan_enc_platinum.narc,133,902,,46780,46784,7096,7100,4,df3f619804a92fdb4057192dc43dd748ea778adc52bc498ce80524c014b81119,00000000,,,,,False,,,,,,,,,,False,False
/application/zukanlist/zkn_data/zukan_enc_platinum.narc,/application/zukanlist/zkn_data/zukan_enc_platinum.narc!/member_00903,0,/application/zukanlist/zkn_data/zukan_enc_platinum.narc,133,903,,46784,46788,7100,7104,4,df3f619804a92fdb4057192dc43dd748ea778adc52bc498ce80524c014b81119,00000000,,,,,False,,,,,,,,,,False,False
/application/zukanlist/zkn_data/zukan_enc_platinum.narc,/application/zukanlist/zkn_data/zukan_enc_platinum.narc!/member_00904,0,/application/zukanlist/zkn_data/zukan_enc_platinum.narc,133,904,,46788,46792,7104,7108,4,df3f619804a92fdb4057192dc43dd748ea778adc52bc498ce80524c014b81119,00000000,,,,,False,,,,,,,,,,False,False
/application/zukanlist/zkn_data/zukan_enc_platinum.narc,/application/zukanlist/zkn_data/zukan_enc_platinum.narc!/member_00905,0,/application/zukanlist/zkn_data/zukan_enc_platinum.narc,133,905,,46792,46800,7108,7116,8,d86e8112f3c4c4442126f8e9f44f16867da487f29052bf91b810457db34209a4,0200000000000000,,,,,False,,,,,,,,,,False,False
/application/zukanlist/zkn_data/zukan_enc_platinum.narc,/application/zukanlist/zkn_data/zukan_enc_platinum.narc!/member_00906,0,/application/zukanlist/zkn_data/zukan_enc_platinum.narc,133,906,,46800,46804,7116,7120,4,df3f619804a92fdb4057192dc43dd748ea778adc52bc498ce80524c014b81119,00000000,,,,,False,,,,,,,,,,False,False
/application/zukanlist/zkn_data/zukan_enc_platinum.narc,/application/zukanlist/zkn_data/zukan_enc_platinum.narc!/member_00907,0,/application/zukanlist/zkn_data/zukan_enc_platinum.narc,133,907,,46804,46808,7120,7124,4,df3f619804a92fdb4057192dc43dd748ea778adc52bc498ce80524c014b81119,00000000,,,,,False,,,,,,,,,,False,False
/application/zukanlist/zkn_data/zukan_enc_platinum.narc,/application/zukanlist/zkn_data/zukan_enc_platinum.narc!/member_00908,0,/application/zukanlist/zkn_data/zukan_enc_platinum.narc,133,908,,46808,46812,7124,7128,4,df3f619804a92fdb4057192dc43dd748ea778adc52bc498ce80524c014b81119,00000000,,,,,False,,,,,,,,,,False,False
/application/zukanlist/zkn_data/zukan_enc_platinum.narc,/application/zukanlist/zkn_data/zukan_enc_platinum.narc!/member_00909,0,/application/zukanlist/zkn_data/zukan_enc_platinum.narc,133,909,,46812,46816,7128,7132,4,df3f619804a92fdb4057192dc43dd748ea778adc52bc498ce80524c014b81119,00000000,,,,,False,,,,,,,,,,False,False
/application/zukanlist/zkn_data/zukan_enc_platinum.narc,/application/zukanlist/zkn_data/zukan_enc_platinum.narc!/member_00910,0,/application/zukanlist/zkn_data/zukan_enc_platinum.narc,133,910,,46816,46820,7132,7136,4,df3f619804a92fdb4057192dc43dd748ea778adc52bc498ce80524c014b81119,00000000,,,,,False,,,,,,,,,,False,False
/application/zukanlist/zkn_data/zukan_enc_platinum.narc,/application/zukanlist/zkn_data/zukan_enc_platinum.narc!/member_00911,0,/application/zukanlist/zkn_data/zukan_enc_platinum.narc,133,911,,46820,46824,7136,7140,4,df3f619804a92fdb4057192dc43dd748ea778adc52bc498ce80524c014b81119,00000000,,,,,False,,,,,,,,,,False,False
/application/zukanlist/zkn_data/zukan_enc_platinum.narc,/application/zukanlist/zkn_data/zukan_enc_platinum.narc!/member_00912,0,/application/zukanlist/zkn_data/zukan_enc_platinum.narc,133,912,,46824,46828,7140,7144,4,df3f619804a92fdb4057192dc43dd748ea778adc52bc498ce80524c014b81119,00000000,,,,,False,,,,,,,,,,False,False
/application/zukanlist/zkn_data/zukan_enc_platinum.narc,/application/zukanlist/zkn_data/zukan_enc_platinum.narc!/member_00913,0,/application/zukanlist/zkn_data/zukan_enc_platinum.narc,133,913,,46828,46832,7144,7148,4,df3f619804a92fdb4057192dc43dd748ea778adc52bc498ce80524c014b81119,00000000,,,,,False,,,,,,,,,,False,False
/application/zukanlist/zkn_data/zukan_enc_platinum.narc,/application/zukanlist/zkn_data/zukan_enc_platinum.narc!/member_00914,0,/application/zukanlist/zkn_data/zukan_enc_platinum.narc,133,914,,46832,46836,7148,7152,4,df3f619804a92fdb4057192dc43dd748ea778adc52bc498ce80524c014b81119,00000000,,,,,False,,,,,,,,,,False,False
/application/zukanlist/zkn_data/zukan_enc_platinum.narc,/application/zukanlist/zkn_data/zukan_enc_platinum.narc!/member_00915,0,/application/zukanlist/zkn_data/zukan_enc_platinum.narc,133,915,,46836,46840,7152,7156,4,df3f619804a92fdb4057192dc43dd748ea778adc52bc498ce80524c014b81119,00000000,,,,,False,,,,,,,,,,False,False
/application/zukanlist/zkn_data/zukan_enc_platinum.narc,/application/zukanlist/zkn_data/zukan_enc_platinum.narc!/member_00916,0,/application/zukanlist/zkn_data/zukan_enc_platinum.narc,133,916,,46840,46844,7156,7160,4,df3f619804a92fdb4057192dc43dd748ea778adc52bc498ce80524c014b81119,00000000,,,,,False,,,,,,,,,,False,False
/application/zukanlist/zkn_data/zukan_enc_platinum.narc,/application/zukanlist/zkn_data/zukan_enc_platinum.narc!/member_00917,0,/application/zukanlist/zkn_data/zukan_enc_platinum.narc,133,917,,46844,46848,7160,7164,4,df3f619804a92fdb4057192dc43dd748ea778adc52bc498ce80524c014b81119,00000000,,,,,False,,,,,,,,,,False,False
/application/zukanlist/zkn_data/zukan_enc_platinum.narc,/application/zukanlist/zkn_data/zukan_enc_platinum.narc!/member_00918,0,/application/zukanlist/zkn_data/zukan_enc_platinum.narc,133,918,,46848,46856,7164,7172,8,23d7f42b1cdc1f0d492ebd756ed0fe8003995dda554d99418d47a81813650207,0600000000000000,,,,,False,,,,,,,,,,False,False
/application/zukanlist/zkn_data/zukan_enc_platinum.narc,/application/zukanlist/zkn_data/zukan_enc_platinum.narc!/member_00919,0,/application/zukanlist/zkn_data/zukan_enc_platinum.narc,133,919,,46856,46860,7172,7176,4,df3f619804a92fdb4057192dc43dd748ea778adc52bc498ce80524c014b81119,00000000,,,,,False,,,,,,,,,,False,False
/application/zukanlist/zkn_data/zukan_enc_platinum.narc,/application/zukanlist/zkn_data/zukan_enc_platinum.narc!/member_00920,0,/application/zukanlist/zkn_data/zukan_enc_platinum.narc,133,920,,46860,46864,7176,7180,4,df3f619804a92fdb4057192dc43dd748ea778adc52bc498ce80524c014b81119,00000000,,,,,False,,,,,,,,,,False,False
/application/zukanlist/zkn_data/zukan_enc_platinum.narc,/application/zukanlist/zkn_data/zukan_enc_platinum.narc!/member_00921,0,/application/zukanlist/zkn_data/zukan_enc_platinum.narc,133,921,,46864,46868,7180,7184,4,df3f619804a92fdb4057192dc43dd748ea778adc52bc498ce80524c014b81119,00000000,,,,,False,,,,,,,,,,False,False
/application/zukanlist/zkn_data/zukan_enc_platinum.narc,/application/zukanlist/zkn_data/zukan_enc_platinum.narc!/member_00922,0,/application/zukanlist/zkn_data/zukan_enc_platinum.narc,133,922,,46868,46872,7184,7188,4,df3f619804a92fdb4057192dc43dd748ea778adc52bc498ce80524c014b81119,00000000,,,,,False,,,,,,,,,,False,False
/application/zukanlist/zkn_data/zukan_enc_platinum.narc,/application/zukanlist/zkn_data/zukan_enc_platinum.narc!/member_00923,0,/application/zukanlist/zkn_data/zukan_enc_platinum.narc,133,923,,46872,46876,7188,7192,4,df3f619804a92fdb4057192dc43dd748ea778adc52bc498ce80524c014b81119,00000000,,,,,False,,,,,,,,,,False,False
/application/zukanlist/zkn_data/zukan_enc_platinum.narc,/application/zukanlist/zkn_data/zukan_enc_platinum.narc!/member_00924,0,/application/zukanlist/zkn_data/zukan_enc_platinum.narc,133,924,,46876,46880,7192,7196,4,df3f619804a92fdb4057192dc43dd748ea778adc52bc498ce80524c014b81119,00000000,,,,,False,,,,,,,,,,False,False
/application/zukanlist/zkn_data/zukan_enc_platinum.narc,/application/zukanlist/zkn_data/zukan_enc_platinum.narc!/member_00925,0,/application/zukanlist/zkn_data/zukan_enc_platinum.narc,133,925,,46880,46884,7196,7200,4,df3f619804a92fdb4057192dc43dd748ea778adc52bc498ce80524c014b81119,00000000,,,,,False,,,,,,,,,,False,False
/application/zukanlist/zkn_data/zukan_enc_platinum.narc,/application/zukanlist/zkn_data/zukan_enc_platinum.narc!/member_00926,0,/application/zukanlist/zkn_data/zukan_enc_platinum.narc,133,926,,46884,46892,7200,7208,8,d86e8112f3c4c4442126f8e9f44f16867da487f29052bf91b810457db34209a4,0200000000000000,,,,,False,,,,,,,,,,False,False
/application/zukanlist/zkn_data/zukan_enc_platinum.narc,/application/zukanlist/zkn_data/zukan_enc_platinum.narc!/member_00927,0,/application/zukanlist/zkn_data/zukan_enc_platinum.narc,133,927,,46892,46896,7208,7212,4,df3f619804a92fdb4057192dc43dd748ea778adc52bc498ce80524c014b81119,00000000,,,,,False,,,,,,,,,,False,False
/application/zukanlist/zkn_data/zukan_enc_platinum.narc,/application/zukanlist/zkn_data/zukan_enc_platinum.narc!/member_00928,0,/application/zukanlist/zkn_data/zukan_enc_platinum.narc,133,928,,46896,46900,7212,7216,4,df3f619804a92fdb4057192dc43dd748ea778adc52bc498ce80524c014b81119,00000000,,,,,False,,,,,,,,,,False,False
/application/zukanlist/zkn_data/zukan_enc_platinum.narc,/application/zukanlist/zkn_data/zukan_enc_platinum.narc!/member_00929,0,/application/zukanlist/zkn_data/zukan_enc_platinum.narc,133,929,,46900,46904,7216,7220,4,df3f619804a92fdb4057192dc43dd748ea778adc52bc498ce80524c014b81119,00000000,,,,,False,,,,,,,,,,False,False
/application/zukanlist/zkn_data/zukan_enc_platinum.narc,/application/zukanlist/zkn_data/zukan_enc_platinum.narc!/member_00930,0,/application/zukanlist/zkn_data/zukan_enc_platinum.narc,133,930,,46904,46908,7220,7224,4,df3f619804a92fdb4057192dc43dd748ea778adc52bc498ce80524c014b81119,00000000,,,,,False,,,,,,,,,,False,False
/application/zukanlist/zkn_data/zukan_enc_platinum.narc,/application/zukanlist/zkn_data/zukan_enc_platinum.narc!/member_00931,0,/application/zukanlist/zkn_data/zukan_enc_platinum.narc,133,931,,46908,46912,7224,7228,4,df3f619804a92fdb4057192dc43dd748ea778adc52bc498ce80524c014b81119,00000000,,,,,False,,,,,,,,,,False,False
/application/zukanlist/zkn_data/zukan_enc_platinum.narc,/application/zukanlist/zkn_data/zukan_enc_platinum.narc!/member_00932,0,/application/zukanlist/zkn_data/zukan_enc_platinum.narc,133,932,,46912,46924,7228,7240,12,7c16f5631b09eef6cfc2ecdfb0d5336adbaa187c45cf7b6c5e37c4b6dc98158d,030000000a00000000000000,,,,,False,,,,,,,,,,False,False
/application/zukanlist/zkn_data/zukan_enc_platinum.narc,/application/zukanlist/zkn_data/zukan_enc_platinum.narc!/member_00933,0,/application/zukanlist/zkn_data/zukan_enc_platinum.narc,133,933,,46924,46928,7240,7244,4,df3f619804a92fdb4057192dc43dd748ea778adc52bc498ce80524c014b81119,00000000,,,,,False,,,,,,,,,,False,False
/application/zukanlist/zkn_data/zukan_enc_platinum.narc,/application/zukanlist/zkn_data/zukan_enc_platinum.narc!/member_00934,0,/application/zukanlist/zkn_data/zukan_enc_platinum.narc,133,934,,46928,46932,7244,7248,4,df3f619804a92fdb4057192dc43dd748ea778adc52bc498ce80524c014b81119,00000000,,,,,False,,,,,,,,,,False,False
/application/zukanlist/zkn_data/zukan_enc_platinum.narc,/application/zukanlist/zkn_data/zukan_enc_platinum.narc!/member_00935,0,/application/zukanlist/zkn_data/zukan_enc_platinum.narc,133,935,,46932,46948,7248,7264,16,a5507ccd6d5f1fdd31538bd736ba6ac1394f6a9592c0bebdf6c58dc518ded264,030000000a0000000c00000000000000,,,,,False,,,,,,,,,,False,False
/application/zukanlist/zkn_data/zukan_enc_platinum.narc,/application/zukanlist/zkn_data/zukan_enc_platinum.narc!/member_00936,0,/application/zukanlist/zkn_data/zukan_enc_platinum.narc,133,936,,46948,46960,7264,7276,12,7c16f5631b09eef6cfc2ecdfb0d5336adbaa187c45cf7b6c5e37c4b6dc98158d,030000000a00000000000000,,,,,False,,,,,,,,,,False,False
/application/zukanlist/zkn_data/zukan_enc_platinum.narc,/application/zukanlist/zkn_data/zukan_enc_platinum.narc!/member_00937,0,/application/zukanlist/zkn_data/zukan_enc_platinum.narc,133,937,,46960,46964,7276,7280,4,df3f619804a92fdb4057192dc43dd748ea778adc52bc498ce80524c014b81119,00000000,,,,,False,,,,,,,,,,False,False
/application/zukanlist/zkn_data/zukan_enc_platinum.narc,/application/zukanlist/zkn_data/zukan_enc_platinum.narc!/member_00938,0,/application/zukanlist/zkn_data/zukan_enc_platinum.narc,133,938,,46964,46968,7280,7284,4,df3f619804a92fdb4057192dc43dd748ea778adc52bc498ce80524c014b81119,00000000,,,,,False,,,,,,,,,,False,False
/application/zukanlist/zkn_data/zukan_enc_platinum.narc,/application/zukanlist/zkn_data/zukan_enc_platinum.narc!/member_00939,0,/application/zukanlist/zkn_data/zukan_enc_platinum.narc,133,939,,46968,46972,7284,7288,4,df3f619804a92fdb4057192dc43dd748ea778adc52bc498ce80524c014b81119,00000000,,,,,False,,,,,,,,,,False,False
/application/zukanlist/zkn_data/zukan_enc_platinum.narc,/application/zukanlist/zkn_data/zukan_enc_platinum.narc!/member_00940,0,/application/zukanlist/zkn_data/zukan_enc_platinum.narc,133,940,,46972,46976,7288,7292,4,df3f619804a92fdb4057192dc43dd748ea778adc52bc498ce80524c014b81119,00000000,,,,,False,,,,,,,,,,False,False
/application/zukanlist/zkn_data/zukan_enc_platinum.narc,/application/zukanlist/zkn_data/zukan_enc_platinum.narc!/member_00941,0,/application/zukanlist/zkn_data/zukan_enc_platinum.narc,133,941,,46976,46980,7292,7296,4,df3f619804a92fdb4057192dc43dd748ea778adc52bc498ce80524c014b81119,00000000,,,,,False,,,,,,,,,,False,False
/application/zukanlist/zkn_data/zukan_enc_platinum.narc,/application/zukanlist/zkn_data/zukan_enc_platinum.narc!/member_00942,0,/application/zukanlist/zkn_data/zukan_enc_platinum.narc,133,942,,46980,46988,7296,7304,8,220dde27afee4d537cac96d85d6546f825153b90e828931b74e103807541bc42,0c00000000000000,,,,,False,,,,,,,,,,False,False
/application/zukanlist/zkn_data/zukan_enc_platinum.narc,/application/zukanlist/zkn_data/zukan_enc_platinum.narc!/member_00943,0,/application/zukanlist/zkn_data/zukan_enc_platinum.narc,133,943,,46988,46996,7304,7312,8,23d7f42b1cdc1f0d492ebd756ed0fe8003995dda554d99418d47a81813650207,0600000000000000,,,,,False,,,,,,,,,,False,False
/application/zukanlist/zkn_data/zukan_enc_platinum.narc,/application/zukanlist/zkn_data/zukan_enc_platinum.narc!/member_00944,0,/application/zukanlist/zkn_data/zukan_enc_platinum.narc,133,944,,46996,47000,7312,7316,4,df3f619804a92fdb4057192dc43dd748ea778adc52bc498ce80524c014b81119,00000000,,,,,False,,,,,,,,,,False,False
/application/zukanlist/zkn_data/zukan_enc_platinum.narc,/application/zukanlist/zkn_data/zukan_enc_platinum.narc!/member_00945,0,/application/zukanlist/zkn_data/zukan_enc_platinum.narc,133,945,,47000,47004,7316,7320,4,df3f619804a92fdb4057192dc43dd748ea778adc52bc498ce80524c014b81119,00000000,,,,,False,,,,,,,,,,False,False
/application/zukanlist/zkn_data/zukan_enc_platinum.narc,/application/zukanlist/zkn_data/zukan_enc_platinum.narc!/member_00946,0,/application/zukanlist/zkn_data/zukan_enc_platinum.narc,133,946,,47004,47008,7320,7324,4,df3f619804a92fdb4057192dc43dd748ea778adc52bc498ce80524c014b81119,00000000,,,,,False,,,,,,,,,,False,False
/application/zukanlist/zkn_data/zukan_enc_platinum.narc,/application/zukanlist/zkn_data/zukan_enc_platinum.narc!/member_00947,0,/application/zukanlist/zkn_data/zukan_enc_platinum.narc,133,947,,47008,47012,7324,7328,4,df3f619804a92fdb4057192dc43dd748ea778adc52bc498ce80524c014b81119,00000000,,,,,False,,,,,,,,,,False,False
/application/zukanlist/zkn_data/zukan_enc_platinum.narc,/application/zukanlist/zkn_data/zukan_enc_platinum.narc!/member_00948,0,/application/zukanlist/zkn_data/zukan_enc_platinum.narc,133,948,,47012,47020,7328,7336,8,b0bd73e6922c0d2496dbcb99eac08eb5870090e59f6e06b1eb477d540002a5cd,0d00000000000000,,,,,False,,,,,,,,,,False,False
/application/zukanlist/zkn_data/zukan_enc_platinum.narc,/application/zukanlist/zkn_data/zukan_enc_platinum.narc!/member_00949,0,/application/zukanlist/zkn_data/zukan_enc_platinum.narc,133,949,,47020,47024,7336,7340,4,df3f619804a92fdb4057192dc43dd748ea778adc52bc498ce80524c014b81119,00000000,,,,,False,,,,,,,,,,False,False
/application/zukanlist/zkn_data/zukan_enc_platinum.narc,/application/zukanlist/zkn_data/zukan_enc_platinum.narc!/member_00950,0,/application/zukanlist/zkn_data/zukan_enc_platinum.narc,133,950,,47024,47028,7340,7344,4,df3f619804a92fdb4057192dc43dd748ea778adc52bc498ce80524c014b81119,00000000,,,,,False,,,,,,,,,,False,False
/application/zukanlist/zkn_data/zukan_enc_platinum.narc,/application/zukanlist/zkn_data/zukan_enc_platinum.narc!/member_00951,0,/application/zukanlist/zkn_data/zukan_enc_platinum.narc,133,951,,47028,47032,7344,7348,4,df3f619804a92fdb4057192dc43dd748ea778adc52bc498ce80524c014b81119,00000000,,,,,False,,,,,,,,,,False,False
/application/zukanlist/zkn_data/zukan_enc_platinum.narc,/application/zukanlist/zkn_data/zukan_enc_platinum.narc!/member_00952,0,/application/zukanlist/zkn_data/zukan_enc_platinum.narc,133,952,,47032,47036,7348,7352,4,df3f619804a92fdb4057192dc43dd748ea778adc52bc498ce80524c014b81119,00000000,,,,,False,,,,,,,,,,False,False
/application/zukanlist/zkn_data/zukan_enc_platinum.narc,/application/zukanlist/zkn_data/zukan_enc_platinum.narc!/member_00953,0,/application/zukanlist/zkn_data/zukan_enc_platinum.narc,133,953,,47036,47040,7352,7356,4,df3f619804a92fdb4057192dc43dd748ea778adc52bc498ce80524c014b81119,00000000,,,,,False,,,,,,,,,,False,False
/application/zukanlist/zkn_data/zukan_enc_platinum.narc,/application/zukanlist/zkn_data/zukan_enc_platinum.narc!/member_00954,0,/application/zukanlist/zkn_data/zukan_enc_platinum.narc,133,954,,47040,47044,7356,7360,4,df3f619804a92fdb4057192dc43dd748ea778adc52bc498ce80524c014b81119,00000000,,,,,False,,,,,,,,,,False,False
/application/zukanlist/zkn_data/zukan_enc_platinum.narc,/application/zukanlist/zkn_data/zukan_enc_platinum.narc!/member_00955,0,/application/zukanlist/zkn_data/zukan_enc_platinum.narc,133,955,,47044,47048,7360,7364,4,df3f619804a92fdb4057192dc43dd748ea778adc52bc498ce80524c014b81119,00000000,,,,,False,,,,,,,,,,False,False
/application/zukanlist/zkn_data/zukan_enc_platinum.narc,/application/zukanlist/zkn_data/zukan_enc_platinum.narc!/member_00956,0,/application/zukanlist/zkn_data/zukan_enc_platinum.narc,133,956,,47048,47052,7364,7368,4,df3f619804a92fdb4057192dc43dd748ea778adc52bc498ce80524c014b81119,00000000,,,,,False,,,,,,,,,,False,False
/application/zukanlist/zkn_data/zukan_enc_platinum.narc,/application/zukanlist/zkn_data/zukan_enc_platinum.narc!/member_00957,0,/application/zukanlist/zkn_data/zukan_enc_platinum.narc,133,957,,47052,47056,7368,7372,4,df3f619804a92fdb4057192dc43dd748ea778adc52bc498ce80524c014b81119,00000000,,,,,False,,,,,,,,,,False,False
/application/zukanlist/zkn_data/zukan_enc_platinum.narc,/application/zukanlist/zkn_data/zukan_enc_platinum.narc!/member_00958,0,/application/zukanlist/zkn_data/zukan_enc_platinum.narc,133,958,,47056,47068,7372,7384,12,9aa25ea5939f88dc17ed9ea826d634bb9b4f9146c4752ffbbbe8c6f44d9ecf71,030000001300000000000000,,,,,False,,,,,,,,,,False,False
/application/zukanlist/zkn_data/zukan_enc_platinum.narc,/application/zukanlist/zkn_data/zukan_enc_platinum.narc!/member_00959,0,/application/zukanlist/zkn_data/zukan_enc_platinum.narc,133,959,,47068,47076,7384,7392,8,35be322d094f9d154a8aba4733b8497f180353bd7ae7b0a15f90b586b549f28b,0300000000000000,,,,,False,,,,,,,,,,False,False
/application/zukanlist/zkn_data/zukan_enc_platinum.narc,/application/zukanlist/zkn_data/zukan_enc_platinum.narc!/member_00960,0,/application/zukanlist/zkn_data/zukan_enc_platinum.narc,133,960,,47076,47080,7392,7396,4,df3f619804a92fdb4057192dc43dd748ea778adc52bc498ce80524c014b81119,00000000,,,,,False,,,,,,,,,,False,False
/application/zukanlist/zkn_data/zukan_enc_platinum.narc,/application/zukanlist/zkn_data/zukan_enc_platinum.narc!/member_00961,0,/application/zukanlist/zkn_data/zukan_enc_platinum.narc,133,961,,47080,47084,7396,7400,4,df3f619804a92fdb4057192dc43dd748ea778adc52bc498ce80524c014b81119,00000000,,,,,False,,,,,,,,,,False,False
/application/zukanlist/zkn_data/zukan_enc_platinum.narc,/application/zukanlist/zkn_data/zukan_enc_platinum.narc!/member_00962,0,/application/zukanlist/zkn_data/zukan_enc_platinum.narc,133,962,,47084,47088,7400,7404,4,df3f619804a92fdb4057192dc43dd748ea778adc52bc498ce80524c014b81119,00000000,,,,,False,,,,,,,,,,False,False
/application/zukanlist/zkn_data/zukan_enc_platinum.narc,/application/zukanlist/zkn_data/zukan_enc_platinum.narc!/member_00963,0,/application/zukanlist/zkn_data/zukan_enc_platinum.narc,133,963,,47088,47092,7404,7408,4,df3f619804a92fdb4057192dc43dd748ea778adc52bc498ce80524c014b81119,00000000,,,,,False,,,,,,,,,,False,False
/application/zukanlist/zkn_data/zukan_enc_platinum.narc,/application/zukanlist/zkn_data/zukan_enc_platinum.narc!/member_00964,0,/application/zukanlist/zkn_data/zukan_enc_platinum.narc,133,964,,47092,47096,7408,7412,4,df3f619804a92fdb4057192dc43dd748ea778adc52bc498ce80524c014b81119,00000000,,,,,False,,,,,,,,,,False,False
/application/zukanlist/zkn_data/zukan_enc_platinum.narc,/application/zukanlist/zkn_data/zukan_enc_platinum.narc!/member_00965,0,/application/zukanlist/zkn_data/zukan_enc_platinum.narc,133,965,,47096,47100,7412,7416,4,df3f619804a92fdb4057192dc43dd748ea778adc52bc498ce80524c014b81119,00000000,,,,,False,,,,,,,,,,False,False
/application/zukanlist/zkn_data/zukan_enc_platinum.narc,/application/zukanlist/zkn_data/zukan_enc_platinum.narc!/member_00966,0,/application/zukanlist/zkn_data/zukan_enc_platinum.narc,133,966,,47100,47104,7416,7420,4,df3f619804a92fdb4057192dc43dd748ea778adc52bc498ce80524c014b81119,00000000,,,,,False,,,,,,,,,,False,False
/application/zukanlist/zkn_data/zukan_enc_platinum.narc,/application/zukanlist/zkn_data/zukan_enc_platinum.narc!/member_00967,0,/application/zukanlist/zkn_data/zukan_enc_platinum.narc,133,967,,47104,47108,7420,7424,4,df3f619804a92fdb4057192dc43dd748ea778adc52bc498ce80524c014b81119,00000000,,,,,False,,,,,,,,,,False,False
/application/zukanlist/zkn_data/zukan_enc_platinum.narc,/application/zukanlist/zkn_data/zukan_enc_platinum.narc!/member_00968,0,/application/zukanlist/zkn_data/zukan_enc_platinum.narc,133,968,,47108,47112,7424,7428,4,df3f619804a92fdb4057192dc43dd748ea778adc52bc498ce80524c014b81119,00000000,,,,,False,,,,,,,,,,False,False
/application/zukanlist/zkn_data/zukan_enc_platinum.narc,/application/zukanlist/zkn_data/zukan_enc_platinum.narc!/member_00969,0,/application/zukanlist/zkn_data/zukan_enc_platinum.narc,133,969,,47112,47116,7428,7432,4,df3f619804a92fdb4057192dc43dd748ea778adc52bc498ce80524c014b81119,00000000,,,,,False,,,,,,,,,,False,False
/application/zukanlist/zkn_data/zukan_enc_platinum.narc,/application/zukanlist/zkn_data/zukan_enc_platinum.narc!/member_00970,0,/application/zukanlist/zkn_data/zukan_enc_platinum.narc,133,970,,47116,47120,7432,7436,4,df3f619804a92fdb4057192dc43dd748ea778adc52bc498ce80524c014b81119,00000000,,,,,False,,,,,,,,,,False,False
/application/zukanlist/zkn_data/zukan_enc_platinum.narc,/application/zukanlist/zkn_data/zukan_enc_platinum.narc!/member_00971,0,/application/zukanlist/zkn_data/zukan_enc_platinum.narc,133,971,,47120,47124,7436,7440,4,df3f619804a92fdb4057192dc43dd748ea778adc52bc498ce80524c014b81119,00000000,,,,,False,,,,,,,,,,False,False
/application/zukanlist/zkn_data/zukan_enc_platinum.narc,/application/zukanlist/zkn_data/zukan_enc_platinum.narc!/member_00972,0,/application/zukanlist/zkn_data/zukan_enc_platinum.narc,133,972,,47124,47128,7440,7444,4,df3f619804a92fdb4057192dc43dd748ea778adc52bc498ce80524c014b81119,00000000,,,,,False,,,,,,,,,,False,False
/application/zukanlist/zkn_data/zukan_enc_platinum.narc,/application/zukanlist/zkn_data/zukan_enc_platinum.narc!/member_00973,0,/application/zukanlist/zkn_data/zukan_enc_platinum.narc,133,973,,47128,47132,7444,7448,4,df3f619804a92fdb4057192dc43dd748ea778adc52bc498ce80524c014b81119,00000000,,,,,False,,,,,,,,,,False,False
/application/zukanlist/zkn_data/zukan_enc_platinum.narc,/application/zukanlist/zkn_data/zukan_enc_platinum.narc!/member_00974,0,/application/zukanlist/zkn_data/zukan_enc_platinum.narc,133,974,,47132,47136,7448,7452,4,df3f619804a92fdb4057192dc43dd748ea778adc52bc498ce80524c014b81119,00000000,,,,,False,,,,,,,,,,False,False
/application/zukanlist/zkn_data/zukan_enc_platinum.narc,/application/zukanlist/zkn_data/zukan_enc_platinum.narc!/member_00975,0,/application/zukanlist/zkn_data/zukan_enc_platinum.narc,133,975,,47136,47140,7452,7456,4,df3f619804a92fdb4057192dc43dd748ea778adc52bc498ce80524c014b81119,00000000,,,,,False,,,,,,,,,,False,False
/application/zukanlist/zkn_data/zukan_enc_platinum.narc,/application/zukanlist/zkn_data/zukan_enc_platinum.narc!/member_00976,0,/application/zukanlist/zkn_data/zukan_enc_platinum.narc,133,976,,47140,47144,7456,7460,4,df3f619804a92fdb4057192dc43dd748ea778adc52bc498ce80524c014b81119,00000000,,,,,False,,,,,,,,,,False,False
/application/zukanlist/zkn_data/zukan_enc_platinum.narc,/application/zukanlist/zkn_data/zukan_enc_platinum.narc!/member_00977,0,/application/zukanlist/zkn_data/zukan_enc_platinum.narc,133,977,,47144,47148,7460,7464,4,df3f619804a92fdb4057192dc43dd748ea778adc52bc498ce80524c014b81119,00000000,,,,,False,,,,,,,,,,False,False
/application/zukanlist/zkn_data/zukan_enc_platinum.narc,/application/zukanlist/zkn_data/zukan_enc_platinum.narc!/member_00978,0,/application/zukanlist/zkn_data/zukan_enc_platinum.narc,133,978,,47148,47152,7464,7468,4,df3f619804a92fdb4057192dc43dd748ea778adc52bc498ce80524c014b81119,00000000,,,,,False,,,,,,,,,,False,False
/application/zukanlist/zkn_data/zukan_enc_platinum.narc,/application/zukanlist/zkn_data/zukan_enc_platinum.narc!/member_00979,0,/application/zukanlist/zkn_data/zukan_enc_platinum.narc,133,979,,47152,47156,7468,7472,4,df3f619804a92fdb4057192dc43dd748ea778adc52bc498ce80524c014b81119,00000000,,,,,False,,,,,,,,,,False,False
/application/zukanlist/zkn_data/zukan_enc_platinum.narc,/application/zukanlist/zkn_data/zukan_enc_platinum.narc!/member_00980,0,/application/zukanlist/zkn_data/zukan_enc_platinum.narc,133,980,,47156,47160,7472,7476,4,df3f619804a92fdb4057192dc43dd748ea778adc52bc498ce80524c014b81119,00000000,,,,,False,,,,,,,,,,False,False
/application/zukanlist/zkn_data/zukan_enc_platinum.narc,/application/zukanlist/zkn_data/zukan_enc_platinum.narc!/member_00981,0,/application/zukanlist/zkn_data/zukan_enc_platinum.narc,133,981,,47160,47164,7476,7480,4,df3f619804a92fdb4057192dc43dd748ea778adc52bc498ce80524c014b81119,00000000,,,,,False,,,,,,,,,,False,False
/application/zukanlist/zkn_data/zukan_enc_platinum.narc,/application/zukanlist/zkn_data/zukan_enc_platinum.narc!/member_00982,0,/application/zukanlist/zkn_data/zukan_enc_platinum.narc,133,982,,47164,47168,7480,7484,4,df3f619804a92fdb4057192dc43dd748ea778adc52bc498ce80524c014b81119,00000000,,,,,False,,,,,,,,,,False,False
/application/zukanlist/zkn_data/zukan_enc_platinum.narc,/application/zukanlist/zkn_data/zukan_enc_platinum.narc!/member_00983,0,/application/zukanlist/zkn_data/zukan_enc_platinum.narc,133,983,,47168,47172,7484,7488,4,df3f619804a92fdb4057192dc43dd748ea778adc52bc498ce80524c014b81119,00000000,,,,,False,,,,,,,,,,False,False
/application/zukanlist/zkn_data/zukan_enc_platinum.narc,/application/zukanlist/zkn_data/zukan_enc_platinum.narc!/member_00984,0,/application/zukanlist/zkn_data/zukan_enc_platinum.narc,133,984,,47172,47176,7488,7492,4,df3f619804a92fdb4057192dc43dd748ea778adc52bc498ce80524c014b81119,00000000,,,,,False,,,,,,,,,,False,False
/application/zukanlist/zkn_data/zukan_enc_platinum.narc,/application/zukanlist/zkn_data/zukan_enc_platinum.narc!/member_00985,0,/application/zukanlist/zkn_data/zukan_enc_platinum.narc,133,985,,47176,47180,7492,7496,4,df3f619804a92fdb4057192dc43dd748ea778adc52bc498ce80524c014b81119,00000000,,,,,False,,,,,,,,,,False,False
/application/zukanlist/zkn_data/zukan_enc_platinum.narc,/application/zukanlist/zkn_data/zukan_enc_platinum.narc!/member_00986,0,/application/zukanlist/zkn_data/zukan_enc_platinum.narc,133,986,,47180,47184,7496,7500,4,df3f619804a92fdb4057192dc43dd748ea778adc52bc498ce80524c014b81119,00000000,,,,,False,,,,,,,,,,False,False
/application/zukanlist/zkn_data/zukan_enc_platinum.narc,/application/zukanlist/zkn_data/zukan_enc_platinum.narc!/member_00987,0,/application/zukanlist/zkn_data/zukan_enc_platinum.narc,133,987,,47184,47188,7500,7504,4,df3f619804a92fdb4057192dc43dd748ea778adc52bc498ce80524c014b81119,00000000,,,,,False,,,,,,,,,,False,False
/application/zukanlist/zkn_data/zukan_enc_platinum.narc,/application/zukanlist/zkn_data/zukan_enc_platinum.narc!/member_00988,0,/application/zukanlist/zkn_data/zukan_enc_platinum.narc,133,988,,47188,47192,7504,7508,4,df3f619804a92fdb4057192dc43dd748ea778adc52bc498ce80524c014b81119,00000000,,,,,False,,,,,,,,,,False,False
/application/zukanlist/zkn_data/zukan_enc_platinum.narc,/application/zukanlist/zkn_data/zukan_enc_platinum.narc!/member_00989,0,/application/zukanlist/zkn_data/zukan_enc_platinum.narc,133,989,,47192,47196,7508,7512,4,df3f619804a92fdb4057192dc43dd748ea778adc52bc498ce80524c014b81119,00000000,,,,,False,,,,,,,,,,False,False
/application/zukanlist/zkn_data/zukan_enc_platinum.narc,/application/zukanlist/zkn_data/zukan_enc_platinum.narc!/member_00990,0,/application/zukanlist/zkn_data/zukan_enc_platinum.narc,133,990,,47196,47200,7512,7516,4,df3f619804a92fdb4057192dc43dd748ea778adc52bc498ce80524c014b81119,00000000,,,,,False,,,,,,,,,,False,False
/application/zukanlist/zkn_data/zukan_enc_platinum.narc,/application/zukanlist/zkn_data/zukan_enc_platinum.narc!/member_00991,0,/application/zukanlist/zkn_data/zukan_enc_platinum.narc,133,991,,47200,47204,7516,7520,4,df3f619804a92fdb4057192dc43dd748ea778adc52bc498ce80524c014b81119,00000000,,,,,False,,,,,,,,,,False,False
/application/zukanlist/zkn_data/zukan_enc_platinum.narc,/application/zukanlist/zkn_data/zukan_enc_platinum.narc!/member_00992,0,/application/zukanlist/zkn_data/zukan_enc_platinum.narc,133,992,,47204,47208,7520,7524,4,df3f619804a92fdb4057192dc43dd748ea778adc52bc498ce80524c014b81119,00000000,,,,,False,,,,,,,,,,False,False
/application/zukanlist/zkn_data/zukan_enc_platinum.narc,/application/zukanlist/zkn_data/zukan_enc_platinum.narc!/member_00993,0,/application/zukanlist/zkn_data/zukan_enc_platinum.narc,133,993,,47208,47212,7524,7528,4,df3f619804a92fdb4057192dc43dd748ea778adc52bc498ce80524c014b81119,00000000,,,,,False,,,,,,,,,,False,False
/application/zukanlist/zkn_data/zukan_enc_platinum.narc,/application/zukanlist/zkn_data/zukan_enc_platinum.narc!/member_00994,0,/application/zukanlist/zkn_data/zukan_enc_platinum.narc,133,994,,47212,47276,7528,7592,64,f32d112ddbdceee004e3eb54d2b6a07a38be11eebe6a7e5abc8ff0046599af9c,01000000020000000300000005000000,,,,,False,,,,,,,,,,False,False
/application/zukanlist/zkn_data/zukan_enc_platinum.narc,/application/zukanlist/zkn_data/zukan_enc_platinum.narc!/member_00995,0,/application/zukanlist/zkn_data/zukan_enc_platinum.narc,133,995,,47276,47280,7592,7596,4,df3f619804a92fdb4057192dc43dd748ea778adc52bc498ce80524c014b81119,00000000,,,,,False,,,,,,,,,,False,False
/application/zukanlist/zkn_data/zukan_enc_platinum.narc,/application/zukanlist/zkn_data/zukan_enc_platinum.narc!/member_00996,0,/application/zukanlist/zkn_data/zukan_enc_platinum.narc,133,996,,47280,47284,7596,7600,4,df3f619804a92fdb4057192dc43dd748ea778adc52bc498ce80524c014b81119,00000000,,,,,False,,,,,,,,,,False,False
/application/zukanlist/zkn_data/zukan_enc_platinum.narc,/application/zukanlist/zkn_data/zukan_enc_platinum.narc!/member_00997,0,/application/zukanlist/zkn_data/zukan_enc_platinum.narc,133,997,,47284,47288,7600,7604,4,df3f619804a92fdb4057192dc43dd748ea778adc52bc498ce80524c014b81119,00000000,,,,,False,,,,,,,,,,False,False
/application/zukanlist/zkn_data/zukan_enc_platinum.narc,/application/zukanlist/zkn_data/zukan_enc_platinum.narc!/member_00998,0,/application/zukanlist/zkn_data/zukan_enc_platinum.narc,133,998,,47288,47292,7604,7608,4,df3f619804a92fdb4057192dc43dd748ea778adc52bc498ce80524c014b81119,00000000,,,,,False,,,,,,,,,,False,False
/application/zukanlist/zkn_data/zukan_enc_platinum.narc,/application/zukanlist/zkn_data/zukan_enc_platinum.narc!/member_00999,0,/application/zukanlist/zkn_data/zukan_enc_platinum.narc,133,999,,47292,47296,7608,7612,4,df3f619804a92fdb4057192dc43dd748ea778adc52bc498ce80524c014b81119,00000000,,,,,False,,,,,,,,,,False,False
/application/zukanlist/zkn_data/zukan_enc_platinum.narc,/application/zukanlist/zkn_data/zukan_enc_platinum.narc!/member_01000,0,/application/zukanlist/zkn_data/zukan_enc_platinum.narc,133,1000,,47296,47300,7612,7616,4,df3f619804a92fdb4057192dc43dd748ea778adc52bc498ce80524c014b81119,00000000,,,,,False,,,,,,,,,,False,False
/application/zukanlist/zkn_data/zukan_enc_platinum.narc,/application/zukanlist/zkn_data/zukan_enc_platinum.narc!/member_01001,0,/application/zukanlist/zkn_data/zukan_enc_platinum.narc,133,1001,,47300,47304,7616,7620,4,df3f619804a92fdb4057192dc43dd748ea778adc52bc498ce80524c014b81119,00000000,,,,,False,,,,,,,,,,False,False
/application/zukanlist/zkn_data/zukan_enc_platinum.narc,/application/zukanlist/zkn_data/zukan_enc_platinum.narc!/member_01002,0,/application/zukanlist/zkn_data/zukan_enc_platinum.narc,133,1002,,47304,47308,7620,7624,4,df3f619804a92fdb4057192dc43dd748ea778adc52bc498ce80524c014b81119,00000000,,,,,False,,,,,,,,,,False,False
/application/zukanlist/zkn_data/zukan_enc_platinum.narc,/application/zukanlist/zkn_data/zukan_enc_platinum.narc!/member_01003,0,/application/zukanlist/zkn_data/zukan_enc_platinum.narc,133,1003,,47308,47312,7624,7628,4,df3f619804a92fdb4057192dc43dd748ea778adc52bc498ce80524c014b81119,00000000,,,,,False,,,,,,,,,,False,False
/application/zukanlist/zkn_data/zukan_enc_platinum.narc,/application/zukanlist/zkn_data/zukan_enc_platinum.narc!/member_01004,0,/application/zukanlist/zkn_data/zukan_enc_platinum.narc,133,1004,,47312,47316,7628,7632,4,df3f619804a92fdb4057192dc43dd748ea778adc52bc498ce80524c014b81119,00000000,,,,,False,,,,,,,,,,False,False
/application/zukanlist/zkn_data/zukan_enc_platinum.narc,/application/zukanlist/zkn_data/zukan_enc_platinum.narc!/member_01005,0,/application/zukanlist/zkn_data/zukan_enc_platinum.narc,133,1005,,47316,47320,7632,7636,4,df3f619804a92fdb4057192dc43dd748ea778adc52bc498ce80524c014b81119,00000000,,,,,False,,,,,,,,,,False,False
/application/zukanlist/zkn_data/zukan_enc_platinum.narc,/application/zukanlist/zkn_data/zukan_enc_platinum.narc!/member_01006,0,/application/zukanlist/zkn_data/zukan_enc_platinum.narc,133,1006,,47320,47324,7636,7640,4,df3f619804a92fdb4057192dc43dd748ea778adc52bc498ce80524c014b81119,00000000,,,,,False,,,,,,,,,,False,False
/application/zukanlist/zkn_data/zukan_enc_platinum.narc,/application/zukanlist/zkn_data/zukan_enc_platinum.narc!/member_01007,0,/application/zukanlist/zkn_data/zukan_enc_platinum.narc,133,1007,,47324,47328,7640,7644,4,df3f619804a92fdb4057192dc43dd748ea778adc52bc498ce80524c014b81119,00000000,,,,,False,,,,,,,,,,False,False
/application/zukanlist/zkn_data/zukan_enc_platinum.narc,/application/zukanlist/zkn_data/zukan_enc_platinum.narc!/member_01008,0,/application/zukanlist/zkn_data/zukan_enc_platinum.narc,133,1008,,47328,47332,7644,7648,4,df3f619804a92fdb4057192dc43dd748ea778adc52bc498ce80524c014b81119,00000000,,,,,False,,,,,,,,,,False,False
/application/zukanlist/zkn_data/zukan_enc_platinum.narc,/application/zukanlist/zkn_data/zukan_enc_platinum.narc!/member_01009,0,/application/zukanlist/zkn_data/zukan_enc_platinum.narc,133,1009,,47332,47336,7648,7652,4,df3f619804a92fdb4057192dc43dd748ea778adc52bc498ce80524c014b81119,00000000,,,,,False,,,,,,,,,,False,False
/application/zukanlist/zkn_data/zukan_enc_platinum.narc,/application/zukanlist/zkn_data/zukan_enc_platinum.narc!/member_01010,0,/application/zukanlist/zkn_data/zukan_enc_platinum.narc,133,1010,,47336,47340,7652,7656,4,df3f619804a92fdb4057192dc43dd748ea778adc52bc498ce80524c014b81119,00000000,,,,,False,,,,,,,,,,False,False
/application/zukanlist/zkn_data/zukan_enc_platinum.narc,/application/zukanlist/zkn_data/zukan_enc_platinum.narc!/member_01011,0,/application/zukanlist/zkn_data/zukan_enc_platinum.narc,133,1011,,47340,47344,7656,7660,4,df3f619804a92fdb4057192dc43dd748ea778adc52bc498ce80524c014b81119,00000000,,,,,False,,,,,,,,,,False,False
/application/zukanlist/zkn_data/zukan_enc_platinum.narc,/application/zukanlist/zkn_data/zukan_enc_platinum.narc!/member_01012,0,/application/zukanlist/zkn_data/zukan_enc_platinum.narc,133,1012,,47344,47348,7660,7664,4,df3f619804a92fdb4057192dc43dd748ea778adc52bc498ce80524c014b81119,00000000,,,,,False,,,,,,,,,,False,False
/application/zukanlist/zkn_data/zukan_enc_platinum.narc,/application/zukanlist/zkn_data/zukan_enc_platinum.narc!/member_01013,0,/application/zukanlist/zkn_data/zukan_enc_platinum.narc,133,1013,,47348,47352,7664,7668,4,df3f619804a92fdb4057192dc43dd748ea778adc52bc498ce80524c014b81119,00000000,,,,,False,,,,,,,,,,False,False
/application/zukanlist/zkn_data/zukan_enc_platinum.narc,/application/zukanlist/zkn_data/zukan_enc_platinum.narc!/member_01014,0,/application/zukanlist/zkn_data/zukan_enc_platinum.narc,133,1014,,47352,47356,7668,7672,4,df3f619804a92fdb4057192dc43dd748ea778adc52bc498ce80524c014b81119,00000000,,,,,False,,,,,,,,,,False,False
/application/zukanlist/zkn_data/zukan_enc_platinum.narc,/application/zukanlist/zkn_data/zukan_enc_platinum.narc!/member_01015,0,/application/zukanlist/zkn_data/zukan_enc_platinum.narc,133,1015,,47356,47360,7672,7676,4,df3f619804a92fdb4057192dc43dd748ea778adc52bc498ce80524c014b81119,00000000,,,,,False,,,,,,,,,,False,False
/application/zukanlist/zkn_data/zukan_enc_platinum.narc,/application/zukanlist/zkn_data/zukan_enc_platinum.narc!/member_01016,0,/application/zukanlist/zkn_data/zukan_enc_platinum.narc,133,1016,,47360,47364,7676,7680,4,df3f619804a92fdb4057192dc43dd748ea778adc52bc498ce80524c014b81119,00000000,,,,,False,,,,,,,,,,False,False
/application/zukanlist/zkn_data/zukan_enc_platinum.narc,/application/zukanlist/zkn_data/zukan_enc_platinum.narc!/member_01017,0,/application/zukanlist/zkn_data/zukan_enc_platinum.narc,133,1017,,47364,47368,7680,7684,4,df3f619804a92fdb4057192dc43dd748ea778adc52bc498ce80524c014b81119,00000000,,,,,False,,,,,,,,,,False,False
/application/zukanlist/zkn_data/zukan_enc_platinum.narc,/application/zukanlist/zkn_data/zukan_enc_platinum.narc!/member_01018,0,/application/zukanlist/zkn_data/zukan_enc_platinum.narc,133,1018,,47368,47372,7684,7688,4,df3f619804a92fdb4057192dc43dd748ea778adc52bc498ce80524c014b81119,00000000,,,,,False,,,,,,,,,,False,False
/application/zukanlist/zkn_data/zukan_enc_platinum.narc,/application/zukanlist/zkn_data/zukan_enc_platinum.narc!/member_01019,0,/application/zukanlist/zkn_data/zukan_enc_platinum.narc,133,1019,,47372,47380,7688,7696,8,18d8d609947c6b82b9607704ae40d3317038e709238514de750b5c7411ba4c20,0e00000000000000,,,,,False,,,,,,,,,,False,False
/application/zukanlist/zkn_data/zukan_enc_platinum.narc,/application/zukanlist/zkn_data/zukan_enc_platinum.narc!/member_01020,0,/application/zukanlist/zkn_data/zukan_enc_platinum.narc,133,1020,,47380,47384,7696,7700,4,df3f619804a92fdb4057192dc43dd748ea778adc52bc498ce80524c014b81119,00000000,,,,,False,,,,,,,,,,False,False
/application/zukanlist/zkn_data/zukan_enc_platinum.narc,/application/zukanlist/zkn_data/zukan_enc_platinum.narc!/member_01021,0,/application/zukanlist/zkn_data/zukan_enc_platinum.narc,133,1021,,47384,47388,7700,7704,4,df3f619804a92fdb4057192dc43dd748ea778adc52bc498ce80524c014b81119,00000000,,,,,False,,,,,,,,,,False,False
/application/zukanlist/zkn_data/zukan_enc_platinum.narc,/application/zukanlist/zkn_data/zukan_enc_platinum.narc!/member_01022,0,/application/zukanlist/zkn_data/zukan_enc_platinum.narc,133,1022,,47388,47392,7704,7708,4,df3f619804a92fdb4057192dc43dd748ea778adc52bc498ce80524c014b81119,00000000,,,,,False,,,,,,,,,,False,False
/application/zukanlist/zkn_data/zukan_enc_platinum.narc,/application/zukanlist/zkn_data/zukan_enc_platinum.narc!/member_01023,0,/application/zukanlist/zkn_data/zukan_enc_platinum.narc,133,1023,,47392,47396,7708,7712,4,df3f619804a92fdb4057192dc43dd748ea778adc52bc498ce80524c014b81119,00000000,,,,,False,,,,,,,,,,False,False
/application/zukanlist/zkn_data/zukan_enc_platinum.narc,/application/zukanlist/zkn_data/zukan_enc_platinum.narc!/member_01024,0,/application/zukanlist/zkn_data/zukan_enc_platinum.narc,133,1024,,47396,47400,7712,7716,4,df3f619804a92fdb4057192dc43dd748ea778adc52bc498ce80524c014b81119,00000000,,,,,False,,,,,,,,,,False,False
/application/zukanlist/zkn_data/zukan_enc_platinum.narc,/application/zukanlist/zkn_data/zukan_enc_platinum.narc!/member_01025,0,/application/zukanlist/zkn_data/zukan_enc_platinum.narc,133,1025,,47400,47404,7716,7720,4,df3f619804a92fdb4057192dc43dd748ea778adc52bc498ce80524c014b81119,00000000,,,,,False,,,,,,,,,,False,False
/application/zukanlist/zkn_data/zukan_enc_platinum.narc,/application/zukanlist/zkn_data/zukan_enc_platinum.narc!/member_01026,0,/application/zukanlist/zkn_data/zukan_enc_platinum.narc,133,1026,,47404,47408,7720,7724,4,df3f619804a92fdb4057192dc43dd748ea778adc52bc498ce80524c014b81119,00000000,,,,,False,,,,,,,,,,False,False
/application/zukanlist/zkn_data/zukan_enc_platinum.narc,/application/zukanlist/zkn_data/zukan_enc_platinum.narc!/member_01027,0,/application/zukanlist/zkn_data/zukan_enc_platinum.narc,133,1027,,47408,47412,7724,7728,4,df3f619804a92fdb4057192dc43dd748ea778adc52bc498ce80524c014b81119,00000000,,,,,False,,,,,,,,,,False,False
/application/zukanlist/zkn_data/zukan_enc_platinum.narc,/application/zukanlist/zkn_data/zukan_enc_platinum.narc!/member_01028,0,/application/zukanlist/zkn_data/zukan_enc_platinum.narc,133,1028,,47412,47416,7728,7732,4,df3f619804a92fdb4057192dc43dd748ea778adc52bc498ce80524c014b81119,00000000,,,,,False,,,,,,,,,,False,False
/application/zukanlist/zkn_data/zukan_enc_platinum.narc,/application/zukanlist/zkn_data/zukan_enc_platinum.narc!/member_01029,0,/application/zukanlist/zkn_data/zukan_enc_platinum.narc,133,1029,,47416,47424,7732,7740,8,35be322d094f9d154a8aba4733b8497f180353bd7ae7b0a15f90b586b549f28b,0300000000000000,,,,,False,,,,,,,,,,False,False
/application/zukanlist/zkn_data/zukan_enc_platinum.narc,/application/zukanlist/zkn_data/zukan_enc_platinum.narc!/member_01030,0,/application/zukanlist/zkn_data/zukan_enc_platinum.narc,133,1030,,47424,47428,7740,7744,4,df3f619804a92fdb4057192dc43dd748ea778adc52bc498ce80524c014b81119,00000000,,,,,False,,,,,,,,,,False,False
/application/zukanlist/zkn_data/zukan_enc_platinum.narc,/application/zukanlist/zkn_data/zukan_enc_platinum.narc!/member_01031,0,/application/zukanlist/zkn_data/zukan_enc_platinum.narc,133,1031,,47428,47432,7744,7748,4,df3f619804a92fdb4057192dc43dd748ea778adc52bc498ce80524c014b81119,00000000,,,,,False,,,,,,,,,,False,False
/application/zukanlist/zkn_data/zukan_enc_platinum.narc,/application/zukanlist/zkn_data/zukan_enc_platinum.narc!/member_01032,0,/application/zukanlist/zkn_data/zukan_enc_platinum.narc,133,1032,,47432,47436,7748,7752,4,df3f619804a92fdb4057192dc43dd748ea778adc52bc498ce80524c014b81119,00000000,,,,,False,,,,,,,,,,False,False
/application/zukanlist/zkn_data/zukan_enc_platinum.narc,/application/zukanlist/zkn_data/zukan_enc_platinum.narc!/member_01033,0,/application/zukanlist/zkn_data/zukan_enc_platinum.narc,133,1033,,47436,47440,7752,7756,4,df3f619804a92fdb4057192dc43dd748ea778adc52bc498ce80524c014b81119,00000000,,,,,False,,,,,,,,,,False,False
/application/zukanlist/zkn_data/zukan_enc_platinum.narc,/application/zukanlist/zkn_data/zukan_enc_platinum.narc!/member_01034,0,/application/zukanlist/zkn_data/zukan_enc_platinum.narc,133,1034,,47440,47444,7756,7760,4,df3f619804a92fdb4057192dc43dd748ea778adc52bc498ce80524c014b81119,00000000,,,,,False,,,,,,,,,,False,False
/application/zukanlist/zkn_data/zukan_enc_platinum.narc,/application/zukanlist/zkn_data/zukan_enc_platinum.narc!/member_01035,0,/application/zukanlist/zkn_data/zukan_enc_platinum.narc,133,1035,,47444,47476,7760,7792,32,9d1bf6ea30818af61635ee85e9cc03f02bc80838861066e058f767bf8c5dd239,01000000030000000700000008000000,,,,,False,,,,,,,,,,False,False
/application/zukanlist/zkn_data/zukan_enc_platinum.narc,/application/zukanlist/zkn_data/zukan_enc_platinum.narc!/member_01036,0,/application/zukanlist/zkn_data/zukan_enc_platinum.narc,133,1036,,47476,47516,7792,7832,40,e3e62d77adad57e0f75f1ebaf5542b3c6276f0805a66aff9491bfaadaa15acc2,03000000060000000700000008000000,,,,,False,,,,,,,,,,False,False
/application/zukanlist/zkn_data/zukan_enc_platinum.narc,/application/zukanlist/zkn_data/zukan_enc_platinum.narc!/member_01037,0,/application/zukanlist/zkn_data/zukan_enc_platinum.narc,133,1037,,47516,47520,7832,7836,4,df3f619804a92fdb4057192dc43dd748ea778adc52bc498ce80524c014b81119,00000000,,,,,False,,,,,,,,,,False,False
/application/zukanlist/zkn_data/zukan_enc_platinum.narc,/application/zukanlist/zkn_data/zukan_enc_platinum.narc!/member_01038,0,/application/zukanlist/zkn_data/zukan_enc_platinum.narc,133,1038,,47520,47524,7836,7840,4,df3f619804a92fdb4057192dc43dd748ea778adc52bc498ce80524c014b81119,00000000,,,,,False,,,,,,,,,,False,False
/application/zukanlist/zkn_data/zukan_enc_platinum.narc,/application/zukanlist/zkn_data/zukan_enc_platinum.narc!/member_01039,0,/application/zukanlist/zkn_data/zukan_enc_platinum.narc,133,1039,,47524,47528,7840,7844,4,df3f619804a92fdb4057192dc43dd748ea778adc52bc498ce80524c014b81119,00000000,,,,,False,,,,,,,,,,False,False
/application/zukanlist/zkn_data/zukan_enc_platinum.narc,/application/zukanlist/zkn_data/zukan_enc_platinum.narc!/member_01040,0,/application/zukanlist/zkn_data/zukan_enc_platinum.narc,133,1040,,47528,47532,7844,7848,4,df3f619804a92fdb4057192dc43dd748ea778adc52bc498ce80524c014b81119,00000000,,,,,False,,,,,,,,,,False,False
/application/zukanlist/zkn_data/zukan_enc_platinum.narc,/application/zukanlist/zkn_data/zukan_enc_platinum.narc!/member_01041,0,/application/zukanlist/zkn_data/zukan_enc_platinum.narc,133,1041,,47532,47536,7848,7852,4,df3f619804a92fdb4057192dc43dd748ea778adc52bc498ce80524c014b81119,00000000,,,,,False,,,,,,,,,,False,False
/application/zukanlist/zkn_data/zukan_enc_platinum.narc,/application/zukanlist/zkn_data/zukan_enc_platinum.narc!/member_01042,0,/application/zukanlist/zkn_data/zukan_enc_platinum.narc,133,1042,,47536,47540,7852,7856,4,df3f619804a92fdb4057192dc43dd748ea778adc52bc498ce80524c014b81119,00000000,,,,,False,,,,,,,,,,False,False
/application/zukanlist/zkn_data/zukan_enc_platinum.narc,/application/zukanlist/zkn_data/zukan_enc_platinum.narc!/member_01043,0,/application/zukanlist/zkn_data/zukan_enc_platinum.narc,133,1043,,47540,47544,7856,7860,4,df3f619804a92fdb4057192dc43dd748ea778adc52bc498ce80524c014b81119,00000000,,,,,False,,,,,,,,,,False,False
/application/zukanlist/zkn_data/zukan_enc_platinum.narc,/application/zukanlist/zkn_data/zukan_enc_platinum.narc!/member_01044,0,/application/zukanlist/zkn_data/zukan_enc_platinum.narc,133,1044,,47544,47548,7860,7864,4,df3f619804a92fdb4057192dc43dd748ea778adc52bc498ce80524c014b81119,00000000,,,,,False,,,,,,,,,,False,False
/application/zukanlist/zkn_data/zukan_enc_platinum.narc,/application/zukanlist/zkn_data/zukan_enc_platinum.narc!/member_01045,0,/application/zukanlist/zkn_data/zukan_enc_platinum.narc,133,1045,,47548,47552,7864,7868,4,df3f619804a92fdb4057192dc43dd748ea778adc52bc498ce80524c014b81119,00000000,,,,,False,,,,,,,,,,False,False
/application/zukanlist/zkn_data/zukan_enc_platinum.narc,/application/zukanlist/zkn_data/zukan_enc_platinum.narc!/member_01046,0,/application/zukanlist/zkn_data/zukan_enc_platinum.narc,133,1046,,47552,47556,7868,7872,4,df3f619804a92fdb4057192dc43dd748ea778adc52bc498ce80524c014b81119,00000000,,,,,False,,,,,,,,,,False,False
/application/zukanlist/zkn_data/zukan_enc_platinum.narc,/application/zukanlist/zkn_data/zukan_enc_platinum.narc!/member_01047,0,/application/zukanlist/zkn_data/zukan_enc_platinum.narc,133,1047,,47556,47560,7872,7876,4,df3f619804a92fdb4057192dc43dd748ea778adc52bc498ce80524c014b81119,00000000,,,,,False,,,,,,,,,,False,False
/application/zukanlist/zkn_data/zukan_enc_platinum.narc,/application/zukanlist/zkn_data/zukan_enc_platinum.narc!/member_01048,0,/application/zukanlist/zkn_data/zukan_enc_platinum.narc,133,1048,,47560,47584,7876,7900,24,a748cb9e6b280c640089b38ad3a048e8c4df41e3b5d871813ac379591e57d2d0,07000000080000001100000012000000,,,,,False,,,,,,,,,,False,False
/application/zukanlist/zkn_data/zukan_enc_platinum.narc,/application/zukanlist/zkn_data/zukan_enc_platinum.narc!/member_01049,0,/application/zukanlist/zkn_data/zukan_enc_platinum.narc,133,1049,,47584,47612,7900,7928,28,68ec412a605513d1367879b256b5ca515a739c312b99ea790373ca05588fa001,07000000080000000a00000011000000,,,,,False,,,,,,,,,,False,False
/application/zukanlist/zkn_data/zukan_enc_platinum.narc,/application/zukanlist/zkn_data/zukan_enc_platinum.narc!/member_01050,0,/application/zukanlist/zkn_data/zukan_enc_platinum.narc,133,1050,,47612,47616,7928,7932,4,df3f619804a92fdb4057192dc43dd748ea778adc52bc498ce80524c014b81119,00000000,,,,,False,,,,,,,,,,False,False
/application/zukanlist/zkn_data/zukan_enc_platinum.narc,/application/zukanlist/zkn_data/zukan_enc_platinum.narc!/member_01051,0,/application/zukanlist/zkn_data/zukan_enc_platinum.narc,133,1051,,47616,47620,7932,7936,4,df3f619804a92fdb4057192dc43dd748ea778adc52bc498ce80524c014b81119,00000000,,,,,False,,,,,,,,,,False,False
/application/zukanlist/zkn_data/zukan_enc_platinum.narc,/application/zukanlist/zkn_data/zukan_enc_platinum.narc!/member_01052,0,/application/zukanlist/zkn_data/zukan_enc_platinum.narc,133,1052,,47620,47624,7936,7940,4,df3f619804a92fdb4057192dc43dd748ea778adc52bc498ce80524c014b81119,00000000,,,,,False,,,,,,,,,,False,False
/application/zukanlist/zkn_data/zukan_enc_platinum.narc,/application/zukanlist/zkn_data/zukan_enc_platinum.narc!/member_01053,0,/application/zukanlist/zkn_data/zukan_enc_platinum.narc,133,1053,,47624,47628,7940,7944,4,df3f619804a92fdb4057192dc43dd748ea778adc52bc498ce80524c014b81119,00000000,,,,,False,,,,,,,,,,False,False
/application/zukanlist/zkn_data/zukan_enc_platinum.narc,/application/zukanlist/zkn_data/zukan_enc_platinum.narc!/member_01054,0,/application/zukanlist/zkn_data/zukan_enc_platinum.narc,133,1054,,47628,47632,7944,7948,4,df3f619804a92fdb4057192dc43dd748ea778adc52bc498ce80524c014b81119,00000000,,,,,False,,,,,,,,,,False,False
/application/zukanlist/zkn_data/zukan_enc_platinum.narc,/application/zukanlist/zkn_data/zukan_enc_platinum.narc!/member_01055,0,/application/zukanlist/zkn_data/zukan_enc_platinum.narc,133,1055,,47632,47636,7948,7952,4,df3f619804a92fdb4057192dc43dd748ea778adc52bc498ce80524c014b81119,00000000,,,,,False,,,,,,,,,,False,False
/application/zukanlist/zkn_data/zukan_enc_platinum.narc,/application/zukanlist/zkn_data/zukan_enc_platinum.narc!/member_01056,0,/application/zukanlist/zkn_data/zukan_enc_platinum.narc,133,1056,,47636,47640,7952,7956,4,df3f619804a92fdb4057192dc43dd748ea778adc52bc498ce80524c014b81119,00000000,,,,,False,,,,,,,,,,False,False
/application/zukanlist/zkn_data/zukan_enc_platinum.narc,/application/zukanlist/zkn_data/zukan_enc_platinum.narc!/member_01057,0,/application/zukanlist/zkn_data/zukan_enc_platinum.narc,133,1057,,47640,47644,7956,7960,4,df3f619804a92fdb4057192dc43dd748ea778adc52bc498ce80524c014b81119,00000000,,,,,False,,,,,,,,,,False,False
/application/zukanlist/zkn_data/zukan_enc_platinum.narc,/application/zukanlist/zkn_data/zukan_enc_platinum.narc!/member_01058,0,/application/zukanlist/zkn_data/zukan_enc_platinum.narc,133,1058,,47644,47648,7960,7964,4,df3f619804a92fdb4057192dc43dd748ea778adc52bc498ce80524c014b81119,00000000,,,,,False,,,,,,,,,,False,False
/application/zukanlist/zkn_data/zukan_enc_platinum.narc,/application/zukanlist/zkn_data/zukan_enc_platinum.narc!/member_01059,0,/application/zukanlist/zkn_data/zukan_enc_platinum.narc,133,1059,,47648,47652,7964,7968,4,df3f619804a92fdb4057192dc43dd748ea778adc52bc498ce80524c014b81119,00000000,,,,,False,,,,,,,,,,False,False
/application/zukanlist/zkn_data/zukan_enc_platinum.narc,/application/zukanlist/zkn_data/zukan_enc_platinum.narc!/member_01060,0,/application/zukanlist/zkn_data/zukan_enc_platinum.narc,133,1060,,47652,47660,7968,7976,8,35be322d094f9d154a8aba4733b8497f180353bd7ae7b0a15f90b586b549f28b,0300000000000000,,,,,False,,,,,,,,,,False,False
/application/zukanlist/zkn_data/zukan_enc_platinum.narc,/application/zukanlist/zkn_data/zukan_enc_platinum.narc!/member_01061,0,/application/zukanlist/zkn_data/zukan_enc_platinum.narc,133,1061,,47660,47668,7976,7984,8,35be322d094f9d154a8aba4733b8497f180353bd7ae7b0a15f90b586b549f28b,0300000000000000,,,,,False,,,,,,,,,,False,False
/application/zukanlist/zkn_data/zukan_enc_platinum.narc,/application/zukanlist/zkn_data/zukan_enc_platinum.narc!/member_01062,0,/application/zukanlist/zkn_data/zukan_enc_platinum.narc,133,1062,,47668,47672,7984,7988,4,df3f619804a92fdb4057192dc43dd748ea778adc52bc498ce80524c014b81119,00000000,,,,,False,,,,,,,,,,False,False
/application/zukanlist/zkn_data/zukan_enc_platinum.narc,/application/zukanlist/zkn_data/zukan_enc_platinum.narc!/member_01063,0,/application/zukanlist/zkn_data/zukan_enc_platinum.narc,133,1063,,47672,47676,7988,7992,4,df3f619804a92fdb4057192dc43dd748ea778adc52bc498ce80524c014b81119,00000000,,,,,False,,,,,,,,,,False,False
/application/zukanlist/zkn_data/zukan_enc_platinum.narc,/application/zukanlist/zkn_data/zukan_enc_platinum.narc!/member_01064,0,/application/zukanlist/zkn_data/zukan_enc_platinum.narc,133,1064,,47676,47680,7992,7996,4,df3f619804a92fdb4057192dc43dd748ea778adc52bc498ce80524c014b81119,00000000,,,,,False,,,,,,,,,,False,False
/application/zukanlist/zkn_data/zukan_enc_platinum.narc,/application/zukanlist/zkn_data/zukan_enc_platinum.narc!/member_01065,0,/application/zukanlist/zkn_data/zukan_enc_platinum.narc,133,1065,,47680,47684,7996,8000,4,df3f619804a92fdb4057192dc43dd748ea778adc52bc498ce80524c014b81119,00000000,,,,,False,,,,,,,,,,False,False
/application/zukanlist/zkn_data/zukan_enc_platinum.narc,/application/zukanlist/zkn_data/zukan_enc_platinum.narc!/member_01066,0,/application/zukanlist/zkn_data/zukan_enc_platinum.narc,133,1066,,47684,47688,8000,8004,4,df3f619804a92fdb4057192dc43dd748ea778adc52bc498ce80524c014b81119,00000000,,,,,False,,,,,,,,,,False,False
/application/zukanlist/zkn_data/zukan_enc_platinum.narc,/application/zukanlist/zkn_data/zukan_enc_platinum.narc!/member_01067,0,/application/zukanlist/zkn_data/zukan_enc_platinum.narc,133,1067,,47688,47692,8004,8008,4,df3f619804a92fdb4057192dc43dd748ea778adc52bc498ce80524c014b81119,00000000,,,,,False,,,,,,,,,,False,False
/application/zukanlist/zkn_data/zukan_enc_platinum.narc,/application/zukanlist/zkn_data/zukan_enc_platinum.narc!/member_01068,0,/application/zukanlist/zkn_data/zukan_enc_platinum.narc,133,1068,,47692,47720,8008,8036,28,fb9a3ed036398dd6955d7087b66a4bebd9b46b5730df0eb4c3ced5941bef47ec,0100000003000000080000000c000000,,,,,False,,,,,,,,,,False,False
/application/zukanlist/zkn_data/zukan_enc_platinum.narc,/application/zukanlist/zkn_data/zukan_enc_platinum.narc!/member_01069,0,/application/zukanlist/zkn_data/zukan_enc_platinum.narc,133,1069,,47720,47744,8036,8060,24,f693e222704836ab21f71d24a05b03731a56beab9a4bbd863a5cb947c9e18f12,0300000006000000090000000a000000,,,,,False,,,,,,,,,,False,False
/application/zukanlist/zkn_data/zukan_enc_platinum.narc,/application/zukanlist/zkn_data/zukan_enc_platinum.narc!/member_01070,0,/application/zukanlist/zkn_data/zukan_enc_platinum.narc,133,1070,,47744,47748,8060,8064,4,df3f619804a92fdb4057192dc43dd748ea778adc52bc498ce80524c014b81119,00000000,,,,,False,,,,,,,,,,False,False
/application/zukanlist/zkn_data/zukan_enc_platinum.narc,/application/zukanlist/zkn_data/zukan_enc_platinum.narc!/member_01071,0,/application/zukanlist/zkn_data/zukan_enc_platinum.narc,133,1071,,47748,47752,8064,8068,4,df3f619804a92fdb4057192dc43dd748ea778adc52bc498ce80524c014b81119,00000000,,,,,False,,,,,,,,,,False,False
/application/zukanlist/zkn_data/zukan_enc_platinum.narc,/application/zukanlist/zkn_data/zukan_enc_platinum.narc!/member_01072,0,/application/zukanlist/zkn_data/zukan_enc_platinum.narc,133,1072,,47752,47756,8068,8072,4,df3f619804a92fdb4057192dc43dd748ea778adc52bc498ce80524c014b81119,00000000,,,,,False,,,,,,,,,,False,False
/application/zukanlist/zkn_data/zukan_enc_platinum.narc,/application/zukanlist/zkn_data/zukan_enc_platinum.narc!/member_01073,0,/application/zukanlist/zkn_data/zukan_enc_platinum.narc,133,1073,,47756,47760,8072,8076,4,df3f619804a92fdb4057192dc43dd748ea778adc52bc498ce80524c014b81119,00000000,,,,,False,,,,,,,,,,False,False
/application/zukanlist/zkn_data/zukan_enc_platinum.narc,/application/zukanlist/zkn_data/zukan_enc_platinum.narc!/member_01074,0,/application/zukanlist/zkn_data/zukan_enc_platinum.narc,133,1074,,47760,47764,8076,8080,4,df3f619804a92fdb4057192dc43dd748ea778adc52bc498ce80524c014b81119,00000000,,,,,False,,,,,,,,,,False,False
/application/zukanlist/zkn_data/zukan_enc_platinum.narc,/application/zukanlist/zkn_data/zukan_enc_platinum.narc!/member_01075,0,/application/zukanlist/zkn_data/zukan_enc_platinum.narc,133,1075,,47764,47768,8080,8084,4,df3f619804a92fdb4057192dc43dd748ea778adc52bc498ce80524c014b81119,00000000,,,,,False,,,,,,,,,,False,False
/application/zukanlist/zkn_data/zukan_enc_platinum.narc,/application/zukanlist/zkn_data/zukan_enc_platinum.narc!/member_01076,0,/application/zukanlist/zkn_data/zukan_enc_platinum.narc,133,1076,,47768,47776,8084,8092,8,23d7f42b1cdc1f0d492ebd756ed0fe8003995dda554d99418d47a81813650207,0600000000000000,,,,,False,,,,,,,,,,False,False
/application/zukanlist/zkn_data/zukan_enc_platinum.narc,/application/zukanlist/zkn_data/zukan_enc_platinum.narc!/member_01077,0,/application/zukanlist/zkn_data/zukan_enc_platinum.narc,133,1077,,47776,47780,8092,8096,4,df3f619804a92fdb4057192dc43dd748ea778adc52bc498ce80524c014b81119,00000000,,,,,False,,,,,,,,,,False,False
/application/zukanlist/zkn_data/zukan_enc_platinum.narc,/application/zukanlist/zkn_data/zukan_enc_platinum.narc!/member_01078,0,/application/zukanlist/zkn_data/zukan_enc_platinum.narc,133,1078,,47780,47784,8096,8100,4,df3f619804a92fdb4057192dc43dd748ea778adc52bc498ce80524c014b81119,00000000,,,,,False,,,,,,,,,,False,False
/application/zukanlist/zkn_data/zukan_enc_platinum.narc,/application/zukanlist/zkn_data/zukan_enc_platinum.narc!/member_01079,0,/application/zukanlist/zkn_data/zukan_enc_platinum.narc,133,1079,,47784,47788,8100,8104,4,df3f619804a92fdb4057192dc43dd748ea778adc52bc498ce80524c014b81119,00000000,,,,,False,,,,,,,,,,False,False
/application/zukanlist/zkn_data/zukan_enc_platinum.narc,/application/zukanlist/zkn_data/zukan_enc_platinum.narc!/member_01080,0,/application/zukanlist/zkn_data/zukan_enc_platinum.narc,133,1080,,47788,47792,8104,8108,4,df3f619804a92fdb4057192dc43dd748ea778adc52bc498ce80524c014b81119,00000000,,,,,False,,,,,,,,,,False,False
/application/zukanlist/zkn_data/zukan_enc_platinum.narc,/application/zukanlist/zkn_data/zukan_enc_platinum.narc!/member_01081,0,/application/zukanlist/zkn_data/zukan_enc_platinum.narc,133,1081,,47792,47800,8108,8116,8,23d7f42b1cdc1f0d492ebd756ed0fe8003995dda554d99418d47a81813650207,0600000000000000,,,,,False,,,,,,,,,,False,False
/application/zukanlist/zkn_data/zukan_enc_platinum.narc,/application/zukanlist/zkn_data/zukan_enc_platinum.narc!/member_01082,0,/application/zukanlist/zkn_data/zukan_enc_platinum.narc,133,1082,,47800,47804,8116,8120,4,df3f619804a92fdb4057192dc43dd748ea778adc52bc498ce80524c014b81119,00000000,,,,,False,,,,,,,,,,False,False
/application/zukanlist/zkn_data/zukan_enc_platinum.narc,/application/zukanlist/zkn_data/zukan_enc_platinum.narc!/member_01083,0,/application/zukanlist/zkn_data/zukan_enc_platinum.narc,133,1083,,47804,47808,8120,8124,4,df3f619804a92fdb4057192dc43dd748ea778adc52bc498ce80524c014b81119,00000000,,,,,False,,,,,,,,,,False,False
/application/zukanlist/zkn_data/zukan_enc_platinum.narc,/application/zukanlist/zkn_data/zukan_enc_platinum.narc!/member_01084,0,/application/zukanlist/zkn_data/zukan_enc_platinum.narc,133,1084,,47808,47812,8124,8128,4,df3f619804a92fdb4057192dc43dd748ea778adc52bc498ce80524c014b81119,00000000,,,,,False,,,,,,,,,,False,False
/application/zukanlist/zkn_data/zukan_enc_platinum.narc,/application/zukanlist/zkn_data/zukan_enc_platinum.narc!/member_01085,0,/application/zukanlist/zkn_data/zukan_enc_platinum.narc,133,1085,,47812,47816,8128,8132,4,df3f619804a92fdb4057192dc43dd748ea778adc52bc498ce80524c014b81119,00000000,,,,,False,,,,,,,,,,False,False
/application/zukanlist/zkn_data/zukan_enc_platinum.narc,/application/zukanlist/zkn_data/zukan_enc_platinum.narc!/member_01086,0,/application/zukanlist/zkn_data/zukan_enc_platinum.narc,133,1086,,47816,47836,8132,8152,20,0a6b3ea1db93805c9d32c68c2f127910d9f0782119059b35d550cbe372df7765,020000000a0000001000000014000000,,,,,False,,,,,,,,,,False,False
/application/zukanlist/zkn_data/zukan_enc_platinum.narc,/application/zukanlist/zkn_data/zukan_enc_platinum.narc!/member_01087,0,/application/zukanlist/zkn_data/zukan_enc_platinum.narc,133,1087,,47836,47844,8152,8160,8,a111f275cc2e7588000001d300a31e76336d15b9d314cd1a1d8f3d3556975eed,0a00000000000000,,,,,False,,,,,,,,,,False,False
/application/zukanlist/zkn_data/zukan_enc_platinum.narc,/application/zukanlist/zkn_data/zukan_enc_platinum.narc!/member_01088,0,/application/zukanlist/zkn_data/zukan_enc_platinum.narc,133,1088,,47844,47848,8160,8164,4,df3f619804a92fdb4057192dc43dd748ea778adc52bc498ce80524c014b81119,00000000,,,,,False,,,,,,,,,,False,False
/application/zukanlist/zkn_data/zukan_enc_platinum.narc,/application/zukanlist/zkn_data/zukan_enc_platinum.narc!/member_01089,0,/application/zukanlist/zkn_data/zukan_enc_platinum.narc,133,1089,,47848,47868,8164,8184,20,703b6536eae64d905c3210e43aae249b18e58c717e129ae954e8ee8c3814c19c,01000000060000000c0000000f000000,,,,,False,,,,,,,,,,False,False
/application/zukanlist/zkn_data/zukan_enc_platinum.narc,/application/zukanlist/zkn_data/zukan_enc_platinum.narc!/member_01090,0,/application/zukanlist/zkn_data/zukan_enc_platinum.narc,133,1090,,47868,47872,8184,8188,4,df3f619804a92fdb4057192dc43dd748ea778adc52bc498ce80524c014b81119,00000000,,,,,False,,,,,,,,,,False,False
/application/zukanlist/zkn_data/zukan_enc_platinum.narc,/application/zukanlist/zkn_data/zukan_enc_platinum.narc!/member_01091,0,/application/zukanlist/zkn_data/zukan_enc_platinum.narc,133,1091,,47872,47876,8188,8192,4,df3f619804a92fdb4057192dc43dd748ea778adc52bc498ce80524c014b81119,00000000,,,,,False,,,,,,,,,,False,False
/application/zukanlist/zkn_data/zukan_enc_platinum.narc,/application/zukanlist/zkn_data/zukan_enc_platinum.narc!/member_01092,0,/application/zukanlist/zkn_data/zukan_enc_platinum.narc,133,1092,,47876,47880,8192,8196,4,df3f619804a92fdb4057192dc43dd748ea778adc52bc498ce80524c014b81119,00000000,,,,,False,,,,,,,,,,False,False
/application/zukanlist/zkn_data/zukan_enc_platinum.narc,/application/zukanlist/zkn_data/zukan_enc_platinum.narc!/member_01093,0,/application/zukanlist/zkn_data/zukan_enc_platinum.narc,133,1093,,47880,47884,8196,8200,4,df3f619804a92fdb4057192dc43dd748ea778adc52bc498ce80524c014b81119,00000000,,,,,False,,,,,,,,,,False,False
/application/zukanlist/zkn_data/zukan_enc_platinum.narc,/application/zukanlist/zkn_data/zukan_enc_platinum.narc!/member_01094,0,/application/zukanlist/zkn_data/zukan_enc_platinum.narc,133,1094,,47884,47888,8200,8204,4,df3f619804a92fdb4057192dc43dd748ea778adc52bc498ce80524c014b81119,00000000,,,,,False,,,,,,,,,,False,False
/application/zukanlist/zkn_data/zukan_enc_platinum.narc,/application/zukanlist/zkn_data/zukan_enc_platinum.narc!/member_01095,0,/application/zukanlist/zkn_data/zukan_enc_platinum.narc,133,1095,,47888,47892,8204,8208,4,df3f619804a92fdb4057192dc43dd748ea778adc52bc498ce80524c014b81119,00000000,,,,,False,,,,,,,,,,False,False
/application/zukanlist/zkn_data/zukan_enc_platinum.narc,/application/zukanlist/zkn_data/zukan_enc_platinum.narc!/member_01096,0,/application/zukanlist/zkn_data/zukan_enc_platinum.narc,133,1096,,47892,47896,8208,8212,4,df3f619804a92fdb4057192dc43dd748ea778adc52bc498ce80524c014b81119,00000000,,,,,False,,,,,,,,,,False,False
/application/zukanlist/zkn_data/zukan_enc_platinum.narc,/application/zukanlist/zkn_data/zukan_enc_platinum.narc!/member_01097,0,/application/zukanlist/zkn_data/zukan_enc_platinum.narc,133,1097,,47896,47900,8212,8216,4,df3f619804a92fdb4057192dc43dd748ea778adc52bc498ce80524c014b81119,00000000,,,,,False,,,,,,,,,,False,False
/application/zukanlist/zkn_data/zukan_enc_platinum.narc,/application/zukanlist/zkn_data/zukan_enc_platinum.narc!/member_01098,0,/application/zukanlist/zkn_data/zukan_enc_platinum.narc,133,1098,,47900,47904,8216,8220,4,df3f619804a92fdb4057192dc43dd748ea778adc52bc498ce80524c014b81119,00000000,,,,,False,,,,,,,,,,False,False
/application/zukanlist/zkn_data/zukan_enc_platinum.narc,/application/zukanlist/zkn_data/zukan_enc_platinum.narc!/member_01099,0,/application/zukanlist/zkn_data/zukan_enc_platinum.narc,133,1099,,47904,47908,8220,8224,4,df3f619804a92fdb4057192dc43dd748ea778adc52bc498ce80524c014b81119,00000000,,,,,False,,,,,,,,,,False,False
/application/zukanlist/zkn_data/zukan_enc_platinum.narc,/application/zukanlist/zkn_data/zukan_enc_platinum.narc!/member_01100,0,/application/zukanlist/zkn_data/zukan_enc_platinum.narc,133,1100,,47908,47912,8224,8228,4,df3f619804a92fdb4057192dc43dd748ea778adc52bc498ce80524c014b81119,00000000,,,,,False,,,,,,,,,,False,False
/application/zukanlist/zkn_data/zukan_enc_platinum.narc,/application/zukanlist/zkn_data/zukan_enc_platinum.narc!/member_01101,0,/application/zukanlist/zkn_data/zukan_enc_platinum.narc,133,1101,,47912,47916,8228,8232,4,df3f619804a92fdb4057192dc43dd748ea778adc52bc498ce80524c014b81119,00000000,,,,,False,,,,,,,,,,False,False
/application/zukanlist/zkn_data/zukan_enc_platinum.narc,/application/zukanlist/zkn_data/zukan_enc_platinum.narc!/member_01102,0,/application/zukanlist/zkn_data/zukan_enc_platinum.narc,133,1102,,47916,47920,8232,8236,4,df3f619804a92fdb4057192dc43dd748ea778adc52bc498ce80524c014b81119,00000000,,,,,False,,,,,,,,,,False,False
/application/zukanlist/zkn_data/zukan_enc_platinum.narc,/application/zukanlist/zkn_data/zukan_enc_platinum.narc!/member_01103,0,/application/zukanlist/zkn_data/zukan_enc_platinum.narc,133,1103,,47920,47928,8236,8244,8,cbbd5f990c53684d7ae650b40fcb5656e02261b53da5f6a7d8c819c92f2828f8,0900000000000000,,,,,False,,,,,,,,,,False,False
/application/zukanlist/zkn_data/zukan_enc_platinum.narc,/application/zukanlist/zkn_data/zukan_enc_platinum.narc!/member_01104,0,/application/zukanlist/zkn_data/zukan_enc_platinum.narc,133,1104,,47928,47936,8244,8252,8,cbbd5f990c53684d7ae650b40fcb5656e02261b53da5f6a7d8c819c92f2828f8,0900000000000000,,,,,False,,,,,,,,,,False,False
/application/zukanlist/zkn_data/zukan_enc_platinum.narc,/application/zukanlist/zkn_data/zukan_enc_platinum.narc!/member_01105,0,/application/zukanlist/zkn_data/zukan_enc_platinum.narc,133,1105,,47936,47948,8252,8264,12,f8f2f448c81dac67b073d9695f8fd137b33e96905d395de023b67c0b8bbd516c,060000000900000000000000,,,,,False,,,,,,,,,,False,False
/application/zukanlist/zkn_data/zukan_enc_platinum.narc,/application/zukanlist/zkn_data/zukan_enc_platinum.narc!/member_01106,0,/application/zukanlist/zkn_data/zukan_enc_platinum.narc,133,1106,,47948,47960,8264,8276,12,f8f2f448c81dac67b073d9695f8fd137b33e96905d395de023b67c0b8bbd516c,060000000900000000000000,,,,,False,,,,,,,,,,False,False
/application/zukanlist/zkn_data/zukan_enc_platinum.narc,/application/zukanlist/zkn_data/zukan_enc_platinum.narc!/member_01107,0,/application/zukanlist/zkn_data/zukan_enc_platinum.narc,133,1107,,47960,47964,8276,8280,4,df3f619804a92fdb4057192dc43dd748ea778adc52bc498ce80524c014b81119,00000000,,,,,False,,,,,,,,,,False,False
/application/zukanlist/zkn_data/zukan_enc_platinum.narc,/application/zukanlist/zkn_data/zukan_enc_platinum.narc!/member_01108,0,/application/zukanlist/zkn_data/zukan_enc_platinum.narc,133,1108,,47964,47972,8280,8288,8,f0a0278e4372459cca6159cd5e71cfee638302a7b9ca9b05c34181ac0a65ac5d,0400000000000000,,,,,False,,,,,,,,,,False,False
/application/zukanlist/zkn_data/zukan_enc_platinum.narc,/application/zukanlist/zkn_data/zukan_enc_platinum.narc!/member_01109,0,/application/zukanlist/zkn_data/zukan_enc_platinum.narc,133,1109,,47972,47976,8288,8292,4,df3f619804a92fdb4057192dc43dd748ea778adc52bc498ce80524c014b81119,00000000,,,,,False,,,,,,,,,,False,False
/application/zukanlist/zkn_data/zukan_enc_platinum.narc,/application/zukanlist/zkn_data/zukan_enc_platinum.narc!/member_01110,0,/application/zukanlist/zkn_data/zukan_enc_platinum.narc,133,1110,,47976,47980,8292,8296,4,df3f619804a92fdb4057192dc43dd748ea778adc52bc498ce80524c014b81119,00000000,,,,,False,,,,,,,,,,False,False
/application/zukanlist/zkn_data/zukan_enc_platinum.narc,/application/zukanlist/zkn_data/zukan_enc_platinum.narc!/member_01111,0,/application/zukanlist/zkn_data/zukan_enc_platinum.narc,133,1111,,47980,47984,8296,8300,4,df3f619804a92fdb4057192dc43dd748ea778adc52bc498ce80524c014b81119,00000000,,,,,False,,,,,,,,,,False,False
/application/zukanlist/zkn_data/zukan_enc_platinum.narc,/application/zukanlist/zkn_data/zukan_enc_platinum.narc!/member_01112,0,/application/zukanlist/zkn_data/zukan_enc_platinum.narc,133,1112,,47984,48004,8300,8320,20,458fdbdb6c9234e05d2f35f791716e115f8bb2dee560f026e5ddd95c2877252b,0a000000110000001200000013000000,,,,,False,,,,,,,,,,False,False
/application/zukanlist/zkn_data/zukan_enc_platinum.narc,/application/zukanlist/zkn_data/zukan_enc_platinum.narc!/member_01113,0,/application/zukanlist/zkn_data/zukan_enc_platinum.narc,133,1113,,48004,48024,8320,8340,20,458fdbdb6c9234e05d2f35f791716e115f8bb2dee560f026e5ddd95c2877252b,0a000000110000001200000013000000,,,,,False,,,,,,,,,,False,False
/application/zukanlist/zkn_data/zukan_enc_platinum.narc,/application/zukanlist/zkn_data/zukan_enc_platinum.narc!/member_01114,0,/application/zukanlist/zkn_data/zukan_enc_platinum.narc,133,1114,,48024,48028,8340,8344,4,df3f619804a92fdb4057192dc43dd748ea778adc52bc498ce80524c014b81119,00000000,,,,,False,,,,,,,,,,False,False
/application/zukanlist/zkn_data/zukan_enc_platinum.narc,/application/zukanlist/zkn_data/zukan_enc_platinum.narc!/member_01115,0,/application/zukanlist/zkn_data/zukan_enc_platinum.narc,133,1115,,48028,48032,8344,8348,4,df3f619804a92fdb4057192dc43dd748ea778adc52bc498ce80524c014b81119,00000000,,,,,False,,,,,,,,,,False,False
/application/zukanlist/zkn_data/zukan_enc_platinum.narc,/application/zukanlist/zkn_data/zukan_enc_platinum.narc!/member_01116,0,/application/zukanlist/zkn_data/zukan_enc_platinum.narc,133,1116,,48032,48036,8348,8352,4,df3f619804a92fdb4057192dc43dd748ea778adc52bc498ce80524c014b81119,00000000,,,,,False,,,,,,,,,,False,False
/application/zukanlist/zkn_data/zukan_enc_platinum.narc,/application/zukanlist/zkn_data/zukan_enc_platinum.narc!/member_01117,0,/application/zukanlist/zkn_data/zukan_enc_platinum.narc,133,1117,,48036,48040,8352,8356,4,df3f619804a92fdb4057192dc43dd748ea778adc52bc498ce80524c014b81119,00000000,,,,,False,,,,,,,,,,False,False
/application/zukanlist/zkn_data/zukan_enc_platinum.narc,/application/zukanlist/zkn_data/zukan_enc_platinum.narc!/member_01118,0,/application/zukanlist/zkn_data/zukan_enc_platinum.narc,133,1118,,48040,48048,8356,8364,8,5fd1b79ebdef9619a57916a3bfc264b54d37a792659b3693f8ab36ec3ebce448,0b00000000000000,,,,,False,,,,,,,,,,False,False
/application/zukanlist/zkn_data/zukan_enc_platinum.narc,/application/zukanlist/zkn_data/zukan_enc_platinum.narc!/member_01119,0,/application/zukanlist/zkn_data/zukan_enc_platinum.narc,133,1119,,48048,48052,8364,8368,4,df3f619804a92fdb4057192dc43dd748ea778adc52bc498ce80524c014b81119,00000000,,,,,False,,,,,,,,,,False,False
/application/zukanlist/zkn_data/zukan_enc_platinum.narc,/application/zukanlist/zkn_data/zukan_enc_platinum.narc!/member_01120,0,/application/zukanlist/zkn_data/zukan_enc_platinum.narc,133,1120,,48052,48056,8368,8372,4,df3f619804a92fdb4057192dc43dd748ea778adc52bc498ce80524c014b81119,00000000,,,,,False,,,,,,,,,,False,False
/application/zukanlist/zkn_data/zukan_enc_platinum.narc,/application/zukanlist/zkn_data/zukan_enc_platinum.narc!/member_01121,0,/application/zukanlist/zkn_data/zukan_enc_platinum.narc,133,1121,,48056,48060,8372,8376,4,df3f619804a92fdb4057192dc43dd748ea778adc52bc498ce80524c014b81119,00000000,,,,,False,,,,,,,,,,False,False
/application/zukanlist/zkn_data/zukan_enc_platinum.narc,/application/zukanlist/zkn_data/zukan_enc_platinum.narc!/member_01122,0,/application/zukanlist/zkn_data/zukan_enc_platinum.narc,133,1122,,48060,48064,8376,8380,4,df3f619804a92fdb4057192dc43dd748ea778adc52bc498ce80524c014b81119,00000000,,,,,False,,,,,,,,,,False,False
/application/zukanlist/zkn_data/zukan_enc_platinum.narc,/application/zukanlist/zkn_data/zukan_enc_platinum.narc!/member_01123,0,/application/zukanlist/zkn_data/zukan_enc_platinum.narc,133,1123,,48064,48104,8380,8420,40,20138fed062a3ea8dfee932a35670b71b93803020accca149269ca0786214f54,03000000040000000600000007000000,,,,,False,,,,,,,,,,False,False
/application/zukanlist/zkn_data/zukan_enc_platinum.narc,/application/zukanlist/zkn_data/zukan_enc_platinum.narc!/member_01124,0,/application/zukanlist/zkn_data/zukan_enc_platinum.narc,133,1124,,48104,48144,8420,8460,40,20138fed062a3ea8dfee932a35670b71b93803020accca149269ca0786214f54,03000000040000000600000007000000,,,,,False,,,,,,,,,,False,False
/application/zukanlist/zkn_data/zukan_enc_platinum.narc,/application/zukanlist/zkn_data/zukan_enc_platinum.narc!/member_01125,0,/application/zukanlist/zkn_data/zukan_enc_platinum.narc,133,1125,,48144,48152,8460,8468,8,23d7f42b1cdc1f0d492ebd756ed0fe8003995dda554d99418d47a81813650207,0600000000000000,,,,,False,,,,,,,,,,False,False
/application/zukanlist/zkn_data/zukan_enc_platinum.narc,/application/zukanlist/zkn_data/zukan_enc_platinum.narc!/member_01126,0,/application/zukanlist/zkn_data/zukan_enc_platinum.narc,133,1126,,48152,48156,8468,8472,4,df3f619804a92fdb4057192dc43dd748ea778adc52bc498ce80524c014b81119,00000000,,,,,False,,,,,,,,,,False,False
/application/zukanlist/zkn_data/zukan_enc_platinum.narc,/application/zukanlist/zkn_data/zukan_enc_platinum.narc!/member_01127,0,/application/zukanlist/zkn_data/zukan_enc_platinum.narc,133,1127,,48156,48160,8472,8476,4,df3f619804a92fdb4057192dc43dd748ea778adc52bc498ce80524c014b81119,00000000,,,,,False,,,,,,,,,,False,False
/application/zukanlist/zkn_data/zukan_enc_platinum.narc,/application/zukanlist/zkn_data/zukan_enc_platinum.narc!/member_01128,0,/application/zukanlist/zkn_data/zukan_enc_platinum.narc,133,1128,,48160,48164,8476,8480,4,df3f619804a92fdb4057192dc43dd748ea778adc52bc498ce80524c014b81119,00000000,,,,,False,,,,,,,,,,False,False
/application/zukanlist/zkn_data/zukan_enc_platinum.narc,/application/zukanlist/zkn_data/zukan_enc_platinum.narc!/member_01129,0,/application/zukanlist/zkn_data/zukan_enc_platinum.narc,133,1129,,48164,48168,8480,8484,4,df3f619804a92fdb4057192dc43dd748ea778adc52bc498ce80524c014b81119,00000000,,,,,False,,,,,,,,,,False,False
/application/zukanlist/zkn_data/zukan_enc_platinum.narc,/application/zukanlist/zkn_data/zukan_enc_platinum.narc!/member_01130,0,/application/zukanlist/zkn_data/zukan_enc_platinum.narc,133,1130,,48168,48172,8484,8488,4,df3f619804a92fdb4057192dc43dd748ea778adc52bc498ce80524c014b81119,00000000,,,,,False,,,,,,,,,,False,False
/application/zukanlist/zkn_data/zukan_enc_platinum.narc,/application/zukanlist/zkn_data/zukan_enc_platinum.narc!/member_01131,0,/application/zukanlist/zkn_data/zukan_enc_platinum.narc,133,1131,,48172,48176,8488,8492,4,df3f619804a92fdb4057192dc43dd748ea778adc52bc498ce80524c014b81119,00000000,,,,,False,,,,,,,,,,False,False
/application/zukanlist/zkn_data/zukan_enc_platinum.narc,/application/zukanlist/zkn_data/zukan_enc_platinum.narc!/member_01132,0,/application/zukanlist/zkn_data/zukan_enc_platinum.narc,133,1132,,48176,48180,8492,8496,4,df3f619804a92fdb4057192dc43dd748ea778adc52bc498ce80524c014b81119,00000000,,,,,False,,,,,,,,,,False,False
/application/zukanlist/zkn_data/zukan_enc_platinum.narc,/application/zukanlist/zkn_data/zukan_enc_platinum.narc!/member_01133,0,/application/zukanlist/zkn_data/zukan_enc_platinum.narc,133,1133,,48180,48184,8496,8500,4,df3f619804a92fdb4057192dc43dd748ea778adc52bc498ce80524c014b81119,00000000,,,,,False,,,,,,,,,,False,False
/application/zukanlist/zkn_data/zukan_enc_platinum.narc,/application/zukanlist/zkn_data/zukan_enc_platinum.narc!/member_01134,0,/application/zukanlist/zkn_data/zukan_enc_platinum.narc,133,1134,,48184,48188,8500,8504,4,df3f619804a92fdb4057192dc43dd748ea778adc52bc498ce80524c014b81119,00000000,,,,,False,,,,,,,,,,False,False
/application/zukanlist/zkn_data/zukan_enc_platinum.narc,/application/zukanlist/zkn_data/zukan_enc_platinum.narc!/member_01135,0,/application/zukanlist/zkn_data/zukan_enc_platinum.narc,133,1135,,48188,48192,8504,8508,4,df3f619804a92fdb4057192dc43dd748ea778adc52bc498ce80524c014b81119,00000000,,,,,False,,,,,,,,,,False,False
/application/zukanlist/zkn_data/zukan_enc_platinum.narc,/application/zukanlist/zkn_data/zukan_enc_platinum.narc!/member_01136,0,/application/zukanlist/zkn_data/zukan_enc_platinum.narc,133,1136,,48192,48196,8508,8512,4,df3f619804a92fdb4057192dc43dd748ea778adc52bc498ce80524c014b81119,00000000,,,,,False,,,,,,,,,,False,False
/application/zukanlist/zkn_data/zukan_enc_platinum.narc,/application/zukanlist/zkn_data/zukan_enc_platinum.narc!/member_01137,0,/application/zukanlist/zkn_data/zukan_enc_platinum.narc,133,1137,,48196,48200,8512,8516,4,df3f619804a92fdb4057192dc43dd748ea778adc52bc498ce80524c014b81119,00000000,,,,,False,,,,,,,,,,False,False
/application/zukanlist/zkn_data/zukan_enc_platinum.narc,/application/zukanlist/zkn_data/zukan_enc_platinum.narc!/member_01138,0,/application/zukanlist/zkn_data/zukan_enc_platinum.narc,133,1138,,48200,48204,8516,8520,4,df3f619804a92fdb4057192dc43dd748ea778adc52bc498ce80524c014b81119,00000000,,,,,False,,,,,,,,,,False,False
/application/zukanlist/zkn_data/zukan_enc_platinum.narc,/application/zukanlist/zkn_data/zukan_enc_platinum.narc!/member_01139,0,/application/zukanlist/zkn_data/zukan_enc_platinum.narc,133,1139,,48204,48208,8520,8524,4,df3f619804a92fdb4057192dc43dd748ea778adc52bc498ce80524c014b81119,00000000,,,,,False,,,,,,,,,,False,False
/application/zukanlist/zkn_data/zukan_enc_platinum.narc,/application/zukanlist/zkn_data/zukan_enc_platinum.narc!/member_01140,0,/application/zukanlist/zkn_data/zukan_enc_platinum.narc,133,1140,,48208,48212,8524,8528,4,df3f619804a92fdb4057192dc43dd748ea778adc52bc498ce80524c014b81119,00000000,,,,,False,,,,,,,,,,False,False
/application/zukanlist/zkn_data/zukan_enc_platinum.narc,/application/zukanlist/zkn_data/zukan_enc_platinum.narc!/member_01141,0,/application/zukanlist/zkn_data/zukan_enc_platinum.narc,133,1141,,48212,48220,8528,8536,8,35be322d094f9d154a8aba4733b8497f180353bd7ae7b0a15f90b586b549f28b,0300000000000000,,,,,False,,,,,,,,,,False,False
/application/zukanlist/zkn_data/zukan_enc_platinum.narc,/application/zukanlist/zkn_data/zukan_enc_platinum.narc!/member_01142,0,/application/zukanlist/zkn_data/zukan_enc_platinum.narc,133,1142,,48220,48228,8536,8544,8,35be322d094f9d154a8aba4733b8497f180353bd7ae7b0a15f90b586b549f28b,0300000000000000,,,,,False,,,,,,,,,,False,False
/application/zukanlist/zkn_data/zukan_enc_platinum.narc,/application/zukanlist/zkn_data/zukan_enc_platinum.narc!/member_01143,0,/application/zukanlist/zkn_data/zukan_enc_platinum.narc,133,1143,,48228,48232,8544,8548,4,df3f619804a92fdb4057192dc43dd748ea778adc52bc498ce80524c014b81119,00000000,,,,,False,,,,,,,,,,False,False
/application/zukanlist/zkn_data/zukan_enc_platinum.narc,/application/zukanlist/zkn_data/zukan_enc_platinum.narc!/member_01144,0,/application/zukanlist/zkn_data/zukan_enc_platinum.narc,133,1144,,48232,48236,8548,8552,4,df3f619804a92fdb4057192dc43dd748ea778adc52bc498ce80524c014b81119,00000000,,,,,False,,,,,,,,,,False,False
/application/zukanlist/zkn_data/zukan_enc_platinum.narc,/application/zukanlist/zkn_data/zukan_enc_platinum.narc!/member_01145,0,/application/zukanlist/zkn_data/zukan_enc_platinum.narc,133,1145,,48236,48240,8552,8556,4,df3f619804a92fdb4057192dc43dd748ea778adc52bc498ce80524c014b81119,00000000,,,,,False,,,,,,,,,,False,False
/application/zukanlist/zkn_data/zukan_enc_platinum.narc,/application/zukanlist/zkn_data/zukan_enc_platinum.narc!/member_01146,0,/application/zukanlist/zkn_data/zukan_enc_platinum.narc,133,1146,,48240,48244,8556,8560,4,df3f619804a92fdb4057192dc43dd748ea778adc52bc498ce80524c014b81119,00000000,,,,,False,,,,,,,,,,False,False
/application/zukanlist/zkn_data/zukan_enc_platinum.narc,/application/zukanlist/zkn_data/zukan_enc_platinum.narc!/member_01147,0,/application/zukanlist/zkn_data/zukan_enc_platinum.narc,133,1147,,48244,48248,8560,8564,4,df3f619804a92fdb4057192dc43dd748ea778adc52bc498ce80524c014b81119,00000000,,,,,False,,,,,,,,,,False,False
/application/zukanlist/zkn_data/zukan_enc_platinum.narc,/application/zukanlist/zkn_data/zukan_enc_platinum.narc!/member_01148,0,/application/zukanlist/zkn_data/zukan_enc_platinum.narc,133,1148,,48248,48252,8564,8568,4,df3f619804a92fdb4057192dc43dd748ea778adc52bc498ce80524c014b81119,00000000,,,,,False,,,,,,,,,,False,False
/application/zukanlist/zkn_data/zukan_enc_platinum.narc,/application/zukanlist/zkn_data/zukan_enc_platinum.narc!/member_01149,0,/application/zukanlist/zkn_data/zukan_enc_platinum.narc,133,1149,,48252,48256,8568,8572,4,df3f619804a92fdb4057192dc43dd748ea778adc52bc498ce80524c014b81119,00000000,,,,,False,,,,,,,,,,False,False
/application/zukanlist/zkn_data/zukan_enc_platinum.narc,/application/zukanlist/zkn_data/zukan_enc_platinum.narc!/member_01150,0,/application/zukanlist/zkn_data/zukan_enc_platinum.narc,133,1150,,48256,48260,8572,8576,4,df3f619804a92fdb4057192dc43dd748ea778adc52bc498ce80524c014b81119,00000000,,,,,False,,,,,,,,,,False,False
/application/zukanlist/zkn_data/zukan_enc_platinum.narc,/application/zukanlist/zkn_data/zukan_enc_platinum.narc!/member_01151,0,/application/zukanlist/zkn_data/zukan_enc_platinum.narc,133,1151,,48260,48264,8576,8580,4,df3f619804a92fdb4057192dc43dd748ea778adc52bc498ce80524c014b81119,00000000,,,,,False,,,,,,,,,,False,False
/application/zukanlist/zkn_data/zukan_enc_platinum.narc,/application/zukanlist/zkn_data/zukan_enc_platinum.narc!/member_01152,0,/application/zukanlist/zkn_data/zukan_enc_platinum.narc,133,1152,,48264,48268,8580,8584,4,df3f619804a92fdb4057192dc43dd748ea778adc52bc498ce80524c014b81119,00000000,,,,,False,,,,,,,,,,False,False
/application/zukanlist/zkn_data/zukan_enc_platinum.narc,/application/zukanlist/zkn_data/zukan_enc_platinum.narc!/member_01153,0,/application/zukanlist/zkn_data/zukan_enc_platinum.narc,133,1153,,48268,48272,8584,8588,4,df3f619804a92fdb4057192dc43dd748ea778adc52bc498ce80524c014b81119,00000000,,,,,False,,,,,,,,,,False,False
/application/zukanlist/zkn_data/zukan_enc_platinum.narc,/application/zukanlist/zkn_data/zukan_enc_platinum.narc!/member_01154,0,/application/zukanlist/zkn_data/zukan_enc_platinum.narc,133,1154,,48272,48276,8588,8592,4,df3f619804a92fdb4057192dc43dd748ea778adc52bc498ce80524c014b81119,00000000,,,,,False,,,,,,,,,,False,False
/application/zukanlist/zkn_data/zukan_enc_platinum.narc,/application/zukanlist/zkn_data/zukan_enc_platinum.narc!/member_01155,0,/application/zukanlist/zkn_data/zukan_enc_platinum.narc,133,1155,,48276,48280,8592,8596,4,df3f619804a92fdb4057192dc43dd748ea778adc52bc498ce80524c014b81119,00000000,,,,,False,,,,,,,,,,False,False
/application/zukanlist/zkn_data/zukan_enc_platinum.narc,/application/zukanlist/zkn_data/zukan_enc_platinum.narc!/member_01156,0,/application/zukanlist/zkn_data/zukan_enc_platinum.narc,133,1156,,48280,48284,8596,8600,4,df3f619804a92fdb4057192dc43dd748ea778adc52bc498ce80524c014b81119,00000000,,,,,False,,,,,,,,,,False,False
/application/zukanlist/zkn_data/zukan_enc_platinum.narc,/application/zukanlist/zkn_data/zukan_enc_platinum.narc!/member_01157,0,/application/zukanlist/zkn_data/zukan_enc_platinum.narc,133,1157,,48284,48296,8600,8612,12,fab2f21b55393f7661e50e32c7f9d02fc91ea7a9b44df9af88da8635f794ac5e,020000000400000000000000,,,,,False,,,,,,,,,,False,False
/application/zukanlist/zkn_data/zukan_enc_platinum.narc,/application/zukanlist/zkn_data/zukan_enc_platinum.narc!/member_01158,0,/application/zukanlist/zkn_data/zukan_enc_platinum.narc,133,1158,,48296,48308,8612,8624,12,76029fb05fff48cf67c9abf6a6463ba1b4f98fa2dc2259255c808cb26d5fd4b7,030000000400000000000000,,,,,False,,,,,,,,,,False,False
/application/zukanlist/zkn_data/zukan_enc_platinum.narc,/application/zukanlist/zkn_data/zukan_enc_platinum.narc!/member_01159,0,/application/zukanlist/zkn_data/zukan_enc_platinum.narc,133,1159,,48308,48312,8624,8628,4,df3f619804a92fdb4057192dc43dd748ea778adc52bc498ce80524c014b81119,00000000,,,,,False,,,,,,,,,,False,False
/application/zukanlist/zkn_data/zukan_enc_platinum.narc,/application/zukanlist/zkn_data/zukan_enc_platinum.narc!/member_01160,0,/application/zukanlist/zkn_data/zukan_enc_platinum.narc,133,1160,,48312,48316,8628,8632,4,df3f619804a92fdb4057192dc43dd748ea778adc52bc498ce80524c014b81119,00000000,,,,,False,,,,,,,,,,False,False
/application/zukanlist/zkn_data/zukan_enc_platinum.narc,/application/zukanlist/zkn_data/zukan_enc_platinum.narc!/member_01161,0,/application/zukanlist/zkn_data/zukan_enc_platinum.narc,133,1161,,48316,48320,8632,8636,4,df3f619804a92fdb4057192dc43dd748ea778adc52bc498ce80524c014b81119,00000000,,,,,False,,,,,,,,,,False,False
/application/zukanlist/zkn_data/zukan_enc_platinum.narc,/application/zukanlist/zkn_data/zukan_enc_platinum.narc!/member_01162,0,/application/zukanlist/zkn_data/zukan_enc_platinum.narc,133,1162,,48320,48324,8636,8640,4,df3f619804a92fdb4057192dc43dd748ea778adc52bc498ce80524c014b81119,00000000,,,,,False,,,,,,,,,,False,False
/application/zukanlist/zkn_data/zukan_enc_platinum.narc,/application/zukanlist/zkn_data/zukan_enc_platinum.narc!/member_01163,0,/application/zukanlist/zkn_data/zukan_enc_platinum.narc,133,1163,,48324,48328,8640,8644,4,df3f619804a92fdb4057192dc43dd748ea778adc52bc498ce80524c014b81119,00000000,,,,,False,,,,,,,,,,False,False
/application/zukanlist/zkn_data/zukan_enc_platinum.narc,/application/zukanlist/zkn_data/zukan_enc_platinum.narc!/member_01164,0,/application/zukanlist/zkn_data/zukan_enc_platinum.narc,133,1164,,48328,48332,8644,8648,4,df3f619804a92fdb4057192dc43dd748ea778adc52bc498ce80524c014b81119,00000000,,,,,False,,,,,,,,,,False,False
/application/zukanlist/zkn_data/zukan_enc_platinum.narc,/application/zukanlist/zkn_data/zukan_enc_platinum.narc!/member_01165,0,/application/zukanlist/zkn_data/zukan_enc_platinum.narc,133,1165,,48332,48336,8648,8652,4,df3f619804a92fdb4057192dc43dd748ea778adc52bc498ce80524c014b81119,00000000,,,,,False,,,,,,,,,,False,False
/application/zukanlist/zkn_data/zukan_enc_platinum.narc,/application/zukanlist/zkn_data/zukan_enc_platinum.narc!/member_01166,0,/application/zukanlist/zkn_data/zukan_enc_platinum.narc,133,1166,,48336,48344,8652,8660,8,18d8d609947c6b82b9607704ae40d3317038e709238514de750b5c7411ba4c20,0e00000000000000,,,,,False,,,,,,,,,,False,False
/application/zukanlist/zkn_data/zukan_enc_platinum.narc,/application/zukanlist/zkn_data/zukan_enc_platinum.narc!/member_01167,0,/application/zukanlist/zkn_data/zukan_enc_platinum.narc,133,1167,,48344,48352,8660,8668,8,35be322d094f9d154a8aba4733b8497f180353bd7ae7b0a15f90b586b549f28b,0300000000000000,,,,,False,,,,,,,,,,False,False
/application/zukanlist/zkn_data/zukan_enc_platinum.narc,/application/zukanlist/zkn_data/zukan_enc_platinum.narc!/member_01168,0,/application/zukanlist/zkn_data/zukan_enc_platinum.narc,133,1168,,48352,48356,8668,8672,4,df3f619804a92fdb4057192dc43dd748ea778adc52bc498ce80524c014b81119,00000000,,,,,False,,,,,,,,,,False,False
/application/zukanlist/zkn_data/zukan_enc_platinum.narc,/application/zukanlist/zkn_data/zukan_enc_platinum.narc!/member_01169,0,/application/zukanlist/zkn_data/zukan_enc_platinum.narc,133,1169,,48356,48360,8672,8676,4,df3f619804a92fdb4057192dc43dd748ea778adc52bc498ce80524c014b81119,00000000,,,,,False,,,,,,,,,,False,False
/application/zukanlist/zkn_data/zukan_enc_platinum.narc,/application/zukanlist/zkn_data/zukan_enc_platinum.narc!/member_01170,0,/application/zukanlist/zkn_data/zukan_enc_platinum.narc,133,1170,,48360,48364,8676,8680,4,df3f619804a92fdb4057192dc43dd748ea778adc52bc498ce80524c014b81119,00000000,,,,,False,,,,,,,,,,False,False
/application/zukanlist/zkn_data/zukan_enc_platinum.narc,/application/zukanlist/zkn_data/zukan_enc_platinum.narc!/member_01171,0,/application/zukanlist/zkn_data/zukan_enc_platinum.narc,133,1171,,48364,48368,8680,8684,4,df3f619804a92fdb4057192dc43dd748ea778adc52bc498ce80524c014b81119,00000000,,,,,False,,,,,,,,,,False,False
/application/zukanlist/zkn_data/zukan_enc_platinum.narc,/application/zukanlist/zkn_data/zukan_enc_platinum.narc!/member_01172,0,/application/zukanlist/zkn_data/zukan_enc_platinum.narc,133,1172,,48368,48372,8684,8688,4,df3f619804a92fdb4057192dc43dd748ea778adc52bc498ce80524c014b81119,00000000,,,,,False,,,,,,,,,,False,False
/application/zukanlist/zkn_data/zukan_enc_platinum.narc,/application/zukanlist/zkn_data/zukan_enc_platinum.narc!/member_01173,0,/application/zukanlist/zkn_data/zukan_enc_platinum.narc,133,1173,,48372,48376,8688,8692,4,df3f619804a92fdb4057192dc43dd748ea778adc52bc498ce80524c014b81119,00000000,,,,,False,,,,,,,,,,False,False
/application/zukanlist/zkn_data/zukan_enc_platinum.narc,/application/zukanlist/zkn_data/zukan_enc_platinum.narc!/member_01174,0,/application/zukanlist/zkn_data/zukan_enc_platinum.narc,133,1174,,48376,48380,8692,8696,4,df3f619804a92fdb4057192dc43dd748ea778adc52bc498ce80524c014b81119,00000000,,,,,False,,,,,,,,,,False,False
/application/zukanlist/zkn_data/zukan_enc_platinum.narc,/application/zukanlist/zkn_data/zukan_enc_platinum.narc!/member_01175,0,/application/zukanlist/zkn_data/zukan_enc_platinum.narc,133,1175,,48380,48384,8696,8700,4,df3f619804a92fdb4057192dc43dd748ea778adc52bc498ce80524c014b81119,00000000,,,,,False,,,,,,,,,,False,False
/application/zukanlist/zkn_data/zukan_enc_platinum.narc,/application/zukanlist/zkn_data/zukan_enc_platinum.narc!/member_01176,0,/application/zukanlist/zkn_data/zukan_enc_platinum.narc,133,1176,,48384,48388,8700,8704,4,df3f619804a92fdb4057192dc43dd748ea778adc52bc498ce80524c014b81119,00000000,,,,,False,,,,,,,,,,False,False
/application/zukanlist/zkn_data/zukan_enc_platinum.narc,/application/zukanlist/zkn_data/zukan_enc_platinum.narc!/member_01177,0,/application/zukanlist/zkn_data/zukan_enc_platinum.narc,133,1177,,48388,48392,8704,8708,4,df3f619804a92fdb4057192dc43dd748ea778adc52bc498ce80524c014b81119,00000000,,,,,False,,,,,,,,,,False,False
/application/zukanlist/zkn_data/zukan_enc_platinum.narc,/application/zukanlist/zkn_data/zukan_enc_platinum.narc!/member_01178,0,/application/zukanlist/zkn_data/zukan_enc_platinum.narc,133,1178,,48392,48400,8708,8716,8,23d7f42b1cdc1f0d492ebd756ed0fe8003995dda554d99418d47a81813650207,0600000000000000,,,,,False,,,,,,,,,,False,False
/application/zukanlist/zkn_data/zukan_enc_platinum.narc,/application/zukanlist/zkn_data/zukan_enc_platinum.narc!/member_01179,0,/application/zukanlist/zkn_data/zukan_enc_platinum.narc,133,1179,,48400,48404,8716,8720,4,df3f619804a92fdb4057192dc43dd748ea778adc52bc498ce80524c014b81119,00000000,,,,,False,,,,,,,,,,False,False
/application/zukanlist/zkn_data/zukan_enc_platinum.narc,/application/zukanlist/zkn_data/zukan_enc_platinum.narc!/member_01180,0,/application/zukanlist/zkn_data/zukan_enc_platinum.narc,133,1180,,48404,48408,8720,8724,4,df3f619804a92fdb4057192dc43dd748ea778adc52bc498ce80524c014b81119,00000000,,,,,False,,,,,,,,,,False,False
/application/zukanlist/zkn_data/zukan_enc_platinum.narc,/application/zukanlist/zkn_data/zukan_enc_platinum.narc!/member_01181,0,/application/zukanlist/zkn_data/zukan_enc_platinum.narc,133,1181,,48408,48412,8724,8728,4,df3f619804a92fdb4057192dc43dd748ea778adc52bc498ce80524c014b81119,00000000,,,,,False,,,,,,,,,,False,False
/application/zukanlist/zkn_data/zukan_enc_platinum.narc,/application/zukanlist/zkn_data/zukan_enc_platinum.narc!/member_01182,0,/application/zukanlist/zkn_data/zukan_enc_platinum.narc,133,1182,,48412,48416,8728,8732,4,df3f619804a92fdb4057192dc43dd748ea778adc52bc498ce80524c014b81119,00000000,,,,,False,,,,,,,,,,False,False
/application/zukanlist/zkn_data/zukan_enc_platinum.narc,/application/zukanlist/zkn_data/zukan_enc_platinum.narc!/member_01183,0,/application/zukanlist/zkn_data/zukan_enc_platinum.narc,133,1183,,48416,48420,8732,8736,4,df3f619804a92fdb4057192dc43dd748ea778adc52bc498ce80524c014b81119,00000000,,,,,False,,,,,,,,,,False,False
/application/zukanlist/zkn_data/zukan_enc_platinum.narc,/application/zukanlist/zkn_data/zukan_enc_platinum.narc!/member_01184,0,/application/zukanlist/zkn_data/zukan_enc_platinum.narc,133,1184,,48420,48424,8736,8740,4,df3f619804a92fdb4057192dc43dd748ea778adc52bc498ce80524c014b81119,00000000,,,,,False,,,,,,,,,,False,False
/application/zukanlist/zkn_data/zukan_enc_platinum.narc,/application/zukanlist/zkn_data/zukan_enc_platinum.narc!/member_01185,0,/application/zukanlist/zkn_data/zukan_enc_platinum.narc,133,1185,,48424,48428,8740,8744,4,df3f619804a92fdb4057192dc43dd748ea778adc52bc498ce80524c014b81119,00000000,,,,,False,,,,,,,,,,False,False
/application/zukanlist/zkn_data/zukan_enc_platinum.narc,/application/zukanlist/zkn_data/zukan_enc_platinum.narc!/member_01186,0,/application/zukanlist/zkn_data/zukan_enc_platinum.narc,133,1186,,48428,48432,8744,8748,4,df3f619804a92fdb4057192dc43dd748ea778adc52bc498ce80524c014b81119,00000000,,,,,False,,,,,,,,,,False,False
/application/zukanlist/zkn_data/zukan_enc_platinum.narc,/application/zukanlist/zkn_data/zukan_enc_platinum.narc!/member_01187,0,/application/zukanlist/zkn_data/zukan_enc_platinum.narc,133,1187,,48432,48440,8748,8756,8,f0a0278e4372459cca6159cd5e71cfee638302a7b9ca9b05c34181ac0a65ac5d,0400000000000000,,,,,False,,,,,,,,,,False,False
/application/zukanlist/zkn_data/zukan_enc_platinum.narc,/application/zukanlist/zkn_data/zukan_enc_platinum.narc!/member_01188,0,/application/zukanlist/zkn_data/zukan_enc_platinum.narc,133,1188,,48440,48448,8756,8764,8,f0a0278e4372459cca6159cd5e71cfee638302a7b9ca9b05c34181ac0a65ac5d,0400000000000000,,,,,False,,,,,,,,,,False,False
/application/zukanlist/zkn_data/zukan_enc_platinum.narc,/application/zukanlist/zkn_data/zukan_enc_platinum.narc!/member_01189,0,/application/zukanlist/zkn_data/zukan_enc_platinum.narc,133,1189,,48448,48456,8764,8772,8,f0a0278e4372459cca6159cd5e71cfee638302a7b9ca9b05c34181ac0a65ac5d,0400000000000000,,,,,False,,,,,,,,,,False,False
/application/zukanlist/zkn_data/zukan_enc_platinum.narc,/application/zukanlist/zkn_data/zukan_enc_platinum.narc!/member_01190,0,/application/zukanlist/zkn_data/zukan_enc_platinum.narc,133,1190,,48456,48460,8772,8776,4,df3f619804a92fdb4057192dc43dd748ea778adc52bc498ce80524c014b81119,00000000,,,,,False,,,,,,,,,,False,False
/application/zukanlist/zkn_data/zukan_enc_platinum.narc,/application/zukanlist/zkn_data/zukan_enc_platinum.narc!/member_01191,0,/application/zukanlist/zkn_data/zukan_enc_platinum.narc,133,1191,,48460,48464,8776,8780,4,df3f619804a92fdb4057192dc43dd748ea778adc52bc498ce80524c014b81119,00000000,,,,,False,,,,,,,,,,False,False
/application/zukanlist/zkn_data/zukan_enc_platinum.narc,/application/zukanlist/zkn_data/zukan_enc_platinum.narc!/member_01192,0,/application/zukanlist/zkn_data/zukan_enc_platinum.narc,133,1192,,48464,48468,8780,8784,4,df3f619804a92fdb4057192dc43dd748ea778adc52bc498ce80524c014b81119,00000000,,,,,False,,,,,,,,,,False,False
/application/zukanlist/zkn_data/zukan_enc_platinum.narc,/application/zukanlist/zkn_data/zukan_enc_platinum.narc!/member_01193,0,/application/zukanlist/zkn_data/zukan_enc_platinum.narc,133,1193,,48468,48472,8784,8788,4,df3f619804a92fdb4057192dc43dd748ea778adc52bc498ce80524c014b81119,00000000,,,,,False,,,,,,,,,,False,False
/application/zukanlist/zkn_data/zukan_enc_platinum.narc,/application/zukanlist/zkn_data/zukan_enc_platinum.narc!/member_01194,0,/application/zukanlist/zkn_data/zukan_enc_platinum.narc,133,1194,,48472,48476,8788,8792,4,df3f619804a92fdb4057192dc43dd748ea778adc52bc498ce80524c014b81119,00000000,,,,,False,,,,,,,,,,False,False
/application/zukanlist/zkn_data/zukan_enc_platinum.narc,/application/zukanlist/zkn_data/zukan_enc_platinum.narc!/member_01195,0,/application/zukanlist/zkn_data/zukan_enc_platinum.narc,133,1195,,48476,48484,8792,8800,8,f13ee6ed54ea2aae9fc49a9faeb5da6e8ddef0e12ed5d30d35a624ae813e0485,0500000000000000,,,,,False,,,,,,,,,,False,False
/application/zukanlist/zkn_data/zukan_enc_platinum.narc,/application/zukanlist/zkn_data/zukan_enc_platinum.narc!/member_01196,0,/application/zukanlist/zkn_data/zukan_enc_platinum.narc,133,1196,,48484,48488,8800,8804,4,df3f619804a92fdb4057192dc43dd748ea778adc52bc498ce80524c014b81119,00000000,,,,,False,,,,,,,,,,False,False
/application/zukanlist/zkn_data/zukan_enc_platinum.narc,/application/zukanlist/zkn_data/zukan_enc_platinum.narc!/member_01197,0,/application/zukanlist/zkn_data/zukan_enc_platinum.narc,133,1197,,48488,48492,8804,8808,4,df3f619804a92fdb4057192dc43dd748ea778adc52bc498ce80524c014b81119,00000000,,,,,False,,,,,,,,,,False,False
/application/zukanlist/zkn_data/zukan_enc_platinum.narc,/application/zukanlist/zkn_data/zukan_enc_platinum.narc!/member_01198,0,/application/zukanlist/zkn_data/zukan_enc_platinum.narc,133,1198,,48492,48496,8808,8812,4,df3f619804a92fdb4057192dc43dd748ea778adc52bc498ce80524c014b81119,00000000,,,,,False,,,,,,,,,,False,False
/application/zukanlist/zkn_data/zukan_enc_platinum.narc,/application/zukanlist/zkn_data/zukan_enc_platinum.narc!/member_01199,0,/application/zukanlist/zkn_data/zukan_enc_platinum.narc,133,1199,,48496,48500,8812,8816,4,df3f619804a92fdb4057192dc43dd748ea778adc52bc498ce80524c014b81119,00000000,,,,,False,,,,,,,,,,False,False
/application/zukanlist/zkn_data/zukan_enc_platinum.narc,/application/zukanlist/zkn_data/zukan_enc_platinum.narc!/member_01200,0,/application/zukanlist/zkn_data/zukan_enc_platinum.narc,133,1200,,48500,48504,8816,8820,4,df3f619804a92fdb4057192dc43dd748ea778adc52bc498ce80524c014b81119,00000000,,,,,False,,,,,,,,,,False,False
/application/zukanlist/zkn_data/zukan_enc_platinum.narc,/application/zukanlist/zkn_data/zukan_enc_platinum.narc!/member_01201,0,/application/zukanlist/zkn_data/zukan_enc_platinum.narc,133,1201,,48504,48508,8820,8824,4,df3f619804a92fdb4057192dc43dd748ea778adc52bc498ce80524c014b81119,00000000,,,,,False,,,,,,,,,,False,False
/application/zukanlist/zkn_data/zukan_enc_platinum.narc,/application/zukanlist/zkn_data/zukan_enc_platinum.narc!/member_01202,0,/application/zukanlist/zkn_data/zukan_enc_platinum.narc,133,1202,,48508,48520,8824,8836,12,91bf88093936a4b38ebb83bfcdb2c8744520eabc20e468383d76b4e37f3f9f5c,060000000f00000000000000,,,,,False,,,,,,,,,,False,False
/application/zukanlist/zkn_data/zukan_enc_platinum.narc,/application/zukanlist/zkn_data/zukan_enc_platinum.narc!/member_01203,0,/application/zukanlist/zkn_data/zukan_enc_platinum.narc,133,1203,,48520,48524,8836,8840,4,df3f619804a92fdb4057192dc43dd748ea778adc52bc498ce80524c014b81119,00000000,,,,,False,,,,,,,,,,False,False
/application/zukanlist/zkn_data/zukan_enc_platinum.narc,/application/zukanlist/zkn_data/zukan_enc_platinum.narc!/member_01204,0,/application/zukanlist/zkn_data/zukan_enc_platinum.narc,133,1204,,48524,48528,8840,8844,4,df3f619804a92fdb4057192dc43dd748ea778adc52bc498ce80524c014b81119,00000000,,,,,False,,,,,,,,,,False,False
/application/zukanlist/zkn_data/zukan_enc_platinum.narc,/application/zukanlist/zkn_data/zukan_enc_platinum.narc!/member_01205,0,/application/zukanlist/zkn_data/zukan_enc_platinum.narc,133,1205,,48528,48532,8844,8848,4,df3f619804a92fdb4057192dc43dd748ea778adc52bc498ce80524c014b81119,00000000,,,,,False,,,,,,,,,,False,False
/application/zukanlist/zkn_data/zukan_enc_platinum.narc,/application/zukanlist/zkn_data/zukan_enc_platinum.narc!/member_01206,0,/application/zukanlist/zkn_data/zukan_enc_platinum.narc,133,1206,,48532,48536,8848,8852,4,df3f619804a92fdb4057192dc43dd748ea778adc52bc498ce80524c014b81119,00000000,,,,,False,,,,,,,,,,False,False
/application/zukanlist/zkn_data/zukan_enc_platinum.narc,/application/zukanlist/zkn_data/zukan_enc_platinum.narc!/member_01207,0,/application/zukanlist/zkn_data/zukan_enc_platinum.narc,133,1207,,48536,48540,8852,8856,4,df3f619804a92fdb4057192dc43dd748ea778adc52bc498ce80524c014b81119,00000000,,,,,False,,,,,,,,,,False,False
/application/zukanlist/zkn_data/zukan_enc_platinum.narc,/application/zukanlist/zkn_data/zukan_enc_platinum.narc!/member_01208,0,/application/zukanlist/zkn_data/zukan_enc_platinum.narc,133,1208,,48540,48544,8856,8860,4,df3f619804a92fdb4057192dc43dd748ea778adc52bc498ce80524c014b81119,00000000,,,,,False,,,,,,,,,,False,False
/application/zukanlist/zkn_data/zukan_enc_platinum.narc,/application/zukanlist/zkn_data/zukan_enc_platinum.narc!/member_01209,0,/application/zukanlist/zkn_data/zukan_enc_platinum.narc,133,1209,,48544,48556,8860,8872,12,70a843665ee27a264898c82c86bbb3489574321bc16c89a0e50275c369746374,0b0000001300000000000000,,,,,False,,,,,,,,,,False,False
/application/zukanlist/zkn_data/zukan_enc_platinum.narc,/application/zukanlist/zkn_data/zukan_enc_platinum.narc!/member_01210,0,/application/zukanlist/zkn_data/zukan_enc_platinum.narc,133,1210,,48556,48560,8872,8876,4,df3f619804a92fdb4057192dc43dd748ea778adc52bc498ce80524c014b81119,00000000,,,,,False,,,,,,,,,,False,False
/application/zukanlist/zkn_data/zukan_enc_platinum.narc,/application/zukanlist/zkn_data/zukan_enc_platinum.narc!/member_01211,0,/application/zukanlist/zkn_data/zukan_enc_platinum.narc,133,1211,,48560,48564,8876,8880,4,df3f619804a92fdb4057192dc43dd748ea778adc52bc498ce80524c014b81119,00000000,,,,,False,,,,,,,,,,False,False
/application/zukanlist/zkn_data/zukan_enc_platinum.narc,/application/zukanlist/zkn_data/zukan_enc_platinum.narc!/member_01212,0,/application/zukanlist/zkn_data/zukan_enc_platinum.narc,133,1212,,48564,48572,8880,8888,8,cbbd5f990c53684d7ae650b40fcb5656e02261b53da5f6a7d8c819c92f2828f8,0900000000000000,,,,,False,,,,,,,,,,False,False
/application/zukanlist/zkn_data/zukan_enc_platinum.narc,/application/zukanlist/zkn_data/zukan_enc_platinum.narc!/member_01213,0,/application/zukanlist/zkn_data/zukan_enc_platinum.narc,133,1213,,48572,48580,8888,8896,8,cbbd5f990c53684d7ae650b40fcb5656e02261b53da5f6a7d8c819c92f2828f8,0900000000000000,,,,,False,,,,,,,,,,False,False
/application/zukanlist/zkn_data/zukan_enc_platinum.narc,/application/zukanlist/zkn_data/zukan_enc_platinum.narc!/member_01214,0,/application/zukanlist/zkn_data/zukan_enc_platinum.narc,133,1214,,48580,48584,8896,8900,4,df3f619804a92fdb4057192dc43dd748ea778adc52bc498ce80524c014b81119,00000000,,,,,False,,,,,,,,,,False,False
/application/zukanlist/zkn_data/zukan_enc_platinum.narc,/application/zukanlist/zkn_data/zukan_enc_platinum.narc!/member_01215,0,/application/zukanlist/zkn_data/zukan_enc_platinum.narc,133,1215,,48584,48588,8900,8904,4,df3f619804a92fdb4057192dc43dd748ea778adc52bc498ce80524c014b81119,00000000,,,,,False,,,,,,,,,,False,False
/application/zukanlist/zkn_data/zukan_enc_platinum.narc,/application/zukanlist/zkn_data/zukan_enc_platinum.narc!/member_01216,0,/application/zukanlist/zkn_data/zukan_enc_platinum.narc,133,1216,,48588,48592,8904,8908,4,df3f619804a92fdb4057192dc43dd748ea778adc52bc498ce80524c014b81119,00000000,,,,,False,,,,,,,,,,False,False
/application/zukanlist/zkn_data/zukan_enc_platinum.narc,/application/zukanlist/zkn_data/zukan_enc_platinum.narc!/member_01217,0,/application/zukanlist/zkn_data/zukan_enc_platinum.narc,133,1217,,48592,48596,8908,8912,4,df3f619804a92fdb4057192dc43dd748ea778adc52bc498ce80524c014b81119,00000000,,,,,False,,,,,,,,,,False,False
/application/zukanlist/zkn_data/zukan_enc_platinum.narc,/application/zukanlist/zkn_data/zukan_enc_platinum.narc!/member_01218,0,/application/zukanlist/zkn_data/zukan_enc_platinum.narc,133,1218,,48596,48600,8912,8916,4,df3f619804a92fdb4057192dc43dd748ea778adc52bc498ce80524c014b81119,00000000,,,,,False,,,,,,,,,,False,False
/application/zukanlist/zkn_data/zukan_enc_platinum.narc,/application/zukanlist/zkn_data/zukan_enc_platinum.narc!/member_01219,0,/application/zukanlist/zkn_data/zukan_enc_platinum.narc,133,1219,,48600,48604,8916,8920,4,df3f619804a92fdb4057192dc43dd748ea778adc52bc498ce80524c014b81119,00000000,,,,,False,,,,,,,,,,False,False
/application/zukanlist/zkn_data/zukan_enc_platinum.narc,/application/zukanlist/zkn_data/zukan_enc_platinum.narc!/member_01220,0,/application/zukanlist/zkn_data/zukan_enc_platinum.narc,133,1220,,48604,48608,8920,8924,4,df3f619804a92fdb4057192dc43dd748ea778adc52bc498ce80524c014b81119,00000000,,,,,False,,,,,,,,,,False,False
/application/zukanlist/zkn_data/zukan_enc_platinum.narc,/application/zukanlist/zkn_data/zukan_enc_platinum.narc!/member_01221,0,/application/zukanlist/zkn_data/zukan_enc_platinum.narc,133,1221,,48608,48612,8924,8928,4,df3f619804a92fdb4057192dc43dd748ea778adc52bc498ce80524c014b81119,00000000,,,,,False,,,,,,,,,,False,False
/application/zukanlist/zkn_data/zukan_enc_platinum.narc,/application/zukanlist/zkn_data/zukan_enc_platinum.narc!/member_01222,0,/application/zukanlist/zkn_data/zukan_enc_platinum.narc,133,1222,,48612,48616,8928,8932,4,df3f619804a92fdb4057192dc43dd748ea778adc52bc498ce80524c014b81119,00000000,,,,,False,,,,,,,,,,False,False
/application/zukanlist/zkn_data/zukan_enc_platinum.narc,/application/zukanlist/zkn_data/zukan_enc_platinum.narc!/member_01223,0,/application/zukanlist/zkn_data/zukan_enc_platinum.narc,133,1223,,48616,48620,8932,8936,4,df3f619804a92fdb4057192dc43dd748ea778adc52bc498ce80524c014b81119,00000000,,,,,False,,,,,,,,,,False,False
/application/zukanlist/zkn_data/zukan_enc_platinum.narc,/application/zukanlist/zkn_data/zukan_enc_platinum.narc!/member_01224,0,/application/zukanlist/zkn_data/zukan_enc_platinum.narc,133,1224,,48620,48624,8936,8940,4,df3f619804a92fdb4057192dc43dd748ea778adc52bc498ce80524c014b81119,00000000,,,,,False,,,,,,,,,,False,False
/application/zukanlist/zkn_data/zukan_enc_platinum.narc,/application/zukanlist/zkn_data/zukan_enc_platinum.narc!/member_01225,0,/application/zukanlist/zkn_data/zukan_enc_platinum.narc,133,1225,,48624,48628,8940,8944,4,df3f619804a92fdb4057192dc43dd748ea778adc52bc498ce80524c014b81119,00000000,,,,,False,,,,,,,,,,False,False
/application/zukanlist/zkn_data/zukan_enc_platinum.narc,/application/zukanlist/zkn_data/zukan_enc_platinum.narc!/member_01226,0,/application/zukanlist/zkn_data/zukan_enc_platinum.narc,133,1226,,48628,48632,8944,8948,4,df3f619804a92fdb4057192dc43dd748ea778adc52bc498ce80524c014b81119,00000000,,,,,False,,,,,,,,,,False,False
/application/zukanlist/zkn_data/zukan_enc_platinum.narc,/application/zukanlist/zkn_data/zukan_enc_platinum.narc!/member_01227,0,/application/zukanlist/zkn_data/zukan_enc_platinum.narc,133,1227,,48632,48636,8948,8952,4,df3f619804a92fdb4057192dc43dd748ea778adc52bc498ce80524c014b81119,00000000,,,,,False,,,,,,,,,,False,False
/application/zukanlist/zkn_data/zukan_enc_platinum.narc,/application/zukanlist/zkn_data/zukan_enc_platinum.narc!/member_01228,0,/application/zukanlist/zkn_data/zukan_enc_platinum.narc,133,1228,,48636,48640,8952,8956,4,df3f619804a92fdb4057192dc43dd748ea778adc52bc498ce80524c014b81119,00000000,,,,,False,,,,,,,,,,False,False
/application/zukanlist/zkn_data/zukan_enc_platinum.narc,/application/zukanlist/zkn_data/zukan_enc_platinum.narc!/member_01229,0,/application/zukanlist/zkn_data/zukan_enc_platinum.narc,133,1229,,48640,48644,8956,8960,4,df3f619804a92fdb4057192dc43dd748ea778adc52bc498ce80524c014b81119,00000000,,,,,False,,,,,,,,,,False,False
/application/zukanlist/zkn_data/zukan_enc_platinum.narc,/application/zukanlist/zkn_data/zukan_enc_platinum.narc!/member_01230,0,/application/zukanlist/zkn_data/zukan_enc_platinum.narc,133,1230,,48644,48648,8960,8964,4,df3f619804a92fdb4057192dc43dd748ea778adc52bc498ce80524c014b81119,00000000,,,,,False,,,,,,,,,,False,False
/application/zukanlist/zkn_data/zukan_enc_platinum.narc,/application/zukanlist/zkn_data/zukan_enc_platinum.narc!/member_01231,0,/application/zukanlist/zkn_data/zukan_enc_platinum.narc,133,1231,,48648,48652,8964,8968,4,df3f619804a92fdb4057192dc43dd748ea778adc52bc498ce80524c014b81119,00000000,,,,,False,,,,,,,,,,False,False
/application/zukanlist/zkn_data/zukan_enc_platinum.narc,/application/zukanlist/zkn_data/zukan_enc_platinum.narc!/member_01232,0,/application/zukanlist/zkn_data/zukan_enc_platinum.narc,133,1232,,48652,48660,8968,8976,8,5fd1b79ebdef9619a57916a3bfc264b54d37a792659b3693f8ab36ec3ebce448,0b00000000000000,,,,,False,,,,,,,,,,False,False
/application/zukanlist/zkn_data/zukan_enc_platinum.narc,/application/zukanlist/zkn_data/zukan_enc_platinum.narc!/member_01233,0,/application/zukanlist/zkn_data/zukan_enc_platinum.narc,133,1233,,48660,48664,8976,8980,4,df3f619804a92fdb4057192dc43dd748ea778adc52bc498ce80524c014b81119,00000000,,,,,False,,,,,,,,,,False,False
/application/zukanlist/zkn_data/zukan_enc_platinum.narc,/application/zukanlist/zkn_data/zukan_enc_platinum.narc!/member_01234,0,/application/zukanlist/zkn_data/zukan_enc_platinum.narc,133,1234,,48664,48668,8980,8984,4,df3f619804a92fdb4057192dc43dd748ea778adc52bc498ce80524c014b81119,00000000,,,,,False,,,,,,,,,,False,False
/application/zukanlist/zkn_data/zukan_enc_platinum.narc,/application/zukanlist/zkn_data/zukan_enc_platinum.narc!/member_01235,0,/application/zukanlist/zkn_data/zukan_enc_platinum.narc,133,1235,,48668,48672,8984,8988,4,df3f619804a92fdb4057192dc43dd748ea778adc52bc498ce80524c014b81119,00000000,,,,,False,,,,,,,,,,False,False
/application/zukanlist/zkn_data/zukan_enc_platinum.narc,/application/zukanlist/zkn_data/zukan_enc_platinum.narc!/member_01236,0,/application/zukanlist/zkn_data/zukan_enc_platinum.narc,133,1236,,48672,48676,8988,8992,4,df3f619804a92fdb4057192dc43dd748ea778adc52bc498ce80524c014b81119,00000000,,,,,False,,,,,,,,,,False,False
/application/zukanlist/zkn_data/zukan_enc_platinum.narc,/application/zukanlist/zkn_data/zukan_enc_platinum.narc!/member_01237,0,/application/zukanlist/zkn_data/zukan_enc_platinum.narc,133,1237,,48676,48680,8992,8996,4,df3f619804a92fdb4057192dc43dd748ea778adc52bc498ce80524c014b81119,00000000,,,,,False,,,,,,,,,,False,False
/application/zukanlist/zkn_data/zukan_enc_platinum.narc,/application/zukanlist/zkn_data/zukan_enc_platinum.narc!/member_01238,0,/application/zukanlist/zkn_data/zukan_enc_platinum.narc,133,1238,,48680,48684,8996,9000,4,df3f619804a92fdb4057192dc43dd748ea778adc52bc498ce80524c014b81119,00000000,,,,,False,,,,,,,,,,False,False
/application/zukanlist/zkn_data/zukan_enc_platinum.narc,/application/zukanlist/zkn_data/zukan_enc_platinum.narc!/member_01239,0,/application/zukanlist/zkn_data/zukan_enc_platinum.narc,133,1239,,48684,48688,9000,9004,4,df3f619804a92fdb4057192dc43dd748ea778adc52bc498ce80524c014b81119,00000000,,,,,False,,,,,,,,,,False,False
/application/zukanlist/zkn_data/zukan_enc_platinum.narc,/application/zukanlist/zkn_data/zukan_enc_platinum.narc!/member_01240,0,/application/zukanlist/zkn_data/zukan_enc_platinum.narc,133,1240,,48688,48692,9004,9008,4,df3f619804a92fdb4057192dc43dd748ea778adc52bc498ce80524c014b81119,00000000,,,,,False,,,,,,,,,,False,False
/application/zukanlist/zkn_data/zukan_enc_platinum.narc,/application/zukanlist/zkn_data/zukan_enc_platinum.narc!/member_01241,0,/application/zukanlist/zkn_data/zukan_enc_platinum.narc,133,1241,,48692,48696,9008,9012,4,df3f619804a92fdb4057192dc43dd748ea778adc52bc498ce80524c014b81119,00000000,,,,,False,,,,,,,,,,False,False
/application/zukanlist/zkn_data/zukan_enc_platinum.narc,/application/zukanlist/zkn_data/zukan_enc_platinum.narc!/member_01242,0,/application/zukanlist/zkn_data/zukan_enc_platinum.narc,133,1242,,48696,48700,9012,9016,4,df3f619804a92fdb4057192dc43dd748ea778adc52bc498ce80524c014b81119,00000000,,,,,False,,,,,,,,,,False,False
/application/zukanlist/zkn_data/zukan_enc_platinum.narc,/application/zukanlist/zkn_data/zukan_enc_platinum.narc!/member_01243,0,/application/zukanlist/zkn_data/zukan_enc_platinum.narc,133,1243,,48700,48704,9016,9020,4,df3f619804a92fdb4057192dc43dd748ea778adc52bc498ce80524c014b81119,00000000,,,,,False,,,,,,,,,,False,False
/application/zukanlist/zkn_data/zukan_enc_platinum.narc,/application/zukanlist/zkn_data/zukan_enc_platinum.narc!/member_01244,0,/application/zukanlist/zkn_data/zukan_enc_platinum.narc,133,1244,,48704,48708,9020,9024,4,df3f619804a92fdb4057192dc43dd748ea778adc52bc498ce80524c014b81119,00000000,,,,,False,,,,,,,,,,False,False
/application/zukanlist/zkn_data/zukan_enc_platinum.narc,/application/zukanlist/zkn_data/zukan_enc_platinum.narc!/member_01245,0,/application/zukanlist/zkn_data/zukan_enc_platinum.narc,133,1245,,48708,48712,9024,9028,4,df3f619804a92fdb4057192dc43dd748ea778adc52bc498ce80524c014b81119,00000000,,,,,False,,,,,,,,,,False,False
/application/zukanlist/zkn_data/zukan_enc_platinum.narc,/application/zukanlist/zkn_data/zukan_enc_platinum.narc!/member_01246,0,/application/zukanlist/zkn_data/zukan_enc_platinum.narc,133,1246,,48712,48716,9028,9032,4,df3f619804a92fdb4057192dc43dd748ea778adc52bc498ce80524c014b81119,00000000,,,,,False,,,,,,,,,,False,False
/application/zukanlist/zkn_data/zukan_enc_platinum.narc,/application/zukanlist/zkn_data/zukan_enc_platinum.narc!/member_01247,0,/application/zukanlist/zkn_data/zukan_enc_platinum.narc,133,1247,,48716,48720,9032,9036,4,df3f619804a92fdb4057192dc43dd748ea778adc52bc498ce80524c014b81119,00000000,,,,,False,,,,,,,,,,False,False
/application/zukanlist/zkn_data/zukan_enc_platinum.narc,/application/zukanlist/zkn_data/zukan_enc_platinum.narc!/member_01248,0,/application/zukanlist/zkn_data/zukan_enc_platinum.narc,133,1248,,48720,48724,9036,9040,4,df3f619804a92fdb4057192dc43dd748ea778adc52bc498ce80524c014b81119,00000000,,,,,False,,,,,,,,,,False,False
/application/zukanlist/zkn_data/zukan_enc_platinum.narc,/application/zukanlist/zkn_data/zukan_enc_platinum.narc!/member_01249,0,/application/zukanlist/zkn_data/zukan_enc_platinum.narc,133,1249,,48724,48728,9040,9044,4,df3f619804a92fdb4057192dc43dd748ea778adc52bc498ce80524c014b81119,00000000,,,,,False,,,,,,,,,,False,False
/application/zukanlist/zkn_data/zukan_enc_platinum.narc,/application/zukanlist/zkn_data/zukan_enc_platinum.narc!/member_01250,0,/application/zukanlist/zkn_data/zukan_enc_platinum.narc,133,1250,,48728,48732,9044,9048,4,df3f619804a92fdb4057192dc43dd748ea778adc52bc498ce80524c014b81119,00000000,,,,,False,,,,,,,,,,False,False
/application/zukanlist/zkn_data/zukan_enc_platinum.narc,/application/zukanlist/zkn_data/zukan_enc_platinum.narc!/member_01251,0,/application/zukanlist/zkn_data/zukan_enc_platinum.narc,133,1251,,48732,48736,9048,9052,4,df3f619804a92fdb4057192dc43dd748ea778adc52bc498ce80524c014b81119,00000000,,,,,False,,,,,,,,,,False,False
/application/zukanlist/zkn_data/zukan_enc_platinum.narc,/application/zukanlist/zkn_data/zukan_enc_platinum.narc!/member_01252,0,/application/zukanlist/zkn_data/zukan_enc_platinum.narc,133,1252,,48736,48740,9052,9056,4,df3f619804a92fdb4057192dc43dd748ea778adc52bc498ce80524c014b81119,00000000,,,,,False,,,,,,,,,,False,False
/application/zukanlist/zkn_data/zukan_enc_platinum.narc,/application/zukanlist/zkn_data/zukan_enc_platinum.narc!/member_01253,0,/application/zukanlist/zkn_data/zukan_enc_platinum.narc,133,1253,,48740,48744,9056,9060,4,df3f619804a92fdb4057192dc43dd748ea778adc52bc498ce80524c014b81119,00000000,,,,,False,,,,,,,,,,False,False
/application/zukanlist/zkn_data/zukan_enc_platinum.narc,/application/zukanlist/zkn_data/zukan_enc_platinum.narc!/member_01254,0,/application/zukanlist/zkn_data/zukan_enc_platinum.narc,133,1254,,48744,48748,9060,9064,4,df3f619804a92fdb4057192dc43dd748ea778adc52bc498ce80524c014b81119,00000000,,,,,False,,,,,,,,,,False,False
/application/zukanlist/zkn_data/zukan_enc_platinum.narc,/application/zukanlist/zkn_data/zukan_enc_platinum.narc!/member_01255,0,/application/zukanlist/zkn_data/zukan_enc_platinum.narc,133,1255,,48748,48752,9064,9068,4,df3f619804a92fdb4057192dc43dd748ea778adc52bc498ce80524c014b81119,00000000,,,,,False,,,,,,,,,,False,False
/application/zukanlist/zkn_data/zukan_enc_platinum.narc,/application/zukanlist/zkn_data/zukan_enc_platinum.narc!/member_01256,0,/application/zukanlist/zkn_data/zukan_enc_platinum.narc,133,1256,,48752,48756,9068,9072,4,df3f619804a92fdb4057192dc43dd748ea778adc52bc498ce80524c014b81119,00000000,,,,,False,,,,,,,,,,False,False
/application/zukanlist/zkn_data/zukan_enc_platinum.narc,/application/zukanlist/zkn_data/zukan_enc_platinum.narc!/member_01257,0,/application/zukanlist/zkn_data/zukan_enc_platinum.narc,133,1257,,48756,48760,9072,9076,4,df3f619804a92fdb4057192dc43dd748ea778adc52bc498ce80524c014b81119,00000000,,,,,False,,,,,,,,,,False,False
/application/zukanlist/zkn_data/zukan_enc_platinum.narc,/application/zukanlist/zkn_data/zukan_enc_platinum.narc!/member_01258,0,/application/zukanlist/zkn_data/zukan_enc_platinum.narc,133,1258,,48760,48764,9076,9080,4,df3f619804a92fdb4057192dc43dd748ea778adc52bc498ce80524c014b81119,00000000,,,,,False,,,,,,,,,,False,False
/application/zukanlist/zkn_data/zukan_enc_platinum.narc,/application/zukanlist/zkn_data/zukan_enc_platinum.narc!/member_01259,0,/application/zukanlist/zkn_data/zukan_enc_platinum.narc,133,1259,,48764,48768,9080,9084,4,df3f619804a92fdb4057192dc43dd748ea778adc52bc498ce80524c014b81119,00000000,,,,,False,,,,,,,,,,False,False
/application/zukanlist/zkn_data/zukan_enc_platinum.narc,/application/zukanlist/zkn_data/zukan_enc_platinum.narc!/member_01260,0,/application/zukanlist/zkn_data/zukan_enc_platinum.narc,133,1260,,48768,48776,9084,9092,8,d86e8112f3c4c4442126f8e9f44f16867da487f29052bf91b810457db34209a4,0200000000000000,,,,,False,,,,,,,,,,False,False
/application/zukanlist/zkn_data/zukan_enc_platinum.narc,/application/zukanlist/zkn_data/zukan_enc_platinum.narc!/member_01261,0,/application/zukanlist/zkn_data/zukan_enc_platinum.narc,133,1261,,48776,48784,9092,9100,8,d86e8112f3c4c4442126f8e9f44f16867da487f29052bf91b810457db34209a4,0200000000000000,,,,,False,,,,,,,,,,False,False
/application/zukanlist/zkn_data/zukan_enc_platinum.narc,/application/zukanlist/zkn_data/zukan_enc_platinum.narc!/member_01262,0,/application/zukanlist/zkn_data/zukan_enc_platinum.narc,133,1262,,48784,48792,9100,9108,8,d86e8112f3c4c4442126f8e9f44f16867da487f29052bf91b810457db34209a4,0200000000000000,,,,,False,,,,,,,,,,False,False
/application/zukanlist/zkn_data/zukan_enc_platinum.narc,/application/zukanlist/zkn_data/zukan_enc_platinum.narc!/member_01263,0,/application/zukanlist/zkn_data/zukan_enc_platinum.narc,133,1263,,48792,48800,9108,9116,8,d86e8112f3c4c4442126f8e9f44f16867da487f29052bf91b810457db34209a4,0200000000000000,,,,,False,,,,,,,,,,False,False
/application/zukanlist/zkn_data/zukan_enc_platinum.narc,/application/zukanlist/zkn_data/zukan_enc_platinum.narc!/member_01264,0,/application/zukanlist/zkn_data/zukan_enc_platinum.narc,133,1264,,48800,48804,9116,9120,4,df3f619804a92fdb4057192dc43dd748ea778adc52bc498ce80524c014b81119,00000000,,,,,False,,,,,,,,,,False,False
/application/zukanlist/zkn_data/zukan_enc_platinum.narc,/application/zukanlist/zkn_data/zukan_enc_platinum.narc!/member_01265,0,/application/zukanlist/zkn_data/zukan_enc_platinum.narc,133,1265,,48804,48808,9120,9124,4,df3f619804a92fdb4057192dc43dd748ea778adc52bc498ce80524c014b81119,00000000,,,,,False,,,,,,,,,,False,False
/application/zukanlist/zkn_data/zukan_enc_platinum.narc,/application/zukanlist/zkn_data/zukan_enc_platinum.narc!/member_01266,0,/application/zukanlist/zkn_data/zukan_enc_platinum.narc,133,1266,,48808,48812,9124,9128,4,df3f619804a92fdb4057192dc43dd748ea778adc52bc498ce80524c014b81119,00000000,,,,,False,,,,,,,,,,False,False
/application/zukanlist/zkn_data/zukan_enc_platinum.narc,/application/zukanlist/zkn_data/zukan_enc_platinum.narc!/member_01267,0,/application/zukanlist/zkn_data/zukan_enc_platinum.narc,133,1267,,48812,48816,9128,9132,4,df3f619804a92fdb4057192dc43dd748ea778adc52bc498ce80524c014b81119,00000000,,,,,False,,,,,,,,,,False,False
/application/zukanlist/zkn_data/zukan_enc_platinum.narc,/application/zukanlist/zkn_data/zukan_enc_platinum.narc!/member_01268,0,/application/zukanlist/zkn_data/zukan_enc_platinum.narc,133,1268,,48816,48820,9132,9136,4,df3f619804a92fdb4057192dc43dd748ea778adc52bc498ce80524c014b81119,00000000,,,,,False,,,,,,,,,,False,False
/application/zukanlist/zkn_data/zukan_enc_platinum.narc,/application/zukanlist/zkn_data/zukan_enc_platinum.narc!/member_01269,0,/application/zukanlist/zkn_data/zukan_enc_platinum.narc,133,1269,,48820,48824,9136,9140,4,df3f619804a92fdb4057192dc43dd748ea778adc52bc498ce80524c014b81119,00000000,,,,,False,,,,,,,,,,False,False
/application/zukanlist/zkn_data/zukan_enc_platinum.narc,/application/zukanlist/zkn_data/zukan_enc_platinum.narc!/member_01270,0,/application/zukanlist/zkn_data/zukan_enc_platinum.narc,133,1270,,48824,48828,9140,9144,4,df3f619804a92fdb4057192dc43dd748ea778adc52bc498ce80524c014b81119,00000000,,,,,False,,,,,,,,,,False,False
/application/zukanlist/zkn_data/zukan_enc_platinum.narc,/application/zukanlist/zkn_data/zukan_enc_platinum.narc!/member_01271,0,/application/zukanlist/zkn_data/zukan_enc_platinum.narc,133,1271,,48828,48832,9144,9148,4,df3f619804a92fdb4057192dc43dd748ea778adc52bc498ce80524c014b81119,00000000,,,,,False,,,,,,,,,,False,False
/application/zukanlist/zkn_data/zukan_enc_platinum.narc,/application/zukanlist/zkn_data/zukan_enc_platinum.narc!/member_01272,0,/application/zukanlist/zkn_data/zukan_enc_platinum.narc,133,1272,,48832,48836,9148,9152,4,df3f619804a92fdb4057192dc43dd748ea778adc52bc498ce80524c014b81119,00000000,,,,,False,,,,,,,,,,False,False
/application/zukanlist/zkn_data/zukan_enc_platinum.narc,/application/zukanlist/zkn_data/zukan_enc_platinum.narc!/member_01273,0,/application/zukanlist/zkn_data/zukan_enc_platinum.narc,133,1273,,48836,48840,9152,9156,4,df3f619804a92fdb4057192dc43dd748ea778adc52bc498ce80524c014b81119,00000000,,,,,False,,,,,,,,,,False,False
/application/zukanlist/zkn_data/zukan_enc_platinum.narc,/application/zukanlist/zkn_data/zukan_enc_platinum.narc!/member_01274,0,/application/zukanlist/zkn_data/zukan_enc_platinum.narc,133,1274,,48840,48844,9156,9160,4,df3f619804a92fdb4057192dc43dd748ea778adc52bc498ce80524c014b81119,00000000,,,,,False,,,,,,,,,,False,False
/application/zukanlist/zkn_data/zukan_enc_platinum.narc,/application/zukanlist/zkn_data/zukan_enc_platinum.narc!/member_01275,0,/application/zukanlist/zkn_data/zukan_enc_platinum.narc,133,1275,,48844,48848,9160,9164,4,df3f619804a92fdb4057192dc43dd748ea778adc52bc498ce80524c014b81119,00000000,,,,,False,,,,,,,,,,False,False
/application/zukanlist/zkn_data/zukan_enc_platinum.narc,/application/zukanlist/zkn_data/zukan_enc_platinum.narc!/member_01276,0,/application/zukanlist/zkn_data/zukan_enc_platinum.narc,133,1276,,48848,48852,9164,9168,4,df3f619804a92fdb4057192dc43dd748ea778adc52bc498ce80524c014b81119,00000000,,,,,False,,,,,,,,,,False,False
/application/zukanlist/zkn_data/zukan_enc_platinum.narc,/application/zukanlist/zkn_data/zukan_enc_platinum.narc!/member_01277,0,/application/zukanlist/zkn_data/zukan_enc_platinum.narc,133,1277,,48852,48856,9168,9172,4,df3f619804a92fdb4057192dc43dd748ea778adc52bc498ce80524c014b81119,00000000,,,,,False,,,,,,,,,,False,False
/application/zukanlist/zkn_data/zukan_enc_platinum.narc,/application/zukanlist/zkn_data/zukan_enc_platinum.narc!/member_01278,0,/application/zukanlist/zkn_data/zukan_enc_platinum.narc,133,1278,,48856,48860,9172,9176,4,df3f619804a92fdb4057192dc43dd748ea778adc52bc498ce80524c014b81119,00000000,,,,,False,,,,,,,,,,False,False
/application/zukanlist/zkn_data/zukan_enc_platinum.narc,/application/zukanlist/zkn_data/zukan_enc_platinum.narc!/member_01279,0,/application/zukanlist/zkn_data/zukan_enc_platinum.narc,133,1279,,48860,48864,9176,9180,4,df3f619804a92fdb4057192dc43dd748ea778adc52bc498ce80524c014b81119,00000000,,,,,False,,,,,,,,,,False,False
/application/zukanlist/zkn_data/zukan_enc_platinum.narc,/application/zukanlist/zkn_data/zukan_enc_platinum.narc!/member_01280,0,/application/zukanlist/zkn_data/zukan_enc_platinum.narc,133,1280,,48864,48868,9180,9184,4,df3f619804a92fdb4057192dc43dd748ea778adc52bc498ce80524c014b81119,00000000,,,,,False,,,,,,,,,,False,False
/application/zukanlist/zkn_data/zukan_enc_platinum.narc,/application/zukanlist/zkn_data/zukan_enc_platinum.narc!/member_01281,0,/application/zukanlist/zkn_data/zukan_enc_platinum.narc,133,1281,,48868,48872,9184,9188,4,df3f619804a92fdb4057192dc43dd748ea778adc52bc498ce80524c014b81119,00000000,,,,,False,,,,,,,,,,False,False
/application/zukanlist/zkn_data/zukan_enc_platinum.narc,/application/zukanlist/zkn_data/zukan_enc_platinum.narc!/member_01282,0,/application/zukanlist/zkn_data/zukan_enc_platinum.narc,133,1282,,48872,48876,9188,9192,4,df3f619804a92fdb4057192dc43dd748ea778adc52bc498ce80524c014b81119,00000000,,,,,False,,,,,,,,,,False,False
/application/zukanlist/zkn_data/zukan_enc_platinum.narc,/application/zukanlist/zkn_data/zukan_enc_platinum.narc!/member_01283,0,/application/zukanlist/zkn_data/zukan_enc_platinum.narc,133,1283,,48876,48880,9192,9196,4,df3f619804a92fdb4057192dc43dd748ea778adc52bc498ce80524c014b81119,00000000,,,,,False,,,,,,,,,,False,False
/application/zukanlist/zkn_data/zukan_enc_platinum.narc,/application/zukanlist/zkn_data/zukan_enc_platinum.narc!/member_01284,0,/application/zukanlist/zkn_data/zukan_enc_platinum.narc,133,1284,,48880,48884,9196,9200,4,df3f619804a92fdb4057192dc43dd748ea778adc52bc498ce80524c014b81119,00000000,,,,,False,,,,,,,,,,False,False
/application/zukanlist/zkn_data/zukan_enc_platinum.narc,/application/zukanlist/zkn_data/zukan_enc_platinum.narc!/member_01285,0,/application/zukanlist/zkn_data/zukan_enc_platinum.narc,133,1285,,48884,48888,9200,9204,4,df3f619804a92fdb4057192dc43dd748ea778adc52bc498ce80524c014b81119,00000000,,,,,False,,,,,,,,,,False,False
/application/zukanlist/zkn_data/zukan_enc_platinum.narc,/application/zukanlist/zkn_data/zukan_enc_platinum.narc!/member_01286,0,/application/zukanlist/zkn_data/zukan_enc_platinum.narc,133,1286,,48888,48892,9204,9208,4,df3f619804a92fdb4057192dc43dd748ea778adc52bc498ce80524c014b81119,00000000,,,,,False,,,,,,,,,,False,False
/application/zukanlist/zkn_data/zukan_enc_platinum.narc,/application/zukanlist/zkn_data/zukan_enc_platinum.narc!/member_01287,0,/application/zukanlist/zkn_data/zukan_enc_platinum.narc,133,1287,,48892,48896,9208,9212,4,df3f619804a92fdb4057192dc43dd748ea778adc52bc498ce80524c014b81119,00000000,,,,,False,,,,,,,,,,False,False
/application/zukanlist/zkn_data/zukan_enc_platinum.narc,/application/zukanlist/zkn_data/zukan_enc_platinum.narc!/member_01288,0,/application/zukanlist/zkn_data/zukan_enc_platinum.narc,133,1288,,48896,48900,9212,9216,4,df3f619804a92fdb4057192dc43dd748ea778adc52bc498ce80524c014b81119,00000000,,,,,False,,,,,,,,,,False,False
/application/zukanlist/zkn_data/zukan_enc_platinum.narc,/application/zukanlist/zkn_data/zukan_enc_platinum.narc!/member_01289,0,/application/zukanlist/zkn_data/zukan_enc_platinum.narc,133,1289,,48900,48904,9216,9220,4,df3f619804a92fdb4057192dc43dd748ea778adc52bc498ce80524c014b81119,00000000,,,,,False,,,,,,,,,,False,False
/application/zukanlist/zkn_data/zukan_enc_platinum.narc,/application/zukanlist/zkn_data/zukan_enc_platinum.narc!/member_01290,0,/application/zukanlist/zkn_data/zukan_enc_platinum.narc,133,1290,,48904,48908,9220,9224,4,df3f619804a92fdb4057192dc43dd748ea778adc52bc498ce80524c014b81119,00000000,,,,,False,,,,,,,,,,False,False
/application/zukanlist/zkn_data/zukan_enc_platinum.narc,/application/zukanlist/zkn_data/zukan_enc_platinum.narc!/member_01291,0,/application/zukanlist/zkn_data/zukan_enc_platinum.narc,133,1291,,48908,48912,9224,9228,4,df3f619804a92fdb4057192dc43dd748ea778adc52bc498ce80524c014b81119,00000000,,,,,False,,,,,,,,,,False,False
/application/zukanlist/zkn_data/zukan_enc_platinum.narc,/application/zukanlist/zkn_data/zukan_enc_platinum.narc!/member_01292,0,/application/zukanlist/zkn_data/zukan_enc_platinum.narc,133,1292,,48912,48916,9228,9232,4,df3f619804a92fdb4057192dc43dd748ea778adc52bc498ce80524c014b81119,00000000,,,,,False,,,,,,,,,,False,False
/application/zukanlist/zkn_data/zukan_enc_platinum.narc,/application/zukanlist/zkn_data/zukan_enc_platinum.narc!/member_01293,0,/application/zukanlist/zkn_data/zukan_enc_platinum.narc,133,1293,,48916,48924,9232,9240,8,35be322d094f9d154a8aba4733b8497f180353bd7ae7b0a15f90b586b549f28b,0300000000000000,,,,,False,,,,,,,,,,False,False
/application/zukanlist/zkn_data/zukan_enc_platinum.narc,/application/zukanlist/zkn_data/zukan_enc_platinum.narc!/member_01294,0,/application/zukanlist/zkn_data/zukan_enc_platinum.narc,133,1294,,48924,48928,9240,9244,4,df3f619804a92fdb4057192dc43dd748ea778adc52bc498ce80524c014b81119,00000000,,,,,False,,,,,,,,,,False,False
/application/zukanlist/zkn_data/zukan_enc_platinum.narc,/application/zukanlist/zkn_data/zukan_enc_platinum.narc!/member_01295,0,/application/zukanlist/zkn_data/zukan_enc_platinum.narc,133,1295,,48928,48932,9244,9248,4,df3f619804a92fdb4057192dc43dd748ea778adc52bc498ce80524c014b81119,00000000,,,,,False,,,,,,,,,,False,False
/application/zukanlist/zkn_data/zukan_enc_platinum.narc,/application/zukanlist/zkn_data/zukan_enc_platinum.narc!/member_01296,0,/application/zukanlist/zkn_data/zukan_enc_platinum.narc,133,1296,,48932,48936,9248,9252,4,df3f619804a92fdb4057192dc43dd748ea778adc52bc498ce80524c014b81119,00000000,,,,,False,,,,,,,,,,False,False
/application/zukanlist/zkn_data/zukan_enc_platinum.narc,/application/zukanlist/zkn_data/zukan_enc_platinum.narc!/member_01297,0,/application/zukanlist/zkn_data/zukan_enc_platinum.narc,133,1297,,48936,48940,9252,9256,4,df3f619804a92fdb4057192dc43dd748ea778adc52bc498ce80524c014b81119,00000000,,,,,False,,,,,,,,,,False,False
/application/zukanlist/zkn_data/zukan_enc_platinum.narc,/application/zukanlist/zkn_data/zukan_enc_platinum.narc!/member_01298,0,/application/zukanlist/zkn_data/zukan_enc_platinum.narc,133,1298,,48940,48944,9256,9260,4,df3f619804a92fdb4057192dc43dd748ea778adc52bc498ce80524c014b81119,00000000,,,,,False,,,,,,,,,,False,False
/application/zukanlist/zkn_data/zukan_enc_platinum.narc,/application/zukanlist/zkn_data/zukan_enc_platinum.narc!/member_01299,0,/application/zukanlist/zkn_data/zukan_enc_platinum.narc,133,1299,,48944,48948,9260,9264,4,df3f619804a92fdb4057192dc43dd748ea778adc52bc498ce80524c014b81119,00000000,,,,,False,,,,,,,,,,False,False
/application/zukanlist/zkn_data/zukan_enc_platinum.narc,/application/zukanlist/zkn_data/zukan_enc_platinum.narc!/member_01300,0,/application/zukanlist/zkn_data/zukan_enc_platinum.narc,133,1300,,48948,48952,9264,9268,4,df3f619804a92fdb4057192dc43dd748ea778adc52bc498ce80524c014b81119,00000000,,,,,False,,,,,,,,,,False,False
/application/zukanlist/zkn_data/zukan_enc_platinum.narc,/application/zukanlist/zkn_data/zukan_enc_platinum.narc!/member_01301,0,/application/zukanlist/zkn_data/zukan_enc_platinum.narc,133,1301,,48952,48960,9268,9276,8,35be322d094f9d154a8aba4733b8497f180353bd7ae7b0a15f90b586b549f28b,0300000000000000,,,,,False,,,,,,,,,,False,False
/application/zukanlist/zkn_data/zukan_enc_platinum.narc,/application/zukanlist/zkn_data/zukan_enc_platinum.narc!/member_01302,0,/application/zukanlist/zkn_data/zukan_enc_platinum.narc,133,1302,,48960,48968,9276,9284,8,35be322d094f9d154a8aba4733b8497f180353bd7ae7b0a15f90b586b549f28b,0300000000000000,,,,,False,,,,,,,,,,False,False
/application/zukanlist/zkn_data/zukan_enc_platinum.narc,/application/zukanlist/zkn_data/zukan_enc_platinum.narc!/member_01303,0,/application/zukanlist/zkn_data/zukan_enc_platinum.narc,133,1303,,48968,48972,9284,9288,4,df3f619804a92fdb4057192dc43dd748ea778adc52bc498ce80524c014b81119,00000000,,,,,False,,,,,,,,,,False,False
/application/zukanlist/zkn_data/zukan_enc_platinum.narc,/application/zukanlist/zkn_data/zukan_enc_platinum.narc!/member_01304,0,/application/zukanlist/zkn_data/zukan_enc_platinum.narc,133,1304,,48972,48976,9288,9292,4,df3f619804a92fdb4057192dc43dd748ea778adc52bc498ce80524c014b81119,00000000,,,,,False,,,,,,,,,,False,False
/application/zukanlist/zkn_data/zukan_enc_platinum.narc,/application/zukanlist/zkn_data/zukan_enc_platinum.narc!/member_01305,0,/application/zukanlist/zkn_data/zukan_enc_platinum.narc,133,1305,,48976,48980,9292,9296,4,df3f619804a92fdb4057192dc43dd748ea778adc52bc498ce80524c014b81119,00000000,,,,,False,,,,,,,,,,False,False
/application/zukanlist/zkn_data/zukan_enc_platinum.narc,/application/zukanlist/zkn_data/zukan_enc_platinum.narc!/member_01306,0,/application/zukanlist/zkn_data/zukan_enc_platinum.narc,133,1306,,48980,48984,9296,9300,4,df3f619804a92fdb4057192dc43dd748ea778adc52bc498ce80524c014b81119,00000000,,,,,False,,,,,,,,,,False,False
/application/zukanlist/zkn_data/zukan_enc_platinum.narc,/application/zukanlist/zkn_data/zukan_enc_platinum.narc!/member_01307,0,/application/zukanlist/zkn_data/zukan_enc_platinum.narc,133,1307,,48984,48988,9300,9304,4,df3f619804a92fdb4057192dc43dd748ea778adc52bc498ce80524c014b81119,00000000,,,,,False,,,,,,,,,,False,False
/application/zukanlist/zkn_data/zukan_enc_platinum.narc,/application/zukanlist/zkn_data/zukan_enc_platinum.narc!/member_01308,0,/application/zukanlist/zkn_data/zukan_enc_platinum.narc,133,1308,,48988,48992,9304,9308,4,df3f619804a92fdb4057192dc43dd748ea778adc52bc498ce80524c014b81119,00000000,,,,,False,,,,,,,,,,False,False
/application/zukanlist/zkn_data/zukan_enc_platinum.narc,/application/zukanlist/zkn_data/zukan_enc_platinum.narc!/member_01309,0,/application/zukanlist/zkn_data/zukan_enc_platinum.narc,133,1309,,48992,49000,9308,9316,8,18d8d609947c6b82b9607704ae40d3317038e709238514de750b5c7411ba4c20,0e00000000000000,,,,,False,,,,,,,,,,False,False
/application/zukanlist/zkn_data/zukan_enc_platinum.narc,/application/zukanlist/zkn_data/zukan_enc_platinum.narc!/member_01310,0,/application/zukanlist/zkn_data/zukan_enc_platinum.narc,133,1310,,49000,49004,9316,9320,4,df3f619804a92fdb4057192dc43dd748ea778adc52bc498ce80524c014b81119,00000000,,,,,False,,,,,,,,,,False,False
/application/zukanlist/zkn_data/zukan_enc_platinum.narc,/application/zukanlist/zkn_data/zukan_enc_platinum.narc!/member_01311,0,/application/zukanlist/zkn_data/zukan_enc_platinum.narc,133,1311,,49004,49008,9320,9324,4,df3f619804a92fdb4057192dc43dd748ea778adc52bc498ce80524c014b81119,00000000,,,,,False,,,,,,,,,,False,False
/application/zukanlist/zkn_data/zukan_enc_platinum.narc,/application/zukanlist/zkn_data/zukan_enc_platinum.narc!/member_01312,0,/application/zukanlist/zkn_data/zukan_enc_platinum.narc,133,1312,,49008,49016,9324,9332,8,f0a0278e4372459cca6159cd5e71cfee638302a7b9ca9b05c34181ac0a65ac5d,0400000000000000,,,,,False,,,,,,,,,,False,False
/application/zukanlist/zkn_data/zukan_enc_platinum.narc,/application/zukanlist/zkn_data/zukan_enc_platinum.narc!/member_01313,0,/application/zukanlist/zkn_data/zukan_enc_platinum.narc,133,1313,,49016,49020,9332,9336,4,df3f619804a92fdb4057192dc43dd748ea778adc52bc498ce80524c014b81119,00000000,,,,,False,,,,,,,,,,False,False
/application/zukanlist/zkn_data/zukan_enc_platinum.narc,/application/zukanlist/zkn_data/zukan_enc_platinum.narc!/member_01314,0,/application/zukanlist/zkn_data/zukan_enc_platinum.narc,133,1314,,49020,49024,9336,9340,4,df3f619804a92fdb4057192dc43dd748ea778adc52bc498ce80524c014b81119,00000000,,,,,False,,,,,,,,,,False,False
/application/zukanlist/zkn_data/zukan_enc_platinum.narc,/application/zukanlist/zkn_data/zukan_enc_platinum.narc!/member_01315,0,/application/zukanlist/zkn_data/zukan_enc_platinum.narc,133,1315,,49024,49028,9340,9344,4,df3f619804a92fdb4057192dc43dd748ea778adc52bc498ce80524c014b81119,00000000,,,,,False,,,,,,,,,,False,False
/application/zukanlist/zkn_data/zukan_enc_platinum.narc,/application/zukanlist/zkn_data/zukan_enc_platinum.narc!/member_01316,0,/application/zukanlist/zkn_data/zukan_enc_platinum.narc,133,1316,,49028,49032,9344,9348,4,df3f619804a92fdb4057192dc43dd748ea778adc52bc498ce80524c014b81119,00000000,,,,,False,,,,,,,,,,False,False
/application/zukanlist/zkn_data/zukan_enc_platinum.narc,/application/zukanlist/zkn_data/zukan_enc_platinum.narc!/member_01317,0,/application/zukanlist/zkn_data/zukan_enc_platinum.narc,133,1317,,49032,49036,9348,9352,4,df3f619804a92fdb4057192dc43dd748ea778adc52bc498ce80524c014b81119,00000000,,,,,False,,,,,,,,,,False,False
/application/zukanlist/zkn_data/zukan_enc_platinum.narc,/application/zukanlist/zkn_data/zukan_enc_platinum.narc!/member_01318,0,/application/zukanlist/zkn_data/zukan_enc_platinum.narc,133,1318,,49036,49040,9352,9356,4,df3f619804a92fdb4057192dc43dd748ea778adc52bc498ce80524c014b81119,00000000,,,,,False,,,,,,,,,,False,False
/application/zukanlist/zkn_data/zukan_enc_platinum.narc,/application/zukanlist/zkn_data/zukan_enc_platinum.narc!/member_01319,0,/application/zukanlist/zkn_data/zukan_enc_platinum.narc,133,1319,,49040,49044,9356,9360,4,df3f619804a92fdb4057192dc43dd748ea778adc52bc498ce80524c014b81119,00000000,,,,,False,,,,,,,,,,False,False
/application/zukanlist/zkn_data/zukan_enc_platinum.narc,/application/zukanlist/zkn_data/zukan_enc_platinum.narc!/member_01320,0,/application/zukanlist/zkn_data/zukan_enc_platinum.narc,133,1320,,49044,49048,9360,9364,4,df3f619804a92fdb4057192dc43dd748ea778adc52bc498ce80524c014b81119,00000000,,,,,False,,,,,,,,,,False,False
/application/zukanlist/zkn_data/zukan_enc_platinum.narc,/application/zukanlist/zkn_data/zukan_enc_platinum.narc!/member_01321,0,/application/zukanlist/zkn_data/zukan_enc_platinum.narc,133,1321,,49048,49052,9364,9368,4,df3f619804a92fdb4057192dc43dd748ea778adc52bc498ce80524c014b81119,00000000,,,,,False,,,,,,,,,,False,False
/application/zukanlist/zkn_data/zukan_enc_platinum.narc,/application/zukanlist/zkn_data/zukan_enc_platinum.narc!/member_01322,0,/application/zukanlist/zkn_data/zukan_enc_platinum.narc,133,1322,,49052,49056,9368,9372,4,df3f619804a92fdb4057192dc43dd748ea778adc52bc498ce80524c014b81119,00000000,,,,,False,,,,,,,,,,False,False
/application/zukanlist/zkn_data/zukan_enc_platinum.narc,/application/zukanlist/zkn_data/zukan_enc_platinum.narc!/member_01323,0,/application/zukanlist/zkn_data/zukan_enc_platinum.narc,133,1323,,49056,49060,9372,9376,4,df3f619804a92fdb4057192dc43dd748ea778adc52bc498ce80524c014b81119,00000000,,,,,False,,,,,,,,,,False,False
/application/zukanlist/zkn_data/zukan_enc_platinum.narc,/application/zukanlist/zkn_data/zukan_enc_platinum.narc!/member_01324,0,/application/zukanlist/zkn_data/zukan_enc_platinum.narc,133,1324,,49060,49064,9376,9380,4,df3f619804a92fdb4057192dc43dd748ea778adc52bc498ce80524c014b81119,00000000,,,,,False,,,,,,,,,,False,False
/application/zukanlist/zkn_data/zukan_enc_platinum.narc,/application/zukanlist/zkn_data/zukan_enc_platinum.narc!/member_01325,0,/application/zukanlist/zkn_data/zukan_enc_platinum.narc,133,1325,,49064,49068,9380,9384,4,df3f619804a92fdb4057192dc43dd748ea778adc52bc498ce80524c014b81119,00000000,,,,,False,,,,,,,,,,False,False
/application/zukanlist/zkn_data/zukan_enc_platinum.narc,/application/zukanlist/zkn_data/zukan_enc_platinum.narc!/member_01326,0,/application/zukanlist/zkn_data/zukan_enc_platinum.narc,133,1326,,49068,49072,9384,9388,4,df3f619804a92fdb4057192dc43dd748ea778adc52bc498ce80524c014b81119,00000000,,,,,False,,,,,,,,,,False,False
/application/zukanlist/zkn_data/zukan_enc_platinum.narc,/application/zukanlist/zkn_data/zukan_enc_platinum.narc!/member_01327,0,/application/zukanlist/zkn_data/zukan_enc_platinum.narc,133,1327,,49072,49076,9388,9392,4,df3f619804a92fdb4057192dc43dd748ea778adc52bc498ce80524c014b81119,00000000,,,,,False,,,,,,,,,,False,False
/application/zukanlist/zkn_data/zukan_enc_platinum.narc,/application/zukanlist/zkn_data/zukan_enc_platinum.narc!/member_01328,0,/application/zukanlist/zkn_data/zukan_enc_platinum.narc,133,1328,,49076,49080,9392,9396,4,df3f619804a92fdb4057192dc43dd748ea778adc52bc498ce80524c014b81119,00000000,,,,,False,,,,,,,,,,False,False
/application/zukanlist/zkn_data/zukan_enc_platinum.narc,/application/zukanlist/zkn_data/zukan_enc_platinum.narc!/member_01329,0,/application/zukanlist/zkn_data/zukan_enc_platinum.narc,133,1329,,49080,49084,9396,9400,4,df3f619804a92fdb4057192dc43dd748ea778adc52bc498ce80524c014b81119,00000000,,,,,False,,,,,,,,,,False,False
/application/zukanlist/zkn_data/zukan_enc_platinum.narc,/application/zukanlist/zkn_data/zukan_enc_platinum.narc!/member_01330,0,/application/zukanlist/zkn_data/zukan_enc_platinum.narc,133,1330,,49084,49088,9400,9404,4,df3f619804a92fdb4057192dc43dd748ea778adc52bc498ce80524c014b81119,00000000,,,,,False,,,,,,,,,,False,False
/application/zukanlist/zkn_data/zukan_enc_platinum.narc,/application/zukanlist/zkn_data/zukan_enc_platinum.narc!/member_01331,0,/application/zukanlist/zkn_data/zukan_enc_platinum.narc,133,1331,,49088,49092,9404,9408,4,df3f619804a92fdb4057192dc43dd748ea778adc52bc498ce80524c014b81119,00000000,,,,,False,,,,,,,,,,False,False
/application/zukanlist/zkn_data/zukan_enc_platinum.narc,/application/zukanlist/zkn_data/zukan_enc_platinum.narc!/member_01332,0,/application/zukanlist/zkn_data/zukan_enc_platinum.narc,133,1332,,49092,49096,9408,9412,4,df3f619804a92fdb4057192dc43dd748ea778adc52bc498ce80524c014b81119,00000000,,,,,False,,,,,,,,,,False,False
/application/zukanlist/zkn_data/zukan_enc_platinum.narc,/application/zukanlist/zkn_data/zukan_enc_platinum.narc!/member_01333,0,/application/zukanlist/zkn_data/zukan_enc_platinum.narc,133,1333,,49096,49116,9412,9432,20,a41bcdb761629020cb1abfc43862e94170140e3564387f3ed5f7a436395041c9,03000000040000000700000008000000,,,,,False,,,,,,,,,,False,False
/application/zukanlist/zkn_data/zukan_enc_platinum.narc,/application/zukanlist/zkn_data/zukan_enc_platinum.narc!/member_01334,0,/application/zukanlist/zkn_data/zukan_enc_platinum.narc,133,1334,,49116,49136,9432,9452,20,a41bcdb761629020cb1abfc43862e94170140e3564387f3ed5f7a436395041c9,03000000040000000700000008000000,,,,,False,,,,,,,,,,False,False
/application/zukanlist/zkn_data/zukan_enc_platinum.narc,/application/zukanlist/zkn_data/zukan_enc_platinum.narc!/member_01335,0,/application/zukanlist/zkn_data/zukan_enc_platinum.narc,133,1335,,49136,49140,9452,9456,4,df3f619804a92fdb4057192dc43dd748ea778adc52bc498ce80524c014b81119,00000000,,,,,False,,,,,,,,,,False,False
/application/zukanlist/zkn_data/zukan_enc_platinum.narc,/application/zukanlist/zkn_data/zukan_enc_platinum.narc!/member_01336,0,/application/zukanlist/zkn_data/zukan_enc_platinum.narc,133,1336,,49140,49144,9456,9460,4,df3f619804a92fdb4057192dc43dd748ea778adc52bc498ce80524c014b81119,00000000,,,,,False,,,,,,,,,,False,False
/application/zukanlist/zkn_data/zukan_enc_platinum.narc,/application/zukanlist/zkn_data/zukan_enc_platinum.narc!/member_01337,0,/application/zukanlist/zkn_data/zukan_enc_platinum.narc,133,1337,,49144,49148,9460,9464,4,df3f619804a92fdb4057192dc43dd748ea778adc52bc498ce80524c014b81119,00000000,,,,,False,,,,,,,,,,False,False
/application/zukanlist/zkn_data/zukan_enc_platinum.narc,/application/zukanlist/zkn_data/zukan_enc_platinum.narc!/member_01338,0,/application/zukanlist/zkn_data/zukan_enc_platinum.narc,133,1338,,49148,49152,9464,9468,4,df3f619804a92fdb4057192dc43dd748ea778adc52bc498ce80524c014b81119,00000000,,,,,False,,,,,,,,,,False,False
/application/zukanlist/zkn_data/zukan_enc_platinum.narc,/application/zukanlist/zkn_data/zukan_enc_platinum.narc!/member_01339,0,/application/zukanlist/zkn_data/zukan_enc_platinum.narc,133,1339,,49152,49156,9468,9472,4,df3f619804a92fdb4057192dc43dd748ea778adc52bc498ce80524c014b81119,00000000,,,,,False,,,,,,,,,,False,False
/application/zukanlist/zkn_data/zukan_enc_platinum.narc,/application/zukanlist/zkn_data/zukan_enc_platinum.narc!/member_01340,0,/application/zukanlist/zkn_data/zukan_enc_platinum.narc,133,1340,,49156,49160,9472,9476,4,df3f619804a92fdb4057192dc43dd748ea778adc52bc498ce80524c014b81119,00000000,,,,,False,,,,,,,,,,False,False
/application/zukanlist/zkn_data/zukan_enc_platinum.narc,/application/zukanlist/zkn_data/zukan_enc_platinum.narc!/member_01341,0,/application/zukanlist/zkn_data/zukan_enc_platinum.narc,133,1341,,49160,49164,9476,9480,4,df3f619804a92fdb4057192dc43dd748ea778adc52bc498ce80524c014b81119,00000000,,,,,False,,,,,,,,,,False,False
/application/zukanlist/zkn_data/zukan_enc_platinum.narc,/application/zukanlist/zkn_data/zukan_enc_platinum.narc!/member_01342,0,/application/zukanlist/zkn_data/zukan_enc_platinum.narc,133,1342,,49164,49168,9480,9484,4,df3f619804a92fdb4057192dc43dd748ea778adc52bc498ce80524c014b81119,00000000,,,,,False,,,,,,,,,,False,False
/application/zukanlist/zkn_data/zukan_enc_platinum.narc,/application/zukanlist/zkn_data/zukan_enc_platinum.narc!/member_01343,0,/application/zukanlist/zkn_data/zukan_enc_platinum.narc,133,1343,,49168,49172,9484,9488,4,df3f619804a92fdb4057192dc43dd748ea778adc52bc498ce80524c014b81119,00000000,,,,,False,,,,,,,,,,False,False
/application/zukanlist/zkn_data/zukan_enc_platinum.narc,/application/zukanlist/zkn_data/zukan_enc_platinum.narc!/member_01344,0,/application/zukanlist/zkn_data/zukan_enc_platinum.narc,133,1344,,49172,49176,9488,9492,4,df3f619804a92fdb4057192dc43dd748ea778adc52bc498ce80524c014b81119,00000000,,,,,False,,,,,,,,,,False,False
/application/zukanlist/zkn_data/zukan_enc_platinum.narc,/application/zukanlist/zkn_data/zukan_enc_platinum.narc!/member_01345,0,/application/zukanlist/zkn_data/zukan_enc_platinum.narc,133,1345,,49176,49180,9492,9496,4,df3f619804a92fdb4057192dc43dd748ea778adc52bc498ce80524c014b81119,00000000,,,,,False,,,,,,,,,,False,False
/application/zukanlist/zkn_data/zukan_enc_platinum.narc,/application/zukanlist/zkn_data/zukan_enc_platinum.narc!/member_01346,0,/application/zukanlist/zkn_data/zukan_enc_platinum.narc,133,1346,,49180,49184,9496,9500,4,df3f619804a92fdb4057192dc43dd748ea778adc52bc498ce80524c014b81119,00000000,,,,,False,,,,,,,,,,False,False
/application/zukanlist/zkn_data/zukan_enc_platinum.narc,/application/zukanlist/zkn_data/zukan_enc_platinum.narc!/member_01347,0,/application/zukanlist/zkn_data/zukan_enc_platinum.narc,133,1347,,49184,49188,9500,9504,4,df3f619804a92fdb4057192dc43dd748ea778adc52bc498ce80524c014b81119,00000000,,,,,False,,,,,,,,,,False,False
/application/zukanlist/zkn_data/zukan_enc_platinum.narc,/application/zukanlist/zkn_data/zukan_enc_platinum.narc!/member_01348,0,/application/zukanlist/zkn_data/zukan_enc_platinum.narc,133,1348,,49188,49192,9504,9508,4,df3f619804a92fdb4057192dc43dd748ea778adc52bc498ce80524c014b81119,00000000,,,,,False,,,,,,,,,,False,False
/application/zukanlist/zkn_data/zukan_enc_platinum.narc,/application/zukanlist/zkn_data/zukan_enc_platinum.narc!/member_01349,0,/application/zukanlist/zkn_data/zukan_enc_platinum.narc,133,1349,,49192,49204,9508,9520,12,1f980d72d531c1fdd9934fa27b5ee8e3ec6dfa56ca331a161f2739e2511f68d5,0a0000001400000000000000,,,,,False,,,,,,,,,,False,False
/application/zukanlist/zkn_data/zukan_enc_platinum.narc,/application/zukanlist/zkn_data/zukan_enc_platinum.narc!/member_01350,0,/application/zukanlist/zkn_data/zukan_enc_platinum.narc,133,1350,,49204,49212,9520,9528,8,a111f275cc2e7588000001d300a31e76336d15b9d314cd1a1d8f3d3556975eed,0a00000000000000,,,,,False,,,,,,,,,,False,False
/application/zukanlist/zkn_data/zukan_enc_platinum.narc,/application/zukanlist/zkn_data/zukan_enc_platinum.narc!/member_01351,0,/application/zukanlist/zkn_data/zukan_enc_platinum.narc,133,1351,,49212,49216,9528,9532,4,df3f619804a92fdb4057192dc43dd748ea778adc52bc498ce80524c014b81119,00000000,,,,,False,,,,,,,,,,False,False
/application/zukanlist/zkn_data/zukan_enc_platinum.narc,/application/zukanlist/zkn_data/zukan_enc_platinum.narc!/member_01352,0,/application/zukanlist/zkn_data/zukan_enc_platinum.narc,133,1352,,49216,49228,9532,9544,12,7c16f5631b09eef6cfc2ecdfb0d5336adbaa187c45cf7b6c5e37c4b6dc98158d,030000000a00000000000000,,,,,False,,,,,,,,,,False,False
/application/zukanlist/zkn_data/zukan_enc_platinum.narc,/application/zukanlist/zkn_data/zukan_enc_platinum.narc!/member_01353,0,/application/zukanlist/zkn_data/zukan_enc_platinum.narc,133,1353,,49228,49236,9544,9552,8,35be322d094f9d154a8aba4733b8497f180353bd7ae7b0a15f90b586b549f28b,0300000000000000,,,,,False,,,,,,,,,,False,False
/application/zukanlist/zkn_data/zukan_enc_platinum.narc,/application/zukanlist/zkn_data/zukan_enc_platinum.narc!/member_01354,0,/application/zukanlist/zkn_data/zukan_enc_platinum.narc,133,1354,,49236,49240,9552,9556,4,df3f619804a92fdb4057192dc43dd748ea778adc52bc498ce80524c014b81119,00000000,,,,,False,,,,,,,,,,False,False
/application/zukanlist/zkn_data/zukan_enc_platinum.narc,/application/zukanlist/zkn_data/zukan_enc_platinum.narc!/member_01355,0,/application/zukanlist/zkn_data/zukan_enc_platinum.narc,133,1355,,49240,49248,9556,9564,8,1023cd53096fa66c8a605b9cd21f77cb3f8cd12f855482b27c01e85c95b9515f,1300000000000000,,,,,False,,,,,,,,,,False,False
/application/zukanlist/zkn_data/zukan_enc_platinum.narc,/application/zukanlist/zkn_data/zukan_enc_platinum.narc!/member_01356,0,/application/zukanlist/zkn_data/zukan_enc_platinum.narc,133,1356,,49248,49252,9564,9568,4,df3f619804a92fdb4057192dc43dd748ea778adc52bc498ce80524c014b81119,00000000,,,,,False,,,,,,,,,,False,False
/application/zukanlist/zkn_data/zukan_enc_platinum.narc,/application/zukanlist/zkn_data/zukan_enc_platinum.narc!/member_01357,0,/application/zukanlist/zkn_data/zukan_enc_platinum.narc,133,1357,,49252,49256,9568,9572,4,df3f619804a92fdb4057192dc43dd748ea778adc52bc498ce80524c014b81119,00000000,,,,,False,,,,,,,,,,False,False
/application/zukanlist/zkn_data/zukan_enc_platinum.narc,/application/zukanlist/zkn_data/zukan_enc_platinum.narc!/member_01358,0,/application/zukanlist/zkn_data/zukan_enc_platinum.narc,133,1358,,49256,49260,9572,9576,4,df3f619804a92fdb4057192dc43dd748ea778adc52bc498ce80524c014b81119,00000000,,,,,False,,,,,,,,,,False,False
/application/zukanlist/zkn_data/zukan_enc_platinum.narc,/application/zukanlist/zkn_data/zukan_enc_platinum.narc!/member_01359,0,/application/zukanlist/zkn_data/zukan_enc_platinum.narc,133,1359,,49260,49264,9576,9580,4,df3f619804a92fdb4057192dc43dd748ea778adc52bc498ce80524c014b81119,00000000,,,,,False,,,,,,,,,,False,False
/application/zukanlist/zkn_data/zukan_enc_platinum.narc,/application/zukanlist/zkn_data/zukan_enc_platinum.narc!/member_01360,0,/application/zukanlist/zkn_data/zukan_enc_platinum.narc,133,1360,,49264,49268,9580,9584,4,df3f619804a92fdb4057192dc43dd748ea778adc52bc498ce80524c014b81119,00000000,,,,,False,,,,,,,,,,False,False
/application/zukanlist/zkn_data/zukan_enc_platinum.narc,/application/zukanlist/zkn_data/zukan_enc_platinum.narc!/member_01361,0,/application/zukanlist/zkn_data/zukan_enc_platinum.narc,133,1361,,49268,49272,9584,9588,4,df3f619804a92fdb4057192dc43dd748ea778adc52bc498ce80524c014b81119,00000000,,,,,False,,,,,,,,,,False,False
/application/zukanlist/zkn_data/zukan_enc_platinum.narc,/application/zukanlist/zkn_data/zukan_enc_platinum.narc!/member_01362,0,/application/zukanlist/zkn_data/zukan_enc_platinum.narc,133,1362,,49272,49276,9588,9592,4,df3f619804a92fdb4057192dc43dd748ea778adc52bc498ce80524c014b81119,00000000,,,,,False,,,,,,,,,,False,False
/application/zukanlist/zkn_data/zukan_enc_platinum.narc,/application/zukanlist/zkn_data/zukan_enc_platinum.narc!/member_01363,0,/application/zukanlist/zkn_data/zukan_enc_platinum.narc,133,1363,,49276,49280,9592,9596,4,df3f619804a92fdb4057192dc43dd748ea778adc52bc498ce80524c014b81119,00000000,,,,,False,,,,,,,,,,False,False
/application/zukanlist/zkn_data/zukan_enc_platinum.narc,/application/zukanlist/zkn_data/zukan_enc_platinum.narc!/member_01364,0,/application/zukanlist/zkn_data/zukan_enc_platinum.narc,133,1364,,49280,49284,9596,9600,4,df3f619804a92fdb4057192dc43dd748ea778adc52bc498ce80524c014b81119,00000000,,,,,False,,,,,,,,,,False,False
/application/zukanlist/zkn_data/zukan_enc_platinum.narc,/application/zukanlist/zkn_data/zukan_enc_platinum.narc!/member_01365,0,/application/zukanlist/zkn_data/zukan_enc_platinum.narc,133,1365,,49284,49288,9600,9604,4,df3f619804a92fdb4057192dc43dd748ea778adc52bc498ce80524c014b81119,00000000,,,,,False,,,,,,,,,,False,False
/application/zukanlist/zkn_data/zukan_enc_platinum.narc,/application/zukanlist/zkn_data/zukan_enc_platinum.narc!/member_01366,0,/application/zukanlist/zkn_data/zukan_enc_platinum.narc,133,1366,,49288,49292,9604,9608,4,df3f619804a92fdb4057192dc43dd748ea778adc52bc498ce80524c014b81119,00000000,,,,,False,,,,,,,,,,False,False
/application/zukanlist/zkn_data/zukan_enc_platinum.narc,/application/zukanlist/zkn_data/zukan_enc_platinum.narc!/member_01367,0,/application/zukanlist/zkn_data/zukan_enc_platinum.narc,133,1367,,49292,49296,9608,9612,4,df3f619804a92fdb4057192dc43dd748ea778adc52bc498ce80524c014b81119,00000000,,,,,False,,,,,,,,,,False,False
/application/zukanlist/zkn_data/zukan_enc_platinum.narc,/application/zukanlist/zkn_data/zukan_enc_platinum.narc!/member_01368,0,/application/zukanlist/zkn_data/zukan_enc_platinum.narc,133,1368,,49296,49300,9612,9616,4,df3f619804a92fdb4057192dc43dd748ea778adc52bc498ce80524c014b81119,00000000,,,,,False,,,,,,,,,,False,False
/application/zukanlist/zkn_data/zukan_enc_platinum.narc,/application/zukanlist/zkn_data/zukan_enc_platinum.narc!/member_01369,0,/application/zukanlist/zkn_data/zukan_enc_platinum.narc,133,1369,,49300,49304,9616,9620,4,df3f619804a92fdb4057192dc43dd748ea778adc52bc498ce80524c014b81119,00000000,,,,,False,,,,,,,,,,False,False
/application/zukanlist/zkn_data/zukan_enc_platinum.narc,/application/zukanlist/zkn_data/zukan_enc_platinum.narc!/member_01370,0,/application/zukanlist/zkn_data/zukan_enc_platinum.narc,133,1370,,49304,49308,9620,9624,4,df3f619804a92fdb4057192dc43dd748ea778adc52bc498ce80524c014b81119,00000000,,,,,False,,,,,,,,,,False,False
/application/zukanlist/zkn_data/zukan_enc_platinum.narc,/application/zukanlist/zkn_data/zukan_enc_platinum.narc!/member_01371,0,/application/zukanlist/zkn_data/zukan_enc_platinum.narc,133,1371,,49308,49312,9624,9628,4,df3f619804a92fdb4057192dc43dd748ea778adc52bc498ce80524c014b81119,00000000,,,,,False,,,,,,,,,,False,False
/application/zukanlist/zkn_data/zukan_enc_platinum.narc,/application/zukanlist/zkn_data/zukan_enc_platinum.narc!/member_01372,0,/application/zukanlist/zkn_data/zukan_enc_platinum.narc,133,1372,,49312,49316,9628,9632,4,df3f619804a92fdb4057192dc43dd748ea778adc52bc498ce80524c014b81119,00000000,,,,,False,,,,,,,,,,False,False
/application/zukanlist/zkn_data/zukan_enc_platinum.narc,/application/zukanlist/zkn_data/zukan_enc_platinum.narc!/member_01373,0,/application/zukanlist/zkn_data/zukan_enc_platinum.narc,133,1373,,49316,49320,9632,9636,4,df3f619804a92fdb4057192dc43dd748ea778adc52bc498ce80524c014b81119,00000000,,,,,False,,,,,,,,,,False,False
/application/zukanlist/zkn_data/zukan_enc_platinum.narc,/application/zukanlist/zkn_data/zukan_enc_platinum.narc!/member_01374,0,/application/zukanlist/zkn_data/zukan_enc_platinum.narc,133,1374,,49320,49324,9636,9640,4,df3f619804a92fdb4057192dc43dd748ea778adc52bc498ce80524c014b81119,00000000,,,,,False,,,,,,,,,,False,False
/application/zukanlist/zkn_data/zukan_enc_platinum.narc,/application/zukanlist/zkn_data/zukan_enc_platinum.narc!/member_01375,0,/application/zukanlist/zkn_data/zukan_enc_platinum.narc,133,1375,,49324,49328,9640,9644,4,df3f619804a92fdb4057192dc43dd748ea778adc52bc498ce80524c014b81119,00000000,,,,,False,,,,,,,,,,False,False
/application/zukanlist/zkn_data/zukan_enc_platinum.narc,/application/zukanlist/zkn_data/zukan_enc_platinum.narc!/member_01376,0,/application/zukanlist/zkn_data/zukan_enc_platinum.narc,133,1376,,49328,49332,9644,9648,4,df3f619804a92fdb4057192dc43dd748ea778adc52bc498ce80524c014b81119,00000000,,,,,False,,,,,,,,,,False,False
/application/zukanlist/zkn_data/zukan_enc_platinum.narc,/application/zukanlist/zkn_data/zukan_enc_platinum.narc!/member_01377,0,/application/zukanlist/zkn_data/zukan_enc_platinum.narc,133,1377,,49332,49336,9648,9652,4,df3f619804a92fdb4057192dc43dd748ea778adc52bc498ce80524c014b81119,00000000,,,,,False,,,,,,,,,,False,False
/application/zukanlist/zkn_data/zukan_enc_platinum.narc,/application/zukanlist/zkn_data/zukan_enc_platinum.narc!/member_01378,0,/application/zukanlist/zkn_data/zukan_enc_platinum.narc,133,1378,,49336,49340,9652,9656,4,df3f619804a92fdb4057192dc43dd748ea778adc52bc498ce80524c014b81119,00000000,,,,,False,,,,,,,,,,False,False
/application/zukanlist/zkn_data/zukan_enc_platinum.narc,/application/zukanlist/zkn_data/zukan_enc_platinum.narc!/member_01379,0,/application/zukanlist/zkn_data/zukan_enc_platinum.narc,133,1379,,49340,49344,9656,9660,4,df3f619804a92fdb4057192dc43dd748ea778adc52bc498ce80524c014b81119,00000000,,,,,False,,,,,,,,,,False,False
/application/zukanlist/zkn_data/zukan_enc_platinum.narc,/application/zukanlist/zkn_data/zukan_enc_platinum.narc!/member_01380,0,/application/zukanlist/zkn_data/zukan_enc_platinum.narc,133,1380,,49344,49348,9660,9664,4,df3f619804a92fdb4057192dc43dd748ea778adc52bc498ce80524c014b81119,00000000,,,,,False,,,,,,,,,,False,False
/application/zukanlist/zkn_data/zukan_enc_platinum.narc,/application/zukanlist/zkn_data/zukan_enc_platinum.narc!/member_01381,0,/application/zukanlist/zkn_data/zukan_enc_platinum.narc,133,1381,,49348,49352,9664,9668,4,df3f619804a92fdb4057192dc43dd748ea778adc52bc498ce80524c014b81119,00000000,,,,,False,,,,,,,,,,False,False
/application/zukanlist/zkn_data/zukan_enc_platinum.narc,/application/zukanlist/zkn_data/zukan_enc_platinum.narc!/member_01382,0,/application/zukanlist/zkn_data/zukan_enc_platinum.narc,133,1382,,49352,49356,9668,9672,4,df3f619804a92fdb4057192dc43dd748ea778adc52bc498ce80524c014b81119,00000000,,,,,False,,,,,,,,,,False,False
/application/zukanlist/zkn_data/zukan_enc_platinum.narc,/application/zukanlist/zkn_data/zukan_enc_platinum.narc!/member_01383,0,/application/zukanlist/zkn_data/zukan_enc_platinum.narc,133,1383,,49356,49360,9672,9676,4,df3f619804a92fdb4057192dc43dd748ea778adc52bc498ce80524c014b81119,00000000,,,,,False,,,,,,,,,,False,False
/application/zukanlist/zkn_data/zukan_enc_platinum.narc,/application/zukanlist/zkn_data/zukan_enc_platinum.narc!/member_01384,0,/application/zukanlist/zkn_data/zukan_enc_platinum.narc,133,1384,,49360,49364,9676,9680,4,df3f619804a92fdb4057192dc43dd748ea778adc52bc498ce80524c014b81119,00000000,,,,,False,,,,,,,,,,False,False
/application/zukanlist/zkn_data/zukan_enc_platinum.narc,/application/zukanlist/zkn_data/zukan_enc_platinum.narc!/member_01385,0,/application/zukanlist/zkn_data/zukan_enc_platinum.narc,133,1385,,49364,49368,9680,9684,4,df3f619804a92fdb4057192dc43dd748ea778adc52bc498ce80524c014b81119,00000000,,,,,False,,,,,,,,,,False,False
/application/zukanlist/zkn_data/zukan_enc_platinum.narc,/application/zukanlist/zkn_data/zukan_enc_platinum.narc!/member_01386,0,/application/zukanlist/zkn_data/zukan_enc_platinum.narc,133,1386,,49368,49372,9684,9688,4,df3f619804a92fdb4057192dc43dd748ea778adc52bc498ce80524c014b81119,00000000,,,,,False,,,,,,,,,,False,False
/application/zukanlist/zkn_data/zukan_enc_platinum.narc,/application/zukanlist/zkn_data/zukan_enc_platinum.narc!/member_01387,0,/application/zukanlist/zkn_data/zukan_enc_platinum.narc,133,1387,,49372,49376,9688,9692,4,df3f619804a92fdb4057192dc43dd748ea778adc52bc498ce80524c014b81119,00000000,,,,,False,,,,,,,,,,False,False
/application/zukanlist/zkn_data/zukan_enc_platinum.narc,/application/zukanlist/zkn_data/zukan_enc_platinum.narc!/member_01388,0,/application/zukanlist/zkn_data/zukan_enc_platinum.narc,133,1388,,49376,49380,9692,9696,4,df3f619804a92fdb4057192dc43dd748ea778adc52bc498ce80524c014b81119,00000000,,,,,False,,,,,,,,,,False,False
/application/zukanlist/zkn_data/zukan_enc_platinum.narc,/application/zukanlist/zkn_data/zukan_enc_platinum.narc!/member_01389,0,/application/zukanlist/zkn_data/zukan_enc_platinum.narc,133,1389,,49380,49384,9696,9700,4,df3f619804a92fdb4057192dc43dd748ea778adc52bc498ce80524c014b81119,00000000,,,,,False,,,,,,,,,,False,False
/application/zukanlist/zkn_data/zukan_enc_platinum.narc,/application/zukanlist/zkn_data/zukan_enc_platinum.narc!/member_01390,0,/application/zukanlist/zkn_data/zukan_enc_platinum.narc,133,1390,,49384,49392,9700,9708,8,35e3a6176b50da27fcb868bf840f0e76290bd9bf55c40545e67bac66353d0674,1100000000000000,,Nintendo LZ11,Probable,,True,Nintendo LZ11,Confirmed,True,0,True,0,e3b0c44298fc1c149afbf4c8996fb92427ae41e4649b934ca495991b7852b855,,,False,False
/application/zukanlist/zkn_data/zukan_enc_platinum.narc,/application/zukanlist/zkn_data/zukan_enc_platinum.narc!/member_01391,0,/application/zukanlist/zkn_data/zukan_enc_platinum.narc,133,1391,,49392,49408,9708,9724,16,a91616fc03087082872307781ff4174f4efc9ca1bb94d7435fec23ca6a72a258,0a0000000e0000001200000000000000,,,,,False,,,,,,,,,,False,False
/application/zukanlist/zkn_data/zukan_enc_platinum.narc,/application/zukanlist/zkn_data/zukan_enc_platinum.narc!/member_01392,0,/application/zukanlist/zkn_data/zukan_enc_platinum.narc,133,1392,,49408,49412,9724,9728,4,df3f619804a92fdb4057192dc43dd748ea778adc52bc498ce80524c014b81119,00000000,,,,,False,,,,,,,,,,False,False
/application/zukanlist/zkn_data/zukan_enc_platinum.narc,/application/zukanlist/zkn_data/zukan_enc_platinum.narc!/member_01393,0,/application/zukanlist/zkn_data/zukan_enc_platinum.narc,133,1393,,49412,49424,9728,9740,12,2c63f354df71e17831ebd1360160d6934c6999aa97f74a9de69ef20a79301499,020000001100000000000000,,,,,False,,,,,,,,,,False,False
/application/zukanlist/zkn_data/zukan_enc_platinum.narc,/application/zukanlist/zkn_data/zukan_enc_platinum.narc!/member_01394,0,/application/zukanlist/zkn_data/zukan_enc_platinum.narc,133,1394,,49424,49444,9740,9760,20,955abbad874361154d05754adea303d7ccd90d9c6e3acb6cf4bf0f07701b0b43,040000000a0000001200000013000000,,,,,False,,,,,,,,,,False,False
/application/zukanlist/zkn_data/zukan_enc_platinum.narc,/application/zukanlist/zkn_data/zukan_enc_platinum.narc!/member_01395,0,/application/zukanlist/zkn_data/zukan_enc_platinum.narc,133,1395,,49444,49452,9760,9768,8,d86e8112f3c4c4442126f8e9f44f16867da487f29052bf91b810457db34209a4,0200000000000000,,,,,False,,,,,,,,,,False,False
/application/zukanlist/zkn_data/zukan_enc_platinum.narc,/application/zukanlist/zkn_data/zukan_enc_platinum.narc!/member_01396,0,/application/zukanlist/zkn_data/zukan_enc_platinum.narc,133,1396,,49452,49460,9768,9776,8,18d8d609947c6b82b9607704ae40d3317038e709238514de750b5c7411ba4c20,0e00000000000000,,,,,False,,,,,,,,,,False,False
/application/zukanlist/zkn_data/zukan_enc_platinum.narc,/application/zukanlist/zkn_data/zukan_enc_platinum.narc!/member_01397,0,/application/zukanlist/zkn_data/zukan_enc_platinum.narc,133,1397,,49460,49464,9776,9780,4,df3f619804a92fdb4057192dc43dd748ea778adc52bc498ce80524c014b81119,00000000,,,,,False,,,,,,,,,,False,False
/application/zukanlist/zkn_data/zukan_enc_platinum.narc,/application/zukanlist/zkn_data/zukan_enc_platinum.narc!/member_01398,0,/application/zukanlist/zkn_data/zukan_enc_platinum.narc,133,1398,,49464,49468,9780,9784,4,df3f619804a92fdb4057192dc43dd748ea778adc52bc498ce80524c014b81119,00000000,,,,,False,,,,,,,,,,False,False
/application/zukanlist/zkn_data/zukan_enc_platinum.narc,/application/zukanlist/zkn_data/zukan_enc_platinum.narc!/member_01399,0,/application/zukanlist/zkn_data/zukan_enc_platinum.narc,133,1399,,49468,49472,9784,9788,4,df3f619804a92fdb4057192dc43dd748ea778adc52bc498ce80524c014b81119,00000000,,,,,False,,,,,,,,,,False,False
/application/zukanlist/zkn_data/zukan_enc_platinum.narc,/application/zukanlist/zkn_data/zukan_enc_platinum.narc!/member_01400,0,/application/zukanlist/zkn_data/zukan_enc_platinum.narc,133,1400,,49472,49480,9788,9796,8,d86e8112f3c4c4442126f8e9f44f16867da487f29052bf91b810457db34209a4,0200000000000000,,,,,False,,,,,,,,,,False,False
/application/zukanlist/zkn_data/zukan_enc_platinum.narc,/application/zukanlist/zkn_data/zukan_enc_platinum.narc!/member_01401,0,/application/zukanlist/zkn_data/zukan_enc_platinum.narc,133,1401,,49480,49484,9796,9800,4,df3f619804a92fdb4057192dc43dd748ea778adc52bc498ce80524c014b81119,00000000,,,,,False,,,,,,,,,,False,False
/application/zukanlist/zkn_data/zukan_enc_platinum.narc,/application/zukanlist/zkn_data/zukan_enc_platinum.narc!/member_01402,0,/application/zukanlist/zkn_data/zukan_enc_platinum.narc,133,1402,,49484,49488,9800,9804,4,df3f619804a92fdb4057192dc43dd748ea778adc52bc498ce80524c014b81119,00000000,,,,,False,,,,,,,,,,False,False
/application/zukanlist/zkn_data/zukan_enc_platinum.narc,/application/zukanlist/zkn_data/zukan_enc_platinum.narc!/member_01403,0,/application/zukanlist/zkn_data/zukan_enc_platinum.narc,133,1403,,49488,49492,9804,9808,4,df3f619804a92fdb4057192dc43dd748ea778adc52bc498ce80524c014b81119,00000000,,,,,False,,,,,,,,,,False,False
/application/zukanlist/zkn_data/zukan_enc_platinum.narc,/application/zukanlist/zkn_data/zukan_enc_platinum.narc!/member_01404,0,/application/zukanlist/zkn_data/zukan_enc_platinum.narc,133,1404,,49492,49496,9808,9812,4,df3f619804a92fdb4057192dc43dd748ea778adc52bc498ce80524c014b81119,00000000,,,,,False,,,,,,,,,,False,False
/application/zukanlist/zkn_data/zukan_enc_platinum.narc,/application/zukanlist/zkn_data/zukan_enc_platinum.narc!/member_01405,0,/application/zukanlist/zkn_data/zukan_enc_platinum.narc,133,1405,,49496,49500,9812,9816,4,df3f619804a92fdb4057192dc43dd748ea778adc52bc498ce80524c014b81119,00000000,,,,,False,,,,,,,,,,False,False
/application/zukanlist/zkn_data/zukan_enc_platinum.narc,/application/zukanlist/zkn_data/zukan_enc_platinum.narc!/member_01406,0,/application/zukanlist/zkn_data/zukan_enc_platinum.narc,133,1406,,49500,49504,9816,9820,4,df3f619804a92fdb4057192dc43dd748ea778adc52bc498ce80524c014b81119,00000000,,,,,False,,,,,,,,,,False,False
/application/zukanlist/zkn_data/zukan_enc_platinum.narc,/application/zukanlist/zkn_data/zukan_enc_platinum.narc!/member_01407,0,/application/zukanlist/zkn_data/zukan_enc_platinum.narc,133,1407,,49504,49508,9820,9824,4,df3f619804a92fdb4057192dc43dd748ea778adc52bc498ce80524c014b81119,00000000,,,,,False,,,,,,,,,,False,False
/application/zukanlist/zkn_data/zukan_enc_platinum.narc,/application/zukanlist/zkn_data/zukan_enc_platinum.narc!/member_01408,0,/application/zukanlist/zkn_data/zukan_enc_platinum.narc,133,1408,,49508,49512,9824,9828,4,df3f619804a92fdb4057192dc43dd748ea778adc52bc498ce80524c014b81119,00000000,,,,,False,,,,,,,,,,False,False
/application/zukanlist/zkn_data/zukan_enc_platinum.narc,/application/zukanlist/zkn_data/zukan_enc_platinum.narc!/member_01409,0,/application/zukanlist/zkn_data/zukan_enc_platinum.narc,133,1409,,49512,49516,9828,9832,4,df3f619804a92fdb4057192dc43dd748ea778adc52bc498ce80524c014b81119,00000000,,,,,False,,,,,,,,,,False,False
/application/zukanlist/zkn_data/zukan_enc_platinum.narc,/application/zukanlist/zkn_data/zukan_enc_platinum.narc!/member_01410,0,/application/zukanlist/zkn_data/zukan_enc_platinum.narc,133,1410,,49516,49520,9832,9836,4,df3f619804a92fdb4057192dc43dd748ea778adc52bc498ce80524c014b81119,00000000,,,,,False,,,,,,,,,,False,False
/application/zukanlist/zkn_data/zukan_enc_platinum.narc,/application/zukanlist/zkn_data/zukan_enc_platinum.narc!/member_01411,0,/application/zukanlist/zkn_data/zukan_enc_platinum.narc,133,1411,,49520,49524,9836,9840,4,df3f619804a92fdb4057192dc43dd748ea778adc52bc498ce80524c014b81119,00000000,,,,,False,,,,,,,,,,False,False
/application/zukanlist/zkn_data/zukan_enc_platinum.narc,/application/zukanlist/zkn_data/zukan_enc_platinum.narc!/member_01412,0,/application/zukanlist/zkn_data/zukan_enc_platinum.narc,133,1412,,49524,49528,9840,9844,4,df3f619804a92fdb4057192dc43dd748ea778adc52bc498ce80524c014b81119,00000000,,,,,False,,,,,,,,,,False,False
/application/zukanlist/zkn_data/zukan_enc_platinum.narc,/application/zukanlist/zkn_data/zukan_enc_platinum.narc!/member_01413,0,/application/zukanlist/zkn_data/zukan_enc_platinum.narc,133,1413,,49528,49536,9844,9852,8,23d7f42b1cdc1f0d492ebd756ed0fe8003995dda554d99418d47a81813650207,0600000000000000,,,,,False,,,,,,,,,,False,False
/application/zukanlist/zkn_data/zukan_enc_platinum.narc,/application/zukanlist/zkn_data/zukan_enc_platinum.narc!/member_01414,0,/application/zukanlist/zkn_data/zukan_enc_platinum.narc,133,1414,,49536,49540,9852,9856,4,df3f619804a92fdb4057192dc43dd748ea778adc52bc498ce80524c014b81119,00000000,,,,,False,,,,,,,,,,False,False
/application/zukanlist/zkn_data/zukan_enc_platinum.narc,/application/zukanlist/zkn_data/zukan_enc_platinum.narc!/member_01415,0,/application/zukanlist/zkn_data/zukan_enc_platinum.narc,133,1415,,49540,49544,9856,9860,4,df3f619804a92fdb4057192dc43dd748ea778adc52bc498ce80524c014b81119,00000000,,,,,False,,,,,,,,,,False,False
/application/zukanlist/zkn_data/zukan_enc_platinum.narc,/application/zukanlist/zkn_data/zukan_enc_platinum.narc!/member_01416,0,/application/zukanlist/zkn_data/zukan_enc_platinum.narc,133,1416,,49544,49548,9860,9864,4,df3f619804a92fdb4057192dc43dd748ea778adc52bc498ce80524c014b81119,00000000,,,,,False,,,,,,,,,,False,False
/application/zukanlist/zkn_data/zukan_enc_platinum.narc,/application/zukanlist/zkn_data/zukan_enc_platinum.narc!/member_01417,0,/application/zukanlist/zkn_data/zukan_enc_platinum.narc,133,1417,,49548,49552,9864,9868,4,df3f619804a92fdb4057192dc43dd748ea778adc52bc498ce80524c014b81119,00000000,,,,,False,,,,,,,,,,False,False
/application/zukanlist/zkn_data/zukan_enc_platinum.narc,/application/zukanlist/zkn_data/zukan_enc_platinum.narc!/member_01418,0,/application/zukanlist/zkn_data/zukan_enc_platinum.narc,133,1418,,49552,49556,9868,9872,4,df3f619804a92fdb4057192dc43dd748ea778adc52bc498ce80524c014b81119,00000000,,,,,False,,,,,,,,,,False,False
/application/zukanlist/zkn_data/zukan_enc_platinum.narc,/application/zukanlist/zkn_data/zukan_enc_platinum.narc!/member_01419,0,/application/zukanlist/zkn_data/zukan_enc_platinum.narc,133,1419,,49556,49560,9872,9876,4,df3f619804a92fdb4057192dc43dd748ea778adc52bc498ce80524c014b81119,00000000,,,,,False,,,,,,,,,,False,False
/application/zukanlist/zkn_data/zukan_enc_platinum.narc,/application/zukanlist/zkn_data/zukan_enc_platinum.narc!/member_01420,0,/application/zukanlist/zkn_data/zukan_enc_platinum.narc,133,1420,,49560,49564,9876,9880,4,df3f619804a92fdb4057192dc43dd748ea778adc52bc498ce80524c014b81119,00000000,,,,,False,,,,,,,,,,False,False
/application/zukanlist/zkn_data/zukan_enc_platinum.narc,/application/zukanlist/zkn_data/zukan_enc_platinum.narc!/member_01421,0,/application/zukanlist/zkn_data/zukan_enc_platinum.narc,133,1421,,49564,49572,9880,9888,8,d86e8112f3c4c4442126f8e9f44f16867da487f29052bf91b810457db34209a4,0200000000000000,,,,,False,,,,,,,,,,False,False
/application/zukanlist/zkn_data/zukan_enc_platinum.narc,/application/zukanlist/zkn_data/zukan_enc_platinum.narc!/member_01422,0,/application/zukanlist/zkn_data/zukan_enc_platinum.narc,133,1422,,49572,49576,9888,9892,4,df3f619804a92fdb4057192dc43dd748ea778adc52bc498ce80524c014b81119,00000000,,,,,False,,,,,,,,,,False,False
/application/zukanlist/zkn_data/zukan_enc_platinum.narc,/application/zukanlist/zkn_data/zukan_enc_platinum.narc!/member_01423,0,/application/zukanlist/zkn_data/zukan_enc_platinum.narc,133,1423,,49576,49580,9892,9896,4,df3f619804a92fdb4057192dc43dd748ea778adc52bc498ce80524c014b81119,00000000,,,,,False,,,,,,,,,,False,False
/application/zukanlist/zkn_data/zukan_enc_platinum.narc,/application/zukanlist/zkn_data/zukan_enc_platinum.narc!/member_01424,0,/application/zukanlist/zkn_data/zukan_enc_platinum.narc,133,1424,,49580,49584,9896,9900,4,df3f619804a92fdb4057192dc43dd748ea778adc52bc498ce80524c014b81119,00000000,,,,,False,,,,,,,,,,False,False
/application/zukanlist/zkn_data/zukan_enc_platinum.narc,/application/zukanlist/zkn_data/zukan_enc_platinum.narc!/member_01425,0,/application/zukanlist/zkn_data/zukan_enc_platinum.narc,133,1425,,49584,49588,9900,9904,4,df3f619804a92fdb4057192dc43dd748ea778adc52bc498ce80524c014b81119,00000000,,,,,False,,,,,,,,,,False,False
/application/zukanlist/zkn_data/zukan_enc_platinum.narc,/application/zukanlist/zkn_data/zukan_enc_platinum.narc!/member_01426,0,/application/zukanlist/zkn_data/zukan_enc_platinum.narc,133,1426,,49588,49592,9904,9908,4,df3f619804a92fdb4057192dc43dd748ea778adc52bc498ce80524c014b81119,00000000,,,,,False,,,,,,,,,,False,False
/application/zukanlist/zkn_data/zukan_enc_platinum.narc,/application/zukanlist/zkn_data/zukan_enc_platinum.narc!/member_01427,0,/application/zukanlist/zkn_data/zukan_enc_platinum.narc,133,1427,,49592,49604,9908,9920,12,7c16f5631b09eef6cfc2ecdfb0d5336adbaa187c45cf7b6c5e37c4b6dc98158d,030000000a00000000000000,,,,,False,,,,,,,,,,False,False
/application/zukanlist/zkn_data/zukan_enc_platinum.narc,/application/zukanlist/zkn_data/zukan_enc_platinum.narc!/member_01428,0,/application/zukanlist/zkn_data/zukan_enc_platinum.narc,133,1428,,49604,49608,9920,9924,4,df3f619804a92fdb4057192dc43dd748ea778adc52bc498ce80524c014b81119,00000000,,,,,False,,,,,,,,,,False,False
/application/zukanlist/zkn_data/zukan_enc_platinum.narc,/application/zukanlist/zkn_data/zukan_enc_platinum.narc!/member_01429,0,/application/zukanlist/zkn_data/zukan_enc_platinum.narc,133,1429,,49608,49612,9924,9928,4,df3f619804a92fdb4057192dc43dd748ea778adc52bc498ce80524c014b81119,00000000,,,,,False,,,,,,,,,,False,False
/application/zukanlist/zkn_data/zukan_enc_platinum.narc,/application/zukanlist/zkn_data/zukan_enc_platinum.narc!/member_01430,0,/application/zukanlist/zkn_data/zukan_enc_platinum.narc,133,1430,,49612,49628,9928,9944,16,a5507ccd6d5f1fdd31538bd736ba6ac1394f6a9592c0bebdf6c58dc518ded264,030000000a0000000c00000000000000,,,,,False,,,,,,,,,,False,False
/application/zukanlist/zkn_data/zukan_enc_platinum.narc,/application/zukanlist/zkn_data/zukan_enc_platinum.narc!/member_01431,0,/application/zukanlist/zkn_data/zukan_enc_platinum.narc,133,1431,,49628,49640,9944,9956,12,7c16f5631b09eef6cfc2ecdfb0d5336adbaa187c45cf7b6c5e37c4b6dc98158d,030000000a00000000000000,,,,,False,,,,,,,,,,False,False
/application/zukanlist/zkn_data/zukan_enc_platinum.narc,/application/zukanlist/zkn_data/zukan_enc_platinum.narc!/member_01432,0,/application/zukanlist/zkn_data/zukan_enc_platinum.narc,133,1432,,49640,49644,9956,9960,4,df3f619804a92fdb4057192dc43dd748ea778adc52bc498ce80524c014b81119,00000000,,,,,False,,,,,,,,,,False,False
/application/zukanlist/zkn_data/zukan_enc_platinum.narc,/application/zukanlist/zkn_data/zukan_enc_platinum.narc!/member_01433,0,/application/zukanlist/zkn_data/zukan_enc_platinum.narc,133,1433,,49644,49648,9960,9964,4,df3f619804a92fdb4057192dc43dd748ea778adc52bc498ce80524c014b81119,00000000,,,,,False,,,,,,,,,,False,False
/application/zukanlist/zkn_data/zukan_enc_platinum.narc,/application/zukanlist/zkn_data/zukan_enc_platinum.narc!/member_01434,0,/application/zukanlist/zkn_data/zukan_enc_platinum.narc,133,1434,,49648,49652,9964,9968,4,df3f619804a92fdb4057192dc43dd748ea778adc52bc498ce80524c014b81119,00000000,,,,,False,,,,,,,,,,False,False
/application/zukanlist/zkn_data/zukan_enc_platinum.narc,/application/zukanlist/zkn_data/zukan_enc_platinum.narc!/member_01435,0,/application/zukanlist/zkn_data/zukan_enc_platinum.narc,133,1435,,49652,49656,9968,9972,4,df3f619804a92fdb4057192dc43dd748ea778adc52bc498ce80524c014b81119,00000000,,,,,False,,,,,,,,,,False,False
/application/zukanlist/zkn_data/zukan_enc_platinum.narc,/application/zukanlist/zkn_data/zukan_enc_platinum.narc!/member_01436,0,/application/zukanlist/zkn_data/zukan_enc_platinum.narc,133,1436,,49656,49660,9972,9976,4,df3f619804a92fdb4057192dc43dd748ea778adc52bc498ce80524c014b81119,00000000,,,,,False,,,,,,,,,,False,False
/application/zukanlist/zkn_data/zukan_enc_platinum.narc,/application/zukanlist/zkn_data/zukan_enc_platinum.narc!/member_01437,0,/application/zukanlist/zkn_data/zukan_enc_platinum.narc,133,1437,,49660,49668,9976,9984,8,220dde27afee4d537cac96d85d6546f825153b90e828931b74e103807541bc42,0c00000000000000,,,,,False,,,,,,,,,,False,False
/application/zukanlist/zkn_data/zukan_enc_platinum.narc,/application/zukanlist/zkn_data/zukan_enc_platinum.narc!/member_01438,0,/application/zukanlist/zkn_data/zukan_enc_platinum.narc,133,1438,,49668,49676,9984,9992,8,23d7f42b1cdc1f0d492ebd756ed0fe8003995dda554d99418d47a81813650207,0600000000000000,,,,,False,,,,,,,,,,False,False
/application/zukanlist/zkn_data/zukan_enc_platinum.narc,/application/zukanlist/zkn_data/zukan_enc_platinum.narc!/member_01439,0,/application/zukanlist/zkn_data/zukan_enc_platinum.narc,133,1439,,49676,49680,9992,9996,4,df3f619804a92fdb4057192dc43dd748ea778adc52bc498ce80524c014b81119,00000000,,,,,False,,,,,,,,,,False,False
/application/zukanlist/zkn_data/zukan_enc_platinum.narc,/application/zukanlist/zkn_data/zukan_enc_platinum.narc!/member_01440,0,/application/zukanlist/zkn_data/zukan_enc_platinum.narc,133,1440,,49680,49684,9996,10000,4,df3f619804a92fdb4057192dc43dd748ea778adc52bc498ce80524c014b81119,00000000,,,,,False,,,,,,,,,,False,False
/application/zukanlist/zkn_data/zukan_enc_platinum.narc,/application/zukanlist/zkn_data/zukan_enc_platinum.narc!/member_01441,0,/application/zukanlist/zkn_data/zukan_enc_platinum.narc,133,1441,,49684,49688,10000,10004,4,df3f619804a92fdb4057192dc43dd748ea778adc52bc498ce80524c014b81119,00000000,,,,,False,,,,,,,,,,False,False
/application/zukanlist/zkn_data/zukan_enc_platinum.narc,/application/zukanlist/zkn_data/zukan_enc_platinum.narc!/member_01442,0,/application/zukanlist/zkn_data/zukan_enc_platinum.narc,133,1442,,49688,49692,10004,10008,4,df3f619804a92fdb4057192dc43dd748ea778adc52bc498ce80524c014b81119,00000000,,,,,False,,,,,,,,,,False,False
/application/zukanlist/zkn_data/zukan_enc_platinum.narc,/application/zukanlist/zkn_data/zukan_enc_platinum.narc!/member_01443,0,/application/zukanlist/zkn_data/zukan_enc_platinum.narc,133,1443,,49692,49700,10008,10016,8,b0bd73e6922c0d2496dbcb99eac08eb5870090e59f6e06b1eb477d540002a5cd,0d00000000000000,,,,,False,,,,,,,,,,False,False
/application/zukanlist/zkn_data/zukan_enc_platinum.narc,/application/zukanlist/zkn_data/zukan_enc_platinum.narc!/member_01444,0,/application/zukanlist/zkn_data/zukan_enc_platinum.narc,133,1444,,49700,49704,10016,10020,4,df3f619804a92fdb4057192dc43dd748ea778adc52bc498ce80524c014b81119,00000000,,,,,False,,,,,,,,,,False,False
/application/zukanlist/zkn_data/zukan_enc_platinum.narc,/application/zukanlist/zkn_data/zukan_enc_platinum.narc!/member_01445,0,/application/zukanlist/zkn_data/zukan_enc_platinum.narc,133,1445,,49704,49708,10020,10024,4,df3f619804a92fdb4057192dc43dd748ea778adc52bc498ce80524c014b81119,00000000,,,,,False,,,,,,,,,,False,False
/application/zukanlist/zkn_data/zukan_enc_platinum.narc,/application/zukanlist/zkn_data/zukan_enc_platinum.narc!/member_01446,0,/application/zukanlist/zkn_data/zukan_enc_platinum.narc,133,1446,,49708,49712,10024,10028,4,df3f619804a92fdb4057192dc43dd748ea778adc52bc498ce80524c014b81119,00000000,,,,,False,,,,,,,,,,False,False
/application/zukanlist/zkn_data/zukan_enc_platinum.narc,/application/zukanlist/zkn_data/zukan_enc_platinum.narc!/member_01447,0,/application/zukanlist/zkn_data/zukan_enc_platinum.narc,133,1447,,49712,49716,10028,10032,4,df3f619804a92fdb4057192dc43dd748ea778adc52bc498ce80524c014b81119,00000000,,,,,False,,,,,,,,,,False,False
/application/zukanlist/zkn_data/zukan_enc_platinum.narc,/application/zukanlist/zkn_data/zukan_enc_platinum.narc!/member_01448,0,/application/zukanlist/zkn_data/zukan_enc_platinum.narc,133,1448,,49716,49720,10032,10036,4,df3f619804a92fdb4057192dc43dd748ea778adc52bc498ce80524c014b81119,00000000,,,,,False,,,,,,,,,,False,False
/application/zukanlist/zkn_data/zukan_enc_platinum.narc,/application/zukanlist/zkn_data/zukan_enc_platinum.narc!/member_01449,0,/application/zukanlist/zkn_data/zukan_enc_platinum.narc,133,1449,,49720,49724,10036,10040,4,df3f619804a92fdb4057192dc43dd748ea778adc52bc498ce80524c014b81119,00000000,,,,,False,,,,,,,,,,False,False
/application/zukanlist/zkn_data/zukan_enc_platinum.narc,/application/zukanlist/zkn_data/zukan_enc_platinum.narc!/member_01450,0,/application/zukanlist/zkn_data/zukan_enc_platinum.narc,133,1450,,49724,49728,10040,10044,4,df3f619804a92fdb4057192dc43dd748ea778adc52bc498ce80524c014b81119,00000000,,,,,False,,,,,,,,,,False,False
/application/zukanlist/zkn_data/zukan_enc_platinum.narc,/application/zukanlist/zkn_data/zukan_enc_platinum.narc!/member_01451,0,/application/zukanlist/zkn_data/zukan_enc_platinum.narc,133,1451,,49728,49732,10044,10048,4,df3f619804a92fdb4057192dc43dd748ea778adc52bc498ce80524c014b81119,00000000,,,,,False,,,,,,,,,,False,False
/application/zukanlist/zkn_data/zukan_enc_platinum.narc,/application/zukanlist/zkn_data/zukan_enc_platinum.narc!/member_01452,0,/application/zukanlist/zkn_data/zukan_enc_platinum.narc,133,1452,,49732,49736,10048,10052,4,df3f619804a92fdb4057192dc43dd748ea778adc52bc498ce80524c014b81119,00000000,,,,,False,,,,,,,,,,False,False
/application/zukanlist/zkn_data/zukan_enc_platinum.narc,/application/zukanlist/zkn_data/zukan_enc_platinum.narc!/member_01453,0,/application/zukanlist/zkn_data/zukan_enc_platinum.narc,133,1453,,49736,49748,10052,10064,12,9aa25ea5939f88dc17ed9ea826d634bb9b4f9146c4752ffbbbe8c6f44d9ecf71,030000001300000000000000,,,,,False,,,,,,,,,,False,False
/application/zukanlist/zkn_data/zukan_enc_platinum.narc,/application/zukanlist/zkn_data/zukan_enc_platinum.narc!/member_01454,0,/application/zukanlist/zkn_data/zukan_enc_platinum.narc,133,1454,,49748,49756,10064,10072,8,35be322d094f9d154a8aba4733b8497f180353bd7ae7b0a15f90b586b549f28b,0300000000000000,,,,,False,,,,,,,,,,False,False
/application/zukanlist/zkn_data/zukan_enc_platinum.narc,/application/zukanlist/zkn_data/zukan_enc_platinum.narc!/member_01455,0,/application/zukanlist/zkn_data/zukan_enc_platinum.narc,133,1455,,49756,49760,10072,10076,4,df3f619804a92fdb4057192dc43dd748ea778adc52bc498ce80524c014b81119,00000000,,,,,False,,,,,,,,,,False,False
/application/zukanlist/zkn_data/zukan_enc_platinum.narc,/application/zukanlist/zkn_data/zukan_enc_platinum.narc!/member_01456,0,/application/zukanlist/zkn_data/zukan_enc_platinum.narc,133,1456,,49760,49764,10076,10080,4,df3f619804a92fdb4057192dc43dd748ea778adc52bc498ce80524c014b81119,00000000,,,,,False,,,,,,,,,,False,False
/application/zukanlist/zkn_data/zukan_enc_platinum.narc,/application/zukanlist/zkn_data/zukan_enc_platinum.narc!/member_01457,0,/application/zukanlist/zkn_data/zukan_enc_platinum.narc,133,1457,,49764,49768,10080,10084,4,df3f619804a92fdb4057192dc43dd748ea778adc52bc498ce80524c014b81119,00000000,,,,,False,,,,,,,,,,False,False
/application/zukanlist/zkn_data/zukan_enc_platinum.narc,/application/zukanlist/zkn_data/zukan_enc_platinum.narc!/member_01458,0,/application/zukanlist/zkn_data/zukan_enc_platinum.narc,133,1458,,49768,49772,10084,10088,4,df3f619804a92fdb4057192dc43dd748ea778adc52bc498ce80524c014b81119,00000000,,,,,False,,,,,,,,,,False,False
/application/zukanlist/zkn_data/zukan_enc_platinum.narc,/application/zukanlist/zkn_data/zukan_enc_platinum.narc!/member_01459,0,/application/zukanlist/zkn_data/zukan_enc_platinum.narc,133,1459,,49772,49776,10088,10092,4,df3f619804a92fdb4057192dc43dd748ea778adc52bc498ce80524c014b81119,00000000,,,,,False,,,,,,,,,,False,False
/application/zukanlist/zkn_data/zukan_enc_platinum.narc,/application/zukanlist/zkn_data/zukan_enc_platinum.narc!/member_01460,0,/application/zukanlist/zkn_data/zukan_enc_platinum.narc,133,1460,,49776,49780,10092,10096,4,df3f619804a92fdb4057192dc43dd748ea778adc52bc498ce80524c014b81119,00000000,,,,,False,,,,,,,,,,False,False
/application/zukanlist/zkn_data/zukan_enc_platinum.narc,/application/zukanlist/zkn_data/zukan_enc_platinum.narc!/member_01461,0,/application/zukanlist/zkn_data/zukan_enc_platinum.narc,133,1461,,49780,49784,10096,10100,4,df3f619804a92fdb4057192dc43dd748ea778adc52bc498ce80524c014b81119,00000000,,,,,False,,,,,,,,,,False,False
/application/zukanlist/zkn_data/zukan_enc_platinum.narc,/application/zukanlist/zkn_data/zukan_enc_platinum.narc!/member_01462,0,/application/zukanlist/zkn_data/zukan_enc_platinum.narc,133,1462,,49784,49788,10100,10104,4,df3f619804a92fdb4057192dc43dd748ea778adc52bc498ce80524c014b81119,00000000,,,,,False,,,,,,,,,,False,False
/application/zukanlist/zkn_data/zukan_enc_platinum.narc,/application/zukanlist/zkn_data/zukan_enc_platinum.narc!/member_01463,0,/application/zukanlist/zkn_data/zukan_enc_platinum.narc,133,1463,,49788,49792,10104,10108,4,df3f619804a92fdb4057192dc43dd748ea778adc52bc498ce80524c014b81119,00000000,,,,,False,,,,,,,,,,False,False
/application/zukanlist/zkn_data/zukan_enc_platinum.narc,/application/zukanlist/zkn_data/zukan_enc_platinum.narc!/member_01464,0,/application/zukanlist/zkn_data/zukan_enc_platinum.narc,133,1464,,49792,49796,10108,10112,4,df3f619804a92fdb4057192dc43dd748ea778adc52bc498ce80524c014b81119,00000000,,,,,False,,,,,,,,,,False,False
/application/zukanlist/zkn_data/zukan_enc_platinum.narc,/application/zukanlist/zkn_data/zukan_enc_platinum.narc!/member_01465,0,/application/zukanlist/zkn_data/zukan_enc_platinum.narc,133,1465,,49796,49800,10112,10116,4,df3f619804a92fdb4057192dc43dd748ea778adc52bc498ce80524c014b81119,00000000,,,,,False,,,,,,,,,,False,False
/application/zukanlist/zkn_data/zukan_enc_platinum.narc,/application/zukanlist/zkn_data/zukan_enc_platinum.narc!/member_01466,0,/application/zukanlist/zkn_data/zukan_enc_platinum.narc,133,1466,,49800,49804,10116,10120,4,df3f619804a92fdb4057192dc43dd748ea778adc52bc498ce80524c014b81119,00000000,,,,,False,,,,,,,,,,False,False
/application/zukanlist/zkn_data/zukan_enc_platinum.narc,/application/zukanlist/zkn_data/zukan_enc_platinum.narc!/member_01467,0,/application/zukanlist/zkn_data/zukan_enc_platinum.narc,133,1467,,49804,49808,10120,10124,4,df3f619804a92fdb4057192dc43dd748ea778adc52bc498ce80524c014b81119,00000000,,,,,False,,,,,,,,,,False,False
/application/zukanlist/zkn_data/zukan_enc_platinum.narc,/application/zukanlist/zkn_data/zukan_enc_platinum.narc!/member_01468,0,/application/zukanlist/zkn_data/zukan_enc_platinum.narc,133,1468,,49808,49812,10124,10128,4,df3f619804a92fdb4057192dc43dd748ea778adc52bc498ce80524c014b81119,00000000,,,,,False,,,,,,,,,,False,False
/application/zukanlist/zkn_data/zukan_enc_platinum.narc,/application/zukanlist/zkn_data/zukan_enc_platinum.narc!/member_01469,0,/application/zukanlist/zkn_data/zukan_enc_platinum.narc,133,1469,,49812,49816,10128,10132,4,df3f619804a92fdb4057192dc43dd748ea778adc52bc498ce80524c014b81119,00000000,,,,,False,,,,,,,,,,False,False
/application/zukanlist/zkn_data/zukan_enc_platinum.narc,/application/zukanlist/zkn_data/zukan_enc_platinum.narc!/member_01470,0,/application/zukanlist/zkn_data/zukan_enc_platinum.narc,133,1470,,49816,49820,10132,10136,4,df3f619804a92fdb4057192dc43dd748ea778adc52bc498ce80524c014b81119,00000000,,,,,False,,,,,,,,,,False,False
/application/zukanlist/zkn_data/zukan_enc_platinum.narc,/application/zukanlist/zkn_data/zukan_enc_platinum.narc!/member_01471,0,/application/zukanlist/zkn_data/zukan_enc_platinum.narc,133,1471,,49820,49824,10136,10140,4,df3f619804a92fdb4057192dc43dd748ea778adc52bc498ce80524c014b81119,00000000,,,,,False,,,,,,,,,,False,False
/application/zukanlist/zkn_data/zukan_enc_platinum.narc,/application/zukanlist/zkn_data/zukan_enc_platinum.narc!/member_01472,0,/application/zukanlist/zkn_data/zukan_enc_platinum.narc,133,1472,,49824,49828,10140,10144,4,df3f619804a92fdb4057192dc43dd748ea778adc52bc498ce80524c014b81119,00000000,,,,,False,,,,,,,,,,False,False
/application/zukanlist/zkn_data/zukan_enc_platinum.narc,/application/zukanlist/zkn_data/zukan_enc_platinum.narc!/member_01473,0,/application/zukanlist/zkn_data/zukan_enc_platinum.narc,133,1473,,49828,49832,10144,10148,4,df3f619804a92fdb4057192dc43dd748ea778adc52bc498ce80524c014b81119,00000000,,,,,False,,,,,,,,,,False,False
/application/zukanlist/zkn_data/zukan_enc_platinum.narc,/application/zukanlist/zkn_data/zukan_enc_platinum.narc!/member_01474,0,/application/zukanlist/zkn_data/zukan_enc_platinum.narc,133,1474,,49832,49836,10148,10152,4,df3f619804a92fdb4057192dc43dd748ea778adc52bc498ce80524c014b81119,00000000,,,,,False,,,,,,,,,,False,False
/application/zukanlist/zkn_data/zukan_enc_platinum.narc,/application/zukanlist/zkn_data/zukan_enc_platinum.narc!/member_01475,0,/application/zukanlist/zkn_data/zukan_enc_platinum.narc,133,1475,,49836,49840,10152,10156,4,df3f619804a92fdb4057192dc43dd748ea778adc52bc498ce80524c014b81119,00000000,,,,,False,,,,,,,,,,False,False
/application/zukanlist/zkn_data/zukan_enc_platinum.narc,/application/zukanlist/zkn_data/zukan_enc_platinum.narc!/member_01476,0,/application/zukanlist/zkn_data/zukan_enc_platinum.narc,133,1476,,49840,49844,10156,10160,4,df3f619804a92fdb4057192dc43dd748ea778adc52bc498ce80524c014b81119,00000000,,,,,False,,,,,,,,,,False,False
/application/zukanlist/zkn_data/zukan_enc_platinum.narc,/application/zukanlist/zkn_data/zukan_enc_platinum.narc!/member_01477,0,/application/zukanlist/zkn_data/zukan_enc_platinum.narc,133,1477,,49844,49848,10160,10164,4,df3f619804a92fdb4057192dc43dd748ea778adc52bc498ce80524c014b81119,00000000,,,,,False,,,,,,,,,,False,False
/application/zukanlist/zkn_data/zukan_enc_platinum.narc,/application/zukanlist/zkn_data/zukan_enc_platinum.narc!/member_01478,0,/application/zukanlist/zkn_data/zukan_enc_platinum.narc,133,1478,,49848,49852,10164,10168,4,df3f619804a92fdb4057192dc43dd748ea778adc52bc498ce80524c014b81119,00000000,,,,,False,,,,,,,,,,False,False
/application/zukanlist/zkn_data/zukan_enc_platinum.narc,/application/zukanlist/zkn_data/zukan_enc_platinum.narc!/member_01479,0,/application/zukanlist/zkn_data/zukan_enc_platinum.narc,133,1479,,49852,49856,10168,10172,4,df3f619804a92fdb4057192dc43dd748ea778adc52bc498ce80524c014b81119,00000000,,,,,False,,,,,,,,,,False,False
/application/zukanlist/zkn_data/zukan_enc_platinum.narc,/application/zukanlist/zkn_data/zukan_enc_platinum.narc!/member_01480,0,/application/zukanlist/zkn_data/zukan_enc_platinum.narc,133,1480,,49856,49860,10172,10176,4,df3f619804a92fdb4057192dc43dd748ea778adc52bc498ce80524c014b81119,00000000,,,,,False,,,,,,,,,,False,False
/application/zukanlist/zkn_data/zukan_enc_platinum.narc,/application/zukanlist/zkn_data/zukan_enc_platinum.narc!/member_01481,0,/application/zukanlist/zkn_data/zukan_enc_platinum.narc,133,1481,,49860,49864,10176,10180,4,df3f619804a92fdb4057192dc43dd748ea778adc52bc498ce80524c014b81119,00000000,,,,,False,,,,,,,,,,False,False
/application/zukanlist/zkn_data/zukan_enc_platinum.narc,/application/zukanlist/zkn_data/zukan_enc_platinum.narc!/member_01482,0,/application/zukanlist/zkn_data/zukan_enc_platinum.narc,133,1482,,49864,49868,10180,10184,4,df3f619804a92fdb4057192dc43dd748ea778adc52bc498ce80524c014b81119,00000000,,,,,False,,,,,,,,,,False,False
/application/zukanlist/zkn_data/zukan_enc_platinum.narc,/application/zukanlist/zkn_data/zukan_enc_platinum.narc!/member_01483,0,/application/zukanlist/zkn_data/zukan_enc_platinum.narc,133,1483,,49868,49872,10184,10188,4,df3f619804a92fdb4057192dc43dd748ea778adc52bc498ce80524c014b81119,00000000,,,,,False,,,,,,,,,,False,False
/application/zukanlist/zkn_data/zukan_enc_platinum.narc,/application/zukanlist/zkn_data/zukan_enc_platinum.narc!/member_01484,0,/application/zukanlist/zkn_data/zukan_enc_platinum.narc,133,1484,,49872,49876,10188,10192,4,df3f619804a92fdb4057192dc43dd748ea778adc52bc498ce80524c014b81119,00000000,,,,,False,,,,,,,,,,False,False
/application/zukanlist/zkn_data/zukan_enc_platinum.narc,/application/zukanlist/zkn_data/zukan_enc_platinum.narc!/member_01485,0,/application/zukanlist/zkn_data/zukan_enc_platinum.narc,133,1485,,49876,49880,10192,10196,4,df3f619804a92fdb4057192dc43dd748ea778adc52bc498ce80524c014b81119,00000000,,,,,False,,,,,,,,,,False,False
/application/zukanlist/zkn_data/zukan_enc_platinum.narc,/application/zukanlist/zkn_data/zukan_enc_platinum.narc!/member_01486,0,/application/zukanlist/zkn_data/zukan_enc_platinum.narc,133,1486,,49880,49884,10196,10200,4,df3f619804a92fdb4057192dc43dd748ea778adc52bc498ce80524c014b81119,00000000,,,,,False,,,,,,,,,,False,False
/application/zukanlist/zkn_data/zukan_enc_platinum.narc,/application/zukanlist/zkn_data/zukan_enc_platinum.narc!/member_01487,0,/application/zukanlist/zkn_data/zukan_enc_platinum.narc,133,1487,,49884,49888,10200,10204,4,df3f619804a92fdb4057192dc43dd748ea778adc52bc498ce80524c014b81119,00000000,,,,,False,,,,,,,,,,False,False
/application/zukanlist/zkn_data/zukan_enc_platinum.narc,/application/zukanlist/zkn_data/zukan_enc_platinum.narc!/member_01488,0,/application/zukanlist/zkn_data/zukan_enc_platinum.narc,133,1488,,49888,49892,10204,10208,4,df3f619804a92fdb4057192dc43dd748ea778adc52bc498ce80524c014b81119,00000000,,,,,False,,,,,,,,,,False,False
/application/zukanlist/zkn_data/zukan_enc_platinum.narc,/application/zukanlist/zkn_data/zukan_enc_platinum.narc!/member_01489,0,/application/zukanlist/zkn_data/zukan_enc_platinum.narc,133,1489,,49892,49976,10208,10292,84,7a5eefb8940ea98b6d9b61c5b21a41181effc2f1199ea4a94dd53048acd9ff98,01000000020000000300000004000000,,,,,False,,,,,,,,,,False,False
/application/zukanlist/zkn_data/zukan_enc_platinum.narc,/application/zukanlist/zkn_data/zukan_enc_platinum.narc!/member_01490,0,/application/zukanlist/zkn_data/zukan_enc_platinum.narc,133,1490,,49976,49980,10292,10296,4,df3f619804a92fdb4057192dc43dd748ea778adc52bc498ce80524c014b81119,00000000,,,,,False,,,,,,,,,,False,False
/application/zukanlist/zkn_data/zukan_enc_platinum.narc,/application/zukanlist/zkn_data/zukan_enc_platinum.narc!/member_01491,0,/application/zukanlist/zkn_data/zukan_enc_platinum.narc,133,1491,,49980,49984,10296,10300,4,df3f619804a92fdb4057192dc43dd748ea778adc52bc498ce80524c014b81119,00000000,,,,,False,,,,,,,,,,False,False
/application/zukanlist/zkn_data/zukan_enc_platinum.narc,/application/zukanlist/zkn_data/zukan_enc_platinum.narc!/member_01492,0,/application/zukanlist/zkn_data/zukan_enc_platinum.narc,133,1492,,49984,49988,10300,10304,4,df3f619804a92fdb4057192dc43dd748ea778adc52bc498ce80524c014b81119,00000000,,,,,False,,,,,,,,,,False,False
/application/zukanlist/zkn_data/zukan_enc_platinum.narc,/application/zukanlist/zkn_data/zukan_enc_platinum.narc!/member_01493,0,/application/zukanlist/zkn_data/zukan_enc_platinum.narc,133,1493,,49988,49992,10304,10308,4,df3f619804a92fdb4057192dc43dd748ea778adc52bc498ce80524c014b81119,00000000,,,,,False,,,,,,,,,,False,False
/application/zukanlist/zkn_data/zukan_enc_platinum.narc,/application/zukanlist/zkn_data/zukan_enc_platinum.narc!/member_01494,0,/application/zukanlist/zkn_data/zukan_enc_platinum.narc,133,1494,,49992,49996,10308,10312,4,df3f619804a92fdb4057192dc43dd748ea778adc52bc498ce80524c014b81119,00000000,,,,,False,,,,,,,,,,False,False
/application/zukanlist/zkn_data/zukan_enc_platinum.narc,/application/zukanlist/zkn_data/zukan_enc_platinum.narc!/member_01495,0,/application/zukanlist/zkn_data/zukan_enc_platinum.narc,133,1495,,49996,50000,10312,10316,4,df3f619804a92fdb4057192dc43dd748ea778adc52bc498ce80524c014b81119,00000000,,,,,False,,,,,,,,,,False,False
/application/zukanlist/zkn_data/zukan_enc_platinum.narc,/application/zukanlist/zkn_data/zukan_enc_platinum.narc!/member_01496,0,/application/zukanlist/zkn_data/zukan_enc_platinum.narc,133,1496,,50000,50004,10316,10320,4,df3f619804a92fdb4057192dc43dd748ea778adc52bc498ce80524c014b81119,00000000,,,,,False,,,,,,,,,,False,False
/application/zukanlist/zkn_data/zukan_enc_platinum.narc,/application/zukanlist/zkn_data/zukan_enc_platinum.narc!/member_01497,0,/application/zukanlist/zkn_data/zukan_enc_platinum.narc,133,1497,,50004,50008,10320,10324,4,df3f619804a92fdb4057192dc43dd748ea778adc52bc498ce80524c014b81119,00000000,,,,,False,,,,,,,,,,False,False
/application/zukanlist/zkn_data/zukan_enc_platinum.narc,/application/zukanlist/zkn_data/zukan_enc_platinum.narc!/member_01498,0,/application/zukanlist/zkn_data/zukan_enc_platinum.narc,133,1498,,50008,50012,10324,10328,4,df3f619804a92fdb4057192dc43dd748ea778adc52bc498ce80524c014b81119,00000000,,,,,False,,,,,,,,,,False,False
/application/zukanlist/zkn_data/zukan_enc_platinum.narc,/application/zukanlist/zkn_data/zukan_enc_platinum.narc!/member_01499,0,/application/zukanlist/zkn_data/zukan_enc_platinum.narc,133,1499,,50012,50016,10328,10332,4,df3f619804a92fdb4057192dc43dd748ea778adc52bc498ce80524c014b81119,00000000,,,,,False,,,,,,,,,,False,False
/application/zukanlist/zkn_data/zukan_enc_platinum.narc,/application/zukanlist/zkn_data/zukan_enc_platinum.narc!/member_01500,0,/application/zukanlist/zkn_data/zukan_enc_platinum.narc,133,1500,,50016,50020,10332,10336,4,df3f619804a92fdb4057192dc43dd748ea778adc52bc498ce80524c014b81119,00000000,,,,,False,,,,,,,,,,False,False
/application/zukanlist/zkn_data/zukan_enc_platinum.narc,/application/zukanlist/zkn_data/zukan_enc_platinum.narc!/member_01501,0,/application/zukanlist/zkn_data/zukan_enc_platinum.narc,133,1501,,50020,50024,10336,10340,4,df3f619804a92fdb4057192dc43dd748ea778adc52bc498ce80524c014b81119,00000000,,,,,False,,,,,,,,,,False,False
/application/zukanlist/zkn_data/zukan_enc_platinum.narc,/application/zukanlist/zkn_data/zukan_enc_platinum.narc!/member_01502,0,/application/zukanlist/zkn_data/zukan_enc_platinum.narc,133,1502,,50024,50028,10340,10344,4,df3f619804a92fdb4057192dc43dd748ea778adc52bc498ce80524c014b81119,00000000,,,,,False,,,,,,,,,,False,False
/application/zukanlist/zkn_data/zukan_enc_platinum.narc,/application/zukanlist/zkn_data/zukan_enc_platinum.narc!/member_01503,0,/application/zukanlist/zkn_data/zukan_enc_platinum.narc,133,1503,,50028,50032,10344,10348,4,df3f619804a92fdb4057192dc43dd748ea778adc52bc498ce80524c014b81119,00000000,,,,,False,,,,,,,,,,False,False
/application/zukanlist/zkn_data/zukan_enc_platinum.narc,/application/zukanlist/zkn_data/zukan_enc_platinum.narc!/member_01504,0,/application/zukanlist/zkn_data/zukan_enc_platinum.narc,133,1504,,50032,50036,10348,10352,4,df3f619804a92fdb4057192dc43dd748ea778adc52bc498ce80524c014b81119,00000000,,,,,False,,,,,,,,,,False,False
/application/zukanlist/zkn_data/zukan_enc_platinum.narc,/application/zukanlist/zkn_data/zukan_enc_platinum.narc!/member_01505,0,/application/zukanlist/zkn_data/zukan_enc_platinum.narc,133,1505,,50036,50040,10352,10356,4,df3f619804a92fdb4057192dc43dd748ea778adc52bc498ce80524c014b81119,00000000,,,,,False,,,,,,,,,,False,False
/application/zukanlist/zkn_data/zukan_enc_platinum.narc,/application/zukanlist/zkn_data/zukan_enc_platinum.narc!/member_01506,0,/application/zukanlist/zkn_data/zukan_enc_platinum.narc,133,1506,,50040,50044,10356,10360,4,df3f619804a92fdb4057192dc43dd748ea778adc52bc498ce80524c014b81119,00000000,,,,,False,,,,,,,,,,False,False
/application/zukanlist/zkn_data/zukan_enc_platinum.narc,/application/zukanlist/zkn_data/zukan_enc_platinum.narc!/member_01507,0,/application/zukanlist/zkn_data/zukan_enc_platinum.narc,133,1507,,50044,50048,10360,10364,4,df3f619804a92fdb4057192dc43dd748ea778adc52bc498ce80524c014b81119,00000000,,,,,False,,,,,,,,,,False,False
/application/zukanlist/zkn_data/zukan_enc_platinum.narc,/application/zukanlist/zkn_data/zukan_enc_platinum.narc!/member_01508,0,/application/zukanlist/zkn_data/zukan_enc_platinum.narc,133,1508,,50048,50052,10364,10368,4,df3f619804a92fdb4057192dc43dd748ea778adc52bc498ce80524c014b81119,00000000,,,,,False,,,,,,,,,,False,False
/application/zukanlist/zkn_data/zukan_enc_platinum.narc,/application/zukanlist/zkn_data/zukan_enc_platinum.narc!/member_01509,0,/application/zukanlist/zkn_data/zukan_enc_platinum.narc,133,1509,,50052,50056,10368,10372,4,df3f619804a92fdb4057192dc43dd748ea778adc52bc498ce80524c014b81119,00000000,,,,,False,,,,,,,,,,False,False
/application/zukanlist/zkn_data/zukan_enc_platinum.narc,/application/zukanlist/zkn_data/zukan_enc_platinum.narc!/member_01510,0,/application/zukanlist/zkn_data/zukan_enc_platinum.narc,133,1510,,50056,50060,10372,10376,4,df3f619804a92fdb4057192dc43dd748ea778adc52bc498ce80524c014b81119,00000000,,,,,False,,,,,,,,,,False,False
/application/zukanlist/zkn_data/zukan_enc_platinum.narc,/application/zukanlist/zkn_data/zukan_enc_platinum.narc!/member_01511,0,/application/zukanlist/zkn_data/zukan_enc_platinum.narc,133,1511,,50060,50064,10376,10380,4,df3f619804a92fdb4057192dc43dd748ea778adc52bc498ce80524c014b81119,00000000,,,,,False,,,,,,,,,,False,False
/application/zukanlist/zkn_data/zukan_enc_platinum.narc,/application/zukanlist/zkn_data/zukan_enc_platinum.narc!/member_01512,0,/application/zukanlist/zkn_data/zukan_enc_platinum.narc,133,1512,,50064,50068,10380,10384,4,df3f619804a92fdb4057192dc43dd748ea778adc52bc498ce80524c014b81119,00000000,,,,,False,,,,,,,,,,False,False
/application/zukanlist/zkn_data/zukan_enc_platinum.narc,/application/zukanlist/zkn_data/zukan_enc_platinum.narc!/member_01513,0,/application/zukanlist/zkn_data/zukan_enc_platinum.narc,133,1513,,50068,50072,10384,10388,4,df3f619804a92fdb4057192dc43dd748ea778adc52bc498ce80524c014b81119,00000000,,,,,False,,,,,,,,,,False,False
/application/zukanlist/zkn_data/zukan_enc_platinum.narc,/application/zukanlist/zkn_data/zukan_enc_platinum.narc!/member_01514,0,/application/zukanlist/zkn_data/zukan_enc_platinum.narc,133,1514,,50072,50076,10388,10392,4,df3f619804a92fdb4057192dc43dd748ea778adc52bc498ce80524c014b81119,00000000,,,,,False,,,,,,,,,,False,False
/application/zukanlist/zkn_data/zukan_enc_platinum.narc,/application/zukanlist/zkn_data/zukan_enc_platinum.narc!/member_01515,0,/application/zukanlist/zkn_data/zukan_enc_platinum.narc,133,1515,,50076,50080,10392,10396,4,df3f619804a92fdb4057192dc43dd748ea778adc52bc498ce80524c014b81119,00000000,,,,,False,,,,,,,,,,False,False
/application/zukanlist/zkn_data/zukan_enc_platinum.narc,/application/zukanlist/zkn_data/zukan_enc_platinum.narc!/member_01516,0,/application/zukanlist/zkn_data/zukan_enc_platinum.narc,133,1516,,50080,50084,10396,10400,4,df3f619804a92fdb4057192dc43dd748ea778adc52bc498ce80524c014b81119,00000000,,,,,False,,,,,,,,,,False,False
/application/zukanlist/zkn_data/zukan_enc_platinum.narc,/application/zukanlist/zkn_data/zukan_enc_platinum.narc!/member_01517,0,/application/zukanlist/zkn_data/zukan_enc_platinum.narc,133,1517,,50084,50088,10400,10404,4,df3f619804a92fdb4057192dc43dd748ea778adc52bc498ce80524c014b81119,00000000,,,,,False,,,,,,,,,,False,False
/application/zukanlist/zkn_data/zukan_enc_platinum.narc,/application/zukanlist/zkn_data/zukan_enc_platinum.narc!/member_01518,0,/application/zukanlist/zkn_data/zukan_enc_platinum.narc,133,1518,,50088,50092,10404,10408,4,df3f619804a92fdb4057192dc43dd748ea778adc52bc498ce80524c014b81119,00000000,,,,,False,,,,,,,,,,False,False
/application/zukanlist/zkn_data/zukan_enc_platinum.narc,/application/zukanlist/zkn_data/zukan_enc_platinum.narc!/member_01519,0,/application/zukanlist/zkn_data/zukan_enc_platinum.narc,133,1519,,50092,50096,10408,10412,4,df3f619804a92fdb4057192dc43dd748ea778adc52bc498ce80524c014b81119,00000000,,,,,False,,,,,,,,,,False,False
/application/zukanlist/zkn_data/zukan_enc_platinum.narc,/application/zukanlist/zkn_data/zukan_enc_platinum.narc!/member_01520,0,/application/zukanlist/zkn_data/zukan_enc_platinum.narc,133,1520,,50096,50100,10412,10416,4,df3f619804a92fdb4057192dc43dd748ea778adc52bc498ce80524c014b81119,00000000,,,,,False,,,,,,,,,,False,False
/application/zukanlist/zkn_data/zukan_enc_platinum.narc,/application/zukanlist/zkn_data/zukan_enc_platinum.narc!/member_01521,0,/application/zukanlist/zkn_data/zukan_enc_platinum.narc,133,1521,,50100,50104,10416,10420,4,df3f619804a92fdb4057192dc43dd748ea778adc52bc498ce80524c014b81119,00000000,,,,,False,,,,,,,,,,False,False
/application/zukanlist/zkn_data/zukan_enc_platinum.narc,/application/zukanlist/zkn_data/zukan_enc_platinum.narc!/member_01522,0,/application/zukanlist/zkn_data/zukan_enc_platinum.narc,133,1522,,50104,50108,10420,10424,4,df3f619804a92fdb4057192dc43dd748ea778adc52bc498ce80524c014b81119,00000000,,,,,False,,,,,,,,,,False,False
/application/zukanlist/zkn_data/zukan_enc_platinum.narc,/application/zukanlist/zkn_data/zukan_enc_platinum.narc!/member_01523,0,/application/zukanlist/zkn_data/zukan_enc_platinum.narc,133,1523,,50108,50112,10424,10428,4,df3f619804a92fdb4057192dc43dd748ea778adc52bc498ce80524c014b81119,00000000,,,,,False,,,,,,,,,,False,False
/application/zukanlist/zkn_data/zukan_enc_platinum.narc,/application/zukanlist/zkn_data/zukan_enc_platinum.narc!/member_01524,0,/application/zukanlist/zkn_data/zukan_enc_platinum.narc,133,1524,,50112,50116,10428,10432,4,df3f619804a92fdb4057192dc43dd748ea778adc52bc498ce80524c014b81119,00000000,,,,,False,,,,,,,,,,False,False
/application/zukanlist/zkn_data/zukan_enc_platinum.narc,/application/zukanlist/zkn_data/zukan_enc_platinum.narc!/member_01525,0,/application/zukanlist/zkn_data/zukan_enc_platinum.narc,133,1525,,50116,50120,10432,10436,4,df3f619804a92fdb4057192dc43dd748ea778adc52bc498ce80524c014b81119,00000000,,,,,False,,,,,,,,,,False,False
/application/zukanlist/zkn_data/zukan_enc_platinum.narc,/application/zukanlist/zkn_data/zukan_enc_platinum.narc!/member_01526,0,/application/zukanlist/zkn_data/zukan_enc_platinum.narc,133,1526,,50120,50124,10436,10440,4,df3f619804a92fdb4057192dc43dd748ea778adc52bc498ce80524c014b81119,00000000,,,,,False,,,,,,,,,,False,False
/application/zukanlist/zkn_data/zukan_enc_platinum.narc,/application/zukanlist/zkn_data/zukan_enc_platinum.narc!/member_01527,0,/application/zukanlist/zkn_data/zukan_enc_platinum.narc,133,1527,,50124,50128,10440,10444,4,df3f619804a92fdb4057192dc43dd748ea778adc52bc498ce80524c014b81119,00000000,,,,,False,,,,,,,,,,False,False
/application/zukanlist/zkn_data/zukan_enc_platinum.narc,/application/zukanlist/zkn_data/zukan_enc_platinum.narc!/member_01528,0,/application/zukanlist/zkn_data/zukan_enc_platinum.narc,133,1528,,50128,50132,10444,10448,4,df3f619804a92fdb4057192dc43dd748ea778adc52bc498ce80524c014b81119,00000000,,,,,False,,,,,,,,,,False,False
/application/zukanlist/zkn_data/zukan_enc_platinum.narc,/application/zukanlist/zkn_data/zukan_enc_platinum.narc!/member_01529,0,/application/zukanlist/zkn_data/zukan_enc_platinum.narc,133,1529,,50132,50136,10448,10452,4,df3f619804a92fdb4057192dc43dd748ea778adc52bc498ce80524c014b81119,00000000,,,,,False,,,,,,,,,,False,False
/application/zukanlist/zkn_data/zukan_enc_platinum.narc,/application/zukanlist/zkn_data/zukan_enc_platinum.narc!/member_01530,0,/application/zukanlist/zkn_data/zukan_enc_platinum.narc,133,1530,,50136,50140,10452,10456,4,df3f619804a92fdb4057192dc43dd748ea778adc52bc498ce80524c014b81119,00000000,,,,,False,,,,,,,,,,False,False
/application/zukanlist/zkn_data/zukan_enc_platinum.narc,/application/zukanlist/zkn_data/zukan_enc_platinum.narc!/member_01531,0,/application/zukanlist/zkn_data/zukan_enc_platinum.narc,133,1531,,50140,50144,10456,10460,4,df3f619804a92fdb4057192dc43dd748ea778adc52bc498ce80524c014b81119,00000000,,,,,False,,,,,,,,,,False,False
/application/zukanlist/zkn_data/zukan_enc_platinum.narc,/application/zukanlist/zkn_data/zukan_enc_platinum.narc!/member_01532,0,/application/zukanlist/zkn_data/zukan_enc_platinum.narc,133,1532,,50144,50148,10460,10464,4,df3f619804a92fdb4057192dc43dd748ea778adc52bc498ce80524c014b81119,00000000,,,,,False,,,,,,,,,,False,False
/application/zukanlist/zkn_data/zukan_enc_platinum.narc,/application/zukanlist/zkn_data/zukan_enc_platinum.narc!/member_01533,0,/application/zukanlist/zkn_data/zukan_enc_platinum.narc,133,1533,,50148,50152,10464,10468,4,df3f619804a92fdb4057192dc43dd748ea778adc52bc498ce80524c014b81119,00000000,,,,,False,,,,,,,,,,False,False
/application/zukanlist/zkn_data/zukan_enc_platinum.narc,/application/zukanlist/zkn_data/zukan_enc_platinum.narc!/member_01534,0,/application/zukanlist/zkn_data/zukan_enc_platinum.narc,133,1534,,50152,50156,10468,10472,4,df3f619804a92fdb4057192dc43dd748ea778adc52bc498ce80524c014b81119,00000000,,,,,False,,,,,,,,,,False,False
/application/zukanlist/zkn_data/zukan_enc_platinum.narc,/application/zukanlist/zkn_data/zukan_enc_platinum.narc!/member_01535,0,/application/zukanlist/zkn_data/zukan_enc_platinum.narc,133,1535,,50156,50160,10472,10476,4,df3f619804a92fdb4057192dc43dd748ea778adc52bc498ce80524c014b81119,00000000,,,,,False,,,,,,,,,,False,False
/application/zukanlist/zkn_data/zukan_enc_platinum.narc,/application/zukanlist/zkn_data/zukan_enc_platinum.narc!/member_01536,0,/application/zukanlist/zkn_data/zukan_enc_platinum.narc,133,1536,,50160,50164,10476,10480,4,df3f619804a92fdb4057192dc43dd748ea778adc52bc498ce80524c014b81119,00000000,,,,,False,,,,,,,,,,False,False
/application/zukanlist/zkn_data/zukan_enc_platinum.narc,/application/zukanlist/zkn_data/zukan_enc_platinum.narc!/member_01537,0,/application/zukanlist/zkn_data/zukan_enc_platinum.narc,133,1537,,50164,50168,10480,10484,4,df3f619804a92fdb4057192dc43dd748ea778adc52bc498ce80524c014b81119,00000000,,,,,False,,,,,,,,,,False,False
/application/zukanlist/zkn_data/zukan_enc_platinum.narc,/application/zukanlist/zkn_data/zukan_enc_platinum.narc!/member_01538,0,/application/zukanlist/zkn_data/zukan_enc_platinum.narc,133,1538,,50168,50172,10484,10488,4,df3f619804a92fdb4057192dc43dd748ea778adc52bc498ce80524c014b81119,00000000,,,,,False,,,,,,,,,,False,False
/application/zukanlist/zkn_data/zukan_enc_platinum.narc,/application/zukanlist/zkn_data/zukan_enc_platinum.narc!/member_01539,0,/application/zukanlist/zkn_data/zukan_enc_platinum.narc,133,1539,,50172,50176,10488,10492,4,df3f619804a92fdb4057192dc43dd748ea778adc52bc498ce80524c014b81119,00000000,,,,,False,,,,,,,,,,False,False
/application/zukanlist/zkn_data/zukan_enc_platinum.narc,/application/zukanlist/zkn_data/zukan_enc_platinum.narc!/member_01540,0,/application/zukanlist/zkn_data/zukan_enc_platinum.narc,133,1540,,50176,50180,10492,10496,4,df3f619804a92fdb4057192dc43dd748ea778adc52bc498ce80524c014b81119,00000000,,,,,False,,,,,,,,,,False,False
/application/zukanlist/zkn_data/zukan_enc_platinum.narc,/application/zukanlist/zkn_data/zukan_enc_platinum.narc!/member_01541,0,/application/zukanlist/zkn_data/zukan_enc_platinum.narc,133,1541,,50180,50184,10496,10500,4,df3f619804a92fdb4057192dc43dd748ea778adc52bc498ce80524c014b81119,00000000,,,,,False,,,,,,,,,,False,False
/application/zukanlist/zkn_data/zukan_enc_platinum.narc,/application/zukanlist/zkn_data/zukan_enc_platinum.narc!/member_01542,0,/application/zukanlist/zkn_data/zukan_enc_platinum.narc,133,1542,,50184,50188,10500,10504,4,df3f619804a92fdb4057192dc43dd748ea778adc52bc498ce80524c014b81119,00000000,,,,,False,,,,,,,,,,False,False
/application/zukanlist/zkn_data/zukan_enc_platinum.narc,/application/zukanlist/zkn_data/zukan_enc_platinum.narc!/member_01543,0,/application/zukanlist/zkn_data/zukan_enc_platinum.narc,133,1543,,50188,50192,10504,10508,4,df3f619804a92fdb4057192dc43dd748ea778adc52bc498ce80524c014b81119,00000000,,,,,False,,,,,,,,,,False,False
/application/zukanlist/zkn_data/zukan_enc_platinum.narc,/application/zukanlist/zkn_data/zukan_enc_platinum.narc!/member_01544,0,/application/zukanlist/zkn_data/zukan_enc_platinum.narc,133,1544,,50192,50196,10508,10512,4,df3f619804a92fdb4057192dc43dd748ea778adc52bc498ce80524c014b81119,00000000,,,,,False,,,,,,,,,,False,False
/application/zukanlist/zkn_data/zukan_enc_platinum.narc,/application/zukanlist/zkn_data/zukan_enc_platinum.narc!/member_01545,0,/application/zukanlist/zkn_data/zukan_enc_platinum.narc,133,1545,,50196,50200,10512,10516,4,df3f619804a92fdb4057192dc43dd748ea778adc52bc498ce80524c014b81119,00000000,,,,,False,,,,,,,,,,False,False
/application/zukanlist/zkn_data/zukan_enc_platinum.narc,/application/zukanlist/zkn_data/zukan_enc_platinum.narc!/member_01546,0,/application/zukanlist/zkn_data/zukan_enc_platinum.narc,133,1546,,50200,50204,10516,10520,4,df3f619804a92fdb4057192dc43dd748ea778adc52bc498ce80524c014b81119,00000000,,,,,False,,,,,,,,,,False,False
/application/zukanlist/zkn_data/zukan_enc_platinum.narc,/application/zukanlist/zkn_data/zukan_enc_platinum.narc!/member_01547,0,/application/zukanlist/zkn_data/zukan_enc_platinum.narc,133,1547,,50204,50208,10520,10524,4,df3f619804a92fdb4057192dc43dd748ea778adc52bc498ce80524c014b81119,00000000,,,,,False,,,,,,,,,,False,False
/application/zukanlist/zkn_data/zukan_enc_platinum.narc,/application/zukanlist/zkn_data/zukan_enc_platinum.narc!/member_01548,0,/application/zukanlist/zkn_data/zukan_enc_platinum.narc,133,1548,,50208,50212,10524,10528,4,df3f619804a92fdb4057192dc43dd748ea778adc52bc498ce80524c014b81119,00000000,,,,,False,,,,,,,,,,False,False
/application/zukanlist/zkn_data/zukan_enc_platinum.narc,/application/zukanlist/zkn_data/zukan_enc_platinum.narc!/member_01549,0,/application/zukanlist/zkn_data/zukan_enc_platinum.narc,133,1549,,50212,50216,10528,10532,4,df3f619804a92fdb4057192dc43dd748ea778adc52bc498ce80524c014b81119,00000000,,,,,False,,,,,,,,,,False,False
/application/zukanlist/zkn_data/zukan_enc_platinum.narc,/application/zukanlist/zkn_data/zukan_enc_platinum.narc!/member_01550,0,/application/zukanlist/zkn_data/zukan_enc_platinum.narc,133,1550,,50216,50220,10532,10536,4,df3f619804a92fdb4057192dc43dd748ea778adc52bc498ce80524c014b81119,00000000,,,,,False,,,,,,,,,,False,False
/application/zukanlist/zkn_data/zukan_enc_platinum.narc,/application/zukanlist/zkn_data/zukan_enc_platinum.narc!/member_01551,0,/application/zukanlist/zkn_data/zukan_enc_platinum.narc,133,1551,,50220,50224,10536,10540,4,df3f619804a92fdb4057192dc43dd748ea778adc52bc498ce80524c014b81119,00000000,,,,,False,,,,,,,,,,False,False
/application/zukanlist/zkn_data/zukan_enc_platinum.narc,/application/zukanlist/zkn_data/zukan_enc_platinum.narc!/member_01552,0,/application/zukanlist/zkn_data/zukan_enc_platinum.narc,133,1552,,50224,50228,10540,10544,4,df3f619804a92fdb4057192dc43dd748ea778adc52bc498ce80524c014b81119,00000000,,,,,False,,,,,,,,,,False,False
/application/zukanlist/zkn_data/zukan_enc_platinum.narc,/application/zukanlist/zkn_data/zukan_enc_platinum.narc!/member_01553,0,/application/zukanlist/zkn_data/zukan_enc_platinum.narc,133,1553,,50228,50232,10544,10548,4,df3f619804a92fdb4057192dc43dd748ea778adc52bc498ce80524c014b81119,00000000,,,,,False,,,,,,,,,,False,False
/application/zukanlist/zkn_data/zukan_enc_platinum.narc,/application/zukanlist/zkn_data/zukan_enc_platinum.narc!/member_01554,0,/application/zukanlist/zkn_data/zukan_enc_platinum.narc,133,1554,,50232,50236,10548,10552,4,df3f619804a92fdb4057192dc43dd748ea778adc52bc498ce80524c014b81119,00000000,,,,,False,,,,,,,,,,False,False
/application/zukanlist/zkn_data/zukan_enc_platinum.narc,/application/zukanlist/zkn_data/zukan_enc_platinum.narc!/member_01555,0,/application/zukanlist/zkn_data/zukan_enc_platinum.narc,133,1555,,50236,50240,10552,10556,4,df3f619804a92fdb4057192dc43dd748ea778adc52bc498ce80524c014b81119,00000000,,,,,False,,,,,,,,,,False,False
/application/zukanlist/zkn_data/zukan_enc_platinum.narc,/application/zukanlist/zkn_data/zukan_enc_platinum.narc!/member_01556,0,/application/zukanlist/zkn_data/zukan_enc_platinum.narc,133,1556,,50240,50244,10556,10560,4,df3f619804a92fdb4057192dc43dd748ea778adc52bc498ce80524c014b81119,00000000,,,,,False,,,,,,,,,,False,False
/application/zukanlist/zkn_data/zukan_enc_platinum.narc,/application/zukanlist/zkn_data/zukan_enc_platinum.narc!/member_01557,0,/application/zukanlist/zkn_data/zukan_enc_platinum.narc,133,1557,,50244,50248,10560,10564,4,df3f619804a92fdb4057192dc43dd748ea778adc52bc498ce80524c014b81119,00000000,,,,,False,,,,,,,,,,False,False
/application/zukanlist/zkn_data/zukan_enc_platinum.narc,/application/zukanlist/zkn_data/zukan_enc_platinum.narc!/member_01558,0,/application/zukanlist/zkn_data/zukan_enc_platinum.narc,133,1558,,50248,50252,10564,10568,4,df3f619804a92fdb4057192dc43dd748ea778adc52bc498ce80524c014b81119,00000000,,,,,False,,,,,,,,,,False,False
/application/zukanlist/zkn_data/zukan_enc_platinum.narc,/application/zukanlist/zkn_data/zukan_enc_platinum.narc!/member_01559,0,/application/zukanlist/zkn_data/zukan_enc_platinum.narc,133,1559,,50252,50256,10568,10572,4,df3f619804a92fdb4057192dc43dd748ea778adc52bc498ce80524c014b81119,00000000,,,,,False,,,,,,,,,,False,False
/application/zukanlist/zkn_data/zukan_enc_platinum.narc,/application/zukanlist/zkn_data/zukan_enc_platinum.narc!/member_01560,0,/application/zukanlist/zkn_data/zukan_enc_platinum.narc,133,1560,,50256,50260,10572,10576,4,df3f619804a92fdb4057192dc43dd748ea778adc52bc498ce80524c014b81119,00000000,,,,,False,,,,,,,,,,False,False
/application/zukanlist/zkn_data/zukan_enc_platinum.narc,/application/zukanlist/zkn_data/zukan_enc_platinum.narc!/member_01561,0,/application/zukanlist/zkn_data/zukan_enc_platinum.narc,133,1561,,50260,50264,10576,10580,4,df3f619804a92fdb4057192dc43dd748ea778adc52bc498ce80524c014b81119,00000000,,,,,False,,,,,,,,,,False,False
/application/zukanlist/zkn_data/zukan_enc_platinum.narc,/application/zukanlist/zkn_data/zukan_enc_platinum.narc!/member_01562,0,/application/zukanlist/zkn_data/zukan_enc_platinum.narc,133,1562,,50264,50268,10580,10584,4,df3f619804a92fdb4057192dc43dd748ea778adc52bc498ce80524c014b81119,00000000,,,,,False,,,,,,,,,,False,False
/application/zukanlist/zkn_data/zukan_enc_platinum.narc,/application/zukanlist/zkn_data/zukan_enc_platinum.narc!/member_01563,0,/application/zukanlist/zkn_data/zukan_enc_platinum.narc,133,1563,,50268,50272,10584,10588,4,df3f619804a92fdb4057192dc43dd748ea778adc52bc498ce80524c014b81119,00000000,,,,,False,,,,,,,,,,False,False
/application/zukanlist/zkn_data/zukan_enc_platinum.narc,/application/zukanlist/zkn_data/zukan_enc_platinum.narc!/member_01564,0,/application/zukanlist/zkn_data/zukan_enc_platinum.narc,133,1564,,50272,50276,10588,10592,4,df3f619804a92fdb4057192dc43dd748ea778adc52bc498ce80524c014b81119,00000000,,,,,False,,,,,,,,,,False,False
/application/zukanlist/zkn_data/zukan_enc_platinum.narc,/application/zukanlist/zkn_data/zukan_enc_platinum.narc!/member_01565,0,/application/zukanlist/zkn_data/zukan_enc_platinum.narc,133,1565,,50276,50280,10592,10596,4,df3f619804a92fdb4057192dc43dd748ea778adc52bc498ce80524c014b81119,00000000,,,,,False,,,,,,,,,,False,False
/application/zukanlist/zkn_data/zukan_enc_platinum.narc,/application/zukanlist/zkn_data/zukan_enc_platinum.narc!/member_01566,0,/application/zukanlist/zkn_data/zukan_enc_platinum.narc,133,1566,,50280,50284,10596,10600,4,df3f619804a92fdb4057192dc43dd748ea778adc52bc498ce80524c014b81119,00000000,,,,,False,,,,,,,,,,False,False
