container_chain,member_chain,depth,parent_narc_path,parent_file_id,member_index,name,container_relative_offset,container_relative_end,gmif_relative_offset,gmif_relative_end,size,sha256,signature_hex,extension,probable_format,format_evidence,structure_valid,compressed,compression,compression_evidence,decompression_supported,declared_decompressed_size,decompression_valid,decompressed_size,decompressed_sha256,decompressed_format,decompressed_format_evidence,nested_container,nested_after_decompression
/application/zukanlist/zkn_data/zukan_enc_platinum.narc,/application/zukanlist/zkn_data/zukan_enc_platinum.narc!/member_01567,0,/application/zukanlist/zkn_data/zukan_enc_platinum.narc,133,1567,,50284,50288,10600,10604,4,df3f619804a92fdb4057192dc43dd748ea778adc52bc498ce80524c014b81119,00000000,,,,,False,,,,,,,,,,False,False
/application/zukanlist/zkn_data/zukan_enc_platinum.narc,/application/zukanlist/zkn_data/zukan_enc_platinum.narc!/member_01568,0,/application/zukanlist/zkn_data/zukan_enc_platinum.narc,133,1568,,50288,50292,10604,10608,4,df3f619804a92fdb4057192dc43dd748ea778adc52bc498ce80524c014b81119,00000000,,,,,False,,,,,,,,,,False,False
/application/zukanlist/zkn_data/zukan_enc_platinum.narc,/application/zukanlist/zkn_data/zukan_enc_platinum.narc!/member_01569,0,/application/zukanlist/zkn_data/zukan_enc_platinum.narc,133,1569,,50292,50296,10608,10612,4,df3f619804a92fdb4057192dc43dd748ea778adc52bc498ce80524c014b81119,00000000,,,,,False,,,,,,,,,,False,False
/application/zukanlist/zkn_data/zukan_enc_platinum.narc,/application/zukanlist/zkn_data/zukan_enc_platinum.narc!/member_01570,0,/application/zukanlist/zkn_data/zukan_enc_platinum.narc,133,1570,,50296,50300,10612,10616,4,df3f619804a92fdb4057192dc43dd748ea778adc52bc498ce80524c014b81119,00000000,,,,,False,,,,,,,,,,False,False
/application/zukanlist/zkn_data/zukan_enc_platinum.narc,/application/zukanlist/zkn_data/zukan_enc_platinum.narc!/member_01571,0,/application/zukanlist/zkn_data/zukan_enc_platinum.narc,133,1571,,50300,50304,10616,10620,4,df3f619804a92fdb4057192dc43dd748ea778adc52bc498ce80524c014b81119,00000000,,,,,False,,,,,,,,,,False,False
/application/zukanlist/zkn_data/zukan_enc_platinum.narc,/application/zukanlist/zkn_data/zukan_enc_platinum.narc!/member_01572,0,/application/zukanlist/zkn_data/zukan_enc_platinum.narc,133,1572,,50304,50308,10620,10624,4,df3f619804a92fdb4057192dc43dd748ea778adc52bc498ce80524c014b81119,00000000,,,,,False,,,,,,,,,,False,False
/application/zukanlist/zkn_data/zukan_enc_platinum.narc,/application/zukanlist/zkn_data/zukan_enc_platinum.narc!/member_01573,0,/application/zukanlist/zkn_data/zukan_enc_platinum.narc,133,1573,,50308,50312,10624,10628,4,df3f619804a92fdb4057192dc43dd748ea778adc52bc498ce80524c014b81119,00000000,,,,,False,,,,,,,,,,False,False
/application/zukanlist/zkn_data/zukan_enc_platinum.narc,/application/zukanlist/zkn_data/zukan_enc_platinum.narc!/member_01574,0,/application/zukanlist/zkn_data/zukan_enc_platinum.narc,133,1574,,50312,50316,10628,10632,4,df3f619804a92fdb4057192dc43dd748ea778adc52bc498ce80524c014b81119,00000000,,,,,False,,,,,,,,,,False,False
/application/zukanlist/zkn_data/zukan_enc_platinum.narc,/application/zukanlist/zkn_data/zukan_enc_platinum.narc!/member_01575,0,/application/zukanlist/zkn_data/zukan_enc_platinum.narc,133,1575,,50316,50320,10632,10636,4,df3f619804a92fdb4057192dc43dd748ea778adc52bc498ce80524c014b81119,00000000,,,,,False,,,,,,,,,,False,False
/application/zukanlist/zkn_data/zukan_enc_platinum.narc,/application/zukanlist/zkn_data/zukan_enc_platinum.narc!/member_01576,0,/application/zukanlist/zkn_data/zukan_enc_platinum.narc,133,1576,,50320,50324,10636,10640,4,df3f619804a92fdb4057192dc43dd748ea778adc52bc498ce80524c014b81119,00000000,,,,,False,,,,,,,,,,False,False
/application/zukanlist/zkn_data/zukan_enc_platinum.narc,/application/zukanlist/zkn_data/zukan_enc_platinum.narc!/member_01577,0,/application/zukanlist/zkn_data/zukan_enc_platinum.narc,133,1577,,50324,50328,10640,10644,4,df3f619804a92fdb4057192dc43dd748ea778adc52bc498ce80524c014b81119,00000000,,,,,False,,,,,,,,,,False,False
/application/zukanlist/zkn_data/zukan_enc_platinum.narc,/application/zukanlist/zkn_data/zukan_enc_platinum.narc!/member_01578,0,/application/zukanlist/zkn_data/zukan_enc_platinum.narc,133,1578,,50328,50332,10644,10648,4,df3f619804a92fdb4057192dc43dd748ea778adc52bc498ce80524c014b81119,00000000,,,,,False,,,,,,,,,,False,False
/application/zukanlist/zkn_data/zukan_enc_platinum.narc,/application/zukanlist/zkn_data/zukan_enc_platinum.narc!/member_01579,0,/application/zukanlist/zkn_data/zukan_enc_platinum.narc,133,1579,,50332,50336,10648,10652,4,df3f619804a92fdb4057192dc43dd748ea778adc52bc498ce80524c014b81119,00000000,,,,,False,,,,,,,,,,False,False
/application/zukanlist/zkn_data/zukan_enc_platinum.narc,/application/zukanlist/zkn_data/zukan_enc_platinum.narc!/member_01580,0,/application/zukanlist/zkn_data/zukan_enc_platinum.narc,133,1580,,50336,50340,10652,10656,4,df3f619804a92fdb4057192dc43dd748ea778adc52bc498ce80524c014b81119,00000000,,,,,False,,,,,,,,,,False,False
/application/zukanlist/zkn_data/zukan_enc_platinum.narc,/application/zukanlist/zkn_data/zukan_enc_platinum.narc!/member_01581,0,/application/zukanlist/zkn_data/zukan_enc_platinum.narc,133,1581,,50340,50344,10656,10660,4,df3f619804a92fdb4057192dc43dd748ea778adc52bc498ce80524c014b81119,00000000,,,,,False,,,,,,,,,,False,False
/application/zukanlist/zkn_data/zukan_enc_platinum.narc,/application/zukanlist/zkn_data/zukan_enc_platinum.narc!/member_01582,0,/application/zukanlist/zkn_data/zukan_enc_platinum.narc,133,1582,,50344,50348,10660,10664,4,df3f619804a92fdb4057192dc43dd748ea778adc52bc498ce80524c014b81119,00000000,,,,,False,,,,,,,,,,False,False
/application/zukanlist/zkn_data/zukan_enc_platinum.narc,/application/zukanlist/zkn_data/zukan_enc_platinum.narc!/member_01583,0,/application/zukanlist/zkn_data/zukan_enc_platinum.narc,133,1583,,50348,50352,10664,10668,4,df3f619804a92fdb4057192dc43dd748ea778adc52bc498ce80524c014b81119,00000000,,,,,False,,,,,,,,,,False,False
/application/zukanlist/zkn_data/zukan_enc_platinum.narc,/application/zukanlist/zkn_data/zukan_enc_platinum.narc!/member_01584,0,/application/zukanlist/zkn_data/zukan_enc_platinum.narc,133,1584,,50352,50356,10668,10672,4,df3f619804a92fdb4057192dc43dd748ea778adc52bc498ce80524c014b81119,00000000,,,,,False,,,,,,,,,,False,False
/application/zukanlist/zkn_data/zukan_enc_platinum.narc,/application/zukanlist/zkn_data/zukan_enc_platinum.narc!/member_01585,0,/application/zukanlist/zkn_data/zukan_enc_platinum.narc,133,1585,,50356,50360,10672,10676,4,df3f619804a92fdb4057192dc43dd748ea778adc52bc498ce80524c014b81119,00000000,,,,,False,,,,,,,,,,False,False
/application/zukanlist/zkn_data/zukan_enc_platinum.narc,/application/zukanlist/zkn_data/zukan_enc_platinum.narc!/member_01586,0,/application/zukanlist/zkn_data/zukan_enc_platinum.narc,133,1586,,50360,50364,10676,10680,4,df3f619804a92fdb4057192dc43dd748ea778adc52bc498ce80524c014b81119,00000000,,,,,False,,,,,,,,,,False,False
/application/zukanlist/zkn_data/zukan_enc_platinum.narc,/application/zukanlist/zkn_data/zukan_enc_platinum.narc!/member_01587,0,/application/zukanlist/zkn_data/zukan_enc_platinum.narc,133,1587,,50364,50368,10680,10684,4,df3f619804a92fdb4057192dc43dd748ea778adc52bc498ce80524c014b81119,00000000,,,,,False,,,,,,,,,,False,False
/application/zukanlist/zkn_data/zukan_enc_platinum.narc,/application/zukanlist/zkn_data/zukan_enc_platinum.narc!/member_01588,0,/application/zukanlist/zkn_data/zukan_enc_platinum.narc,133,1588,,50368,50372,10684,10688,4,df3f619804a92fdb4057192dc43dd748ea778adc52bc498ce80524c014b81119,00000000,,,,,False,,,,,,,,,,False,False
/application/zukanlist/zkn_data/zukan_enc_platinum.narc,/application/zukanlist/zkn_data/zukan_enc_platinum.narc!/member_01589,0,/application/zukanlist/zkn_data/zukan_enc_platinum.narc,133,1589,,50372,50376,10688,10692,4,df3f619804a92fdb4057192dc43dd748ea778adc52bc498ce80524c014b81119,00000000,,,,,False,,,,,,,,,,False,False
/application/zukanlist/zkn_data/zukan_enc_platinum.narc,/application/zukanlist/zkn_data/zukan_enc_platinum.narc!/member_01590,0,/application/zukanlist/zkn_data/zukan_enc_platinum.narc,133,1590,,50376,50380,10692,10696,4,df3f619804a92fdb4057192dc43dd748ea778adc52bc498ce80524c014b81119,00000000,,,,,False,,,,,,,,,,False,False
/application/zukanlist/zkn_data/zukan_enc_platinum.narc,/application/zukanlist/zkn_data/zukan_enc_platinum.narc!/member_01591,0,/application/zukanlist/zkn_data/zukan_enc_platinum.narc,133,1591,,50380,50384,10696,10700,4,df3f619804a92fdb4057192dc43dd748ea778adc52bc498ce80524c014b81119,00000000,,,,,False,,,,,,,,,,False,False
/application/zukanlist/zkn_data/zukan_enc_platinum.narc,/application/zukanlist/zkn_data/zukan_enc_platinum.narc!/member_01592,0,/application/zukanlist/zkn_data/zukan_enc_platinum.narc,133,1592,,50384,50388,10700,10704,4,df3f619804a92fdb4057192dc43dd748ea778adc52bc498ce80524c014b81119,00000000,,,,,False,,,,,,,,,,False,False
/application/zukanlist/zkn_data/zukan_enc_platinum.narc,/application/zukanlist/zkn_data/zukan_enc_platinum.narc!/member_01593,0,/application/zukanlist/zkn_data/zukan_enc_platinum.narc,133,1593,,50388,50392,10704,10708,4,df3f619804a92fdb4057192dc43dd748ea778adc52bc498ce80524c014b81119,00000000,,,,,False,,,,,,,,,,False,False
/application/zukanlist/zkn_data/zukan_enc_platinum.narc,/application/zukanlist/zkn_data/zukan_enc_platinum.narc!/member_01594,0,/application/zukanlist/zkn_data/zukan_enc_platinum.narc,133,1594,,50392,50396,10708,10712,4,df3f619804a92fdb4057192dc43dd748ea778adc52bc498ce80524c014b81119,00000000,,,,,False,,,,,,,,,,False,False
/application/zukanlist/zkn_data/zukan_enc_platinum.narc,/application/zukanlist/zkn_data/zukan_enc_platinum.narc!/member_01595,0,/application/zukanlist/zkn_data/zukan_enc_platinum.narc,133,1595,,50396,50400,10712,10716,4,df3f619804a92fdb4057192dc43dd748ea778adc52bc498ce80524c014b81119,00000000,,,,,False,,,,,,,,,,False,False
/application/zukanlist/zkn_data/zukan_enc_platinum.narc,/application/zukanlist/zkn_data/zukan_enc_platinum.narc!/member_01596,0,/application/zukanlist/zkn_data/zukan_enc_platinum.narc,133,1596,,50400,50404,10716,10720,4,df3f619804a92fdb4057192dc43dd748ea778adc52bc498ce80524c014b81119,00000000,,,,,False,,,,,,,,,,False,False
/application/zukanlist/zkn_data/zukan_enc_platinum.narc,/application/zukanlist/zkn_data/zukan_enc_platinum.narc!/member_01597,0,/application/zukanlist/zkn_data/zukan_enc_platinum.narc,133,1597,,50404,50408,10720,10724,4,df3f619804a92fdb4057192dc43dd748ea778adc52bc498ce80524c014b81119,00000000,,,,,False,,,,,,,,,,False,False
/application/zukanlist/zkn_data/zukan_enc_platinum.narc,/application/zukanlist/zkn_data/zukan_enc_platinum.narc!/member_01598,0,/application/zukanlist/zkn_data/zukan_enc_platinum.narc,133,1598,,50408,50412,10724,10728,4,df3f619804a92fdb4057192dc43dd748ea778adc52bc498ce80524c014b81119,00000000,,,,,False,,,,,,,,,,False,False
/application/zukanlist/zkn_data/zukan_enc_platinum.narc,/application/zukanlist/zkn_data/zukan_enc_platinum.narc!/member_01599,0,/application/zukanlist/zkn_data/zukan_enc_platinum.narc,133,1599,,50412,50416,10728,10732,4,df3f619804a92fdb4057192dc43dd748ea778adc52bc498ce80524c014b81119,00000000,,,,,False,,,,,,,,,,False,False
/application/zukanlist/zkn_data/zukan_enc_platinum.narc,/application/zukanlist/zkn_data/zukan_enc_platinum.narc!/member_01600,0,/application/zukanlist/zkn_data/zukan_enc_platinum.narc,133,1600,,50416,50420,10732,10736,4,df3f619804a92fdb4057192dc43dd748ea778adc52bc498ce80524c014b81119,00000000,,,,,False,,,,,,,,,,False,False
/application/zukanlist/zkn_data/zukan_enc_platinum.narc,/application/zukanlist/zkn_data/zukan_enc_platinum.narc!/member_01601,0,/application/zukanlist/zkn_data/zukan_enc_platinum.narc,133,1601,,50420,50424,10736,10740,4,df3f619804a92fdb4057192dc43dd748ea778adc52bc498ce80524c014b81119,00000000,,,,,False,,,,,,,,,,False,False
/application/zukanlist/zkn_data/zukan_enc_platinum.narc,/application/zukanlist/zkn_data/zukan_enc_platinum.narc!/member_01602,0,/application/zukanlist/zkn_data/zukan_enc_platinum.narc,133,1602,,50424,50428,10740,10744,4,df3f619804a92fdb4057192dc43dd748ea778adc52bc498ce80524c014b81119,00000000,,,,,False,,,,,,,,,,False,False
/application/zukanlist/zkn_data/zukan_enc_platinum.narc,/application/zukanlist/zkn_data/zukan_enc_platinum.narc!/member_01603,0,/application/zukanlist/zkn_data/zukan_enc_platinum.narc,133,1603,,50428,50436,10744,10752,8,f0a0278e4372459cca6159cd5e71cfee638302a7b9ca9b05c34181ac0a65ac5d,0400000000000000,,,,,False,,,,,,,,,,False,False
/application/zukanlist/zkn_data/zukan_enc_platinum.narc,/application/zukanlist/zkn_data/zukan_enc_platinum.narc!/member_01604,0,/application/zukanlist/zkn_data/zukan_enc_platinum.narc,133,1604,,50436,50440,10752,10756,4,df3f619804a92fdb4057192dc43dd748ea778adc52bc498ce80524c014b81119,00000000,,,,,False,,,,,,,,,,False,False
/application/zukanlist/zkn_data/zukan_enc_platinum.narc,/application/zukanlist/zkn_data/zukan_enc_platinum.narc!/member_01605,0,/application/zukanlist/zkn_data/zukan_enc_platinum.narc,133,1605,,50440,50444,10756,10760,4,df3f619804a92fdb4057192dc43dd748ea778adc52bc498ce80524c014b81119,00000000,,,,,False,,,,,,,,,,False,False
/application/zukanlist/zkn_data/zukan_enc_platinum.narc,/application/zukanlist/zkn_data/zukan_enc_platinum.narc!/member_01606,0,/application/zukanlist/zkn_data/zukan_enc_platinum.narc,133,1606,,50444,50448,10760,10764,4,df3f619804a92fdb4057192dc43dd748ea778adc52bc498ce80524c014b81119,00000000,,,,,False,,,,,,,,,,False,False
/application/zukanlist/zkn_data/zukan_enc_platinum.narc,/application/zukanlist/zkn_data/zukan_enc_platinum.narc!/member_01607,0,/application/zukanlist/zkn_data/zukan_enc_platinum.narc,133,1607,,50448,50452,10764,10768,4,df3f619804a92fdb4057192dc43dd748ea778adc52bc498ce80524c014b81119,00000000,,,,,False,,,,,,,,,,False,False
/application/zukanlist/zkn_data/zukan_enc_platinum.narc,/application/zukanlist/zkn_data/zukan_enc_platinum.narc!/member_01608,0,/application/zukanlist/zkn_data/zukan_enc_platinum.narc,133,1608,,50452,50456,10768,10772,4,df3f619804a92fdb4057192dc43dd748ea778adc52bc498ce80524c014b81119,00000000,,,,,False,,,,,,,,,,False,False
/application/zukanlist/zkn_data/zukan_enc_platinum.narc,/application/zukanlist/zkn_data/zukan_enc_platinum.narc!/member_01609,0,/application/zukanlist/zkn_data/zukan_enc_platinum.narc,133,1609,,50456,50460,10772,10776,4,df3f619804a92fdb4057192dc43dd748ea778adc52bc498ce80524c014b81119,00000000,,,,,False,,,,,,,,,,False,False
/application/zukanlist/zkn_data/zukan_enc_platinum.narc,/application/zukanlist/zkn_data/zukan_enc_platinum.narc!/member_01610,0,/application/zukanlist/zkn_data/zukan_enc_platinum.narc,133,1610,,50460,50464,10776,10780,4,df3f619804a92fdb4057192dc43dd748ea778adc52bc498ce80524c014b81119,00000000,,,,,False,,,,,,,,,,False,False
/application/zukanlist/zkn_data/zukan_enc_platinum.narc,/application/zukanlist/zkn_data/zukan_enc_platinum.narc!/member_01611,0,/application/zukanlist/zkn_data/zukan_enc_platinum.narc,133,1611,,50464,50468,10780,10784,4,df3f619804a92fdb4057192dc43dd748ea778adc52bc498ce80524c014b81119,00000000,,,,,False,,,,,,,,,,False,False
/application/zukanlist/zkn_data/zukan_enc_platinum.narc,/application/zukanlist/zkn_data/zukan_enc_platinum.narc!/member_01612,0,/application/zukanlist/zkn_data/zukan_enc_platinum.narc,133,1612,,50468,50472,10784,10788,4,df3f619804a92fdb4057192dc43dd748ea778adc52bc498ce80524c014b81119,00000000,,,,,False,,,,,,,,,,False,False
/application/zukanlist/zkn_data/zukan_enc_platinum.narc,/application/zukanlist/zkn_data/zukan_enc_platinum.narc!/member_01613,0,/application/zukanlist/zkn_data/zukan_enc_platinum.narc,133,1613,,50472,50476,10788,10792,4,df3f619804a92fdb4057192dc43dd748ea778adc52bc498ce80524c014b81119,00000000,,,,,False,,,,,,,,,,False,False
/application/zukanlist/zkn_data/zukan_enc_platinum.narc,/application/zukanlist/zkn_data/zukan_enc_platinum.narc!/member_01614,0,/application/zukanlist/zkn_data/zukan_enc_platinum.narc,133,1614,,50476,50480,10792,10796,4,df3f619804a92fdb4057192dc43dd748ea778adc52bc498ce80524c014b81119,00000000,,,,,False,,,,,,,,,,False,False
/application/zukanlist/zkn_data/zukan_enc_platinum.narc,/application/zukanlist/zkn_data/zukan_enc_platinum.narc!/member_01615,0,/application/zukanlist/zkn_data/zukan_enc_platinum.narc,133,1615,,50480,50484,10796,10800,4,df3f619804a92fdb4057192dc43dd748ea778adc52bc498ce80524c014b81119,00000000,,,,,False,,,,,,,,,,False,False
/application/zukanlist/zkn_data/zukan_enc_platinum.narc,/application/zukanlist/zkn_data/zukan_enc_platinum.narc!/member_01616,0,/application/zukanlist/zkn_data/zukan_enc_platinum.narc,133,1616,,50484,50488,10800,10804,4,df3f619804a92fdb4057192dc43dd748ea778adc52bc498ce80524c014b81119,00000000,,,,,False,,,,,,,,,,False,False
/application/zukanlist/zkn_data/zukan_enc_platinum.narc,/application/zukanlist/zkn_data/zukan_enc_platinum.narc!/member_01617,0,/application/zukanlist/zkn_data/zukan_enc_platinum.narc,133,1617,,50488,50492,10804,10808,4,df3f619804a92fdb4057192dc43dd748ea778adc52bc498ce80524c014b81119,00000000,,,,,False,,,,,,,,,,False,False
/application/zukanlist/zkn_data/zukan_enc_platinum.narc,/application/zukanlist/zkn_data/zukan_enc_platinum.narc!/member_01618,0,/application/zukanlist/zkn_data/zukan_enc_platinum.narc,133,1618,,50492,50496,10808,10812,4,df3f619804a92fdb4057192dc43dd748ea778adc52bc498ce80524c014b81119,00000000,,,,,False,,,,,,,,,,False,False
/application/zukanlist/zkn_data/zukan_enc_platinum.narc,/application/zukanlist/zkn_data/zukan_enc_platinum.narc!/member_01619,0,/application/zukanlist/zkn_data/zukan_enc_platinum.narc,133,1619,,50496,50500,10812,10816,4,df3f619804a92fdb4057192dc43dd748ea778adc52bc498ce80524c014b81119,00000000,,,,,False,,,,,,,,,,False,False
/application/zukanlist/zkn_data/zukan_enc_platinum.narc,/application/zukanlist/zkn_data/zukan_enc_platinum.narc!/member_01620,0,/application/zukanlist/zkn_data/zukan_enc_platinum.narc,133,1620,,50500,50504,10816,10820,4,df3f619804a92fdb4057192dc43dd748ea778adc52bc498ce80524c014b81119,00000000,,,,,False,,,,,,,,,,False,False
/application/zukanlist/zkn_data/zukan_enc_platinum.narc,/application/zukanlist/zkn_data/zukan_enc_platinum.narc!/member_01621,0,/application/zukanlist/zkn_data/zukan_enc_platinum.narc,133,1621,,50504,50508,10820,10824,4,df3f619804a92fdb4057192dc43dd748ea778adc52bc498ce80524c014b81119,00000000,,,,,False,,,,,,,,,,False,False
/application/zukanlist/zkn_data/zukan_enc_platinum.narc,/application/zukanlist/zkn_data/zukan_enc_platinum.narc!/member_01622,0,/application/zukanlist/zkn_data/zukan_enc_platinum.narc,133,1622,,50508,50512,10824,10828,4,df3f619804a92fdb4057192dc43dd748ea778adc52bc498ce80524c014b81119,00000000,,,,,False,,,,,,,,,,False,False
/application/zukanlist/zkn_data/zukan_enc_platinum.narc,/application/zukanlist/zkn_data/zukan_enc_platinum.narc!/member_01623,0,/application/zukanlist/zkn_data/zukan_enc_platinum.narc,133,1623,,50512,50516,10828,10832,4,df3f619804a92fdb4057192dc43dd748ea778adc52bc498ce80524c014b81119,00000000,,,,,False,,,,,,,,,,False,False
/application/zukanlist/zkn_data/zukan_enc_platinum.narc,/application/zukanlist/zkn_data/zukan_enc_platinum.narc!/member_01624,0,/application/zukanlist/zkn_data/zukan_enc_platinum.narc,133,1624,,50516,50520,10832,10836,4,df3f619804a92fdb4057192dc43dd748ea778adc52bc498ce80524c014b81119,00000000,,,,,False,,,,,,,,,,False,False
/application/zukanlist/zkn_data/zukan_enc_platinum.narc,/application/zukanlist/zkn_data/zukan_enc_platinum.narc!/member_01625,0,/application/zukanlist/zkn_data/zukan_enc_platinum.narc,133,1625,,50520,50524,10836,10840,4,df3f619804a92fdb4057192dc43dd748ea778adc52bc498ce80524c014b81119,00000000,,,,,False,,,,,,,,,,False,False
/application/zukanlist/zkn_data/zukan_enc_platinum.narc,/application/zukanlist/zkn_data/zukan_enc_platinum.narc!/member_01626,0,/application/zukanlist/zkn_data/zukan_enc_platinum.narc,133,1626,,50524,50528,10840,10844,4,df3f619804a92fdb4057192dc43dd748ea778adc52bc498ce80524c014b81119,00000000,,,,,False,,,,,,,,,,False,False
/application/zukanlist/zkn_data/zukan_enc_platinum.narc,/application/zukanlist/zkn_data/zukan_enc_platinum.narc!/member_01627,0,/application/zukanlist/zkn_data/zukan_enc_platinum.narc,133,1627,,50528,50532,10844,10848,4,df3f619804a92fdb4057192dc43dd748ea778adc52bc498ce80524c014b81119,00000000,,,,,False,,,,,,,,,,False,False
/application/zukanlist/zkn_data/zukan_enc_platinum.narc,/application/zukanlist/zkn_data/zukan_enc_platinum.narc!/member_01628,0,/application/zukanlist/zkn_data/zukan_enc_platinum.narc,133,1628,,50532,50536,10848,10852,4,df3f619804a92fdb4057192dc43dd748ea778adc52bc498ce80524c014b81119,00000000,,,,,False,,,,,,,,,,False,False
/application/zukanlist/zkn_data/zukan_enc_platinum.narc,/application/zukanlist/zkn_data/zukan_enc_platinum.narc!/member_01629,0,/application/zukanlist/zkn_data/zukan_enc_platinum.narc,133,1629,,50536,50540,10852,10856,4,df3f619804a92fdb4057192dc43dd748ea778adc52bc498ce80524c014b81119,00000000,,,,,False,,,,,,,,,,False,False
/application/zukanlist/zkn_data/zukan_enc_platinum.narc,/application/zukanlist/zkn_data/zukan_enc_platinum.narc!/member_01630,0,/application/zukanlist/zkn_data/zukan_enc_platinum.narc,133,1630,,50540,50544,10856,10860,4,df3f619804a92fdb4057192dc43dd748ea778adc52bc498ce80524c014b81119,00000000,,,,,False,,,,,,,,,,False,False
/application/zukanlist/zkn_data/zukan_enc_platinum.narc,/application/zukanlist/zkn_data/zukan_enc_platinum.narc!/member_01631,0,/application/zukanlist/zkn_data/zukan_enc_platinum.narc,133,1631,,50544,50548,10860,10864,4,df3f619804a92fdb4057192dc43dd748ea778adc52bc498ce80524c014b81119,00000000,,,,,False,,,,,,,,,,False,False
/application/zukanlist/zkn_data/zukan_enc_platinum.narc,/application/zukanlist/zkn_data/zukan_enc_platinum.narc!/member_01632,0,/application/zukanlist/zkn_data/zukan_enc_platinum.narc,133,1632,,50548,50552,10864,10868,4,df3f619804a92fdb4057192dc43dd748ea778adc52bc498ce80524c014b81119,00000000,,,,,False,,,,,,,,,,False,False
/application/zukanlist/zkn_data/zukan_enc_platinum.narc,/application/zukanlist/zkn_data/zukan_enc_platinum.narc!/member_01633,0,/application/zukanlist/zkn_data/zukan_enc_platinum.narc,133,1633,,50552,50556,10868,10872,4,df3f619804a92fdb4057192dc43dd748ea778adc52bc498ce80524c014b81119,00000000,,,,,False,,,,,,,,,,False,False
/application/zukanlist/zkn_data/zukan_enc_platinum.narc,/application/zukanlist/zkn_data/zukan_enc_platinum.narc!/member_01634,0,/application/zukanlist/zkn_data/zukan_enc_platinum.narc,133,1634,,50556,50560,10872,10876,4,df3f619804a92fdb4057192dc43dd748ea778adc52bc498ce80524c014b81119,00000000,,,,,False,,,,,,,,,,False,False
/application/zukanlist/zkn_data/zukan_enc_platinum.narc,/application/zukanlist/zkn_data/zukan_enc_platinum.narc!/member_01635,0,/application/zukanlist/zkn_data/zukan_enc_platinum.narc,133,1635,,50560,50564,10876,10880,4,df3f619804a92fdb4057192dc43dd748ea778adc52bc498ce80524c014b81119,00000000,,,,,False,,,,,,,,,,False,False
/application/zukanlist/zkn_data/zukan_enc_platinum.narc,/application/zukanlist/zkn_data/zukan_enc_platinum.narc!/member_01636,0,/application/zukanlist/zkn_data/zukan_enc_platinum.narc,133,1636,,50564,50568,10880,10884,4,df3f619804a92fdb4057192dc43dd748ea778adc52bc498ce80524c014b81119,00000000,,,,,False,,,,,,,,,,False,False
/application/zukanlist/zkn_data/zukan_enc_platinum.narc,/application/zukanlist/zkn_data/zukan_enc_platinum.narc!/member_01637,0,/application/zukanlist/zkn_data/zukan_enc_platinum.narc,133,1637,,50568,50572,10884,10888,4,df3f619804a92fdb4057192dc43dd748ea778adc52bc498ce80524c014b81119,00000000,,,,,False,,,,,,,,,,False,False
/application/zukanlist/zkn_data/zukan_enc_platinum.narc,/application/zukanlist/zkn_data/zukan_enc_platinum.narc!/member_01638,0,/application/zukanlist/zkn_data/zukan_enc_platinum.narc,133,1638,,50572,50576,10888,10892,4,df3f619804a92fdb4057192dc43dd748ea778adc52bc498ce80524c014b81119,00000000,,,,,False,,,,,,,,,,False,False
/application/zukanlist/zkn_data/zukan_enc_platinum.narc,/application/zukanlist/zkn_data/zukan_enc_platinum.narc!/member_01639,0,/application/zukanlist/zkn_data/zukan_enc_platinum.narc,133,1639,,50576,50580,10892,10896,4,df3f619804a92fdb4057192dc43dd748ea778adc52bc498ce80524c014b81119,00000000,,,,,False,,,,,,,,,,False,False
/application/zukanlist/zkn_data/zukan_enc_platinum.narc,/application/zukanlist/zkn_data/zukan_enc_platinum.narc!/member_01640,0,/application/zukanlist/zkn_data/zukan_enc_platinum.narc,133,1640,,50580,50584,10896,10900,4,df3f619804a92fdb4057192dc43dd748ea778adc52bc498ce80524c014b81119,00000000,,,,,False,,,,,,,,,,False,False
/application/zukanlist/zkn_data/zukan_enc_platinum.narc,/application/zukanlist/zkn_data/zukan_enc_platinum.narc!/member_01641,0,/application/zukanlist/zkn_data/zukan_enc_platinum.narc,133,1641,,50584,50588,10900,10904,4,df3f619804a92fdb4057192dc43dd748ea778adc52bc498ce80524c014b81119,00000000,,,,,False,,,,,,,,,,False,False
/application/zukanlist/zkn_data/zukan_enc_platinum.narc,/application/zukanlist/zkn_data/zukan_enc_platinum.narc!/member_01642,0,/application/zukanlist/zkn_data/zukan_enc_platinum.narc,133,1642,,50588,50592,10904,10908,4,df3f619804a92fdb4057192dc43dd748ea778adc52bc498ce80524c014b81119,00000000,,,,,False,,,,,,,,,,False,False
/application/zukanlist/zkn_data/zukan_enc_platinum.narc,/application/zukanlist/zkn_data/zukan_enc_platinum.narc!/member_01643,0,/application/zukanlist/zkn_data/zukan_enc_platinum.narc,133,1643,,50592,50596,10908,10912,4,df3f619804a92fdb4057192dc43dd748ea778adc52bc498ce80524c014b81119,00000000,,,,,False,,,,,,,,,,False,False
/application/zukanlist/zkn_data/zukan_enc_platinum.narc,/application/zukanlist/zkn_data/zukan_enc_platinum.narc!/member_01644,0,/application/zukanlist/zkn_data/zukan_enc_platinum.narc,133,1644,,50596,50600,10912,10916,4,df3f619804a92fdb4057192dc43dd748ea778adc52bc498ce80524c014b81119,00000000,,,,,False,,,,,,,,,,False,False
/application/zukanlist/zkn_data/zukan_enc_platinum.narc,/application/zukanlist/zkn_data/zukan_enc_platinum.narc!/member_01645,0,/application/zukanlist/zkn_data/zukan_enc_platinum.narc,133,1645,,50600,50604,10916,10920,4,df3f619804a92fdb4057192dc43dd748ea778adc52bc498ce80524c014b81119,00000000,,,,,False,,,,,,,,,,False,False
/application/zukanlist/zkn_data/zukan_enc_platinum.narc,/application/zukanlist/zkn_data/zukan_enc_platinum.narc!/member_01646,0,/application/zukanlist/zkn_data/zukan_enc_platinum.narc,133,1646,,50604,50608,10920,10924,4,df3f619804a92fdb4057192dc43dd748ea778adc52bc498ce80524c014b81119,00000000,,,,,False,,,,,,,,,,False,False
/application/zukanlist/zkn_data/zukan_enc_platinum.narc,/application/zukanlist/zkn_data/zukan_enc_platinum.narc!/member_01647,0,/application/zukanlist/zkn_data/zukan_enc_platinum.narc,133,1647,,50608,50612,10924,10928,4,df3f619804a92fdb4057192dc43dd748ea778adc52bc498ce80524c014b81119,00000000,,,,,False,,,,,,,,,,False,False
/application/zukanlist/zkn_data/zukan_enc_platinum.narc,/application/zukanlist/zkn_data/zukan_enc_platinum.narc!/member_01648,0,/application/zukanlist/zkn_data/zukan_enc_platinum.narc,133,1648,,50612,50616,10928,10932,4,df3f619804a92fdb4057192dc43dd748ea778adc52bc498ce80524c014b81119,00000000,,,,,False,,,,,,,,,,False,False
/application/zukanlist/zkn_data/zukan_enc_platinum.narc,/application/zukanlist/zkn_data/zukan_enc_platinum.narc!/member_01649,0,/application/zukanlist/zkn_data/zukan_enc_platinum.narc,133,1649,,50616,50620,10932,10936,4,df3f619804a92fdb4057192dc43dd748ea778adc52bc498ce80524c014b81119,00000000,,,,,False,,,,,,,,,,False,False
/application/zukanlist/zkn_data/zukan_enc_platinum.narc,/application/zukanlist/zkn_data/zukan_enc_platinum.narc!/member_01650,0,/application/zukanlist/zkn_data/zukan_enc_platinum.narc,133,1650,,50620,50624,10936,10940,4,df3f619804a92fdb4057192dc43dd748ea778adc52bc498ce80524c014b81119,00000000,,,,,False,,,,,,,,,,False,False
/application/zukanlist/zkn_data/zukan_enc_platinum.narc,/application/zukanlist/zkn_data/zukan_enc_platinum.narc!/member_01651,0,/application/zukanlist/zkn_data/zukan_enc_platinum.narc,133,1651,,50624,50628,10940,10944,4,df3f619804a92fdb4057192dc43dd748ea778adc52bc498ce80524c014b81119,00000000,,,,,False,,,,,,,,,,False,False
/application/zukanlist/zkn_data/zukan_enc_platinum.narc,/application/zukanlist/zkn_data/zukan_enc_platinum.narc!/member_01652,0,/application/zukanlist/zkn_data/zukan_enc_platinum.narc,133,1652,,50628,50632,10944,10948,4,df3f619804a92fdb4057192dc43dd748ea778adc52bc498ce80524c014b81119,00000000,,,,,False,,,,,,,,,,False,False
/application/zukanlist/zkn_data/zukan_enc_platinum.narc,/application/zukanlist/zkn_data/zukan_enc_platinum.narc!/member_01653,0,/application/zukanlist/zkn_data/zukan_enc_platinum.narc,133,1653,,50632,50636,10948,10952,4,df3f619804a92fdb4057192dc43dd748ea778adc52bc498ce80524c014b81119,00000000,,,,,False,,,,,,,,,,False,False
/application/zukanlist/zkn_data/zukan_enc_platinum.narc,/application/zukanlist/zkn_data/zukan_enc_platinum.narc!/member_01654,0,/application/zukanlist/zkn_data/zukan_enc_platinum.narc,133,1654,,50636,50640,10952,10956,4,df3f619804a92fdb4057192dc43dd748ea778adc52bc498ce80524c014b81119,00000000,,,,,False,,,,,,,,,,False,False
/application/zukanlist/zkn_data/zukan_enc_platinum.narc,/application/zukanlist/zkn_data/zukan_enc_platinum.narc!/member_01655,0,/application/zukanlist/zkn_data/zukan_enc_platinum.narc,133,1655,,50640,50644,10956,10960,4,df3f619804a92fdb4057192dc43dd748ea778adc52bc498ce80524c014b81119,00000000,,,,,False,,,,,,,,,,False,False
/application/zukanlist/zkn_data/zukan_enc_platinum.narc,/application/zukanlist/zkn_data/zukan_enc_platinum.narc!/member_01656,0,/application/zukanlist/zkn_data/zukan_enc_platinum.narc,133,1656,,50644,50648,10960,10964,4,df3f619804a92fdb4057192dc43dd748ea778adc52bc498ce80524c014b81119,00000000,,,,,False,,,,,,,,,,False,False
/application/zukanlist/zkn_data/zukan_enc_platinum.narc,/application/zukanlist/zkn_data/zukan_enc_platinum.narc!/member_01657,0,/application/zukanlist/zkn_data/zukan_enc_platinum.narc,133,1657,,50648,50652,10964,10968,4,df3f619804a92fdb4057192dc43dd748ea778adc52bc498ce80524c014b81119,00000000,,,,,False,,,,,,,,,,False,False
/application/zukanlist/zkn_data/zukan_enc_platinum.narc,/application/zukanlist/zkn_data/zukan_enc_platinum.narc!/member_01658,0,/application/zukanlist/zkn_data/zukan_enc_platinum.narc,133,1658,,50652,50656,10968,10972,4,df3f619804a92fdb4057192dc43dd748ea778adc52bc498ce80524c014b81119,00000000,,,,,False,,,,,,,,,,False,False
/application/zukanlist/zkn_data/zukan_enc_platinum.narc,/application/zukanlist/zkn_data/zukan_enc_platinum.narc!/member_01659,0,/application/zukanlist/zkn_data/zukan_enc_platinum.narc,133,1659,,50656,50660,10972,10976,4,df3f619804a92fdb4057192dc43dd748ea778adc52bc498ce80524c014b81119,00000000,,,,,False,,,,,,,,,,False,False
/application/zukanlist/zkn_data/zukan_enc_platinum.narc,/application/zukanlist/zkn_data/zukan_enc_platinum.narc!/member_01660,0,/application/zukanlist/zkn_data/zukan_enc_platinum.narc,133,1660,,50660,50664,10976,10980,4,df3f619804a92fdb4057192dc43dd748ea778adc52bc498ce80524c014b81119,00000000,,,,,False,,,,,,,,,,False,False
/application/zukanlist/zkn_data/zukan_enc_platinum.narc,/application/zukanlist/zkn_data/zukan_enc_platinum.narc!/member_01661,0,/application/zukanlist/zkn_data/zukan_enc_platinum.narc,133,1661,,50664,50668,10980,10984,4,df3f619804a92fdb4057192dc43dd748ea778adc52bc498ce80524c014b81119,00000000,,,,,False,,,,,,,,,,False,False
/application/zukanlist/zkn_data/zukan_enc_platinum.narc,/application/zukanlist/zkn_data/zukan_enc_platinum.narc!/member_01662,0,/application/zukanlist/zkn_data/zukan_enc_platinum.narc,133,1662,,50668,50672,10984,10988,4,df3f619804a92fdb4057192dc43dd748ea778adc52bc498ce80524c014b81119,00000000,,,,,False,,,,,,,,,,False,False
/application/zukanlist/zkn_data/zukan_enc_platinum.narc,/application/zukanlist/zkn_data/zukan_enc_platinum.narc!/member_01663,0,/application/zukanlist/zkn_data/zukan_enc_platinum.narc,133,1663,,50672,50676,10988,10992,4,df3f619804a92fdb4057192dc43dd748ea778adc52bc498ce80524c014b81119,00000000,,,,,False,,,,,,,,,,False,False
/application/zukanlist/zkn_data/zukan_enc_platinum.narc,/application/zukanlist/zkn_data/zukan_enc_platinum.narc!/member_01664,0,/application/zukanlist/zkn_data/zukan_enc_platinum.narc,133,1664,,50676,50680,10992,10996,4,df3f619804a92fdb4057192dc43dd748ea778adc52bc498ce80524c014b81119,00000000,,,,,False,,,,,,,,,,False,False
/application/zukanlist/zkn_data/zukan_enc_platinum.narc,/application/zukanlist/zkn_data/zukan_enc_platinum.narc!/member_01665,0,/application/zukanlist/zkn_data/zukan_enc_platinum.narc,133,1665,,50680,50684,10996,11000,4,df3f619804a92fdb4057192dc43dd748ea778adc52bc498ce80524c014b81119,00000000,,,,,False,,,,,,,,,,False,False
/application/zukanlist/zkn_data/zukan_enc_platinum.narc,/application/zukanlist/zkn_data/zukan_enc_platinum.narc!/member_01666,0,/application/zukanlist/zkn_data/zukan_enc_platinum.narc,133,1666,,50684,50688,11000,11004,4,df3f619804a92fdb4057192dc43dd748ea778adc52bc498ce80524c014b81119,00000000,,,,,False,,,,,,,,,,False,False
/application/zukanlist/zkn_data/zukan_enc_platinum.narc,/application/zukanlist/zkn_data/zukan_enc_platinum.narc!/member_01667,0,/application/zukanlist/zkn_data/zukan_enc_platinum.narc,133,1667,,50688,50692,11004,11008,4,df3f619804a92fdb4057192dc43dd748ea778adc52bc498ce80524c014b81119,00000000,,,,,False,,,,,,,,,,False,False
/application/zukanlist/zkn_data/zukan_enc_platinum.narc,/application/zukanlist/zkn_data/zukan_enc_platinum.narc!/member_01668,0,/application/zukanlist/zkn_data/zukan_enc_platinum.narc,133,1668,,50692,50696,11008,11012,4,df3f619804a92fdb4057192dc43dd748ea778adc52bc498ce80524c014b81119,00000000,,,,,False,,,,,,,,,,False,False
/application/zukanlist/zkn_data/zukan_enc_platinum.narc,/application/zukanlist/zkn_data/zukan_enc_platinum.narc!/member_01669,0,/application/zukanlist/zkn_data/zukan_enc_platinum.narc,133,1669,,50696,50700,11012,11016,4,df3f619804a92fdb4057192dc43dd748ea778adc52bc498ce80524c014b81119,00000000,,,,,False,,,,,,,,,,False,False
/application/zukanlist/zkn_data/zukan_enc_platinum.narc,/application/zukanlist/zkn_data/zukan_enc_platinum.narc!/member_01670,0,/application/zukanlist/zkn_data/zukan_enc_platinum.narc,133,1670,,50700,50704,11016,11020,4,df3f619804a92fdb4057192dc43dd748ea778adc52bc498ce80524c014b81119,00000000,,,,,False,,,,,,,,,,False,False
/application/zukanlist/zkn_data/zukan_enc_platinum.narc,/application/zukanlist/zkn_data/zukan_enc_platinum.narc!/member_01671,0,/application/zukanlist/zkn_data/zukan_enc_platinum.narc,133,1671,,50704,50708,11020,11024,4,df3f619804a92fdb4057192dc43dd748ea778adc52bc498ce80524c014b81119,00000000,,,,,False,,,,,,,,,,False,False
/application/zukanlist/zkn_data/zukan_enc_platinum.narc,/application/zukanlist/zkn_data/zukan_enc_platinum.narc!/member_01672,0,/application/zukanlist/zkn_data/zukan_enc_platinum.narc,133,1672,,50708,50712,11024,11028,4,df3f619804a92fdb4057192dc43dd748ea778adc52bc498ce80524c014b81119,00000000,,,,,False,,,,,,,,,,False,False
/application/zukanlist/zkn_data/zukan_enc_platinum.narc,/application/zukanlist/zkn_data/zukan_enc_platinum.narc!/member_01673,0,/application/zukanlist/zkn_data/zukan_enc_platinum.narc,133,1673,,50712,50716,11028,11032,4,df3f619804a92fdb4057192dc43dd748ea778adc52bc498ce80524c014b81119,00000000,,,,,False,,,,,,,,,,False,False
/application/zukanlist/zkn_data/zukan_enc_platinum.narc,/application/zukanlist/zkn_data/zukan_enc_platinum.narc!/member_01674,0,/application/zukanlist/zkn_data/zukan_enc_platinum.narc,133,1674,,50716,50720,11032,11036,4,df3f619804a92fdb4057192dc43dd748ea778adc52bc498ce80524c014b81119,00000000,,,,,False,,,,,,,,,,False,False
/application/zukanlist/zkn_data/zukan_enc_platinum.narc,/application/zukanlist/zkn_data/zukan_enc_platinum.narc!/member_01675,0,/application/zukanlist/zkn_data/zukan_enc_platinum.narc,133,1675,,50720,50724,11036,11040,4,df3f619804a92fdb4057192dc43dd748ea778adc52bc498ce80524c014b81119,00000000,,,,,False,,,,,,,,,,False,False
/application/zukanlist/zkn_data/zukan_enc_platinum.narc,/application/zukanlist/zkn_data/zukan_enc_platinum.narc!/member_01676,0,/application/zukanlist/zkn_data/zukan_enc_platinum.narc,133,1676,,50724,50728,11040,11044,4,df3f619804a92fdb4057192dc43dd748ea778adc52bc498ce80524c014b81119,00000000,,,,,False,,,,,,,,,,False,False
/application/zukanlist/zkn_data/zukan_enc_platinum.narc,/application/zukanlist/zkn_data/zukan_enc_platinum.narc!/member_01677,0,/application/zukanlist/zkn_data/zukan_enc_platinum.narc,133,1677,,50728,50732,11044,11048,4,df3f619804a92fdb4057192dc43dd748ea778adc52bc498ce80524c014b81119,00000000,,,,,False,,,,,,,,,,False,False
/application/zukanlist/zkn_data/zukan_enc_platinum.narc,/application/zukanlist/zkn_data/zukan_enc_platinum.narc!/member_01678,0,/application/zukanlist/zkn_data/zukan_enc_platinum.narc,133,1678,,50732,50736,11048,11052,4,df3f619804a92fdb4057192dc43dd748ea778adc52bc498ce80524c014b81119,00000000,,,,,False,,,,,,,,,,False,False
/application/zukanlist/zkn_data/zukan_enc_platinum.narc,/application/zukanlist/zkn_data/zukan_enc_platinum.narc!/member_01679,0,/application/zukanlist/zkn_data/zukan_enc_platinum.narc,133,1679,,50736,50744,11052,11060,8,debcea1f166010e428df48387304e45c0bf7843a1fa7f1beb38f852228df789b,1500000000000000,,,,,False,,,,,,,,,,False,False
/application/zukanlist/zkn_data/zukan_enc_platinum.narc,/application/zukanlist/zkn_data/zukan_enc_platinum.narc!/member_01680,0,/application/zukanlist/zkn_data/zukan_enc_platinum.narc,133,1680,,50744,50748,11060,11064,4,df3f619804a92fdb4057192dc43dd748ea778adc52bc498ce80524c014b81119,00000000,,,,,False,,,,,,,,,,False,False
/application/zukanlist/zkn_data/zukan_enc_platinum.narc,/application/zukanlist/zkn_data/zukan_enc_platinum.narc!/member_01681,0,/application/zukanlist/zkn_data/zukan_enc_platinum.narc,133,1681,,50748,50752,11064,11068,4,df3f619804a92fdb4057192dc43dd748ea778adc52bc498ce80524c014b81119,00000000,,,,,False,,,,,,,,,,False,False
/application/zukanlist/zkn_data/zukan_enc_platinum.narc,/application/zukanlist/zkn_data/zukan_enc_platinum.narc!/member_01682,0,/application/zukanlist/zkn_data/zukan_enc_platinum.narc,133,1682,,50752,50760,11068,11076,8,f0a0278e4372459cca6159cd5e71cfee638302a7b9ca9b05c34181ac0a65ac5d,0400000000000000,,,,,False,,,,,,,,,,False,False
/application/zukanlist/zkn_data/zukan_enc_platinum.narc,/application/zukanlist/zkn_data/zukan_enc_platinum.narc!/member_01683,0,/application/zukanlist/zkn_data/zukan_enc_platinum.narc,133,1683,,50760,50768,11076,11084,8,f0a0278e4372459cca6159cd5e71cfee638302a7b9ca9b05c34181ac0a65ac5d,0400000000000000,,,,,False,,,,,,,,,,False,False
/application/zukanlist/zkn_data/zukan_enc_platinum.narc,/application/zukanlist/zkn_data/zukan_enc_platinum.narc!/member_01684,0,/application/zukanlist/zkn_data/zukan_enc_platinum.narc,133,1684,,50768,50776,11084,11092,8,f0a0278e4372459cca6159cd5e71cfee638302a7b9ca9b05c34181ac0a65ac5d,0400000000000000,,,,,False,,,,,,,,,,False,False
/application/zukanlist/zkn_data/zukan_enc_platinum.narc,/application/zukanlist/zkn_data/zukan_enc_platinum.narc!/member_01685,0,/application/zukanlist/zkn_data/zukan_enc_platinum.narc,133,1685,,50776,50780,11092,11096,4,df3f619804a92fdb4057192dc43dd748ea778adc52bc498ce80524c014b81119,00000000,,,,,False,,,,,,,,,,False,False
/application/zukanlist/zkn_data/zukan_enc_platinum.narc,/application/zukanlist/zkn_data/zukan_enc_platinum.narc!/member_01686,0,/application/zukanlist/zkn_data/zukan_enc_platinum.narc,133,1686,,50780,50784,11096,11100,4,df3f619804a92fdb4057192dc43dd748ea778adc52bc498ce80524c014b81119,00000000,,,,,False,,,,,,,,,,False,False
/application/zukanlist/zkn_data/zukan_enc_platinum.narc,/application/zukanlist/zkn_data/zukan_enc_platinum.narc!/member_01687,0,/application/zukanlist/zkn_data/zukan_enc_platinum.narc,133,1687,,50784,50788,11100,11104,4,df3f619804a92fdb4057192dc43dd748ea778adc52bc498ce80524c014b81119,00000000,,,,,False,,,,,,,,,,False,False
/application/zukanlist/zkn_data/zukan_enc_platinum.narc,/application/zukanlist/zkn_data/zukan_enc_platinum.narc!/member_01688,0,/application/zukanlist/zkn_data/zukan_enc_platinum.narc,133,1688,,50788,50792,11104,11108,4,df3f619804a92fdb4057192dc43dd748ea778adc52bc498ce80524c014b81119,00000000,,,,,False,,,,,,,,,,False,False
/application/zukanlist/zkn_data/zukan_enc_platinum.narc,/application/zukanlist/zkn_data/zukan_enc_platinum.narc!/member_01689,0,/application/zukanlist/zkn_data/zukan_enc_platinum.narc,133,1689,,50792,50796,11108,11112,4,df3f619804a92fdb4057192dc43dd748ea778adc52bc498ce80524c014b81119,00000000,,,,,False,,,,,,,,,,False,False
/application/zukanlist/zkn_data/zukan_enc_platinum.narc,/application/zukanlist/zkn_data/zukan_enc_platinum.narc!/member_01690,0,/application/zukanlist/zkn_data/zukan_enc_platinum.narc,133,1690,,50796,50800,11112,11116,4,df3f619804a92fdb4057192dc43dd748ea778adc52bc498ce80524c014b81119,00000000,,,,,False,,,,,,,,,,False,False
/application/zukanlist/zkn_data/zukan_enc_platinum.narc,/application/zukanlist/zkn_data/zukan_enc_platinum.narc!/member_01691,0,/application/zukanlist/zkn_data/zukan_enc_platinum.narc,133,1691,,50800,50804,11116,11120,4,df3f619804a92fdb4057192dc43dd748ea778adc52bc498ce80524c014b81119,00000000,,,,,False,,,,,,,,,,False,False
/application/zukanlist/zkn_data/zukan_enc_platinum.narc,/application/zukanlist/zkn_data/zukan_enc_platinum.narc!/member_01692,0,/application/zukanlist/zkn_data/zukan_enc_platinum.narc,133,1692,,50804,50808,11120,11124,4,df3f619804a92fdb4057192dc43dd748ea778adc52bc498ce80524c014b81119,00000000,,,,,False,,,,,,,,,,False,False
/application/zukanlist/zkn_data/zukan_enc_platinum.narc,/application/zukanlist/zkn_data/zukan_enc_platinum.narc!/member_01693,0,/application/zukanlist/zkn_data/zukan_enc_platinum.narc,133,1693,,50808,50812,11124,11128,4,df3f619804a92fdb4057192dc43dd748ea778adc52bc498ce80524c014b81119,00000000,,,,,False,,,,,,,,,,False,False
/application/zukanlist/zkn_data/zukan_enc_platinum.narc,/application/zukanlist/zkn_data/zukan_enc_platinum.narc!/member_01694,0,/application/zukanlist/zkn_data/zukan_enc_platinum.narc,133,1694,,50812,50816,11128,11132,4,df3f619804a92fdb4057192dc43dd748ea778adc52bc498ce80524c014b81119,00000000,,,,,False,,,,,,,,,,False,False
/application/zukanlist/zkn_data/zukan_enc_platinum.narc,/application/zukanlist/zkn_data/zukan_enc_platinum.narc!/member_01695,0,/application/zukanlist/zkn_data/zukan_enc_platinum.narc,133,1695,,50816,50820,11132,11136,4,df3f619804a92fdb4057192dc43dd748ea778adc52bc498ce80524c014b81119,00000000,,,,,False,,,,,,,,,,False,False
/application/zukanlist/zkn_data/zukan_enc_platinum.narc,/application/zukanlist/zkn_data/zukan_enc_platinum.narc!/member_01696,0,/application/zukanlist/zkn_data/zukan_enc_platinum.narc,133,1696,,50820,50824,11136,11140,4,df3f619804a92fdb4057192dc43dd748ea778adc52bc498ce80524c014b81119,00000000,,,,,False,,,,,,,,,,False,False
/application/zukanlist/zkn_data/zukan_enc_platinum.narc,/application/zukanlist/zkn_data/zukan_enc_platinum.narc!/member_01697,0,/application/zukanlist/zkn_data/zukan_enc_platinum.narc,133,1697,,50824,50828,11140,11144,4,df3f619804a92fdb4057192dc43dd748ea778adc52bc498ce80524c014b81119,00000000,,,,,False,,,,,,,,,,False,False
/application/zukanlist/zkn_data/zukan_enc_platinum.narc,/application/zukanlist/zkn_data/zukan_enc_platinum.narc!/member_01698,0,/application/zukanlist/zkn_data/zukan_enc_platinum.narc,133,1698,,50828,50832,11144,11148,4,df3f619804a92fdb4057192dc43dd748ea778adc52bc498ce80524c014b81119,00000000,,,,,False,,,,,,,,,,False,False
/application/zukanlist/zkn_data/zukan_enc_platinum.narc,/application/zukanlist/zkn_data/zukan_enc_platinum.narc!/member_01699,0,/application/zukanlist/zkn_data/zukan_enc_platinum.narc,133,1699,,50832,50836,11148,11152,4,df3f619804a92fdb4057192dc43dd748ea778adc52bc498ce80524c014b81119,00000000,,,,,False,,,,,,,,,,False,False
/application/zukanlist/zkn_data/zukan_enc_platinum.narc,/application/zukanlist/zkn_data/zukan_enc_platinum.narc!/member_01700,0,/application/zukanlist/zkn_data/zukan_enc_platinum.narc,133,1700,,50836,50840,11152,11156,4,df3f619804a92fdb4057192dc43dd748ea778adc52bc498ce80524c014b81119,00000000,,,,,False,,,,,,,,,,False,False
/application/zukanlist/zkn_data/zukan_enc_platinum.narc,/application/zukanlist/zkn_data/zukan_enc_platinum.narc!/member_01701,0,/application/zukanlist/zkn_data/zukan_enc_platinum.narc,133,1701,,50840,50844,11156,11160,4,df3f619804a92fdb4057192dc43dd748ea778adc52bc498ce80524c014b81119,00000000,,,,,False,,,,,,,,,,False,False
/application/zukanlist/zkn_data/zukan_enc_platinum.narc,/application/zukanlist/zkn_data/zukan_enc_platinum.narc!/member_01702,0,/application/zukanlist/zkn_data/zukan_enc_platinum.narc,133,1702,,50844,50848,11160,11164,4,df3f619804a92fdb4057192dc43dd748ea778adc52bc498ce80524c014b81119,00000000,,,,,False,,,,,,,,,,False,False
/application/zukanlist/zkn_data/zukan_enc_platinum.narc,/application/zukanlist/zkn_data/zukan_enc_platinum.narc!/member_01703,0,/application/zukanlist/zkn_data/zukan_enc_platinum.narc,133,1703,,50848,50856,11164,11172,8,debcea1f166010e428df48387304e45c0bf7843a1fa7f1beb38f852228df789b,1500000000000000,,,,,False,,,,,,,,,,False,False
/application/zukanlist/zkn_data/zukan_enc_platinum.narc,/application/zukanlist/zkn_data/zukan_enc_platinum.narc!/member_01704,0,/application/zukanlist/zkn_data/zukan_enc_platinum.narc,133,1704,,50856,50860,11172,11176,4,df3f619804a92fdb4057192dc43dd748ea778adc52bc498ce80524c014b81119,00000000,,,,,False,,,,,,,,,,False,False
/application/zukanlist/zkn_data/zukan_enc_platinum.narc,/application/zukanlist/zkn_data/zukan_enc_platinum.narc!/member_01705,0,/application/zukanlist/zkn_data/zukan_enc_platinum.narc,133,1705,,50860,50864,11176,11180,4,df3f619804a92fdb4057192dc43dd748ea778adc52bc498ce80524c014b81119,00000000,,,,,False,,,,,,,,,,False,False
/application/zukanlist/zkn_data/zukan_enc_platinum.narc,/application/zukanlist/zkn_data/zukan_enc_platinum.narc!/member_01706,0,/application/zukanlist/zkn_data/zukan_enc_platinum.narc,133,1706,,50864,50868,11180,11184,4,df3f619804a92fdb4057192dc43dd748ea778adc52bc498ce80524c014b81119,00000000,,,,,False,,,,,,,,,,False,False
/application/zukanlist/zkn_data/zukan_enc_platinum.narc,/application/zukanlist/zkn_data/zukan_enc_platinum.narc!/member_01707,0,/application/zukanlist/zkn_data/zukan_enc_platinum.narc,133,1707,,50868,50872,11184,11188,4,df3f619804a92fdb4057192dc43dd748ea778adc52bc498ce80524c014b81119,00000000,,,,,False,,,,,,,,,,False,False
/application/zukanlist/zkn_data/zukan_enc_platinum.narc,/application/zukanlist/zkn_data/zukan_enc_platinum.narc!/member_01708,0,/application/zukanlist/zkn_data/zukan_enc_platinum.narc,133,1708,,50872,50876,11188,11192,4,df3f619804a92fdb4057192dc43dd748ea778adc52bc498ce80524c014b81119,00000000,,,,,False,,,,,,,,,,False,False
/application/zukanlist/zkn_data/zukan_enc_platinum.narc,/application/zukanlist/zkn_data/zukan_enc_platinum.narc!/member_01709,0,/application/zukanlist/zkn_data/zukan_enc_platinum.narc,133,1709,,50876,50880,11192,11196,4,df3f619804a92fdb4057192dc43dd748ea778adc52bc498ce80524c014b81119,00000000,,,,,False,,,,,,,,,,False,False
/application/zukanlist/zkn_data/zukan_enc_platinum.narc,/application/zukanlist/zkn_data/zukan_enc_platinum.narc!/member_01710,0,/application/zukanlist/zkn_data/zukan_enc_platinum.narc,133,1710,,50880,50884,11196,11200,4,df3f619804a92fdb4057192dc43dd748ea778adc52bc498ce80524c014b81119,00000000,,,,,False,,,,,,,,,,False,False
/application/zukanlist/zkn_data/zukan_enc_platinum.narc,/application/zukanlist/zkn_data/zukan_enc_platinum.narc!/member_01711,0,/application/zukanlist/zkn_data/zukan_enc_platinum.narc,133,1711,,50884,50888,11200,11204,4,df3f619804a92fdb4057192dc43dd748ea778adc52bc498ce80524c014b81119,00000000,,,,,False,,,,,,,,,,False,False
/application/zukanlist/zkn_data/zukan_enc_platinum.narc,/application/zukanlist/zkn_data/zukan_enc_platinum.narc!/member_01712,0,/application/zukanlist/zkn_data/zukan_enc_platinum.narc,133,1712,,50888,50892,11204,11208,4,df3f619804a92fdb4057192dc43dd748ea778adc52bc498ce80524c014b81119,00000000,,,,,False,,,,,,,,,,False,False
/application/zukanlist/zkn_data/zukan_enc_platinum.narc,/application/zukanlist/zkn_data/zukan_enc_platinum.narc!/member_01713,0,/application/zukanlist/zkn_data/zukan_enc_platinum.narc,133,1713,,50892,50896,11208,11212,4,df3f619804a92fdb4057192dc43dd748ea778adc52bc498ce80524c014b81119,00000000,,,,,False,,,,,,,,,,False,False
/application/zukanlist/zkn_data/zukan_enc_platinum.narc,/application/zukanlist/zkn_data/zukan_enc_platinum.narc!/member_01714,0,/application/zukanlist/zkn_data/zukan_enc_platinum.narc,133,1714,,50896,50900,11212,11216,4,df3f619804a92fdb4057192dc43dd748ea778adc52bc498ce80524c014b81119,00000000,,,,,False,,,,,,,,,,False,False
/application/zukanlist/zkn_data/zukan_enc_platinum.narc,/application/zukanlist/zkn_data/zukan_enc_platinum.narc!/member_01715,0,/application/zukanlist/zkn_data/zukan_enc_platinum.narc,133,1715,,50900,50904,11216,11220,4,df3f619804a92fdb4057192dc43dd748ea778adc52bc498ce80524c014b81119,00000000,,,,,False,,,,,,,,,,False,False
/application/zukanlist/zkn_data/zukan_enc_platinum.narc,/application/zukanlist/zkn_data/zukan_enc_platinum.narc!/member_01716,0,/application/zukanlist/zkn_data/zukan_enc_platinum.narc,133,1716,,50904,50908,11220,11224,4,df3f619804a92fdb4057192dc43dd748ea778adc52bc498ce80524c014b81119,00000000,,,,,False,,,,,,,,,,False,False
/application/zukanlist/zkn_data/zukan_enc_platinum.narc,/application/zukanlist/zkn_data/zukan_enc_platinum.narc!/member_01717,0,/application/zukanlist/zkn_data/zukan_enc_platinum.narc,133,1717,,50908,50912,11224,11228,4,df3f619804a92fdb4057192dc43dd748ea778adc52bc498ce80524c014b81119,00000000,,,,,False,,,,,,,,,,False,False
/application/zukanlist/zkn_data/zukan_enc_platinum.narc,/application/zukanlist/zkn_data/zukan_enc_platinum.narc!/member_01718,0,/application/zukanlist/zkn_data/zukan_enc_platinum.narc,133,1718,,50912,50916,11228,11232,4,df3f619804a92fdb4057192dc43dd748ea778adc52bc498ce80524c014b81119,00000000,,,,,False,,,,,,,,,,False,False
/application/zukanlist/zkn_data/zukan_enc_platinum.narc,/application/zukanlist/zkn_data/zukan_enc_platinum.narc!/member_01719,0,/application/zukanlist/zkn_data/zukan_enc_platinum.narc,133,1719,,50916,50920,11232,11236,4,df3f619804a92fdb4057192dc43dd748ea778adc52bc498ce80524c014b81119,00000000,,,,,False,,,,,,,,,,False,False
/application/zukanlist/zkn_data/zukan_enc_platinum.narc,/application/zukanlist/zkn_data/zukan_enc_platinum.narc!/member_01720,0,/application/zukanlist/zkn_data/zukan_enc_platinum.narc,133,1720,,50920,50924,11236,11240,4,df3f619804a92fdb4057192dc43dd748ea778adc52bc498ce80524c014b81119,00000000,,,,,False,,,,,,,,,,False,False
/application/zukanlist/zkn_data/zukan_enc_platinum.narc,/application/zukanlist/zkn_data/zukan_enc_platinum.narc!/member_01721,0,/application/zukanlist/zkn_data/zukan_enc_platinum.narc,133,1721,,50924,50928,11240,11244,4,df3f619804a92fdb4057192dc43dd748ea778adc52bc498ce80524c014b81119,00000000,,,,,False,,,,,,,,,,False,False
/application/zukanlist/zkn_data/zukan_enc_platinum.narc,/application/zukanlist/zkn_data/zukan_enc_platinum.narc!/member_01722,0,/application/zukanlist/zkn_data/zukan_enc_platinum.narc,133,1722,,50928,50932,11244,11248,4,df3f619804a92fdb4057192dc43dd748ea778adc52bc498ce80524c014b81119,00000000,,,,,False,,,,,,,,,,False,False
/application/zukanlist/zkn_data/zukan_enc_platinum.narc,/application/zukanlist/zkn_data/zukan_enc_platinum.narc!/member_01723,0,/application/zukanlist/zkn_data/zukan_enc_platinum.narc,133,1723,,50932,50936,11248,11252,4,df3f619804a92fdb4057192dc43dd748ea778adc52bc498ce80524c014b81119,00000000,,,,,False,,,,,,,,,,False,False
/application/zukanlist/zkn_data/zukan_enc_platinum.narc,/application/zukanlist/zkn_data/zukan_enc_platinum.narc!/member_01724,0,/application/zukanlist/zkn_data/zukan_enc_platinum.narc,133,1724,,50936,50940,11252,11256,4,df3f619804a92fdb4057192dc43dd748ea778adc52bc498ce80524c014b81119,00000000,,,,,False,,,,,,,,,,False,False
/application/zukanlist/zkn_data/zukan_enc_platinum.narc,/application/zukanlist/zkn_data/zukan_enc_platinum.narc!/member_01725,0,/application/zukanlist/zkn_data/zukan_enc_platinum.narc,133,1725,,50940,50944,11256,11260,4,df3f619804a92fdb4057192dc43dd748ea778adc52bc498ce80524c014b81119,00000000,,,,,False,,,,,,,,,,False,False
/application/zukanlist/zkn_data/zukan_enc_platinum.narc,/application/zukanlist/zkn_data/zukan_enc_platinum.narc!/member_01726,0,/application/zukanlist/zkn_data/zukan_enc_platinum.narc,133,1726,,50944,50948,11260,11264,4,df3f619804a92fdb4057192dc43dd748ea778adc52bc498ce80524c014b81119,00000000,,,,,False,,,,,,,,,,False,False
/application/zukanlist/zkn_data/zukan_enc_platinum.narc,/application/zukanlist/zkn_data/zukan_enc_platinum.narc!/member_01727,0,/application/zukanlist/zkn_data/zukan_enc_platinum.narc,133,1727,,50948,50952,11264,11268,4,df3f619804a92fdb4057192dc43dd748ea778adc52bc498ce80524c014b81119,00000000,,,,,False,,,,,,,,,,False,False
/application/zukanlist/zkn_data/zukan_enc_platinum.narc,/application/zukanlist/zkn_data/zukan_enc_platinum.narc!/member_01728,0,/application/zukanlist/zkn_data/zukan_enc_platinum.narc,133,1728,,50952,50956,11268,11272,4,df3f619804a92fdb4057192dc43dd748ea778adc52bc498ce80524c014b81119,00000000,,,,,False,,,,,,,,,,False,False
/application/zukanlist/zkn_data/zukan_enc_platinum.narc,/application/zukanlist/zkn_data/zukan_enc_platinum.narc!/member_01729,0,/application/zukanlist/zkn_data/zukan_enc_platinum.narc,133,1729,,50956,50960,11272,11276,4,df3f619804a92fdb4057192dc43dd748ea778adc52bc498ce80524c014b81119,00000000,,,,,False,,,,,,,,,,False,False
/application/zukanlist/zkn_data/zukan_enc_platinum.narc,/application/zukanlist/zkn_data/zukan_enc_platinum.narc!/member_01730,0,/application/zukanlist/zkn_data/zukan_enc_platinum.narc,133,1730,,50960,50964,11276,11280,4,df3f619804a92fdb4057192dc43dd748ea778adc52bc498ce80524c014b81119,00000000,,,,,False,,,,,,,,,,False,False
/application/zukanlist/zkn_data/zukan_enc_platinum.narc,/application/zukanlist/zkn_data/zukan_enc_platinum.narc!/member_01731,0,/application/zukanlist/zkn_data/zukan_enc_platinum.narc,133,1731,,50964,50968,11280,11284,4,df3f619804a92fdb4057192dc43dd748ea778adc52bc498ce80524c014b81119,00000000,,,,,False,,,,,,,,,,False,False
/application/zukanlist/zkn_data/zukan_enc_platinum.narc,/application/zukanlist/zkn_data/zukan_enc_platinum.narc!/member_01732,0,/application/zukanlist/zkn_data/zukan_enc_platinum.narc,133,1732,,50968,50972,11284,11288,4,df3f619804a92fdb4057192dc43dd748ea778adc52bc498ce80524c014b81119,00000000,,,,,False,,,,,,,,,,False,False
/application/zukanlist/zkn_data/zukan_enc_platinum.narc,/application/zukanlist/zkn_data/zukan_enc_platinum.narc!/member_01733,0,/application/zukanlist/zkn_data/zukan_enc_platinum.narc,133,1733,,50972,50976,11288,11292,4,df3f619804a92fdb4057192dc43dd748ea778adc52bc498ce80524c014b81119,00000000,,,,,False,,,,,,,,,,False,False
/application/zukanlist/zkn_data/zukan_enc_platinum.narc,/application/zukanlist/zkn_data/zukan_enc_platinum.narc!/member_01734,0,/application/zukanlist/zkn_data/zukan_enc_platinum.narc,133,1734,,50976,50980,11292,11296,4,df3f619804a92fdb4057192dc43dd748ea778adc52bc498ce80524c014b81119,00000000,,,,,False,,,,,,,,,,False,False
/application/zukanlist/zkn_data/zukan_enc_platinum.narc,/application/zukanlist/zkn_data/zukan_enc_platinum.narc!/member_01735,0,/application/zukanlist/zkn_data/zukan_enc_platinum.narc,133,1735,,50980,50984,11296,11300,4,df3f619804a92fdb4057192dc43dd748ea778adc52bc498ce80524c014b81119,00000000,,,,,False,,,,,,,,,,False,False
/application/zukanlist/zkn_data/zukan_enc_platinum.narc,/application/zukanlist/zkn_data/zukan_enc_platinum.narc!/member_01736,0,/application/zukanlist/zkn_data/zukan_enc_platinum.narc,133,1736,,50984,50988,11300,11304,4,df3f619804a92fdb4057192dc43dd748ea778adc52bc498ce80524c014b81119,00000000,,,,,False,,,,,,,,,,False,False
/application/zukanlist/zkn_data/zukan_enc_platinum.narc,/application/zukanlist/zkn_data/zukan_enc_platinum.narc!/member_01737,0,/application/zukanlist/zkn_data/zukan_enc_platinum.narc,133,1737,,50988,50992,11304,11308,4,df3f619804a92fdb4057192dc43dd748ea778adc52bc498ce80524c014b81119,00000000,,,,,False,,,,,,,,,,False,False
/application/zukanlist/zkn_data/zukan_enc_platinum.narc,/application/zukanlist/zkn_data/zukan_enc_platinum.narc!/member_01738,0,/application/zukanlist/zkn_data/zukan_enc_platinum.narc,133,1738,,50992,50996,11308,11312,4,df3f619804a92fdb4057192dc43dd748ea778adc52bc498ce80524c014b81119,00000000,,,,,False,,,,,,,,,,False,False
/application/zukanlist/zkn_data/zukan_enc_platinum.narc,/application/zukanlist/zkn_data/zukan_enc_platinum.narc!/member_01739,0,/application/zukanlist/zkn_data/zukan_enc_platinum.narc,133,1739,,50996,51000,11312,11316,4,df3f619804a92fdb4057192dc43dd748ea778adc52bc498ce80524c014b81119,00000000,,,,,False,,,,,,,,,,False,False
/application/zukanlist/zkn_data/zukan_enc_platinum.narc,/application/zukanlist/zkn_data/zukan_enc_platinum.narc!/member_01740,0,/application/zukanlist/zkn_data/zukan_enc_platinum.narc,133,1740,,51000,51004,11316,11320,4,df3f619804a92fdb4057192dc43dd748ea778adc52bc498ce80524c014b81119,00000000,,,,,False,,,,,,,,,,False,False
/application/zukanlist/zkn_data/zukan_enc_platinum.narc,/application/zukanlist/zkn_data/zukan_enc_platinum.narc!/member_01741,0,/application/zukanlist/zkn_data/zukan_enc_platinum.narc,133,1741,,51004,51008,11320,11324,4,df3f619804a92fdb4057192dc43dd748ea778adc52bc498ce80524c014b81119,00000000,,,,,False,,,,,,,,,,False,False
/application/zukanlist/zkn_data/zukan_enc_platinum.narc,/application/zukanlist/zkn_data/zukan_enc_platinum.narc!/member_01742,0,/application/zukanlist/zkn_data/zukan_enc_platinum.narc,133,1742,,51008,51012,11324,11328,4,df3f619804a92fdb4057192dc43dd748ea778adc52bc498ce80524c014b81119,00000000,,,,,False,,,,,,,,,,False,False
/application/zukanlist/zkn_data/zukan_enc_platinum.narc,/application/zukanlist/zkn_data/zukan_enc_platinum.narc!/member_01743,0,/application/zukanlist/zkn_data/zukan_enc_platinum.narc,133,1743,,51012,51016,11328,11332,4,df3f619804a92fdb4057192dc43dd748ea778adc52bc498ce80524c014b81119,00000000,,,,,False,,,,,,,,,,False,False
/application/zukanlist/zkn_data/zukan_enc_platinum.narc,/application/zukanlist/zkn_data/zukan_enc_platinum.narc!/member_01744,0,/application/zukanlist/zkn_data/zukan_enc_platinum.narc,133,1744,,51016,51020,11332,11336,4,df3f619804a92fdb4057192dc43dd748ea778adc52bc498ce80524c014b81119,00000000,,,,,False,,,,,,,,,,False,False
/application/zukanlist/zkn_data/zukan_enc_platinum.narc,/application/zukanlist/zkn_data/zukan_enc_platinum.narc!/member_01745,0,/application/zukanlist/zkn_data/zukan_enc_platinum.narc,133,1745,,51020,51024,11336,11340,4,df3f619804a92fdb4057192dc43dd748ea778adc52bc498ce80524c014b81119,00000000,,,,,False,,,,,,,,,,False,False
/application/zukanlist/zkn_data/zukan_enc_platinum.narc,/application/zukanlist/zkn_data/zukan_enc_platinum.narc!/member_01746,0,/application/zukanlist/zkn_data/zukan_enc_platinum.narc,133,1746,,51024,51028,11340,11344,4,df3f619804a92fdb4057192dc43dd748ea778adc52bc498ce80524c014b81119,00000000,,,,,False,,,,,,,,,,False,False
/application/zukanlist/zkn_data/zukan_enc_platinum.narc,/application/zukanlist/zkn_data/zukan_enc_platinum.narc!/member_01747,0,/application/zukanlist/zkn_data/zukan_enc_platinum.narc,133,1747,,51028,51032,11344,11348,4,df3f619804a92fdb4057192dc43dd748ea778adc52bc498ce80524c014b81119,00000000,,,,,False,,,,,,,,,,False,False
/application/zukanlist/zkn_data/zukan_enc_platinum.narc,/application/zukanlist/zkn_data/zukan_enc_platinum.narc!/member_01748,0,/application/zukanlist/zkn_data/zukan_enc_platinum.narc,133,1748,,51032,51036,11348,11352,4,df3f619804a92fdb4057192dc43dd748ea778adc52bc498ce80524c014b81119,00000000,,,,,False,,,,,,,,,,False,False
/application/zukanlist/zkn_data/zukan_enc_platinum.narc,/application/zukanlist/zkn_data/zukan_enc_platinum.narc!/member_01749,0,/application/zukanlist/zkn_data/zukan_enc_platinum.narc,133,1749,,51036,51040,11352,11356,4,df3f619804a92fdb4057192dc43dd748ea778adc52bc498ce80524c014b81119,00000000,,,,,False,,,,,,,,,,False,False
/application/zukanlist/zkn_data/zukan_enc_platinum.narc,/application/zukanlist/zkn_data/zukan_enc_platinum.narc!/member_01750,0,/application/zukanlist/zkn_data/zukan_enc_platinum.narc,133,1750,,51040,51044,11356,11360,4,df3f619804a92fdb4057192dc43dd748ea778adc52bc498ce80524c014b81119,00000000,,,,,False,,,,,,,,,,False,False
/application/zukanlist/zkn_data/zukan_enc_platinum.narc,/application/zukanlist/zkn_data/zukan_enc_platinum.narc!/member_01751,0,/application/zukanlist/zkn_data/zukan_enc_platinum.narc,133,1751,,51044,51048,11360,11364,4,df3f619804a92fdb4057192dc43dd748ea778adc52bc498ce80524c014b81119,00000000,,,,,False,,,,,,,,,,False,False
/application/zukanlist/zkn_data/zukan_enc_platinum.narc,/application/zukanlist/zkn_data/zukan_enc_platinum.narc!/member_01752,0,/application/zukanlist/zkn_data/zukan_enc_platinum.narc,133,1752,,51048,51052,11364,11368,4,df3f619804a92fdb4057192dc43dd748ea778adc52bc498ce80524c014b81119,00000000,,,,,False,,,,,,,,,,False,False
/application/zukanlist/zkn_data/zukan_enc_platinum.narc,/application/zukanlist/zkn_data/zukan_enc_platinum.narc!/member_01753,0,/application/zukanlist/zkn_data/zukan_enc_platinum.narc,133,1753,,51052,51056,11368,11372,4,df3f619804a92fdb4057192dc43dd748ea778adc52bc498ce80524c014b81119,00000000,,,,,False,,,,,,,,,,False,False
/application/zukanlist/zkn_data/zukan_enc_platinum.narc,/application/zukanlist/zkn_data/zukan_enc_platinum.narc!/member_01754,0,/application/zukanlist/zkn_data/zukan_enc_platinum.narc,133,1754,,51056,51064,11372,11380,8,debcea1f166010e428df48387304e45c0bf7843a1fa7f1beb38f852228df789b,1500000000000000,,,,,False,,,,,,,,,,False,False
/application/zukanlist/zkn_data/zukan_enc_platinum.narc,/application/zukanlist/zkn_data/zukan_enc_platinum.narc!/member_01755,0,/application/zukanlist/zkn_data/zukan_enc_platinum.narc,133,1755,,51064,51068,11380,11384,4,df3f619804a92fdb4057192dc43dd748ea778adc52bc498ce80524c014b81119,00000000,,,,,False,,,,,,,,,,False,False
/application/zukanlist/zkn_data/zukan_enc_platinum.narc,/application/zukanlist/zkn_data/zukan_enc_platinum.narc!/member_01756,0,/application/zukanlist/zkn_data/zukan_enc_platinum.narc,133,1756,,51068,51072,11384,11388,4,df3f619804a92fdb4057192dc43dd748ea778adc52bc498ce80524c014b81119,00000000,,,,,False,,,,,,,,,,False,False
/application/zukanlist/zkn_data/zukan_enc_platinum.narc,/application/zukanlist/zkn_data/zukan_enc_platinum.narc!/member_01757,0,/application/zukanlist/zkn_data/zukan_enc_platinum.narc,133,1757,,51072,51076,11388,11392,4,df3f619804a92fdb4057192dc43dd748ea778adc52bc498ce80524c014b81119,00000000,,,,,False,,,,,,,,,,False,False
/application/zukanlist/zkn_data/zukan_enc_platinum.narc,/application/zukanlist/zkn_data/zukan_enc_platinum.narc!/member_01758,0,/application/zukanlist/zkn_data/zukan_enc_platinum.narc,133,1758,,51076,51080,11392,11396,4,df3f619804a92fdb4057192dc43dd748ea778adc52bc498ce80524c014b81119,00000000,,,,,False,,,,,,,,,,False,False
/application/zukanlist/zkn_data/zukan_enc_platinum.narc,/application/zukanlist/zkn_data/zukan_enc_platinum.narc!/member_01759,0,/application/zukanlist/zkn_data/zukan_enc_platinum.narc,133,1759,,51080,51084,11396,11400,4,df3f619804a92fdb4057192dc43dd748ea778adc52bc498ce80524c014b81119,00000000,,,,,False,,,,,,,,,,False,False
/application/zukanlist/zkn_data/zukan_enc_platinum.narc,/application/zukanlist/zkn_data/zukan_enc_platinum.narc!/member_01760,0,/application/zukanlist/zkn_data/zukan_enc_platinum.narc,133,1760,,51084,51088,11400,11404,4,df3f619804a92fdb4057192dc43dd748ea778adc52bc498ce80524c014b81119,00000000,,,,,False,,,,,,,,,,False,False
/application/zukanlist/zkn_data/zukan_enc_platinum.narc,/application/zukanlist/zkn_data/zukan_enc_platinum.narc!/member_01761,0,/application/zukanlist/zkn_data/zukan_enc_platinum.narc,133,1761,,51088,51092,11404,11408,4,df3f619804a92fdb4057192dc43dd748ea778adc52bc498ce80524c014b81119,00000000,,,,,False,,,,,,,,,,False,False
/application/zukanlist/zkn_data/zukan_enc_platinum.narc,/application/zukanlist/zkn_data/zukan_enc_platinum.narc!/member_01762,0,/application/zukanlist/zkn_data/zukan_enc_platinum.narc,133,1762,,51092,51096,11408,11412,4,df3f619804a92fdb4057192dc43dd748ea778adc52bc498ce80524c014b81119,00000000,,,,,False,,,,,,,,,,False,False
/application/zukanlist/zkn_data/zukan_enc_platinum.narc,/application/zukanlist/zkn_data/zukan_enc_platinum.narc!/member_01763,0,/application/zukanlist/zkn_data/zukan_enc_platinum.narc,133,1763,,51096,51100,11412,11416,4,df3f619804a92fdb4057192dc43dd748ea778adc52bc498ce80524c014b81119,00000000,,,,,False,,,,,,,,,,False,False
/application/zukanlist/zkn_data/zukan_enc_platinum.narc,/application/zukanlist/zkn_data/zukan_enc_platinum.narc!/member_01764,0,/application/zukanlist/zkn_data/zukan_enc_platinum.narc,133,1764,,51100,51104,11416,11420,4,df3f619804a92fdb4057192dc43dd748ea778adc52bc498ce80524c014b81119,00000000,,,,,False,,,,,,,,,,False,False
/application/zukanlist/zkn_data/zukan_enc_platinum.narc,/application/zukanlist/zkn_data/zukan_enc_platinum.narc!/member_01765,0,/application/zukanlist/zkn_data/zukan_enc_platinum.narc,133,1765,,51104,51108,11420,11424,4,df3f619804a92fdb4057192dc43dd748ea778adc52bc498ce80524c014b81119,00000000,,,,,False,,,,,,,,,,False,False
/application/zukanlist/zkn_data/zukan_enc_platinum.narc,/application/zukanlist/zkn_data/zukan_enc_platinum.narc!/member_01766,0,/application/zukanlist/zkn_data/zukan_enc_platinum.narc,133,1766,,51108,51112,11424,11428,4,df3f619804a92fdb4057192dc43dd748ea778adc52bc498ce80524c014b81119,00000000,,,,,False,,,,,,,,,,False,False
/application/zukanlist/zkn_data/zukan_enc_platinum.narc,/application/zukanlist/zkn_data/zukan_enc_platinum.narc!/member_01767,0,/application/zukanlist/zkn_data/zukan_enc_platinum.narc,133,1767,,51112,51116,11428,11432,4,df3f619804a92fdb4057192dc43dd748ea778adc52bc498ce80524c014b81119,00000000,,,,,False,,,,,,,,,,False,False
/application/zukanlist/zkn_data/zukan_enc_platinum.narc,/application/zukanlist/zkn_data/zukan_enc_platinum.narc!/member_01768,0,/application/zukanlist/zkn_data/zukan_enc_platinum.narc,133,1768,,51116,51120,11432,11436,4,df3f619804a92fdb4057192dc43dd748ea778adc52bc498ce80524c014b81119,00000000,,,,,False,,,,,,,,,,False,False
/application/zukanlist/zkn_data/zukan_enc_platinum.narc,/application/zukanlist/zkn_data/zukan_enc_platinum.narc!/member_01769,0,/application/zukanlist/zkn_data/zukan_enc_platinum.narc,133,1769,,51120,51124,11436,11440,4,df3f619804a92fdb4057192dc43dd748ea778adc52bc498ce80524c014b81119,00000000,,,,,False,,,,,,,,,,False,False
/application/zukanlist/zkn_data/zukan_enc_platinum.narc,/application/zukanlist/zkn_data/zukan_enc_platinum.narc!/member_01770,0,/application/zukanlist/zkn_data/zukan_enc_platinum.narc,133,1770,,51124,51128,11440,11444,4,df3f619804a92fdb4057192dc43dd748ea778adc52bc498ce80524c014b81119,00000000,,,,,False,,,,,,,,,,False,False
/application/zukanlist/zkn_data/zukan_enc_platinum.narc,/application/zukanlist/zkn_data/zukan_enc_platinum.narc!/member_01771,0,/application/zukanlist/zkn_data/zukan_enc_platinum.narc,133,1771,,51128,51132,11444,11448,4,df3f619804a92fdb4057192dc43dd748ea778adc52bc498ce80524c014b81119,00000000,,,,,False,,,,,,,,,,False,False
/application/zukanlist/zkn_data/zukan_enc_platinum.narc,/application/zukanlist/zkn_data/zukan_enc_platinum.narc!/member_01772,0,/application/zukanlist/zkn_data/zukan_enc_platinum.narc,133,1772,,51132,51136,11448,11452,4,df3f619804a92fdb4057192dc43dd748ea778adc52bc498ce80524c014b81119,00000000,,,,,False,,,,,,,,,,False,False
/application/zukanlist/zkn_data/zukan_enc_platinum.narc,/application/zukanlist/zkn_data/zukan_enc_platinum.narc!/member_01773,0,/application/zukanlist/zkn_data/zukan_enc_platinum.narc,133,1773,,51136,51140,11452,11456,4,df3f619804a92fdb4057192dc43dd748ea778adc52bc498ce80524c014b81119,00000000,,,,,False,,,,,,,,,,False,False
/application/zukanlist/zkn_data/zukan_enc_platinum.narc,/application/zukanlist/zkn_data/zukan_enc_platinum.narc!/member_01774,0,/application/zukanlist/zkn_data/zukan_enc_platinum.narc,133,1774,,51140,51144,11456,11460,4,df3f619804a92fdb4057192dc43dd748ea778adc52bc498ce80524c014b81119,00000000,,,,,False,,,,,,,,,,False,False
/application/zukanlist/zkn_data/zukan_enc_platinum.narc,/application/zukanlist/zkn_data/zukan_enc_platinum.narc!/member_01775,0,/application/zukanlist/zkn_data/zukan_enc_platinum.narc,133,1775,,51144,51148,11460,11464,4,df3f619804a92fdb4057192dc43dd748ea778adc52bc498ce80524c014b81119,00000000,,,,,False,,,,,,,,,,False,False
/application/zukanlist/zkn_data/zukan_enc_platinum.narc,/application/zukanlist/zkn_data/zukan_enc_platinum.narc!/member_01776,0,/application/zukanlist/zkn_data/zukan_enc_platinum.narc,133,1776,,51148,51152,11464,11468,4,df3f619804a92fdb4057192dc43dd748ea778adc52bc498ce80524c014b81119,00000000,,,,,False,,,,,,,,,,False,False
/application/zukanlist/zkn_data/zukan_enc_platinum.narc,/application/zukanlist/zkn_data/zukan_enc_platinum.narc!/member_01777,0,/application/zukanlist/zkn_data/zukan_enc_platinum.narc,133,1777,,51152,51156,11468,11472,4,df3f619804a92fdb4057192dc43dd748ea778adc52bc498ce80524c014b81119,00000000,,,,,False,,,,,,,,,,False,False
/application/zukanlist/zkn_data/zukan_enc_platinum.narc,/application/zukanlist/zkn_data/zukan_enc_platinum.narc!/member_01778,0,/application/zukanlist/zkn_data/zukan_enc_platinum.narc,133,1778,,51156,51160,11472,11476,4,df3f619804a92fdb4057192dc43dd748ea778adc52bc498ce80524c014b81119,00000000,,,,,False,,,,,,,,,,False,False
/application/zukanlist/zkn_data/zukan_enc_platinum.narc,/application/zukanlist/zkn_data/zukan_enc_platinum.narc!/member_01779,0,/application/zukanlist/zkn_data/zukan_enc_platinum.narc,133,1779,,51160,51164,11476,11480,4,df3f619804a92fdb4057192dc43dd748ea778adc52bc498ce80524c014b81119,00000000,,,,,False,,,,,,,,,,False,False
/application/zukanlist/zkn_data/zukan_enc_platinum.narc,/application/zukanlist/zkn_data/zukan_enc_platinum.narc!/member_01780,0,/application/zukanlist/zkn_data/zukan_enc_platinum.narc,133,1780,,51164,51168,11480,11484,4,df3f619804a92fdb4057192dc43dd748ea778adc52bc498ce80524c014b81119,00000000,,,,,False,,,,,,,,,,False,False
/application/zukanlist/zkn_data/zukan_enc_platinum.narc,/application/zukanlist/zkn_data/zukan_enc_platinum.narc!/member_01781,0,/application/zukanlist/zkn_data/zukan_enc_platinum.narc,133,1781,,51168,51172,11484,11488,4,df3f619804a92fdb4057192dc43dd748ea778adc52bc498ce80524c014b81119,00000000,,,,,False,,,,,,,,,,False,False
/application/zukanlist/zkn_data/zukan_enc_platinum.narc,/application/zukanlist/zkn_data/zukan_enc_platinum.narc!/member_01782,0,/application/zukanlist/zkn_data/zukan_enc_platinum.narc,133,1782,,51172,51176,11488,11492,4,df3f619804a92fdb4057192dc43dd748ea778adc52bc498ce80524c014b81119,00000000,,,,,False,,,,,,,,,,False,False
/application/zukanlist/zkn_data/zukan_enc_platinum.narc,/application/zukanlist/zkn_data/zukan_enc_platinum.narc!/member_01783,0,/application/zukanlist/zkn_data/zukan_enc_platinum.narc,133,1783,,51176,51180,11492,11496,4,df3f619804a92fdb4057192dc43dd748ea778adc52bc498ce80524c014b81119,00000000,,,,,False,,,,,,,,,,False,False
/application/zukanlist/zkn_data/zukan_enc_platinum.narc,/application/zukanlist/zkn_data/zukan_enc_platinum.narc!/member_01784,0,/application/zukanlist/zkn_data/zukan_enc_platinum.narc,133,1784,,51180,51184,11496,11500,4,df3f619804a92fdb4057192dc43dd748ea778adc52bc498ce80524c014b81119,00000000,,,,,False,,,,,,,,,,False,False
/application/zukanlist/zkn_data/zukan_enc_platinum.narc,/application/zukanlist/zkn_data/zukan_enc_platinum.narc!/member_01785,0,/application/zukanlist/zkn_data/zukan_enc_platinum.narc,133,1785,,51184,51188,11500,11504,4,df3f619804a92fdb4057192dc43dd748ea778adc52bc498ce80524c014b81119,00000000,,,,,False,,,,,,,,,,False,False
/application/zukanlist/zkn_data/zukan_enc_platinum.narc,/application/zukanlist/zkn_data/zukan_enc_platinum.narc!/member_01786,0,/application/zukanlist/zkn_data/zukan_enc_platinum.narc,133,1786,,51188,51192,11504,11508,4,df3f619804a92fdb4057192dc43dd748ea778adc52bc498ce80524c014b81119,00000000,,,,,False,,,,,,,,,,False,False
/application/zukanlist/zkn_data/zukan_enc_platinum.narc,/application/zukanlist/zkn_data/zukan_enc_platinum.narc!/member_01787,0,/application/zukanlist/zkn_data/zukan_enc_platinum.narc,133,1787,,51192,51196,11508,11512,4,df3f619804a92fdb4057192dc43dd748ea778adc52bc498ce80524c014b81119,00000000,,,,,False,,,,,,,,,,False,False
/application/zukanlist/zkn_data/zukan_enc_platinum.narc,/application/zukanlist/zkn_data/zukan_enc_platinum.narc!/member_01788,0,/application/zukanlist/zkn_data/zukan_enc_platinum.narc,133,1788,,51196,51200,11512,11516,4,df3f619804a92fdb4057192dc43dd748ea778adc52bc498ce80524c014b81119,00000000,,,,,False,,,,,,,,,,False,False
/application/zukanlist/zkn_data/zukan_enc_platinum.narc,/application/zukanlist/zkn_data/zukan_enc_platinum.narc!/member_01789,0,/application/zukanlist/zkn_data/zukan_enc_platinum.narc,133,1789,,51200,51204,11516,11520,4,df3f619804a92fdb4057192dc43dd748ea778adc52bc498ce80524c014b81119,00000000,,,,,False,,,,,,,,,,False,False
/application/zukanlist/zkn_data/zukan_enc_platinum.narc,/application/zukanlist/zkn_data/zukan_enc_platinum.narc!/member_01790,0,/application/zukanlist/zkn_data/zukan_enc_platinum.narc,133,1790,,51204,51208,11520,11524,4,df3f619804a92fdb4057192dc43dd748ea778adc52bc498ce80524c014b81119,00000000,,,,,False,,,,,,,,,,False,False
/application/zukanlist/zkn_data/zukan_enc_platinum.narc,/application/zukanlist/zkn_data/zukan_enc_platinum.narc!/member_01791,0,/application/zukanlist/zkn_data/zukan_enc_platinum.narc,133,1791,,51208,51212,11524,11528,4,df3f619804a92fdb4057192dc43dd748ea778adc52bc498ce80524c014b81119,00000000,,,,,False,,,,,,,,,,False,False
/application/zukanlist/zkn_data/zukan_enc_platinum.narc,/application/zukanlist/zkn_data/zukan_enc_platinum.narc!/member_01792,0,/application/zukanlist/zkn_data/zukan_enc_platinum.narc,133,1792,,51212,51216,11528,11532,4,df3f619804a92fdb4057192dc43dd748ea778adc52bc498ce80524c014b81119,00000000,,,,,False,,,,,,,,,,False,False
/application/zukanlist/zkn_data/zukan_enc_platinum.narc,/application/zukanlist/zkn_data/zukan_enc_platinum.narc!/member_01793,0,/application/zukanlist/zkn_data/zukan_enc_platinum.narc,133,1793,,51216,51220,11532,11536,4,df3f619804a92fdb4057192dc43dd748ea778adc52bc498ce80524c014b81119,00000000,,,,,False,,,,,,,,,,False,False
/application/zukanlist/zkn_data/zukan_enc_platinum.narc,/application/zukanlist/zkn_data/zukan_enc_platinum.narc!/member_01794,0,/application/zukanlist/zkn_data/zukan_enc_platinum.narc,133,1794,,51220,51224,11536,11540,4,df3f619804a92fdb4057192dc43dd748ea778adc52bc498ce80524c014b81119,00000000,,,,,False,,,,,,,,,,False,False
/application/zukanlist/zkn_data/zukan_enc_platinum.narc,/application/zukanlist/zkn_data/zukan_enc_platinum.narc!/member_01795,0,/application/zukanlist/zkn_data/zukan_enc_platinum.narc,133,1795,,51224,51228,11540,11544,4,df3f619804a92fdb4057192dc43dd748ea778adc52bc498ce80524c014b81119,00000000,,,,,False,,,,,,,,,,False,False
/application/zukanlist/zkn_data/zukan_enc_platinum.narc,/application/zukanlist/zkn_data/zukan_enc_platinum.narc!/member_01796,0,/application/zukanlist/zkn_data/zukan_enc_platinum.narc,133,1796,,51228,51232,11544,11548,4,df3f619804a92fdb4057192dc43dd748ea778adc52bc498ce80524c014b81119,00000000,,,,,False,,,,,,,,,,False,False
/application/zukanlist/zkn_data/zukan_enc_platinum.narc,/application/zukanlist/zkn_data/zukan_enc_platinum.narc!/member_01797,0,/application/zukanlist/zkn_data/zukan_enc_platinum.narc,133,1797,,51232,51236,11548,11552,4,df3f619804a92fdb4057192dc43dd748ea778adc52bc498ce80524c014b81119,00000000,,,,,False,,,,,,,,,,False,False
/application/zukanlist/zkn_data/zukan_enc_platinum.narc,/application/zukanlist/zkn_data/zukan_enc_platinum.narc!/member_01798,0,/application/zukanlist/zkn_data/zukan_enc_platinum.narc,133,1798,,51236,51240,11552,11556,4,df3f619804a92fdb4057192dc43dd748ea778adc52bc498ce80524c014b81119,00000000,,,,,False,,,,,,,,,,False,False
/application/zukanlist/zkn_data/zukan_enc_platinum.narc,/application/zukanlist/zkn_data/zukan_enc_platinum.narc!/member_01799,0,/application/zukanlist/zkn_data/zukan_enc_platinum.narc,133,1799,,51240,51244,11556,11560,4,df3f619804a92fdb4057192dc43dd748ea778adc52bc498ce80524c014b81119,00000000,,,,,False,,,,,,,,,,False,False
/application/zukanlist/zkn_data/zukan_enc_platinum.narc,/application/zukanlist/zkn_data/zukan_enc_platinum.narc!/member_01800,0,/application/zukanlist/zkn_data/zukan_enc_platinum.narc,133,1800,,51244,51248,11560,11564,4,df3f619804a92fdb4057192dc43dd748ea778adc52bc498ce80524c014b81119,00000000,,,,,False,,,,,,,,,,False,False
/application/zukanlist/zkn_data/zukan_enc_platinum.narc,/application/zukanlist/zkn_data/zukan_enc_platinum.narc!/member_01801,0,/application/zukanlist/zkn_data/zukan_enc_platinum.narc,133,1801,,51248,51252,11564,11568,4,df3f619804a92fdb4057192dc43dd748ea778adc52bc498ce80524c014b81119,00000000,,,,,False,,,,,,,,,,False,False
/application/zukanlist/zkn_data/zukan_enc_platinum.narc,/application/zukanlist/zkn_data/zukan_enc_platinum.narc!/member_01802,0,/application/zukanlist/zkn_data/zukan_enc_platinum.narc,133,1802,,51252,51256,11568,11572,4,df3f619804a92fdb4057192dc43dd748ea778adc52bc498ce80524c014b81119,00000000,,,,,False,,,,,,,,,,False,False
/application/zukanlist/zkn_data/zukan_enc_platinum.narc,/application/zukanlist/zkn_data/zukan_enc_platinum.narc!/member_01803,0,/application/zukanlist/zkn_data/zukan_enc_platinum.narc,133,1803,,51256,51260,11572,11576,4,df3f619804a92fdb4057192dc43dd748ea778adc52bc498ce80524c014b81119,00000000,,,,,False,,,,,,,,,,False,False
/application/zukanlist/zkn_data/zukan_enc_platinum.narc,/application/zukanlist/zkn_data/zukan_enc_platinum.narc!/member_01804,0,/application/zukanlist/zkn_data/zukan_enc_platinum.narc,133,1804,,51260,51264,11576,11580,4,df3f619804a92fdb4057192dc43dd748ea778adc52bc498ce80524c014b81119,00000000,,,,,False,,,,,,,,,,False,False
/application/zukanlist/zkn_data/zukan_enc_platinum.narc,/application/zukanlist/zkn_data/zukan_enc_platinum.narc!/member_01805,0,/application/zukanlist/zkn_data/zukan_enc_platinum.narc,133,1805,,51264,51268,11580,11584,4,df3f619804a92fdb4057192dc43dd748ea778adc52bc498ce80524c014b81119,00000000,,,,,False,,,,,,,,,,False,False
/application/zukanlist/zkn_data/zukan_enc_platinum.narc,/application/zukanlist/zkn_data/zukan_enc_platinum.narc!/member_01806,0,/application/zukanlist/zkn_data/zukan_enc_platinum.narc,133,1806,,51268,51272,11584,11588,4,df3f619804a92fdb4057192dc43dd748ea778adc52bc498ce80524c014b81119,00000000,,,,,False,,,,,,,,,,False,False
/application/zukanlist/zkn_data/zukan_enc_platinum.narc,/application/zukanlist/zkn_data/zukan_enc_platinum.narc!/member_01807,0,/application/zukanlist/zkn_data/zukan_enc_platinum.narc,133,1807,,51272,51276,11588,11592,4,df3f619804a92fdb4057192dc43dd748ea778adc52bc498ce80524c014b81119,00000000,,,,,False,,,,,,,,,,False,False
/application/zukanlist/zkn_data/zukan_enc_platinum.narc,/application/zukanlist/zkn_data/zukan_enc_platinum.narc!/member_01808,0,/application/zukanlist/zkn_data/zukan_enc_platinum.narc,133,1808,,51276,51280,11592,11596,4,df3f619804a92fdb4057192dc43dd748ea778adc52bc498ce80524c014b81119,00000000,,,,,False,,,,,,,,,,False,False
/application/zukanlist/zkn_data/zukan_enc_platinum.narc,/application/zukanlist/zkn_data/zukan_enc_platinum.narc!/member_01809,0,/application/zukanlist/zkn_data/zukan_enc_platinum.narc,133,1809,,51280,51284,11596,11600,4,df3f619804a92fdb4057192dc43dd748ea778adc52bc498ce80524c014b81119,00000000,,,,,False,,,,,,,,,,False,False
/application/zukanlist/zkn_data/zukan_enc_platinum.narc,/application/zukanlist/zkn_data/zukan_enc_platinum.narc!/member_01810,0,/application/zukanlist/zkn_data/zukan_enc_platinum.narc,133,1810,,51284,51288,11600,11604,4,df3f619804a92fdb4057192dc43dd748ea778adc52bc498ce80524c014b81119,00000000,,,,,False,,,,,,,,,,False,False
/application/zukanlist/zkn_data/zukan_enc_platinum.narc,/application/zukanlist/zkn_data/zukan_enc_platinum.narc!/member_01811,0,/application/zukanlist/zkn_data/zukan_enc_platinum.narc,133,1811,,51288,51292,11604,11608,4,df3f619804a92fdb4057192dc43dd748ea778adc52bc498ce80524c014b81119,00000000,,,,,False,,,,,,,,,,False,False
/application/zukanlist/zkn_data/zukan_enc_platinum.narc,/application/zukanlist/zkn_data/zukan_enc_platinum.narc!/member_01812,0,/application/zukanlist/zkn_data/zukan_enc_platinum.narc,133,1812,,51292,51296,11608,11612,4,df3f619804a92fdb4057192dc43dd748ea778adc52bc498ce80524c014b81119,00000000,,,,,False,,,,,,,,,,False,False
/application/zukanlist/zkn_data/zukan_enc_platinum.narc,/application/zukanlist/zkn_data/zukan_enc_platinum.narc!/member_01813,0,/application/zukanlist/zkn_data/zukan_enc_platinum.narc,133,1813,,51296,51300,11612,11616,4,df3f619804a92fdb4057192dc43dd748ea778adc52bc498ce80524c014b81119,00000000,,,,,False,,,,,,,,,,False,False
/application/zukanlist/zkn_data/zukan_enc_platinum.narc,/application/zukanlist/zkn_data/zukan_enc_platinum.narc!/member_01814,0,/application/zukanlist/zkn_data/zukan_enc_platinum.narc,133,1814,,51300,51304,11616,11620,4,df3f619804a92fdb4057192dc43dd748ea778adc52bc498ce80524c014b81119,00000000,,,,,False,,,,,,,,,,False,False
/application/zukanlist/zkn_data/zukan_enc_platinum.narc,/application/zukanlist/zkn_data/zukan_enc_platinum.narc!/member_01815,0,/application/zukanlist/zkn_data/zukan_enc_platinum.narc,133,1815,,51304,51308,11620,11624,4,df3f619804a92fdb4057192dc43dd748ea778adc52bc498ce80524c014b81119,00000000,,,,,False,,,,,,,,,,False,False
/application/zukanlist/zkn_data/zukan_enc_platinum.narc,/application/zukanlist/zkn_data/zukan_enc_platinum.narc!/member_01816,0,/application/zukanlist/zkn_data/zukan_enc_platinum.narc,133,1816,,51308,51312,11624,11628,4,df3f619804a92fdb4057192dc43dd748ea778adc52bc498ce80524c014b81119,00000000,,,,,False,,,,,,,,,,False,False
/application/zukanlist/zkn_data/zukan_enc_platinum.narc,/application/zukanlist/zkn_data/zukan_enc_platinum.narc!/member_01817,0,/application/zukanlist/zkn_data/zukan_enc_platinum.narc,133,1817,,51312,51316,11628,11632,4,df3f619804a92fdb4057192dc43dd748ea778adc52bc498ce80524c014b81119,00000000,,,,,False,,,,,,,,,,False,False
/application/zukanlist/zkn_data/zukan_enc_platinum.narc,/application/zukanlist/zkn_data/zukan_enc_platinum.narc!/member_01818,0,/application/zukanlist/zkn_data/zukan_enc_platinum.narc,133,1818,,51316,51320,11632,11636,4,df3f619804a92fdb4057192dc43dd748ea778adc52bc498ce80524c014b81119,00000000,,,,,False,,,,,,,,,,False,False
/application/zukanlist/zkn_data/zukan_enc_platinum.narc,/application/zukanlist/zkn_data/zukan_enc_platinum.narc!/member_01819,0,/application/zukanlist/zkn_data/zukan_enc_platinum.narc,133,1819,,51320,51324,11636,11640,4,df3f619804a92fdb4057192dc43dd748ea778adc52bc498ce80524c014b81119,00000000,,,,,False,,,,,,,,,,False,False
/application/zukanlist/zkn_data/zukan_enc_platinum.narc,/application/zukanlist/zkn_data/zukan_enc_platinum.narc!/member_01820,0,/application/zukanlist/zkn_data/zukan_enc_platinum.narc,133,1820,,51324,51328,11640,11644,4,df3f619804a92fdb4057192dc43dd748ea778adc52bc498ce80524c014b81119,00000000,,,,,False,,,,,,,,,,False,False
/application/zukanlist/zkn_data/zukan_enc_platinum.narc,/application/zukanlist/zkn_data/zukan_enc_platinum.narc!/member_01821,0,/application/zukanlist/zkn_data/zukan_enc_platinum.narc,133,1821,,51328,51332,11644,11648,4,df3f619804a92fdb4057192dc43dd748ea778adc52bc498ce80524c014b81119,00000000,,,,,False,,,,,,,,,,False,False
/application/zukanlist/zkn_data/zukan_enc_platinum.narc,/application/zukanlist/zkn_data/zukan_enc_platinum.narc!/member_01822,0,/application/zukanlist/zkn_data/zukan_enc_platinum.narc,133,1822,,51332,51336,11648,11652,4,df3f619804a92fdb4057192dc43dd748ea778adc52bc498ce80524c014b81119,00000000,,,,,False,,,,,,,,,,False,False
/application/zukanlist/zkn_data/zukan_enc_platinum.narc,/application/zukanlist/zkn_data/zukan_enc_platinum.narc!/member_01823,0,/application/zukanlist/zkn_data/zukan_enc_platinum.narc,133,1823,,51336,51340,11652,11656,4,df3f619804a92fdb4057192dc43dd748ea778adc52bc498ce80524c014b81119,00000000,,,,,False,,,,,,,,,,False,False
/application/zukanlist/zkn_data/zukan_enc_platinum.narc,/application/zukanlist/zkn_data/zukan_enc_platinum.narc!/member_01824,0,/application/zukanlist/zkn_data/zukan_enc_platinum.narc,133,1824,,51340,51344,11656,11660,4,df3f619804a92fdb4057192dc43dd748ea778adc52bc498ce80524c014b81119,00000000,,,,,False,,,,,,,,,,False,False
/application/zukanlist/zkn_data/zukan_enc_platinum.narc,/application/zukanlist/zkn_data/zukan_enc_platinum.narc!/member_01825,0,/application/zukanlist/zkn_data/zukan_enc_platinum.narc,133,1825,,51344,51348,11660,11664,4,df3f619804a92fdb4057192dc43dd748ea778adc52bc498ce80524c014b81119,00000000,,,,,False,,,,,,,,,,False,False
/application/zukanlist/zkn_data/zukan_enc_platinum.narc,/application/zukanlist/zkn_data/zukan_enc_platinum.narc!/member_01826,0,/application/zukanlist/zkn_data/zukan_enc_platinum.narc,133,1826,,51348,51352,11664,11668,4,df3f619804a92fdb4057192dc43dd748ea778adc52bc498ce80524c014b81119,00000000,,,,,False,,,,,,,,,,False,False
/application/zukanlist/zkn_data/zukan_enc_platinum.narc,/application/zukanlist/zkn_data/zukan_enc_platinum.narc!/member_01827,0,/application/zukanlist/zkn_data/zukan_enc_platinum.narc,133,1827,,51352,51356,11668,11672,4,df3f619804a92fdb4057192dc43dd748ea778adc52bc498ce80524c014b81119,00000000,,,,,False,,,,,,,,,,False,False
/application/zukanlist/zkn_data/zukan_enc_platinum.narc,/application/zukanlist/zkn_data/zukan_enc_platinum.narc!/member_01828,0,/application/zukanlist/zkn_data/zukan_enc_platinum.narc,133,1828,,51356,51360,11672,11676,4,df3f619804a92fdb4057192dc43dd748ea778adc52bc498ce80524c014b81119,00000000,,,,,False,,,,,,,,,,False,False
/application/zukanlist/zkn_data/zukan_enc_platinum.narc,/application/zukanlist/zkn_data/zukan_enc_platinum.narc!/member_01829,0,/application/zukanlist/zkn_data/zukan_enc_platinum.narc,133,1829,,51360,51364,11676,11680,4,df3f619804a92fdb4057192dc43dd748ea778adc52bc498ce80524c014b81119,00000000,,,,,False,,,,,,,,,,False,False
/application/zukanlist/zkn_data/zukan_enc_platinum.narc,/application/zukanlist/zkn_data/zukan_enc_platinum.narc!/member_01830,0,/application/zukanlist/zkn_data/zukan_enc_platinum.narc,133,1830,,51364,51368,11680,11684,4,df3f619804a92fdb4057192dc43dd748ea778adc52bc498ce80524c014b81119,00000000,,,,,False,,,,,,,,,,False,False
/application/zukanlist/zkn_data/zukan_enc_platinum.narc,/application/zukanlist/zkn_data/zukan_enc_platinum.narc!/member_01831,0,/application/zukanlist/zkn_data/zukan_enc_platinum.narc,133,1831,,51368,51372,11684,11688,4,df3f619804a92fdb4057192dc43dd748ea778adc52bc498ce80524c014b81119,00000000,,,,,False,,,,,,,,,,False,False
/application/zukanlist/zkn_data/zukan_enc_platinum.narc,/application/zukanlist/zkn_data/zukan_enc_platinum.narc!/member_01832,0,/application/zukanlist/zkn_data/zukan_enc_platinum.narc,133,1832,,51372,51376,11688,11692,4,df3f619804a92fdb4057192dc43dd748ea778adc52bc498ce80524c014b81119,00000000,,,,,False,,,,,,,,,,False,False
/application/zukanlist/zkn_data/zukan_enc_platinum.narc,/application/zukanlist/zkn_data/zukan_enc_platinum.narc!/member_01833,0,/application/zukanlist/zkn_data/zukan_enc_platinum.narc,133,1833,,51376,51380,11692,11696,4,df3f619804a92fdb4057192dc43dd748ea778adc52bc498ce80524c014b81119,00000000,,,,,False,,,,,,,,,,False,False
/application/zukanlist/zkn_data/zukan_enc_platinum.narc,/application/zukanlist/zkn_data/zukan_enc_platinum.narc!/member_01834,0,/application/zukanlist/zkn_data/zukan_enc_platinum.narc,133,1834,,51380,51384,11696,11700,4,df3f619804a92fdb4057192dc43dd748ea778adc52bc498ce80524c014b81119,00000000,,,,,False,,,,,,,,,,False,False
/application/zukanlist/zkn_data/zukan_enc_platinum.narc,/application/zukanlist/zkn_data/zukan_enc_platinum.narc!/member_01835,0,/application/zukanlist/zkn_data/zukan_enc_platinum.narc,133,1835,,51384,51388,11700,11704,4,df3f619804a92fdb4057192dc43dd748ea778adc52bc498ce80524c014b81119,00000000,,,,,False,,,,,,,,,,False,False
/application/zukanlist/zkn_data/zukan_enc_platinum.narc,/application/zukanlist/zkn_data/zukan_enc_platinum.narc!/member_01836,0,/application/zukanlist/zkn_data/zukan_enc_platinum.narc,133,1836,,51388,51392,11704,11708,4,df3f619804a92fdb4057192dc43dd748ea778adc52bc498ce80524c014b81119,00000000,,,,,False,,,,,,,,,,False,False
/application/zukanlist/zkn_data/zukan_enc_platinum.narc,/application/zukanlist/zkn_data/zukan_enc_platinum.narc!/member_01837,0,/application/zukanlist/zkn_data/zukan_enc_platinum.narc,133,1837,,51392,51396,11708,11712,4,df3f619804a92fdb4057192dc43dd748ea778adc52bc498ce80524c014b81119,00000000,,,,,False,,,,,,,,,,False,False
/application/zukanlist/zkn_data/zukan_enc_platinum.narc,/application/zukanlist/zkn_data/zukan_enc_platinum.narc!/member_01838,0,/application/zukanlist/zkn_data/zukan_enc_platinum.narc,133,1838,,51396,51404,11712,11720,8,35be322d094f9d154a8aba4733b8497f180353bd7ae7b0a15f90b586b549f28b,0300000000000000,,,,,False,,,,,,,,,,False,False
/application/zukanlist/zkn_data/zukan_enc_platinum.narc,/application/zukanlist/zkn_data/zukan_enc_platinum.narc!/member_01839,0,/application/zukanlist/zkn_data/zukan_enc_platinum.narc,133,1839,,51404,51408,11720,11724,4,df3f619804a92fdb4057192dc43dd748ea778adc52bc498ce80524c014b81119,00000000,,,,,False,,,,,,,,,,False,False
/application/zukanlist/zkn_data/zukan_enc_platinum.narc,/application/zukanlist/zkn_data/zukan_enc_platinum.narc!/member_01840,0,/application/zukanlist/zkn_data/zukan_enc_platinum.narc,133,1840,,51408,51412,11724,11728,4,df3f619804a92fdb4057192dc43dd748ea778adc52bc498ce80524c014b81119,00000000,,,,,False,,,,,,,,,,False,False
/application/zukanlist/zkn_data/zukan_enc_platinum.narc,/application/zukanlist/zkn_data/zukan_enc_platinum.narc!/member_01841,0,/application/zukanlist/zkn_data/zukan_enc_platinum.narc,133,1841,,51412,51416,11728,11732,4,df3f619804a92fdb4057192dc43dd748ea778adc52bc498ce80524c014b81119,00000000,,,,,False,,,,,,,,,,False,False
/application/zukanlist/zkn_data/zukan_enc_platinum.narc,/application/zukanlist/zkn_data/zukan_enc_platinum.narc!/member_01842,0,/application/zukanlist/zkn_data/zukan_enc_platinum.narc,133,1842,,51416,51420,11732,11736,4,df3f619804a92fdb4057192dc43dd748ea778adc52bc498ce80524c014b81119,00000000,,,,,False,,,,,,,,,,False,False
/application/zukanlist/zkn_data/zukan_enc_platinum.narc,/application/zukanlist/zkn_data/zukan_enc_platinum.narc!/member_01843,0,/application/zukanlist/zkn_data/zukan_enc_platinum.narc,133,1843,,51420,51424,11736,11740,4,df3f619804a92fdb4057192dc43dd748ea778adc52bc498ce80524c014b81119,00000000,,,,,False,,,,,,,,,,False,False
/application/zukanlist/zkn_data/zukan_enc_platinum.narc,/application/zukanlist/zkn_data/zukan_enc_platinum.narc!/member_01844,0,/application/zukanlist/zkn_data/zukan_enc_platinum.narc,133,1844,,51424,51428,11740,11744,4,df3f619804a92fdb4057192dc43dd748ea778adc52bc498ce80524c014b81119,00000000,,,,,False,,,,,,,,,,False,False
/application/zukanlist/zkn_data/zukan_enc_platinum.narc,/application/zukanlist/zkn_data/zukan_enc_platinum.narc!/member_01845,0,/application/zukanlist/zkn_data/zukan_enc_platinum.narc,133,1845,,51428,51432,11744,11748,4,df3f619804a92fdb4057192dc43dd748ea778adc52bc498ce80524c014b81119,00000000,,,,,False,,,,,,,,,,False,False
/application/zukanlist/zkn_data/zukan_enc_platinum.narc,/application/zukanlist/zkn_data/zukan_enc_platinum.narc!/member_01846,0,/application/zukanlist/zkn_data/zukan_enc_platinum.narc,133,1846,,51432,51440,11748,11756,8,f0a0278e4372459cca6159cd5e71cfee638302a7b9ca9b05c34181ac0a65ac5d,0400000000000000,,,,,False,,,,,,,,,,False,False
/application/zukanlist/zkn_data/zukan_enc_platinum.narc,/application/zukanlist/zkn_data/zukan_enc_platinum.narc!/member_01847,0,/application/zukanlist/zkn_data/zukan_enc_platinum.narc,133,1847,,51440,51444,11756,11760,4,df3f619804a92fdb4057192dc43dd748ea778adc52bc498ce80524c014b81119,00000000,,,,,False,,,,,,,,,,False,False
/application/zukanlist/zkn_data/zukan_enc_platinum.narc,/application/zukanlist/zkn_data/zukan_enc_platinum.narc!/member_01848,0,/application/zukanlist/zkn_data/zukan_enc_platinum.narc,133,1848,,51444,51448,11760,11764,4,df3f619804a92fdb4057192dc43dd748ea778adc52bc498ce80524c014b81119,00000000,,,,,False,,,,,,,,,,False,False
/application/zukanlist/zkn_data/zukan_enc_platinum.narc,/application/zukanlist/zkn_data/zukan_enc_platinum.narc!/member_01849,0,/application/zukanlist/zkn_data/zukan_enc_platinum.narc,133,1849,,51448,51452,11764,11768,4,df3f619804a92fdb4057192dc43dd748ea778adc52bc498ce80524c014b81119,00000000,,,,,False,,,,,,,,,,False,False
/application/zukanlist/zkn_data/zukan_enc_platinum.narc,/application/zukanlist/zkn_data/zukan_enc_platinum.narc!/member_01850,0,/application/zukanlist/zkn_data/zukan_enc_platinum.narc,133,1850,,51452,51456,11768,11772,4,df3f619804a92fdb4057192dc43dd748ea778adc52bc498ce80524c014b81119,00000000,,,,,False,,,,,,,,,,False,False
/application/zukanlist/zkn_data/zukan_enc_platinum.narc,/application/zukanlist/zkn_data/zukan_enc_platinum.narc!/member_01851,0,/application/zukanlist/zkn_data/zukan_enc_platinum.narc,133,1851,,51456,51460,11772,11776,4,df3f619804a92fdb4057192dc43dd748ea778adc52bc498ce80524c014b81119,00000000,,,,,False,,,,,,,,,,False,False
/application/zukanlist/zkn_data/zukan_enc_platinum.narc,/application/zukanlist/zkn_data/zukan_enc_platinum.narc!/member_01852,0,/application/zukanlist/zkn_data/zukan_enc_platinum.narc,133,1852,,51460,51464,11776,11780,4,df3f619804a92fdb4057192dc43dd748ea778adc52bc498ce80524c014b81119,00000000,,,,,False,,,,,,,,,,False,False
/application/zukanlist/zkn_data/zukan_enc_platinum.narc,/application/zukanlist/zkn_data/zukan_enc_platinum.narc!/member_01853,0,/application/zukanlist/zkn_data/zukan_enc_platinum.narc,133,1853,,51464,51468,11780,11784,4,df3f619804a92fdb4057192dc43dd748ea778adc52bc498ce80524c014b81119,00000000,,,,,False,,,,,,,,,,False,False
/application/zukanlist/zkn_data/zukan_enc_platinum.narc,/application/zukanlist/zkn_data/zukan_enc_platinum.narc!/member_01854,0,/application/zukanlist/zkn_data/zukan_enc_platinum.narc,133,1854,,51468,51472,11784,11788,4,df3f619804a92fdb4057192dc43dd748ea778adc52bc498ce80524c014b81119,00000000,,,,,False,,,,,,,,,,False,False
/application/zukanlist/zkn_data/zukan_enc_platinum.narc,/application/zukanlist/zkn_data/zukan_enc_platinum.narc!/member_01855,0,/application/zukanlist/zkn_data/zukan_enc_platinum.narc,133,1855,,51472,51476,11788,11792,4,df3f619804a92fdb4057192dc43dd748ea778adc52bc498ce80524c014b81119,00000000,,,,,False,,,,,,,,,,False,False
/application/zukanlist/zkn_data/zukan_enc_platinum.narc,/application/zukanlist/zkn_data/zukan_enc_platinum.narc!/member_01856,0,/application/zukanlist/zkn_data/zukan_enc_platinum.narc,133,1856,,51476,51480,11792,11796,4,df3f619804a92fdb4057192dc43dd748ea778adc52bc498ce80524c014b81119,00000000,,,,,False,,,,,,,,,,False,False
/application/zukanlist/zkn_data/zukan_enc_platinum.narc,/application/zukanlist/zkn_data/zukan_enc_platinum.narc!/member_01857,0,/application/zukanlist/zkn_data/zukan_enc_platinum.narc,133,1857,,51480,51484,11796,11800,4,df3f619804a92fdb4057192dc43dd748ea778adc52bc498ce80524c014b81119,00000000,,,,,False,,,,,,,,,,False,False
/application/zukanlist/zkn_data/zukan_enc_platinum.narc,/application/zukanlist/zkn_data/zukan_enc_platinum.narc!/member_01858,0,/application/zukanlist/zkn_data/zukan_enc_platinum.narc,133,1858,,51484,51488,11800,11804,4,df3f619804a92fdb4057192dc43dd748ea778adc52bc498ce80524c014b81119,00000000,,,,,False,,,,,,,,,,False,False
/application/zukanlist/zkn_data/zukan_enc_platinum.narc,/application/zukanlist/zkn_data/zukan_enc_platinum.narc!/member_01859,0,/application/zukanlist/zkn_data/zukan_enc_platinum.narc,133,1859,,51488,51492,11804,11808,4,df3f619804a92fdb4057192dc43dd748ea778adc52bc498ce80524c014b81119,00000000,,,,,False,,,,,,,,,,False,False
/application/zukanlist/zkn_data/zukan_enc_platinum.narc,/application/zukanlist/zkn_data/zukan_enc_platinum.narc!/member_01860,0,/application/zukanlist/zkn_data/zukan_enc_platinum.narc,133,1860,,51492,51496,11808,11812,4,df3f619804a92fdb4057192dc43dd748ea778adc52bc498ce80524c014b81119,00000000,,,,,False,,,,,,,,,,False,False
/application/zukanlist/zkn_data/zukan_enc_platinum.narc,/application/zukanlist/zkn_data/zukan_enc_platinum.narc!/member_01861,0,/application/zukanlist/zkn_data/zukan_enc_platinum.narc,133,1861,,51496,51500,11812,11816,4,df3f619804a92fdb4057192dc43dd748ea778adc52bc498ce80524c014b81119,00000000,,,,,False,,,,,,,,,,False,False
/application/zukanlist/zkn_data/zukan_enc_platinum.narc,/application/zukanlist/zkn_data/zukan_enc_platinum.narc!/member_01862,0,/application/zukanlist/zkn_data/zukan_enc_platinum.narc,133,1862,,51500,51504,11816,11820,4,df3f619804a92fdb4057192dc43dd748ea778adc52bc498ce80524c014b81119,00000000,,,,,False,,,,,,,,,,False,False
/application/zukanlist/zkn_data/zukan_enc_platinum.narc,/application/zukanlist/zkn_data/zukan_enc_platinum.narc!/member_01863,0,/application/zukanlist/zkn_data/zukan_enc_platinum.narc,133,1863,,51504,51508,11820,11824,4,df3f619804a92fdb4057192dc43dd748ea778adc52bc498ce80524c014b81119,00000000,,,,,False,,,,,,,,,,False,False
/application/zukanlist/zkn_data/zukan_enc_platinum.narc,/application/zukanlist/zkn_data/zukan_enc_platinum.narc!/member_01864,0,/application/zukanlist/zkn_data/zukan_enc_platinum.narc,133,1864,,51508,51512,11824,11828,4,df3f619804a92fdb4057192dc43dd748ea778adc52bc498ce80524c014b81119,00000000,,,,,False,,,,,,,,,,False,False
/application/zukanlist/zkn_data/zukan_enc_platinum.narc,/application/zukanlist/zkn_data/zukan_enc_platinum.narc!/member_01865,0,/application/zukanlist/zkn_data/zukan_enc_platinum.narc,133,1865,,51512,51516,11828,11832,4,df3f619804a92fdb4057192dc43dd748ea778adc52bc498ce80524c014b81119,00000000,,,,,False,,,,,,,,,,False,False
/application/zukanlist/zkn_data/zukan_enc_platinum.narc,/application/zukanlist/zkn_data/zukan_enc_platinum.narc!/member_01866,0,/application/zukanlist/zkn_data/zukan_enc_platinum.narc,133,1866,,51516,51520,11832,11836,4,df3f619804a92fdb4057192dc43dd748ea778adc52bc498ce80524c014b81119,00000000,,,,,False,,,,,,,,,,False,False
/application/zukanlist/zkn_data/zukan_enc_platinum.narc,/application/zukanlist/zkn_data/zukan_enc_platinum.narc!/member_01867,0,/application/zukanlist/zkn_data/zukan_enc_platinum.narc,133,1867,,51520,51524,11836,11840,4,df3f619804a92fdb4057192dc43dd748ea778adc52bc498ce80524c014b81119,00000000,,,,,False,,,,,,,,,,False,False
/application/zukanlist/zkn_data/zukan_enc_platinum.narc,/application/zukanlist/zkn_data/zukan_enc_platinum.narc!/member_01868,0,/application/zukanlist/zkn_data/zukan_enc_platinum.narc,133,1868,,51524,51528,11840,11844,4,df3f619804a92fdb4057192dc43dd748ea778adc52bc498ce80524c014b81119,00000000,,,,,False,,,,,,,,,,False,False
/application/zukanlist/zkn_data/zukan_enc_platinum.narc,/application/zukanlist/zkn_data/zukan_enc_platinum.narc!/member_01869,0,/application/zukanlist/zkn_data/zukan_enc_platinum.narc,133,1869,,51528,51532,11844,11848,4,df3f619804a92fdb4057192dc43dd748ea778adc52bc498ce80524c014b81119,00000000,,,,,False,,,,,,,,,,False,False
/application/zukanlist/zkn_data/zukan_enc_platinum.narc,/application/zukanlist/zkn_data/zukan_enc_platinum.narc!/member_01870,0,/application/zukanlist/zkn_data/zukan_enc_platinum.narc,133,1870,,51532,51536,11848,11852,4,df3f619804a92fdb4057192dc43dd748ea778adc52bc498ce80524c014b81119,00000000,,,,,False,,,,,,,,,,False,False
/application/zukanlist/zkn_data/zukan_enc_platinum.narc,/application/zukanlist/zkn_data/zukan_enc_platinum.narc!/member_01871,0,/application/zukanlist/zkn_data/zukan_enc_platinum.narc,133,1871,,51536,51540,11852,11856,4,df3f619804a92fdb4057192dc43dd748ea778adc52bc498ce80524c014b81119,00000000,,,,,False,,,,,,,,,,False,False
/application/zukanlist/zkn_data/zukan_enc_platinum.narc,/application/zukanlist/zkn_data/zukan_enc_platinum.narc!/member_01872,0,/application/zukanlist/zkn_data/zukan_enc_platinum.narc,133,1872,,51540,51544,11856,11860,4,df3f619804a92fdb4057192dc43dd748ea778adc52bc498ce80524c014b81119,00000000,,,,,False,,,,,,,,,,False,False
/application/zukanlist/zkn_data/zukan_enc_platinum.narc,/application/zukanlist/zkn_data/zukan_enc_platinum.narc!/member_01873,0,/application/zukanlist/zkn_data/zukan_enc_platinum.narc,133,1873,,51544,51548,11860,11864,4,df3f619804a92fdb4057192dc43dd748ea778adc52bc498ce80524c014b81119,00000000,,,,,False,,,,,,,,,,False,False
/application/zukanlist/zkn_data/zukan_enc_platinum.narc,/application/zukanlist/zkn_data/zukan_enc_platinum.narc!/member_01874,0,/application/zukanlist/zkn_data/zukan_enc_platinum.narc,133,1874,,51548,51552,11864,11868,4,df3f619804a92fdb4057192dc43dd748ea778adc52bc498ce80524c014b81119,00000000,,,,,False,,,,,,,,,,False,False
/application/zukanlist/zkn_data/zukan_enc_platinum.narc,/application/zukanlist/zkn_data/zukan_enc_platinum.narc!/member_01875,0,/application/zukanlist/zkn_data/zukan_enc_platinum.narc,133,1875,,51552,51556,11868,11872,4,df3f619804a92fdb4057192dc43dd748ea778adc52bc498ce80524c014b81119,00000000,,,,,False,,,,,,,,,,False,False
/application/zukanlist/zkn_data/zukan_enc_platinum.narc,/application/zukanlist/zkn_data/zukan_enc_platinum.narc!/member_01876,0,/application/zukanlist/zkn_data/zukan_enc_platinum.narc,133,1876,,51556,51560,11872,11876,4,df3f619804a92fdb4057192dc43dd748ea778adc52bc498ce80524c014b81119,00000000,,,,,False,,,,,,,,,,False,False
/application/zukanlist/zkn_data/zukan_enc_platinum.narc,/application/zukanlist/zkn_data/zukan_enc_platinum.narc!/member_01877,0,/application/zukanlist/zkn_data/zukan_enc_platinum.narc,133,1877,,51560,51564,11876,11880,4,df3f619804a92fdb4057192dc43dd748ea778adc52bc498ce80524c014b81119,00000000,,,,,False,,,,,,,,,,False,False
/application/zukanlist/zkn_data/zukan_enc_platinum.narc,/application/zukanlist/zkn_data/zukan_enc_platinum.narc!/member_01878,0,/application/zukanlist/zkn_data/zukan_enc_platinum.narc,133,1878,,51564,51568,11880,11884,4,df3f619804a92fdb4057192dc43dd748ea778adc52bc498ce80524c014b81119,00000000,,,,,False,,,,,,,,,,False,False
/application/zukanlist/zkn_data/zukan_enc_platinum.narc,/application/zukanlist/zkn_data/zukan_enc_platinum.narc!/member_01879,0,/application/zukanlist/zkn_data/zukan_enc_platinum.narc,133,1879,,51568,51572,11884,11888,4,df3f619804a92fdb4057192dc43dd748ea778adc52bc498ce80524c014b81119,00000000,,,,,False,,,,,,,,,,False,False
/application/zukanlist/zkn_data/zukan_enc_platinum.narc,/application/zukanlist/zkn_data/zukan_enc_platinum.narc!/member_01880,0,/application/zukanlist/zkn_data/zukan_enc_platinum.narc,133,1880,,51572,51576,11888,11892,4,df3f619804a92fdb4057192dc43dd748ea778adc52bc498ce80524c014b81119,00000000,,,,,False,,,,,,,,,,False,False
/application/zukanlist/zkn_data/zukan_enc_platinum.narc,/application/zukanlist/zkn_data/zukan_enc_platinum.narc!/member_01881,0,/application/zukanlist/zkn_data/zukan_enc_platinum.narc,133,1881,,51576,51580,11892,11896,4,df3f619804a92fdb4057192dc43dd748ea778adc52bc498ce80524c014b81119,00000000,,,,,False,,,,,,,,,,False,False
/application/zukanlist/zkn_data/zukan_enc_platinum.narc,/application/zukanlist/zkn_data/zukan_enc_platinum.narc!/member_01882,0,/application/zukanlist/zkn_data/zukan_enc_platinum.narc,133,1882,,51580,51584,11896,11900,4,df3f619804a92fdb4057192dc43dd748ea778adc52bc498ce80524c014b81119,00000000,,,,,False,,,,,,,,,,False,False
/application/zukanlist/zkn_data/zukan_enc_platinum.narc,/application/zukanlist/zkn_data/zukan_enc_platinum.narc!/member_01883,0,/application/zukanlist/zkn_data/zukan_enc_platinum.narc,133,1883,,51584,51588,11900,11904,4,df3f619804a92fdb4057192dc43dd748ea778adc52bc498ce80524c014b81119,00000000,,,,,False,,,,,,,,,,False,False
/application/zukanlist/zkn_data/zukan_enc_platinum.narc,/application/zukanlist/zkn_data/zukan_enc_platinum.narc!/member_01884,0,/application/zukanlist/zkn_data/zukan_enc_platinum.narc,133,1884,,51588,51592,11904,11908,4,df3f619804a92fdb4057192dc43dd748ea778adc52bc498ce80524c014b81119,00000000,,,,,False,,,,,,,,,,False,False
/application/zukanlist/zkn_data/zukan_enc_platinum.narc,/application/zukanlist/zkn_data/zukan_enc_platinum.narc!/member_01885,0,/application/zukanlist/zkn_data/zukan_enc_platinum.narc,133,1885,,51592,51596,11908,11912,4,df3f619804a92fdb4057192dc43dd748ea778adc52bc498ce80524c014b81119,00000000,,,,,False,,,,,,,,,,False,False
/application/zukanlist/zkn_data/zukan_enc_platinum.narc,/application/zukanlist/zkn_data/zukan_enc_platinum.narc!/member_01886,0,/application/zukanlist/zkn_data/zukan_enc_platinum.narc,133,1886,,51596,51600,11912,11916,4,df3f619804a92fdb4057192dc43dd748ea778adc52bc498ce80524c014b81119,00000000,,,,,False,,,,,,,,,,False,False
/application/zukanlist/zkn_data/zukan_enc_platinum.narc,/application/zukanlist/zkn_data/zukan_enc_platinum.narc!/member_01887,0,/application/zukanlist/zkn_data/zukan_enc_platinum.narc,133,1887,,51600,51604,11916,11920,4,df3f619804a92fdb4057192dc43dd748ea778adc52bc498ce80524c014b81119,00000000,,,,,False,,,,,,,,,,False,False
/application/zukanlist/zkn_data/zukan_enc_platinum.narc,/application/zukanlist/zkn_data/zukan_enc_platinum.narc!/member_01888,0,/application/zukanlist/zkn_data/zukan_enc_platinum.narc,133,1888,,51604,51608,11920,11924,4,df3f619804a92fdb4057192dc43dd748ea778adc52bc498ce80524c014b81119,00000000,,,,,False,,,,,,,,,,False,False
/application/zukanlist/zkn_data/zukan_enc_platinum.narc,/application/zukanlist/zkn_data/zukan_enc_platinum.narc!/member_01889,0,/application/zukanlist/zkn_data/zukan_enc_platinum.narc,133,1889,,51608,51612,11924,11928,4,df3f619804a92fdb4057192dc43dd748ea778adc52bc498ce80524c014b81119,00000000,,,,,False,,,,,,,,,,False,False
/application/zukanlist/zkn_data/zukan_enc_platinum.narc,/application/zukanlist/zkn_data/zukan_enc_platinum.narc!/member_01890,0,/application/zukanlist/zkn_data/zukan_enc_platinum.narc,133,1890,,51612,51616,11928,11932,4,df3f619804a92fdb4057192dc43dd748ea778adc52bc498ce80524c014b81119,00000000,,,,,False,,,,,,,,,,False,False
/application/zukanlist/zkn_data/zukan_enc_platinum.narc,/application/zukanlist/zkn_data/zukan_enc_platinum.narc!/member_01891,0,/application/zukanlist/zkn_data/zukan_enc_platinum.narc,133,1891,,51616,51620,11932,11936,4,df3f619804a92fdb4057192dc43dd748ea778adc52bc498ce80524c014b81119,00000000,,,,,False,,,,,,,,,,False,False
/application/zukanlist/zkn_data/zukan_enc_platinum.narc,/application/zukanlist/zkn_data/zukan_enc_platinum.narc!/member_01892,0,/application/zukanlist/zkn_data/zukan_enc_platinum.narc,133,1892,,51620,51624,11936,11940,4,df3f619804a92fdb4057192dc43dd748ea778adc52bc498ce80524c014b81119,00000000,,,,,False,,,,,,,,,,False,False
/application/zukanlist/zkn_data/zukan_enc_platinum.narc,/application/zukanlist/zkn_data/zukan_enc_platinum.narc!/member_01893,0,/application/zukanlist/zkn_data/zukan_enc_platinum.narc,133,1893,,51624,51628,11940,11944,4,df3f619804a92fdb4057192dc43dd748ea778adc52bc498ce80524c014b81119,00000000,,,,,False,,,,,,,,,,False,False
/application/zukanlist/zkn_data/zukan_enc_platinum.narc,/application/zukanlist/zkn_data/zukan_enc_platinum.narc!/member_01894,0,/application/zukanlist/zkn_data/zukan_enc_platinum.narc,133,1894,,51628,51632,11944,11948,4,df3f619804a92fdb4057192dc43dd748ea778adc52bc498ce80524c014b81119,00000000,,,,,False,,,,,,,,,,False,False
/application/zukanlist/zkn_data/zukan_enc_platinum.narc,/application/zukanlist/zkn_data/zukan_enc_platinum.narc!/member_01895,0,/application/zukanlist/zkn_data/zukan_enc_platinum.narc,133,1895,,51632,51636,11948,11952,4,df3f619804a92fdb4057192dc43dd748ea778adc52bc498ce80524c014b81119,00000000,,,,,False,,,,,,,,,,False,False
/application/zukanlist/zkn_data/zukan_enc_platinum.narc,/application/zukanlist/zkn_data/zukan_enc_platinum.narc!/member_01896,0,/application/zukanlist/zkn_data/zukan_enc_platinum.narc,133,1896,,51636,51640,11952,11956,4,df3f619804a92fdb4057192dc43dd748ea778adc52bc498ce80524c014b81119,00000000,,,,,False,,,,,,,,,,False,False
/application/zukanlist/zkn_data/zukan_enc_platinum.narc,/application/zukanlist/zkn_data/zukan_enc_platinum.narc!/member_01897,0,/application/zukanlist/zkn_data/zukan_enc_platinum.narc,133,1897,,51640,51644,11956,11960,4,df3f619804a92fdb4057192dc43dd748ea778adc52bc498ce80524c014b81119,00000000,,,,,False,,,,,,,,,,False,False
/application/zukanlist/zkn_data/zukan_enc_platinum.narc,/application/zukanlist/zkn_data/zukan_enc_platinum.narc!/member_01898,0,/application/zukanlist/zkn_data/zukan_enc_platinum.narc,133,1898,,51644,51648,11960,11964,4,df3f619804a92fdb4057192dc43dd748ea778adc52bc498ce80524c014b81119,00000000,,,,,False,,,,,,,,,,False,False
/application/zukanlist/zkn_data/zukan_enc_platinum.narc,/application/zukanlist/zkn_data/zukan_enc_platinum.narc!/member_01899,0,/application/zukanlist/zkn_data/zukan_enc_platinum.narc,133,1899,,51648,51652,11964,11968,4,df3f619804a92fdb4057192dc43dd748ea778adc52bc498ce80524c014b81119,00000000,,,,,False,,,,,,,,,,False,False
/application/zukanlist/zkn_data/zukan_enc_platinum.narc,/application/zukanlist/zkn_data/zukan_enc_platinum.narc!/member_01900,0,/application/zukanlist/zkn_data/zukan_enc_platinum.narc,133,1900,,51652,51656,11968,11972,4,df3f619804a92fdb4057192dc43dd748ea778adc52bc498ce80524c014b81119,00000000,,,,,False,,,,,,,,,,False,False
/application/zukanlist/zkn_data/zukan_enc_platinum.narc,/application/zukanlist/zkn_data/zukan_enc_platinum.narc!/member_01901,0,/application/zukanlist/zkn_data/zukan_enc_platinum.narc,133,1901,,51656,51664,11972,11980,8,debcea1f166010e428df48387304e45c0bf7843a1fa7f1beb38f852228df789b,1500000000000000,,,,,False,,,,,,,,,,False,False
/application/zukanlist/zkn_data/zukan_enc_platinum.narc,/application/zukanlist/zkn_data/zukan_enc_platinum.narc!/member_01902,0,/application/zukanlist/zkn_data/zukan_enc_platinum.narc,133,1902,,51664,51668,11980,11984,4,df3f619804a92fdb4057192dc43dd748ea778adc52bc498ce80524c014b81119,00000000,,,,,False,,,,,,,,,,False,False
/application/zukanlist/zkn_data/zukan_enc_platinum.narc,/application/zukanlist/zkn_data/zukan_enc_platinum.narc!/member_01903,0,/application/zukanlist/zkn_data/zukan_enc_platinum.narc,133,1903,,51668,51672,11984,11988,4,df3f619804a92fdb4057192dc43dd748ea778adc52bc498ce80524c014b81119,00000000,,,,,False,,,,,,,,,,False,False
/application/zukanlist/zkn_data/zukan_enc_platinum.narc,/application/zukanlist/zkn_data/zukan_enc_platinum.narc!/member_01904,0,/application/zukanlist/zkn_data/zukan_enc_platinum.narc,133,1904,,51672,51680,11988,11996,8,debcea1f166010e428df48387304e45c0bf7843a1fa7f1beb38f852228df789b,1500000000000000,,,,,False,,,,,,,,,,False,False
/application/zukanlist/zkn_data/zukan_enc_platinum.narc,/application/zukanlist/zkn_data/zukan_enc_platinum.narc!/member_01905,0,/application/zukanlist/zkn_data/zukan_enc_platinum.narc,133,1905,,51680,51684,11996,12000,4,df3f619804a92fdb4057192dc43dd748ea778adc52bc498ce80524c014b81119,00000000,,,,,False,,,,,,,,,,False,False
/application/zukanlist/zkn_data/zukan_enc_platinum.narc,/application/zukanlist/zkn_data/zukan_enc_platinum.narc!/member_01906,0,/application/zukanlist/zkn_data/zukan_enc_platinum.narc,133,1906,,51684,51688,12000,12004,4,df3f619804a92fdb4057192dc43dd748ea778adc52bc498ce80524c014b81119,00000000,,,,,False,,,,,,,,,,False,False
/application/zukanlist/zkn_data/zukan_enc_platinum.narc,/application/zukanlist/zkn_data/zukan_enc_platinum.narc!/member_01907,0,/application/zukanlist/zkn_data/zukan_enc_platinum.narc,133,1907,,51688,51692,12004,12008,4,df3f619804a92fdb4057192dc43dd748ea778adc52bc498ce80524c014b81119,00000000,,,,,False,,,,,,,,,,False,False
/application/zukanlist/zkn_data/zukan_enc_platinum.narc,/application/zukanlist/zkn_data/zukan_enc_platinum.narc!/member_01908,0,/application/zukanlist/zkn_data/zukan_enc_platinum.narc,133,1908,,51692,51696,12008,12012,4,df3f619804a92fdb4057192dc43dd748ea778adc52bc498ce80524c014b81119,00000000,,,,,False,,,,,,,,,,False,False
/application/zukanlist/zkn_data/zukan_enc_platinum.narc,/application/zukanlist/zkn_data/zukan_enc_platinum.narc!/member_01909,0,/application/zukanlist/zkn_data/zukan_enc_platinum.narc,133,1909,,51696,51704,12012,12020,8,debcea1f166010e428df48387304e45c0bf7843a1fa7f1beb38f852228df789b,1500000000000000,,,,,False,,,,,,,,,,False,False
/application/zukanlist/zkn_data/zukan_enc_platinum.narc,/application/zukanlist/zkn_data/zukan_enc_platinum.narc!/member_01910,0,/application/zukanlist/zkn_data/zukan_enc_platinum.narc,133,1910,,51704,51708,12020,12024,4,df3f619804a92fdb4057192dc43dd748ea778adc52bc498ce80524c014b81119,00000000,,,,,False,,,,,,,,,,False,False
/application/zukanlist/zkn_data/zukan_enc_platinum.narc,/application/zukanlist/zkn_data/zukan_enc_platinum.narc!/member_01911,0,/application/zukanlist/zkn_data/zukan_enc_platinum.narc,133,1911,,51708,51712,12024,12028,4,df3f619804a92fdb4057192dc43dd748ea778adc52bc498ce80524c014b81119,00000000,,,,,False,,,,,,,,,,False,False
/application/zukanlist/zkn_data/zukan_enc_platinum.narc,/application/zukanlist/zkn_data/zukan_enc_platinum.narc!/member_01912,0,/application/zukanlist/zkn_data/zukan_enc_platinum.narc,133,1912,,51712,51716,12028,12032,4,df3f619804a92fdb4057192dc43dd748ea778adc52bc498ce80524c014b81119,00000000,,,,,False,,,,,,,,,,False,False
/application/zukanlist/zkn_data/zukan_enc_platinum.narc,/application/zukanlist/zkn_data/zukan_enc_platinum.narc!/member_01913,0,/application/zukanlist/zkn_data/zukan_enc_platinum.narc,133,1913,,51716,51720,12032,12036,4,df3f619804a92fdb4057192dc43dd748ea778adc52bc498ce80524c014b81119,00000000,,,,,False,,,,,,,,,,False,False
/application/zukanlist/zkn_data/zukan_enc_platinum.narc,/application/zukanlist/zkn_data/zukan_enc_platinum.narc!/member_01914,0,/application/zukanlist/zkn_data/zukan_enc_platinum.narc,133,1914,,51720,51724,12036,12040,4,df3f619804a92fdb4057192dc43dd748ea778adc52bc498ce80524c014b81119,00000000,,,,,False,,,,,,,,,,False,False
/application/zukanlist/zkn_data/zukan_enc_platinum.narc,/application/zukanlist/zkn_data/zukan_enc_platinum.narc!/member_01915,0,/application/zukanlist/zkn_data/zukan_enc_platinum.narc,133,1915,,51724,51728,12040,12044,4,df3f619804a92fdb4057192dc43dd748ea778adc52bc498ce80524c014b81119,00000000,,,,,False,,,,,,,,,,False,False
/application/zukanlist/zkn_data/zukan_enc_platinum.narc,/application/zukanlist/zkn_data/zukan_enc_platinum.narc!/member_01916,0,/application/zukanlist/zkn_data/zukan_enc_platinum.narc,133,1916,,51728,51732,12044,12048,4,df3f619804a92fdb4057192dc43dd748ea778adc52bc498ce80524c014b81119,00000000,,,,,False,,,,,,,,,,False,False
/application/zukanlist/zkn_data/zukan_enc_platinum.narc,/application/zukanlist/zkn_data/zukan_enc_platinum.narc!/member_01917,0,/application/zukanlist/zkn_data/zukan_enc_platinum.narc,133,1917,,51732,51736,12048,12052,4,df3f619804a92fdb4057192dc43dd748ea778adc52bc498ce80524c014b81119,00000000,,,,,False,,,,,,,,,,False,False
/application/zukanlist/zkn_data/zukan_enc_platinum.narc,/application/zukanlist/zkn_data/zukan_enc_platinum.narc!/member_01918,0,/application/zukanlist/zkn_data/zukan_enc_platinum.narc,133,1918,,51736,51740,12052,12056,4,df3f619804a92fdb4057192dc43dd748ea778adc52bc498ce80524c014b81119,00000000,,,,,False,,,,,,,,,,False,False
/application/zukanlist/zkn_data/zukan_enc_platinum.narc,/application/zukanlist/zkn_data/zukan_enc_platinum.narc!/member_01919,0,/application/zukanlist/zkn_data/zukan_enc_platinum.narc,133,1919,,51740,51744,12056,12060,4,df3f619804a92fdb4057192dc43dd748ea778adc52bc498ce80524c014b81119,00000000,,,,,False,,,,,,,,,,False,False
/application/zukanlist/zkn_data/zukan_enc_platinum.narc,/application/zukanlist/zkn_data/zukan_enc_platinum.narc!/member_01920,0,/application/zukanlist/zkn_data/zukan_enc_platinum.narc,133,1920,,51744,51748,12060,12064,4,df3f619804a92fdb4057192dc43dd748ea778adc52bc498ce80524c014b81119,00000000,,,,,False,,,,,,,,,,False,False
/application/zukanlist/zkn_data/zukan_enc_platinum.narc,/application/zukanlist/zkn_data/zukan_enc_platinum.narc!/member_01921,0,/application/zukanlist/zkn_data/zukan_enc_platinum.narc,133,1921,,51748,51752,12064,12068,4,df3f619804a92fdb4057192dc43dd748ea778adc52bc498ce80524c014b81119,00000000,,,,,False,,,,,,,,,,False,False
/application/zukanlist/zkn_data/zukan_enc_platinum.narc,/application/zukanlist/zkn_data/zukan_enc_platinum.narc!/member_01922,0,/application/zukanlist/zkn_data/zukan_enc_platinum.narc,133,1922,,51752,51756,12068,12072,4,df3f619804a92fdb4057192dc43dd748ea778adc52bc498ce80524c014b81119,00000000,,,,,False,,,,,,,,,,False,False
/application/zukanlist/zkn_data/zukan_enc_platinum.narc,/application/zukanlist/zkn_data/zukan_enc_platinum.narc!/member_01923,0,/application/zukanlist/zkn_data/zukan_enc_platinum.narc,133,1923,,51756,51760,12072,12076,4,df3f619804a92fdb4057192dc43dd748ea778adc52bc498ce80524c014b81119,00000000,,,,,False,,,,,,,,,,False,False
/application/zukanlist/zkn_data/zukan_enc_platinum.narc,/application/zukanlist/zkn_data/zukan_enc_platinum.narc!/member_01924,0,/application/zukanlist/zkn_data/zukan_enc_platinum.narc,133,1924,,51760,51764,12076,12080,4,df3f619804a92fdb4057192dc43dd748ea778adc52bc498ce80524c014b81119,00000000,,,,,False,,,,,,,,,,False,False
/application/zukanlist/zkn_data/zukan_enc_platinum.narc,/application/zukanlist/zkn_data/zukan_enc_platinum.narc!/member_01925,0,/application/zukanlist/zkn_data/zukan_enc_platinum.narc,133,1925,,51764,51768,12080,12084,4,df3f619804a92fdb4057192dc43dd748ea778adc52bc498ce80524c014b81119,00000000,,,,,False,,,,,,,,,,False,False
/application/zukanlist/zkn_data/zukan_enc_platinum.narc,/application/zukanlist/zkn_data/zukan_enc_platinum.narc!/member_01926,0,/application/zukanlist/zkn_data/zukan_enc_platinum.narc,133,1926,,51768,51772,12084,12088,4,df3f619804a92fdb4057192dc43dd748ea778adc52bc498ce80524c014b81119,00000000,,,,,False,,,,,,,,,,False,False
/application/zukanlist/zkn_data/zukan_enc_platinum.narc,/application/zukanlist/zkn_data/zukan_enc_platinum.narc!/member_01927,0,/application/zukanlist/zkn_data/zukan_enc_platinum.narc,133,1927,,51772,51776,12088,12092,4,df3f619804a92fdb4057192dc43dd748ea778adc52bc498ce80524c014b81119,00000000,,,,,False,,,,,,,,,,False,False
/application/zukanlist/zkn_data/zukan_enc_platinum.narc,/application/zukanlist/zkn_data/zukan_enc_platinum.narc!/member_01928,0,/application/zukanlist/zkn_data/zukan_enc_platinum.narc,133,1928,,51776,51780,12092,12096,4,df3f619804a92fdb4057192dc43dd748ea778adc52bc498ce80524c014b81119,00000000,,,,,False,,,,,,,,,,False,False
/application/zukanlist/zkn_data/zukan_enc_platinum.narc,/application/zukanlist/zkn_data/zukan_enc_platinum.narc!/member_01929,0,/application/zukanlist/zkn_data/zukan_enc_platinum.narc,133,1929,,51780,51784,12096,12100,4,df3f619804a92fdb4057192dc43dd748ea778adc52bc498ce80524c014b81119,00000000,,,,,False,,,,,,,,,,False,False
/application/zukanlist/zkn_data/zukan_enc_platinum.narc,/application/zukanlist/zkn_data/zukan_enc_platinum.narc!/member_01930,0,/application/zukanlist/zkn_data/zukan_enc_platinum.narc,133,1930,,51784,51788,12100,12104,4,df3f619804a92fdb4057192dc43dd748ea778adc52bc498ce80524c014b81119,00000000,,,,,False,,,,,,,,,,False,False
/application/zukanlist/zkn_data/zukan_enc_platinum.narc,/application/zukanlist/zkn_data/zukan_enc_platinum.narc!/member_01931,0,/application/zukanlist/zkn_data/zukan_enc_platinum.narc,133,1931,,51788,51792,12104,12108,4,df3f619804a92fdb4057192dc43dd748ea778adc52bc498ce80524c014b81119,00000000,,,,,False,,,,,,,,,,False,False
/application/zukanlist/zkn_data/zukan_enc_platinum.narc,/application/zukanlist/zkn_data/zukan_enc_platinum.narc!/member_01932,0,/application/zukanlist/zkn_data/zukan_enc_platinum.narc,133,1932,,51792,51796,12108,12112,4,df3f619804a92fdb4057192dc43dd748ea778adc52bc498ce80524c014b81119,00000000,,,,,False,,,,,,,,,,False,False
/application/zukanlist/zkn_data/zukan_enc_platinum.narc,/application/zukanlist/zkn_data/zukan_enc_platinum.narc!/member_01933,0,/application/zukanlist/zkn_data/zukan_enc_platinum.narc,133,1933,,51796,51800,12112,12116,4,df3f619804a92fdb4057192dc43dd748ea778adc52bc498ce80524c014b81119,00000000,,,,,False,,,,,,,,,,False,False
/application/zukanlist/zkn_data/zukan_enc_platinum.narc,/application/zukanlist/zkn_data/zukan_enc_platinum.narc!/member_01934,0,/application/zukanlist/zkn_data/zukan_enc_platinum.narc,133,1934,,51800,51804,12116,12120,4,df3f619804a92fdb4057192dc43dd748ea778adc52bc498ce80524c014b81119,00000000,,,,,False,,,,,,,,,,False,False
/application/zukanlist/zkn_data/zukan_enc_platinum.narc,/application/zukanlist/zkn_data/zukan_enc_platinum.narc!/member_01935,0,/application/zukanlist/zkn_data/zukan_enc_platinum.narc,133,1935,,51804,51808,12120,12124,4,df3f619804a92fdb4057192dc43dd748ea778adc52bc498ce80524c014b81119,00000000,,,,,False,,,,,,,,,,False,False
/application/zukanlist/zkn_data/zukan_enc_platinum.narc,/application/zukanlist/zkn_data/zukan_enc_platinum.narc!/member_01936,0,/application/zukanlist/zkn_data/zukan_enc_platinum.narc,133,1936,,51808,51812,12124,12128,4,df3f619804a92fdb4057192dc43dd748ea778adc52bc498ce80524c014b81119,00000000,,,,,False,,,,,,,,,,False,False
/application/zukanlist/zkn_data/zukan_enc_platinum.narc,/application/zukanlist/zkn_data/zukan_enc_platinum.narc!/member_01937,0,/application/zukanlist/zkn_data/zukan_enc_platinum.narc,133,1937,,51812,51816,12128,12132,4,df3f619804a92fdb4057192dc43dd748ea778adc52bc498ce80524c014b81119,00000000,,,,,False,,,,,,,,,,False,False
/application/zukanlist/zkn_data/zukan_enc_platinum.narc,/application/zukanlist/zkn_data/zukan_enc_platinum.narc!/member_01938,0,/application/zukanlist/zkn_data/zukan_enc_platinum.narc,133,1938,,51816,51820,12132,12136,4,df3f619804a92fdb4057192dc43dd748ea778adc52bc498ce80524c014b81119,00000000,,,,,False,,,,,,,,,,False,False
/application/zukanlist/zkn_data/zukan_enc_platinum.narc,/application/zukanlist/zkn_data/zukan_enc_platinum.narc!/member_01939,0,/application/zukanlist/zkn_data/zukan_enc_platinum.narc,133,1939,,51820,51824,12136,12140,4,df3f619804a92fdb4057192dc43dd748ea778adc52bc498ce80524c014b81119,00000000,,,,,False,,,,,,,,,,False,False
/application/zukanlist/zkn_data/zukan_enc_platinum.narc,/application/zukanlist/zkn_data/zukan_enc_platinum.narc!/member_01940,0,/application/zukanlist/zkn_data/zukan_enc_platinum.narc,133,1940,,51824,51832,12140,12148,8,f0a0278e4372459cca6159cd5e71cfee638302a7b9ca9b05c34181ac0a65ac5d,0400000000000000,,,,,False,,,,,,,,,,False,False
/application/zukanlist/zkn_data/zukan_enc_platinum.narc,/application/zukanlist/zkn_data/zukan_enc_platinum.narc!/member_01941,0,/application/zukanlist/zkn_data/zukan_enc_platinum.narc,133,1941,,51832,51836,12148,12152,4,df3f619804a92fdb4057192dc43dd748ea778adc52bc498ce80524c014b81119,00000000,,,,,False,,,,,,,,,,False,False
/application/zukanlist/zkn_data/zukan_enc_platinum.narc,/application/zukanlist/zkn_data/zukan_enc_platinum.narc!/member_01942,0,/application/zukanlist/zkn_data/zukan_enc_platinum.narc,133,1942,,51836,51844,12152,12160,8,f0a0278e4372459cca6159cd5e71cfee638302a7b9ca9b05c34181ac0a65ac5d,0400000000000000,,,,,False,,,,,,,,,,False,False
/application/zukanlist/zkn_data/zukan_enc_platinum.narc,/application/zukanlist/zkn_data/zukan_enc_platinum.narc!/member_01943,0,/application/zukanlist/zkn_data/zukan_enc_platinum.narc,133,1943,,51844,51848,12160,12164,4,df3f619804a92fdb4057192dc43dd748ea778adc52bc498ce80524c014b81119,00000000,,,,,False,,,,,,,,,,False,False
/application/zukanlist/zkn_data/zukan_enc_platinum.narc,/application/zukanlist/zkn_data/zukan_enc_platinum.narc!/member_01944,0,/application/zukanlist/zkn_data/zukan_enc_platinum.narc,133,1944,,51848,51856,12164,12172,8,f0a0278e4372459cca6159cd5e71cfee638302a7b9ca9b05c34181ac0a65ac5d,0400000000000000,,,,,False,,,,,,,,,,False,False
/application/zukanlist/zkn_data/zukan_enc_platinum.narc,/application/zukanlist/zkn_data/zukan_enc_platinum.narc!/member_01945,0,/application/zukanlist/zkn_data/zukan_enc_platinum.narc,133,1945,,51856,51860,12172,12176,4,df3f619804a92fdb4057192dc43dd748ea778adc52bc498ce80524c014b81119,00000000,,,,,False,,,,,,,,,,False,False
/application/zukanlist/zkn_data/zukan_enc_platinum.narc,/application/zukanlist/zkn_data/zukan_enc_platinum.narc!/member_01946,0,/application/zukanlist/zkn_data/zukan_enc_platinum.narc,133,1946,,51860,51864,12176,12180,4,df3f619804a92fdb4057192dc43dd748ea778adc52bc498ce80524c014b81119,00000000,,,,,False,,,,,,,,,,False,False
/application/zukanlist/zkn_data/zukan_enc_platinum.narc,/application/zukanlist/zkn_data/zukan_enc_platinum.narc!/member_01947,0,/application/zukanlist/zkn_data/zukan_enc_platinum.narc,133,1947,,51864,51868,12180,12184,4,df3f619804a92fdb4057192dc43dd748ea778adc52bc498ce80524c014b81119,00000000,,,,,False,,,,,,,,,,False,False
/application/zukanlist/zkn_data/zukan_enc_platinum.narc,/application/zukanlist/zkn_data/zukan_enc_platinum.narc!/member_01948,0,/application/zukanlist/zkn_data/zukan_enc_platinum.narc,133,1948,,51868,51872,12184,12188,4,df3f619804a92fdb4057192dc43dd748ea778adc52bc498ce80524c014b81119,00000000,,,,,False,,,,,,,,,,False,False
/application/zukanlist/zkn_data/zukan_enc_platinum.narc,/application/zukanlist/zkn_data/zukan_enc_platinum.narc!/member_01949,0,/application/zukanlist/zkn_data/zukan_enc_platinum.narc,133,1949,,51872,51876,12188,12192,4,df3f619804a92fdb4057192dc43dd748ea778adc52bc498ce80524c014b81119,00000000,,,,,False,,,,,,,,,,False,False
/application/zukanlist/zkn_data/zukan_enc_platinum.narc,/application/zukanlist/zkn_data/zukan_enc_platinum.narc!/member_01950,0,/application/zukanlist/zkn_data/zukan_enc_platinum.narc,133,1950,,51876,51880,12192,12196,4,df3f619804a92fdb4057192dc43dd748ea778adc52bc498ce80524c014b81119,00000000,,,,,False,,,,,,,,,,False,False
/application/zukanlist/zkn_data/zukan_enc_platinum.narc,/application/zukanlist/zkn_data/zukan_enc_platinum.narc!/member_01951,0,/application/zukanlist/zkn_data/zukan_enc_platinum.narc,133,1951,,51880,51884,12196,12200,4,df3f619804a92fdb4057192dc43dd748ea778adc52bc498ce80524c014b81119,00000000,,,,,False,,,,,,,,,,False,False
/application/zukanlist/zkn_data/zukan_enc_platinum.narc,/application/zukanlist/zkn_data/zukan_enc_platinum.narc!/member_01952,0,/application/zukanlist/zkn_data/zukan_enc_platinum.narc,133,1952,,51884,51888,12200,12204,4,df3f619804a92fdb4057192dc43dd748ea778adc52bc498ce80524c014b81119,00000000,,,,,False,,,,,,,,,,False,False
/application/zukanlist/zkn_data/zukan_enc_platinum.narc,/application/zukanlist/zkn_data/zukan_enc_platinum.narc!/member_01953,0,/application/zukanlist/zkn_data/zukan_enc_platinum.narc,133,1953,,51888,51892,12204,12208,4,df3f619804a92fdb4057192dc43dd748ea778adc52bc498ce80524c014b81119,00000000,,,,,False,,,,,,,,,,False,False
/application/zukanlist/zkn_data/zukan_enc_platinum.narc,/application/zukanlist/zkn_data/zukan_enc_platinum.narc!/member_01954,0,/application/zukanlist/zkn_data/zukan_enc_platinum.narc,133,1954,,51892,51896,12208,12212,4,df3f619804a92fdb4057192dc43dd748ea778adc52bc498ce80524c014b81119,00000000,,,,,False,,,,,,,,,,False,False
/application/zukanlist/zkn_data/zukan_enc_platinum.narc,/application/zukanlist/zkn_data/zukan_enc_platinum.narc!/member_01955,0,/application/zukanlist/zkn_data/zukan_enc_platinum.narc,133,1955,,51896,51900,12212,12216,4,df3f619804a92fdb4057192dc43dd748ea778adc52bc498ce80524c014b81119,00000000,,,,,False,,,,,,,,,,False,False
/application/zukanlist/zkn_data/zukan_enc_platinum.narc,/application/zukanlist/zkn_data/zukan_enc_platinum.narc!/member_01956,0,/application/zukanlist/zkn_data/zukan_enc_platinum.narc,133,1956,,51900,51904,12216,12220,4,df3f619804a92fdb4057192dc43dd748ea778adc52bc498ce80524c014b81119,00000000,,,,,False,,,,,,,,,,False,False
/application/zukanlist/zkn_data/zukan_enc_platinum.narc,/application/zukanlist/zkn_data/zukan_enc_platinum.narc!/member_01957,0,/application/zukanlist/zkn_data/zukan_enc_platinum.narc,133,1957,,51904,51908,12220,12224,4,df3f619804a92fdb4057192dc43dd748ea778adc52bc498ce80524c014b81119,00000000,,,,,False,,,,,,,,,,False,False
/application/zukanlist/zkn_data/zukan_enc_platinum.narc,/application/zukanlist/zkn_data/zukan_enc_platinum.narc!/member_01958,0,/application/zukanlist/zkn_data/zukan_enc_platinum.narc,133,1958,,51908,51912,12224,12228,4,df3f619804a92fdb4057192dc43dd748ea778adc52bc498ce80524c014b81119,00000000,,,,,False,,,,,,,,,,False,False
/application/zukanlist/zkn_data/zukan_enc_platinum.narc,/application/zukanlist/zkn_data/zukan_enc_platinum.narc!/member_01959,0,/application/zukanlist/zkn_data/zukan_enc_platinum.narc,133,1959,,51912,51916,12228,12232,4,df3f619804a92fdb4057192dc43dd748ea778adc52bc498ce80524c014b81119,00000000,,,,,False,,,,,,,,,,False,False
/application/zukanlist/zkn_data/zukan_enc_platinum.narc,/application/zukanlist/zkn_data/zukan_enc_platinum.narc!/member_01960,0,/application/zukanlist/zkn_data/zukan_enc_platinum.narc,133,1960,,51916,51920,12232,12236,4,df3f619804a92fdb4057192dc43dd748ea778adc52bc498ce80524c014b81119,00000000,,,,,False,,,,,,,,,,False,False
/application/zukanlist/zkn_data/zukan_enc_platinum.narc,/application/zukanlist/zkn_data/zukan_enc_platinum.narc!/member_01961,0,/application/zukanlist/zkn_data/zukan_enc_platinum.narc,133,1961,,51920,51924,12236,12240,4,df3f619804a92fdb4057192dc43dd748ea778adc52bc498ce80524c014b81119,00000000,,,,,False,,,,,,,,,,False,False
/application/zukanlist/zkn_data/zukan_enc_platinum.narc,/application/zukanlist/zkn_data/zukan_enc_platinum.narc!/member_01962,0,/application/zukanlist/zkn_data/zukan_enc_platinum.narc,133,1962,,51924,51928,12240,12244,4,df3f619804a92fdb4057192dc43dd748ea778adc52bc498ce80524c014b81119,00000000,,,,,False,,,,,,,,,,False,False
/application/zukanlist/zkn_data/zukan_enc_platinum.narc,/application/zukanlist/zkn_data/zukan_enc_platinum.narc!/member_01963,0,/application/zukanlist/zkn_data/zukan_enc_platinum.narc,133,1963,,51928,51932,12244,12248,4,df3f619804a92fdb4057192dc43dd748ea778adc52bc498ce80524c014b81119,00000000,,,,,False,,,,,,,,,,False,False
/application/zukanlist/zkn_data/zukan_enc_platinum.narc,/application/zukanlist/zkn_data/zukan_enc_platinum.narc!/member_01964,0,/application/zukanlist/zkn_data/zukan_enc_platinum.narc,133,1964,,51932,51936,12248,12252,4,df3f619804a92fdb4057192dc43dd748ea778adc52bc498ce80524c014b81119,00000000,,,,,False,,,,,,,,,,False,False
/application/zukanlist/zkn_data/zukan_enc_platinum.narc,/application/zukanlist/zkn_data/zukan_enc_platinum.narc!/member_01965,0,/application/zukanlist/zkn_data/zukan_enc_platinum.narc,133,1965,,51936,51940,12252,12256,4,df3f619804a92fdb4057192dc43dd748ea778adc52bc498ce80524c014b81119,00000000,,,,,False,,,,,,,,,,False,False
/application/zukanlist/zkn_data/zukan_enc_platinum.narc,/application/zukanlist/zkn_data/zukan_enc_platinum.narc!/member_01966,0,/application/zukanlist/zkn_data/zukan_enc_platinum.narc,133,1966,,51940,51944,12256,12260,4,df3f619804a92fdb4057192dc43dd748ea778adc52bc498ce80524c014b81119,00000000,,,,,False,,,,,,,,,,False,False
/application/zukanlist/zkn_data/zukan_enc_platinum.narc,/application/zukanlist/zkn_data/zukan_enc_platinum.narc!/member_01967,0,/application/zukanlist/zkn_data/zukan_enc_platinum.narc,133,1967,,51944,51948,12260,12264,4,df3f619804a92fdb4057192dc43dd748ea778adc52bc498ce80524c014b81119,00000000,,,,,False,,,,,,,,,,False,False
/application/zukanlist/zkn_data/zukan_enc_platinum.narc,/application/zukanlist/zkn_data/zukan_enc_platinum.narc!/member_01968,0,/application/zukanlist/zkn_data/zukan_enc_platinum.narc,133,1968,,51948,51952,12264,12268,4,df3f619804a92fdb4057192dc43dd748ea778adc52bc498ce80524c014b81119,00000000,,,,,False,,,,,,,,,,False,False
/application/zukanlist/zkn_data/zukan_enc_platinum.narc,/application/zukanlist/zkn_data/zukan_enc_platinum.narc!/member_01969,0,/application/zukanlist/zkn_data/zukan_enc_platinum.narc,133,1969,,51952,51956,12268,12272,4,df3f619804a92fdb4057192dc43dd748ea778adc52bc498ce80524c014b81119,00000000,,,,,False,,,,,,,,,,False,False
/application/zukanlist/zkn_data/zukan_enc_platinum.narc,/application/zukanlist/zkn_data/zukan_enc_platinum.narc!/member_01970,0,/application/zukanlist/zkn_data/zukan_enc_platinum.narc,133,1970,,51956,51960,12272,12276,4,df3f619804a92fdb4057192dc43dd748ea778adc52bc498ce80524c014b81119,00000000,,,,,False,,,,,,,,,,False,False
/application/zukanlist/zkn_data/zukan_enc_platinum.narc,/application/zukanlist/zkn_data/zukan_enc_platinum.narc!/member_01971,0,/application/zukanlist/zkn_data/zukan_enc_platinum.narc,133,1971,,51960,51964,12276,12280,4,df3f619804a92fdb4057192dc43dd748ea778adc52bc498ce80524c014b81119,00000000,,,,,False,,,,,,,,,,False,False
/application/zukanlist/zkn_data/zukan_enc_platinum.narc,/application/zukanlist/zkn_data/zukan_enc_platinum.narc!/member_01972,0,/application/zukanlist/zkn_data/zukan_enc_platinum.narc,133,1972,,51964,51968,12280,12284,4,df3f619804a92fdb4057192dc43dd748ea778adc52bc498ce80524c014b81119,00000000,,,,,False,,,,,,,,,,False,False
/application/zukanlist/zkn_data/zukan_enc_platinum.narc,/application/zukanlist/zkn_data/zukan_enc_platinum.narc!/member_01973,0,/application/zukanlist/zkn_data/zukan_enc_platinum.narc,133,1973,,51968,51972,12284,12288,4,df3f619804a92fdb4057192dc43dd748ea778adc52bc498ce80524c014b81119,00000000,,,,,False,,,,,,,,,,False,False
/application/zukanlist/zkn_data/zukan_enc_platinum.narc,/application/zukanlist/zkn_data/zukan_enc_platinum.narc!/member_01974,0,/application/zukanlist/zkn_data/zukan_enc_platinum.narc,133,1974,,51972,51976,12288,12292,4,df3f619804a92fdb4057192dc43dd748ea778adc52bc498ce80524c014b81119,00000000,,,,,False,,,,,,,,,,False,False
/application/zukanlist/zkn_data/zukan_enc_platinum.narc,/application/zukanlist/zkn_data/zukan_enc_platinum.narc!/member_01975,0,/application/zukanlist/zkn_data/zukan_enc_platinum.narc,133,1975,,51976,51980,12292,12296,4,df3f619804a92fdb4057192dc43dd748ea778adc52bc498ce80524c014b81119,00000000,,,,,False,,,,,,,,,,False,False
/application/zukanlist/zkn_data/zukan_enc_platinum.narc,/application/zukanlist/zkn_data/zukan_enc_platinum.narc!/member_01976,0,/application/zukanlist/zkn_data/zukan_enc_platinum.narc,133,1976,,51980,51984,12296,12300,4,df3f619804a92fdb4057192dc43dd748ea778adc52bc498ce80524c014b81119,00000000,,,,,False,,,,,,,,,,False,False
/application/zukanlist/zkn_data/zukan_enc_platinum.narc,/application/zukanlist/zkn_data/zukan_enc_platinum.narc!/member_01977,0,/application/zukanlist/zkn_data/zukan_enc_platinum.narc,133,1977,,51984,51988,12300,12304,4,df3f619804a92fdb4057192dc43dd748ea778adc52bc498ce80524c014b81119,00000000,,,,,False,,,,,,,,,,False,False
/application/zukanlist/zkn_data/zukan_enc_platinum.narc,/application/zukanlist/zkn_data/zukan_enc_platinum.narc!/member_01978,0,/application/zukanlist/zkn_data/zukan_enc_platinum.narc,133,1978,,51988,51992,12304,12308,4,df3f619804a92fdb4057192dc43dd748ea778adc52bc498ce80524c014b81119,00000000,,,,,False,,,,,,,,,,False,False
/application/zukanlist/zkn_data/zukan_enc_platinum.narc,/application/zukanlist/zkn_data/zukan_enc_platinum.narc!/member_01979,0,/application/zukanlist/zkn_data/zukan_enc_platinum.narc,133,1979,,51992,51996,12308,12312,4,df3f619804a92fdb4057192dc43dd748ea778adc52bc498ce80524c014b81119,00000000,,,,,False,,,,,,,,,,False,False
/application/zukanlist/zkn_data/zukan_enc_platinum.narc,/application/zukanlist/zkn_data/zukan_enc_platinum.narc!/member_01980,0,/application/zukanlist/zkn_data/zukan_enc_platinum.narc,133,1980,,51996,52000,12312,12316,4,df3f619804a92fdb4057192dc43dd748ea778adc52bc498ce80524c014b81119,00000000,,,,,False,,,,,,,,,,False,False
/application/zukanlist/zkn_data/zukan_enc_platinum.narc,/application/zukanlist/zkn_data/zukan_enc_platinum.narc!/member_01981,0,/application/zukanlist/zkn_data/zukan_enc_platinum.narc,133,1981,,52000,52004,12316,12320,4,df3f619804a92fdb4057192dc43dd748ea778adc52bc498ce80524c014b81119,00000000,,,,,False,,,,,,,,,,False,False
/application/zukanlist/zkn_data/zukan_enc_platinum.narc,/application/zukanlist/zkn_data/zukan_enc_platinum.narc!/member_01982,0,/application/zukanlist/zkn_data/zukan_enc_platinum.narc,133,1982,,52004,52008,12320,12324,4,df3f619804a92fdb4057192dc43dd748ea778adc52bc498ce80524c014b81119,00000000,,,,,False,,,,,,,,,,False,False
/application/zukanlist/zkn_data/zukan_enc_platinum.narc,/application/zukanlist/zkn_data/zukan_enc_platinum.narc!/member_01983,0,/application/zukanlist/zkn_data/zukan_enc_platinum.narc,133,1983,,52008,52012,12324,12328,4,df3f619804a92fdb4057192dc43dd748ea778adc52bc498ce80524c014b81119,00000000,,,,,False,,,,,,,,,,False,False
/application/zukanlist/zkn_data/zukan_enc_platinum.narc,/application/zukanlist/zkn_data/zukan_enc_platinum.narc!/member_01984,0,/application/zukanlist/zkn_data/zukan_enc_platinum.narc,133,1984,,52012,52016,12328,12332,4,df3f619804a92fdb4057192dc43dd748ea778adc52bc498ce80524c014b81119,00000000,,,,,False,,,,,,,,,,False,False
/application/zukanlist/zkn_data/zukan_enc_platinum.narc,/application/zukanlist/zkn_data/zukan_enc_platinum.narc!/member_01985,0,/application/zukanlist/zkn_data/zukan_enc_platinum.narc,133,1985,,52016,52020,12332,12336,4,df3f619804a92fdb4057192dc43dd748ea778adc52bc498ce80524c014b81119,00000000,,,,,False,,,,,,,,,,False,False
/application/zukanlist/zkn_data/zukan_enc_platinum.narc,/application/zukanlist/zkn_data/zukan_enc_platinum.narc!/member_01986,0,/application/zukanlist/zkn_data/zukan_enc_platinum.narc,133,1986,,52020,52024,12336,12340,4,df3f619804a92fdb4057192dc43dd748ea778adc52bc498ce80524c014b81119,00000000,,,,,False,,,,,,,,,,False,False
/application/zukanlist/zkn_data/zukan_enc_platinum.narc,/application/zukanlist/zkn_data/zukan_enc_platinum.narc!/member_01987,0,/application/zukanlist/zkn_data/zukan_enc_platinum.narc,133,1987,,52024,52028,12340,12344,4,df3f619804a92fdb4057192dc43dd748ea778adc52bc498ce80524c014b81119,00000000,,,,,False,,,,,,,,,,False,False
/application/zukanlist/zkn_data/zukan_enc_platinum.narc,/application/zukanlist/zkn_data/zukan_enc_platinum.narc!/member_01988,0,/application/zukanlist/zkn_data/zukan_enc_platinum.narc,133,1988,,52028,52032,12344,12348,4,df3f619804a92fdb4057192dc43dd748ea778adc52bc498ce80524c014b81119,00000000,,,,,False,,,,,,,,,,False,False
/application/zukanlist/zkn_data/zukan_enc_platinum.narc,/application/zukanlist/zkn_data/zukan_enc_platinum.narc!/member_01989,0,/application/zukanlist/zkn_data/zukan_enc_platinum.narc,133,1989,,52032,52036,12348,12352,4,df3f619804a92fdb4057192dc43dd748ea778adc52bc498ce80524c014b81119,00000000,,,,,False,,,,,,,,,,False,False
/application/zukanlist/zkn_data/zukan_enc_platinum.narc,/application/zukanlist/zkn_data/zukan_enc_platinum.narc!/member_01990,0,/application/zukanlist/zkn_data/zukan_enc_platinum.narc,133,1990,,52036,52040,12352,12356,4,df3f619804a92fdb4057192dc43dd748ea778adc52bc498ce80524c014b81119,00000000,,,,,False,,,,,,,,,,False,False
/application/zukanlist/zkn_data/zukan_enc_platinum.narc,/application/zukanlist/zkn_data/zukan_enc_platinum.narc!/member_01991,0,/application/zukanlist/zkn_data/zukan_enc_platinum.narc,133,1991,,52040,52044,12356,12360,4,df3f619804a92fdb4057192dc43dd748ea778adc52bc498ce80524c014b81119,00000000,,,,,False,,,,,,,,,,False,False
/application/zukanlist/zkn_data/zukan_enc_platinum.narc,/application/zukanlist/zkn_data/zukan_enc_platinum.narc!/member_01992,0,/application/zukanlist/zkn_data/zukan_enc_platinum.narc,133,1992,,52044,52048,12360,12364,4,df3f619804a92fdb4057192dc43dd748ea778adc52bc498ce80524c014b81119,00000000,,,,,False,,,,,,,,,,False,False
/application/zukanlist/zkn_data/zukan_enc_platinum.narc,/application/zukanlist/zkn_data/zukan_enc_platinum.narc!/member_01993,0,/application/zukanlist/zkn_data/zukan_enc_platinum.narc,133,1993,,52048,52052,12364,12368,4,df3f619804a92fdb4057192dc43dd748ea778adc52bc498ce80524c014b81119,00000000,,,,,False,,,,,,,,,,False,False
/application/zukanlist/zkn_data/zukan_enc_platinum.narc,/application/zukanlist/zkn_data/zukan_enc_platinum.narc!/member_01994,0,/application/zukanlist/zkn_data/zukan_enc_platinum.narc,133,1994,,52052,52056,12368,12372,4,df3f619804a92fdb4057192dc43dd748ea778adc52bc498ce80524c014b81119,00000000,,,,,False,,,,,,,,,,False,False
/application/zukanlist/zkn_data/zukan_enc_platinum.narc,/application/zukanlist/zkn_data/zukan_enc_platinum.narc!/member_01995,0,/application/zukanlist/zkn_data/zukan_enc_platinum.narc,133,1995,,52056,52060,12372,12376,4,df3f619804a92fdb4057192dc43dd748ea778adc52bc498ce80524c014b81119,00000000,,,,,False,,,,,,,,,,False,False
/application/zukanlist/zkn_data/zukan_enc_platinum.narc,/application/zukanlist/zkn_data/zukan_enc_platinum.narc!/member_01996,0,/application/zukanlist/zkn_data/zukan_enc_platinum.narc,133,1996,,52060,52064,12376,12380,4,df3f619804a92fdb4057192dc43dd748ea778adc52bc498ce80524c014b81119,00000000,,,,,False,,,,,,,,,,False,False
/application/zukanlist/zkn_data/zukan_enc_platinum.narc,/application/zukanlist/zkn_data/zukan_enc_platinum.narc!/member_01997,0,/application/zukanlist/zkn_data/zukan_enc_platinum.narc,133,1997,,52064,52068,12380,12384,4,df3f619804a92fdb4057192dc43dd748ea778adc52bc498ce80524c014b81119,00000000,,,,,False,,,,,,,,,,False,False
/application/zukanlist/zkn_data/zukan_enc_platinum.narc,/application/zukanlist/zkn_data/zukan_enc_platinum.narc!/member_01998,0,/application/zukanlist/zkn_data/zukan_enc_platinum.narc,133,1998,,52068,52072,12384,12388,4,df3f619804a92fdb4057192dc43dd748ea778adc52bc498ce80524c014b81119,00000000,,,,,False,,,,,,,,,,False,False
/application/zukanlist/zkn_data/zukan_enc_platinum.narc,/application/zukanlist/zkn_data/zukan_enc_platinum.narc!/member_01999,0,/application/zukanlist/zkn_data/zukan_enc_platinum.narc,133,1999,,52072,52076,12388,12392,4,df3f619804a92fdb4057192dc43dd748ea778adc52bc498ce80524c014b81119,00000000,,,,,False,,,,,,,,,,False,False
/application/zukanlist/zkn_data/zukan_enc_platinum.narc,/application/zukanlist/zkn_data/zukan_enc_platinum.narc!/member_02000,0,/application/zukanlist/zkn_data/zukan_enc_platinum.narc,133,2000,,52076,52080,12392,12396,4,df3f619804a92fdb4057192dc43dd748ea778adc52bc498ce80524c014b81119,00000000,,,,,False,,,,,,,,,,False,False
/application/zukanlist/zkn_data/zukan_enc_platinum.narc,/application/zukanlist/zkn_data/zukan_enc_platinum.narc!/member_02001,0,/application/zukanlist/zkn_data/zukan_enc_platinum.narc,133,2001,,52080,52084,12396,12400,4,df3f619804a92fdb4057192dc43dd748ea778adc52bc498ce80524c014b81119,00000000,,,,,False,,,,,,,,,,False,False
/application/zukanlist/zkn_data/zukan_enc_platinum.narc,/application/zukanlist/zkn_data/zukan_enc_platinum.narc!/member_02002,0,/application/zukanlist/zkn_data/zukan_enc_platinum.narc,133,2002,,52084,52088,12400,12404,4,df3f619804a92fdb4057192dc43dd748ea778adc52bc498ce80524c014b81119,00000000,,,,,False,,,,,,,,,,False,False
/application/zukanlist/zkn_data/zukan_enc_platinum.narc,/application/zukanlist/zkn_data/zukan_enc_platinum.narc!/member_02003,0,/application/zukanlist/zkn_data/zukan_enc_platinum.narc,133,2003,,52088,52092,12404,12408,4,df3f619804a92fdb4057192dc43dd748ea778adc52bc498ce80524c014b81119,00000000,,,,,False,,,,,,,,,,False,False
/application/zukanlist/zkn_data/zukan_enc_platinum.narc,/application/zukanlist/zkn_data/zukan_enc_platinum.narc!/member_02004,0,/application/zukanlist/zkn_data/zukan_enc_platinum.narc,133,2004,,52092,52096,12408,12412,4,df3f619804a92fdb4057192dc43dd748ea778adc52bc498ce80524c014b81119,00000000,,,,,False,,,,,,,,,,False,False
/application/zukanlist/zkn_data/zukan_enc_platinum.narc,/application/zukanlist/zkn_data/zukan_enc_platinum.narc!/member_02005,0,/application/zukanlist/zkn_data/zukan_enc_platinum.narc,133,2005,,52096,52100,12412,12416,4,df3f619804a92fdb4057192dc43dd748ea778adc52bc498ce80524c014b81119,00000000,,,,,False,,,,,,,,,,False,False
/application/zukanlist/zkn_data/zukan_enc_platinum.narc,/application/zukanlist/zkn_data/zukan_enc_platinum.narc!/member_02006,0,/application/zukanlist/zkn_data/zukan_enc_platinum.narc,133,2006,,52100,52104,12416,12420,4,df3f619804a92fdb4057192dc43dd748ea778adc52bc498ce80524c014b81119,00000000,,,,,False,,,,,,,,,,False,False
/application/zukanlist/zkn_data/zukan_enc_platinum.narc,/application/zukanlist/zkn_data/zukan_enc_platinum.narc!/member_02007,0,/application/zukanlist/zkn_data/zukan_enc_platinum.narc,133,2007,,52104,52108,12420,12424,4,df3f619804a92fdb4057192dc43dd748ea778adc52bc498ce80524c014b81119,00000000,,,,,False,,,,,,,,,,False,False
/application/zukanlist/zkn_data/zukan_enc_platinum.narc,/application/zukanlist/zkn_data/zukan_enc_platinum.narc!/member_02008,0,/application/zukanlist/zkn_data/zukan_enc_platinum.narc,133,2008,,52108,52112,12424,12428,4,df3f619804a92fdb4057192dc43dd748ea778adc52bc498ce80524c014b81119,00000000,,,,,False,,,,,,,,,,False,False
/application/zukanlist/zkn_data/zukan_enc_platinum.narc,/application/zukanlist/zkn_data/zukan_enc_platinum.narc!/member_02009,0,/application/zukanlist/zkn_data/zukan_enc_platinum.narc,133,2009,,52112,52120,12428,12436,8,18d8d609947c6b82b9607704ae40d3317038e709238514de750b5c7411ba4c20,0e00000000000000,,,,,False,,,,,,,,,,False,False
/application/zukanlist/zkn_data/zukan_enc_platinum.narc,/application/zukanlist/zkn_data/zukan_enc_platinum.narc!/member_02010,0,/application/zukanlist/zkn_data/zukan_enc_platinum.narc,133,2010,,52120,52124,12436,12440,4,df3f619804a92fdb4057192dc43dd748ea778adc52bc498ce80524c014b81119,00000000,,,,,False,,,,,,,,,,False,False
/application/zukanlist/zkn_data/zukan_enc_platinum.narc,/application/zukanlist/zkn_data/zukan_enc_platinum.narc!/member_02011,0,/application/zukanlist/zkn_data/zukan_enc_platinum.narc,133,2011,,52124,52128,12440,12444,4,df3f619804a92fdb4057192dc43dd748ea778adc52bc498ce80524c014b81119,00000000,,,,,False,,,,,,,,,,False,False
/application/zukanlist/zkn_data/zukan_enc_platinum.narc,/application/zukanlist/zkn_data/zukan_enc_platinum.narc!/member_02012,0,/application/zukanlist/zkn_data/zukan_enc_platinum.narc,133,2012,,52128,52132,12444,12448,4,df3f619804a92fdb4057192dc43dd748ea778adc52bc498ce80524c014b81119,00000000,,,,,False,,,,,,,,,,False,False
/application/zukanlist/zkn_data/zukan_enc_platinum.narc,/application/zukanlist/zkn_data/zukan_enc_platinum.narc!/member_02013,0,/application/zukanlist/zkn_data/zukan_enc_platinum.narc,133,2013,,52132,52136,12448,12452,4,df3f619804a92fdb4057192dc43dd748ea778adc52bc498ce80524c014b81119,00000000,,,,,False,,,,,,,,,,False,False
/application/zukanlist/zkn_data/zukan_enc_platinum.narc,/application/zukanlist/zkn_data/zukan_enc_platinum.narc!/member_02014,0,/application/zukanlist/zkn_data/zukan_enc_platinum.narc,133,2014,,52136,52140,12452,12456,4,df3f619804a92fdb4057192dc43dd748ea778adc52bc498ce80524c014b81119,00000000,,,,,False,,,,,,,,,,False,False
/application/zukanlist/zkn_data/zukan_enc_platinum.narc,/application/zukanlist/zkn_data/zukan_enc_platinum.narc!/member_02015,0,/application/zukanlist/zkn_data/zukan_enc_platinum.narc,133,2015,,52140,52144,12456,12460,4,df3f619804a92fdb4057192dc43dd748ea778adc52bc498ce80524c014b81119,00000000,,,,,False,,,,,,,,,,False,False
/application/zukanlist/zkn_data/zukan_enc_platinum.narc,/application/zukanlist/zkn_data/zukan_enc_platinum.narc!/member_02016,0,/application/zukanlist/zkn_data/zukan_enc_platinum.narc,133,2016,,52144,52148,12460,12464,4,df3f619804a92fdb4057192dc43dd748ea778adc52bc498ce80524c014b81119,00000000,,,,,False,,,,,,,,,,False,False
/application/zukanlist/zkn_data/zukan_enc_platinum.narc,/application/zukanlist/zkn_data/zukan_enc_platinum.narc!/member_02017,0,/application/zukanlist/zkn_data/zukan_enc_platinum.narc,133,2017,,52148,52152,12464,12468,4,df3f619804a92fdb4057192dc43dd748ea778adc52bc498ce80524c014b81119,00000000,,,,,False,,,,,,,,,,False,False
/application/zukanlist/zkn_data/zukan_enc_platinum.narc,/application/zukanlist/zkn_data/zukan_enc_platinum.narc!/member_02018,0,/application/zukanlist/zkn_data/zukan_enc_platinum.narc,133,2018,,52152,52156,12468,12472,4,df3f619804a92fdb4057192dc43dd748ea778adc52bc498ce80524c014b81119,00000000,,,,,False,,,,,,,,,,False,False
/application/zukanlist/zkn_data/zukan_enc_platinum.narc,/application/zukanlist/zkn_data/zukan_enc_platinum.narc!/member_02019,0,/application/zukanlist/zkn_data/zukan_enc_platinum.narc,133,2019,,52156,52164,12472,12480,8,18d8d609947c6b82b9607704ae40d3317038e709238514de750b5c7411ba4c20,0e00000000000000,,,,,False,,,,,,,,,,False,False
/application/zukanlist/zkn_data/zukan_enc_platinum.narc,/application/zukanlist/zkn_data/zukan_enc_platinum.narc!/member_02020,0,/application/zukanlist/zkn_data/zukan_enc_platinum.narc,133,2020,,52164,52168,12480,12484,4,df3f619804a92fdb4057192dc43dd748ea778adc52bc498ce80524c014b81119,00000000,,,,,False,,,,,,,,,,False,False
/application/zukanlist/zkn_data/zukan_enc_platinum.narc,/application/zukanlist/zkn_data/zukan_enc_platinum.narc!/member_02021,0,/application/zukanlist/zkn_data/zukan_enc_platinum.narc,133,2021,,52168,52172,12484,12488,4,df3f619804a92fdb4057192dc43dd748ea778adc52bc498ce80524c014b81119,00000000,,,,,False,,,,,,,,,,False,False
/application/zukanlist/zkn_data/zukan_enc_platinum.narc,/application/zukanlist/zkn_data/zukan_enc_platinum.narc!/member_02022,0,/application/zukanlist/zkn_data/zukan_enc_platinum.narc,133,2022,,52172,52176,12488,12492,4,df3f619804a92fdb4057192dc43dd748ea778adc52bc498ce80524c014b81119,00000000,,,,,False,,,,,,,,,,False,False
/application/zukanlist/zkn_data/zukan_enc_platinum.narc,/application/zukanlist/zkn_data/zukan_enc_platinum.narc!/member_02023,0,/application/zukanlist/zkn_data/zukan_enc_platinum.narc,133,2023,,52176,52184,12492,12500,8,18d8d609947c6b82b9607704ae40d3317038e709238514de750b5c7411ba4c20,0e00000000000000,,,,,False,,,,,,,,,,False,False
/application/zukanlist/zkn_data/zukan_enc_platinum.narc,/application/zukanlist/zkn_data/zukan_enc_platinum.narc!/member_02024,0,/application/zukanlist/zkn_data/zukan_enc_platinum.narc,133,2024,,52184,52188,12500,12504,4,df3f619804a92fdb4057192dc43dd748ea778adc52bc498ce80524c014b81119,00000000,,,,,False,,,,,,,,,,False,False
/application/zukanlist/zkn_data/zukan_enc_platinum.narc,/application/zukanlist/zkn_data/zukan_enc_platinum.narc!/member_02025,0,/application/zukanlist/zkn_data/zukan_enc_platinum.narc,133,2025,,52188,52208,12504,12524,20,ba0ed0bf2e97b744fc5c88cbd0f2f92c20fca13862ad09b0a5503f2828296ad9,03000000070000000800000014000000,,,,,False,,,,,,,,,,False,False
/application/zukanlist/zkn_data/zukan_enc_platinum.narc,/application/zukanlist/zkn_data/zukan_enc_platinum.narc!/member_02026,0,/application/zukanlist/zkn_data/zukan_enc_platinum.narc,133,2026,,52208,52232,12524,12548,24,10ecf9259a0b298bfb369f3961bb50ae43d55457456a9315afe9690b6115d968,0300000008000000090000000a000000,,,,,False,,,,,,,,,,False,False
/application/zukanlist/zkn_data/zukan_enc_platinum.narc,/application/zukanlist/zkn_data/zukan_enc_platinum.narc!/member_02027,0,/application/zukanlist/zkn_data/zukan_enc_platinum.narc,133,2027,,52232,52236,12548,12552,4,df3f619804a92fdb4057192dc43dd748ea778adc52bc498ce80524c014b81119,00000000,,,,,False,,,,,,,,,,False,False
/application/zukanlist/zkn_data/zukan_enc_platinum.narc,/application/zukanlist/zkn_data/zukan_enc_platinum.narc!/member_02028,0,/application/zukanlist/zkn_data/zukan_enc_platinum.narc,133,2028,,52236,52240,12552,12556,4,df3f619804a92fdb4057192dc43dd748ea778adc52bc498ce80524c014b81119,00000000,,,,,False,,,,,,,,,,False,False
/application/zukanlist/zkn_data/zukan_enc_platinum.narc,/application/zukanlist/zkn_data/zukan_enc_platinum.narc!/member_02029,0,/application/zukanlist/zkn_data/zukan_enc_platinum.narc,133,2029,,52240,52244,12556,12560,4,df3f619804a92fdb4057192dc43dd748ea778adc52bc498ce80524c014b81119,00000000,,,,,False,,,,,,,,,,False,False
/application/zukanlist/zkn_data/zukan_enc_platinum.narc,/application/zukanlist/zkn_data/zukan_enc_platinum.narc!/member_02030,0,/application/zukanlist/zkn_data/zukan_enc_platinum.narc,133,2030,,52244,52252,12560,12568,8,f0a0278e4372459cca6159cd5e71cfee638302a7b9ca9b05c34181ac0a65ac5d,0400000000000000,,,,,False,,,,,,,,,,False,False
/application/zukanlist/zkn_data/zukan_enc_platinum.narc,/application/zukanlist/zkn_data/zukan_enc_platinum.narc!/member_02031,0,/application/zukanlist/zkn_data/zukan_enc_platinum.narc,133,2031,,52252,52256,12568,12572,4,df3f619804a92fdb4057192dc43dd748ea778adc52bc498ce80524c014b81119,00000000,,,,,False,,,,,,,,,,False,False
/application/zukanlist/zkn_data/zukan_enc_platinum.narc,/application/zukanlist/zkn_data/zukan_enc_platinum.narc!/member_02032,0,/application/zukanlist/zkn_data/zukan_enc_platinum.narc,133,2032,,52256,52260,12572,12576,4,df3f619804a92fdb4057192dc43dd748ea778adc52bc498ce80524c014b81119,00000000,,,,,False,,,,,,,,,,False,False
/application/zukanlist/zkn_data/zukan_enc_platinum.narc,/application/zukanlist/zkn_data/zukan_enc_platinum.narc!/member_02033,0,/application/zukanlist/zkn_data/zukan_enc_platinum.narc,133,2033,,52260,52264,12576,12580,4,df3f619804a92fdb4057192dc43dd748ea778adc52bc498ce80524c014b81119,00000000,,,,,False,,,,,,,,,,False,False
/application/zukanlist/zkn_data/zukan_enc_platinum.narc,/application/zukanlist/zkn_data/zukan_enc_platinum.narc!/member_02034,0,/application/zukanlist/zkn_data/zukan_enc_platinum.narc,133,2034,,52264,52268,12580,12584,4,df3f619804a92fdb4057192dc43dd748ea778adc52bc498ce80524c014b81119,00000000,,,,,False,,,,,,,,,,False,False
/application/zukanlist/zkn_data/zukan_enc_platinum.narc,/application/zukanlist/zkn_data/zukan_enc_platinum.narc!/member_02035,0,/application/zukanlist/zkn_data/zukan_enc_platinum.narc,133,2035,,52268,52272,12584,12588,4,df3f619804a92fdb4057192dc43dd748ea778adc52bc498ce80524c014b81119,00000000,,,,,False,,,,,,,,,,False,False
/application/zukanlist/zkn_data/zukan_enc_platinum.narc,/application/zukanlist/zkn_data/zukan_enc_platinum.narc!/member_02036,0,/application/zukanlist/zkn_data/zukan_enc_platinum.narc,133,2036,,52272,52280,12588,12596,8,18d8d609947c6b82b9607704ae40d3317038e709238514de750b5c7411ba4c20,0e00000000000000,,,,,False,,,,,,,,,,False,False
/application/zukanlist/zkn_data/zukan_enc_platinum.narc,/application/zukanlist/zkn_data/zukan_enc_platinum.narc!/member_02037,0,/application/zukanlist/zkn_data/zukan_enc_platinum.narc,133,2037,,52280,52284,12596,12600,4,df3f619804a92fdb4057192dc43dd748ea778adc52bc498ce80524c014b81119,00000000,,,,,False,,,,,,,,,,False,False
/application/zukanlist/zkn_data/zukan_enc_platinum.narc,/application/zukanlist/zkn_data/zukan_enc_platinum.narc!/member_02038,0,/application/zukanlist/zkn_data/zukan_enc_platinum.narc,133,2038,,52284,52288,12600,12604,4,df3f619804a92fdb4057192dc43dd748ea778adc52bc498ce80524c014b81119,00000000,,,,,False,,,,,,,,,,False,False
/application/zukanlist/zkn_data/zukan_enc_platinum.narc,/application/zukanlist/zkn_data/zukan_enc_platinum.narc!/member_02039,0,/application/zukanlist/zkn_data/zukan_enc_platinum.narc,133,2039,,52288,52296,12604,12612,8,1023cd53096fa66c8a605b9cd21f77cb3f8cd12f855482b27c01e85c95b9515f,1300000000000000,,,,,False,,,,,,,,,,False,False
/application/zukanlist/zkn_data/zukan_enc_platinum.narc,/application/zukanlist/zkn_data/zukan_enc_platinum.narc!/member_02040,0,/application/zukanlist/zkn_data/zukan_enc_platinum.narc,133,2040,,52296,52300,12612,12616,4,df3f619804a92fdb4057192dc43dd748ea778adc52bc498ce80524c014b81119,00000000,,,,,False,,,,,,,,,,False,False
/application/zukanlist/zkn_data/zukan_enc_platinum.narc,/application/zukanlist/zkn_data/zukan_enc_platinum.narc!/member_02041,0,/application/zukanlist/zkn_data/zukan_enc_platinum.narc,133,2041,,52300,52304,12616,12620,4,df3f619804a92fdb4057192dc43dd748ea778adc52bc498ce80524c014b81119,00000000,,,,,False,,,,,,,,,,False,False
/application/zukanlist/zkn_data/zukan_enc_platinum.narc,/application/zukanlist/zkn_data/zukan_enc_platinum.narc!/member_02042,0,/application/zukanlist/zkn_data/zukan_enc_platinum.narc,133,2042,,52304,52308,12620,12624,4,df3f619804a92fdb4057192dc43dd748ea778adc52bc498ce80524c014b81119,00000000,,,,,False,,,,,,,,,,False,False
/application/zukanlist/zkn_data/zukan_enc_platinum.narc,/application/zukanlist/zkn_data/zukan_enc_platinum.narc!/member_02043,0,/application/zukanlist/zkn_data/zukan_enc_platinum.narc,133,2043,,52308,52312,12624,12628,4,df3f619804a92fdb4057192dc43dd748ea778adc52bc498ce80524c014b81119,00000000,,,,,False,,,,,,,,,,False,False
/application/zukanlist/zkn_data/zukan_enc_platinum.narc,/application/zukanlist/zkn_data/zukan_enc_platinum.narc!/member_02044,0,/application/zukanlist/zkn_data/zukan_enc_platinum.narc,133,2044,,52312,52316,12628,12632,4,df3f619804a92fdb4057192dc43dd748ea778adc52bc498ce80524c014b81119,00000000,,,,,False,,,,,,,,,,False,False
/application/zukanlist/zkn_data/zukan_enc_platinum.narc,/application/zukanlist/zkn_data/zukan_enc_platinum.narc!/member_02045,0,/application/zukanlist/zkn_data/zukan_enc_platinum.narc,133,2045,,52316,52320,12632,12636,4,df3f619804a92fdb4057192dc43dd748ea778adc52bc498ce80524c014b81119,00000000,,,,,False,,,,,,,,,,False,False
/application/zukanlist/zkn_data/zukan_enc_platinum.narc,/application/zukanlist/zkn_data/zukan_enc_platinum.narc!/member_02046,0,/application/zukanlist/zkn_data/zukan_enc_platinum.narc,133,2046,,52320,52324,12636,12640,4,df3f619804a92fdb4057192dc43dd748ea778adc52bc498ce80524c014b81119,00000000,,,,,False,,,,,,,,,,False,False
/application/zukanlist/zkn_data/zukan_enc_platinum.narc,/application/zukanlist/zkn_data/zukan_enc_platinum.narc!/member_02047,0,/application/zukanlist/zkn_data/zukan_enc_platinum.narc,133,2047,,52324,52328,12640,12644,4,df3f619804a92fdb4057192dc43dd748ea778adc52bc498ce80524c014b81119,00000000,,,,,False,,,,,,,,,,False,False
/application/zukanlist/zkn_data/zukan_enc_platinum.narc,/application/zukanlist/zkn_data/zukan_enc_platinum.narc!/member_02048,0,/application/zukanlist/zkn_data/zukan_enc_platinum.narc,133,2048,,52328,52332,12644,12648,4,df3f619804a92fdb4057192dc43dd748ea778adc52bc498ce80524c014b81119,00000000,,,,,False,,,,,,,,,,False,False
/application/zukanlist/zkn_data/zukan_enc_platinum.narc,/application/zukanlist/zkn_data/zukan_enc_platinum.narc!/member_02049,0,/application/zukanlist/zkn_data/zukan_enc_platinum.narc,133,2049,,52332,52336,12648,12652,4,df3f619804a92fdb4057192dc43dd748ea778adc52bc498ce80524c014b81119,00000000,,,,,False,,,,,,,,,,False,False
/application/zukanlist/zkn_data/zukan_enc_platinum.narc,/application/zukanlist/zkn_data/zukan_enc_platinum.narc!/member_02050,0,/application/zukanlist/zkn_data/zukan_enc_platinum.narc,133,2050,,52336,52344,12652,12660,8,35be322d094f9d154a8aba4733b8497f180353bd7ae7b0a15f90b586b549f28b,0300000000000000,,,,,False,,,,,,,,,,False,False
/application/zukanlist/zkn_data/zukan_enc_platinum.narc,/application/zukanlist/zkn_data/zukan_enc_platinum.narc!/member_02051,0,/application/zukanlist/zkn_data/zukan_enc_platinum.narc,133,2051,,52344,52352,12660,12668,8,35be322d094f9d154a8aba4733b8497f180353bd7ae7b0a15f90b586b549f28b,0300000000000000,,,,,False,,,,,,,,,,False,False
/application/zukanlist/zkn_data/zukan_enc_platinum.narc,/application/zukanlist/zkn_data/zukan_enc_platinum.narc!/member_02052,0,/application/zukanlist/zkn_data/zukan_enc_platinum.narc,133,2052,,52352,52356,12668,12672,4,df3f619804a92fdb4057192dc43dd748ea778adc52bc498ce80524c014b81119,00000000,,,,,False,,,,,,,,,,False,False
/application/zukanlist/zkn_data/zukan_enc_platinum.narc,/application/zukanlist/zkn_data/zukan_enc_platinum.narc!/member_02053,0,/application/zukanlist/zkn_data/zukan_enc_platinum.narc,133,2053,,52356,52360,12672,12676,4,df3f619804a92fdb4057192dc43dd748ea778adc52bc498ce80524c014b81119,00000000,,,,,False,,,,,,,,,,False,False
/application/zukanlist/zkn_data/zukan_enc_platinum.narc,/application/zukanlist/zkn_data/zukan_enc_platinum.narc!/member_02054,0,/application/zukanlist/zkn_data/zukan_enc_platinum.narc,133,2054,,52360,52364,12676,12680,4,df3f619804a92fdb4057192dc43dd748ea778adc52bc498ce80524c014b81119,00000000,,,,,False,,,,,,,,,,False,False
/application/zukanlist/zkn_data/zukan_enc_platinum.narc,/application/zukanlist/zkn_data/zukan_enc_platinum.narc!/member_02055,0,/application/zukanlist/zkn_data/zukan_enc_platinum.narc,133,2055,,52364,52368,12680,12684,4,df3f619804a92fdb4057192dc43dd748ea778adc52bc498ce80524c014b81119,00000000,,,,,False,,,,,,,,,,False,False
/application/zukanlist/zkn_data/zukan_enc_platinum.narc,/application/zukanlist/zkn_data/zukan_enc_platinum.narc!/member_02056,0,/application/zukanlist/zkn_data/zukan_enc_platinum.narc,133,2056,,52368,52372,12684,12688,4,df3f619804a92fdb4057192dc43dd748ea778adc52bc498ce80524c014b81119,00000000,,,,,False,,,,,,,,,,False,False
/application/zukanlist/zkn_data/zukan_enc_platinum.narc,/application/zukanlist/zkn_data/zukan_enc_platinum.narc!/member_02057,0,/application/zukanlist/zkn_data/zukan_enc_platinum.narc,133,2057,,52372,52376,12688,12692,4,df3f619804a92fdb4057192dc43dd748ea778adc52bc498ce80524c014b81119,00000000,,,,,False,,,,,,,,,,False,False
/application/zukanlist/zkn_data/zukan_enc_platinum.narc,/application/zukanlist/zkn_data/zukan_enc_platinum.narc!/member_02058,0,/application/zukanlist/zkn_data/zukan_enc_platinum.narc,133,2058,,52376,52400,12692,12716,24,1f1e9a83681a9b12828308acc0bdd37b53713922a53d460d8f67e617e68d0fc0,01000000080000000c0000000d000000,,,,,False,,,,,,,,,,False,False
/application/zukanlist/zkn_data/zukan_enc_platinum.narc,/application/zukanlist/zkn_data/zukan_enc_platinum.narc!/member_02059,0,/application/zukanlist/zkn_data/zukan_enc_platinum.narc,133,2059,,52400,52408,12716,12724,8,a4bd89d0c3e16ec03c5436d0b9b8eb1a934beeac808447459e5ee2f9a23e97d7,0f00000000000000,,,,,False,,,,,,,,,,False,False
/application/zukanlist/zkn_data/zukan_enc_platinum.narc,/application/zukanlist/zkn_data/zukan_enc_platinum.narc!/member_02060,0,/application/zukanlist/zkn_data/zukan_enc_platinum.narc,133,2060,,52408,52412,12724,12728,4,df3f619804a92fdb4057192dc43dd748ea778adc52bc498ce80524c014b81119,00000000,,,,,False,,,,,,,,,,False,False
/application/zukanlist/zkn_data/zukan_enc_platinum.narc,/application/zukanlist/zkn_data/zukan_enc_platinum.narc!/member_02061,0,/application/zukanlist/zkn_data/zukan_enc_platinum.narc,133,2061,,52412,52416,12728,12732,4,df3f619804a92fdb4057192dc43dd748ea778adc52bc498ce80524c014b81119,00000000,,,,,False,,,,,,,,,,False,False
/application/zukanlist/zkn_data/zukan_enc_platinum.narc,/application/zukanlist/zkn_data/zukan_enc_platinum.narc!/member_02062,0,/application/zukanlist/zkn_data/zukan_enc_platinum.narc,133,2062,,52416,52420,12732,12736,4,df3f619804a92fdb4057192dc43dd748ea778adc52bc498ce80524c014b81119,00000000,,,,,False,,,,,,,,,,False,False
/application/zukanlist/zkn_data/zukan_enc_platinum.narc,/application/zukanlist/zkn_data/zukan_enc_platinum.narc!/member_02063,0,/application/zukanlist/zkn_data/zukan_enc_platinum.narc,133,2063,,52420,52424,12736,12740,4,df3f619804a92fdb4057192dc43dd748ea778adc52bc498ce80524c014b81119,00000000,,,,,False,,,,,,,,,,False,False
/application/zukanlist/zkn_data/zukan_enc_platinum.narc,/application/zukanlist/zkn_data/zukan_enc_platinum.narc!/member_02064,0,/application/zukanlist/zkn_data/zukan_enc_platinum.narc,133,2064,,52424,52428,12740,12744,4,df3f619804a92fdb4057192dc43dd748ea778adc52bc498ce80524c014b81119,00000000,,,,,False,,,,,,,,,,False,False
/application/zukanlist/zkn_data/zukan_enc_platinum.narc,/application/zukanlist/zkn_data/zukan_enc_platinum.narc!/member_02065,0,/application/zukanlist/zkn_data/zukan_enc_platinum.narc,133,2065,,52428,52432,12744,12748,4,df3f619804a92fdb4057192dc43dd748ea778adc52bc498ce80524c014b81119,00000000,,,,,False,,,,,,,,,,False,False
/application/zukanlist/zkn_data/zukan_enc_platinum.narc,/application/zukanlist/zkn_data/zukan_enc_platinum.narc!/member_02066,0,/application/zukanlist/zkn_data/zukan_enc_platinum.narc,133,2066,,52432,52440,12748,12756,8,23d7f42b1cdc1f0d492ebd756ed0fe8003995dda554d99418d47a81813650207,0600000000000000,,,,,False,,,,,,,,,,False,False
/application/zukanlist/zkn_data/zukan_enc_platinum.narc,/application/zukanlist/zkn_data/zukan_enc_platinum.narc!/member_02067,0,/application/zukanlist/zkn_data/zukan_enc_platinum.narc,133,2067,,52440,52444,12756,12760,4,df3f619804a92fdb4057192dc43dd748ea778adc52bc498ce80524c014b81119,00000000,,,,,False,,,,,,,,,,False,False
/application/zukanlist/zkn_data/zukan_enc_platinum.narc,/application/zukanlist/zkn_data/zukan_enc_platinum.narc!/member_02068,0,/application/zukanlist/zkn_data/zukan_enc_platinum.narc,133,2068,,52444,52448,12760,12764,4,df3f619804a92fdb4057192dc43dd748ea778adc52bc498ce80524c014b81119,00000000,,,,,False,,,,,,,,,,False,False
/application/zukanlist/zkn_data/zukan_enc_platinum.narc,/application/zukanlist/zkn_data/zukan_enc_platinum.narc!/member_02069,0,/application/zukanlist/zkn_data/zukan_enc_platinum.narc,133,2069,,52448,52452,12764,12768,4,df3f619804a92fdb4057192dc43dd748ea778adc52bc498ce80524c014b81119,00000000,,,,,False,,,,,,,,,,False,False
/application/zukanlist/zkn_data/zukan_enc_platinum.narc,/application/zukanlist/zkn_data/zukan_enc_platinum.narc!/member_02070,0,/application/zukanlist/zkn_data/zukan_enc_platinum.narc,133,2070,,52452,52456,12768,12772,4,df3f619804a92fdb4057192dc43dd748ea778adc52bc498ce80524c014b81119,00000000,,,,,False,,,,,,,,,,False,False
/application/zukanlist/zkn_data/zukan_enc_platinum.narc,/application/zukanlist/zkn_data/zukan_enc_platinum.narc!/member_02071,0,/application/zukanlist/zkn_data/zukan_enc_platinum.narc,133,2071,,52456,52464,12772,12780,8,23d7f42b1cdc1f0d492ebd756ed0fe8003995dda554d99418d47a81813650207,0600000000000000,,,,,False,,,,,,,,,,False,False
/application/zukanlist/zkn_data/zukan_enc_platinum.narc,/application/zukanlist/zkn_data/zukan_enc_platinum.narc!/member_02072,0,/application/zukanlist/zkn_data/zukan_enc_platinum.narc,133,2072,,52464,52468,12780,12784,4,df3f619804a92fdb4057192dc43dd748ea778adc52bc498ce80524c014b81119,00000000,,,,,False,,,,,,,,,,False,False
/application/zukanlist/zkn_data/zukan_enc_platinum.narc,/application/zukanlist/zkn_data/zukan_enc_platinum.narc!/member_02073,0,/application/zukanlist/zkn_data/zukan_enc_platinum.narc,133,2073,,52468,52472,12784,12788,4,df3f619804a92fdb4057192dc43dd748ea778adc52bc498ce80524c014b81119,00000000,,,,,False,,,,,,,,,,False,False
/application/zukanlist/zkn_data/zukan_enc_platinum.narc,/application/zukanlist/zkn_data/zukan_enc_platinum.narc!/member_02074,0,/application/zukanlist/zkn_data/zukan_enc_platinum.narc,133,2074,,52472,52476,12788,12792,4,df3f619804a92fdb4057192dc43dd748ea778adc52bc498ce80524c014b81119,00000000,,,,,False,,,,,,,,,,False,False
/application/zukanlist/zkn_data/zukan_enc_platinum.narc,/application/zukanlist/zkn_data/zukan_enc_platinum.narc!/member_02075,0,/application/zukanlist/zkn_data/zukan_enc_platinum.narc,133,2075,,52476,52480,12792,12796,4,df3f619804a92fdb4057192dc43dd748ea778adc52bc498ce80524c014b81119,00000000,,,,,False,,,,,,,,,,False,False
/application/zukanlist/zkn_data/zukan_enc_platinum.narc,/application/zukanlist/zkn_data/zukan_enc_platinum.narc!/member_02076,0,/application/zukanlist/zkn_data/zukan_enc_platinum.narc,133,2076,,52480,52496,12796,12812,16,a37acec389383beceab1e5ffc8101d56b168ecf33a4f27aa955623a984681fca,0a000000100000001400000000000000,,,,,False,,,,,,,,,,False,False
/application/zukanlist/zkn_data/zukan_enc_platinum.narc,/application/zukanlist/zkn_data/zukan_enc_platinum.narc!/member_02077,0,/application/zukanlist/zkn_data/zukan_enc_platinum.narc,133,2077,,52496,52504,12812,12820,8,a111f275cc2e7588000001d300a31e76336d15b9d314cd1a1d8f3d3556975eed,0a00000000000000,,,,,False,,,,,,,,,,False,False
/application/zukanlist/zkn_data/zukan_enc_platinum.narc,/application/zukanlist/zkn_data/zukan_enc_platinum.narc!/member_02078,0,/application/zukanlist/zkn_data/zukan_enc_platinum.narc,133,2078,,52504,52508,12820,12824,4,df3f619804a92fdb4057192dc43dd748ea778adc52bc498ce80524c014b81119,00000000,,,,,False,,,,,,,,,,False,False
/application/zukanlist/zkn_data/zukan_enc_platinum.narc,/application/zukanlist/zkn_data/zukan_enc_platinum.narc!/member_02079,0,/application/zukanlist/zkn_data/zukan_enc_platinum.narc,133,2079,,52508,52520,12824,12836,12,3fa1a30b4a40bf28372be6e5429a1ad9c55b3fe43ddf1ddb728549b6a0b32d4e,060000000c00000000000000,,,,,False,,,,,,,,,,False,False
/application/zukanlist/zkn_data/zukan_enc_platinum.narc,/application/zukanlist/zkn_data/zukan_enc_platinum.narc!/member_02080,0,/application/zukanlist/zkn_data/zukan_enc_platinum.narc,133,2080,,52520,52524,12836,12840,4,df3f619804a92fdb4057192dc43dd748ea778adc52bc498ce80524c014b81119,00000000,,,,,False,,,,,,,,,,False,False
/application/zukanlist/zkn_data/zukan_enc_platinum.narc,/application/zukanlist/zkn_data/zukan_enc_platinum.narc!/member_02081,0,/application/zukanlist/zkn_data/zukan_enc_platinum.narc,133,2081,,52524,52528,12840,12844,4,df3f619804a92fdb4057192dc43dd748ea778adc52bc498ce80524c014b81119,00000000,,,,,False,,,,,,,,,,False,False
/application/zukanlist/zkn_data/zukan_enc_platinum.narc,/application/zukanlist/zkn_data/zukan_enc_platinum.narc!/member_02082,0,/application/zukanlist/zkn_data/zukan_enc_platinum.narc,133,2082,,52528,52532,12844,12848,4,df3f619804a92fdb4057192dc43dd748ea778adc52bc498ce80524c014b81119,00000000,,,,,False,,,,,,,,,,False,False
/application/zukanlist/zkn_data/zukan_enc_platinum.narc,/application/zukanlist/zkn_data/zukan_enc_platinum.narc!/member_02083,0,/application/zukanlist/zkn_data/zukan_enc_platinum.narc,133,2083,,52532,52536,12848,12852,4,df3f619804a92fdb4057192dc43dd748ea778adc52bc498ce80524c014b81119,00000000,,,,,False,,,,,,,,,,False,False
/application/zukanlist/zkn_data/zukan_enc_platinum.narc,/application/zukanlist/zkn_data/zukan_enc_platinum.narc!/member_02084,0,/application/zukanlist/zkn_data/zukan_enc_platinum.narc,133,2084,,52536,52540,12852,12856,4,df3f619804a92fdb4057192dc43dd748ea778adc52bc498ce80524c014b81119,00000000,,,,,False,,,,,,,,,,False,False
/application/zukanlist/zkn_data/zukan_enc_platinum.narc,/application/zukanlist/zkn_data/zukan_enc_platinum.narc!/member_02085,0,/application/zukanlist/zkn_data/zukan_enc_platinum.narc,133,2085,,52540,52544,12856,12860,4,df3f619804a92fdb4057192dc43dd748ea778adc52bc498ce80524c014b81119,00000000,,,,,False,,,,,,,,,,False,False
/application/zukanlist/zkn_data/zukan_enc_platinum.narc,/application/zukanlist/zkn_data/zukan_enc_platinum.narc!/member_02086,0,/application/zukanlist/zkn_data/zukan_enc_platinum.narc,133,2086,,52544,52552,12860,12868,8,f0a0278e4372459cca6159cd5e71cfee638302a7b9ca9b05c34181ac0a65ac5d,0400000000000000,,,,,False,,,,,,,,,,False,False
/application/zukanlist/zkn_data/zukan_enc_platinum.narc,/application/zukanlist/zkn_data/zukan_enc_platinum.narc!/member_02087,0,/application/zukanlist/zkn_data/zukan_enc_platinum.narc,133,2087,,52552,52556,12868,12872,4,df3f619804a92fdb4057192dc43dd748ea778adc52bc498ce80524c014b81119,00000000,,,,,False,,,,,,,,,,False,False
/application/zukanlist/zkn_data/zukan_enc_platinum.narc,/application/zukanlist/zkn_data/zukan_enc_platinum.narc!/member_02088,0,/application/zukanlist/zkn_data/zukan_enc_platinum.narc,133,2088,,52556,52560,12872,12876,4,df3f619804a92fdb4057192dc43dd748ea778adc52bc498ce80524c014b81119,00000000,,,,,False,,,,,,,,,,False,False
/application/zukanlist/zkn_data/zukan_enc_platinum.narc,/application/zukanlist/zkn_data/zukan_enc_platinum.narc!/member_02089,0,/application/zukanlist/zkn_data/zukan_enc_platinum.narc,133,2089,,52560,52564,12876,12880,4,df3f619804a92fdb4057192dc43dd748ea778adc52bc498ce80524c014b81119,00000000,,,,,False,,,,,,,,,,False,False
/application/zukanlist/zkn_data/zukan_enc_platinum.narc,/application/zukanlist/zkn_data/zukan_enc_platinum.narc!/member_02090,0,/application/zukanlist/zkn_data/zukan_enc_platinum.narc,133,2090,,52564,52568,12880,12884,4,df3f619804a92fdb4057192dc43dd748ea778adc52bc498ce80524c014b81119,00000000,,,,,False,,,,,,,,,,False,False
/application/zukanlist/zkn_data/zukan_enc_platinum.narc,/application/zukanlist/zkn_data/zukan_enc_platinum.narc!/member_02091,0,/application/zukanlist/zkn_data/zukan_enc_platinum.narc,133,2091,,52568,52572,12884,12888,4,df3f619804a92fdb4057192dc43dd748ea778adc52bc498ce80524c014b81119,00000000,,,,,False,,,,,,,,,,False,False
/application/zukanlist/zkn_data/zukan_enc_platinum.narc,/application/zukanlist/zkn_data/zukan_enc_platinum.narc!/member_02092,0,/application/zukanlist/zkn_data/zukan_enc_platinum.narc,133,2092,,52572,52576,12888,12892,4,df3f619804a92fdb4057192dc43dd748ea778adc52bc498ce80524c014b81119,00000000,,,,,False,,,,,,,,,,False,False
/application/zukanlist/zkn_data/zukan_enc_platinum.narc,/application/zukanlist/zkn_data/zukan_enc_platinum.narc!/member_02093,0,/application/zukanlist/zkn_data/zukan_enc_platinum.narc,133,2093,,52576,52584,12892,12900,8,cbbd5f990c53684d7ae650b40fcb5656e02261b53da5f6a7d8c819c92f2828f8,0900000000000000,,,,,False,,,,,,,,,,False,False
/application/zukanlist/zkn_data/zukan_enc_platinum.narc,/application/zukanlist/zkn_data/zukan_enc_platinum.narc!/member_02094,0,/application/zukanlist/zkn_data/zukan_enc_platinum.narc,133,2094,,52584,52592,12900,12908,8,cbbd5f990c53684d7ae650b40fcb5656e02261b53da5f6a7d8c819c92f2828f8,0900000000000000,,,,,False,,,,,,,,,,False,False
/application/zukanlist/zkn_data/zukan_enc_platinum.narc,/application/zukanlist/zkn_data/zukan_enc_platinum.narc!/member_02095,0,/application/zukanlist/zkn_data/zukan_enc_platinum.narc,133,2095,,52592,52600,12908,12916,8,cbbd5f990c53684d7ae650b40fcb5656e02261b53da5f6a7d8c819c92f2828f8,0900000000000000,,,,,False,,,,,,,,,,False,False
/application/zukanlist/zkn_data/zukan_enc_platinum.narc,/application/zukanlist/zkn_data/zukan_enc_platinum.narc!/member_02096,0,/application/zukanlist/zkn_data/zukan_enc_platinum.narc,133,2096,,52600,52612,12916,12928,12,f8f2f448c81dac67b073d9695f8fd137b33e96905d395de023b67c0b8bbd516c,060000000900000000000000,,,,,False,,,,,,,,,,False,False
/application/zukanlist/zkn_data/zukan_enc_platinum.narc,/application/zukanlist/zkn_data/zukan_enc_platinum.narc!/member_02097,0,/application/zukanlist/zkn_data/zukan_enc_platinum.narc,133,2097,,52612,52620,12928,12936,8,18d8d609947c6b82b9607704ae40d3317038e709238514de750b5c7411ba4c20,0e00000000000000,,,,,False,,,,,,,,,,False,False
/application/zukanlist/zkn_data/zukan_enc_platinum.narc,/application/zukanlist/zkn_data/zukan_enc_platinum.narc!/member_02098,0,/application/zukanlist/zkn_data/zukan_enc_platinum.narc,133,2098,,52620,52628,12936,12944,8,f0a0278e4372459cca6159cd5e71cfee638302a7b9ca9b05c34181ac0a65ac5d,0400000000000000,,,,,False,,,,,,,,,,False,False
/application/zukanlist/zkn_data/zukan_enc_platinum.narc,/application/zukanlist/zkn_data/zukan_enc_platinum.narc!/member_02099,0,/application/zukanlist/zkn_data/zukan_enc_platinum.narc,133,2099,,52628,52636,12944,12952,8,f0a0278e4372459cca6159cd5e71cfee638302a7b9ca9b05c34181ac0a65ac5d,0400000000000000,,,,,False,,,,,,,,,,False,False
/application/zukanlist/zkn_data/zukan_enc_platinum.narc,/application/zukanlist/zkn_data/zukan_enc_platinum.narc!/member_02100,0,/application/zukanlist/zkn_data/zukan_enc_platinum.narc,133,2100,,52636,52640,12952,12956,4,df3f619804a92fdb4057192dc43dd748ea778adc52bc498ce80524c014b81119,00000000,,,,,False,,,,,,,,,,False,False
/application/zukanlist/zkn_data/zukan_enc_platinum.narc,/application/zukanlist/zkn_data/zukan_enc_platinum.narc!/member_02101,0,/application/zukanlist/zkn_data/zukan_enc_platinum.narc,133,2101,,52640,52644,12956,12960,4,df3f619804a92fdb4057192dc43dd748ea778adc52bc498ce80524c014b81119,00000000,,,,,False,,,,,,,,,,False,False
/application/zukanlist/zkn_data/zukan_enc_platinum.narc,/application/zukanlist/zkn_data/zukan_enc_platinum.narc!/member_02102,0,/application/zukanlist/zkn_data/zukan_enc_platinum.narc,133,2102,,52644,52648,12960,12964,4,df3f619804a92fdb4057192dc43dd748ea778adc52bc498ce80524c014b81119,00000000,,,,,False,,,,,,,,,,False,False
/application/zukanlist/zkn_data/zukan_enc_platinum.narc,/application/zukanlist/zkn_data/zukan_enc_platinum.narc!/member_02103,0,/application/zukanlist/zkn_data/zukan_enc_platinum.narc,133,2103,,52648,52652,12964,12968,4,df3f619804a92fdb4057192dc43dd748ea778adc52bc498ce80524c014b81119,00000000,,,,,False,,,,,,,,,,False,False
/application/zukanlist/zkn_data/zukan_enc_platinum.narc,/application/zukanlist/zkn_data/zukan_enc_platinum.narc!/member_02104,0,/application/zukanlist/zkn_data/zukan_enc_platinum.narc,133,2104,,52652,52656,12968,12972,4,df3f619804a92fdb4057192dc43dd748ea778adc52bc498ce80524c014b81119,00000000,,,,,False,,,,,,,,,,False,False
/application/zukanlist/zkn_data/zukan_enc_platinum.narc,/application/zukanlist/zkn_data/zukan_enc_platinum.narc!/member_02105,0,/application/zukanlist/zkn_data/zukan_enc_platinum.narc,133,2105,,52656,52660,12972,12976,4,df3f619804a92fdb4057192dc43dd748ea778adc52bc498ce80524c014b81119,00000000,,,,,False,,,,,,,,,,False,False
/application/zukanlist/zkn_data/zukan_enc_platinum.narc,/application/zukanlist/zkn_data/zukan_enc_platinum.narc!/member_02106,0,/application/zukanlist/zkn_data/zukan_enc_platinum.narc,133,2106,,52660,52664,12976,12980,4,df3f619804a92fdb4057192dc43dd748ea778adc52bc498ce80524c014b81119,00000000,,,,,False,,,,,,,,,,False,False
/application/zukanlist/zkn_data/zukan_enc_platinum.narc,/application/zukanlist/zkn_data/zukan_enc_platinum.narc!/member_02107,0,/application/zukanlist/zkn_data/zukan_enc_platinum.narc,133,2107,,52664,52668,12980,12984,4,df3f619804a92fdb4057192dc43dd748ea778adc52bc498ce80524c014b81119,00000000,,,,,False,,,,,,,,,,False,False
/application/zukanlist/zkn_data/zukan_enc_platinum.narc,/application/zukanlist/zkn_data/zukan_enc_platinum.narc!/member_02108,0,/application/zukanlist/zkn_data/zukan_enc_platinum.narc,133,2108,,52668,52676,12984,12992,8,5fd1b79ebdef9619a57916a3bfc264b54d37a792659b3693f8ab36ec3ebce448,0b00000000000000,,,,,False,,,,,,,,,,False,False
/application/zukanlist/zkn_data/zukan_enc_platinum.narc,/application/zukanlist/zkn_data/zukan_enc_platinum.narc!/member_02109,0,/application/zukanlist/zkn_data/zukan_enc_platinum.narc,133,2109,,52676,52680,12992,12996,4,df3f619804a92fdb4057192dc43dd748ea778adc52bc498ce80524c014b81119,00000000,,,,,False,,,,,,,,,,False,False
/application/zukanlist/zkn_data/zukan_enc_platinum.narc,/application/zukanlist/zkn_data/zukan_enc_platinum.narc!/member_02110,0,/application/zukanlist/zkn_data/zukan_enc_platinum.narc,133,2110,,52680,52684,12996,13000,4,df3f619804a92fdb4057192dc43dd748ea778adc52bc498ce80524c014b81119,00000000,,,,,False,,,,,,,,,,False,False
/application/zukanlist/zkn_data/zukan_enc_platinum.narc,/application/zukanlist/zkn_data/zukan_enc_platinum.narc!/member_02111,0,/application/zukanlist/zkn_data/zukan_enc_platinum.narc,133,2111,,52684,52688,13000,13004,4,df3f619804a92fdb4057192dc43dd748ea778adc52bc498ce80524c014b81119,00000000,,,,,False,,,,,,,,,,False,False
/application/zukanlist/zkn_data/zukan_enc_platinum.narc,/application/zukanlist/zkn_data/zukan_enc_platinum.narc!/member_02112,0,/application/zukanlist/zkn_data/zukan_enc_platinum.narc,133,2112,,52688,52692,13004,13008,4,df3f619804a92fdb4057192dc43dd748ea778adc52bc498ce80524c014b81119,00000000,,,,,False,,,,,,,,,,False,False
/application/zukanlist/zkn_data/zukan_enc_platinum.narc,/application/zukanlist/zkn_data/zukan_enc_platinum.narc!/member_02113,0,/application/zukanlist/zkn_data/zukan_enc_platinum.narc,133,2113,,52692,52696,13008,13012,4,df3f619804a92fdb4057192dc43dd748ea778adc52bc498ce80524c014b81119,00000000,,,,,False,,,,,,,,,,False,False
/application/zukanlist/zkn_data/zukan_enc_platinum.narc,/application/zukanlist/zkn_data/zukan_enc_platinum.narc!/member_02114,0,/application/zukanlist/zkn_data/zukan_enc_platinum.narc,133,2114,,52696,52700,13012,13016,4,df3f619804a92fdb4057192dc43dd748ea778adc52bc498ce80524c014b81119,00000000,,,,,False,,,,,,,,,,False,False
/application/zukanlist/zkn_data/zukan_enc_platinum.narc,/application/zukanlist/zkn_data/zukan_enc_platinum.narc!/member_02115,0,/application/zukanlist/zkn_data/zukan_enc_platinum.narc,133,2115,,52700,52704,13016,13020,4,df3f619804a92fdb4057192dc43dd748ea778adc52bc498ce80524c014b81119,00000000,,,,,False,,,,,,,,,,False,False
/application/zukanlist/zkn_data/zukan_enc_platinum.narc,/application/zukanlist/zkn_data/zukan_enc_platinum.narc!/member_02116,0,/application/zukanlist/zkn_data/zukan_enc_platinum.narc,133,2116,,52704,52712,13020,13028,8,18d8d609947c6b82b9607704ae40d3317038e709238514de750b5c7411ba4c20,0e00000000000000,,,,,False,,,,,,,,,,False,False
/application/zukanlist/zkn_data/zukan_enc_platinum.narc,/application/zukanlist/zkn_data/zukan_enc_platinum.narc!/member_02117,0,/application/zukanlist/zkn_data/zukan_enc_platinum.narc,133,2117,,52712,52720,13028,13036,8,18d8d609947c6b82b9607704ae40d3317038e709238514de750b5c7411ba4c20,0e00000000000000,,,,,False,,,,,,,,,,False,False
/application/zukanlist/zkn_data/zukan_enc_platinum.narc,/application/zukanlist/zkn_data/zukan_enc_platinum.narc!/member_02118,0,/application/zukanlist/zkn_data/zukan_enc_platinum.narc,133,2118,,52720,52724,13036,13040,4,df3f619804a92fdb4057192dc43dd748ea778adc52bc498ce80524c014b81119,00000000,,,,,False,,,,,,,,,,False,False
/application/zukanlist/zkn_data/zukan_enc_platinum.narc,/application/zukanlist/zkn_data/zukan_enc_platinum.narc!/member_02119,0,/application/zukanlist/zkn_data/zukan_enc_platinum.narc,133,2119,,52724,52728,13040,13044,4,df3f619804a92fdb4057192dc43dd748ea778adc52bc498ce80524c014b81119,00000000,,,,,False,,,,,,,,,,False,False
/application/zukanlist/zkn_data/zukan_enc_platinum.narc,/application/zukanlist/zkn_data/zukan_enc_platinum.narc!/member_02120,0,/application/zukanlist/zkn_data/zukan_enc_platinum.narc,133,2120,,52728,52732,13044,13048,4,df3f619804a92fdb4057192dc43dd748ea778adc52bc498ce80524c014b81119,00000000,,,,,False,,,,,,,,,,False,False
/application/zukanlist/zkn_data/zukan_enc_platinum.narc,/application/zukanlist/zkn_data/zukan_enc_platinum.narc!/member_02121,0,/application/zukanlist/zkn_data/zukan_enc_platinum.narc,133,2121,,52732,52736,13048,13052,4,df3f619804a92fdb4057192dc43dd748ea778adc52bc498ce80524c014b81119,00000000,,,,,False,,,,,,,,,,False,False
/application/zukanlist/zkn_data/zukan_enc_platinum.narc,/application/zukanlist/zkn_data/zukan_enc_platinum.narc!/member_02122,0,/application/zukanlist/zkn_data/zukan_enc_platinum.narc,133,2122,,52736,52740,13052,13056,4,df3f619804a92fdb4057192dc43dd748ea778adc52bc498ce80524c014b81119,00000000,,,,,False,,,,,,,,,,False,False
/application/zukanlist/zkn_data/zukan_enc_platinum.narc,/application/zukanlist/zkn_data/zukan_enc_platinum.narc!/member_02123,0,/application/zukanlist/zkn_data/zukan_enc_platinum.narc,133,2123,,52740,52744,13056,13060,4,df3f619804a92fdb4057192dc43dd748ea778adc52bc498ce80524c014b81119,00000000,,,,,False,,,,,,,,,,False,False
/application/zukanlist/zkn_data/zukan_enc_platinum.narc,/application/zukanlist/zkn_data/zukan_enc_platinum.narc!/member_02124,0,/application/zukanlist/zkn_data/zukan_enc_platinum.narc,133,2124,,52744,52748,13060,13064,4,df3f619804a92fdb4057192dc43dd748ea778adc52bc498ce80524c014b81119,00000000,,,,,False,,,,,,,,,,False,False
/application/zukanlist/zkn_data/zukan_enc_platinum.narc,/application/zukanlist/zkn_data/zukan_enc_platinum.narc!/member_02125,0,/application/zukanlist/zkn_data/zukan_enc_platinum.narc,133,2125,,52748,52752,13064,13068,4,df3f619804a92fdb4057192dc43dd748ea778adc52bc498ce80524c014b81119,00000000,,,,,False,,,,,,,,,,False,False
/application/zukanlist/zkn_data/zukan_enc_platinum.narc,/application/zukanlist/zkn_data/zukan_enc_platinum.narc!/member_02126,0,/application/zukanlist/zkn_data/zukan_enc_platinum.narc,133,2126,,52752,52756,13068,13072,4,df3f619804a92fdb4057192dc43dd748ea778adc52bc498ce80524c014b81119,00000000,,,,,False,,,,,,,,,,False,False
/application/zukanlist/zkn_data/zukan_enc_platinum.narc,/application/zukanlist/zkn_data/zukan_enc_platinum.narc!/member_02127,0,/application/zukanlist/zkn_data/zukan_enc_platinum.narc,133,2127,,52756,52760,13072,13076,4,df3f619804a92fdb4057192dc43dd748ea778adc52bc498ce80524c014b81119,00000000,,,,,False,,,,,,,,,,False,False
/application/zukanlist/zkn_data/zukan_enc_platinum.narc,/application/zukanlist/zkn_data/zukan_enc_platinum.narc!/member_02128,0,/application/zukanlist/zkn_data/zukan_enc_platinum.narc,133,2128,,52760,52764,13076,13080,4,df3f619804a92fdb4057192dc43dd748ea778adc52bc498ce80524c014b81119,00000000,,,,,False,,,,,,,,,,False,False
/application/zukanlist/zkn_data/zukan_enc_platinum.narc,/application/zukanlist/zkn_data/zukan_enc_platinum.narc!/member_02129,0,/application/zukanlist/zkn_data/zukan_enc_platinum.narc,133,2129,,52764,52768,13080,13084,4,df3f619804a92fdb4057192dc43dd748ea778adc52bc498ce80524c014b81119,00000000,,,,,False,,,,,,,,,,False,False
/application/zukanlist/zkn_data/zukan_enc_platinum.narc,/application/zukanlist/zkn_data/zukan_enc_platinum.narc!/member_02130,0,/application/zukanlist/zkn_data/zukan_enc_platinum.narc,133,2130,,52768,52772,13084,13088,4,df3f619804a92fdb4057192dc43dd748ea778adc52bc498ce80524c014b81119,00000000,,,,,False,,,,,,,,,,False,False
/application/zukanlist/zkn_data/zukan_enc_platinum.narc,/application/zukanlist/zkn_data/zukan_enc_platinum.narc!/member_02131,0,/application/zukanlist/zkn_data/zukan_enc_platinum.narc,133,2131,,52772,52776,13088,13092,4,df3f619804a92fdb4057192dc43dd748ea778adc52bc498ce80524c014b81119,00000000,,,,,False,,,,,,,,,,False,False
/application/zukanlist/zkn_data/zukan_enc_platinum.narc,/application/zukanlist/zkn_data/zukan_enc_platinum.narc!/member_02132,0,/application/zukanlist/zkn_data/zukan_enc_platinum.narc,133,2132,,52776,52780,13092,13096,4,df3f619804a92fdb4057192dc43dd748ea778adc52bc498ce80524c014b81119,00000000,,,,,False,,,,,,,,,,False,False
/application/zukanlist/zkn_data/zukan_enc_platinum.narc,/application/zukanlist/zkn_data/zukan_enc_platinum.narc!/member_02133,0,/application/zukanlist/zkn_data/zukan_enc_platinum.narc,133,2133,,52780,52784,13096,13100,4,df3f619804a92fdb4057192dc43dd748ea778adc52bc498ce80524c014b81119,00000000,,,,,False,,,,,,,,,,False,False
/application/zukanlist/zkn_data/zukan_enc_platinum.narc,/application/zukanlist/zkn_data/zukan_enc_platinum.narc!/member_02134,0,/application/zukanlist/zkn_data/zukan_enc_platinum.narc,133,2134,,52784,52788,13100,13104,4,df3f619804a92fdb4057192dc43dd748ea778adc52bc498ce80524c014b81119,00000000,,,,,False,,,,,,,,,,False,False
/application/zukanlist/zkn_data/zukan_enc_platinum.narc,/application/zukanlist/zkn_data/zukan_enc_platinum.narc!/member_02135,0,/application/zukanlist/zkn_data/zukan_enc_platinum.narc,133,2135,,52788,52792,13104,13108,4,df3f619804a92fdb4057192dc43dd748ea778adc52bc498ce80524c014b81119,00000000,,,,,False,,,,,,,,,,False,False
/application/zukanlist/zkn_data/zukan_enc_platinum.narc,/application/zukanlist/zkn_data/zukan_enc_platinum.narc!/member_02136,0,/application/zukanlist/zkn_data/zukan_enc_platinum.narc,133,2136,,52792,52796,13108,13112,4,df3f619804a92fdb4057192dc43dd748ea778adc52bc498ce80524c014b81119,00000000,,,,,False,,,,,,,,,,False,False
/application/zukanlist/zkn_data/zukan_enc_platinum.narc,/application/zukanlist/zkn_data/zukan_enc_platinum.narc!/member_02137,0,/application/zukanlist/zkn_data/zukan_enc_platinum.narc,133,2137,,52796,52800,13112,13116,4,df3f619804a92fdb4057192dc43dd748ea778adc52bc498ce80524c014b81119,00000000,,,,,False,,,,,,,,,,False,False
/application/zukanlist/zkn_data/zukan_enc_platinum.narc,/application/zukanlist/zkn_data/zukan_enc_platinum.narc!/member_02138,0,/application/zukanlist/zkn_data/zukan_enc_platinum.narc,133,2138,,52800,52804,13116,13120,4,df3f619804a92fdb4057192dc43dd748ea778adc52bc498ce80524c014b81119,00000000,,,,,False,,,,,,,,,,False,False
/application/zukanlist/zkn_data/zukan_enc_platinum.narc,/application/zukanlist/zkn_data/zukan_enc_platinum.narc!/member_02139,0,/application/zukanlist/zkn_data/zukan_enc_platinum.narc,133,2139,,52804,52808,13120,13124,4,df3f619804a92fdb4057192dc43dd748ea778adc52bc498ce80524c014b81119,00000000,,,,,False,,,,,,,,,,False,False
/application/zukanlist/zkn_data/zukan_enc_platinum.narc,/application/zukanlist/zkn_data/zukan_enc_platinum.narc!/member_02140,0,/application/zukanlist/zkn_data/zukan_enc_platinum.narc,133,2140,,52808,52812,13124,13128,4,df3f619804a92fdb4057192dc43dd748ea778adc52bc498ce80524c014b81119,00000000,,,,,False,,,,,,,,,,False,False
/application/zukanlist/zkn_data/zukan_enc_platinum.narc,/application/zukanlist/zkn_data/zukan_enc_platinum.narc!/member_02141,0,/application/zukanlist/zkn_data/zukan_enc_platinum.narc,133,2141,,52812,52816,13128,13132,4,df3f619804a92fdb4057192dc43dd748ea778adc52bc498ce80524c014b81119,00000000,,,,,False,,,,,,,,,,False,False
/application/zukanlist/zkn_data/zukan_enc_platinum.narc,/application/zukanlist/zkn_data/zukan_enc_platinum.narc!/member_02142,0,/application/zukanlist/zkn_data/zukan_enc_platinum.narc,133,2142,,52816,52820,13132,13136,4,df3f619804a92fdb4057192dc43dd748ea778adc52bc498ce80524c014b81119,00000000,,,,,False,,,,,,,,,,False,False
/application/zukanlist/zkn_data/zukan_enc_platinum.narc,/application/zukanlist/zkn_data/zukan_enc_platinum.narc!/member_02143,0,/application/zukanlist/zkn_data/zukan_enc_platinum.narc,133,2143,,52820,52824,13136,13140,4,df3f619804a92fdb4057192dc43dd748ea778adc52bc498ce80524c014b81119,00000000,,,,,False,,,,,,,,,,False,False
/application/zukanlist/zkn_data/zukan_enc_platinum.narc,/application/zukanlist/zkn_data/zukan_enc_platinum.narc!/member_02144,0,/application/zukanlist/zkn_data/zukan_enc_platinum.narc,133,2144,,52824,52828,13140,13144,4,df3f619804a92fdb4057192dc43dd748ea778adc52bc498ce80524c014b81119,00000000,,,,,False,,,,,,,,,,False,False
/application/zukanlist/zkn_data/zukan_enc_platinum.narc,/application/zukanlist/zkn_data/zukan_enc_platinum.narc!/member_02145,0,/application/zukanlist/zkn_data/zukan_enc_platinum.narc,133,2145,,52828,52832,13144,13148,4,df3f619804a92fdb4057192dc43dd748ea778adc52bc498ce80524c014b81119,00000000,,,,,False,,,,,,,,,,False,False
/application/zukanlist/zkn_data/zukan_enc_platinum.narc,/application/zukanlist/zkn_data/zukan_enc_platinum.narc!/member_02146,0,/application/zukanlist/zkn_data/zukan_enc_platinum.narc,133,2146,,52832,52836,13148,13152,4,df3f619804a92fdb4057192dc43dd748ea778adc52bc498ce80524c014b81119,00000000,,,,,False,,,,,,,,,,False,False
/application/zukanlist/zkn_data/zukan_enc_platinum.narc,/application/zukanlist/zkn_data/zukan_enc_platinum.narc!/member_02147,0,/application/zukanlist/zkn_data/zukan_enc_platinum.narc,133,2147,,52836,52840,13152,13156,4,df3f619804a92fdb4057192dc43dd748ea778adc52bc498ce80524c014b81119,00000000,,,,,False,,,,,,,,,,False,False
/application/zukanlist/zkn_data/zukan_enc_platinum.narc,/application/zukanlist/zkn_data/zukan_enc_platinum.narc!/member_02148,0,/application/zukanlist/zkn_data/zukan_enc_platinum.narc,133,2148,,52840,52844,13156,13160,4,df3f619804a92fdb4057192dc43dd748ea778adc52bc498ce80524c014b81119,00000000,,,,,False,,,,,,,,,,False,False
/application/zukanlist/zkn_data/zukan_enc_platinum.narc,/application/zukanlist/zkn_data/zukan_enc_platinum.narc!/member_02149,0,/application/zukanlist/zkn_data/zukan_enc_platinum.narc,133,2149,,52844,52848,13160,13164,4,df3f619804a92fdb4057192dc43dd748ea778adc52bc498ce80524c014b81119,00000000,,,,,False,,,,,,,,,,False,False
/application/zukanlist/zkn_data/zukan_enc_platinum.narc,/application/zukanlist/zkn_data/zukan_enc_platinum.narc!/member_02150,0,/application/zukanlist/zkn_data/zukan_enc_platinum.narc,133,2150,,52848,52852,13164,13168,4,df3f619804a92fdb4057192dc43dd748ea778adc52bc498ce80524c014b81119,00000000,,,,,False,,,,,,,,,,False,False
/application/zukanlist/zkn_data/zukan_enc_platinum.narc,/application/zukanlist/zkn_data/zukan_enc_platinum.narc!/member_02151,0,/application/zukanlist/zkn_data/zukan_enc_platinum.narc,133,2151,,52852,52856,13168,13172,4,df3f619804a92fdb4057192dc43dd748ea778adc52bc498ce80524c014b81119,00000000,,,,,False,,,,,,,,,,False,False
/application/zukanlist/zkn_data/zukan_enc_platinum.narc,/application/zukanlist/zkn_data/zukan_enc_platinum.narc!/member_02152,0,/application/zukanlist/zkn_data/zukan_enc_platinum.narc,133,2152,,52856,52860,13172,13176,4,df3f619804a92fdb4057192dc43dd748ea778adc52bc498ce80524c014b81119,00000000,,,,,False,,,,,,,,,,False,False
/application/zukanlist/zkn_data/zukan_enc_platinum.narc,/application/zukanlist/zkn_data/zukan_enc_platinum.narc!/member_02153,0,/application/zukanlist/zkn_data/zukan_enc_platinum.narc,133,2153,,52860,52864,13176,13180,4,df3f619804a92fdb4057192dc43dd748ea778adc52bc498ce80524c014b81119,00000000,,,,,False,,,,,,,,,,False,False
/application/zukanlist/zkn_data/zukan_enc_platinum.narc,/application/zukanlist/zkn_data/zukan_enc_platinum.narc!/member_02154,0,/application/zukanlist/zkn_data/zukan_enc_platinum.narc,133,2154,,52864,52868,13180,13184,4,df3f619804a92fdb4057192dc43dd748ea778adc52bc498ce80524c014b81119,00000000,,,,,False,,,,,,,,,,False,False
/application/zukanlist/zkn_data/zukan_enc_platinum.narc,/application/zukanlist/zkn_data/zukan_enc_platinum.narc!/member_02155,0,/application/zukanlist/zkn_data/zukan_enc_platinum.narc,133,2155,,52868,52872,13184,13188,4,df3f619804a92fdb4057192dc43dd748ea778adc52bc498ce80524c014b81119,00000000,,,,,False,,,,,,,,,,False,False
/application/zukanlist/zkn_data/zukan_enc_platinum.narc,/application/zukanlist/zkn_data/zukan_enc_platinum.narc!/member_02156,0,/application/zukanlist/zkn_data/zukan_enc_platinum.narc,133,2156,,52872,52880,13188,13196,8,18d8d609947c6b82b9607704ae40d3317038e709238514de750b5c7411ba4c20,0e00000000000000,,,,,False,,,,,,,,,,False,False
/application/zukanlist/zkn_data/zukan_enc_platinum.narc,/application/zukanlist/zkn_data/zukan_enc_platinum.narc!/member_02157,0,/application/zukanlist/zkn_data/zukan_enc_platinum.narc,133,2157,,52880,52888,13196,13204,8,18d8d609947c6b82b9607704ae40d3317038e709238514de750b5c7411ba4c20,0e00000000000000,,,,,False,,,,,,,,,,False,False
/application/zukanlist/zkn_data/zukan_enc_platinum.narc,/application/zukanlist/zkn_data/zukan_enc_platinum.narc!/member_02158,0,/application/zukanlist/zkn_data/zukan_enc_platinum.narc,133,2158,,52888,52896,13204,13212,8,18d8d609947c6b82b9607704ae40d3317038e709238514de750b5c7411ba4c20,0e00000000000000,,,,,False,,,,,,,,,,False,False
/application/zukanlist/zkn_data/zukan_enc_platinum.narc,/application/zukanlist/zkn_data/zukan_enc_platinum.narc!/member_02159,0,/application/zukanlist/zkn_data/zukan_enc_platinum.narc,133,2159,,52896,52900,13212,13216,4,df3f619804a92fdb4057192dc43dd748ea778adc52bc498ce80524c014b81119,00000000,,,,,False,,,,,,,,,,False,False
/application/zukanlist/zkn_data/zukan_enc_platinum.narc,/application/zukanlist/zkn_data/zukan_enc_platinum.narc!/member_02160,0,/application/zukanlist/zkn_data/zukan_enc_platinum.narc,133,2160,,52900,52904,13216,13220,4,df3f619804a92fdb4057192dc43dd748ea778adc52bc498ce80524c014b81119,00000000,,,,,False,,,,,,,,,,False,False
/application/zukanlist/zkn_data/zukan_enc_platinum.narc,/application/zukanlist/zkn_data/zukan_enc_platinum.narc!/member_02161,0,/application/zukanlist/zkn_data/zukan_enc_platinum.narc,133,2161,,52904,52908,13220,13224,4,df3f619804a92fdb4057192dc43dd748ea778adc52bc498ce80524c014b81119,00000000,,,,,False,,,,,,,,,,False,False
/application/zukanlist/zkn_data/zukan_enc_platinum.narc,/application/zukanlist/zkn_data/zukan_enc_platinum.narc!/member_02162,0,/application/zukanlist/zkn_data/zukan_enc_platinum.narc,133,2162,,52908,52912,13224,13228,4,df3f619804a92fdb4057192dc43dd748ea778adc52bc498ce80524c014b81119,00000000,,,,,False,,,,,,,,,,False,False
/application/zukanlist/zkn_data/zukan_enc_platinum.narc,/application/zukanlist/zkn_data/zukan_enc_platinum.narc!/member_02163,0,/application/zukanlist/zkn_data/zukan_enc_platinum.narc,133,2163,,52912,52916,13228,13232,4,df3f619804a92fdb4057192dc43dd748ea778adc52bc498ce80524c014b81119,00000000,,,,,False,,,,,,,,,,False,False
/application/zukanlist/zkn_data/zukan_enc_platinum.narc,/application/zukanlist/zkn_data/zukan_enc_platinum.narc!/member_02164,0,/application/zukanlist/zkn_data/zukan_enc_platinum.narc,133,2164,,52916,52920,13232,13236,4,df3f619804a92fdb4057192dc43dd748ea778adc52bc498ce80524c014b81119,00000000,,,,,False,,,,,,,,,,False,False
/application/zukanlist/zkn_data/zukan_enc_platinum.narc,/application/zukanlist/zkn_data/zukan_enc_platinum.narc!/member_02165,0,/application/zukanlist/zkn_data/zukan_enc_platinum.narc,133,2165,,52920,52924,13236,13240,4,df3f619804a92fdb4057192dc43dd748ea778adc52bc498ce80524c014b81119,00000000,,,,,False,,,,,,,,,,False,False
/application/zukanlist/zkn_data/zukan_enc_platinum.narc,/application/zukanlist/zkn_data/zukan_enc_platinum.narc!/member_02166,0,/application/zukanlist/zkn_data/zukan_enc_platinum.narc,133,2166,,52924,52928,13240,13244,4,df3f619804a92fdb4057192dc43dd748ea778adc52bc498ce80524c014b81119,00000000,,,,,False,,,,,,,,,,False,False
/application/zukanlist/zkn_data/zukan_enc_platinum.narc,/application/zukanlist/zkn_data/zukan_enc_platinum.narc!/member_02167,0,/application/zukanlist/zkn_data/zukan_enc_platinum.narc,133,2167,,52928,52936,13244,13252,8,18d8d609947c6b82b9607704ae40d3317038e709238514de750b5c7411ba4c20,0e00000000000000,,,,,False,,,,,,,,,,False,False
/application/zukanlist/zkn_data/zukan_enc_platinum.narc,/application/zukanlist/zkn_data/zukan_enc_platinum.narc!/member_02168,0,/application/zukanlist/zkn_data/zukan_enc_platinum.narc,133,2168,,52936,52940,13252,13256,4,df3f619804a92fdb4057192dc43dd748ea778adc52bc498ce80524c014b81119,00000000,,,,,False,,,,,,,,,,False,False
/application/zukanlist/zkn_data/zukan_enc_platinum.narc,/application/zukanlist/zkn_data/zukan_enc_platinum.narc!/member_02169,0,/application/zukanlist/zkn_data/zukan_enc_platinum.narc,133,2169,,52940,52944,13256,13260,4,df3f619804a92fdb4057192dc43dd748ea778adc52bc498ce80524c014b81119,00000000,,,,,False,,,,,,,,,,False,False
/application/zukanlist/zkn_data/zukan_enc_platinum.narc,/application/zukanlist/zkn_data/zukan_enc_platinum.narc!/member_02170,0,/application/zukanlist/zkn_data/zukan_enc_platinum.narc,133,2170,,52944,52948,13260,13264,4,df3f619804a92fdb4057192dc43dd748ea778adc52bc498ce80524c014b81119,00000000,,,,,False,,,,,,,,,,False,False
/application/zukanlist/zkn_data/zukan_enc_platinum.narc,/application/zukanlist/zkn_data/zukan_enc_platinum.narc!/member_02171,0,/application/zukanlist/zkn_data/zukan_enc_platinum.narc,133,2171,,52948,52952,13264,13268,4,df3f619804a92fdb4057192dc43dd748ea778adc52bc498ce80524c014b81119,00000000,,,,,False,,,,,,,,,,False,False
/application/zukanlist/zkn_data/zukan_enc_platinum.narc,/application/zukanlist/zkn_data/zukan_enc_platinum.narc!/member_02172,0,/application/zukanlist/zkn_data/zukan_enc_platinum.narc,133,2172,,52952,52956,13268,13272,4,df3f619804a92fdb4057192dc43dd748ea778adc52bc498ce80524c014b81119,00000000,,,,,False,,,,,,,,,,False,False
/application/zukanlist/zkn_data/zukan_enc_platinum.narc,/application/zukanlist/zkn_data/zukan_enc_platinum.narc!/member_02173,0,/application/zukanlist/zkn_data/zukan_enc_platinum.narc,133,2173,,52956,52960,13272,13276,4,df3f619804a92fdb4057192dc43dd748ea778adc52bc498ce80524c014b81119,00000000,,,,,False,,,,,,,,,,False,False
/application/zukanlist/zkn_data/zukan_enc_platinum.narc,/application/zukanlist/zkn_data/zukan_enc_platinum.narc!/member_02174,0,/application/zukanlist/zkn_data/zukan_enc_platinum.narc,133,2174,,52960,52968,13276,13284,8,debcea1f166010e428df48387304e45c0bf7843a1fa7f1beb38f852228df789b,1500000000000000,,,,,False,,,,,,,,,,False,False
/application/zukanlist/zkn_data/zukan_enc_platinum.narc,/application/zukanlist/zkn_data/zukan_enc_platinum.narc!/member_02175,0,/application/zukanlist/zkn_data/zukan_enc_platinum.narc,133,2175,,52968,52972,13284,13288,4,df3f619804a92fdb4057192dc43dd748ea778adc52bc498ce80524c014b81119,00000000,,,,,False,,,,,,,,,,False,False
/application/zukanlist/zkn_data/zukan_enc_platinum.narc,/application/zukanlist/zkn_data/zukan_enc_platinum.narc!/member_02176,0,/application/zukanlist/zkn_data/zukan_enc_platinum.narc,133,2176,,52972,52976,13288,13292,4,df3f619804a92fdb4057192dc43dd748ea778adc52bc498ce80524c014b81119,00000000,,,,,False,,,,,,,,,,False,False
/application/zukanlist/zkn_data/zukan_enc_platinum.narc,/application/zukanlist/zkn_data/zukan_enc_platinum.narc!/member_02177,0,/application/zukanlist/zkn_data/zukan_enc_platinum.narc,133,2177,,52976,52984,13292,13300,8,f0a0278e4372459cca6159cd5e71cfee638302a7b9ca9b05c34181ac0a65ac5d,0400000000000000,,,,,False,,,,,,,,,,False,False
/application/zukanlist/zkn_data/zukan_enc_platinum.narc,/application/zukanlist/zkn_data/zukan_enc_platinum.narc!/member_02178,0,/application/zukanlist/zkn_data/zukan_enc_platinum.narc,133,2178,,52984,52992,13300,13308,8,f0a0278e4372459cca6159cd5e71cfee638302a7b9ca9b05c34181ac0a65ac5d,0400000000000000,,,,,False,,,,,,,,,,False,False
/application/zukanlist/zkn_data/zukan_enc_platinum.narc,/application/zukanlist/zkn_data/zukan_enc_platinum.narc!/member_02179,0,/application/zukanlist/zkn_data/zukan_enc_platinum.narc,133,2179,,52992,53000,13308,13316,8,f0a0278e4372459cca6159cd5e71cfee638302a7b9ca9b05c34181ac0a65ac5d,0400000000000000,,,,,False,,,,,,,,,,False,False
/application/zukanlist/zkn_data/zukan_enc_platinum.narc,/application/zukanlist/zkn_data/zukan_enc_platinum.narc!/member_02180,0,/application/zukanlist/zkn_data/zukan_enc_platinum.narc,133,2180,,53000,53004,13316,13320,4,df3f619804a92fdb4057192dc43dd748ea778adc52bc498ce80524c014b81119,00000000,,,,,False,,,,,,,,,,False,False
/application/zukanlist/zkn_data/zukan_enc_platinum.narc,/application/zukanlist/zkn_data/zukan_enc_platinum.narc!/member_02181,0,/application/zukanlist/zkn_data/zukan_enc_platinum.narc,133,2181,,53004,53008,13320,13324,4,df3f619804a92fdb4057192dc43dd748ea778adc52bc498ce80524c014b81119,00000000,,,,,False,,,,,,,,,,False,False
/application/zukanlist/zkn_data/zukan_enc_platinum.narc,/application/zukanlist/zkn_data/zukan_enc_platinum.narc!/member_02182,0,/application/zukanlist/zkn_data/zukan_enc_platinum.narc,133,2182,,53008,53012,13324,13328,4,df3f619804a92fdb4057192dc43dd748ea778adc52bc498ce80524c014b81119,00000000,,,,,False,,,,,,,,,,False,False
/application/zukanlist/zkn_data/zukan_enc_platinum.narc,/application/zukanlist/zkn_data/zukan_enc_platinum.narc!/member_02183,0,/application/zukanlist/zkn_data/zukan_enc_platinum.narc,133,2183,,53012,53016,13328,13332,4,df3f619804a92fdb4057192dc43dd748ea778adc52bc498ce80524c014b81119,00000000,,,,,False,,,,,,,,,,False,False
/application/zukanlist/zkn_data/zukan_enc_platinum.narc,/application/zukanlist/zkn_data/zukan_enc_platinum.narc!/member_02184,0,/application/zukanlist/zkn_data/zukan_enc_platinum.narc,133,2184,,53016,53020,13332,13336,4,df3f619804a92fdb4057192dc43dd748ea778adc52bc498ce80524c014b81119,00000000,,,,,False,,,,,,,,,,False,False
/application/zukanlist/zkn_data/zukan_enc_platinum.narc,/application/zukanlist/zkn_data/zukan_enc_platinum.narc!/member_02185,0,/application/zukanlist/zkn_data/zukan_enc_platinum.narc,133,2185,,53020,53028,13336,13344,8,f13ee6ed54ea2aae9fc49a9faeb5da6e8ddef0e12ed5d30d35a624ae813e0485,0500000000000000,,,,,False,,,,,,,,,,False,False
/application/zukanlist/zkn_data/zukan_enc_platinum.narc,/application/zukanlist/zkn_data/zukan_enc_platinum.narc!/member_02186,0,/application/zukanlist/zkn_data/zukan_enc_platinum.narc,133,2186,,53028,53040,13344,13356,12,465096b47991ab6a9b3f5e27b35f5bea8c3150e2156be9690dc99683e6e9ecd8,110000001200000000000000,,Nintendo LZ11,Probable,,True,Nintendo LZ11,Probable,True,18,False,,,,,False,False
/application/zukanlist/zkn_data/zukan_enc_platinum.narc,/application/zukanlist/zkn_data/zukan_enc_platinum.narc!/member_02187,0,/application/zukanlist/zkn_data/zukan_enc_platinum.narc,133,2187,,53040,53044,13356,13360,4,df3f619804a92fdb4057192dc43dd748ea778adc52bc498ce80524c014b81119,00000000,,,,,False,,,,,,,,,,False,False
/application/zukanlist/zkn_data/zukan_enc_platinum.narc,/application/zukanlist/zkn_data/zukan_enc_platinum.narc!/member_02188,0,/application/zukanlist/zkn_data/zukan_enc_platinum.narc,133,2188,,53044,53048,13360,13364,4,df3f619804a92fdb4057192dc43dd748ea778adc52bc498ce80524c014b81119,00000000,,,,,False,,,,,,,,,,False,False
/application/zukanlist/zkn_data/zukan_enc_platinum.narc,/application/zukanlist/zkn_data/zukan_enc_platinum.narc!/member_02189,0,/application/zukanlist/zkn_data/zukan_enc_platinum.narc,133,2189,,53048,53052,13364,13368,4,df3f619804a92fdb4057192dc43dd748ea778adc52bc498ce80524c014b81119,00000000,,,,,False,,,,,,,,,,False,False
/application/zukanlist/zkn_data/zukan_enc_platinum.narc,/application/zukanlist/zkn_data/zukan_enc_platinum.narc!/member_02190,0,/application/zukanlist/zkn_data/zukan_enc_platinum.narc,133,2190,,53052,53056,13368,13372,4,df3f619804a92fdb4057192dc43dd748ea778adc52bc498ce80524c014b81119,00000000,,,,,False,,,,,,,,,,False,False
/application/zukanlist/zkn_data/zukan_enc_platinum.narc,/application/zukanlist/zkn_data/zukan_enc_platinum.narc!/member_02191,0,/application/zukanlist/zkn_data/zukan_enc_platinum.narc,133,2191,,53056,53060,13372,13376,4,df3f619804a92fdb4057192dc43dd748ea778adc52bc498ce80524c014b81119,00000000,,,,,False,,,,,,,,,,False,False
/application/zukanlist/zkn_data/zukan_enc_platinum.narc,/application/zukanlist/zkn_data/zukan_enc_platinum.narc!/member_02192,0,/application/zukanlist/zkn_data/zukan_enc_platinum.narc,133,2192,,53060,53068,13376,13384,8,23d7f42b1cdc1f0d492ebd756ed0fe8003995dda554d99418d47a81813650207,0600000000000000,,,,,False,,,,,,,,,,False,False
/application/zukanlist/zkn_data/zukan_enc_platinum.narc,/application/zukanlist/zkn_data/zukan_enc_platinum.narc!/member_02193,0,/application/zukanlist/zkn_data/zukan_enc_platinum.narc,133,2193,,53068,53072,13384,13388,4,df3f619804a92fdb4057192dc43dd748ea778adc52bc498ce80524c014b81119,00000000,,,,,False,,,,,,,,,,False,False
/application/zukanlist/zkn_data/zukan_enc_platinum.narc,/application/zukanlist/zkn_data/zukan_enc_platinum.narc!/member_02194,0,/application/zukanlist/zkn_data/zukan_enc_platinum.narc,133,2194,,53072,53076,13388,13392,4,df3f619804a92fdb4057192dc43dd748ea778adc52bc498ce80524c014b81119,00000000,,,,,False,,,,,,,,,,False,False
/application/zukanlist/zkn_data/zukan_enc_platinum.narc,/application/zukanlist/zkn_data/zukan_enc_platinum.narc!/member_02195,0,/application/zukanlist/zkn_data/zukan_enc_platinum.narc,133,2195,,53076,53080,13392,13396,4,df3f619804a92fdb4057192dc43dd748ea778adc52bc498ce80524c014b81119,00000000,,,,,False,,,,,,,,,,False,False
/application/zukanlist/zkn_data/zukan_enc_platinum.narc,/application/zukanlist/zkn_data/zukan_enc_platinum.narc!/member_02196,0,/application/zukanlist/zkn_data/zukan_enc_platinum.narc,133,2196,,53080,53084,13396,13400,4,df3f619804a92fdb4057192dc43dd748ea778adc52bc498ce80524c014b81119,00000000,,,,,False,,,,,,,,,,False,False
/application/zukanlist/zkn_data/zukan_enc_platinum.narc,/application/zukanlist/zkn_data/zukan_enc_platinum.narc!/member_02197,0,/application/zukanlist/zkn_data/zukan_enc_platinum.narc,133,2197,,53084,53088,13400,13404,4,df3f619804a92fdb4057192dc43dd748ea778adc52bc498ce80524c014b81119,00000000,,,,,False,,,,,,,,,,False,False
/application/zukanlist/zkn_data/zukan_enc_platinum.narc,/application/zukanlist/zkn_data/zukan_enc_platinum.narc!/member_02198,0,/application/zukanlist/zkn_data/zukan_enc_platinum.narc,133,2198,,53088,53096,13404,13412,8,debcea1f166010e428df48387304e45c0bf7843a1fa7f1beb38f852228df789b,1500000000000000,,,,,False,,,,,,,,,,False,False
/application/zukanlist/zkn_data/zukan_enc_platinum.narc,/application/zukanlist/zkn_data/zukan_enc_platinum.narc!/member_02199,0,/application/zukanlist/zkn_data/zukan_enc_platinum.narc,133,2199,,53096,53108,13412,13424,12,70a843665ee27a264898c82c86bbb3489574321bc16c89a0e50275c369746374,0b0000001300000000000000,,,,,False,,,,,,,,,,False,False
/application/zukanlist/zkn_data/zukan_enc_platinum.narc,/application/zukanlist/zkn_data/zukan_enc_platinum.narc!/member_02200,0,/application/zukanlist/zkn_data/zukan_enc_platinum.narc,133,2200,,53108,53112,13424,13428,4,df3f619804a92fdb4057192dc43dd748ea778adc52bc498ce80524c014b81119,00000000,,,,,False,,,,,,,,,,False,False
/application/zukanlist/zkn_data/zukan_enc_platinum.narc,/application/zukanlist/zkn_data/zukan_enc_platinum.narc!/member_02201,0,/application/zukanlist/zkn_data/zukan_enc_platinum.narc,133,2201,,53112,53116,13428,13432,4,df3f619804a92fdb4057192dc43dd748ea778adc52bc498ce80524c014b81119,00000000,,,,,False,,,,,,,,,,False,False
/application/zukanlist/zkn_data/zukan_enc_platinum.narc,/application/zukanlist/zkn_data/zukan_enc_platinum.narc!/member_02202,0,/application/zukanlist/zkn_data/zukan_enc_platinum.narc,133,2202,,53116,53124,13432,13440,8,cbbd5f990c53684d7ae650b40fcb5656e02261b53da5f6a7d8c819c92f2828f8,0900000000000000,,,,,False,,,,,,,,,,False,False
/application/zukanlist/zkn_data/zukan_enc_platinum.narc,/application/zukanlist/zkn_data/zukan_enc_platinum.narc!/member_02203,0,/application/zukanlist/zkn_data/zukan_enc_platinum.narc,133,2203,,53124,53128,13440,13444,4,df3f619804a92fdb4057192dc43dd748ea778adc52bc498ce80524c014b81119,00000000,,,,,False,,,,,,,,,,False,False
/application/zukanlist/zkn_data/zukan_enc_platinum.narc,/application/zukanlist/zkn_data/zukan_enc_platinum.narc!/member_02204,0,/application/zukanlist/zkn_data/zukan_enc_platinum.narc,133,2204,,53128,53132,13444,13448,4,df3f619804a92fdb4057192dc43dd748ea778adc52bc498ce80524c014b81119,00000000,,,,,False,,,,,,,,,,False,False
/application/zukanlist/zkn_data/zukan_enc_platinum.narc,/application/zukanlist/zkn_data/zukan_enc_platinum.narc!/member_02205,0,/application/zukanlist/zkn_data/zukan_enc_platinum.narc,133,2205,,53132,53136,13448,13452,4,df3f619804a92fdb4057192dc43dd748ea778adc52bc498ce80524c014b81119,00000000,,,,,False,,,,,,,,,,False,False
/application/zukanlist/zkn_data/zukan_enc_platinum.narc,/application/zukanlist/zkn_data/zukan_enc_platinum.narc!/member_02206,0,/application/zukanlist/zkn_data/zukan_enc_platinum.narc,133,2206,,53136,53140,13452,13456,4,df3f619804a92fdb4057192dc43dd748ea778adc52bc498ce80524c014b81119,00000000,,,,,False,,,,,,,,,,False,False
/application/zukanlist/zkn_data/zukan_enc_platinum.narc,/application/zukanlist/zkn_data/zukan_enc_platinum.narc!/member_02207,0,/application/zukanlist/zkn_data/zukan_enc_platinum.narc,133,2207,,53140,53144,13456,13460,4,df3f619804a92fdb4057192dc43dd748ea778adc52bc498ce80524c014b81119,00000000,,,,,False,,,,,,,,,,False,False
/application/zukanlist/zkn_data/zukan_enc_platinum.narc,/application/zukanlist/zkn_data/zukan_enc_platinum.narc!/member_02208,0,/application/zukanlist/zkn_data/zukan_enc_platinum.narc,133,2208,,53144,53148,13460,13464,4,df3f619804a92fdb4057192dc43dd748ea778adc52bc498ce80524c014b81119,00000000,,,,,False,,,,,,,,,,False,False
/application/zukanlist/zkn_data/zukan_enc_platinum.narc,/application/zukanlist/zkn_data/zukan_enc_platinum.narc!/member_02209,0,/application/zukanlist/zkn_data/zukan_enc_platinum.narc,133,2209,,53148,53152,13464,13468,4,df3f619804a92fdb4057192dc43dd748ea778adc52bc498ce80524c014b81119,00000000,,,,,False,,,,,,,,,,False,False
/application/zukanlist/zkn_data/zukan_enc_platinum.narc,/application/zukanlist/zkn_data/zukan_enc_platinum.narc!/member_02210,0,/application/zukanlist/zkn_data/zukan_enc_platinum.narc,133,2210,,53152,53156,13468,13472,4,df3f619804a92fdb4057192dc43dd748ea778adc52bc498ce80524c014b81119,00000000,,,,,False,,,,,,,,,,False,False
/application/zukanlist/zkn_data/zukan_enc_platinum.narc,/application/zukanlist/zkn_data/zukan_enc_platinum.narc!/member_02211,0,/application/zukanlist/zkn_data/zukan_enc_platinum.narc,133,2211,,53156,53160,13472,13476,4,df3f619804a92fdb4057192dc43dd748ea778adc52bc498ce80524c014b81119,00000000,,,,,False,,,,,,,,,,False,False
/application/zukanlist/zkn_data/zukan_enc_platinum.narc,/application/zukanlist/zkn_data/zukan_enc_platinum.narc!/member_02212,0,/application/zukanlist/zkn_data/zukan_enc_platinum.narc,133,2212,,53160,53164,13476,13480,4,df3f619804a92fdb4057192dc43dd748ea778adc52bc498ce80524c014b81119,00000000,,,,,False,,,,,,,,,,False,False
/application/zukanlist/zkn_data/zukan_enc_platinum.narc,/application/zukanlist/zkn_data/zukan_enc_platinum.narc!/member_02213,0,/application/zukanlist/zkn_data/zukan_enc_platinum.narc,133,2213,,53164,53168,13480,13484,4,df3f619804a92fdb4057192dc43dd748ea778adc52bc498ce80524c014b81119,00000000,,,,,False,,,,,,,,,,False,False
/application/zukanlist/zkn_data/zukan_enc_platinum.narc,/application/zukanlist/zkn_data/zukan_enc_platinum.narc!/member_02214,0,/application/zukanlist/zkn_data/zukan_enc_platinum.narc,133,2214,,53168,53172,13484,13488,4,df3f619804a92fdb4057192dc43dd748ea778adc52bc498ce80524c014b81119,00000000,,,,,False,,,,,,,,,,False,False
/application/zukanlist/zkn_data/zukan_enc_platinum.narc,/application/zukanlist/zkn_data/zukan_enc_platinum.narc!/member_02215,0,/application/zukanlist/zkn_data/zukan_enc_platinum.narc,133,2215,,53172,53176,13488,13492,4,df3f619804a92fdb4057192dc43dd748ea778adc52bc498ce80524c014b81119,00000000,,,,,False,,,,,,,,,,False,False
/application/zukanlist/zkn_data/zukan_enc_platinum.narc,/application/zukanlist/zkn_data/zukan_enc_platinum.narc!/member_02216,0,/application/zukanlist/zkn_data/zukan_enc_platinum.narc,133,2216,,53176,53180,13492,13496,4,df3f619804a92fdb4057192dc43dd748ea778adc52bc498ce80524c014b81119,00000000,,,,,False,,,,,,,,,,False,False
/application/zukanlist/zkn_data/zukan_enc_platinum.narc,/application/zukanlist/zkn_data/zukan_enc_platinum.narc!/member_02217,0,/application/zukanlist/zkn_data/zukan_enc_platinum.narc,133,2217,,53180,53184,13496,13500,4,df3f619804a92fdb4057192dc43dd748ea778adc52bc498ce80524c014b81119,00000000,,,,,False,,,,,,,,,,False,False
/application/zukanlist/zkn_data/zukan_enc_platinum.narc,/application/zukanlist/zkn_data/zukan_enc_platinum.narc!/member_02218,0,/application/zukanlist/zkn_data/zukan_enc_platinum.narc,133,2218,,53184,53188,13500,13504,4,df3f619804a92fdb4057192dc43dd748ea778adc52bc498ce80524c014b81119,00000000,,,,,False,,,,,,,,,,False,False
/application/zukanlist/zkn_data/zukan_enc_platinum.narc,/application/zukanlist/zkn_data/zukan_enc_platinum.narc!/member_02219,0,/application/zukanlist/zkn_data/zukan_enc_platinum.narc,133,2219,,53188,53192,13504,13508,4,df3f619804a92fdb4057192dc43dd748ea778adc52bc498ce80524c014b81119,00000000,,,,,False,,,,,,,,,,False,False
/application/zukanlist/zkn_data/zukan_enc_platinum.narc,/application/zukanlist/zkn_data/zukan_enc_platinum.narc!/member_02220,0,/application/zukanlist/zkn_data/zukan_enc_platinum.narc,133,2220,,53192,53196,13508,13512,4,df3f619804a92fdb4057192dc43dd748ea778adc52bc498ce80524c014b81119,00000000,,,,,False,,,,,,,,,,False,False
/application/zukanlist/zkn_data/zukan_enc_platinum.narc,/application/zukanlist/zkn_data/zukan_enc_platinum.narc!/member_02221,0,/application/zukanlist/zkn_data/zukan_enc_platinum.narc,133,2221,,53196,53200,13512,13516,4,df3f619804a92fdb4057192dc43dd748ea778adc52bc498ce80524c014b81119,00000000,,,,,False,,,,,,,,,,False,False
/application/zukanlist/zkn_data/zukan_enc_platinum.narc,/application/zukanlist/zkn_data/zukan_enc_platinum.narc!/member_02222,0,/application/zukanlist/zkn_data/zukan_enc_platinum.narc,133,2222,,53200,53208,13516,13524,8,5fd1b79ebdef9619a57916a3bfc264b54d37a792659b3693f8ab36ec3ebce448,0b00000000000000,,,,,False,,,,,,,,,,False,False
/application/zukanlist/zkn_data/zukan_enc_platinum.narc,/application/zukanlist/zkn_data/zukan_enc_platinum.narc!/member_02223,0,/application/zukanlist/zkn_data/zukan_enc_platinum.narc,133,2223,,53208,53212,13524,13528,4,df3f619804a92fdb4057192dc43dd748ea778adc52bc498ce80524c014b81119,00000000,,,,,False,,,,,,,,,,False,False
/application/zukanlist/zkn_data/zukan_enc_platinum.narc,/application/zukanlist/zkn_data/zukan_enc_platinum.narc!/member_02224,0,/application/zukanlist/zkn_data/zukan_enc_platinum.narc,133,2224,,53212,53216,13528,13532,4,df3f619804a92fdb4057192dc43dd748ea778adc52bc498ce80524c014b81119,00000000,,,,,False,,,,,,,,,,False,False
/application/zukanlist/zkn_data/zukan_enc_platinum.narc,/application/zukanlist/zkn_data/zukan_enc_platinum.narc!/member_02225,0,/application/zukanlist/zkn_data/zukan_enc_platinum.narc,133,2225,,53216,53220,13532,13536,4,df3f619804a92fdb4057192dc43dd748ea778adc52bc498ce80524c014b81119,00000000,,,,,False,,,,,,,,,,False,False
/application/zukanlist/zkn_data/zukan_enc_platinum.narc,/application/zukanlist/zkn_data/zukan_enc_platinum.narc!/member_02226,0,/application/zukanlist/zkn_data/zukan_enc_platinum.narc,133,2226,,53220,53224,13536,13540,4,df3f619804a92fdb4057192dc43dd748ea778adc52bc498ce80524c014b81119,00000000,,,,,False,,,,,,,,,,False,False
/application/zukanlist/zkn_data/zukan_enc_platinum.narc,/application/zukanlist/zkn_data/zukan_enc_platinum.narc!/member_02227,0,/application/zukanlist/zkn_data/zukan_enc_platinum.narc,133,2227,,53224,53228,13540,13544,4,df3f619804a92fdb4057192dc43dd748ea778adc52bc498ce80524c014b81119,00000000,,,,,False,,,,,,,,,,False,False
/application/zukanlist/zkn_data/zukan_enc_platinum.narc,/application/zukanlist/zkn_data/zukan_enc_platinum.narc!/member_02228,0,/application/zukanlist/zkn_data/zukan_enc_platinum.narc,133,2228,,53228,53232,13544,13548,4,df3f619804a92fdb4057192dc43dd748ea778adc52bc498ce80524c014b81119,00000000,,,,,False,,,,,,,,,,False,False
/application/zukanlist/zkn_data/zukan_enc_platinum.narc,/application/zukanlist/zkn_data/zukan_enc_platinum.narc!/member_02229,0,/application/zukanlist/zkn_data/zukan_enc_platinum.narc,133,2229,,53232,53236,13548,13552,4,df3f619804a92fdb4057192dc43dd748ea778adc52bc498ce80524c014b81119,00000000,,,,,False,,,,,,,,,,False,False
/application/zukanlist/zkn_data/zukan_enc_platinum.narc,/application/zukanlist/zkn_data/zukan_enc_platinum.narc!/member_02230,0,/application/zukanlist/zkn_data/zukan_enc_platinum.narc,133,2230,,53236,53240,13552,13556,4,df3f619804a92fdb4057192dc43dd748ea778adc52bc498ce80524c014b81119,00000000,,,,,False,,,,,,,,,,False,False
/application/zukanlist/zkn_data/zukan_enc_platinum.narc,/application/zukanlist/zkn_data/zukan_enc_platinum.narc!/member_02231,0,/application/zukanlist/zkn_data/zukan_enc_platinum.narc,133,2231,,53240,53244,13556,13560,4,df3f619804a92fdb4057192dc43dd748ea778adc52bc498ce80524c014b81119,00000000,,,,,False,,,,,,,,,,False,False
/application/zukanlist/zkn_data/zukan_enc_platinum.narc,/application/zukanlist/zkn_data/zukan_enc_platinum.narc!/member_02232,0,/application/zukanlist/zkn_data/zukan_enc_platinum.narc,133,2232,,53244,53248,13560,13564,4,df3f619804a92fdb4057192dc43dd748ea778adc52bc498ce80524c014b81119,00000000,,,,,False,,,,,,,,,,False,False
/application/zukanlist/zkn_data/zukan_enc_platinum.narc,/application/zukanlist/zkn_data/zukan_enc_platinum.narc!/member_02233,0,/application/zukanlist/zkn_data/zukan_enc_platinum.narc,133,2233,,53248,53252,13564,13568,4,df3f619804a92fdb4057192dc43dd748ea778adc52bc498ce80524c014b81119,00000000,,,,,False,,,,,,,,,,False,False
/application/zukanlist/zkn_data/zukan_enc_platinum.narc,/application/zukanlist/zkn_data/zukan_enc_platinum.narc!/member_02234,0,/application/zukanlist/zkn_data/zukan_enc_platinum.narc,133,2234,,53252,53256,13568,13572,4,df3f619804a92fdb4057192dc43dd748ea778adc52bc498ce80524c014b81119,00000000,,,,,False,,,,,,,,,,False,False
/application/zukanlist/zkn_data/zukan_enc_platinum.narc,/application/zukanlist/zkn_data/zukan_enc_platinum.narc!/member_02235,0,/application/zukanlist/zkn_data/zukan_enc_platinum.narc,133,2235,,53256,53260,13572,13576,4,df3f619804a92fdb4057192dc43dd748ea778adc52bc498ce80524c014b81119,00000000,,,,,False,,,,,,,,,,False,False
/application/zukanlist/zkn_data/zukan_enc_platinum.narc,/application/zukanlist/zkn_data/zukan_enc_platinum.narc!/member_02236,0,/application/zukanlist/zkn_data/zukan_enc_platinum.narc,133,2236,,53260,53264,13576,13580,4,df3f619804a92fdb4057192dc43dd748ea778adc52bc498ce80524c014b81119,00000000,,,,,False,,,,,,,,,,False,False
/application/zukanlist/zkn_data/zukan_enc_platinum.narc,/application/zukanlist/zkn_data/zukan_enc_platinum.narc!/member_02237,0,/application/zukanlist/zkn_data/zukan_enc_platinum.narc,133,2237,,53264,53268,13580,13584,4,df3f619804a92fdb4057192dc43dd748ea778adc52bc498ce80524c014b81119,00000000,,,,,False,,,,,,,,,,False,False
/application/zukanlist/zkn_data/zukan_enc_platinum.narc,/application/zukanlist/zkn_data/zukan_enc_platinum.narc!/member_02238,0,/application/zukanlist/zkn_data/zukan_enc_platinum.narc,133,2238,,53268,53272,13584,13588,4,df3f619804a92fdb4057192dc43dd748ea778adc52bc498ce80524c014b81119,00000000,,,,,False,,,,,,,,,,False,False
/application/zukanlist/zkn_data/zukan_enc_platinum.narc,/application/zukanlist/zkn_data/zukan_enc_platinum.narc!/member_02239,0,/application/zukanlist/zkn_data/zukan_enc_platinum.narc,133,2239,,53272,53276,13588,13592,4,df3f619804a92fdb4057192dc43dd748ea778adc52bc498ce80524c014b81119,00000000,,,,,False,,,,,,,,,,False,False
/application/zukanlist/zkn_data/zukan_enc_platinum.narc,/application/zukanlist/zkn_data/zukan_enc_platinum.narc!/member_02240,0,/application/zukanlist/zkn_data/zukan_enc_platinum.narc,133,2240,,53276,53280,13592,13596,4,df3f619804a92fdb4057192dc43dd748ea778adc52bc498ce80524c014b81119,00000000,,,,,False,,,,,,,,,,False,False
/application/zukanlist/zkn_data/zukan_enc_platinum.narc,/application/zukanlist/zkn_data/zukan_enc_platinum.narc!/member_02241,0,/application/zukanlist/zkn_data/zukan_enc_platinum.narc,133,2241,,53280,53284,13596,13600,4,df3f619804a92fdb4057192dc43dd748ea778adc52bc498ce80524c014b81119,00000000,,,,,False,,,,,,,,,,False,False
/application/zukanlist/zkn_data/zukan_enc_platinum.narc,/application/zukanlist/zkn_data/zukan_enc_platinum.narc!/member_02242,0,/application/zukanlist/zkn_data/zukan_enc_platinum.narc,133,2242,,53284,53288,13600,13604,4,df3f619804a92fdb4057192dc43dd748ea778adc52bc498ce80524c014b81119,00000000,,,,,False,,,,,,,,,,False,False
/application/zukanlist/zkn_data/zukan_enc_platinum.narc,/application/zukanlist/zkn_data/zukan_enc_platinum.narc!/member_02243,0,/application/zukanlist/zkn_data/zukan_enc_platinum.narc,133,2243,,53288,53292,13604,13608,4,df3f619804a92fdb4057192dc43dd748ea778adc52bc498ce80524c014b81119,00000000,,,,,False,,,,,,,,,,False,False
/application/zukanlist/zkn_data/zukan_enc_platinum.narc,/application/zukanlist/zkn_data/zukan_enc_platinum.narc!/member_02244,0,/application/zukanlist/zkn_data/zukan_enc_platinum.narc,133,2244,,53292,53296,13608,13612,4,df3f619804a92fdb4057192dc43dd748ea778adc52bc498ce80524c014b81119,00000000,,,,,False,,,,,,,,,,False,False
/application/zukanlist/zkn_data/zukan_enc_platinum.narc,/application/zukanlist/zkn_data/zukan_enc_platinum.narc!/member_02245,0,/application/zukanlist/zkn_data/zukan_enc_platinum.narc,133,2245,,53296,53300,13612,13616,4,df3f619804a92fdb4057192dc43dd748ea778adc52bc498ce80524c014b81119,00000000,,,,,False,,,,,,,,,,False,False
/application/zukanlist/zkn_data/zukan_enc_platinum.narc,/application/zukanlist/zkn_data/zukan_enc_platinum.narc!/member_02246,0,/application/zukanlist/zkn_data/zukan_enc_platinum.narc,133,2246,,53300,53304,13616,13620,4,df3f619804a92fdb4057192dc43dd748ea778adc52bc498ce80524c014b81119,00000000,,,,,False,,,,,,,,,,False,False
/application/zukanlist/zkn_data/zukan_enc_platinum.narc,/application/zukanlist/zkn_data/zukan_enc_platinum.narc!/member_02247,0,/application/zukanlist/zkn_data/zukan_enc_platinum.narc,133,2247,,53304,53308,13620,13624,4,df3f619804a92fdb4057192dc43dd748ea778adc52bc498ce80524c014b81119,00000000,,,,,False,,,,,,,,,,False,False
/application/zukanlist/zkn_data/zukan_enc_platinum.narc,/application/zukanlist/zkn_data/zukan_enc_platinum.narc!/member_02248,0,/application/zukanlist/zkn_data/zukan_enc_platinum.narc,133,2248,,53308,53312,13624,13628,4,df3f619804a92fdb4057192dc43dd748ea778adc52bc498ce80524c014b81119,00000000,,,,,False,,,,,,,,,,False,False
/application/zukanlist/zkn_data/zukan_enc_platinum.narc,/application/zukanlist/zkn_data/zukan_enc_platinum.narc!/member_02249,0,/application/zukanlist/zkn_data/zukan_enc_platinum.narc,133,2249,,53312,53320,13628,13636,8,debcea1f166010e428df48387304e45c0bf7843a1fa7f1beb38f852228df789b,1500000000000000,,,,,False,,,,,,,,,,False,False
/application/zukanlist/zkn_data/zukan_enc_platinum.narc,/application/zukanlist/zkn_data/zukan_enc_platinum.narc!/member_02250,0,/application/zukanlist/zkn_data/zukan_enc_platinum.narc,133,2250,,53320,53324,13636,13640,4,df3f619804a92fdb4057192dc43dd748ea778adc52bc498ce80524c014b81119,00000000,,,,,False,,,,,,,,,,False,False
/application/zukanlist/zkn_data/zukan_enc_platinum.narc,/application/zukanlist/zkn_data/zukan_enc_platinum.narc!/member_02251,0,/application/zukanlist/zkn_data/zukan_enc_platinum.narc,133,2251,,53324,53328,13640,13644,4,df3f619804a92fdb4057192dc43dd748ea778adc52bc498ce80524c014b81119,00000000,,,,,False,,,,,,,,,,False,False
/application/zukanlist/zkn_data/zukan_enc_platinum.narc,/application/zukanlist/zkn_data/zukan_enc_platinum.narc!/member_02252,0,/application/zukanlist/zkn_data/zukan_enc_platinum.narc,133,2252,,53328,53332,13644,13648,4,df3f619804a92fdb4057192dc43dd748ea778adc52bc498ce80524c014b81119,00000000,,,,,False,,,,,,,,,,False,False
/application/zukanlist/zkn_data/zukan_enc_platinum.narc,/application/zukanlist/zkn_data/zukan_enc_platinum.narc!/member_02253,0,/application/zukanlist/zkn_data/zukan_enc_platinum.narc,133,2253,,53332,53336,13648,13652,4,df3f619804a92fdb4057192dc43dd748ea778adc52bc498ce80524c014b81119,00000000,,,,,False,,,,,,,,,,False,False
/application/zukanlist/zkn_data/zukan_enc_platinum.narc,/application/zukanlist/zkn_data/zukan_enc_platinum.narc!/member_02254,0,/application/zukanlist/zkn_data/zukan_enc_platinum.narc,133,2254,,53336,53340,13652,13656,4,df3f619804a92fdb4057192dc43dd748ea778adc52bc498ce80524c014b81119,00000000,,,,,False,,,,,,,,,,False,False
/application/zukanlist/zkn_data/zukan_enc_platinum.narc,/application/zukanlist/zkn_data/zukan_enc_platinum.narc!/member_02255,0,/application/zukanlist/zkn_data/zukan_enc_platinum.narc,133,2255,,53340,53344,13656,13660,4,df3f619804a92fdb4057192dc43dd748ea778adc52bc498ce80524c014b81119,00000000,,,,,False,,,,,,,,,,False,False
/application/zukanlist/zkn_data/zukan_enc_platinum.narc,/application/zukanlist/zkn_data/zukan_enc_platinum.narc!/member_02256,0,/application/zukanlist/zkn_data/zukan_enc_platinum.narc,133,2256,,53344,53348,13660,13664,4,df3f619804a92fdb4057192dc43dd748ea778adc52bc498ce80524c014b81119,00000000,,,,,False,,,,,,,,,,False,False
/application/zukanlist/zkn_data/zukan_enc_platinum.narc,/application/zukanlist/zkn_data/zukan_enc_platinum.narc!/member_02257,0,/application/zukanlist/zkn_data/zukan_enc_platinum.narc,133,2257,,53348,53352,13664,13668,4,df3f619804a92fdb4057192dc43dd748ea778adc52bc498ce80524c014b81119,00000000,,,,,False,,,,,,,,,,False,False
/application/zukanlist/zkn_data/zukan_enc_platinum.narc,/application/zukanlist/zkn_data/zukan_enc_platinum.narc!/member_02258,0,/application/zukanlist/zkn_data/zukan_enc_platinum.narc,133,2258,,53352,53356,13668,13672,4,df3f619804a92fdb4057192dc43dd748ea778adc52bc498ce80524c014b81119,00000000,,,,,False,,,,,,,,,,False,False
/application/zukanlist/zkn_data/zukan_enc_platinum.narc,/application/zukanlist/zkn_data/zukan_enc_platinum.narc!/member_02259,0,/application/zukanlist/zkn_data/zukan_enc_platinum.narc,133,2259,,53356,53360,13672,13676,4,df3f619804a92fdb4057192dc43dd748ea778adc52bc498ce80524c014b81119,00000000,,,,,False,,,,,,,,,,False,False
/application/zukanlist/zkn_data/zukan_enc_platinum.narc,/application/zukanlist/zkn_data/zukan_enc_platinum.narc!/member_02260,0,/application/zukanlist/zkn_data/zukan_enc_platinum.narc,133,2260,,53360,53364,13676,13680,4,df3f619804a92fdb4057192dc43dd748ea778adc52bc498ce80524c014b81119,00000000,,,,,False,,,,,,,,,,False,False
/application/zukanlist/zkn_data/zukan_enc_platinum.narc,/application/zukanlist/zkn_data/zukan_enc_platinum.narc!/member_02261,0,/application/zukanlist/zkn_data/zukan_enc_platinum.narc,133,2261,,53364,53368,13680,13684,4,df3f619804a92fdb4057192dc43dd748ea778adc52bc498ce80524c014b81119,00000000,,,,,False,,,,,,,,,,False,False
/application/zukanlist/zkn_data/zukan_enc_platinum.narc,/application/zukanlist/zkn_data/zukan_enc_platinum.narc!/member_02262,0,/application/zukanlist/zkn_data/zukan_enc_platinum.narc,133,2262,,53368,53372,13684,13688,4,df3f619804a92fdb4057192dc43dd748ea778adc52bc498ce80524c014b81119,00000000,,,,,False,,,,,,,,,,False,False
/application/zukanlist/zkn_data/zukan_enc_platinum.narc,/application/zukanlist/zkn_data/zukan_enc_platinum.narc!/member_02263,0,/application/zukanlist/zkn_data/zukan_enc_platinum.narc,133,2263,,53372,53376,13688,13692,4,df3f619804a92fdb4057192dc43dd748ea778adc52bc498ce80524c014b81119,00000000,,,,,False,,,,,,,,,,False,False
/application/zukanlist/zkn_data/zukan_enc_platinum.narc,/application/zukanlist/zkn_data/zukan_enc_platinum.narc!/member_02264,0,/application/zukanlist/zkn_data/zukan_enc_platinum.narc,133,2264,,53376,53380,13692,13696,4,df3f619804a92fdb4057192dc43dd748ea778adc52bc498ce80524c014b81119,00000000,,,,,False,,,,,,,,,,False,False
/application/zukanlist/zkn_data/zukan_enc_platinum.narc,/application/zukanlist/zkn_data/zukan_enc_platinum.narc!/member_02265,0,/application/zukanlist/zkn_data/zukan_enc_platinum.narc,133,2265,,53380,53384,13696,13700,4,df3f619804a92fdb4057192dc43dd748ea778adc52bc498ce80524c014b81119,00000000,,,,,False,,,,,,,,,,False,False
/application/zukanlist/zkn_data/zukan_enc_platinum.narc,/application/zukanlist/zkn_data/zukan_enc_platinum.narc!/member_02266,0,/application/zukanlist/zkn_data/zukan_enc_platinum.narc,133,2266,,53384,53388,13700,13704,4,df3f619804a92fdb4057192dc43dd748ea778adc52bc498ce80524c014b81119,00000000,,,,,False,,,,,,,,,,False,False
/application/zukanlist/zkn_data/zukan_enc_platinum.narc,/application/zukanlist/zkn_data/zukan_enc_platinum.narc!/member_02267,0,/application/zukanlist/zkn_data/zukan_enc_platinum.narc,133,2267,,53388,53392,13704,13708,4,df3f619804a92fdb4057192dc43dd748ea778adc52bc498ce80524c014b81119,00000000,,,,,False,,,,,,,,,,False,False
/application/zukanlist/zkn_data/zukan_enc_platinum.narc,/application/zukanlist/zkn_data/zukan_enc_platinum.narc!/member_02268,0,/application/zukanlist/zkn_data/zukan_enc_platinum.narc,133,2268,,53392,53396,13708,13712,4,df3f619804a92fdb4057192dc43dd748ea778adc52bc498ce80524c014b81119,00000000,,,,,False,,,,,,,,,,False,False
/application/zukanlist/zkn_data/zukan_enc_platinum.narc,/application/zukanlist/zkn_data/zukan_enc_platinum.narc!/member_02269,0,/application/zukanlist/zkn_data/zukan_enc_platinum.narc,133,2269,,53396,53404,13712,13720,8,f0a0278e4372459cca6159cd5e71cfee638302a7b9ca9b05c34181ac0a65ac5d,0400000000000000,,,,,False,,,,,,,,,,False,False
/application/zukanlist/zkn_data/zukan_enc_platinum.narc,/application/zukanlist/zkn_data/zukan_enc_platinum.narc!/member_02270,0,/application/zukanlist/zkn_data/zukan_enc_platinum.narc,133,2270,,53404,53408,13720,13724,4,df3f619804a92fdb4057192dc43dd748ea778adc52bc498ce80524c014b81119,00000000,,,,,False,,,,,,,,,,False,False
/application/zukanlist/zkn_data/zukan_enc_platinum.narc,/application/zukanlist/zkn_data/zukan_enc_platinum.narc!/member_02271,0,/application/zukanlist/zkn_data/zukan_enc_platinum.narc,133,2271,,53408,53412,13724,13728,4,df3f619804a92fdb4057192dc43dd748ea778adc52bc498ce80524c014b81119,00000000,,,,,False,,,,,,,,,,False,False
/application/zukanlist/zkn_data/zukan_enc_platinum.narc,/application/zukanlist/zkn_data/zukan_enc_platinum.narc!/member_02272,0,/application/zukanlist/zkn_data/zukan_enc_platinum.narc,133,2272,,53412,53416,13728,13732,4,df3f619804a92fdb4057192dc43dd748ea778adc52bc498ce80524c014b81119,00000000,,,,,False,,,,,,,,,,False,False
/application/zukanlist/zkn_data/zukan_enc_platinum.narc,/application/zukanlist/zkn_data/zukan_enc_platinum.narc!/member_02273,0,/application/zukanlist/zkn_data/zukan_enc_platinum.narc,133,2273,,53416,53420,13732,13736,4,df3f619804a92fdb4057192dc43dd748ea778adc52bc498ce80524c014b81119,00000000,,,,,False,,,,,,,,,,False,False
/application/zukanlist/zkn_data/zukan_enc_platinum.narc,/application/zukanlist/zkn_data/zukan_enc_platinum.narc!/member_02274,0,/application/zukanlist/zkn_data/zukan_enc_platinum.narc,133,2274,,53420,53428,13736,13744,8,d86e8112f3c4c4442126f8e9f44f16867da487f29052bf91b810457db34209a4,0200000000000000,,,,,False,,,,,,,,,,False,False
/application/zukanlist/zkn_data/zukan_enc_platinum.narc,/application/zukanlist/zkn_data/zukan_enc_platinum.narc!/member_02275,0,/application/zukanlist/zkn_data/zukan_enc_platinum.narc,133,2275,,53428,53432,13744,13748,4,df3f619804a92fdb4057192dc43dd748ea778adc52bc498ce80524c014b81119,00000000,,,,,False,,,,,,,,,,False,False
/application/zukanlist/zkn_data/zukan_enc_platinum.narc,/application/zukanlist/zkn_data/zukan_enc_platinum.narc!/member_02276,0,/application/zukanlist/zkn_data/zukan_enc_platinum.narc,133,2276,,53432,53436,13748,13752,4,df3f619804a92fdb4057192dc43dd748ea778adc52bc498ce80524c014b81119,00000000,,,,,False,,,,,,,,,,False,False
/application/zukanlist/zkn_data/zukan_enc_platinum.narc,/application/zukanlist/zkn_data/zukan_enc_platinum.narc!/member_02277,0,/application/zukanlist/zkn_data/zukan_enc_platinum.narc,133,2277,,53436,53440,13752,13756,4,df3f619804a92fdb4057192dc43dd748ea778adc52bc498ce80524c014b81119,00000000,,,,,False,,,,,,,,,,False,False
/application/zukanlist/zkn_data/zukan_enc_platinum.narc,/application/zukanlist/zkn_data/zukan_enc_platinum.narc!/member_02278,0,/application/zukanlist/zkn_data/zukan_enc_platinum.narc,133,2278,,53440,53448,13756,13764,8,35be322d094f9d154a8aba4733b8497f180353bd7ae7b0a15f90b586b549f28b,0300000000000000,,,,,False,,,,,,,,,,False,False
/application/zukanlist/zkn_data/zukan_enc_platinum.narc,/application/zukanlist/zkn_data/zukan_enc_platinum.narc!/member_02279,0,/application/zukanlist/zkn_data/zukan_enc_platinum.narc,133,2279,,53448,53452,13764,13768,4,df3f619804a92fdb4057192dc43dd748ea778adc52bc498ce80524c014b81119,00000000,,,,,False,,,,,,,,,,False,False
/application/zukanlist/zkn_data/zukan_enc_platinum.narc,/application/zukanlist/zkn_data/zukan_enc_platinum.narc!/member_02280,0,/application/zukanlist/zkn_data/zukan_enc_platinum.narc,133,2280,,53452,53456,13768,13772,4,df3f619804a92fdb4057192dc43dd748ea778adc52bc498ce80524c014b81119,00000000,,,,,False,,,,,,,,,,False,False
/application/zukanlist/zkn_data/zukan_enc_platinum.narc,/application/zukanlist/zkn_data/zukan_enc_platinum.narc!/member_02281,0,/application/zukanlist/zkn_data/zukan_enc_platinum.narc,133,2281,,53456,53460,13772,13776,4,df3f619804a92fdb4057192dc43dd748ea778adc52bc498ce80524c014b81119,00000000,,,,,False,,,,,,,,,,False,False
/application/zukanlist/zkn_data/zukan_enc_platinum.narc,/application/zukanlist/zkn_data/zukan_enc_platinum.narc!/member_02282,0,/application/zukanlist/zkn_data/zukan_enc_platinum.narc,133,2282,,53460,53468,13776,13784,8,18d8d609947c6b82b9607704ae40d3317038e709238514de750b5c7411ba4c20,0e00000000000000,,,,,False,,,,,,,,,,False,False
/application/zukanlist/zkn_data/zukan_enc_platinum.narc,/application/zukanlist/zkn_data/zukan_enc_platinum.narc!/member_02283,0,/application/zukanlist/zkn_data/zukan_enc_platinum.narc,133,2283,,53468,53472,13784,13788,4,df3f619804a92fdb4057192dc43dd748ea778adc52bc498ce80524c014b81119,00000000,,,,,False,,,,,,,,,,False,False
/application/zukanlist/zkn_data/zukan_enc_platinum.narc,/application/zukanlist/zkn_data/zukan_enc_platinum.narc!/member_02284,0,/application/zukanlist/zkn_data/zukan_enc_platinum.narc,133,2284,,53472,53476,13788,13792,4,df3f619804a92fdb4057192dc43dd748ea778adc52bc498ce80524c014b81119,00000000,,,,,False,,,,,,,,,,False,False
/application/zukanlist/zkn_data/zukan_enc_platinum.narc,/application/zukanlist/zkn_data/zukan_enc_platinum.narc!/member_02285,0,/application/zukanlist/zkn_data/zukan_enc_platinum.narc,133,2285,,53476,53480,13792,13796,4,df3f619804a92fdb4057192dc43dd748ea778adc52bc498ce80524c014b81119,00000000,,,,,False,,,,,,,,,,False,False
/application/zukanlist/zkn_data/zukan_enc_platinum.narc,/application/zukanlist/zkn_data/zukan_enc_platinum.narc!/member_02286,0,/application/zukanlist/zkn_data/zukan_enc_platinum.narc,133,2286,,53480,53484,13796,13800,4,df3f619804a92fdb4057192dc43dd748ea778adc52bc498ce80524c014b81119,00000000,,,,,False,,,,,,,,,,False,False
/application/zukanlist/zkn_data/zukan_enc_platinum.narc,/application/zukanlist/zkn_data/zukan_enc_platinum.narc!/member_02287,0,/application/zukanlist/zkn_data/zukan_enc_platinum.narc,133,2287,,53484,53488,13800,13804,4,df3f619804a92fdb4057192dc43dd748ea778adc52bc498ce80524c014b81119,00000000,,,,,False,,,,,,,,,,False,False
/application/zukanlist/zkn_data/zukan_enc_platinum.narc,/application/zukanlist/zkn_data/zukan_enc_platinum.narc!/member_02288,0,/application/zukanlist/zkn_data/zukan_enc_platinum.narc,133,2288,,53488,53492,13804,13808,4,df3f619804a92fdb4057192dc43dd748ea778adc52bc498ce80524c014b81119,00000000,,,,,False,,,,,,,,,,False,False
/application/zukanlist/zkn_data/zukan_enc_platinum.narc,/application/zukanlist/zkn_data/zukan_enc_platinum.narc!/member_02289,0,/application/zukanlist/zkn_data/zukan_enc_platinum.narc,133,2289,,53492,53496,13808,13812,4,df3f619804a92fdb4057192dc43dd748ea778adc52bc498ce80524c014b81119,00000000,,,,,False,,,,,,,,,,False,False
/application/zukanlist/zkn_data/zukan_enc_platinum.narc,/application/zukanlist/zkn_data/zukan_enc_platinum.narc!/member_02290,0,/application/zukanlist/zkn_data/zukan_enc_platinum.narc,133,2290,,53496,53500,13812,13816,4,df3f619804a92fdb4057192dc43dd748ea778adc52bc498ce80524c014b81119,00000000,,,,,False,,,,,,,,,,False,False
/application/zukanlist/zkn_data/zukan_enc_platinum.narc,/application/zukanlist/zkn_data/zukan_enc_platinum.narc!/member_02291,0,/application/zukanlist/zkn_data/zukan_enc_platinum.narc,133,2291,,53500,53508,13816,13824,8,35be322d094f9d154a8aba4733b8497f180353bd7ae7b0a15f90b586b549f28b,0300000000000000,,,,,False,,,,,,,,,,False,False
/application/zukanlist/zkn_data/zukan_enc_platinum.narc,/application/zukanlist/zkn_data/zukan_enc_platinum.narc!/member_02292,0,/application/zukanlist/zkn_data/zukan_enc_platinum.narc,133,2292,,53508,53516,13824,13832,8,35be322d094f9d154a8aba4733b8497f180353bd7ae7b0a15f90b586b549f28b,0300000000000000,,,,,False,,,,,,,,,,False,False
/application/zukanlist/zkn_data/zukan_enc_platinum.narc,/application/zukanlist/zkn_data/zukan_enc_platinum.narc!/member_02293,0,/application/zukanlist/zkn_data/zukan_enc_platinum.narc,133,2293,,53516,53520,13832,13836,4,df3f619804a92fdb4057192dc43dd748ea778adc52bc498ce80524c014b81119,00000000,,,,,False,,,,,,,,,,False,False
/application/zukanlist/zkn_data/zukan_enc_platinum.narc,/application/zukanlist/zkn_data/zukan_enc_platinum.narc!/member_02294,0,/application/zukanlist/zkn_data/zukan_enc_platinum.narc,133,2294,,53520,53524,13836,13840,4,df3f619804a92fdb4057192dc43dd748ea778adc52bc498ce80524c014b81119,00000000,,,,,False,,,,,,,,,,False,False
/application/zukanlist/zkn_data/zukan_enc_platinum.narc,/application/zukanlist/zkn_data/zukan_enc_platinum.narc!/member_02295,0,/application/zukanlist/zkn_data/zukan_enc_platinum.narc,133,2295,,53524,53532,13840,13848,8,18d8d609947c6b82b9607704ae40d3317038e709238514de750b5c7411ba4c20,0e00000000000000,,,,,False,,,,,,,,,,False,False
/application/zukanlist/zkn_data/zukan_enc_platinum.narc,/application/zukanlist/zkn_data/zukan_enc_platinum.narc!/member_02296,0,/application/zukanlist/zkn_data/zukan_enc_platinum.narc,133,2296,,53532,53540,13848,13856,8,18d8d609947c6b82b9607704ae40d3317038e709238514de750b5c7411ba4c20,0e00000000000000,,,,,False,,,,,,,,,,False,False
/application/zukanlist/zkn_data/zukan_enc_platinum.narc,/application/zukanlist/zkn_data/zukan_enc_platinum.narc!/member_02297,0,/application/zukanlist/zkn_data/zukan_enc_platinum.narc,133,2297,,53540,53544,13856,13860,4,df3f619804a92fdb4057192dc43dd748ea778adc52bc498ce80524c014b81119,00000000,,,,,False,,,,,,,,,,False,False
/application/zukanlist/zkn_data/zukan_enc_platinum.narc,/application/zukanlist/zkn_data/zukan_enc_platinum.narc!/member_02298,0,/application/zukanlist/zkn_data/zukan_enc_platinum.narc,133,2298,,53544,53548,13860,13864,4,df3f619804a92fdb4057192dc43dd748ea778adc52bc498ce80524c014b81119,00000000,,,,,False,,,,,,,,,,False,False
/application/zukanlist/zkn_data/zukan_enc_platinum.narc,/application/zukanlist/zkn_data/zukan_enc_platinum.narc!/member_02299,0,/application/zukanlist/zkn_data/zukan_enc_platinum.narc,133,2299,,53548,53556,13864,13872,8,18d8d609947c6b82b9607704ae40d3317038e709238514de750b5c7411ba4c20,0e00000000000000,,,,,False,,,,,,,,,,False,False
/application/zukanlist/zkn_data/zukan_enc_platinum.narc,/application/zukanlist/zkn_data/zukan_enc_platinum.narc!/member_02300,0,/application/zukanlist/zkn_data/zukan_enc_platinum.narc,133,2300,,53556,53564,13872,13880,8,f0a0278e4372459cca6159cd5e71cfee638302a7b9ca9b05c34181ac0a65ac5d,0400000000000000,,,,,False,,,,,,,,,,False,False
/application/zukanlist/zkn_data/zukan_enc_platinum.narc,/application/zukanlist/zkn_data/zukan_enc_platinum.narc!/member_02301,0,/application/zukanlist/zkn_data/zukan_enc_platinum.narc,133,2301,,53564,53568,13880,13884,4,df3f619804a92fdb4057192dc43dd748ea778adc52bc498ce80524c014b81119,00000000,,,,,False,,,,,,,,,,False,False
/application/zukanlist/zkn_data/zukan_enc_platinum.narc,/application/zukanlist/zkn_data/zukan_enc_platinum.narc!/member_02302,0,/application/zukanlist/zkn_data/zukan_enc_platinum.narc,133,2302,,53568,53572,13884,13888,4,df3f619804a92fdb4057192dc43dd748ea778adc52bc498ce80524c014b81119,00000000,,,,,False,,,,,,,,,,False,False
/application/zukanlist/zkn_data/zukan_enc_platinum.narc,/application/zukanlist/zkn_data/zukan_enc_platinum.narc!/member_02303,0,/application/zukanlist/zkn_data/zukan_enc_platinum.narc,133,2303,,53572,53576,13888,13892,4,df3f619804a92fdb4057192dc43dd748ea778adc52bc498ce80524c014b81119,00000000,,,,,False,,,,,,,,,,False,False
/application/zukanlist/zkn_data/zukan_enc_platinum.narc,/application/zukanlist/zkn_data/zukan_enc_platinum.narc!/member_02304,0,/application/zukanlist/zkn_data/zukan_enc_platinum.narc,133,2304,,53576,53580,13892,13896,4,df3f619804a92fdb4057192dc43dd748ea778adc52bc498ce80524c014b81119,00000000,,,,,False,,,,,,,,,,False,False
/application/zukanlist/zkn_data/zukan_enc_platinum.narc,/application/zukanlist/zkn_data/zukan_enc_platinum.narc!/member_02305,0,/application/zukanlist/zkn_data/zukan_enc_platinum.narc,133,2305,,53580,53584,13896,13900,4,df3f619804a92fdb4057192dc43dd748ea778adc52bc498ce80524c014b81119,00000000,,,,,False,,,,,,,,,,False,False
/application/zukanlist/zkn_data/zukan_enc_platinum.narc,/application/zukanlist/zkn_data/zukan_enc_platinum.narc!/member_02306,0,/application/zukanlist/zkn_data/zukan_enc_platinum.narc,133,2306,,53584,53588,13900,13904,4,df3f619804a92fdb4057192dc43dd748ea778adc52bc498ce80524c014b81119,00000000,,,,,False,,,,,,,,,,False,False
/application/zukanlist/zkn_data/zukan_enc_platinum.narc,/application/zukanlist/zkn_data/zukan_enc_platinum.narc!/member_02307,0,/application/zukanlist/zkn_data/zukan_enc_platinum.narc,133,2307,,53588,53592,13904,13908,4,df3f619804a92fdb4057192dc43dd748ea778adc52bc498ce80524c014b81119,00000000,,,,,False,,,,,,,,,,False,False
/application/zukanlist/zkn_data/zukan_enc_platinum.narc,/application/zukanlist/zkn_data/zukan_enc_platinum.narc!/member_02308,0,/application/zukanlist/zkn_data/zukan_enc_platinum.narc,133,2308,,53592,53596,13908,13912,4,df3f619804a92fdb4057192dc43dd748ea778adc52bc498ce80524c014b81119,00000000,,,,,False,,,,,,,,,,False,False
/application/zukanlist/zkn_data/zukan_enc_platinum.narc,/application/zukanlist/zkn_data/zukan_enc_platinum.narc!/member_02309,0,/application/zukanlist/zkn_data/zukan_enc_platinum.narc,133,2309,,53596,53600,13912,13916,4,df3f619804a92fdb4057192dc43dd748ea778adc52bc498ce80524c014b81119,00000000,,,,,False,,,,,,,,,,False,False
/application/zukanlist/zkn_data/zukan_enc_platinum.narc,/application/zukanlist/zkn_data/zukan_enc_platinum.narc!/member_02310,0,/application/zukanlist/zkn_data/zukan_enc_platinum.narc,133,2310,,53600,53604,13916,13920,4,df3f619804a92fdb4057192dc43dd748ea778adc52bc498ce80524c014b81119,00000000,,,,,False,,,,,,,,,,False,False
/application/zukanlist/zkn_data/zukan_enc_platinum.narc,/application/zukanlist/zkn_data/zukan_enc_platinum.narc!/member_02311,0,/application/zukanlist/zkn_data/zukan_enc_platinum.narc,133,2311,,53604,53608,13920,13924,4,df3f619804a92fdb4057192dc43dd748ea778adc52bc498ce80524c014b81119,00000000,,,,,False,,,,,,,,,,False,False
/application/zukanlist/zkn_data/zukan_enc_platinum.narc,/application/zukanlist/zkn_data/zukan_enc_platinum.narc!/member_02312,0,/application/zukanlist/zkn_data/zukan_enc_platinum.narc,133,2312,,53608,53612,13924,13928,4,df3f619804a92fdb4057192dc43dd748ea778adc52bc498ce80524c014b81119,00000000,,,,,False,,,,,,,,,,False,False
/application/zukanlist/zkn_data/zukan_enc_platinum.narc,/application/zukanlist/zkn_data/zukan_enc_platinum.narc!/member_02313,0,/application/zukanlist/zkn_data/zukan_enc_platinum.narc,133,2313,,53612,53616,13928,13932,4,df3f619804a92fdb4057192dc43dd748ea778adc52bc498ce80524c014b81119,00000000,,,,,False,,,,,,,,,,False,False
/application/zukanlist/zkn_data/zukan_enc_platinum.narc,/application/zukanlist/zkn_data/zukan_enc_platinum.narc!/member_02314,0,/application/zukanlist/zkn_data/zukan_enc_platinum.narc,133,2314,,53616,53620,13932,13936,4,df3f619804a92fdb4057192dc43dd748ea778adc52bc498ce80524c014b81119,00000000,,,,,False,,,,,,,,,,False,False
/application/zukanlist/zkn_data/zukan_enc_platinum.narc,/application/zukanlist/zkn_data/zukan_enc_platinum.narc!/member_02315,0,/application/zukanlist/zkn_data/zukan_enc_platinum.narc,133,2315,,53620,53624,13936,13940,4,df3f619804a92fdb4057192dc43dd748ea778adc52bc498ce80524c014b81119,00000000,,,,,False,,,,,,,,,,False,False
/application/zukanlist/zkn_data/zukan_enc_platinum.narc,/application/zukanlist/zkn_data/zukan_enc_platinum.narc!/member_02316,0,/application/zukanlist/zkn_data/zukan_enc_platinum.narc,133,2316,,53624,53628,13940,13944,4,df3f619804a92fdb4057192dc43dd748ea778adc52bc498ce80524c014b81119,00000000,,,,,False,,,,,,,,,,False,False
/application/zukanlist/zkn_data/zukan_enc_platinum.narc,/application/zukanlist/zkn_data/zukan_enc_platinum.narc!/member_02317,0,/application/zukanlist/zkn_data/zukan_enc_platinum.narc,133,2317,,53628,53632,13944,13948,4,df3f619804a92fdb4057192dc43dd748ea778adc52bc498ce80524c014b81119,00000000,,,,,False,,,,,,,,,,False,False
/application/zukanlist/zkn_data/zukan_enc_platinum.narc,/application/zukanlist/zkn_data/zukan_enc_platinum.narc!/member_02318,0,/application/zukanlist/zkn_data/zukan_enc_platinum.narc,133,2318,,53632,53636,13948,13952,4,df3f619804a92fdb4057192dc43dd748ea778adc52bc498ce80524c014b81119,00000000,,,,,False,,,,,,,,,,False,False
/application/zukanlist/zkn_data/zukan_enc_platinum.narc,/application/zukanlist/zkn_data/zukan_enc_platinum.narc!/member_02319,0,/application/zukanlist/zkn_data/zukan_enc_platinum.narc,133,2319,,53636,53640,13952,13956,4,df3f619804a92fdb4057192dc43dd748ea778adc52bc498ce80524c014b81119,00000000,,,,,False,,,,,,,,,,False,False
/application/zukanlist/zkn_data/zukan_enc_platinum.narc,/application/zukanlist/zkn_data/zukan_enc_platinum.narc!/member_02320,0,/application/zukanlist/zkn_data/zukan_enc_platinum.narc,133,2320,,53640,53644,13956,13960,4,df3f619804a92fdb4057192dc43dd748ea778adc52bc498ce80524c014b81119,00000000,,,,,False,,,,,,,,,,False,False
/application/zukanlist/zkn_data/zukan_enc_platinum.narc,/application/zukanlist/zkn_data/zukan_enc_platinum.narc!/member_02321,0,/application/zukanlist/zkn_data/zukan_enc_platinum.narc,133,2321,,53644,53648,13960,13964,4,df3f619804a92fdb4057192dc43dd748ea778adc52bc498ce80524c014b81119,00000000,,,,,False,,,,,,,,,,False,False
/application/zukanlist/zkn_data/zukan_enc_platinum.narc,/application/zukanlist/zkn_data/zukan_enc_platinum.narc!/member_02322,0,/application/zukanlist/zkn_data/zukan_enc_platinum.narc,133,2322,,53648,53652,13964,13968,4,df3f619804a92fdb4057192dc43dd748ea778adc52bc498ce80524c014b81119,00000000,,,,,False,,,,,,,,,,False,False
/application/zukanlist/zkn_data/zukan_enc_platinum.narc,/application/zukanlist/zkn_data/zukan_enc_platinum.narc!/member_02323,0,/application/zukanlist/zkn_data/zukan_enc_platinum.narc,133,2323,,53652,53656,13968,13972,4,df3f619804a92fdb4057192dc43dd748ea778adc52bc498ce80524c014b81119,00000000,,,,,False,,,,,,,,,,False,False
/application/zukanlist/zkn_data/zukan_enc_platinum.narc,/application/zukanlist/zkn_data/zukan_enc_platinum.narc!/member_02324,0,/application/zukanlist/zkn_data/zukan_enc_platinum.narc,133,2324,,53656,53660,13972,13976,4,df3f619804a92fdb4057192dc43dd748ea778adc52bc498ce80524c014b81119,00000000,,,,,False,,,,,,,,,,False,False
/application/zukanlist/zkn_data/zukan_enc_platinum.narc,/application/zukanlist/zkn_data/zukan_enc_platinum.narc!/member_02325,0,/application/zukanlist/zkn_data/zukan_enc_platinum.narc,133,2325,,53660,53664,13976,13980,4,df3f619804a92fdb4057192dc43dd748ea778adc52bc498ce80524c014b81119,00000000,,,,,False,,,,,,,,,,False,False
/application/zukanlist/zkn_data/zukan_enc_platinum.narc,/application/zukanlist/zkn_data/zukan_enc_platinum.narc!/member_02326,0,/application/zukanlist/zkn_data/zukan_enc_platinum.narc,133,2326,,53664,53668,13980,13984,4,df3f619804a92fdb4057192dc43dd748ea778adc52bc498ce80524c014b81119,00000000,,,,,False,,,,,,,,,,False,False
/application/zukanlist/zkn_data/zukan_enc_platinum.narc,/application/zukanlist/zkn_data/zukan_enc_platinum.narc!/member_02327,0,/application/zukanlist/zkn_data/zukan_enc_platinum.narc,133,2327,,53668,53672,13984,13988,4,df3f619804a92fdb4057192dc43dd748ea778adc52bc498ce80524c014b81119,00000000,,,,,False,,,,,,,,,,False,False
/application/zukanlist/zkn_data/zukan_enc_platinum.narc,/application/zukanlist/zkn_data/zukan_enc_platinum.narc!/member_02328,0,/application/zukanlist/zkn_data/zukan_enc_platinum.narc,133,2328,,53672,53676,13988,13992,4,df3f619804a92fdb4057192dc43dd748ea778adc52bc498ce80524c014b81119,00000000,,,,,False,,,,,,,,,,False,False
/application/zukanlist/zkn_data/zukan_enc_platinum.narc,/application/zukanlist/zkn_data/zukan_enc_platinum.narc!/member_02329,0,/application/zukanlist/zkn_data/zukan_enc_platinum.narc,133,2329,,53676,53680,13992,13996,4,df3f619804a92fdb4057192dc43dd748ea778adc52bc498ce80524c014b81119,00000000,,,,,False,,,,,,,,,,False,False
/application/zukanlist/zkn_data/zukan_enc_platinum.narc,/application/zukanlist/zkn_data/zukan_enc_platinum.narc!/member_02330,0,/application/zukanlist/zkn_data/zukan_enc_platinum.narc,133,2330,,53680,53684,13996,14000,4,df3f619804a92fdb4057192dc43dd748ea778adc52bc498ce80524c014b81119,00000000,,,,,False,,,,,,,,,,False,False
/application/zukanlist/zkn_data/zukan_enc_platinum.narc,/application/zukanlist/zkn_data/zukan_enc_platinum.narc!/member_02331,0,/application/zukanlist/zkn_data/zukan_enc_platinum.narc,133,2331,,53684,53688,14000,14004,4,df3f619804a92fdb4057192dc43dd748ea778adc52bc498ce80524c014b81119,00000000,,,,,False,,,,,,,,,,False,False
/application/zukanlist/zkn_data/zukan_enc_platinum.narc,/application/zukanlist/zkn_data/zukan_enc_platinum.narc!/member_02332,0,/application/zukanlist/zkn_data/zukan_enc_platinum.narc,133,2332,,53688,53692,14004,14008,4,df3f619804a92fdb4057192dc43dd748ea778adc52bc498ce80524c014b81119,00000000,,,,,False,,,,,,,,,,False,False
/application/zukanlist/zkn_data/zukan_enc_platinum.narc,/application/zukanlist/zkn_data/zukan_enc_platinum.narc!/member_02333,0,/application/zukanlist/zkn_data/zukan_enc_platinum.narc,133,2333,,53692,53700,14008,14016,8,35be322d094f9d154a8aba4733b8497f180353bd7ae7b0a15f90b586b549f28b,0300000000000000,,,,,False,,,,,,,,,,False,False
/application/zukanlist/zkn_data/zukan_enc_platinum.narc,/application/zukanlist/zkn_data/zukan_enc_platinum.narc!/member_02334,0,/application/zukanlist/zkn_data/zukan_enc_platinum.narc,133,2334,,53700,53704,14016,14020,4,df3f619804a92fdb4057192dc43dd748ea778adc52bc498ce80524c014b81119,00000000,,,,,False,,,,,,,,,,False,False
/application/zukanlist/zkn_data/zukan_enc_platinum.narc,/application/zukanlist/zkn_data/zukan_enc_platinum.narc!/member_02335,0,/application/zukanlist/zkn_data/zukan_enc_platinum.narc,133,2335,,53704,53712,14020,14028,8,18d8d609947c6b82b9607704ae40d3317038e709238514de750b5c7411ba4c20,0e00000000000000,,,,,False,,,,,,,,,,False,False
/application/zukanlist/zkn_data/zukan_enc_platinum.narc,/application/zukanlist/zkn_data/zukan_enc_platinum.narc!/member_02336,0,/application/zukanlist/zkn_data/zukan_enc_platinum.narc,133,2336,,53712,53720,14028,14036,8,f0a0278e4372459cca6159cd5e71cfee638302a7b9ca9b05c34181ac0a65ac5d,0400000000000000,,,,,False,,,,,,,,,,False,False
/application/zukanlist/zkn_data/zukan_enc_platinum.narc,/application/zukanlist/zkn_data/zukan_enc_platinum.narc!/member_02337,0,/application/zukanlist/zkn_data/zukan_enc_platinum.narc,133,2337,,53720,53724,14036,14040,4,df3f619804a92fdb4057192dc43dd748ea778adc52bc498ce80524c014b81119,00000000,,,,,False,,,,,,,,,,False,False
/application/zukanlist/zkn_data/zukan_enc_platinum.narc,/application/zukanlist/zkn_data/zukan_enc_platinum.narc!/member_02338,0,/application/zukanlist/zkn_data/zukan_enc_platinum.narc,133,2338,,53724,53728,14040,14044,4,df3f619804a92fdb4057192dc43dd748ea778adc52bc498ce80524c014b81119,00000000,,,,,False,,,,,,,,,,False,False
/application/zukanlist/zkn_data/zukan_enc_platinum.narc,/application/zukanlist/zkn_data/zukan_enc_platinum.narc!/member_02339,0,/application/zukanlist/zkn_data/zukan_enc_platinum.narc,133,2339,,53728,53732,14044,14048,4,df3f619804a92fdb4057192dc43dd748ea778adc52bc498ce80524c014b81119,00000000,,,,,False,,,,,,,,,,False,False
/application/zukanlist/zkn_data/zukan_enc_platinum.narc,/application/zukanlist/zkn_data/zukan_enc_platinum.narc!/member_02340,0,/application/zukanlist/zkn_data/zukan_enc_platinum.narc,133,2340,,53732,53740,14048,14056,8,a111f275cc2e7588000001d300a31e76336d15b9d314cd1a1d8f3d3556975eed,0a00000000000000,,,,,False,,,,,,,,,,False,False
/application/zukanlist/zkn_data/zukan_enc_platinum.narc,/application/zukanlist/zkn_data/zukan_enc_platinum.narc!/member_02341,0,/application/zukanlist/zkn_data/zukan_enc_platinum.narc,133,2341,,53740,53748,14056,14064,8,f0a0278e4372459cca6159cd5e71cfee638302a7b9ca9b05c34181ac0a65ac5d,0400000000000000,,,,,False,,,,,,,,,,False,False
/application/zukanlist/zkn_data/zukan_enc_platinum.narc,/application/zukanlist/zkn_data/zukan_enc_platinum.narc!/member_02342,0,/application/zukanlist/zkn_data/zukan_enc_platinum.narc,133,2342,,53748,53760,14064,14076,12,7c16f5631b09eef6cfc2ecdfb0d5336adbaa187c45cf7b6c5e37c4b6dc98158d,030000000a00000000000000,,,,,False,,,,,,,,,,False,False
/application/zukanlist/zkn_data/zukan_enc_platinum.narc,/application/zukanlist/zkn_data/zukan_enc_platinum.narc!/member_02343,0,/application/zukanlist/zkn_data/zukan_enc_platinum.narc,133,2343,,53760,53764,14076,14080,4,df3f619804a92fdb4057192dc43dd748ea778adc52bc498ce80524c014b81119,00000000,,,,,False,,,,,,,,,,False,False
/application/zukanlist/zkn_data/zukan_enc_platinum.narc,/application/zukanlist/zkn_data/zukan_enc_platinum.narc!/member_02344,0,/application/zukanlist/zkn_data/zukan_enc_platinum.narc,133,2344,,53764,53768,14080,14084,4,df3f619804a92fdb4057192dc43dd748ea778adc52bc498ce80524c014b81119,00000000,,,,,False,,,,,,,,,,False,False
/application/zukanlist/zkn_data/zukan_enc_platinum.narc,/application/zukanlist/zkn_data/zukan_enc_platinum.narc!/member_02345,0,/application/zukanlist/zkn_data/zukan_enc_platinum.narc,133,2345,,53768,53772,14084,14088,4,df3f619804a92fdb4057192dc43dd748ea778adc52bc498ce80524c014b81119,00000000,,,,,False,,,,,,,,,,False,False
/application/zukanlist/zkn_data/zukan_enc_platinum.narc,/application/zukanlist/zkn_data/zukan_enc_platinum.narc!/member_02346,0,/application/zukanlist/zkn_data/zukan_enc_platinum.narc,133,2346,,53772,53776,14088,14092,4,df3f619804a92fdb4057192dc43dd748ea778adc52bc498ce80524c014b81119,00000000,,,,,False,,,,,,,,,,False,False
/application/zukanlist/zkn_data/zukan_enc_platinum.narc,/application/zukanlist/zkn_data/zukan_enc_platinum.narc!/member_02347,0,/application/zukanlist/zkn_data/zukan_enc_platinum.narc,133,2347,,53776,53780,14092,14096,4,df3f619804a92fdb4057192dc43dd748ea778adc52bc498ce80524c014b81119,00000000,,,,,False,,,,,,,,,,False,False
/application/zukanlist/zkn_data/zukan_enc_platinum.narc,/application/zukanlist/zkn_data/zukan_enc_platinum.narc!/member_02348,0,/application/zukanlist/zkn_data/zukan_enc_platinum.narc,133,2348,,53780,53784,14096,14100,4,df3f619804a92fdb4057192dc43dd748ea778adc52bc498ce80524c014b81119,00000000,,,,,False,,,,,,,,,,False,False
/application/zukanlist/zkn_data/zukan_enc_platinum.narc,/application/zukanlist/zkn_data/zukan_enc_platinum.narc!/member_02349,0,/application/zukanlist/zkn_data/zukan_enc_platinum.narc,133,2349,,53784,53788,14100,14104,4,df3f619804a92fdb4057192dc43dd748ea778adc52bc498ce80524c014b81119,00000000,,,,,False,,,,,,,,,,False,False
/application/zukanlist/zkn_data/zukan_enc_platinum.narc,/application/zukanlist/zkn_data/zukan_enc_platinum.narc!/member_02350,0,/application/zukanlist/zkn_data/zukan_enc_platinum.narc,133,2350,,53788,53792,14104,14108,4,df3f619804a92fdb4057192dc43dd748ea778adc52bc498ce80524c014b81119,00000000,,,,,False,,,,,,,,,,False,False
/application/zukanlist/zkn_data/zukan_enc_platinum.narc,/application/zukanlist/zkn_data/zukan_enc_platinum.narc!/member_02351,0,/application/zukanlist/zkn_data/zukan_enc_platinum.narc,133,2351,,53792,53796,14108,14112,4,df3f619804a92fdb4057192dc43dd748ea778adc52bc498ce80524c014b81119,00000000,,,,,False,,,,,,,,,,False,False
/application/zukanlist/zkn_data/zukan_enc_platinum.narc,/application/zukanlist/zkn_data/zukan_enc_platinum.narc!/member_02352,0,/application/zukanlist/zkn_data/zukan_enc_platinum.narc,133,2352,,53796,53800,14112,14116,4,df3f619804a92fdb4057192dc43dd748ea778adc52bc498ce80524c014b81119,00000000,,,,,False,,,,,,,,,,False,False
/application/zukanlist/zkn_data/zukan_enc_platinum.narc,/application/zukanlist/zkn_data/zukan_enc_platinum.narc!/member_02353,0,/application/zukanlist/zkn_data/zukan_enc_platinum.narc,133,2353,,53800,53804,14116,14120,4,df3f619804a92fdb4057192dc43dd748ea778adc52bc498ce80524c014b81119,00000000,,,,,False,,,,,,,,,,False,False
/application/zukanlist/zkn_data/zukan_enc_platinum.narc,/application/zukanlist/zkn_data/zukan_enc_platinum.narc!/member_02354,0,/application/zukanlist/zkn_data/zukan_enc_platinum.narc,133,2354,,53804,53808,14120,14124,4,df3f619804a92fdb4057192dc43dd748ea778adc52bc498ce80524c014b81119,00000000,,,,,False,,,,,,,,,,False,False
/application/zukanlist/zkn_data/zukan_enc_platinum.narc,/application/zukanlist/zkn_data/zukan_enc_platinum.narc!/member_02355,0,/application/zukanlist/zkn_data/zukan_enc_platinum.narc,133,2355,,53808,53812,14124,14128,4,df3f619804a92fdb4057192dc43dd748ea778adc52bc498ce80524c014b81119,00000000,,,,,False,,,,,,,,,,False,False
/application/zukanlist/zkn_data/zukan_enc_platinum.narc,/application/zukanlist/zkn_data/zukan_enc_platinum.narc!/member_02356,0,/application/zukanlist/zkn_data/zukan_enc_platinum.narc,133,2356,,53812,53816,14128,14132,4,df3f619804a92fdb4057192dc43dd748ea778adc52bc498ce80524c014b81119,00000000,,,,,False,,,,,,,,,,False,False
/application/zukanlist/zkn_data/zukan_enc_platinum.narc,/application/zukanlist/zkn_data/zukan_enc_platinum.narc!/member_02357,0,/application/zukanlist/zkn_data/zukan_enc_platinum.narc,133,2357,,53816,53820,14132,14136,4,df3f619804a92fdb4057192dc43dd748ea778adc52bc498ce80524c014b81119,00000000,,,,,False,,,,,,,,,,False,False
/application/zukanlist/zkn_data/zukan_enc_platinum.narc,/application/zukanlist/zkn_data/zukan_enc_platinum.narc!/member_02358,0,/application/zukanlist/zkn_data/zukan_enc_platinum.narc,133,2358,,53820,53824,14136,14140,4,df3f619804a92fdb4057192dc43dd748ea778adc52bc498ce80524c014b81119,00000000,,,,,False,,,,,,,,,,False,False
/application/zukanlist/zkn_data/zukan_enc_platinum.narc,/application/zukanlist/zkn_data/zukan_enc_platinum.narc!/member_02359,0,/application/zukanlist/zkn_data/zukan_enc_platinum.narc,133,2359,,53824,53828,14140,14144,4,df3f619804a92fdb4057192dc43dd748ea778adc52bc498ce80524c014b81119,00000000,,,,,False,,,,,,,,,,False,False
/application/zukanlist/zkn_data/zukan_enc_platinum.narc,/application/zukanlist/zkn_data/zukan_enc_platinum.narc!/member_02360,0,/application/zukanlist/zkn_data/zukan_enc_platinum.narc,133,2360,,53828,53832,14144,14148,4,df3f619804a92fdb4057192dc43dd748ea778adc52bc498ce80524c014b81119,00000000,,,,,False,,,,,,,,,,False,False
/application/zukanlist/zkn_data/zukan_enc_platinum.narc,/application/zukanlist/zkn_data/zukan_enc_platinum.narc!/member_02361,0,/application/zukanlist/zkn_data/zukan_enc_platinum.narc,133,2361,,53832,53836,14148,14152,4,df3f619804a92fdb4057192dc43dd748ea778adc52bc498ce80524c014b81119,00000000,,,,,False,,,,,,,,,,False,False
/application/zukanlist/zkn_data/zukan_enc_platinum.narc,/application/zukanlist/zkn_data/zukan_enc_platinum.narc!/member_02362,0,/application/zukanlist/zkn_data/zukan_enc_platinum.narc,133,2362,,53836,53840,14152,14156,4,df3f619804a92fdb4057192dc43dd748ea778adc52bc498ce80524c014b81119,00000000,,,,,False,,,,,,,,,,False,False
/application/zukanlist/zkn_data/zukan_enc_platinum.narc,/application/zukanlist/zkn_data/zukan_enc_platinum.narc!/member_02363,0,/application/zukanlist/zkn_data/zukan_enc_platinum.narc,133,2363,,53840,53844,14156,14160,4,df3f619804a92fdb4057192dc43dd748ea778adc52bc498ce80524c014b81119,00000000,,,,,False,,,,,,,,,,False,False
/application/zukanlist/zkn_data/zukan_enc_platinum.narc,/application/zukanlist/zkn_data/zukan_enc_platinum.narc!/member_02364,0,/application/zukanlist/zkn_data/zukan_enc_platinum.narc,133,2364,,53844,53848,14160,14164,4,df3f619804a92fdb4057192dc43dd748ea778adc52bc498ce80524c014b81119,00000000,,,,,False,,,,,,,,,,False,False
/application/zukanlist/zkn_data/zukan_enc_platinum.narc,/application/zukanlist/zkn_data/zukan_enc_platinum.narc!/member_02365,0,/application/zukanlist/zkn_data/zukan_enc_platinum.narc,133,2365,,53848,53852,14164,14168,4,df3f619804a92fdb4057192dc43dd748ea778adc52bc498ce80524c014b81119,00000000,,,,,False,,,,,,,,,,False,False
/application/zukanlist/zkn_data/zukan_enc_platinum.narc,/application/zukanlist/zkn_data/zukan_enc_platinum.narc!/member_02366,0,/application/zukanlist/zkn_data/zukan_enc_platinum.narc,133,2366,,53852,53856,14168,14172,4,df3f619804a92fdb4057192dc43dd748ea778adc52bc498ce80524c014b81119,00000000,,,,,False,,,,,,,,,,False,False
/application/zukanlist/zkn_data/zukan_enc_platinum.narc,/application/zukanlist/zkn_data/zukan_enc_platinum.narc!/member_02367,0,/application/zukanlist/zkn_data/zukan_enc_platinum.narc,133,2367,,53856,53860,14172,14176,4,df3f619804a92fdb4057192dc43dd748ea778adc52bc498ce80524c014b81119,00000000,,,,,False,,,,,,,,,,False,False
/application/zukanlist/zkn_data/zukan_enc_platinum.narc,/application/zukanlist/zkn_data/zukan_enc_platinum.narc!/member_02368,0,/application/zukanlist/zkn_data/zukan_enc_platinum.narc,133,2368,,53860,53864,14176,14180,4,df3f619804a92fdb4057192dc43dd748ea778adc52bc498ce80524c014b81119,00000000,,,,,False,,,,,,,,,,False,False
/application/zukanlist/zkn_data/zukan_enc_platinum.narc,/application/zukanlist/zkn_data/zukan_enc_platinum.narc!/member_02369,0,/application/zukanlist/zkn_data/zukan_enc_platinum.narc,133,2369,,53864,53868,14180,14184,4,df3f619804a92fdb4057192dc43dd748ea778adc52bc498ce80524c014b81119,00000000,,,,,False,,,,,,,,,,False,False
/application/zukanlist/zkn_data/zukan_enc_platinum.narc,/application/zukanlist/zkn_data/zukan_enc_platinum.narc!/member_02370,0,/application/zukanlist/zkn_data/zukan_enc_platinum.narc,133,2370,,53868,53872,14184,14188,4,df3f619804a92fdb4057192dc43dd748ea778adc52bc498ce80524c014b81119,00000000,,,,,False,,,,,,,,,,False,False
/application/zukanlist/zkn_data/zukan_enc_platinum.narc,/application/zukanlist/zkn_data/zukan_enc_platinum.narc!/member_02371,0,/application/zukanlist/zkn_data/zukan_enc_platinum.narc,133,2371,,53872,53876,14188,14192,4,df3f619804a92fdb4057192dc43dd748ea778adc52bc498ce80524c014b81119,00000000,,,,,False,,,,,,,,,,False,False
/application/zukanlist/zkn_data/zukan_enc_platinum.narc,/application/zukanlist/zkn_data/zukan_enc_platinum.narc!/member_02372,0,/application/zukanlist/zkn_data/zukan_enc_platinum.narc,133,2372,,53876,53880,14192,14196,4,df3f619804a92fdb4057192dc43dd748ea778adc52bc498ce80524c014b81119,00000000,,,,,False,,,,,,,,,,False,False
/application/zukanlist/zkn_data/zukan_enc_platinum.narc,/application/zukanlist/zkn_data/zukan_enc_platinum.narc!/member_02373,0,/application/zukanlist/zkn_data/zukan_enc_platinum.narc,133,2373,,53880,53884,14196,14200,4,df3f619804a92fdb4057192dc43dd748ea778adc52bc498ce80524c014b81119,00000000,,,,,False,,,,,,,,,,False,False
/application/zukanlist/zkn_data/zukan_enc_platinum.narc,/application/zukanlist/zkn_data/zukan_enc_platinum.narc!/member_02374,0,/application/zukanlist/zkn_data/zukan_enc_platinum.narc,133,2374,,53884,53888,14200,14204,4,df3f619804a92fdb4057192dc43dd748ea778adc52bc498ce80524c014b81119,00000000,,,,,False,,,,,,,,,,False,False
/application/zukanlist/zkn_data/zukan_enc_platinum.narc,/application/zukanlist/zkn_data/zukan_enc_platinum.narc!/member_02375,0,/application/zukanlist/zkn_data/zukan_enc_platinum.narc,133,2375,,53888,53892,14204,14208,4,df3f619804a92fdb4057192dc43dd748ea778adc52bc498ce80524c014b81119,00000000,,,,,False,,,,,,,,,,False,False
/application/zukanlist/zkn_data/zukan_enc_platinum.narc,/application/zukanlist/zkn_data/zukan_enc_platinum.narc!/member_02376,0,/application/zukanlist/zkn_data/zukan_enc_platinum.narc,133,2376,,53892,53896,14208,14212,4,df3f619804a92fdb4057192dc43dd748ea778adc52bc498ce80524c014b81119,00000000,,,,,False,,,,,,,,,,False,False
/application/zukanlist/zkn_data/zukan_enc_platinum.narc,/application/zukanlist/zkn_data/zukan_enc_platinum.narc!/member_02377,0,/application/zukanlist/zkn_data/zukan_enc_platinum.narc,133,2377,,53896,53900,14212,14216,4,df3f619804a92fdb4057192dc43dd748ea778adc52bc498ce80524c014b81119,00000000,,,,,False,,,,,,,,,,False,False
/application/zukanlist/zkn_data/zukan_enc_platinum.narc,/application/zukanlist/zkn_data/zukan_enc_platinum.narc!/member_02378,0,/application/zukanlist/zkn_data/zukan_enc_platinum.narc,133,2378,,53900,53904,14216,14220,4,df3f619804a92fdb4057192dc43dd748ea778adc52bc498ce80524c014b81119,00000000,,,,,False,,,,,,,,,,False,False
/application/zukanlist/zkn_data/zukan_enc_platinum.narc,/application/zukanlist/zkn_data/zukan_enc_platinum.narc!/member_02379,0,/application/zukanlist/zkn_data/zukan_enc_platinum.narc,133,2379,,53904,53908,14220,14224,4,df3f619804a92fdb4057192dc43dd748ea778adc52bc498ce80524c014b81119,00000000,,,,,False,,,,,,,,,,False,False
/application/zukanlist/zkn_data/zukan_enc_platinum.narc,/application/zukanlist/zkn_data/zukan_enc_platinum.narc!/member_02380,0,/application/zukanlist/zkn_data/zukan_enc_platinum.narc,133,2380,,53908,53912,14224,14228,4,df3f619804a92fdb4057192dc43dd748ea778adc52bc498ce80524c014b81119,00000000,,,,,False,,,,,,,,,,False,False
/application/zukanlist/zkn_data/zukan_enc_platinum.narc,/application/zukanlist/zkn_data/zukan_enc_platinum.narc!/member_02381,0,/application/zukanlist/zkn_data/zukan_enc_platinum.narc,133,2381,,53912,53924,14228,14240,12,47eda1e97e869854f931298b4fe407910ef61d01889601d11b7f13a356f88b4c,0a0000000e00000000000000,,,,,False,,,,,,,,,,False,False
/application/zukanlist/zkn_data/zukan_enc_platinum.narc,/application/zukanlist/zkn_data/zukan_enc_platinum.narc!/member_02382,0,/application/zukanlist/zkn_data/zukan_enc_platinum.narc,133,2382,,53924,53928,14240,14244,4,df3f619804a92fdb4057192dc43dd748ea778adc52bc498ce80524c014b81119,00000000,,,,,False,,,,,,,,,,False,False
/application/zukanlist/zkn_data/zukan_enc_platinum.narc,/application/zukanlist/zkn_data/zukan_enc_platinum.narc!/member_02383,0,/application/zukanlist/zkn_data/zukan_enc_platinum.narc,133,2383,,53928,53932,14244,14248,4,df3f619804a92fdb4057192dc43dd748ea778adc52bc498ce80524c014b81119,00000000,,,,,False,,,,,,,,,,False,False
/application/zukanlist/zkn_data/zukan_enc_platinum.narc,/application/zukanlist/zkn_data/zukan_enc_platinum.narc!/member_02384,0,/application/zukanlist/zkn_data/zukan_enc_platinum.narc,133,2384,,53932,53944,14248,14260,12,e459a1f30681c82d22e8079957e639faf28bdda7c142d11a3fc3f3cc87832c63,0a0000001300000000000000,,,,,False,,,,,,,,,,False,False
/application/zukanlist/zkn_data/zukan_enc_platinum.narc,/application/zukanlist/zkn_data/zukan_enc_platinum.narc!/member_02385,0,/application/zukanlist/zkn_data/zukan_enc_platinum.narc,133,2385,,53944,53948,14260,14264,4,df3f619804a92fdb4057192dc43dd748ea778adc52bc498ce80524c014b81119,00000000,,,,,False,,,,,,,,,,False,False
/application/zukanlist/zkn_data/zukan_enc_platinum.narc,/application/zukanlist/zkn_data/zukan_enc_platinum.narc!/member_02386,0,/application/zukanlist/zkn_data/zukan_enc_platinum.narc,133,2386,,53948,53952,14264,14268,4,df3f619804a92fdb4057192dc43dd748ea778adc52bc498ce80524c014b81119,00000000,,,,,False,,,,,,,,,,False,False
/application/zukanlist/zkn_data/zukan_enc_platinum.narc,/application/zukanlist/zkn_data/zukan_enc_platinum.narc!/member_02387,0,/application/zukanlist/zkn_data/zukan_enc_platinum.narc,133,2387,,53952,53956,14268,14272,4,df3f619804a92fdb4057192dc43dd748ea778adc52bc498ce80524c014b81119,00000000,,,,,False,,,,,,,,,,False,False
/application/zukanlist/zkn_data/zukan_enc_platinum.narc,/application/zukanlist/zkn_data/zukan_enc_platinum.narc!/member_02388,0,/application/zukanlist/zkn_data/zukan_enc_platinum.narc,133,2388,,53956,53960,14272,14276,4,df3f619804a92fdb4057192dc43dd748ea778adc52bc498ce80524c014b81119,00000000,,,,,False,,,,,,,,,,False,False
/application/zukanlist/zkn_data/zukan_enc_platinum.narc,/application/zukanlist/zkn_data/zukan_enc_platinum.narc!/member_02389,0,/application/zukanlist/zkn_data/zukan_enc_platinum.narc,133,2389,,53960,53964,14276,14280,4,df3f619804a92fdb4057192dc43dd748ea778adc52bc498ce80524c014b81119,00000000,,,,,False,,,,,,,,,,False,False
/application/zukanlist/zkn_data/zukan_enc_platinum.narc,/application/zukanlist/zkn_data/zukan_enc_platinum.narc!/member_02390,0,/application/zukanlist/zkn_data/zukan_enc_platinum.narc,133,2390,,53964,53968,14280,14284,4,df3f619804a92fdb4057192dc43dd748ea778adc52bc498ce80524c014b81119,00000000,,,,,False,,,,,,,,,,False,False
/application/zukanlist/zkn_data/zukan_enc_platinum.narc,/application/zukanlist/zkn_data/zukan_enc_platinum.narc!/member_02391,0,/application/zukanlist/zkn_data/zukan_enc_platinum.narc,133,2391,,53968,53972,14284,14288,4,df3f619804a92fdb4057192dc43dd748ea778adc52bc498ce80524c014b81119,00000000,,,,,False,,,,,,,,,,False,False
/application/zukanlist/zkn_data/zukan_enc_platinum.narc,/application/zukanlist/zkn_data/zukan_enc_platinum.narc!/member_02392,0,/application/zukanlist/zkn_data/zukan_enc_platinum.narc,133,2392,,53972,53976,14288,14292,4,df3f619804a92fdb4057192dc43dd748ea778adc52bc498ce80524c014b81119,00000000,,,,,False,,,,,,,,,,False,False
/application/zukanlist/zkn_data/zukan_enc_platinum.narc,/application/zukanlist/zkn_data/zukan_enc_platinum.narc!/member_02393,0,/application/zukanlist/zkn_data/zukan_enc_platinum.narc,133,2393,,53976,53980,14292,14296,4,df3f619804a92fdb4057192dc43dd748ea778adc52bc498ce80524c014b81119,00000000,,,,,False,,,,,,,,,,False,False
/application/zukanlist/zkn_data/zukan_enc_platinum.narc,/application/zukanlist/zkn_data/zukan_enc_platinum.narc!/member_02394,0,/application/zukanlist/zkn_data/zukan_enc_platinum.narc,133,2394,,53980,53984,14296,14300,4,df3f619804a92fdb4057192dc43dd748ea778adc52bc498ce80524c014b81119,00000000,,,,,False,,,,,,,,,,False,False
/application/zukanlist/zkn_data/zukan_enc_platinum.narc,/application/zukanlist/zkn_data/zukan_enc_platinum.narc!/member_02395,0,/application/zukanlist/zkn_data/zukan_enc_platinum.narc,133,2395,,53984,53988,14300,14304,4,df3f619804a92fdb4057192dc43dd748ea778adc52bc498ce80524c014b81119,00000000,,,,,False,,,,,,,,,,False,False
/application/zukanlist/zkn_data/zukan_enc_platinum.narc,/application/zukanlist/zkn_data/zukan_enc_platinum.narc!/member_02396,0,/application/zukanlist/zkn_data/zukan_enc_platinum.narc,133,2396,,53988,53996,14304,14312,8,debcea1f166010e428df48387304e45c0bf7843a1fa7f1beb38f852228df789b,1500000000000000,,,,,False,,,,,,,,,,False,False
/application/zukanlist/zkn_data/zukan_enc_platinum.narc,/application/zukanlist/zkn_data/zukan_enc_platinum.narc!/member_02397,0,/application/zukanlist/zkn_data/zukan_enc_platinum.narc,133,2397,,53996,54000,14312,14316,4,df3f619804a92fdb4057192dc43dd748ea778adc52bc498ce80524c014b81119,00000000,,,,,False,,,,,,,,,,False,False
/application/zukanlist/zkn_data/zukan_enc_platinum.narc,/application/zukanlist/zkn_data/zukan_enc_platinum.narc!/member_02398,0,/application/zukanlist/zkn_data/zukan_enc_platinum.narc,133,2398,,54000,54004,14316,14320,4,df3f619804a92fdb4057192dc43dd748ea778adc52bc498ce80524c014b81119,00000000,,,,,False,,,,,,,,,,False,False
/application/zukanlist/zkn_data/zukan_enc_platinum.narc,/application/zukanlist/zkn_data/zukan_enc_platinum.narc!/member_02399,0,/application/zukanlist/zkn_data/zukan_enc_platinum.narc,133,2399,,54004,54012,14320,14328,8,debcea1f166010e428df48387304e45c0bf7843a1fa7f1beb38f852228df789b,1500000000000000,,,,,False,,,,,,,,,,False,False
/application/zukanlist/zkn_data/zukan_enc_platinum.narc,/application/zukanlist/zkn_data/zukan_enc_platinum.narc!/member_02400,0,/application/zukanlist/zkn_data/zukan_enc_platinum.narc,133,2400,,54012,54016,14328,14332,4,df3f619804a92fdb4057192dc43dd748ea778adc52bc498ce80524c014b81119,00000000,,,,,False,,,,,,,,,,False,False
/application/zukanlist/zkn_data/zukan_enc_platinum.narc,/application/zukanlist/zkn_data/zukan_enc_platinum.narc!/member_02401,0,/application/zukanlist/zkn_data/zukan_enc_platinum.narc,133,2401,,54016,54020,14332,14336,4,df3f619804a92fdb4057192dc43dd748ea778adc52bc498ce80524c014b81119,00000000,,,,,False,,,,,,,,,,False,False
/application/zukanlist/zkn_data/zukan_enc_platinum.narc,/application/zukanlist/zkn_data/zukan_enc_platinum.narc!/member_02402,0,/application/zukanlist/zkn_data/zukan_enc_platinum.narc,133,2402,,54020,54024,14336,14340,4,df3f619804a92fdb4057192dc43dd748ea778adc52bc498ce80524c014b81119,00000000,,,,,False,,,,,,,,,,False,False
/application/zukanlist/zkn_data/zukan_enc_platinum.narc,/application/zukanlist/zkn_data/zukan_enc_platinum.narc!/member_02403,0,/application/zukanlist/zkn_data/zukan_enc_platinum.narc,133,2403,,54024,54032,14340,14348,8,23d7f42b1cdc1f0d492ebd756ed0fe8003995dda554d99418d47a81813650207,0600000000000000,,,,,False,,,,,,,,,,False,False
/application/zukanlist/zkn_data/zukan_enc_platinum.narc,/application/zukanlist/zkn_data/zukan_enc_platinum.narc!/member_02404,0,/application/zukanlist/zkn_data/zukan_enc_platinum.narc,133,2404,,54032,54040,14348,14356,8,debcea1f166010e428df48387304e45c0bf7843a1fa7f1beb38f852228df789b,1500000000000000,,,,,False,,,,,,,,,,False,False
/application/zukanlist/zkn_data/zukan_enc_platinum.narc,/application/zukanlist/zkn_data/zukan_enc_platinum.narc!/member_02405,0,/application/zukanlist/zkn_data/zukan_enc_platinum.narc,133,2405,,54040,54044,14356,14360,4,df3f619804a92fdb4057192dc43dd748ea778adc52bc498ce80524c014b81119,00000000,,,,,False,,,,,,,,,,False,False
/application/zukanlist/zkn_data/zukan_enc_platinum.narc,/application/zukanlist/zkn_data/zukan_enc_platinum.narc!/member_02406,0,/application/zukanlist/zkn_data/zukan_enc_platinum.narc,133,2406,,54044,54048,14360,14364,4,df3f619804a92fdb4057192dc43dd748ea778adc52bc498ce80524c014b81119,00000000,,,,,False,,,,,,,,,,False,False
/application/zukanlist/zkn_data/zukan_enc_platinum.narc,/application/zukanlist/zkn_data/zukan_enc_platinum.narc!/member_02407,0,/application/zukanlist/zkn_data/zukan_enc_platinum.narc,133,2407,,54048,54052,14364,14368,4,df3f619804a92fdb4057192dc43dd748ea778adc52bc498ce80524c014b81119,00000000,,,,,False,,,,,,,,,,False,False
/application/zukanlist/zkn_data/zukan_enc_platinum.narc,/application/zukanlist/zkn_data/zukan_enc_platinum.narc!/member_02408,0,/application/zukanlist/zkn_data/zukan_enc_platinum.narc,133,2408,,54052,54056,14368,14372,4,df3f619804a92fdb4057192dc43dd748ea778adc52bc498ce80524c014b81119,00000000,,,,,False,,,,,,,,,,False,False
/application/zukanlist/zkn_data/zukan_enc_platinum.narc,/application/zukanlist/zkn_data/zukan_enc_platinum.narc!/member_02409,0,/application/zukanlist/zkn_data/zukan_enc_platinum.narc,133,2409,,54056,54060,14372,14376,4,df3f619804a92fdb4057192dc43dd748ea778adc52bc498ce80524c014b81119,00000000,,,,,False,,,,,,,,,,False,False
/application/zukanlist/zkn_data/zukan_enc_platinum.narc,/application/zukanlist/zkn_data/zukan_enc_platinum.narc!/member_02410,0,/application/zukanlist/zkn_data/zukan_enc_platinum.narc,133,2410,,54060,54064,14376,14380,4,df3f619804a92fdb4057192dc43dd748ea778adc52bc498ce80524c014b81119,00000000,,,,,False,,,,,,,,,,False,False
/application/zukanlist/zkn_data/zukan_enc_platinum.narc,/application/zukanlist/zkn_data/zukan_enc_platinum.narc!/member_02411,0,/application/zukanlist/zkn_data/zukan_enc_platinum.narc,133,2411,,54064,54068,14380,14384,4,df3f619804a92fdb4057192dc43dd748ea778adc52bc498ce80524c014b81119,00000000,,,,,False,,,,,,,,,,False,False
/application/zukanlist/zkn_data/zukan_enc_platinum.narc,/application/zukanlist/zkn_data/zukan_enc_platinum.narc!/member_02412,0,/application/zukanlist/zkn_data/zukan_enc_platinum.narc,133,2412,,54068,54072,14384,14388,4,df3f619804a92fdb4057192dc43dd748ea778adc52bc498ce80524c014b81119,00000000,,,,,False,,,,,,,,,,False,False
/application/zukanlist/zkn_data/zukan_enc_platinum.narc,/application/zukanlist/zkn_data/zukan_enc_platinum.narc!/member_02413,0,/application/zukanlist/zkn_data/zukan_enc_platinum.narc,133,2413,,54072,54076,14388,14392,4,df3f619804a92fdb4057192dc43dd748ea778adc52bc498ce80524c014b81119,00000000,,,,,False,,,,,,,,,,False,False
/application/zukanlist/zkn_data/zukan_enc_platinum.narc,/application/zukanlist/zkn_data/zukan_enc_platinum.narc!/member_02414,0,/application/zukanlist/zkn_data/zukan_enc_platinum.narc,133,2414,,54076,54080,14392,14396,4,df3f619804a92fdb4057192dc43dd748ea778adc52bc498ce80524c014b81119,00000000,,,,,False,,,,,,,,,,False,False
/application/zukanlist/zkn_data/zukan_enc_platinum.narc,/application/zukanlist/zkn_data/zukan_enc_platinum.narc!/member_02415,0,/application/zukanlist/zkn_data/zukan_enc_platinum.narc,133,2415,,54080,54084,14396,14400,4,df3f619804a92fdb4057192dc43dd748ea778adc52bc498ce80524c014b81119,00000000,,,,,False,,,,,,,,,,False,False
/application/zukanlist/zkn_data/zukan_enc_platinum.narc,/application/zukanlist/zkn_data/zukan_enc_platinum.narc!/member_02416,0,/application/zukanlist/zkn_data/zukan_enc_platinum.narc,133,2416,,54084,54088,14400,14404,4,df3f619804a92fdb4057192dc43dd748ea778adc52bc498ce80524c014b81119,00000000,,,,,False,,,,,,,,,,False,False
/application/zukanlist/zkn_data/zukan_enc_platinum.narc,/application/zukanlist/zkn_data/zukan_enc_platinum.narc!/member_02417,0,/application/zukanlist/zkn_data/zukan_enc_platinum.narc,133,2417,,54088,54100,14404,14416,12,7c16f5631b09eef6cfc2ecdfb0d5336adbaa187c45cf7b6c5e37c4b6dc98158d,030000000a00000000000000,,,,,False,,,,,,,,,,False,False
/application/zukanlist/zkn_data/zukan_enc_platinum.narc,/application/zukanlist/zkn_data/zukan_enc_platinum.narc!/member_02418,0,/application/zukanlist/zkn_data/zukan_enc_platinum.narc,133,2418,,54100,54104,14416,14420,4,df3f619804a92fdb4057192dc43dd748ea778adc52bc498ce80524c014b81119,00000000,,,,,False,,,,,,,,,,False,False
/application/zukanlist/zkn_data/zukan_enc_platinum.narc,/application/zukanlist/zkn_data/zukan_enc_platinum.narc!/member_02419,0,/application/zukanlist/zkn_data/zukan_enc_platinum.narc,133,2419,,54104,54108,14420,14424,4,df3f619804a92fdb4057192dc43dd748ea778adc52bc498ce80524c014b81119,00000000,,,,,False,,,,,,,,,,False,False
/application/zukanlist/zkn_data/zukan_enc_platinum.narc,/application/zukanlist/zkn_data/zukan_enc_platinum.narc!/member_02420,0,/application/zukanlist/zkn_data/zukan_enc_platinum.narc,133,2420,,54108,54116,14424,14432,8,220dde27afee4d537cac96d85d6546f825153b90e828931b74e103807541bc42,0c00000000000000,,,,,False,,,,,,,,,,False,False
/application/zukanlist/zkn_data/zukan_enc_platinum.narc,/application/zukanlist/zkn_data/zukan_enc_platinum.narc!/member_02421,0,/application/zukanlist/zkn_data/zukan_enc_platinum.narc,133,2421,,54116,54120,14432,14436,4,df3f619804a92fdb4057192dc43dd748ea778adc52bc498ce80524c014b81119,00000000,,,,,False,,,,,,,,,,False,False
/application/zukanlist/zkn_data/zukan_enc_platinum.narc,/application/zukanlist/zkn_data/zukan_enc_platinum.narc!/member_02422,0,/application/zukanlist/zkn_data/zukan_enc_platinum.narc,133,2422,,54120,54128,14436,14444,8,18d8d609947c6b82b9607704ae40d3317038e709238514de750b5c7411ba4c20,0e00000000000000,,,,,False,,,,,,,,,,False,False
/application/zukanlist/zkn_data/zukan_enc_platinum.narc,/application/zukanlist/zkn_data/zukan_enc_platinum.narc!/member_02423,0,/application/zukanlist/zkn_data/zukan_enc_platinum.narc,133,2423,,54128,54136,14444,14452,8,18d8d609947c6b82b9607704ae40d3317038e709238514de750b5c7411ba4c20,0e00000000000000,,,,,False,,,,,,,,,,False,False
/application/zukanlist/zkn_data/zukan_enc_platinum.narc,/application/zukanlist/zkn_data/zukan_enc_platinum.narc!/member_02424,0,/application/zukanlist/zkn_data/zukan_enc_platinum.narc,133,2424,,54136,54144,14452,14460,8,18d8d609947c6b82b9607704ae40d3317038e709238514de750b5c7411ba4c20,0e00000000000000,,,,,False,,,,,,,,,,False,False
/application/zukanlist/zkn_data/zukan_enc_platinum.narc,/application/zukanlist/zkn_data/zukan_enc_platinum.narc!/member_02425,0,/application/zukanlist/zkn_data/zukan_enc_platinum.narc,133,2425,,54144,54148,14460,14464,4,df3f619804a92fdb4057192dc43dd748ea778adc52bc498ce80524c014b81119,00000000,,,,,False,,,,,,,,,,False,False
/application/zukanlist/zkn_data/zukan_enc_platinum.narc,/application/zukanlist/zkn_data/zukan_enc_platinum.narc!/member_02426,0,/application/zukanlist/zkn_data/zukan_enc_platinum.narc,133,2426,,54148,54152,14464,14468,4,df3f619804a92fdb4057192dc43dd748ea778adc52bc498ce80524c014b81119,00000000,,,,,False,,,,,,,,,,False,False
/application/zukanlist/zkn_data/zukan_enc_platinum.narc,/application/zukanlist/zkn_data/zukan_enc_platinum.narc!/member_02427,0,/application/zukanlist/zkn_data/zukan_enc_platinum.narc,133,2427,,54152,54160,14468,14476,8,220dde27afee4d537cac96d85d6546f825153b90e828931b74e103807541bc42,0c00000000000000,,,,,False,,,,,,,,,,False,False
/application/zukanlist/zkn_data/zukan_enc_platinum.narc,/application/zukanlist/zkn_data/zukan_enc_platinum.narc!/member_02428,0,/application/zukanlist/zkn_data/zukan_enc_platinum.narc,133,2428,,54160,54168,14476,14484,8,23d7f42b1cdc1f0d492ebd756ed0fe8003995dda554d99418d47a81813650207,0600000000000000,,,,,False,,,,,,,,,,False,False
/application/zukanlist/zkn_data/zukan_enc_platinum.narc,/application/zukanlist/zkn_data/zukan_enc_platinum.narc!/member_02429,0,/application/zukanlist/zkn_data/zukan_enc_platinum.narc,133,2429,,54168,54172,14484,14488,4,df3f619804a92fdb4057192dc43dd748ea778adc52bc498ce80524c014b81119,00000000,,,,,False,,,,,,,,,,False,False
/application/zukanlist/zkn_data/zukan_enc_platinum.narc,/application/zukanlist/zkn_data/zukan_enc_platinum.narc!/member_02430,0,/application/zukanlist/zkn_data/zukan_enc_platinum.narc,133,2430,,54172,54176,14488,14492,4,df3f619804a92fdb4057192dc43dd748ea778adc52bc498ce80524c014b81119,00000000,,,,,False,,,,,,,,,,False,False
/application/zukanlist/zkn_data/zukan_enc_platinum.narc,/application/zukanlist/zkn_data/zukan_enc_platinum.narc!/member_02431,0,/application/zukanlist/zkn_data/zukan_enc_platinum.narc,133,2431,,54176,54180,14492,14496,4,df3f619804a92fdb4057192dc43dd748ea778adc52bc498ce80524c014b81119,00000000,,,,,False,,,,,,,,,,False,False
/application/zukanlist/zkn_data/zukan_enc_platinum.narc,/application/zukanlist/zkn_data/zukan_enc_platinum.narc!/member_02432,0,/application/zukanlist/zkn_data/zukan_enc_platinum.narc,133,2432,,54180,54184,14496,14500,4,df3f619804a92fdb4057192dc43dd748ea778adc52bc498ce80524c014b81119,00000000,,,,,False,,,,,,,,,,False,False
/application/zukanlist/zkn_data/zukan_enc_platinum.narc,/application/zukanlist/zkn_data/zukan_enc_platinum.narc!/member_02433,0,/application/zukanlist/zkn_data/zukan_enc_platinum.narc,133,2433,,54184,54192,14500,14508,8,b0bd73e6922c0d2496dbcb99eac08eb5870090e59f6e06b1eb477d540002a5cd,0d00000000000000,,,,,False,,,,,,,,,,False,False
/application/zukanlist/zkn_data/zukan_enc_platinum.narc,/application/zukanlist/zkn_data/zukan_enc_platinum.narc!/member_02434,0,/application/zukanlist/zkn_data/zukan_enc_platinum.narc,133,2434,,54192,54196,14508,14512,4,df3f619804a92fdb4057192dc43dd748ea778adc52bc498ce80524c014b81119,00000000,,,,,False,,,,,,,,,,False,False
/application/zukanlist/zkn_data/zukan_enc_platinum.narc,/application/zukanlist/zkn_data/zukan_enc_platinum.narc!/member_02435,0,/application/zukanlist/zkn_data/zukan_enc_platinum.narc,133,2435,,54196,54204,14512,14520,8,f0a0278e4372459cca6159cd5e71cfee638302a7b9ca9b05c34181ac0a65ac5d,0400000000000000,,,,,False,,,,,,,,,,False,False
/application/zukanlist/zkn_data/zukan_enc_platinum.narc,/application/zukanlist/zkn_data/zukan_enc_platinum.narc!/member_02436,0,/application/zukanlist/zkn_data/zukan_enc_platinum.narc,133,2436,,54204,54212,14520,14528,8,f0a0278e4372459cca6159cd5e71cfee638302a7b9ca9b05c34181ac0a65ac5d,0400000000000000,,,,,False,,,,,,,,,,False,False
/application/zukanlist/zkn_data/zukan_enc_platinum.narc,/application/zukanlist/zkn_data/zukan_enc_platinum.narc!/member_02437,0,/application/zukanlist/zkn_data/zukan_enc_platinum.narc,133,2437,,54212,54220,14528,14536,8,f0a0278e4372459cca6159cd5e71cfee638302a7b9ca9b05c34181ac0a65ac5d,0400000000000000,,,,,False,,,,,,,,,,False,False
/application/zukanlist/zkn_data/zukan_enc_platinum.narc,/application/zukanlist/zkn_data/zukan_enc_platinum.narc!/member_02438,0,/application/zukanlist/zkn_data/zukan_enc_platinum.narc,133,2438,,54220,54228,14536,14544,8,f0a0278e4372459cca6159cd5e71cfee638302a7b9ca9b05c34181ac0a65ac5d,0400000000000000,,,,,False,,,,,,,,,,False,False
/application/zukanlist/zkn_data/zukan_enc_platinum.narc,/application/zukanlist/zkn_data/zukan_enc_platinum.narc!/member_02439,0,/application/zukanlist/zkn_data/zukan_enc_platinum.narc,133,2439,,54228,54236,14544,14552,8,f0a0278e4372459cca6159cd5e71cfee638302a7b9ca9b05c34181ac0a65ac5d,0400000000000000,,,,,False,,,,,,,,,,False,False
/application/zukanlist/zkn_data/zukan_enc_platinum.narc,/application/zukanlist/zkn_data/zukan_enc_platinum.narc!/member_02440,0,/application/zukanlist/zkn_data/zukan_enc_platinum.narc,133,2440,,54236,54240,14552,14556,4,df3f619804a92fdb4057192dc43dd748ea778adc52bc498ce80524c014b81119,00000000,,,,,False,,,,,,,,,,False,False
/application/zukanlist/zkn_data/zukan_enc_platinum.narc,/application/zukanlist/zkn_data/zukan_enc_platinum.narc!/member_02441,0,/application/zukanlist/zkn_data/zukan_enc_platinum.narc,133,2441,,54240,54244,14556,14560,4,df3f619804a92fdb4057192dc43dd748ea778adc52bc498ce80524c014b81119,00000000,,,,,False,,,,,,,,,,False,False
/application/zukanlist/zkn_data/zukan_enc_platinum.narc,/application/zukanlist/zkn_data/zukan_enc_platinum.narc!/member_02442,0,/application/zukanlist/zkn_data/zukan_enc_platinum.narc,133,2442,,54244,54248,14560,14564,4,df3f619804a92fdb4057192dc43dd748ea778adc52bc498ce80524c014b81119,00000000,,,,,False,,,,,,,,,,False,False
/application/zukanlist/zkn_data/zukan_enc_platinum.narc,/application/zukanlist/zkn_data/zukan_enc_platinum.narc!/member_02443,0,/application/zukanlist/zkn_data/zukan_enc_platinum.narc,133,2443,,54248,54256,14564,14572,8,1023cd53096fa66c8a605b9cd21f77cb3f8cd12f855482b27c01e85c95b9515f,1300000000000000,,,,,False,,,,,,,,,,False,False
/application/zukanlist/zkn_data/zukan_enc_platinum.narc,/application/zukanlist/zkn_data/zukan_enc_platinum.narc!/member_02444,0,/application/zukanlist/zkn_data/zukan_enc_platinum.narc,133,2444,,54256,54260,14572,14576,4,df3f619804a92fdb4057192dc43dd748ea778adc52bc498ce80524c014b81119,00000000,,,,,False,,,,,,,,,,False,False
/application/zukanlist/zkn_data/zukan_enc_platinum.narc,/application/zukanlist/zkn_data/zukan_enc_platinum.narc!/member_02445,0,/application/zukanlist/zkn_data/zukan_enc_platinum.narc,133,2445,,54260,54264,14576,14580,4,df3f619804a92fdb4057192dc43dd748ea778adc52bc498ce80524c014b81119,00000000,,,,,False,,,,,,,,,,False,False
/application/zukanlist/zkn_data/zukan_enc_platinum.narc,/application/zukanlist/zkn_data/zukan_enc_platinum.narc!/member_02446,0,/application/zukanlist/zkn_data/zukan_enc_platinum.narc,133,2446,,54264,54268,14580,14584,4,df3f619804a92fdb4057192dc43dd748ea778adc52bc498ce80524c014b81119,00000000,,,,,False,,,,,,,,,,False,False
/application/zukanlist/zkn_data/zukan_enc_platinum.narc,/application/zukanlist/zkn_data/zukan_enc_platinum.narc!/member_02447,0,/application/zukanlist/zkn_data/zukan_enc_platinum.narc,133,2447,,54268,54272,14584,14588,4,df3f619804a92fdb4057192dc43dd748ea778adc52bc498ce80524c014b81119,00000000,,,,,False,,,,,,,,,,False,False
/application/zukanlist/zkn_data/zukan_enc_platinum.narc,/application/zukanlist/zkn_data/zukan_enc_platinum.narc!/member_02448,0,/application/zukanlist/zkn_data/zukan_enc_platinum.narc,133,2448,,54272,54276,14588,14592,4,df3f619804a92fdb4057192dc43dd748ea778adc52bc498ce80524c014b81119,00000000,,,,,False,,,,,,,,,,False,False
/application/zukanlist/zkn_data/zukan_enc_platinum.narc,/application/zukanlist/zkn_data/zukan_enc_platinum.narc!/member_02449,0,/application/zukanlist/zkn_data/zukan_enc_platinum.narc,133,2449,,54276,54280,14592,14596,4,df3f619804a92fdb4057192dc43dd748ea778adc52bc498ce80524c014b81119,00000000,,,,,False,,,,,,,,,,False,False
/application/zukanlist/zkn_data/zukan_enc_platinum.narc,/application/zukanlist/zkn_data/zukan_enc_platinum.narc!/member_02450,0,/application/zukanlist/zkn_data/zukan_enc_platinum.narc,133,2450,,54280,54284,14596,14600,4,df3f619804a92fdb4057192dc43dd748ea778adc52bc498ce80524c014b81119,00000000,,,,,False,,,,,,,,,,False,False
/application/zukanlist/zkn_data/zukan_enc_platinum.narc,/application/zukanlist/zkn_data/zukan_enc_platinum.narc!/member_02451,0,/application/zukanlist/zkn_data/zukan_enc_platinum.narc,133,2451,,54284,54288,14600,14604,4,df3f619804a92fdb4057192dc43dd748ea778adc52bc498ce80524c014b81119,00000000,,,,,False,,,,,,,,,,False,False
/application/zukanlist/zkn_data/zukan_enc_platinum.narc,/application/zukanlist/zkn_data/zukan_enc_platinum.narc!/member_02452,0,/application/zukanlist/zkn_data/zukan_enc_platinum.narc,133,2452,,54288,54292,14604,14608,4,df3f619804a92fdb4057192dc43dd748ea778adc52bc498ce80524c014b81119,00000000,,,,,False,,,,,,,,,,False,False
/application/zukanlist/zkn_data/zukan_enc_platinum.narc,/application/zukanlist/zkn_data/zukan_enc_platinum.narc!/member_02453,0,/application/zukanlist/zkn_data/zukan_enc_platinum.narc,133,2453,,54292,54296,14608,14612,4,df3f619804a92fdb4057192dc43dd748ea778adc52bc498ce80524c014b81119,00000000,,,,,False,,,,,,,,,,False,False
/application/zukanlist/zkn_data/zukan_enc_platinum.narc,/application/zukanlist/zkn_data/zukan_enc_platinum.narc!/member_02454,0,/application/zukanlist/zkn_data/zukan_enc_platinum.narc,133,2454,,54296,54300,14612,14616,4,df3f619804a92fdb4057192dc43dd748ea778adc52bc498ce80524c014b81119,00000000,,,,,False,,,,,,,,,,False,False
/application/zukanlist/zkn_data/zukan_enc_platinum.narc,/application/zukanlist/zkn_data/zukan_enc_platinum.narc!/member_02455,0,/application/zukanlist/zkn_data/zukan_enc_platinum.narc,133,2455,,54300,54304,14616,14620,4,df3f619804a92fdb4057192dc43dd748ea778adc52bc498ce80524c014b81119,00000000,,,,,False,,,,,,,,,,False,False
/application/zukanlist/zkn_data/zukan_enc_platinum.narc,/application/zukanlist/zkn_data/zukan_enc_platinum.narc!/member_02456,0,/application/zukanlist/zkn_data/zukan_enc_platinum.narc,133,2456,,54304,54308,14620,14624,4,df3f619804a92fdb4057192dc43dd748ea778adc52bc498ce80524c014b81119,00000000,,,,,False,,,,,,,,,,False,False
/application/zukanlist/zkn_data/zukan_enc_platinum.narc,/application/zukanlist/zkn_data/zukan_enc_platinum.narc!/member_02457,0,/application/zukanlist/zkn_data/zukan_enc_platinum.narc,133,2457,,54308,54312,14624,14628,4,df3f619804a92fdb4057192dc43dd748ea778adc52bc498ce80524c014b81119,00000000,,,,,False,,,,,,,,,,False,False
/application/zukanlist/zkn_data/zukan_enc_platinum.narc,/application/zukanlist/zkn_data/zukan_enc_platinum.narc!/member_02458,0,/application/zukanlist/zkn_data/zukan_enc_platinum.narc,133,2458,,54312,54316,14628,14632,4,df3f619804a92fdb4057192dc43dd748ea778adc52bc498ce80524c014b81119,00000000,,,,,False,,,,,,,,,,False,False
/application/zukanlist/zkn_data/zukan_enc_platinum.narc,/application/zukanlist/zkn_data/zukan_enc_platinum.narc!/member_02459,0,/application/zukanlist/zkn_data/zukan_enc_platinum.narc,133,2459,,54316,54320,14632,14636,4,df3f619804a92fdb4057192dc43dd748ea778adc52bc498ce80524c014b81119,00000000,,,,,False,,,,,,,,,,False,False
/application/zukanlist/zkn_data/zukan_enc_platinum.narc,/application/zukanlist/zkn_data/zukan_enc_platinum.narc!/member_02460,0,/application/zukanlist/zkn_data/zukan_enc_platinum.narc,133,2460,,54320,54324,14636,14640,4,df3f619804a92fdb4057192dc43dd748ea778adc52bc498ce80524c014b81119,00000000,,,,,False,,,,,,,,,,False,False
/application/zukanlist/zkn_data/zukan_enc_platinum.narc,/application/zukanlist/zkn_data/zukan_enc_platinum.narc!/member_02461,0,/application/zukanlist/zkn_data/zukan_enc_platinum.narc,133,2461,,54324,54328,14640,14644,4,df3f619804a92fdb4057192dc43dd748ea778adc52bc498ce80524c014b81119,00000000,,,,,False,,,,,,,,,,False,False
/application/zukanlist/zkn_data/zukan_enc_platinum.narc,/application/zukanlist/zkn_data/zukan_enc_platinum.narc!/member_02462,0,/application/zukanlist/zkn_data/zukan_enc_platinum.narc,133,2462,,54328,54332,14644,14648,4,df3f619804a92fdb4057192dc43dd748ea778adc52bc498ce80524c014b81119,00000000,,,,,False,,,,,,,,,,False,False
/application/zukanlist/zkn_data/zukan_enc_platinum.narc,/application/zukanlist/zkn_data/zukan_enc_platinum.narc!/member_02463,0,/application/zukanlist/zkn_data/zukan_enc_platinum.narc,133,2463,,54332,54336,14648,14652,4,df3f619804a92fdb4057192dc43dd748ea778adc52bc498ce80524c014b81119,00000000,,,,,False,,,,,,,,,,False,False
/application/zukanlist/zkn_data/zukan_enc_platinum.narc,/application/zukanlist/zkn_data/zukan_enc_platinum.narc!/member_02464,0,/application/zukanlist/zkn_data/zukan_enc_platinum.narc,133,2464,,54336,54340,14652,14656,4,df3f619804a92fdb4057192dc43dd748ea778adc52bc498ce80524c014b81119,00000000,,,,,False,,,,,,,,,,False,False
/application/zukanlist/zkn_data/zukan_enc_platinum.narc,/application/zukanlist/zkn_data/zukan_enc_platinum.narc!/member_02465,0,/application/zukanlist/zkn_data/zukan_enc_platinum.narc,133,2465,,54340,54344,14656,14660,4,df3f619804a92fdb4057192dc43dd748ea778adc52bc498ce80524c014b81119,00000000,,,,,False,,,,,,,,,,False,False
/application/zukanlist/zkn_data/zukan_enc_platinum.narc,/application/zukanlist/zkn_data/zukan_enc_platinum.narc!/member_02466,0,/application/zukanlist/zkn_data/zukan_enc_platinum.narc,133,2466,,54344,54348,14660,14664,4,df3f619804a92fdb4057192dc43dd748ea778adc52bc498ce80524c014b81119,00000000,,,,,False,,,,,,,,,,False,False
/application/zukanlist/zkn_data/zukan_enc_platinum.narc,/application/zukanlist/zkn_data/zukan_enc_platinum.narc!/member_02467,0,/application/zukanlist/zkn_data/zukan_enc_platinum.narc,133,2467,,54348,54352,14664,14668,4,df3f619804a92fdb4057192dc43dd748ea778adc52bc498ce80524c014b81119,00000000,,,,,False,,,,,,,,,,False,False
/application/zukanlist/zkn_data/zukan_enc_platinum.narc,/application/zukanlist/zkn_data/zukan_enc_platinum.narc!/member_02468,0,/application/zukanlist/zkn_data/zukan_enc_platinum.narc,133,2468,,54352,54356,14668,14672,4,df3f619804a92fdb4057192dc43dd748ea778adc52bc498ce80524c014b81119,00000000,,,,,False,,,,,,,,,,False,False
/application/zukanlist/zkn_data/zukan_enc_platinum.narc,/application/zukanlist/zkn_data/zukan_enc_platinum.narc!/member_02469,0,/application/zukanlist/zkn_data/zukan_enc_platinum.narc,133,2469,,54356,54360,14672,14676,4,df3f619804a92fdb4057192dc43dd748ea778adc52bc498ce80524c014b81119,00000000,,,,,False,,,,,,,,,,False,False
/application/zukanlist/zkn_data/zukan_enc_platinum.narc,/application/zukanlist/zkn_data/zukan_enc_platinum.narc!/member_02470,0,/application/zukanlist/zkn_data/zukan_enc_platinum.narc,133,2470,,54360,54364,14676,14680,4,df3f619804a92fdb4057192dc43dd748ea778adc52bc498ce80524c014b81119,00000000,,,,,False,,,,,,,,,,False,False
/application/zukanlist/zkn_data/zukan_enc_platinum.narc,/application/zukanlist/zkn_data/zukan_enc_platinum.narc!/member_02471,0,/application/zukanlist/zkn_data/zukan_enc_platinum.narc,133,2471,,54364,54368,14680,14684,4,df3f619804a92fdb4057192dc43dd748ea778adc52bc498ce80524c014b81119,00000000,,,,,False,,,,,,,,,,False,False
/application/zukanlist/zkn_data/zukan_enc_platinum.narc,/application/zukanlist/zkn_data/zukan_enc_platinum.narc!/member_02472,0,/application/zukanlist/zkn_data/zukan_enc_platinum.narc,133,2472,,54368,54372,14684,14688,4,df3f619804a92fdb4057192dc43dd748ea778adc52bc498ce80524c014b81119,00000000,,,,,False,,,,,,,,,,False,False
/application/zukanlist/zkn_data/zukan_enc_platinum.narc,/application/zukanlist/zkn_data/zukan_enc_platinum.narc!/member_02473,0,/application/zukanlist/zkn_data/zukan_enc_platinum.narc,133,2473,,54372,54376,14688,14692,4,df3f619804a92fdb4057192dc43dd748ea778adc52bc498ce80524c014b81119,00000000,,,,,False,,,,,,,,,,False,False
/application/zukanlist/zkn_data/zukan_enc_platinum.narc,/application/zukanlist/zkn_data/zukan_enc_platinum.narc!/member_02474,0,/application/zukanlist/zkn_data/zukan_enc_platinum.narc,133,2474,,54376,54380,14692,14696,4,df3f619804a92fdb4057192dc43dd748ea778adc52bc498ce80524c014b81119,00000000,,,,,False,,,,,,,,,,False,False
/application/zukanlist/zkn_data/zukan_enc_platinum.narc,/application/zukanlist/zkn_data/zukan_enc_platinum.narc!/member_02475,0,/application/zukanlist/zkn_data/zukan_enc_platinum.narc,133,2475,,54380,54384,14696,14700,4,df3f619804a92fdb4057192dc43dd748ea778adc52bc498ce80524c014b81119,00000000,,,,,False,,,,,,,,,,False,False
/application/zukanlist/zkn_data/zukan_enc_platinum.narc,/application/zukanlist/zkn_data/zukan_enc_platinum.narc!/member_02476,0,/application/zukanlist/zkn_data/zukan_enc_platinum.narc,133,2476,,54384,54388,14700,14704,4,df3f619804a92fdb4057192dc43dd748ea778adc52bc498ce80524c014b81119,00000000,,,,,False,,,,,,,,,,False,False
/application/zukanlist/zkn_data/zukan_enc_platinum.narc,/application/zukanlist/zkn_data/zukan_enc_platinum.narc!/member_02477,0,/application/zukanlist/zkn_data/zukan_enc_platinum.narc,133,2477,,54388,54392,14704,14708,4,df3f619804a92fdb4057192dc43dd748ea778adc52bc498ce80524c014b81119,00000000,,,,,False,,,,,,,,,,False,False
/application/zukanlist/zkn_data/zukan_enc_platinum.narc,/application/zukanlist/zkn_data/zukan_enc_platinum.narc!/member_02478,0,/application/zukanlist/zkn_data/zukan_enc_platinum.narc,133,2478,,54392,54396,14708,14712,4,df3f619804a92fdb4057192dc43dd748ea778adc52bc498ce80524c014b81119,00000000,,,,,False,,,,,,,,,,False,False
/application/zukanlist/zkn_data/zukan_enc_platinum.narc,/application/zukanlist/zkn_data/zukan_enc_platinum.narc!/member_02479,0,/application/zukanlist/zkn_data/zukan_enc_platinum.narc,133,2479,,54396,54500,14712,14816,104,d74c78f2b535332240afc5dd4cfbada080950a4dd92316538fc87c717efad12c,01000000020000000300000004000000,,,,,False,,,,,,,,,,False,False
/application/zukanlist/zkn_data/zukan_enc_platinum.narc,/application/zukanlist/zkn_data/zukan_enc_platinum.narc!/member_02480,0,/application/zukanlist/zkn_data/zukan_enc_platinum.narc,133,2480,,54500,54504,14816,14820,4,df3f619804a92fdb4057192dc43dd748ea778adc52bc498ce80524c014b81119,00000000,,,,,False,,,,,,,,,,False,False
/application/zukanlist/zkn_data/zukan_enc_platinum.narc,/application/zukanlist/zkn_data/zukan_enc_platinum.narc!/member_02481,0,/application/zukanlist/zkn_data/zukan_enc_platinum.narc,133,2481,,54504,54508,14820,14824,4,df3f619804a92fdb4057192dc43dd748ea778adc52bc498ce80524c014b81119,00000000,,,,,False,,,,,,,,,,False,False
/application/zukanlist/zkn_data/zukan_enc_platinum.narc,/application/zukanlist/zkn_data/zukan_enc_platinum.narc!/member_02482,0,/application/zukanlist/zkn_data/zukan_enc_platinum.narc,133,2482,,54508,54512,14824,14828,4,df3f619804a92fdb4057192dc43dd748ea778adc52bc498ce80524c014b81119,00000000,,,,,False,,,,,,,,,,False,False
/application/zukanlist/zkn_data/zukan_enc_platinum.narc,/application/zukanlist/zkn_data/zukan_enc_platinum.narc!/member_02483,0,/application/zukanlist/zkn_data/zukan_enc_platinum.narc,133,2483,,54512,54516,14828,14832,4,df3f619804a92fdb4057192dc43dd748ea778adc52bc498ce80524c014b81119,00000000,,,,,False,,,,,,,,,,False,False
/application/zukanlist/zkn_data/zukan_enc_platinum.narc,/application/zukanlist/zkn_data/zukan_enc_platinum.narc!/member_02484,0,/application/zukanlist/zkn_data/zukan_enc_platinum.narc,133,2484,,54516,54520,14832,14836,4,df3f619804a92fdb4057192dc43dd748ea778adc52bc498ce80524c014b81119,00000000,,,,,False,,,,,,,,,,False,False
/application/zukanlist/zkn_data/zukan_enc_platinum.narc,/application/zukanlist/zkn_data/zukan_enc_platinum.narc!/member_02485,0,/application/zukanlist/zkn_data/zukan_enc_platinum.narc,133,2485,,54520,54524,14836,14840,4,df3f619804a92fdb4057192dc43dd748ea778adc52bc498ce80524c014b81119,00000000,,,,,False,,,,,,,,,,False,False
/application/zukanlist/zkn_data/zukan_enc_platinum.narc,/application/zukanlist/zkn_data/zukan_enc_platinum.narc!/member_02486,0,/application/zukanlist/zkn_data/zukan_enc_platinum.narc,133,2486,,54524,54528,14840,14844,4,df3f619804a92fdb4057192dc43dd748ea778adc52bc498ce80524c014b81119,00000000,,,,,False,,,,,,,,,,False,False
/application/zukanlist/zkn_data/zukan_enc_platinum.narc,/application/zukanlist/zkn_data/zukan_enc_platinum.narc!/member_02487,0,/application/zukanlist/zkn_data/zukan_enc_platinum.narc,133,2487,,54528,54532,14844,14848,4,df3f619804a92fdb4057192dc43dd748ea778adc52bc498ce80524c014b81119,00000000,,,,,False,,,,,,,,,,False,False
/application/zukanlist/zkn_data/zukan_enc_platinum.narc,/application/zukanlist/zkn_data/zukan_enc_platinum.narc!/member_02488,0,/application/zukanlist/zkn_data/zukan_enc_platinum.narc,133,2488,,54532,54536,14848,14852,4,df3f619804a92fdb4057192dc43dd748ea778adc52bc498ce80524c014b81119,00000000,,,,,False,,,,,,,,,,False,False
/application/zukanlist/zkn_data/zukan_enc_platinum.narc,/application/zukanlist/zkn_data/zukan_enc_platinum.narc!/member_02489,0,/application/zukanlist/zkn_data/zukan_enc_platinum.narc,133,2489,,54536,54540,14852,14856,4,df3f619804a92fdb4057192dc43dd748ea778adc52bc498ce80524c014b81119,00000000,,,,,False,,,,,,,,,,False,False
/application/zukanlist/zkn_data/zukan_enc_platinum.narc,/application/zukanlist/zkn_data/zukan_enc_platinum.narc!/member_02490,0,/application/zukanlist/zkn_data/zukan_enc_platinum.narc,133,2490,,54540,54544,14856,14860,4,df3f619804a92fdb4057192dc43dd748ea778adc52bc498ce80524c014b81119,00000000,,,,,False,,,,,,,,,,False,False
/application/zukanlist/zkn_data/zukan_enc_platinum.narc,/application/zukanlist/zkn_data/zukan_enc_platinum.narc!/member_02491,0,/application/zukanlist/zkn_data/zukan_enc_platinum.narc,133,2491,,54544,54548,14860,14864,4,df3f619804a92fdb4057192dc43dd748ea778adc52bc498ce80524c014b81119,00000000,,,,,False,,,,,,,,,,False,False
/application/zukanlist/zkn_data/zukan_enc_platinum.narc,/application/zukanlist/zkn_data/zukan_enc_platinum.narc!/member_02492,0,/application/zukanlist/zkn_data/zukan_enc_platinum.narc,133,2492,,54548,54552,14864,14868,4,df3f619804a92fdb4057192dc43dd748ea778adc52bc498ce80524c014b81119,00000000,,,,,False,,,,,,,,,,False,False
/application/zukanlist/zkn_data/zukan_enc_platinum.narc,/application/zukanlist/zkn_data/zukan_enc_platinum.narc!/member_02493,0,/application/zukanlist/zkn_data/zukan_enc_platinum.narc,133,2493,,54552,54556,14868,14872,4,df3f619804a92fdb4057192dc43dd748ea778adc52bc498ce80524c014b81119,00000000,,,,,False,,,,,,,,,,False,False
/application/zukanlist/zkn_data/zukan_enc_platinum.narc,/application/zukanlist/zkn_data/zukan_enc_platinum.narc!/member_02494,0,/application/zukanlist/zkn_data/zukan_enc_platinum.narc,133,2494,,54556,54560,14872,14876,4,df3f619804a92fdb4057192dc43dd748ea778adc52bc498ce80524c014b81119,00000000,,,,,False,,,,,,,,,,False,False
/application/zukanlist/zkn_data/zukan_enc_platinum.narc,/application/zukanlist/zkn_data/zukan_enc_platinum.narc!/member_02495,0,/application/zukanlist/zkn_data/zukan_enc_platinum.narc,133,2495,,54560,54568,14876,14884,8,ed049108bc18f2c64369e8d0ea42850bdd1a7d1dd340cfde716315579702a76c,2a00000000000000,,,,,False,,,,,,,,,,False,False
/application/zukanlist/zkn_data/zukan_enc_platinum.narc,/application/zukanlist/zkn_data/zukan_enc_platinum.narc!/member_02496,0,/application/zukanlist/zkn_data/zukan_enc_platinum.narc,133,2496,,54568,54572,14884,14888,4,df3f619804a92fdb4057192dc43dd748ea778adc52bc498ce80524c014b81119,00000000,,,,,False,,,,,,,,,,False,False
/application/zukanlist/zkn_data/zukan_enc_platinum.narc,/application/zukanlist/zkn_data/zukan_enc_platinum.narc!/member_02497,0,/application/zukanlist/zkn_data/zukan_enc_platinum.narc,133,2497,,54572,54576,14888,14892,4,df3f619804a92fdb4057192dc43dd748ea778adc52bc498ce80524c014b81119,00000000,,,,,False,,,,,,,,,,False,False
/application/zukanlist/zkn_data/zukan_enc_platinum.narc,/application/zukanlist/zkn_data/zukan_enc_platinum.narc!/member_02498,0,/application/zukanlist/zkn_data/zukan_enc_platinum.narc,133,2498,,54576,54588,14892,14904,12,9893212e6b984485abc2a582f07509b2de3f9ee0e30ac1263124e844a9c81346,270000003000000000000000,,,,,False,,,,,,,,,,False,False
/application/zukanlist/zkn_data/zukan_enc_platinum.narc,/application/zukanlist/zkn_data/zukan_enc_platinum.narc!/member_02499,0,/application/zukanlist/zkn_data/zukan_enc_platinum.narc,133,2499,,54588,54600,14904,14916,12,9893212e6b984485abc2a582f07509b2de3f9ee0e30ac1263124e844a9c81346,270000003000000000000000,,,,,False,,,,,,,,,,False,False
/application/zukanlist/zkn_data/zukan_enc_platinum.narc,/application/zukanlist/zkn_data/zukan_enc_platinum.narc!/member_02500,0,/application/zukanlist/zkn_data/zukan_enc_platinum.narc,133,2500,,54600,54608,14916,14924,8,067051cfe3b707b85d619ec630502c5a9cb7a39c3144d19abeec2fefdcda49d8,2700000000000000,,,,,False,,,,,,,,,,False,False
/application/zukanlist/zkn_data/zukan_enc_platinum.narc,/application/zukanlist/zkn_data/zukan_enc_platinum.narc!/member_02501,0,/application/zukanlist/zkn_data/zukan_enc_platinum.narc,133,2501,,54608,54628,14924,14944,20,792ac6b19afa44edced413eca9ea1ce767cc2779540339e1f957051e4bad978f,08000000270000002800000030000000,,,,,False,,,,,,,,,,False,False
/application/zukanlist/zkn_data/zukan_enc_platinum.narc,/application/zukanlist/zkn_data/zukan_enc_platinum.narc!/member_02502,0,/application/zukanlist/zkn_data/zukan_enc_platinum.narc,133,2502,,54628,54632,14944,14948,4,df3f619804a92fdb4057192dc43dd748ea778adc52bc498ce80524c014b81119,00000000,,,,,False,,,,,,,,,,False,False
/application/zukanlist/zkn_data/zukan_enc_platinum.narc,/application/zukanlist/zkn_data/zukan_enc_platinum.narc!/member_02503,0,/application/zukanlist/zkn_data/zukan_enc_platinum.narc,133,2503,,54632,54636,14948,14952,4,df3f619804a92fdb4057192dc43dd748ea778adc52bc498ce80524c014b81119,00000000,,,,,False,,,,,,,,,,False,False
/application/zukanlist/zkn_data/zukan_enc_platinum.narc,/application/zukanlist/zkn_data/zukan_enc_platinum.narc!/member_02504,0,/application/zukanlist/zkn_data/zukan_enc_platinum.narc,133,2504,,54636,54640,14952,14956,4,df3f619804a92fdb4057192dc43dd748ea778adc52bc498ce80524c014b81119,00000000,,,,,False,,,,,,,,,,False,False
/application/zukanlist/zkn_data/zukan_enc_platinum.narc,/application/zukanlist/zkn_data/zukan_enc_platinum.narc!/member_02505,0,/application/zukanlist/zkn_data/zukan_enc_platinum.narc,133,2505,,54640,54644,14956,14960,4,df3f619804a92fdb4057192dc43dd748ea778adc52bc498ce80524c014b81119,00000000,,,,,False,,,,,,,,,,False,False
/application/zukanlist/zkn_data/zukan_enc_platinum.narc,/application/zukanlist/zkn_data/zukan_enc_platinum.narc!/member_02506,0,/application/zukanlist/zkn_data/zukan_enc_platinum.narc,133,2506,,54644,54648,14960,14964,4,df3f619804a92fdb4057192dc43dd748ea778adc52bc498ce80524c014b81119,00000000,,,,,False,,,,,,,,,,False,False
/application/zukanlist/zkn_data/zukan_enc_platinum.narc,/application/zukanlist/zkn_data/zukan_enc_platinum.narc!/member_02507,0,/application/zukanlist/zkn_data/zukan_enc_platinum.narc,133,2507,,54648,54652,14964,14968,4,df3f619804a92fdb4057192dc43dd748ea778adc52bc498ce80524c014b81119,00000000,,,,,False,,,,,,,,,,False,False
/application/zukanlist/zkn_data/zukan_enc_platinum.narc,/application/zukanlist/zkn_data/zukan_enc_platinum.narc!/member_02508,0,/application/zukanlist/zkn_data/zukan_enc_platinum.narc,133,2508,,54652,54656,14968,14972,4,df3f619804a92fdb4057192dc43dd748ea778adc52bc498ce80524c014b81119,00000000,,,,,False,,,,,,,,,,False,False
/application/zukanlist/zkn_data/zukan_enc_platinum.narc,/application/zukanlist/zkn_data/zukan_enc_platinum.narc!/member_02509,0,/application/zukanlist/zkn_data/zukan_enc_platinum.narc,133,2509,,54656,54660,14972,14976,4,df3f619804a92fdb4057192dc43dd748ea778adc52bc498ce80524c014b81119,00000000,,,,,False,,,,,,,,,,False,False
/application/zukanlist/zkn_data/zukan_enc_platinum.narc,/application/zukanlist/zkn_data/zukan_enc_platinum.narc!/member_02510,0,/application/zukanlist/zkn_data/zukan_enc_platinum.narc,133,2510,,54660,54664,14976,14980,4,df3f619804a92fdb4057192dc43dd748ea778adc52bc498ce80524c014b81119,00000000,,,,,False,,,,,,,,,,False,False
/application/zukanlist/zkn_data/zukan_enc_platinum.narc,/application/zukanlist/zkn_data/zukan_enc_platinum.narc!/member_02511,0,/application/zukanlist/zkn_data/zukan_enc_platinum.narc,133,2511,,54664,54668,14980,14984,4,df3f619804a92fdb4057192dc43dd748ea778adc52bc498ce80524c014b81119,00000000,,,,,False,,,,,,,,,,False,False
/application/zukanlist/zkn_data/zukan_enc_platinum.narc,/application/zukanlist/zkn_data/zukan_enc_platinum.narc!/member_02512,0,/application/zukanlist/zkn_data/zukan_enc_platinum.narc,133,2512,,54668,54672,14984,14988,4,df3f619804a92fdb4057192dc43dd748ea778adc52bc498ce80524c014b81119,00000000,,,,,False,,,,,,,,,,False,False
/application/zukanlist/zkn_data/zukan_enc_platinum.narc,/application/zukanlist/zkn_data/zukan_enc_platinum.narc!/member_02513,0,/application/zukanlist/zkn_data/zukan_enc_platinum.narc,133,2513,,54672,54676,14988,14992,4,df3f619804a92fdb4057192dc43dd748ea778adc52bc498ce80524c014b81119,00000000,,,,,False,,,,,,,,,,False,False
/application/zukanlist/zkn_data/zukan_enc_platinum.narc,/application/zukanlist/zkn_data/zukan_enc_platinum.narc!/member_02514,0,/application/zukanlist/zkn_data/zukan_enc_platinum.narc,133,2514,,54676,54680,14992,14996,4,df3f619804a92fdb4057192dc43dd748ea778adc52bc498ce80524c014b81119,00000000,,,,,False,,,,,,,,,,False,False
/application/zukanlist/zkn_data/zukan_enc_platinum.narc,/application/zukanlist/zkn_data/zukan_enc_platinum.narc!/member_02515,0,/application/zukanlist/zkn_data/zukan_enc_platinum.narc,133,2515,,54680,54684,14996,15000,4,df3f619804a92fdb4057192dc43dd748ea778adc52bc498ce80524c014b81119,00000000,,,,,False,,,,,,,,,,False,False
/application/zukanlist/zkn_data/zukan_enc_platinum.narc,/application/zukanlist/zkn_data/zukan_enc_platinum.narc!/member_02516,0,/application/zukanlist/zkn_data/zukan_enc_platinum.narc,133,2516,,54684,54688,15000,15004,4,df3f619804a92fdb4057192dc43dd748ea778adc52bc498ce80524c014b81119,00000000,,,,,False,,,,,,,,,,False,False
/application/zukanlist/zkn_data/zukan_enc_platinum.narc,/application/zukanlist/zkn_data/zukan_enc_platinum.narc!/member_02517,0,/application/zukanlist/zkn_data/zukan_enc_platinum.narc,133,2517,,54688,54692,15004,15008,4,df3f619804a92fdb4057192dc43dd748ea778adc52bc498ce80524c014b81119,00000000,,,,,False,,,,,,,,,,False,False
/application/zukanlist/zkn_data/zukan_enc_platinum.narc,/application/zukanlist/zkn_data/zukan_enc_platinum.narc!/member_02518,0,/application/zukanlist/zkn_data/zukan_enc_platinum.narc,133,2518,,54692,54696,15008,15012,4,df3f619804a92fdb4057192dc43dd748ea778adc52bc498ce80524c014b81119,00000000,,,,,False,,,,,,,,,,False,False
/application/zukanlist/zkn_data/zukan_enc_platinum.narc,/application/zukanlist/zkn_data/zukan_enc_platinum.narc!/member_02519,0,/application/zukanlist/zkn_data/zukan_enc_platinum.narc,133,2519,,54696,54700,15012,15016,4,df3f619804a92fdb4057192dc43dd748ea778adc52bc498ce80524c014b81119,00000000,,,,,False,,,,,,,,,,False,False
/application/zukanlist/zkn_data/zukan_enc_platinum.narc,/application/zukanlist/zkn_data/zukan_enc_platinum.narc!/member_02520,0,/application/zukanlist/zkn_data/zukan_enc_platinum.narc,133,2520,,54700,54704,15016,15020,4,df3f619804a92fdb4057192dc43dd748ea778adc52bc498ce80524c014b81119,00000000,,,,,False,,,,,,,,,,False,False
/application/zukanlist/zkn_data/zukan_enc_platinum.narc,/application/zukanlist/zkn_data/zukan_enc_platinum.narc!/member_02521,0,/application/zukanlist/zkn_data/zukan_enc_platinum.narc,133,2521,,54704,54708,15020,15024,4,df3f619804a92fdb4057192dc43dd748ea778adc52bc498ce80524c014b81119,00000000,,,,,False,,,,,,,,,,False,False
/application/zukanlist/zkn_data/zukan_enc_platinum.narc,/application/zukanlist/zkn_data/zukan_enc_platinum.narc!/member_02522,0,/application/zukanlist/zkn_data/zukan_enc_platinum.narc,133,2522,,54708,54712,15024,15028,4,df3f619804a92fdb4057192dc43dd748ea778adc52bc498ce80524c014b81119,00000000,,,,,False,,,,,,,,,,False,False
/application/zukanlist/zkn_data/zukan_enc_platinum.narc,/application/zukanlist/zkn_data/zukan_enc_platinum.narc!/member_02523,0,/application/zukanlist/zkn_data/zukan_enc_platinum.narc,133,2523,,54712,54724,15028,15040,12,050e32e2ea97d490444d9b4935c9d5d0832227ef37210dbabec6d29f07bf9805,260000003100000000000000,,,,,False,,,,,,,,,,False,False
/application/zukanlist/zkn_data/zukan_enc_platinum.narc,/application/zukanlist/zkn_data/zukan_enc_platinum.narc!/member_02524,0,/application/zukanlist/zkn_data/zukan_enc_platinum.narc,133,2524,,54724,54728,15040,15044,4,df3f619804a92fdb4057192dc43dd748ea778adc52bc498ce80524c014b81119,00000000,,,,,False,,,,,,,,,,False,False
/application/zukanlist/zkn_data/zukan_enc_platinum.narc,/application/zukanlist/zkn_data/zukan_enc_platinum.narc!/member_02525,0,/application/zukanlist/zkn_data/zukan_enc_platinum.narc,133,2525,,54728,54732,15044,15048,4,df3f619804a92fdb4057192dc43dd748ea778adc52bc498ce80524c014b81119,00000000,,,,,False,,,,,,,,,,False,False
/application/zukanlist/zkn_data/zukan_enc_platinum.narc,/application/zukanlist/zkn_data/zukan_enc_platinum.narc!/member_02526,0,/application/zukanlist/zkn_data/zukan_enc_platinum.narc,133,2526,,54732,54736,15048,15052,4,df3f619804a92fdb4057192dc43dd748ea778adc52bc498ce80524c014b81119,00000000,,,,,False,,,,,,,,,,False,False
/application/zukanlist/zkn_data/zukan_enc_platinum.narc,/application/zukanlist/zkn_data/zukan_enc_platinum.narc!/member_02527,0,/application/zukanlist/zkn_data/zukan_enc_platinum.narc,133,2527,,54736,54740,15052,15056,4,df3f619804a92fdb4057192dc43dd748ea778adc52bc498ce80524c014b81119,00000000,,,,,False,,,,,,,,,,False,False
/application/zukanlist/zkn_data/zukan_enc_platinum.narc,/application/zukanlist/zkn_data/zukan_enc_platinum.narc!/member_02528,0,/application/zukanlist/zkn_data/zukan_enc_platinum.narc,133,2528,,54740,54744,15056,15060,4,df3f619804a92fdb4057192dc43dd748ea778adc52bc498ce80524c014b81119,00000000,,,,,False,,,,,,,,,,False,False
/application/zukanlist/zkn_data/zukan_enc_platinum.narc,/application/zukanlist/zkn_data/zukan_enc_platinum.narc!/member_02529,0,/application/zukanlist/zkn_data/zukan_enc_platinum.narc,133,2529,,54744,54752,15060,15068,8,b8282e78d87c2a42f7c0f5b543c0d7760d3fe5a3860a25c20ec57ddaa4d80b81,2900000000000000,,,,,False,,,,,,,,,,False,False
/application/zukanlist/zkn_data/zukan_enc_platinum.narc,/application/zukanlist/zkn_data/zukan_enc_platinum.narc!/member_02530,0,/application/zukanlist/zkn_data/zukan_enc_platinum.narc,133,2530,,54752,54760,15068,15076,8,b8282e78d87c2a42f7c0f5b543c0d7760d3fe5a3860a25c20ec57ddaa4d80b81,2900000000000000,,,,,False,,,,,,,,,,False,False
/application/zukanlist/zkn_data/zukan_enc_platinum.narc,/application/zukanlist/zkn_data/zukan_enc_platinum.narc!/member_02531,0,/application/zukanlist/zkn_data/zukan_enc_platinum.narc,133,2531,,54760,54764,15076,15080,4,df3f619804a92fdb4057192dc43dd748ea778adc52bc498ce80524c014b81119,00000000,,,,,False,,,,,,,,,,False,False
/application/zukanlist/zkn_data/zukan_enc_platinum.narc,/application/zukanlist/zkn_data/zukan_enc_platinum.narc!/member_02532,0,/application/zukanlist/zkn_data/zukan_enc_platinum.narc,133,2532,,54764,54768,15080,15084,4,df3f619804a92fdb4057192dc43dd748ea778adc52bc498ce80524c014b81119,00000000,,,,,False,,,,,,,,,,False,False
/application/zukanlist/zkn_data/zukan_enc_platinum.narc,/application/zukanlist/zkn_data/zukan_enc_platinum.narc!/member_02533,0,/application/zukanlist/zkn_data/zukan_enc_platinum.narc,133,2533,,54768,54828,15084,15144,60,50df72c2b423acebe75fb7d03e92dd80f74fc982c33f15353fce9ae853d05464,020000000e0000000f00000010000000,,,,,False,,,,,,,,,,False,False
/application/zukanlist/zkn_data/zukan_enc_platinum.narc,/application/zukanlist/zkn_data/zukan_enc_platinum.narc!/member_02534,0,/application/zukanlist/zkn_data/zukan_enc_platinum.narc,133,2534,,54828,54888,15144,15204,60,50df72c2b423acebe75fb7d03e92dd80f74fc982c33f15353fce9ae853d05464,020000000e0000000f00000010000000,,,,,False,,,,,,,,,,False,False
/application/zukanlist/zkn_data/zukan_enc_platinum.narc,/application/zukanlist/zkn_data/zukan_enc_platinum.narc!/member_02535,0,/application/zukanlist/zkn_data/zukan_enc_platinum.narc,133,2535,,54888,54892,15204,15208,4,df3f619804a92fdb4057192dc43dd748ea778adc52bc498ce80524c014b81119,00000000,,,,,False,,,,,,,,,,False,False
/application/zukanlist/zkn_data/zukan_enc_platinum.narc,/application/zukanlist/zkn_data/zukan_enc_platinum.narc!/member_02536,0,/application/zukanlist/zkn_data/zukan_enc_platinum.narc,133,2536,,54892,54896,15208,15212,4,df3f619804a92fdb4057192dc43dd748ea778adc52bc498ce80524c014b81119,00000000,,,,,False,,,,,,,,,,False,False
/application/zukanlist/zkn_data/zukan_enc_platinum.narc,/application/zukanlist/zkn_data/zukan_enc_platinum.narc!/member_02537,0,/application/zukanlist/zkn_data/zukan_enc_platinum.narc,133,2537,,54896,54900,15212,15216,4,df3f619804a92fdb4057192dc43dd748ea778adc52bc498ce80524c014b81119,00000000,,,,,False,,,,,,,,,,False,False
/application/zukanlist/zkn_data/zukan_enc_platinum.narc,/application/zukanlist/zkn_data/zukan_enc_platinum.narc!/member_02538,0,/application/zukanlist/zkn_data/zukan_enc_platinum.narc,133,2538,,54900,54904,15216,15220,4,df3f619804a92fdb4057192dc43dd748ea778adc52bc498ce80524c014b81119,00000000,,,,,False,,,,,,,,,,False,False
/application/zukanlist/zkn_data/zukan_enc_platinum.narc,/application/zukanlist/zkn_data/zukan_enc_platinum.narc!/member_02539,0,/application/zukanlist/zkn_data/zukan_enc_platinum.narc,133,2539,,54904,54916,15220,15232,12,066e06701fcce07f9fc2d55ca20ae9544ec2705cbec3a6b8d19c51aa4f0054ea,280000002900000000000000,,,,,True,Nintendo Huffman 8-bit,Probable,False,41,,,,,,False,False
/application/zukanlist/zkn_data/zukan_enc_platinum.narc,/application/zukanlist/zkn_data/zukan_enc_platinum.narc!/member_02540,0,/application/zukanlist/zkn_data/zukan_enc_platinum.narc,133,2540,,54916,54928,15232,15244,12,066e06701fcce07f9fc2d55ca20ae9544ec2705cbec3a6b8d19c51aa4f0054ea,280000002900000000000000,,,,,True,Nintendo Huffman 8-bit,Probable,False,41,,,,,,False,False
/application/zukanlist/zkn_data/zukan_enc_platinum.narc,/application/zukanlist/zkn_data/zukan_enc_platinum.narc!/member_02541,0,/application/zukanlist/zkn_data/zukan_enc_platinum.narc,133,2541,,54928,54932,15244,15248,4,df3f619804a92fdb4057192dc43dd748ea778adc52bc498ce80524c014b81119,00000000,,,,,False,,,,,,,,,,False,False
/application/zukanlist/zkn_data/zukan_enc_platinum.narc,/application/zukanlist/zkn_data/zukan_enc_platinum.narc!/member_02542,0,/application/zukanlist/zkn_data/zukan_enc_platinum.narc,133,2542,,54932,54944,15248,15260,12,f3eaf50b7b9910204c0c72c73353ea7575297acc9bad11552e158f673c31387d,0e0000001f00000000000000,,,,,False,,,,,,,,,,False,False
/application/zukanlist/zkn_data/zukan_enc_platinum.narc,/application/zukanlist/zkn_data/zukan_enc_platinum.narc!/member_02543,0,/application/zukanlist/zkn_data/zukan_enc_platinum.narc,133,2543,,54944,54952,15260,15268,8,d5cc13b299a327f47cd6361d0441d7edb9d48568f33b460ba17f6a4e3a2ef7ae,1f00000000000000,,,,,False,,,,,,,,,,False,False
/application/zukanlist/zkn_data/zukan_enc_platinum.narc,/application/zukanlist/zkn_data/zukan_enc_platinum.narc!/member_02544,0,/application/zukanlist/zkn_data/zukan_enc_platinum.narc,133,2544,,54952,54956,15268,15272,4,df3f619804a92fdb4057192dc43dd748ea778adc52bc498ce80524c014b81119,00000000,,,,,False,,,,,,,,,,False,False
/application/zukanlist/zkn_data/zukan_enc_platinum.narc,/application/zukanlist/zkn_data/zukan_enc_platinum.narc!/member_02545,0,/application/zukanlist/zkn_data/zukan_enc_platinum.narc,133,2545,,54956,54976,15272,15292,20,ba85d468169a845f91991d6a3b289380296bd101e6f9a5bd0f9fe5cac4876ca2,13000000140000001800000019000000,,,,,False,,,,,,,,,,False,False
/application/zukanlist/zkn_data/zukan_enc_platinum.narc,/application/zukanlist/zkn_data/zukan_enc_platinum.narc!/member_02546,0,/application/zukanlist/zkn_data/zukan_enc_platinum.narc,133,2546,,54976,54996,15292,15312,20,e96a6a5222c4c07580141b81255290169f7d15bb7277fb7268138a59434e86ef,180000001a0000002700000030000000,,,,,False,,,,,,,,,,False,False
/application/zukanlist/zkn_data/zukan_enc_platinum.narc,/application/zukanlist/zkn_data/zukan_enc_platinum.narc!/member_02547,0,/application/zukanlist/zkn_data/zukan_enc_platinum.narc,133,2547,,54996,55000,15312,15316,4,df3f619804a92fdb4057192dc43dd748ea778adc52bc498ce80524c014b81119,00000000,,,,,False,,,,,,,,,,False,False
/application/zukanlist/zkn_data/zukan_enc_platinum.narc,/application/zukanlist/zkn_data/zukan_enc_platinum.narc!/member_02548,0,/application/zukanlist/zkn_data/zukan_enc_platinum.narc,133,2548,,55000,55012,15316,15328,12,050e32e2ea97d490444d9b4935c9d5d0832227ef37210dbabec6d29f07bf9805,260000003100000000000000,,,,,False,,,,,,,,,,False,False
/application/zukanlist/zkn_data/zukan_enc_platinum.narc,/application/zukanlist/zkn_data/zukan_enc_platinum.narc!/member_02549,0,/application/zukanlist/zkn_data/zukan_enc_platinum.narc,133,2549,,55012,55024,15328,15340,12,050e32e2ea97d490444d9b4935c9d5d0832227ef37210dbabec6d29f07bf9805,260000003100000000000000,,,,,False,,,,,,,,,,False,False
/application/zukanlist/zkn_data/zukan_enc_platinum.narc,/application/zukanlist/zkn_data/zukan_enc_platinum.narc!/member_02550,0,/application/zukanlist/zkn_data/zukan_enc_platinum.narc,133,2550,,55024,55028,15340,15344,4,df3f619804a92fdb4057192dc43dd748ea778adc52bc498ce80524c014b81119,00000000,,,,,False,,,,,,,,,,False,False
/application/zukanlist/zkn_data/zukan_enc_platinum.narc,/application/zukanlist/zkn_data/zukan_enc_platinum.narc!/member_02551,0,/application/zukanlist/zkn_data/zukan_enc_platinum.narc,133,2551,,55028,55088,15344,15404,60,5bc99e26232c0ddca505c0c2c84589543af35ffbf7ab9db4cc78f12cbd508f9b,01000000030000000400000006000000,,,,,False,,,,,,,,,,False,False
/application/zukanlist/zkn_data/zukan_enc_platinum.narc,/application/zukanlist/zkn_data/zukan_enc_platinum.narc!/member_02552,0,/application/zukanlist/zkn_data/zukan_enc_platinum.narc,133,2552,,55088,55168,15404,15484,80,02e26cb329deaac108bb921395881d430a13d32820fa58a709858efb24107f30,01000000030000000400000005000000,,,,,False,,,,,,,,,,False,False
/application/zukanlist/zkn_data/zukan_enc_platinum.narc,/application/zukanlist/zkn_data/zukan_enc_platinum.narc!/member_02553,0,/application/zukanlist/zkn_data/zukan_enc_platinum.narc,133,2553,,55168,55188,15484,15504,20,5339ff809f6ff60906c95b0e694b57af22e044d56634d0510098a4bcb1d76853,1300000014000000170000001e000000,,,,,False,,,,,,,,,,False,False
/application/zukanlist/zkn_data/zukan_enc_platinum.narc,/application/zukanlist/zkn_data/zukan_enc_platinum.narc!/member_02554,0,/application/zukanlist/zkn_data/zukan_enc_platinum.narc,133,2554,,55188,55220,15504,15536,32,c693498378f01e12f435a61695ff2db8578434d0b7a635713e58de38a1ae53b4,080000001a0000001e00000020000000,,,,,False,,,,,,,,,,False,False
/application/zukanlist/zkn_data/zukan_enc_platinum.narc,/application/zukanlist/zkn_data/zukan_enc_platinum.narc!/member_02555,0,/application/zukanlist/zkn_data/zukan_enc_platinum.narc,133,2555,,55220,55224,15536,15540,4,df3f619804a92fdb4057192dc43dd748ea778adc52bc498ce80524c014b81119,00000000,,,,,False,,,,,,,,,,False,False
/application/zukanlist/zkn_data/zukan_enc_platinum.narc,/application/zukanlist/zkn_data/zukan_enc_platinum.narc!/member_02556,0,/application/zukanlist/zkn_data/zukan_enc_platinum.narc,133,2556,,55224,55240,15540,15556,16,3213e68ea9ea3c4ff567bccac9f4da5360111837e841cc4bf709330193f094cb,13000000140000001700000000000000,,,,,False,,,,,,,,,,False,False
/application/zukanlist/zkn_data/zukan_enc_platinum.narc,/application/zukanlist/zkn_data/zukan_enc_platinum.narc!/member_02557,0,/application/zukanlist/zkn_data/zukan_enc_platinum.narc,133,2557,,55240,55244,15556,15560,4,df3f619804a92fdb4057192dc43dd748ea778adc52bc498ce80524c014b81119,00000000,,,,,False,,,,,,,,,,False,False
/application/zukanlist/zkn_data/zukan_enc_platinum.narc,/application/zukanlist/zkn_data/zukan_enc_platinum.narc!/member_02558,0,/application/zukanlist/zkn_data/zukan_enc_platinum.narc,133,2558,,55244,55248,15560,15564,4,df3f619804a92fdb4057192dc43dd748ea778adc52bc498ce80524c014b81119,00000000,,,,,False,,,,,,,,,,False,False
/application/zukanlist/zkn_data/zukan_enc_platinum.narc,/application/zukanlist/zkn_data/zukan_enc_platinum.narc!/member_02559,0,/application/zukanlist/zkn_data/zukan_enc_platinum.narc,133,2559,,55248,55252,15564,15568,4,df3f619804a92fdb4057192dc43dd748ea778adc52bc498ce80524c014b81119,00000000,,,,,False,,,,,,,,,,False,False
/application/zukanlist/zkn_data/zukan_enc_platinum.narc,/application/zukanlist/zkn_data/zukan_enc_platinum.narc!/member_02560,0,/application/zukanlist/zkn_data/zukan_enc_platinum.narc,133,2560,,55252,55264,15568,15580,12,c37b628320c3bad238a88cfd7c041a4688b422aff711bf5bc7a8c48bc750403a,070000002500000000000000,,,,,False,,,,,,,,,,False,False
/application/zukanlist/zkn_data/zukan_enc_platinum.narc,/application/zukanlist/zkn_data/zukan_enc_platinum.narc!/member_02561,0,/application/zukanlist/zkn_data/zukan_enc_platinum.narc,133,2561,,55264,55272,15580,15588,8,2f717924a0d2847aa264ae9d76457847bbf5916d3298045ab0ffc45be8f4c228,2500000000000000,,,,,False,,,,,,,,,,False,False
/application/zukanlist/zkn_data/zukan_enc_platinum.narc,/application/zukanlist/zkn_data/zukan_enc_platinum.narc!/member_02562,0,/application/zukanlist/zkn_data/zukan_enc_platinum.narc,133,2562,,55272,55276,15588,15592,4,df3f619804a92fdb4057192dc43dd748ea778adc52bc498ce80524c014b81119,00000000,,,,,False,,,,,,,,,,False,False
/application/zukanlist/zkn_data/zukan_enc_platinum.narc,/application/zukanlist/zkn_data/zukan_enc_platinum.narc!/member_02563,0,/application/zukanlist/zkn_data/zukan_enc_platinum.narc,133,2563,,55276,55280,15592,15596,4,df3f619804a92fdb4057192dc43dd748ea778adc52bc498ce80524c014b81119,00000000,,,,,False,,,,,,,,,,False,False
/application/zukanlist/zkn_data/zukan_enc_platinum.narc,/application/zukanlist/zkn_data/zukan_enc_platinum.narc!/member_02564,0,/application/zukanlist/zkn_data/zukan_enc_platinum.narc,133,2564,,55280,55284,15596,15600,4,df3f619804a92fdb4057192dc43dd748ea778adc52bc498ce80524c014b81119,00000000,,,,,False,,,,,,,,,,False,False
/application/zukanlist/zkn_data/zukan_enc_platinum.narc,/application/zukanlist/zkn_data/zukan_enc_platinum.narc!/member_02565,0,/application/zukanlist/zkn_data/zukan_enc_platinum.narc,133,2565,,55284,55288,15600,15604,4,df3f619804a92fdb4057192dc43dd748ea778adc52bc498ce80524c014b81119,00000000,,,,,False,,,,,,,,,,False,False
/application/zukanlist/zkn_data/zukan_enc_platinum.narc,/application/zukanlist/zkn_data/zukan_enc_platinum.narc!/member_02566,0,/application/zukanlist/zkn_data/zukan_enc_platinum.narc,133,2566,,55288,55292,15604,15608,4,df3f619804a92fdb4057192dc43dd748ea778adc52bc498ce80524c014b81119,00000000,,,,,False,,,,,,,,,,False,False
/application/zukanlist/zkn_data/zukan_enc_platinum.narc,/application/zukanlist/zkn_data/zukan_enc_platinum.narc!/member_02567,0,/application/zukanlist/zkn_data/zukan_enc_platinum.narc,133,2567,,55292,55296,15608,15612,4,df3f619804a92fdb4057192dc43dd748ea778adc52bc498ce80524c014b81119,00000000,,,,,False,,,,,,,,,,False,False
/application/zukanlist/zkn_data/zukan_enc_platinum.narc,/application/zukanlist/zkn_data/zukan_enc_platinum.narc!/member_02568,0,/application/zukanlist/zkn_data/zukan_enc_platinum.narc,133,2568,,55296,55300,15612,15616,4,df3f619804a92fdb4057192dc43dd748ea778adc52bc498ce80524c014b81119,00000000,,,,,False,,,,,,,,,,False,False
/application/zukanlist/zkn_data/zukan_enc_platinum.narc,/application/zukanlist/zkn_data/zukan_enc_platinum.narc!/member_02569,0,/application/zukanlist/zkn_data/zukan_enc_platinum.narc,133,2569,,55300,55316,15616,15632,16,f02a59e25f28c5430817846511bae48e7c81ec9f1fe011e02713614d466d0a88,06000000070000001100000000000000,,,,,False,,,,,,,,,,False,False
/application/zukanlist/zkn_data/zukan_enc_platinum.narc,/application/zukanlist/zkn_data/zukan_enc_platinum.narc!/member_02570,0,/application/zukanlist/zkn_data/zukan_enc_platinum.narc,133,2570,,55316,55320,15632,15636,4,df3f619804a92fdb4057192dc43dd748ea778adc52bc498ce80524c014b81119,00000000,,,,,False,,,,,,,,,,False,False
/application/zukanlist/zkn_data/zukan_enc_platinum.narc,/application/zukanlist/zkn_data/zukan_enc_platinum.narc!/member_02571,0,/application/zukanlist/zkn_data/zukan_enc_platinum.narc,133,2571,,55320,55324,15636,15640,4,df3f619804a92fdb4057192dc43dd748ea778adc52bc498ce80524c014b81119,00000000,,,,,False,,,,,,,,,,False,False
/application/zukanlist/zkn_data/zukan_enc_platinum.narc,/application/zukanlist/zkn_data/zukan_enc_platinum.narc!/member_02572,0,/application/zukanlist/zkn_data/zukan_enc_platinum.narc,133,2572,,55324,55328,15640,15644,4,df3f619804a92fdb4057192dc43dd748ea778adc52bc498ce80524c014b81119,00000000,,,,,False,,,,,,,,,,False,False
/application/zukanlist/zkn_data/zukan_enc_platinum.narc,/application/zukanlist/zkn_data/zukan_enc_platinum.narc!/member_02573,0,/application/zukanlist/zkn_data/zukan_enc_platinum.narc,133,2573,,55328,55332,15644,15648,4,df3f619804a92fdb4057192dc43dd748ea778adc52bc498ce80524c014b81119,00000000,,,,,False,,,,,,,,,,False,False
/application/zukanlist/zkn_data/zukan_enc_platinum.narc,/application/zukanlist/zkn_data/zukan_enc_platinum.narc!/member_02574,0,/application/zukanlist/zkn_data/zukan_enc_platinum.narc,133,2574,,55332,55336,15648,15652,4,df3f619804a92fdb4057192dc43dd748ea778adc52bc498ce80524c014b81119,00000000,,,,,False,,,,,,,,,,False,False
/application/zukanlist/zkn_data/zukan_enc_platinum.narc,/application/zukanlist/zkn_data/zukan_enc_platinum.narc!/member_02575,0,/application/zukanlist/zkn_data/zukan_enc_platinum.narc,133,2575,,55336,55340,15652,15656,4,df3f619804a92fdb4057192dc43dd748ea778adc52bc498ce80524c014b81119,00000000,,,,,False,,,,,,,,,,False,False
/application/zukanlist/zkn_data/zukan_enc_platinum.narc,/application/zukanlist/zkn_data/zukan_enc_platinum.narc!/member_02576,0,/application/zukanlist/zkn_data/zukan_enc_platinum.narc,133,2576,,55340,55344,15656,15660,4,df3f619804a92fdb4057192dc43dd748ea778adc52bc498ce80524c014b81119,00000000,,,,,False,,,,,,,,,,False,False
/application/zukanlist/zkn_data/zukan_enc_platinum.narc,/application/zukanlist/zkn_data/zukan_enc_platinum.narc!/member_02577,0,/application/zukanlist/zkn_data/zukan_enc_platinum.narc,133,2577,,55344,55348,15660,15664,4,df3f619804a92fdb4057192dc43dd748ea778adc52bc498ce80524c014b81119,00000000,,,,,False,,,,,,,,,,False,False
/application/zukanlist/zkn_data/zukan_enc_platinum.narc,/application/zukanlist/zkn_data/zukan_enc_platinum.narc!/member_02578,0,/application/zukanlist/zkn_data/zukan_enc_platinum.narc,133,2578,,55348,55352,15664,15668,4,df3f619804a92fdb4057192dc43dd748ea778adc52bc498ce80524c014b81119,00000000,,,,,False,,,,,,,,,,False,False
/application/zukanlist/zkn_data/zukan_enc_platinum.narc,/application/zukanlist/zkn_data/zukan_enc_platinum.narc!/member_02579,0,/application/zukanlist/zkn_data/zukan_enc_platinum.narc,133,2579,,55352,55356,15668,15672,4,df3f619804a92fdb4057192dc43dd748ea778adc52bc498ce80524c014b81119,00000000,,,,,False,,,,,,,,,,False,False
/application/zukanlist/zkn_data/zukan_enc_platinum.narc,/application/zukanlist/zkn_data/zukan_enc_platinum.narc!/member_02580,0,/application/zukanlist/zkn_data/zukan_enc_platinum.narc,133,2580,,55356,55360,15672,15676,4,df3f619804a92fdb4057192dc43dd748ea778adc52bc498ce80524c014b81119,00000000,,,,,False,,,,,,,,,,False,False
/application/zukanlist/zkn_data/zukan_enc_platinum.narc,/application/zukanlist/zkn_data/zukan_enc_platinum.narc!/member_02581,0,/application/zukanlist/zkn_data/zukan_enc_platinum.narc,133,2581,,55360,55364,15676,15680,4,df3f619804a92fdb4057192dc43dd748ea778adc52bc498ce80524c014b81119,00000000,,,,,False,,,,,,,,,,False,False
/application/zukanlist/zkn_data/zukan_enc_platinum.narc,/application/zukanlist/zkn_data/zukan_enc_platinum.narc!/member_02582,0,/application/zukanlist/zkn_data/zukan_enc_platinum.narc,133,2582,,55364,55368,15680,15684,4,df3f619804a92fdb4057192dc43dd748ea778adc52bc498ce80524c014b81119,00000000,,,,,False,,,,,,,,,,False,False
/application/zukanlist/zkn_data/zukan_enc_platinum.narc,/application/zukanlist/zkn_data/zukan_enc_platinum.narc!/member_02583,0,/application/zukanlist/zkn_data/zukan_enc_platinum.narc,133,2583,,55368,55372,15684,15688,4,df3f619804a92fdb4057192dc43dd748ea778adc52bc498ce80524c014b81119,00000000,,,,,False,,,,,,,,,,False,False
/application/zukanlist/zkn_data/zukan_enc_platinum.narc,/application/zukanlist/zkn_data/zukan_enc_platinum.narc!/member_02584,0,/application/zukanlist/zkn_data/zukan_enc_platinum.narc,133,2584,,55372,55376,15688,15692,4,df3f619804a92fdb4057192dc43dd748ea778adc52bc498ce80524c014b81119,00000000,,,,,False,,,,,,,,,,False,False
/application/zukanlist/zkn_data/zukan_enc_platinum.narc,/application/zukanlist/zkn_data/zukan_enc_platinum.narc!/member_02585,0,/application/zukanlist/zkn_data/zukan_enc_platinum.narc,133,2585,,55376,55380,15692,15696,4,df3f619804a92fdb4057192dc43dd748ea778adc52bc498ce80524c014b81119,00000000,,,,,False,,,,,,,,,,False,False
/application/zukanlist/zkn_data/zukan_enc_platinum.narc,/application/zukanlist/zkn_data/zukan_enc_platinum.narc!/member_02586,0,/application/zukanlist/zkn_data/zukan_enc_platinum.narc,133,2586,,55380,55384,15696,15700,4,df3f619804a92fdb4057192dc43dd748ea778adc52bc498ce80524c014b81119,00000000,,,,,False,,,,,,,,,,False,False
/application/zukanlist/zkn_data/zukan_enc_platinum.narc,/application/zukanlist/zkn_data/zukan_enc_platinum.narc!/member_02587,0,/application/zukanlist/zkn_data/zukan_enc_platinum.narc,133,2587,,55384,55392,15700,15708,8,d5cc13b299a327f47cd6361d0441d7edb9d48568f33b460ba17f6a4e3a2ef7ae,1f00000000000000,,,,,False,,,,,,,,,,False,False
/application/zukanlist/zkn_data/zukan_enc_platinum.narc,/application/zukanlist/zkn_data/zukan_enc_platinum.narc!/member_02588,0,/application/zukanlist/zkn_data/zukan_enc_platinum.narc,133,2588,,55392,55396,15708,15712,4,df3f619804a92fdb4057192dc43dd748ea778adc52bc498ce80524c014b81119,00000000,,,,,False,,,,,,,,,,False,False
/application/zukanlist/zkn_data/zukan_enc_platinum.narc,/application/zukanlist/zkn_data/zukan_enc_platinum.narc!/member_02589,0,/application/zukanlist/zkn_data/zukan_enc_platinum.narc,133,2589,,55396,55408,15712,15724,12,82845f601ec6f67c6123951adc94a3a015e24cb0ab292fb289695e981c4a6a7a,080000002800000000000000,,,,,False,,,,,,,,,,False,False
/application/zukanlist/zkn_data/zukan_enc_platinum.narc,/application/zukanlist/zkn_data/zukan_enc_platinum.narc!/member_02590,0,/application/zukanlist/zkn_data/zukan_enc_platinum.narc,133,2590,,55408,55424,15724,15740,16,43ab0b0fa64c459a7e5e8eec7409c4054fdd85d6cc1435318427e8b7be8a656c,080000001e0000002800000000000000,,,,,False,,,,,,,,,,False,False
/application/zukanlist/zkn_data/zukan_enc_platinum.narc,/application/zukanlist/zkn_data/zukan_enc_platinum.narc!/member_02591,0,/application/zukanlist/zkn_data/zukan_enc_platinum.narc,133,2591,,55424,55440,15740,15756,16,c081698ecbc147b7a7bf91906a7c80b6cdbf7118afa1d59efee6ddb16a2606c8,08000000280000002900000000000000,,,,,False,,,,,,,,,,False,False
/application/zukanlist/zkn_data/zukan_enc_platinum.narc,/application/zukanlist/zkn_data/zukan_enc_platinum.narc!/member_02592,0,/application/zukanlist/zkn_data/zukan_enc_platinum.narc,133,2592,,55440,55452,15756,15768,12,8274d6cd5c457eb9d21d15ef7fc534c460554c75de83491091c05d37d1934bf7,160000001700000000000000,,,,,False,,,,,,,,,,False,False
/application/zukanlist/zkn_data/zukan_enc_platinum.narc,/application/zukanlist/zkn_data/zukan_enc_platinum.narc!/member_02593,0,/application/zukanlist/zkn_data/zukan_enc_platinum.narc,133,2593,,55452,55456,15768,15772,4,df3f619804a92fdb4057192dc43dd748ea778adc52bc498ce80524c014b81119,00000000,,,,,False,,,,,,,,,,False,False
/application/zukanlist/zkn_data/zukan_enc_platinum.narc,/application/zukanlist/zkn_data/zukan_enc_platinum.narc!/member_02594,0,/application/zukanlist/zkn_data/zukan_enc_platinum.narc,133,2594,,55456,55460,15772,15776,4,df3f619804a92fdb4057192dc43dd748ea778adc52bc498ce80524c014b81119,00000000,,,,,False,,,,,,,,,,False,False
/application/zukanlist/zkn_data/zukan_enc_platinum.narc,/application/zukanlist/zkn_data/zukan_enc_platinum.narc!/member_02595,0,/application/zukanlist/zkn_data/zukan_enc_platinum.narc,133,2595,,55460,55468,15776,15784,8,4779cee98e83f1a1592de4f293107545fabab96772e43de89f3437b35f08938f,3000000000000000,,Nintendo RLE,Probable,,True,Nintendo RLE,Probable,False,0,,,,,,False,False
/application/zukanlist/zkn_data/zukan_enc_platinum.narc,/application/zukanlist/zkn_data/zukan_enc_platinum.narc!/member_02596,0,/application/zukanlist/zkn_data/zukan_enc_platinum.narc,133,2596,,55468,55476,15784,15792,8,4779cee98e83f1a1592de4f293107545fabab96772e43de89f3437b35f08938f,3000000000000000,,Nintendo RLE,Probable,,True,Nintendo RLE,Probable,False,0,,,,,,False,False
/application/zukanlist/zkn_data/zukan_enc_platinum.narc,/application/zukanlist/zkn_data/zukan_enc_platinum.narc!/member_02597,0,/application/zukanlist/zkn_data/zukan_enc_platinum.narc,133,2597,,55476,55520,15792,15836,44,eba967e815382a61de6422086bcca7cc7a6a4e5b63d6af97f1fbcea5d2367762,0e0000000f0000001000000015000000,,,,,False,,,,,,,,,,False,False
/application/zukanlist/zkn_data/zukan_enc_platinum.narc,/application/zukanlist/zkn_data/zukan_enc_platinum.narc!/member_02598,0,/application/zukanlist/zkn_data/zukan_enc_platinum.narc,133,2598,,55520,55564,15836,15880,44,eba967e815382a61de6422086bcca7cc7a6a4e5b63d6af97f1fbcea5d2367762,0e0000000f0000001000000015000000,,,,,False,,,,,,,,,,False,False
/application/zukanlist/zkn_data/zukan_enc_platinum.narc,/application/zukanlist/zkn_data/zukan_enc_platinum.narc!/member_02599,0,/application/zukanlist/zkn_data/zukan_enc_platinum.narc,133,2599,,55564,55576,15880,15892,12,26e932d7918278fb621172cc61dee1659b87da039613f6212f4959d013f243cd,010000000400000000000000,,,,,False,,,,,,,,,,False,False
/application/zukanlist/zkn_data/zukan_enc_platinum.narc,/application/zukanlist/zkn_data/zukan_enc_platinum.narc!/member_02600,0,/application/zukanlist/zkn_data/zukan_enc_platinum.narc,133,2600,,55576,55580,15892,15896,4,df3f619804a92fdb4057192dc43dd748ea778adc52bc498ce80524c014b81119,00000000,,,,,False,,,,,,,,,,False,False
/application/zukanlist/zkn_data/zukan_enc_platinum.narc,/application/zukanlist/zkn_data/zukan_enc_platinum.narc!/member_02601,0,/application/zukanlist/zkn_data/zukan_enc_platinum.narc,133,2601,,55580,55588,15896,15904,8,280263b8515b99c473d9685d1fca1b992ae0949c742ba11c9ba625d9cd984506,2200000000000000,,,,,False,,,,,,,,,,False,False
/application/zukanlist/zkn_data/zukan_enc_platinum.narc,/application/zukanlist/zkn_data/zukan_enc_platinum.narc!/member_02602,0,/application/zukanlist/zkn_data/zukan_enc_platinum.narc,133,2602,,55588,55604,15904,15920,16,a5c0bc9068de72e852fa8c60ecfb2bb7a08e2fd7b489556ca297fff8f667379d,17000000180000001f00000000000000,,,,,False,,,,,,,,,,False,False
/application/zukanlist/zkn_data/zukan_enc_platinum.narc,/application/zukanlist/zkn_data/zukan_enc_platinum.narc!/member_02603,0,/application/zukanlist/zkn_data/zukan_enc_platinum.narc,133,2603,,55604,55608,15920,15924,4,df3f619804a92fdb4057192dc43dd748ea778adc52bc498ce80524c014b81119,00000000,,,,,False,,,,,,,,,,False,False
/application/zukanlist/zkn_data/zukan_enc_platinum.narc,/application/zukanlist/zkn_data/zukan_enc_platinum.narc!/member_02604,0,/application/zukanlist/zkn_data/zukan_enc_platinum.narc,133,2604,,55608,55616,15924,15932,8,2f717924a0d2847aa264ae9d76457847bbf5916d3298045ab0ffc45be8f4c228,2500000000000000,,,,,False,,,,,,,,,,False,False
/application/zukanlist/zkn_data/zukan_enc_platinum.narc,/application/zukanlist/zkn_data/zukan_enc_platinum.narc!/member_02605,0,/application/zukanlist/zkn_data/zukan_enc_platinum.narc,133,2605,,55616,55624,15932,15940,8,aae89fc0f03e2959ae4d701a80cc3915918c950b159f6abb6c92c1433b1a8534,0700000000000000,,,,,False,,,,,,,,,,False,False
/application/zukanlist/zkn_data/zukan_enc_platinum.narc,/application/zukanlist/zkn_data/zukan_enc_platinum.narc!/member_02606,0,/application/zukanlist/zkn_data/zukan_enc_platinum.narc,133,2606,,55624,55628,15940,15944,4,df3f619804a92fdb4057192dc43dd748ea778adc52bc498ce80524c014b81119,00000000,,,,,False,,,,,,,,,,False,False
/application/zukanlist/zkn_data/zukan_enc_platinum.narc,/application/zukanlist/zkn_data/zukan_enc_platinum.narc!/member_02607,0,/application/zukanlist/zkn_data/zukan_enc_platinum.narc,133,2607,,55628,55632,15944,15948,4,df3f619804a92fdb4057192dc43dd748ea778adc52bc498ce80524c014b81119,00000000,,,,,False,,,,,,,,,,False,False
/application/zukanlist/zkn_data/zukan_enc_platinum.narc,/application/zukanlist/zkn_data/zukan_enc_platinum.narc!/member_02608,0,/application/zukanlist/zkn_data/zukan_enc_platinum.narc,133,2608,,55632,55780,15948,16096,148,b798f55240028a331b08e502e32378c39e0af5135ef9888029013ed89ef17a9e,01000000020000000300000004000000,,,,,False,,,,,,,,,,False,False
/application/zukanlist/zkn_data/zukan_enc_platinum.narc,/application/zukanlist/zkn_data/zukan_enc_platinum.narc!/member_02609,0,/application/zukanlist/zkn_data/zukan_enc_platinum.narc,133,2609,,55780,55924,16096,16240,144,eec175076a2f14d07683f004d617e9f898e92505cb401e197a81ceefcb0a4160,01000000020000000300000004000000,,,,,False,,,,,,,,,,False,False
/application/zukanlist/zkn_data/zukan_enc_platinum.narc,/application/zukanlist/zkn_data/zukan_enc_platinum.narc!/member_02610,0,/application/zukanlist/zkn_data/zukan_enc_platinum.narc,133,2610,,55924,55928,16240,16244,4,df3f619804a92fdb4057192dc43dd748ea778adc52bc498ce80524c014b81119,00000000,,,,,False,,,,,,,,,,False,False
/application/zukanlist/zkn_data/zukan_enc_platinum.narc,/application/zukanlist/zkn_data/zukan_enc_platinum.narc!/member_02611,0,/application/zukanlist/zkn_data/zukan_enc_platinum.narc,133,2611,,55928,55932,16244,16248,4,df3f619804a92fdb4057192dc43dd748ea778adc52bc498ce80524c014b81119,00000000,,,,,False,,,,,,,,,,False,False
/application/zukanlist/zkn_data/zukan_enc_platinum.narc,/application/zukanlist/zkn_data/zukan_enc_platinum.narc!/member_02612,0,/application/zukanlist/zkn_data/zukan_enc_platinum.narc,133,2612,,55932,55936,16248,16252,4,df3f619804a92fdb4057192dc43dd748ea778adc52bc498ce80524c014b81119,00000000,,,,,False,,,,,,,,,,False,False
/application/zukanlist/zkn_data/zukan_enc_platinum.narc,/application/zukanlist/zkn_data/zukan_enc_platinum.narc!/member_02613,0,/application/zukanlist/zkn_data/zukan_enc_platinum.narc,133,2613,,55936,55940,16252,16256,4,df3f619804a92fdb4057192dc43dd748ea778adc52bc498ce80524c014b81119,00000000,,,,,False,,,,,,,,,,False,False
/application/zukanlist/zkn_data/zukan_enc_platinum.narc,/application/zukanlist/zkn_data/zukan_enc_platinum.narc!/member_02614,0,/application/zukanlist/zkn_data/zukan_enc_platinum.narc,133,2614,,55940,55944,16256,16260,4,df3f619804a92fdb4057192dc43dd748ea778adc52bc498ce80524c014b81119,00000000,,,,,False,,,,,,,,,,False,False
/application/zukanlist/zkn_data/zukan_enc_platinum.narc,/application/zukanlist/zkn_data/zukan_enc_platinum.narc!/member_02615,0,/application/zukanlist/zkn_data/zukan_enc_platinum.narc,133,2615,,55944,55948,16260,16264,4,df3f619804a92fdb4057192dc43dd748ea778adc52bc498ce80524c014b81119,00000000,,,,,False,,,,,,,,,,False,False
/application/zukanlist/zkn_data/zukan_enc_platinum.narc,/application/zukanlist/zkn_data/zukan_enc_platinum.narc!/member_02616,0,/application/zukanlist/zkn_data/zukan_enc_platinum.narc,133,2616,,55948,55952,16264,16268,4,df3f619804a92fdb4057192dc43dd748ea778adc52bc498ce80524c014b81119,00000000,,,,,False,,,,,,,,,,False,False
/application/zukanlist/zkn_data/zukan_enc_platinum.narc,/application/zukanlist/zkn_data/zukan_enc_platinum.narc!/member_02617,0,/application/zukanlist/zkn_data/zukan_enc_platinum.narc,133,2617,,55952,55956,16268,16272,4,df3f619804a92fdb4057192dc43dd748ea778adc52bc498ce80524c014b81119,00000000,,,,,False,,,,,,,,,,False,False
/application/zukanlist/zkn_data/zukan_enc_platinum.narc,/application/zukanlist/zkn_data/zukan_enc_platinum.narc!/member_02618,0,/application/zukanlist/zkn_data/zukan_enc_platinum.narc,133,2618,,55956,55960,16272,16276,4,df3f619804a92fdb4057192dc43dd748ea778adc52bc498ce80524c014b81119,00000000,,,,,False,,,,,,,,,,False,False
/application/zukanlist/zkn_data/zukan_enc_platinum.narc,/application/zukanlist/zkn_data/zukan_enc_platinum.narc!/member_02619,0,/application/zukanlist/zkn_data/zukan_enc_platinum.narc,133,2619,,55960,55964,16276,16280,4,df3f619804a92fdb4057192dc43dd748ea778adc52bc498ce80524c014b81119,00000000,,,,,False,,,,,,,,,,False,False
/application/zukanlist/zkn_data/zukan_enc_platinum.narc,/application/zukanlist/zkn_data/zukan_enc_platinum.narc!/member_02620,0,/application/zukanlist/zkn_data/zukan_enc_platinum.narc,133,2620,,55964,55968,16280,16284,4,df3f619804a92fdb4057192dc43dd748ea778adc52bc498ce80524c014b81119,00000000,,,,,False,,,,,,,,,,False,False
/application/zukanlist/zkn_data/zukan_enc_platinum.narc,/application/zukanlist/zkn_data/zukan_enc_platinum.narc!/member_02621,0,/application/zukanlist/zkn_data/zukan_enc_platinum.narc,133,2621,,55968,55972,16284,16288,4,df3f619804a92fdb4057192dc43dd748ea778adc52bc498ce80524c014b81119,00000000,,,,,False,,,,,,,,,,False,False
/application/zukanlist/zkn_data/zukan_enc_platinum.narc,/application/zukanlist/zkn_data/zukan_enc_platinum.narc!/member_02622,0,/application/zukanlist/zkn_data/zukan_enc_platinum.narc,133,2622,,55972,55976,16288,16292,4,df3f619804a92fdb4057192dc43dd748ea778adc52bc498ce80524c014b81119,00000000,,,,,False,,,,,,,,,,False,False
/application/zukanlist/zkn_data/zukan_enc_platinum.narc,/application/zukanlist/zkn_data/zukan_enc_platinum.narc!/member_02623,0,/application/zukanlist/zkn_data/zukan_enc_platinum.narc,133,2623,,55976,55980,16292,16296,4,df3f619804a92fdb4057192dc43dd748ea778adc52bc498ce80524c014b81119,00000000,,,,,False,,,,,,,,,,False,False
/application/zukanlist/zkn_data/zukan_enc_platinum.narc,/application/zukanlist/zkn_data/zukan_enc_platinum.narc!/member_02624,0,/application/zukanlist/zkn_data/zukan_enc_platinum.narc,133,2624,,55980,55984,16296,16300,4,df3f619804a92fdb4057192dc43dd748ea778adc52bc498ce80524c014b81119,00000000,,,,,False,,,,,,,,,,False,False
/application/zukanlist/zkn_data/zukan_enc_platinum.narc,/application/zukanlist/zkn_data/zukan_enc_platinum.narc!/member_02625,0,/application/zukanlist/zkn_data/zukan_enc_platinum.narc,133,2625,,55984,55988,16300,16304,4,df3f619804a92fdb4057192dc43dd748ea778adc52bc498ce80524c014b81119,00000000,,,,,False,,,,,,,,,,False,False
/application/zukanlist/zkn_data/zukan_enc_platinum.narc,/application/zukanlist/zkn_data/zukan_enc_platinum.narc!/member_02626,0,/application/zukanlist/zkn_data/zukan_enc_platinum.narc,133,2626,,55988,55992,16304,16308,4,df3f619804a92fdb4057192dc43dd748ea778adc52bc498ce80524c014b81119,00000000,,,,,False,,,,,,,,,,False,False
/application/zukanlist/zkn_data/zukan_enc_platinum.narc,/application/zukanlist/zkn_data/zukan_enc_platinum.narc!/member_02627,0,/application/zukanlist/zkn_data/zukan_enc_platinum.narc,133,2627,,55992,55996,16308,16312,4,df3f619804a92fdb4057192dc43dd748ea778adc52bc498ce80524c014b81119,00000000,,,,,False,,,,,,,,,,False,False
/application/zukanlist/zkn_data/zukan_enc_platinum.narc,/application/zukanlist/zkn_data/zukan_enc_platinum.narc!/member_02628,0,/application/zukanlist/zkn_data/zukan_enc_platinum.narc,133,2628,,55996,56000,16312,16316,4,df3f619804a92fdb4057192dc43dd748ea778adc52bc498ce80524c014b81119,00000000,,,,,False,,,,,,,,,,False,False
/application/zukanlist/zkn_data/zukan_enc_platinum.narc,/application/zukanlist/zkn_data/zukan_enc_platinum.narc!/member_02629,0,/application/zukanlist/zkn_data/zukan_enc_platinum.narc,133,2629,,56000,56004,16316,16320,4,df3f619804a92fdb4057192dc43dd748ea778adc52bc498ce80524c014b81119,00000000,,,,,False,,,,,,,,,,False,False
/application/zukanlist/zkn_data/zukan_enc_platinum.narc,/application/zukanlist/zkn_data/zukan_enc_platinum.narc!/member_02630,0,/application/zukanlist/zkn_data/zukan_enc_platinum.narc,133,2630,,56004,56008,16320,16324,4,df3f619804a92fdb4057192dc43dd748ea778adc52bc498ce80524c014b81119,00000000,,,,,False,,,,,,,,,,False,False
/application/zukanlist/zkn_data/zukan_enc_platinum.narc,/application/zukanlist/zkn_data/zukan_enc_platinum.narc!/member_02631,0,/application/zukanlist/zkn_data/zukan_enc_platinum.narc,133,2631,,56008,56012,16324,16328,4,df3f619804a92fdb4057192dc43dd748ea778adc52bc498ce80524c014b81119,00000000,,,,,False,,,,,,,,,,False,False
/application/zukanlist/zkn_data/zukan_enc_platinum.narc,/application/zukanlist/zkn_data/zukan_enc_platinum.narc!/member_02632,0,/application/zukanlist/zkn_data/zukan_enc_platinum.narc,133,2632,,56012,56016,16328,16332,4,df3f619804a92fdb4057192dc43dd748ea778adc52bc498ce80524c014b81119,00000000,,,,,False,,,,,,,,,,False,False
/application/zukanlist/zkn_data/zukan_enc_platinum.narc,/application/zukanlist/zkn_data/zukan_enc_platinum.narc!/member_02633,0,/application/zukanlist/zkn_data/zukan_enc_platinum.narc,133,2633,,56016,56020,16332,16336,4,df3f619804a92fdb4057192dc43dd748ea778adc52bc498ce80524c014b81119,00000000,,,,,False,,,,,,,,,,False,False
/application/zukanlist/zkn_data/zukan_enc_platinum.narc,/application/zukanlist/zkn_data/zukan_enc_platinum.narc!/member_02634,0,/application/zukanlist/zkn_data/zukan_enc_platinum.narc,133,2634,,56020,56024,16336,16340,4,df3f619804a92fdb4057192dc43dd748ea778adc52bc498ce80524c014b81119,00000000,,,,,False,,,,,,,,,,False,False
/application/zukanlist/zkn_data/zukan_enc_platinum.narc,/application/zukanlist/zkn_data/zukan_enc_platinum.narc!/member_02635,0,/application/zukanlist/zkn_data/zukan_enc_platinum.narc,133,2635,,56024,56028,16340,16344,4,df3f619804a92fdb4057192dc43dd748ea778adc52bc498ce80524c014b81119,00000000,,,,,False,,,,,,,,,,False,False
/application/zukanlist/zkn_data/zukan_enc_platinum.narc,/application/zukanlist/zkn_data/zukan_enc_platinum.narc!/member_02636,0,/application/zukanlist/zkn_data/zukan_enc_platinum.narc,133,2636,,56028,56032,16344,16348,4,df3f619804a92fdb4057192dc43dd748ea778adc52bc498ce80524c014b81119,00000000,,,,,False,,,,,,,,,,False,False
/application/zukanlist/zkn_data/zukan_enc_platinum.narc,/application/zukanlist/zkn_data/zukan_enc_platinum.narc!/member_02637,0,/application/zukanlist/zkn_data/zukan_enc_platinum.narc,133,2637,,56032,56036,16348,16352,4,df3f619804a92fdb4057192dc43dd748ea778adc52bc498ce80524c014b81119,00000000,,,,,False,,,,,,,,,,False,False
/application/zukanlist/zkn_data/zukan_enc_platinum.narc,/application/zukanlist/zkn_data/zukan_enc_platinum.narc!/member_02638,0,/application/zukanlist/zkn_data/zukan_enc_platinum.narc,133,2638,,56036,56040,16352,16356,4,df3f619804a92fdb4057192dc43dd748ea778adc52bc498ce80524c014b81119,00000000,,,,,False,,,,,,,,,,False,False
/application/zukanlist/zkn_data/zukan_enc_platinum.narc,/application/zukanlist/zkn_data/zukan_enc_platinum.narc!/member_02639,0,/application/zukanlist/zkn_data/zukan_enc_platinum.narc,133,2639,,56040,56044,16356,16360,4,df3f619804a92fdb4057192dc43dd748ea778adc52bc498ce80524c014b81119,00000000,,,,,False,,,,,,,,,,False,False
/application/zukanlist/zkn_data/zukan_enc_platinum.narc,/application/zukanlist/zkn_data/zukan_enc_platinum.narc!/member_02640,0,/application/zukanlist/zkn_data/zukan_enc_platinum.narc,133,2640,,56044,56048,16360,16364,4,df3f619804a92fdb4057192dc43dd748ea778adc52bc498ce80524c014b81119,00000000,,,,,False,,,,,,,,,,False,False
/application/zukanlist/zkn_data/zukan_enc_platinum.narc,/application/zukanlist/zkn_data/zukan_enc_platinum.narc!/member_02641,0,/application/zukanlist/zkn_data/zukan_enc_platinum.narc,133,2641,,56048,56052,16364,16368,4,df3f619804a92fdb4057192dc43dd748ea778adc52bc498ce80524c014b81119,00000000,,,,,False,,,,,,,,,,False,False
/application/zukanlist/zkn_data/zukan_enc_platinum.narc,/application/zukanlist/zkn_data/zukan_enc_platinum.narc!/member_02642,0,/application/zukanlist/zkn_data/zukan_enc_platinum.narc,133,2642,,56052,56056,16368,16372,4,df3f619804a92fdb4057192dc43dd748ea778adc52bc498ce80524c014b81119,00000000,,,,,False,,,,,,,,,,False,False
/application/zukanlist/zkn_data/zukan_enc_platinum.narc,/application/zukanlist/zkn_data/zukan_enc_platinum.narc!/member_02643,0,/application/zukanlist/zkn_data/zukan_enc_platinum.narc,133,2643,,56056,56060,16372,16376,4,df3f619804a92fdb4057192dc43dd748ea778adc52bc498ce80524c014b81119,00000000,,,,,False,,,,,,,,,,False,False
/application/zukanlist/zkn_data/zukan_enc_platinum.narc,/application/zukanlist/zkn_data/zukan_enc_platinum.narc!/member_02644,0,/application/zukanlist/zkn_data/zukan_enc_platinum.narc,133,2644,,56060,56064,16376,16380,4,df3f619804a92fdb4057192dc43dd748ea778adc52bc498ce80524c014b81119,00000000,,,,,False,,,,,,,,,,False,False
/application/zukanlist/zkn_data/zukan_enc_platinum.narc,/application/zukanlist/zkn_data/zukan_enc_platinum.narc!/member_02645,0,/application/zukanlist/zkn_data/zukan_enc_platinum.narc,133,2645,,56064,56072,16380,16388,8,ed049108bc18f2c64369e8d0ea42850bdd1a7d1dd340cfde716315579702a76c,2a00000000000000,,,,,False,,,,,,,,,,False,False
/application/zukanlist/zkn_data/zukan_enc_platinum.narc,/application/zukanlist/zkn_data/zukan_enc_platinum.narc!/member_02646,0,/application/zukanlist/zkn_data/zukan_enc_platinum.narc,133,2646,,56072,56076,16388,16392,4,df3f619804a92fdb4057192dc43dd748ea778adc52bc498ce80524c014b81119,00000000,,,,,False,,,,,,,,,,False,False
/application/zukanlist/zkn_data/zukan_enc_platinum.narc,/application/zukanlist/zkn_data/zukan_enc_platinum.narc!/member_02647,0,/application/zukanlist/zkn_data/zukan_enc_platinum.narc,133,2647,,56076,56080,16392,16396,4,df3f619804a92fdb4057192dc43dd748ea778adc52bc498ce80524c014b81119,00000000,,,,,False,,,,,,,,,,False,False
/application/zukanlist/zkn_data/zukan_enc_platinum.narc,/application/zukanlist/zkn_data/zukan_enc_platinum.narc!/member_02648,0,/application/zukanlist/zkn_data/zukan_enc_platinum.narc,133,2648,,56080,56084,16396,16400,4,df3f619804a92fdb4057192dc43dd748ea778adc52bc498ce80524c014b81119,00000000,,,,,False,,,,,,,,,,False,False
/application/zukanlist/zkn_data/zukan_enc_platinum.narc,/application/zukanlist/zkn_data/zukan_enc_platinum.narc!/member_02649,0,/application/zukanlist/zkn_data/zukan_enc_platinum.narc,133,2649,,56084,56092,16400,16408,8,6e3989bfdab9675089a296f8b974431cbf419dc763f2e14620cd2b8b03b7d741,2e00000000000000,,,,,False,,,,,,,,,,False,False
/application/zukanlist/zkn_data/zukan_enc_platinum.narc,/application/zukanlist/zkn_data/zukan_enc_platinum.narc!/member_02650,0,/application/zukanlist/zkn_data/zukan_enc_platinum.narc,133,2650,,56092,56096,16408,16412,4,df3f619804a92fdb4057192dc43dd748ea778adc52bc498ce80524c014b81119,00000000,,,,,False,,,,,,,,,,False,False
/application/zukanlist/zkn_data/zukan_enc_platinum.narc,/application/zukanlist/zkn_data/zukan_enc_platinum.narc!/member_02651,0,/application/zukanlist/zkn_data/zukan_enc_platinum.narc,133,2651,,56096,56100,16412,16416,4,df3f619804a92fdb4057192dc43dd748ea778adc52bc498ce80524c014b81119,00000000,,,,,False,,,,,,,,,,False,False
/application/zukanlist/zkn_data/zukan_enc_platinum.narc,/application/zukanlist/zkn_data/zukan_enc_platinum.narc!/member_02652,0,/application/zukanlist/zkn_data/zukan_enc_platinum.narc,133,2652,,56100,56104,16416,16420,4,df3f619804a92fdb4057192dc43dd748ea778adc52bc498ce80524c014b81119,00000000,,,,,False,,,,,,,,,,False,False
/application/zukanlist/zkn_data/zukan_enc_platinum.narc,/application/zukanlist/zkn_data/zukan_enc_platinum.narc!/member_02653,0,/application/zukanlist/zkn_data/zukan_enc_platinum.narc,133,2653,,56104,56108,16420,16424,4,df3f619804a92fdb4057192dc43dd748ea778adc52bc498ce80524c014b81119,00000000,,,,,False,,,,,,,,,,False,False
/application/zukanlist/zkn_data/zukan_enc_platinum.narc,/application/zukanlist/zkn_data/zukan_enc_platinum.narc!/member_02654,0,/application/zukanlist/zkn_data/zukan_enc_platinum.narc,133,2654,,56108,56112,16424,16428,4,df3f619804a92fdb4057192dc43dd748ea778adc52bc498ce80524c014b81119,00000000,,,,,False,,,,,,,,,,False,False
/application/zukanlist/zkn_data/zukan_enc_platinum.narc,/application/zukanlist/zkn_data/zukan_enc_platinum.narc!/member_02655,0,/application/zukanlist/zkn_data/zukan_enc_platinum.narc,133,2655,,56112,56116,16428,16432,4,df3f619804a92fdb4057192dc43dd748ea778adc52bc498ce80524c014b81119,00000000,,,,,False,,,,,,,,,,False,False
/application/zukanlist/zkn_data/zukan_enc_platinum.narc,/application/zukanlist/zkn_data/zukan_enc_platinum.narc!/member_02656,0,/application/zukanlist/zkn_data/zukan_enc_platinum.narc,133,2656,,56116,56120,16432,16436,4,df3f619804a92fdb4057192dc43dd748ea778adc52bc498ce80524c014b81119,00000000,,,,,False,,,,,,,,,,False,False
/application/zukanlist/zkn_data/zukan_enc_platinum.narc,/application/zukanlist/zkn_data/zukan_enc_platinum.narc!/member_02657,0,/application/zukanlist/zkn_data/zukan_enc_platinum.narc,133,2657,,56120,56124,16436,16440,4,df3f619804a92fdb4057192dc43dd748ea778adc52bc498ce80524c014b81119,00000000,,,,,False,,,,,,,,,,False,False
/application/zukanlist/zkn_data/zukan_enc_platinum.narc,/application/zukanlist/zkn_data/zukan_enc_platinum.narc!/member_02658,0,/application/zukanlist/zkn_data/zukan_enc_platinum.narc,133,2658,,56124,56128,16440,16444,4,df3f619804a92fdb4057192dc43dd748ea778adc52bc498ce80524c014b81119,00000000,,,,,False,,,,,,,,,,False,False
/application/zukanlist/zkn_data/zukan_enc_platinum.narc,/application/zukanlist/zkn_data/zukan_enc_platinum.narc!/member_02659,0,/application/zukanlist/zkn_data/zukan_enc_platinum.narc,133,2659,,56128,56132,16444,16448,4,df3f619804a92fdb4057192dc43dd748ea778adc52bc498ce80524c014b81119,00000000,,,,,False,,,,,,,,,,False,False
/application/zukanlist/zkn_data/zukan_enc_platinum.narc,/application/zukanlist/zkn_data/zukan_enc_platinum.narc!/member_02660,0,/application/zukanlist/zkn_data/zukan_enc_platinum.narc,133,2660,,56132,56136,16448,16452,4,df3f619804a92fdb4057192dc43dd748ea778adc52bc498ce80524c014b81119,00000000,,,,,False,,,,,,,,,,False,False
/application/zukanlist/zkn_data/zukan_enc_platinum.narc,/application/zukanlist/zkn_data/zukan_enc_platinum.narc!/member_02661,0,/application/zukanlist/zkn_data/zukan_enc_platinum.narc,133,2661,,56136,56140,16452,16456,4,df3f619804a92fdb4057192dc43dd748ea778adc52bc498ce80524c014b81119,00000000,,,,,False,,,,,,,,,,False,False
/application/zukanlist/zkn_data/zukan_enc_platinum.narc,/application/zukanlist/zkn_data/zukan_enc_platinum.narc!/member_02662,0,/application/zukanlist/zkn_data/zukan_enc_platinum.narc,133,2662,,56140,56152,16456,16468,12,1d9ec06365717ba6840f13221a1ffd5fdb054ba871eed4e4cb7036fe20fb221c,1b0000001f00000000000000,,,,,False,,,,,,,,,,False,False
/application/zukanlist/zkn_data/zukan_enc_platinum.narc,/application/zukanlist/zkn_data/zukan_enc_platinum.narc!/member_02663,0,/application/zukanlist/zkn_data/zukan_enc_platinum.narc,133,2663,,56152,56156,16468,16472,4,df3f619804a92fdb4057192dc43dd748ea778adc52bc498ce80524c014b81119,00000000,,,,,False,,,,,,,,,,False,False
/application/zukanlist/zkn_data/zukan_enc_platinum.narc,/application/zukanlist/zkn_data/zukan_enc_platinum.narc!/member_02664,0,/application/zukanlist/zkn_data/zukan_enc_platinum.narc,133,2664,,56156,56164,16472,16480,8,dd3168a635e962767dc4501dcef1d88bdfd9825d9c5a55d01dff715e7da9b5ec,2400000000000000,,,,,True,Nintendo Huffman 4-bit,Probable,False,0,,,,,,False,False
/application/zukanlist/zkn_data/zukan_enc_platinum.narc,/application/zukanlist/zkn_data/zukan_enc_platinum.narc!/member_02665,0,/application/zukanlist/zkn_data/zukan_enc_platinum.narc,133,2665,,56164,56168,16480,16484,4,df3f619804a92fdb4057192dc43dd748ea778adc52bc498ce80524c014b81119,00000000,,,,,False,,,,,,,,,,False,False
/application/zukanlist/zkn_data/zukan_enc_platinum.narc,/application/zukanlist/zkn_data/zukan_enc_platinum.narc!/member_02666,0,/application/zukanlist/zkn_data/zukan_enc_platinum.narc,133,2666,,56168,56172,16484,16488,4,df3f619804a92fdb4057192dc43dd748ea778adc52bc498ce80524c014b81119,00000000,,,,,False,,,,,,,,,,False,False
/application/zukanlist/zkn_data/zukan_enc_platinum.narc,/application/zukanlist/zkn_data/zukan_enc_platinum.narc!/member_02667,0,/application/zukanlist/zkn_data/zukan_enc_platinum.narc,133,2667,,56172,56176,16488,16492,4,df3f619804a92fdb4057192dc43dd748ea778adc52bc498ce80524c014b81119,00000000,,,,,False,,,,,,,,,,False,False
/application/zukanlist/zkn_data/zukan_enc_platinum.narc,/application/zukanlist/zkn_data/zukan_enc_platinum.narc!/member_02668,0,/application/zukanlist/zkn_data/zukan_enc_platinum.narc,133,2668,,56176,56180,16492,16496,4,df3f619804a92fdb4057192dc43dd748ea778adc52bc498ce80524c014b81119,00000000,,,,,False,,,,,,,,,,False,False
/application/zukanlist/zkn_data/zukan_enc_platinum.narc,/application/zukanlist/zkn_data/zukan_enc_platinum.narc!/member_02669,0,/application/zukanlist/zkn_data/zukan_enc_platinum.narc,133,2669,,56180,56184,16496,16500,4,df3f619804a92fdb4057192dc43dd748ea778adc52bc498ce80524c014b81119,00000000,,,,,False,,,,,,,,,,False,False
/application/zukanlist/zkn_data/zukan_enc_platinum.narc,/application/zukanlist/zkn_data/zukan_enc_platinum.narc!/member_02670,0,/application/zukanlist/zkn_data/zukan_enc_platinum.narc,133,2670,,56184,56188,16500,16504,4,df3f619804a92fdb4057192dc43dd748ea778adc52bc498ce80524c014b81119,00000000,,,,,False,,,,,,,,,,False,False
/application/zukanlist/zkn_data/zukan_enc_platinum.narc,/application/zukanlist/zkn_data/zukan_enc_platinum.narc!/member_02671,0,/application/zukanlist/zkn_data/zukan_enc_platinum.narc,133,2671,,56188,56192,16504,16508,4,df3f619804a92fdb4057192dc43dd748ea778adc52bc498ce80524c014b81119,00000000,,,,,False,,,,,,,,,,False,False
/application/zukanlist/zkn_data/zukan_enc_platinum.narc,/application/zukanlist/zkn_data/zukan_enc_platinum.narc!/member_02672,0,/application/zukanlist/zkn_data/zukan_enc_platinum.narc,133,2672,,56192,56196,16508,16512,4,df3f619804a92fdb4057192dc43dd748ea778adc52bc498ce80524c014b81119,00000000,,,,,False,,,,,,,,,,False,False
/application/zukanlist/zkn_data/zukan_enc_platinum.narc,/application/zukanlist/zkn_data/zukan_enc_platinum.narc!/member_02673,0,/application/zukanlist/zkn_data/zukan_enc_platinum.narc,133,2673,,56196,56200,16512,16516,4,df3f619804a92fdb4057192dc43dd748ea778adc52bc498ce80524c014b81119,00000000,,,,,False,,,,,,,,,,False,False
/application/zukanlist/zkn_data/zukan_enc_platinum.narc,/application/zukanlist/zkn_data/zukan_enc_platinum.narc!/member_02674,0,/application/zukanlist/zkn_data/zukan_enc_platinum.narc,133,2674,,56200,56208,16516,16524,8,3c88bf13b58cba9ca7fe10c55db47931f52b52975cf1e9eaa0c9b0ec29c7c6be,1c00000000000000,,,,,False,,,,,,,,,,False,False
/application/zukanlist/zkn_data/zukan_enc_platinum.narc,/application/zukanlist/zkn_data/zukan_enc_platinum.narc!/member_02675,0,/application/zukanlist/zkn_data/zukan_enc_platinum.narc,133,2675,,56208,56212,16524,16528,4,df3f619804a92fdb4057192dc43dd748ea778adc52bc498ce80524c014b81119,00000000,,,,,False,,,,,,,,,,False,False
/application/zukanlist/zkn_data/zukan_enc_platinum.narc,/application/zukanlist/zkn_data/zukan_enc_platinum.narc!/member_02676,0,/application/zukanlist/zkn_data/zukan_enc_platinum.narc,133,2676,,56212,56216,16528,16532,4,df3f619804a92fdb4057192dc43dd748ea778adc52bc498ce80524c014b81119,00000000,,,,,False,,,,,,,,,,False,False
/application/zukanlist/zkn_data/zukan_enc_platinum.narc,/application/zukanlist/zkn_data/zukan_enc_platinum.narc!/member_02677,0,/application/zukanlist/zkn_data/zukan_enc_platinum.narc,133,2677,,56216,56220,16532,16536,4,df3f619804a92fdb4057192dc43dd748ea778adc52bc498ce80524c014b81119,00000000,,,,,False,,,,,,,,,,False,False
/application/zukanlist/zkn_data/zukan_enc_platinum.narc,/application/zukanlist/zkn_data/zukan_enc_platinum.narc!/member_02678,0,/application/zukanlist/zkn_data/zukan_enc_platinum.narc,133,2678,,56220,56224,16536,16540,4,df3f619804a92fdb4057192dc43dd748ea778adc52bc498ce80524c014b81119,00000000,,,,,False,,,,,,,,,,False,False
/application/zukanlist/zkn_data/zukan_enc_platinum.narc,/application/zukanlist/zkn_data/zukan_enc_platinum.narc!/member_02679,0,/application/zukanlist/zkn_data/zukan_enc_platinum.narc,133,2679,,56224,56228,16540,16544,4,df3f619804a92fdb4057192dc43dd748ea778adc52bc498ce80524c014b81119,00000000,,,,,False,,,,,,,,,,False,False
/application/zukanlist/zkn_data/zukan_enc_platinum.narc,/application/zukanlist/zkn_data/zukan_enc_platinum.narc!/member_02680,0,/application/zukanlist/zkn_data/zukan_enc_platinum.narc,133,2680,,56228,56232,16544,16548,4,df3f619804a92fdb4057192dc43dd748ea778adc52bc498ce80524c014b81119,00000000,,,,,False,,,,,,,,,,False,False
/application/zukanlist/zkn_data/zukan_enc_platinum.narc,/application/zukanlist/zkn_data/zukan_enc_platinum.narc!/member_02681,0,/application/zukanlist/zkn_data/zukan_enc_platinum.narc,133,2681,,56232,56236,16548,16552,4,df3f619804a92fdb4057192dc43dd748ea778adc52bc498ce80524c014b81119,00000000,,,,,False,,,,,,,,,,False,False
/application/zukanlist/zkn_data/zukan_enc_platinum.narc,/application/zukanlist/zkn_data/zukan_enc_platinum.narc!/member_02682,0,/application/zukanlist/zkn_data/zukan_enc_platinum.narc,133,2682,,56236,56248,16552,16564,12,accaa760178844c8390ce76dbfd3d9646fce5def61f88ea11a7ed5ba1c019ada,0a0000002400000000000000,,,,,False,,,,,,,,,,False,False
/application/zukanlist/zkn_data/zukan_enc_platinum.narc,/application/zukanlist/zkn_data/zukan_enc_platinum.narc!/member_02683,0,/application/zukanlist/zkn_data/zukan_enc_platinum.narc,133,2683,,56248,56252,16564,16568,4,df3f619804a92fdb4057192dc43dd748ea778adc52bc498ce80524c014b81119,00000000,,,,,False,,,,,,,,,,False,False
/application/zukanlist/zkn_data/zukan_enc_platinum.narc,/application/zukanlist/zkn_data/zukan_enc_platinum.narc!/member_02684,0,/application/zukanlist/zkn_data/zukan_enc_platinum.narc,133,2684,,56252,56256,16568,16572,4,df3f619804a92fdb4057192dc43dd748ea778adc52bc498ce80524c014b81119,00000000,,,,,False,,,,,,,,,,False,False
/application/zukanlist/zkn_data/zukan_enc_platinum.narc,/application/zukanlist/zkn_data/zukan_enc_platinum.narc!/member_02685,0,/application/zukanlist/zkn_data/zukan_enc_platinum.narc,133,2685,,56256,56260,16572,16576,4,df3f619804a92fdb4057192dc43dd748ea778adc52bc498ce80524c014b81119,00000000,,,,,False,,,,,,,,,,False,False
/application/zukanlist/zkn_data/zukan_enc_platinum.narc,/application/zukanlist/zkn_data/zukan_enc_platinum.narc!/member_02686,0,/application/zukanlist/zkn_data/zukan_enc_platinum.narc,133,2686,,56260,56268,16576,16584,8,1023cd53096fa66c8a605b9cd21f77cb3f8cd12f855482b27c01e85c95b9515f,1300000000000000,,,,,False,,,,,,,,,,False,False
/application/zukanlist/zkn_data/zukan_enc_platinum.narc,/application/zukanlist/zkn_data/zukan_enc_platinum.narc!/member_02687,0,/application/zukanlist/zkn_data/zukan_enc_platinum.narc,133,2687,,56268,56272,16584,16588,4,df3f619804a92fdb4057192dc43dd748ea778adc52bc498ce80524c014b81119,00000000,,,,,False,,,,,,,,,,False,False
/application/zukanlist/zkn_data/zukan_enc_platinum.narc,/application/zukanlist/zkn_data/zukan_enc_platinum.narc!/member_02688,0,/application/zukanlist/zkn_data/zukan_enc_platinum.narc,133,2688,,56272,56276,16588,16592,4,df3f619804a92fdb4057192dc43dd748ea778adc52bc498ce80524c014b81119,00000000,,,,,False,,,,,,,,,,False,False
/application/zukanlist/zkn_data/zukan_enc_platinum.narc,/application/zukanlist/zkn_data/zukan_enc_platinum.narc!/member_02689,0,/application/zukanlist/zkn_data/zukan_enc_platinum.narc,133,2689,,56276,56280,16592,16596,4,df3f619804a92fdb4057192dc43dd748ea778adc52bc498ce80524c014b81119,00000000,,,,,False,,,,,,,,,,False,False
/application/zukanlist/zkn_data/zukan_enc_platinum.narc,/application/zukanlist/zkn_data/zukan_enc_platinum.narc!/member_02690,0,/application/zukanlist/zkn_data/zukan_enc_platinum.narc,133,2690,,56280,56288,16596,16604,8,cbbd5f990c53684d7ae650b40fcb5656e02261b53da5f6a7d8c819c92f2828f8,0900000000000000,,,,,False,,,,,,,,,,False,False
/application/zukanlist/zkn_data/zukan_enc_platinum.narc,/application/zukanlist/zkn_data/zukan_enc_platinum.narc!/member_02691,0,/application/zukanlist/zkn_data/zukan_enc_platinum.narc,133,2691,,56288,56292,16604,16608,4,df3f619804a92fdb4057192dc43dd748ea778adc52bc498ce80524c014b81119,00000000,,,,,False,,,,,,,,,,False,False
/application/zukanlist/zkn_data/zukan_enc_platinum.narc,/application/zukanlist/zkn_data/zukan_enc_platinum.narc!/member_02692,0,/application/zukanlist/zkn_data/zukan_enc_platinum.narc,133,2692,,56292,56296,16608,16612,4,df3f619804a92fdb4057192dc43dd748ea778adc52bc498ce80524c014b81119,00000000,,,,,False,,,,,,,,,,False,False
/application/zukanlist/zkn_data/zukan_enc_platinum.narc,/application/zukanlist/zkn_data/zukan_enc_platinum.narc!/member_02693,0,/application/zukanlist/zkn_data/zukan_enc_platinum.narc,133,2693,,56296,56300,16612,16616,4,df3f619804a92fdb4057192dc43dd748ea778adc52bc498ce80524c014b81119,00000000,,,,,False,,,,,,,,,,False,False
/application/zukanlist/zkn_data/zukan_enc_platinum.narc,/application/zukanlist/zkn_data/zukan_enc_platinum.narc!/member_02694,0,/application/zukanlist/zkn_data/zukan_enc_platinum.narc,133,2694,,56300,56316,16616,16632,16,f2578d6ab3f7d6034fa63ec3e6dd43add5c54ca3f83107f42a3b19e64bc9720a,0b000000200000002100000000000000,,,,,False,,,,,,,,,,False,False
/application/zukanlist/zkn_data/zukan_enc_platinum.narc,/application/zukanlist/zkn_data/zukan_enc_platinum.narc!/member_02695,0,/application/zukanlist/zkn_data/zukan_enc_platinum.narc,133,2695,,56316,56320,16632,16636,4,df3f619804a92fdb4057192dc43dd748ea778adc52bc498ce80524c014b81119,00000000,,,,,False,,,,,,,,,,False,False
/application/zukanlist/zkn_data/zukan_enc_platinum.narc,/application/zukanlist/zkn_data/zukan_enc_platinum.narc!/member_02696,0,/application/zukanlist/zkn_data/zukan_enc_platinum.narc,133,2696,,56320,56324,16636,16640,4,df3f619804a92fdb4057192dc43dd748ea778adc52bc498ce80524c014b81119,00000000,,,,,False,,,,,,,,,,False,False
/application/zukanlist/zkn_data/zukan_enc_platinum.narc,/application/zukanlist/zkn_data/zukan_enc_platinum.narc!/member_02697,0,/application/zukanlist/zkn_data/zukan_enc_platinum.narc,133,2697,,56324,56328,16640,16644,4,df3f619804a92fdb4057192dc43dd748ea778adc52bc498ce80524c014b81119,00000000,,,,,False,,,,,,,,,,False,False
/application/zukanlist/zkn_data/zukan_enc_platinum.narc,/application/zukanlist/zkn_data/zukan_enc_platinum.narc!/member_02698,0,/application/zukanlist/zkn_data/zukan_enc_platinum.narc,133,2698,,56328,56332,16644,16648,4,df3f619804a92fdb4057192dc43dd748ea778adc52bc498ce80524c014b81119,00000000,,,,,False,,,,,,,,,,False,False
/application/zukanlist/zkn_data/zukan_enc_platinum.narc,/application/zukanlist/zkn_data/zukan_enc_platinum.narc!/member_02699,0,/application/zukanlist/zkn_data/zukan_enc_platinum.narc,133,2699,,56332,56344,16648,16660,12,ff8fa39a6fbecc40d4d47023620dadc5ce354ccfe16d32f9885b7fe6880a69b1,0b0000002100000000000000,,,,,False,,,,,,,,,,False,False
/application/zukanlist/zkn_data/zukan_enc_platinum.narc,/application/zukanlist/zkn_data/zukan_enc_platinum.narc!/member_02700,0,/application/zukanlist/zkn_data/zukan_enc_platinum.narc,133,2700,,56344,56348,16660,16664,4,df3f619804a92fdb4057192dc43dd748ea778adc52bc498ce80524c014b81119,00000000,,,,,False,,,,,,,,,,False,False
/application/zukanlist/zkn_data/zukan_enc_platinum.narc,/application/zukanlist/zkn_data/zukan_enc_platinum.narc!/member_02701,0,/application/zukanlist/zkn_data/zukan_enc_platinum.narc,133,2701,,56348,56352,16664,16668,4,df3f619804a92fdb4057192dc43dd748ea778adc52bc498ce80524c014b81119,00000000,,,,,False,,,,,,,,,,False,False
/application/zukanlist/zkn_data/zukan_enc_platinum.narc,/application/zukanlist/zkn_data/zukan_enc_platinum.narc!/member_02702,0,/application/zukanlist/zkn_data/zukan_enc_platinum.narc,133,2702,,56352,56392,16668,16708,40,170e621b3c5a1199ec77aa2dfe2820c6760f7ec6557c74f74fc3a71b7581d544,0300000004000000050000001c000000,,,,,False,,,,,,,,,,False,False
/application/zukanlist/zkn_data/zukan_enc_platinum.narc,/application/zukanlist/zkn_data/zukan_enc_platinum.narc!/member_02703,0,/application/zukanlist/zkn_data/zukan_enc_platinum.narc,133,2703,,56392,56432,16708,16748,40,170e621b3c5a1199ec77aa2dfe2820c6760f7ec6557c74f74fc3a71b7581d544,0300000004000000050000001c000000,,,,,False,,,,,,,,,,False,False
/application/zukanlist/zkn_data/zukan_enc_platinum.narc,/application/zukanlist/zkn_data/zukan_enc_platinum.narc!/member_02704,0,/application/zukanlist/zkn_data/zukan_enc_platinum.narc,133,2704,,56432,56436,16748,16752,4,df3f619804a92fdb4057192dc43dd748ea778adc52bc498ce80524c014b81119,00000000,,,,,False,,,,,,,,,,False,False
/application/zukanlist/zkn_data/zukan_enc_platinum.narc,/application/zukanlist/zkn_data/zukan_enc_platinum.narc!/member_02705,0,/application/zukanlist/zkn_data/zukan_enc_platinum.narc,133,2705,,56436,56440,16752,16756,4,df3f619804a92fdb4057192dc43dd748ea778adc52bc498ce80524c014b81119,00000000,,,,,False,,,,,,,,,,False,False
/application/zukanlist/zkn_data/zukan_enc_platinum.narc,/application/zukanlist/zkn_data/zukan_enc_platinum.narc!/member_02706,0,/application/zukanlist/zkn_data/zukan_enc_platinum.narc,133,2706,,56440,56452,16756,16768,12,82845f601ec6f67c6123951adc94a3a015e24cb0ab292fb289695e981c4a6a7a,080000002800000000000000,,,,,False,,,,,,,,,,False,False
/application/zukanlist/zkn_data/zukan_enc_platinum.narc,/application/zukanlist/zkn_data/zukan_enc_platinum.narc!/member_02707,0,/application/zukanlist/zkn_data/zukan_enc_platinum.narc,133,2707,,56452,56464,16768,16780,12,5d3398e0616332ba78703a35d71b8202cb63cfad55fa33595ec94981bc88c17d,0a0000001e00000000000000,,,,,False,,,,,,,,,,False,False
/application/zukanlist/zkn_data/zukan_enc_platinum.narc,/application/zukanlist/zkn_data/zukan_enc_platinum.narc!/member_02708,0,/application/zukanlist/zkn_data/zukan_enc_platinum.narc,133,2708,,56464,56468,16780,16784,4,df3f619804a92fdb4057192dc43dd748ea778adc52bc498ce80524c014b81119,00000000,,,,,False,,,,,,,,,,False,False
/application/zukanlist/zkn_data/zukan_enc_platinum.narc,/application/zukanlist/zkn_data/zukan_enc_platinum.narc!/member_02709,0,/application/zukanlist/zkn_data/zukan_enc_platinum.narc,133,2709,,56468,56472,16784,16788,4,df3f619804a92fdb4057192dc43dd748ea778adc52bc498ce80524c014b81119,00000000,,,,,False,,,,,,,,,,False,False
/application/zukanlist/zkn_data/zukan_enc_platinum.narc,/application/zukanlist/zkn_data/zukan_enc_platinum.narc!/member_02710,0,/application/zukanlist/zkn_data/zukan_enc_platinum.narc,133,2710,,56472,56476,16788,16792,4,df3f619804a92fdb4057192dc43dd748ea778adc52bc498ce80524c014b81119,00000000,,,,,False,,,,,,,,,,False,False
/application/zukanlist/zkn_data/zukan_enc_platinum.narc,/application/zukanlist/zkn_data/zukan_enc_platinum.narc!/member_02711,0,/application/zukanlist/zkn_data/zukan_enc_platinum.narc,133,2711,,56476,56480,16792,16796,4,df3f619804a92fdb4057192dc43dd748ea778adc52bc498ce80524c014b81119,00000000,,,,,False,,,,,,,,,,False,False
/application/zukanlist/zkn_data/zukan_enc_platinum.narc,/application/zukanlist/zkn_data/zukan_enc_platinum.narc!/member_02712,0,/application/zukanlist/zkn_data/zukan_enc_platinum.narc,133,2712,,56480,56484,16796,16800,4,df3f619804a92fdb4057192dc43dd748ea778adc52bc498ce80524c014b81119,00000000,,,,,False,,,,,,,,,,False,False
/application/zukanlist/zkn_data/zukan_enc_platinum.narc,/application/zukanlist/zkn_data/zukan_enc_platinum.narc!/member_02713,0,/application/zukanlist/zkn_data/zukan_enc_platinum.narc,133,2713,,56484,56488,16800,16804,4,df3f619804a92fdb4057192dc43dd748ea778adc52bc498ce80524c014b81119,00000000,,,,,False,,,,,,,,,,False,False
/application/zukanlist/zkn_data/zukan_enc_platinum.narc,/application/zukanlist/zkn_data/zukan_enc_platinum.narc!/member_02714,0,/application/zukanlist/zkn_data/zukan_enc_platinum.narc,133,2714,,56488,56492,16804,16808,4,df3f619804a92fdb4057192dc43dd748ea778adc52bc498ce80524c014b81119,00000000,,,,,False,,,,,,,,,,False,False
/application/zukanlist/zkn_data/zukan_enc_platinum.narc,/application/zukanlist/zkn_data/zukan_enc_platinum.narc!/member_02715,0,/application/zukanlist/zkn_data/zukan_enc_platinum.narc,133,2715,,56492,56496,16808,16812,4,df3f619804a92fdb4057192dc43dd748ea778adc52bc498ce80524c014b81119,00000000,,,,,False,,,,,,,,,,False,False
/application/zukanlist/zkn_data/zukan_enc_platinum.narc,/application/zukanlist/zkn_data/zukan_enc_platinum.narc!/member_02716,0,/application/zukanlist/zkn_data/zukan_enc_platinum.narc,133,2716,,56496,56500,16812,16816,4,df3f619804a92fdb4057192dc43dd748ea778adc52bc498ce80524c014b81119,00000000,,,,,False,,,,,,,,,,False,False
/application/zukanlist/zkn_data/zukan_enc_platinum.narc,/application/zukanlist/zkn_data/zukan_enc_platinum.narc!/member_02717,0,/application/zukanlist/zkn_data/zukan_enc_platinum.narc,133,2717,,56500,56504,16816,16820,4,df3f619804a92fdb4057192dc43dd748ea778adc52bc498ce80524c014b81119,00000000,,,,,False,,,,,,,,,,False,False
/application/zukanlist/zkn_data/zukan_enc_platinum.narc,/application/zukanlist/zkn_data/zukan_enc_platinum.narc!/member_02718,0,/application/zukanlist/zkn_data/zukan_enc_platinum.narc,133,2718,,56504,56508,16820,16824,4,df3f619804a92fdb4057192dc43dd748ea778adc52bc498ce80524c014b81119,00000000,,,,,False,,,,,,,,,,False,False
/application/zukanlist/zkn_data/zukan_enc_platinum.narc,/application/zukanlist/zkn_data/zukan_enc_platinum.narc!/member_02719,0,/application/zukanlist/zkn_data/zukan_enc_platinum.narc,133,2719,,56508,56512,16824,16828,4,df3f619804a92fdb4057192dc43dd748ea778adc52bc498ce80524c014b81119,00000000,,,,,False,,,,,,,,,,False,False
/application/zukanlist/zkn_data/zukan_enc_platinum.narc,/application/zukanlist/zkn_data/zukan_enc_platinum.narc!/member_02720,0,/application/zukanlist/zkn_data/zukan_enc_platinum.narc,133,2720,,56512,56516,16828,16832,4,df3f619804a92fdb4057192dc43dd748ea778adc52bc498ce80524c014b81119,00000000,,,,,False,,,,,,,,,,False,False
/application/zukanlist/zkn_data/zukan_enc_platinum.narc,/application/zukanlist/zkn_data/zukan_enc_platinum.narc!/member_02721,0,/application/zukanlist/zkn_data/zukan_enc_platinum.narc,133,2721,,56516,56520,16832,16836,4,df3f619804a92fdb4057192dc43dd748ea778adc52bc498ce80524c014b81119,00000000,,,,,False,,,,,,,,,,False,False
/application/zukanlist/zkn_data/zukan_enc_platinum.narc,/application/zukanlist/zkn_data/zukan_enc_platinum.narc!/member_02722,0,/application/zukanlist/zkn_data/zukan_enc_platinum.narc,133,2722,,56520,56524,16836,16840,4,df3f619804a92fdb4057192dc43dd748ea778adc52bc498ce80524c014b81119,00000000,,,,,False,,,,,,,,,,False,False
/application/zukanlist/zkn_data/zukan_enc_platinum.narc,/application/zukanlist/zkn_data/zukan_enc_platinum.narc!/member_02723,0,/application/zukanlist/zkn_data/zukan_enc_platinum.narc,133,2723,,56524,56528,16840,16844,4,df3f619804a92fdb4057192dc43dd748ea778adc52bc498ce80524c014b81119,00000000,,,,,False,,,,,,,,,,False,False
/application/zukanlist/zkn_data/zukan_enc_platinum.narc,/application/zukanlist/zkn_data/zukan_enc_platinum.narc!/member_02724,0,/application/zukanlist/zkn_data/zukan_enc_platinum.narc,133,2724,,56528,56532,16844,16848,4,df3f619804a92fdb4057192dc43dd748ea778adc52bc498ce80524c014b81119,00000000,,,,,False,,,,,,,,,,False,False
/application/zukanlist/zkn_data/zukan_enc_platinum.narc,/application/zukanlist/zkn_data/zukan_enc_platinum.narc!/member_02725,0,/application/zukanlist/zkn_data/zukan_enc_platinum.narc,133,2725,,56532,56536,16848,16852,4,df3f619804a92fdb4057192dc43dd748ea778adc52bc498ce80524c014b81119,00000000,,,,,False,,,,,,,,,,False,False
/application/zukanlist/zkn_data/zukan_enc_platinum.narc,/application/zukanlist/zkn_data/zukan_enc_platinum.narc!/member_02726,0,/application/zukanlist/zkn_data/zukan_enc_platinum.narc,133,2726,,56536,56540,16852,16856,4,df3f619804a92fdb4057192dc43dd748ea778adc52bc498ce80524c014b81119,00000000,,,,,False,,,,,,,,,,False,False
/application/zukanlist/zkn_data/zukan_enc_platinum.narc,/application/zukanlist/zkn_data/zukan_enc_platinum.narc!/member_02727,0,/application/zukanlist/zkn_data/zukan_enc_platinum.narc,133,2727,,56540,56544,16856,16860,4,df3f619804a92fdb4057192dc43dd748ea778adc52bc498ce80524c014b81119,00000000,,,,,False,,,,,,,,,,False,False
/application/zukanlist/zkn_data/zukan_enc_platinum.narc,/application/zukanlist/zkn_data/zukan_enc_platinum.narc!/member_02728,0,/application/zukanlist/zkn_data/zukan_enc_platinum.narc,133,2728,,56544,56548,16860,16864,4,df3f619804a92fdb4057192dc43dd748ea778adc52bc498ce80524c014b81119,00000000,,,,,False,,,,,,,,,,False,False
/application/zukanlist/zkn_data/zukan_enc_platinum.narc,/application/zukanlist/zkn_data/zukan_enc_platinum.narc!/member_02729,0,/application/zukanlist/zkn_data/zukan_enc_platinum.narc,133,2729,,56548,56552,16864,16868,4,df3f619804a92fdb4057192dc43dd748ea778adc52bc498ce80524c014b81119,00000000,,,,,False,,,,,,,,,,False,False
/application/zukanlist/zkn_data/zukan_enc_platinum.narc,/application/zukanlist/zkn_data/zukan_enc_platinum.narc!/member_02730,0,/application/zukanlist/zkn_data/zukan_enc_platinum.narc,133,2730,,56552,56556,16868,16872,4,df3f619804a92fdb4057192dc43dd748ea778adc52bc498ce80524c014b81119,00000000,,,,,False,,,,,,,,,,False,False
/application/zukanlist/zkn_data/zukan_enc_platinum.narc,/application/zukanlist/zkn_data/zukan_enc_platinum.narc!/member_02731,0,/application/zukanlist/zkn_data/zukan_enc_platinum.narc,133,2731,,56556,56560,16872,16876,4,df3f619804a92fdb4057192dc43dd748ea778adc52bc498ce80524c014b81119,00000000,,,,,False,,,,,,,,,,False,False
/application/zukanlist/zkn_data/zukan_enc_platinum.narc,/application/zukanlist/zkn_data/zukan_enc_platinum.narc!/member_02732,0,/application/zukanlist/zkn_data/zukan_enc_platinum.narc,133,2732,,56560,56564,16876,16880,4,df3f619804a92fdb4057192dc43dd748ea778adc52bc498ce80524c014b81119,00000000,,,,,False,,,,,,,,,,False,False
/application/zukanlist/zkn_data/zukan_enc_platinum.narc,/application/zukanlist/zkn_data/zukan_enc_platinum.narc!/member_02733,0,/application/zukanlist/zkn_data/zukan_enc_platinum.narc,133,2733,,56564,56568,16880,16884,4,df3f619804a92fdb4057192dc43dd748ea778adc52bc498ce80524c014b81119,00000000,,,,,False,,,,,,,,,,False,False
/application/zukanlist/zkn_data/zukan_enc_platinum.narc,/application/zukanlist/zkn_data/zukan_enc_platinum.narc!/member_02734,0,/application/zukanlist/zkn_data/zukan_enc_platinum.narc,133,2734,,56568,56572,16884,16888,4,df3f619804a92fdb4057192dc43dd748ea778adc52bc498ce80524c014b81119,00000000,,,,,False,,,,,,,,,,False,False
/application/zukanlist/zkn_data/zukan_enc_platinum.narc,/application/zukanlist/zkn_data/zukan_enc_platinum.narc!/member_02735,0,/application/zukanlist/zkn_data/zukan_enc_platinum.narc,133,2735,,56572,56576,16888,16892,4,df3f619804a92fdb4057192dc43dd748ea778adc52bc498ce80524c014b81119,00000000,,,,,False,,,,,,,,,,False,False
/application/zukanlist/zkn_data/zukan_enc_platinum.narc,/application/zukanlist/zkn_data/zukan_enc_platinum.narc!/member_02736,0,/application/zukanlist/zkn_data/zukan_enc_platinum.narc,133,2736,,56576,56580,16892,16896,4,df3f619804a92fdb4057192dc43dd748ea778adc52bc498ce80524c014b81119,00000000,,,,,False,,,,,,,,,,False,False
/application/zukanlist/zkn_data/zukan_enc_platinum.narc,/application/zukanlist/zkn_data/zukan_enc_platinum.narc!/member_02737,0,/application/zukanlist/zkn_data/zukan_enc_platinum.narc,133,2737,,56580,56584,16896,16900,4,df3f619804a92fdb4057192dc43dd748ea778adc52bc498ce80524c014b81119,00000000,,,,,False,,,,,,,,,,False,False
/application/zukanlist/zkn_data/zukan_enc_platinum.narc,/application/zukanlist/zkn_data/zukan_enc_platinum.narc!/member_02738,0,/application/zukanlist/zkn_data/zukan_enc_platinum.narc,133,2738,,56584,56588,16900,16904,4,df3f619804a92fdb4057192dc43dd748ea778adc52bc498ce80524c014b81119,00000000,,,,,False,,,,,,,,,,False,False
/application/zukanlist/zkn_data/zukan_enc_platinum.narc,/application/zukanlist/zkn_data/zukan_enc_platinum.narc!/member_02739,0,/application/zukanlist/zkn_data/zukan_enc_platinum.narc,133,2739,,56588,56592,16904,16908,4,df3f619804a92fdb4057192dc43dd748ea778adc52bc498ce80524c014b81119,00000000,,,,,False,,,,,,,,,,False,False
/application/zukanlist/zkn_data/zukan_enc_platinum.narc,/application/zukanlist/zkn_data/zukan_enc_platinum.narc!/member_02740,0,/application/zukanlist/zkn_data/zukan_enc_platinum.narc,133,2740,,56592,56596,16908,16912,4,df3f619804a92fdb4057192dc43dd748ea778adc52bc498ce80524c014b81119,00000000,,,,,False,,,,,,,,,,False,False
/application/zukanlist/zkn_data/zukan_enc_platinum.narc,/application/zukanlist/zkn_data/zukan_enc_platinum.narc!/member_02741,0,/application/zukanlist/zkn_data/zukan_enc_platinum.narc,133,2741,,56596,56600,16912,16916,4,df3f619804a92fdb4057192dc43dd748ea778adc52bc498ce80524c014b81119,00000000,,,,,False,,,,,,,,,,False,False
/application/zukanlist/zkn_data/zukan_enc_platinum.narc,/application/zukanlist/zkn_data/zukan_enc_platinum.narc!/member_02742,0,/application/zukanlist/zkn_data/zukan_enc_platinum.narc,133,2742,,56600,56604,16916,16920,4,df3f619804a92fdb4057192dc43dd748ea778adc52bc498ce80524c014b81119,00000000,,,,,False,,,,,,,,,,False,False
/application/zukanlist/zkn_data/zukan_enc_platinum.narc,/application/zukanlist/zkn_data/zukan_enc_platinum.narc!/member_02743,0,/application/zukanlist/zkn_data/zukan_enc_platinum.narc,133,2743,,56604,56608,16920,16924,4,df3f619804a92fdb4057192dc43dd748ea778adc52bc498ce80524c014b81119,00000000,,,,,False,,,,,,,,,,False,False
/application/zukanlist/zkn_data/zukan_enc_platinum.narc,/application/zukanlist/zkn_data/zukan_enc_platinum.narc!/member_02744,0,/application/zukanlist/zkn_data/zukan_enc_platinum.narc,133,2744,,56608,56624,16924,16940,16,440d7d1bcf0aea066cf37248ce74d23dabe6066f9d452fe42cb94cd46b225ada,0f000000100000001200000000000000,,,,,False,,,,,,,,,,False,False
/application/zukanlist/zkn_data/zukan_enc_platinum.narc,/application/zukanlist/zkn_data/zukan_enc_platinum.narc!/member_02745,0,/application/zukanlist/zkn_data/zukan_enc_platinum.narc,133,2745,,56624,56632,16940,16948,8,e48d939f60d90eb530fe27e3605e548e51c7232e13baddfdfeaa4e04fb478319,1200000000000000,,,,,False,,,,,,,,,,False,False
/application/zukanlist/zkn_data/zukan_enc_platinum.narc,/application/zukanlist/zkn_data/zukan_enc_platinum.narc!/member_02746,0,/application/zukanlist/zkn_data/zukan_enc_platinum.narc,133,2746,,56632,56648,16948,16964,16,b599c2add6b323bf21e0b225e16803613505fa896a00098756d8e5feabd99649,12000000260000002a00000000000000,,,,,False,,,,,,,,,,False,False
/application/zukanlist/zkn_data/zukan_enc_platinum.narc,/application/zukanlist/zkn_data/zukan_enc_platinum.narc!/member_02747,0,/application/zukanlist/zkn_data/zukan_enc_platinum.narc,133,2747,,56648,56656,16964,16972,8,e48d939f60d90eb530fe27e3605e548e51c7232e13baddfdfeaa4e04fb478319,1200000000000000,,,,,False,,,,,,,,,,False,False
/application/zukanlist/zkn_data/zukan_enc_platinum.narc,/application/zukanlist/zkn_data/zukan_enc_platinum.narc!/member_02748,0,/application/zukanlist/zkn_data/zukan_enc_platinum.narc,133,2748,,56656,56672,16972,16988,16,b599c2add6b323bf21e0b225e16803613505fa896a00098756d8e5feabd99649,12000000260000002a00000000000000,,,,,False,,,,,,,,,,False,False
/application/zukanlist/zkn_data/zukan_enc_platinum.narc,/application/zukanlist/zkn_data/zukan_enc_platinum.narc!/member_02749,0,/application/zukanlist/zkn_data/zukan_enc_platinum.narc,133,2749,,56672,56676,16988,16992,4,df3f619804a92fdb4057192dc43dd748ea778adc52bc498ce80524c014b81119,00000000,,,,,False,,,,,,,,,,False,False
/application/zukanlist/zkn_data/zukan_enc_platinum.narc,/application/zukanlist/zkn_data/zukan_enc_platinum.narc!/member_02750,0,/application/zukanlist/zkn_data/zukan_enc_platinum.narc,133,2750,,56676,56680,16992,16996,4,df3f619804a92fdb4057192dc43dd748ea778adc52bc498ce80524c014b81119,00000000,,,,,False,,,,,,,,,,False,False
/application/zukanlist/zkn_data/zukan_enc_platinum.narc,/application/zukanlist/zkn_data/zukan_enc_platinum.narc!/member_02751,0,/application/zukanlist/zkn_data/zukan_enc_platinum.narc,133,2751,,56680,56684,16996,17000,4,df3f619804a92fdb4057192dc43dd748ea778adc52bc498ce80524c014b81119,00000000,,,,,False,,,,,,,,,,False,False
/application/zukanlist/zkn_data/zukan_enc_platinum.narc,/application/zukanlist/zkn_data/zukan_enc_platinum.narc!/member_02752,0,/application/zukanlist/zkn_data/zukan_enc_platinum.narc,133,2752,,56684,56688,17000,17004,4,df3f619804a92fdb4057192dc43dd748ea778adc52bc498ce80524c014b81119,00000000,,,,,False,,,,,,,,,,False,False
/application/zukanlist/zkn_data/zukan_enc_platinum.narc,/application/zukanlist/zkn_data/zukan_enc_platinum.narc!/member_02753,0,/application/zukanlist/zkn_data/zukan_enc_platinum.narc,133,2753,,56688,56692,17004,17008,4,df3f619804a92fdb4057192dc43dd748ea778adc52bc498ce80524c014b81119,00000000,,,,,False,,,,,,,,,,False,False
/application/zukanlist/zkn_data/zukan_enc_platinum.narc,/application/zukanlist/zkn_data/zukan_enc_platinum.narc!/member_02754,0,/application/zukanlist/zkn_data/zukan_enc_platinum.narc,133,2754,,56692,56696,17008,17012,4,df3f619804a92fdb4057192dc43dd748ea778adc52bc498ce80524c014b81119,00000000,,,,,False,,,,,,,,,,False,False
/application/zukanlist/zkn_data/zukan_enc_platinum.narc,/application/zukanlist/zkn_data/zukan_enc_platinum.narc!/member_02755,0,/application/zukanlist/zkn_data/zukan_enc_platinum.narc,133,2755,,56696,56700,17012,17016,4,df3f619804a92fdb4057192dc43dd748ea778adc52bc498ce80524c014b81119,00000000,,,,,False,,,,,,,,,,False,False
/application/zukanlist/zkn_data/zukan_enc_platinum.narc,/application/zukanlist/zkn_data/zukan_enc_platinum.narc!/member_02756,0,/application/zukanlist/zkn_data/zukan_enc_platinum.narc,133,2756,,56700,56704,17016,17020,4,df3f619804a92fdb4057192dc43dd748ea778adc52bc498ce80524c014b81119,00000000,,,,,False,,,,,,,,,,False,False
/application/zukanlist/zkn_data/zukan_enc_platinum.narc,/application/zukanlist/zkn_data/zukan_enc_platinum.narc!/member_02757,0,/application/zukanlist/zkn_data/zukan_enc_platinum.narc,133,2757,,56704,56752,17020,17068,48,8ebf4268ac2eff45e7fb190dcf0945982dbab8fef85b73bd6bab6319c716f28e,03000000040000000500000009000000,,,,,False,,,,,,,,,,False,False
/application/zukanlist/zkn_data/zukan_enc_platinum.narc,/application/zukanlist/zkn_data/zukan_enc_platinum.narc!/member_02758,0,/application/zukanlist/zkn_data/zukan_enc_platinum.narc,133,2758,,56752,56800,17068,17116,48,e399eff2bdc9bcee294bfb97aa4f994532623fab5741495cdfa80e427d058dd7,04000000050000000900000023000000,,,,,False,,,,,,,,,,False,False
/application/zukanlist/zkn_data/zukan_enc_platinum.narc,/application/zukanlist/zkn_data/zukan_enc_platinum.narc!/member_02759,0,/application/zukanlist/zkn_data/zukan_enc_platinum.narc,133,2759,,56800,56812,17116,17128,12,6394551a08cfce686844e13a5c473b392774e68361d4161f8d08e3db1299bd7c,150000001600000000000000,,,,,False,,,,,,,,,,False,False
/application/zukanlist/zkn_data/zukan_enc_platinum.narc,/application/zukanlist/zkn_data/zukan_enc_platinum.narc!/member_02760,0,/application/zukanlist/zkn_data/zukan_enc_platinum.narc,133,2760,,56812,56820,17128,17136,8,4d159113222bfeb85fbe717cc2393ee8a6a85b7ce5ac1791c4eade5e3dd6de41,1b00000000000000,,,,,False,,,,,,,,,,False,False
/application/zukanlist/zkn_data/zukan_enc_platinum.narc,/application/zukanlist/zkn_data/zukan_enc_platinum.narc!/member_02761,0,/application/zukanlist/zkn_data/zukan_enc_platinum.narc,133,2761,,56820,56824,17136,17140,4,df3f619804a92fdb4057192dc43dd748ea778adc52bc498ce80524c014b81119,00000000,,,,,False,,,,,,,,,,False,False
/application/zukanlist/zkn_data/zukan_enc_platinum.narc,/application/zukanlist/zkn_data/zukan_enc_platinum.narc!/member_02762,0,/application/zukanlist/zkn_data/zukan_enc_platinum.narc,133,2762,,56824,56832,17140,17148,8,ed049108bc18f2c64369e8d0ea42850bdd1a7d1dd340cfde716315579702a76c,2a00000000000000,,,,,False,,,,,,,,,,False,False
/application/zukanlist/zkn_data/zukan_enc_platinum.narc,/application/zukanlist/zkn_data/zukan_enc_platinum.narc!/member_02763,0,/application/zukanlist/zkn_data/zukan_enc_platinum.narc,133,2763,,56832,56840,17148,17156,8,ed049108bc18f2c64369e8d0ea42850bdd1a7d1dd340cfde716315579702a76c,2a00000000000000,,,,,False,,,,,,,,,,False,False
/application/zukanlist/zkn_data/zukan_enc_platinum.narc,/application/zukanlist/zkn_data/zukan_enc_platinum.narc!/member_02764,0,/application/zukanlist/zkn_data/zukan_enc_platinum.narc,133,2764,,56840,56844,17156,17160,4,df3f619804a92fdb4057192dc43dd748ea778adc52bc498ce80524c014b81119,00000000,,,,,False,,,,,,,,,,False,False
/application/zukanlist/zkn_data/zukan_enc_platinum.narc,/application/zukanlist/zkn_data/zukan_enc_platinum.narc!/member_02765,0,/application/zukanlist/zkn_data/zukan_enc_platinum.narc,133,2765,,56844,56848,17160,17164,4,df3f619804a92fdb4057192dc43dd748ea778adc52bc498ce80524c014b81119,00000000,,,,,False,,,,,,,,,,False,False
/application/zukanlist/zkn_data/zukan_enc_platinum.narc,/application/zukanlist/zkn_data/zukan_enc_platinum.narc!/member_02766,0,/application/zukanlist/zkn_data/zukan_enc_platinum.narc,133,2766,,56848,56852,17164,17168,4,df3f619804a92fdb4057192dc43dd748ea778adc52bc498ce80524c014b81119,00000000,,,,,False,,,,,,,,,,False,False
/application/zukanlist/zkn_data/zukan_enc_platinum.narc,/application/zukanlist/zkn_data/zukan_enc_platinum.narc!/member_02767,0,/application/zukanlist/zkn_data/zukan_enc_platinum.narc,133,2767,,56852,56856,17168,17172,4,df3f619804a92fdb4057192dc43dd748ea778adc52bc498ce80524c014b81119,00000000,,,,,False,,,,,,,,,,False,False
/application/zukanlist/zkn_data/zukan_enc_platinum.narc,/application/zukanlist/zkn_data/zukan_enc_platinum.narc!/member_02768,0,/application/zukanlist/zkn_data/zukan_enc_platinum.narc,133,2768,,56856,56860,17172,17176,4,df3f619804a92fdb4057192dc43dd748ea778adc52bc498ce80524c014b81119,00000000,,,,,False,,,,,,,,,,False,False
/application/zukanlist/zkn_data/zukan_enc_platinum.narc,/application/zukanlist/zkn_data/zukan_enc_platinum.narc!/member_02769,0,/application/zukanlist/zkn_data/zukan_enc_platinum.narc,133,2769,,56860,56864,17176,17180,4,df3f619804a92fdb4057192dc43dd748ea778adc52bc498ce80524c014b81119,00000000,,,,,False,,,,,,,,,,False,False
/application/zukanlist/zkn_data/zukan_enc_platinum.narc,/application/zukanlist/zkn_data/zukan_enc_platinum.narc!/member_02770,0,/application/zukanlist/zkn_data/zukan_enc_platinum.narc,133,2770,,56864,56868,17180,17184,4,df3f619804a92fdb4057192dc43dd748ea778adc52bc498ce80524c014b81119,00000000,,,,,False,,,,,,,,,,False,False
/application/zukanlist/zkn_data/zukan_enc_platinum.narc,/application/zukanlist/zkn_data/zukan_enc_platinum.narc!/member_02771,0,/application/zukanlist/zkn_data/zukan_enc_platinum.narc,133,2771,,56868,56872,17184,17188,4,df3f619804a92fdb4057192dc43dd748ea778adc52bc498ce80524c014b81119,00000000,,,,,False,,,,,,,,,,False,False
/application/zukanlist/zkn_data/zukan_enc_platinum.narc,/application/zukanlist/zkn_data/zukan_enc_platinum.narc!/member_02772,0,/application/zukanlist/zkn_data/zukan_enc_platinum.narc,133,2772,,56872,56876,17188,17192,4,df3f619804a92fdb4057192dc43dd748ea778adc52bc498ce80524c014b81119,00000000,,,,,False,,,,,,,,,,False,False
/application/zukanlist/zkn_data/zukan_enc_platinum.narc,/application/zukanlist/zkn_data/zukan_enc_platinum.narc!/member_02773,0,/application/zukanlist/zkn_data/zukan_enc_platinum.narc,133,2773,,56876,56880,17192,17196,4,df3f619804a92fdb4057192dc43dd748ea778adc52bc498ce80524c014b81119,00000000,,,,,False,,,,,,,,,,False,False
/application/zukanlist/zkn_data/zukan_enc_platinum.narc,/application/zukanlist/zkn_data/zukan_enc_platinum.narc!/member_02774,0,/application/zukanlist/zkn_data/zukan_enc_platinum.narc,133,2774,,56880,56884,17196,17200,4,df3f619804a92fdb4057192dc43dd748ea778adc52bc498ce80524c014b81119,00000000,,,,,False,,,,,,,,,,False,False
/application/zukanlist/zkn_data/zukan_enc_platinum.narc,/application/zukanlist/zkn_data/zukan_enc_platinum.narc!/member_02775,0,/application/zukanlist/zkn_data/zukan_enc_platinum.narc,133,2775,,56884,56888,17200,17204,4,df3f619804a92fdb4057192dc43dd748ea778adc52bc498ce80524c014b81119,00000000,,,,,False,,,,,,,,,,False,False
/application/zukanlist/zkn_data/zukan_enc_platinum.narc,/application/zukanlist/zkn_data/zukan_enc_platinum.narc!/member_02776,0,/application/zukanlist/zkn_data/zukan_enc_platinum.narc,133,2776,,56888,56892,17204,17208,4,df3f619804a92fdb4057192dc43dd748ea778adc52bc498ce80524c014b81119,00000000,,,,,False,,,,,,,,,,False,False
/application/zukanlist/zkn_data/zukan_enc_platinum.narc,/application/zukanlist/zkn_data/zukan_enc_platinum.narc!/member_02777,0,/application/zukanlist/zkn_data/zukan_enc_platinum.narc,133,2777,,56892,56896,17208,17212,4,df3f619804a92fdb4057192dc43dd748ea778adc52bc498ce80524c014b81119,00000000,,,,,False,,,,,,,,,,False,False
/application/zukanlist/zkn_data/zukan_enc_platinum.narc,/application/zukanlist/zkn_data/zukan_enc_platinum.narc!/member_02778,0,/application/zukanlist/zkn_data/zukan_enc_platinum.narc,133,2778,,56896,56900,17212,17216,4,df3f619804a92fdb4057192dc43dd748ea778adc52bc498ce80524c014b81119,00000000,,,,,False,,,,,,,,,,False,False
/application/zukanlist/zkn_data/zukan_enc_platinum.narc,/application/zukanlist/zkn_data/zukan_enc_platinum.narc!/member_02779,0,/application/zukanlist/zkn_data/zukan_enc_platinum.narc,133,2779,,56900,56904,17216,17220,4,df3f619804a92fdb4057192dc43dd748ea778adc52bc498ce80524c014b81119,00000000,,,,,False,,,,,,,,,,False,False
/application/zukanlist/zkn_data/zukan_enc_platinum.narc,/application/zukanlist/zkn_data/zukan_enc_platinum.narc!/member_02780,0,/application/zukanlist/zkn_data/zukan_enc_platinum.narc,133,2780,,56904,56908,17220,17224,4,df3f619804a92fdb4057192dc43dd748ea778adc52bc498ce80524c014b81119,00000000,,,,,False,,,,,,,,,,False,False
/application/zukanlist/zkn_data/zukan_enc_platinum.narc,/application/zukanlist/zkn_data/zukan_enc_platinum.narc!/member_02781,0,/application/zukanlist/zkn_data/zukan_enc_platinum.narc,133,2781,,56908,56912,17224,17228,4,df3f619804a92fdb4057192dc43dd748ea778adc52bc498ce80524c014b81119,00000000,,,,,False,,,,,,,,,,False,False
/application/zukanlist/zkn_data/zukan_enc_platinum.narc,/application/zukanlist/zkn_data/zukan_enc_platinum.narc!/member_02782,0,/application/zukanlist/zkn_data/zukan_enc_platinum.narc,133,2782,,56912,56916,17228,17232,4,df3f619804a92fdb4057192dc43dd748ea778adc52bc498ce80524c014b81119,00000000,,,,,False,,,,,,,,,,False,False
/application/zukanlist/zkn_data/zukan_enc_platinum.narc,/application/zukanlist/zkn_data/zukan_enc_platinum.narc!/member_02783,0,/application/zukanlist/zkn_data/zukan_enc_platinum.narc,133,2783,,56916,56920,17232,17236,4,df3f619804a92fdb4057192dc43dd748ea778adc52bc498ce80524c014b81119,00000000,,,,,False,,,,,,,,,,False,False
/application/zukanlist/zkn_data/zukan_enc_platinum.narc,/application/zukanlist/zkn_data/zukan_enc_platinum.narc!/member_02784,0,/application/zukanlist/zkn_data/zukan_enc_platinum.narc,133,2784,,56920,56924,17236,17240,4,df3f619804a92fdb4057192dc43dd748ea778adc52bc498ce80524c014b81119,00000000,,,,,False,,,,,,,,,,False,False
/application/zukanlist/zkn_data/zukan_enc_platinum.narc,/application/zukanlist/zkn_data/zukan_enc_platinum.narc!/member_02785,0,/application/zukanlist/zkn_data/zukan_enc_platinum.narc,133,2785,,56924,56928,17240,17244,4,df3f619804a92fdb4057192dc43dd748ea778adc52bc498ce80524c014b81119,00000000,,,,,False,,,,,,,,,,False,False
/application/zukanlist/zkn_data/zukan_enc_platinum.narc,/application/zukanlist/zkn_data/zukan_enc_platinum.narc!/member_02786,0,/application/zukanlist/zkn_data/zukan_enc_platinum.narc,133,2786,,56928,56948,17244,17264,20,eae790063d0d586565077e556894443bc74f3807f0da70cc881162bfd1af11db,18000000190000001a00000020000000,,,,,False,,,,,,,,,,False,False
/application/zukanlist/zkn_data/zukan_enc_platinum.narc,/application/zukanlist/zkn_data/zukan_enc_platinum.narc!/member_02787,0,/application/zukanlist/zkn_data/zukan_enc_platinum.narc,133,2787,,56948,56952,17264,17268,4,df3f619804a92fdb4057192dc43dd748ea778adc52bc498ce80524c014b81119,00000000,,,,,False,,,,,,,,,,False,False
/application/zukanlist/zkn_data/zukan_enc_platinum.narc,/application/zukanlist/zkn_data/zukan_enc_platinum.narc!/member_02788,0,/application/zukanlist/zkn_data/zukan_enc_platinum.narc,133,2788,,56952,56956,17268,17272,4,df3f619804a92fdb4057192dc43dd748ea778adc52bc498ce80524c014b81119,00000000,,,,,False,,,,,,,,,,False,False
/application/zukanlist/zkn_data/zukan_enc_platinum.narc,/application/zukanlist/zkn_data/zukan_enc_platinum.narc!/member_02789,0,/application/zukanlist/zkn_data/zukan_enc_platinum.narc,133,2789,,56956,56960,17272,17276,4,df3f619804a92fdb4057192dc43dd748ea778adc52bc498ce80524c014b81119,00000000,,,,,False,,,,,,,,,,False,False
/application/zukanlist/zkn_data/zukan_enc_platinum.narc,/application/zukanlist/zkn_data/zukan_enc_platinum.narc!/member_02790,0,/application/zukanlist/zkn_data/zukan_enc_platinum.narc,133,2790,,56960,56964,17276,17280,4,df3f619804a92fdb4057192dc43dd748ea778adc52bc498ce80524c014b81119,00000000,,,,,False,,,,,,,,,,False,False
/application/zukanlist/zkn_data/zukan_enc_platinum.narc,/application/zukanlist/zkn_data/zukan_enc_platinum.narc!/member_02791,0,/application/zukanlist/zkn_data/zukan_enc_platinum.narc,133,2791,,56964,56968,17280,17284,4,df3f619804a92fdb4057192dc43dd748ea778adc52bc498ce80524c014b81119,00000000,,,,,False,,,,,,,,,,False,False
/application/zukanlist/zkn_data/zukan_enc_platinum.narc,/application/zukanlist/zkn_data/zukan_enc_platinum.narc!/member_02792,0,/application/zukanlist/zkn_data/zukan_enc_platinum.narc,133,2792,,56968,56976,17284,17292,8,ed049108bc18f2c64369e8d0ea42850bdd1a7d1dd340cfde716315579702a76c,2a00000000000000,,,,,False,,,,,,,,,,False,False
/application/zukanlist/zkn_data/zukan_enc_platinum.narc,/application/zukanlist/zkn_data/zukan_enc_platinum.narc!/member_02793,0,/application/zukanlist/zkn_data/zukan_enc_platinum.narc,133,2793,,56976,56984,17292,17300,8,ed049108bc18f2c64369e8d0ea42850bdd1a7d1dd340cfde716315579702a76c,2a00000000000000,,,,,False,,,,,,,,,,False,False
/application/zukanlist/zkn_data/zukan_enc_platinum.narc,/application/zukanlist/zkn_data/zukan_enc_platinum.narc!/member_02794,0,/application/zukanlist/zkn_data/zukan_enc_platinum.narc,133,2794,,56984,57020,17300,17336,36,5ff66190d947c00400c9adac0dfb229f46838abc77f3d828f748e27ff1dee7bb,1500000016000000170000001b000000,,,,,False,,,,,,,,,,False,False
/application/zukanlist/zkn_data/zukan_enc_platinum.narc,/application/zukanlist/zkn_data/zukan_enc_platinum.narc!/member_02795,0,/application/zukanlist/zkn_data/zukan_enc_platinum.narc,133,2795,,57020,57024,17336,17340,4,df3f619804a92fdb4057192dc43dd748ea778adc52bc498ce80524c014b81119,00000000,,,,,False,,,,,,,,,,False,False
/application/zukanlist/zkn_data/zukan_enc_platinum.narc,/application/zukanlist/zkn_data/zukan_enc_platinum.narc!/member_02796,0,/application/zukanlist/zkn_data/zukan_enc_platinum.narc,133,2796,,57024,57028,17340,17344,4,df3f619804a92fdb4057192dc43dd748ea778adc52bc498ce80524c014b81119,00000000,,,,,False,,,,,,,,,,False,False
/application/zukanlist/zkn_data/zukan_enc_platinum.narc,/application/zukanlist/zkn_data/zukan_enc_platinum.narc!/member_02797,0,/application/zukanlist/zkn_data/zukan_enc_platinum.narc,133,2797,,57028,57032,17344,17348,4,df3f619804a92fdb4057192dc43dd748ea778adc52bc498ce80524c014b81119,00000000,,,,,False,,,,,,,,,,False,False
/application/zukanlist/zkn_data/zukan_enc_platinum.narc,/application/zukanlist/zkn_data/zukan_enc_platinum.narc!/member_02798,0,/application/zukanlist/zkn_data/zukan_enc_platinum.narc,133,2798,,57032,57036,17348,17352,4,df3f619804a92fdb4057192dc43dd748ea778adc52bc498ce80524c014b81119,00000000,,,,,False,,,,,,,,,,False,False
/application/zukanlist/zkn_data/zukan_enc_platinum.narc,/application/zukanlist/zkn_data/zukan_enc_platinum.narc!/member_02799,0,/application/zukanlist/zkn_data/zukan_enc_platinum.narc,133,2799,,57036,57048,17352,17364,12,7e235b4cce195b0330d1d32cde3de7062144cfee910f0d16de759341168eff84,2f0000003100000000000000,,,,,False,,,,,,,,,,False,False
/application/zukanlist/zkn_data/zukan_enc_platinum.narc,/application/zukanlist/zkn_data/zukan_enc_platinum.narc!/member_02800,0,/application/zukanlist/zkn_data/zukan_enc_platinum.narc,133,2800,,57048,57060,17364,17376,12,7e235b4cce195b0330d1d32cde3de7062144cfee910f0d16de759341168eff84,2f0000003100000000000000,,,,,False,,,,,,,,,,False,False
/application/zukanlist/zkn_data/zukan_enc_platinum.narc,/application/zukanlist/zkn_data/zukan_enc_platinum.narc!/member_02801,0,/application/zukanlist/zkn_data/zukan_enc_platinum.narc,133,2801,,57060,57072,17376,17388,12,82845f601ec6f67c6123951adc94a3a015e24cb0ab292fb289695e981c4a6a7a,080000002800000000000000,,,,,False,,,,,,,,,,False,False
/application/zukanlist/zkn_data/zukan_enc_platinum.narc,/application/zukanlist/zkn_data/zukan_enc_platinum.narc!/member_02802,0,/application/zukanlist/zkn_data/zukan_enc_platinum.narc,133,2802,,57072,57084,17388,17400,12,82845f601ec6f67c6123951adc94a3a015e24cb0ab292fb289695e981c4a6a7a,080000002800000000000000,,,,,False,,,,,,,,,,False,False
/application/zukanlist/zkn_data/zukan_enc_platinum.narc,/application/zukanlist/zkn_data/zukan_enc_platinum.narc!/member_02803,0,/application/zukanlist/zkn_data/zukan_enc_platinum.narc,133,2803,,57084,57088,17400,17404,4,df3f619804a92fdb4057192dc43dd748ea778adc52bc498ce80524c014b81119,00000000,,,,,False,,,,,,,,,,False,False
/application/zukanlist/zkn_data/zukan_enc_platinum.narc,/application/zukanlist/zkn_data/zukan_enc_platinum.narc!/member_02804,0,/application/zukanlist/zkn_data/zukan_enc_platinum.narc,133,2804,,57088,57092,17404,17408,4,df3f619804a92fdb4057192dc43dd748ea778adc52bc498ce80524c014b81119,00000000,,,,,False,,,,,,,,,,False,False
/application/zukanlist/zkn_data/zukan_enc_platinum.narc,/application/zukanlist/zkn_data/zukan_enc_platinum.narc!/member_02805,0,/application/zukanlist/zkn_data/zukan_enc_platinum.narc,133,2805,,57092,57096,17408,17412,4,df3f619804a92fdb4057192dc43dd748ea778adc52bc498ce80524c014b81119,00000000,,,,,False,,,,,,,,,,False,False
/application/zukanlist/zkn_data/zukan_enc_platinum.narc,/application/zukanlist/zkn_data/zukan_enc_platinum.narc!/member_02806,0,/application/zukanlist/zkn_data/zukan_enc_platinum.narc,133,2806,,57096,57100,17412,17416,4,df3f619804a92fdb4057192dc43dd748ea778adc52bc498ce80524c014b81119,00000000,,,,,False,,,,,,,,,,False,False
/application/zukanlist/zkn_data/zukan_enc_platinum.narc,/application/zukanlist/zkn_data/zukan_enc_platinum.narc!/member_02807,0,/application/zukanlist/zkn_data/zukan_enc_platinum.narc,133,2807,,57100,57104,17416,17420,4,df3f619804a92fdb4057192dc43dd748ea778adc52bc498ce80524c014b81119,00000000,,,,,False,,,,,,,,,,False,False
/application/zukanlist/zkn_data/zukan_enc_platinum.narc,/application/zukanlist/zkn_data/zukan_enc_platinum.narc!/member_02808,0,/application/zukanlist/zkn_data/zukan_enc_platinum.narc,133,2808,,57104,57108,17420,17424,4,df3f619804a92fdb4057192dc43dd748ea778adc52bc498ce80524c014b81119,00000000,,,,,False,,,,,,,,,,False,False
/application/zukanlist/zkn_data/zukan_enc_platinum.narc,/application/zukanlist/zkn_data/zukan_enc_platinum.narc!/member_02809,0,/application/zukanlist/zkn_data/zukan_enc_platinum.narc,133,2809,,57108,57112,17424,17428,4,df3f619804a92fdb4057192dc43dd748ea778adc52bc498ce80524c014b81119,00000000,,,,,False,,,,,,,,,,False,False
/application/zukanlist/zkn_data/zukan_enc_platinum.narc,/application/zukanlist/zkn_data/zukan_enc_platinum.narc!/member_02810,0,/application/zukanlist/zkn_data/zukan_enc_platinum.narc,133,2810,,57112,57120,17428,17436,8,b8282e78d87c2a42f7c0f5b543c0d7760d3fe5a3860a25c20ec57ddaa4d80b81,2900000000000000,,,,,False,,,,,,,,,,False,False
/application/zukanlist/zkn_data/zukan_enc_platinum.narc,/application/zukanlist/zkn_data/zukan_enc_platinum.narc!/member_02811,0,/application/zukanlist/zkn_data/zukan_enc_platinum.narc,133,2811,,57120,57128,17436,17444,8,b8282e78d87c2a42f7c0f5b543c0d7760d3fe5a3860a25c20ec57ddaa4d80b81,2900000000000000,,,,,False,,,,,,,,,,False,False
/application/zukanlist/zkn_data/zukan_enc_platinum.narc,/application/zukanlist/zkn_data/zukan_enc_platinum.narc!/member_02812,0,/application/zukanlist/zkn_data/zukan_enc_platinum.narc,133,2812,,57128,57136,17444,17452,8,cbb032642036ec7043fa4529f06c9c9d8b12fa70ea6799a19ca8321a808d86fa,1800000000000000,,,,,False,,,,,,,,,,False,False
/application/zukanlist/zkn_data/zukan_enc_platinum.narc,/application/zukanlist/zkn_data/zukan_enc_platinum.narc!/member_02813,0,/application/zukanlist/zkn_data/zukan_enc_platinum.narc,133,2813,,57136,57140,17452,17456,4,df3f619804a92fdb4057192dc43dd748ea778adc52bc498ce80524c014b81119,00000000,,,,,False,,,,,,,,,,False,False
/application/zukanlist/zkn_data/zukan_enc_platinum.narc,/application/zukanlist/zkn_data/zukan_enc_platinum.narc!/member_02814,0,/application/zukanlist/zkn_data/zukan_enc_platinum.narc,133,2814,,57140,57144,17456,17460,4,df3f619804a92fdb4057192dc43dd748ea778adc52bc498ce80524c014b81119,00000000,,,,,False,,,,,,,,,,False,False
/application/zukanlist/zkn_data/zukan_enc_platinum.narc,/application/zukanlist/zkn_data/zukan_enc_platinum.narc!/member_02815,0,/application/zukanlist/zkn_data/zukan_enc_platinum.narc,133,2815,,57144,57148,17460,17464,4,df3f619804a92fdb4057192dc43dd748ea778adc52bc498ce80524c014b81119,00000000,,,,,False,,,,,,,,,,False,False
/application/zukanlist/zkn_data/zukan_enc_platinum.narc,/application/zukanlist/zkn_data/zukan_enc_platinum.narc!/member_02816,0,/application/zukanlist/zkn_data/zukan_enc_platinum.narc,133,2816,,57148,57152,17464,17468,4,df3f619804a92fdb4057192dc43dd748ea778adc52bc498ce80524c014b81119,00000000,,,,,False,,,,,,,,,,False,False
/application/zukanlist/zkn_data/zukan_enc_platinum.narc,/application/zukanlist/zkn_data/zukan_enc_platinum.narc!/member_02817,0,/application/zukanlist/zkn_data/zukan_enc_platinum.narc,133,2817,,57152,57156,17468,17472,4,df3f619804a92fdb4057192dc43dd748ea778adc52bc498ce80524c014b81119,00000000,,,,,False,,,,,,,,,,False,False
/application/zukanlist/zkn_data/zukan_enc_platinum.narc,/application/zukanlist/zkn_data/zukan_enc_platinum.narc!/member_02818,0,/application/zukanlist/zkn_data/zukan_enc_platinum.narc,133,2818,,57156,57184,17472,17500,28,3124ea3b44cc2654ea4b45e6ea8be1bf16a194a52a81f8d537168024da8b68d0,02000000120000001800000027000000,,,,,False,,,,,,,,,,False,False
/application/zukanlist/zkn_data/zukan_enc_platinum.narc,/application/zukanlist/zkn_data/zukan_enc_platinum.narc!/member_02819,0,/application/zukanlist/zkn_data/zukan_enc_platinum.narc,133,2819,,57184,57212,17500,17528,28,3124ea3b44cc2654ea4b45e6ea8be1bf16a194a52a81f8d537168024da8b68d0,02000000120000001800000027000000,,,,,False,,,,,,,,,,False,False
/application/zukanlist/zkn_data/zukan_enc_platinum.narc,/application/zukanlist/zkn_data/zukan_enc_platinum.narc!/member_02820,0,/application/zukanlist/zkn_data/zukan_enc_platinum.narc,133,2820,,57212,57220,17528,17536,8,c5b2e76e0be88460999f2083c6197da41daa3732375dabd7f0237c8eec0e395a,2c00000000000000,,,,,False,,,,,,,,,,False,False
/application/zukanlist/zkn_data/zukan_enc_platinum.narc,/application/zukanlist/zkn_data/zukan_enc_platinum.narc!/member_02821,0,/application/zukanlist/zkn_data/zukan_enc_platinum.narc,133,2821,,57220,57228,17536,17544,8,c5b2e76e0be88460999f2083c6197da41daa3732375dabd7f0237c8eec0e395a,2c00000000000000,,,,,False,,,,,,,,,,False,False
/application/zukanlist/zkn_data/zukan_enc_platinum.narc,/application/zukanlist/zkn_data/zukan_enc_platinum.narc!/member_02822,0,/application/zukanlist/zkn_data/zukan_enc_platinum.narc,133,2822,,57228,57232,17544,17548,4,df3f619804a92fdb4057192dc43dd748ea778adc52bc498ce80524c014b81119,00000000,,,,,False,,,,,,,,,,False,False
/application/zukanlist/zkn_data/zukan_enc_platinum.narc,/application/zukanlist/zkn_data/zukan_enc_platinum.narc!/member_02823,0,/application/zukanlist/zkn_data/zukan_enc_platinum.narc,133,2823,,57232,57236,17548,17552,4,df3f619804a92fdb4057192dc43dd748ea778adc52bc498ce80524c014b81119,00000000,,,,,False,,,,,,,,,,False,False
/application/zukanlist/zkn_data/zukan_enc_platinum.narc,/application/zukanlist/zkn_data/zukan_enc_platinum.narc!/member_02824,0,/application/zukanlist/zkn_data/zukan_enc_platinum.narc,133,2824,,57236,57240,17552,17556,4,df3f619804a92fdb4057192dc43dd748ea778adc52bc498ce80524c014b81119,00000000,,,,,False,,,,,,,,,,False,False
/application/zukanlist/zkn_data/zukan_enc_platinum.narc,/application/zukanlist/zkn_data/zukan_enc_platinum.narc!/member_02825,0,/application/zukanlist/zkn_data/zukan_enc_platinum.narc,133,2825,,57240,57244,17556,17560,4,df3f619804a92fdb4057192dc43dd748ea778adc52bc498ce80524c014b81119,00000000,,,,,False,,,,,,,,,,False,False
/application/zukanlist/zkn_data/zukan_enc_platinum.narc,/application/zukanlist/zkn_data/zukan_enc_platinum.narc!/member_02826,0,/application/zukanlist/zkn_data/zukan_enc_platinum.narc,133,2826,,57244,57248,17560,17564,4,df3f619804a92fdb4057192dc43dd748ea778adc52bc498ce80524c014b81119,00000000,,,,,False,,,,,,,,,,False,False
/application/zukanlist/zkn_data/zukan_enc_platinum.narc,/application/zukanlist/zkn_data/zukan_enc_platinum.narc!/member_02827,0,/application/zukanlist/zkn_data/zukan_enc_platinum.narc,133,2827,,57248,57252,17564,17568,4,df3f619804a92fdb4057192dc43dd748ea778adc52bc498ce80524c014b81119,00000000,,,,,False,,,,,,,,,,False,False
/application/zukanlist/zkn_data/zukan_enc_platinum.narc,/application/zukanlist/zkn_data/zukan_enc_platinum.narc!/member_02828,0,/application/zukanlist/zkn_data/zukan_enc_platinum.narc,133,2828,,57252,57256,17568,17572,4,df3f619804a92fdb4057192dc43dd748ea778adc52bc498ce80524c014b81119,00000000,,,,,False,,,,,,,,,,False,False
/application/zukanlist/zkn_data/zukan_enc_platinum.narc,/application/zukanlist/zkn_data/zukan_enc_platinum.narc!/member_02829,0,/application/zukanlist/zkn_data/zukan_enc_platinum.narc,133,2829,,57256,57260,17572,17576,4,df3f619804a92fdb4057192dc43dd748ea778adc52bc498ce80524c014b81119,00000000,,,,,False,,,,,,,,,,False,False
/application/zukanlist/zkn_data/zukan_enc_platinum.narc,/application/zukanlist/zkn_data/zukan_enc_platinum.narc!/member_02830,0,/application/zukanlist/zkn_data/zukan_enc_platinum.narc,133,2830,,57260,57264,17576,17580,4,df3f619804a92fdb4057192dc43dd748ea778adc52bc498ce80524c014b81119,00000000,,,,,False,,,,,,,,,,False,False
/application/zukanlist/zkn_data/zukan_enc_platinum.narc,/application/zukanlist/zkn_data/zukan_enc_platinum.narc!/member_02831,0,/application/zukanlist/zkn_data/zukan_enc_platinum.narc,133,2831,,57264,57268,17580,17584,4,df3f619804a92fdb4057192dc43dd748ea778adc52bc498ce80524c014b81119,00000000,,,,,False,,,,,,,,,,False,False
/application/zukanlist/zkn_data/zukan_enc_platinum.narc,/application/zukanlist/zkn_data/zukan_enc_platinum.narc!/member_02832,0,/application/zukanlist/zkn_data/zukan_enc_platinum.narc,133,2832,,57268,57272,17584,17588,4,df3f619804a92fdb4057192dc43dd748ea778adc52bc498ce80524c014b81119,00000000,,,,,False,,,,,,,,,,False,False
/application/zukanlist/zkn_data/zukan_enc_platinum.narc,/application/zukanlist/zkn_data/zukan_enc_platinum.narc!/member_02833,0,/application/zukanlist/zkn_data/zukan_enc_platinum.narc,133,2833,,57272,57276,17588,17592,4,df3f619804a92fdb4057192dc43dd748ea778adc52bc498ce80524c014b81119,00000000,,,,,False,,,,,,,,,,False,False
/application/zukanlist/zkn_data/zukan_enc_platinum.narc,/application/zukanlist/zkn_data/zukan_enc_platinum.narc!/member_02834,0,/application/zukanlist/zkn_data/zukan_enc_platinum.narc,133,2834,,57276,57280,17592,17596,4,df3f619804a92fdb4057192dc43dd748ea778adc52bc498ce80524c014b81119,00000000,,,,,False,,,,,,,,,,False,False
/application/zukanlist/zkn_data/zukan_enc_platinum.narc,/application/zukanlist/zkn_data/zukan_enc_platinum.narc!/member_02835,0,/application/zukanlist/zkn_data/zukan_enc_platinum.narc,133,2835,,57280,57284,17596,17600,4,df3f619804a92fdb4057192dc43dd748ea778adc52bc498ce80524c014b81119,00000000,,,,,False,,,,,,,,,,False,False
/application/zukanlist/zkn_data/zukan_enc_platinum.narc,/application/zukanlist/zkn_data/zukan_enc_platinum.narc!/member_02836,0,/application/zukanlist/zkn_data/zukan_enc_platinum.narc,133,2836,,57284,57288,17600,17604,4,df3f619804a92fdb4057192dc43dd748ea778adc52bc498ce80524c014b81119,00000000,,,,,False,,,,,,,,,,False,False
/application/zukanlist/zkn_data/zukan_enc_platinum.narc,/application/zukanlist/zkn_data/zukan_enc_platinum.narc!/member_02837,0,/application/zukanlist/zkn_data/zukan_enc_platinum.narc,133,2837,,57288,57292,17604,17608,4,df3f619804a92fdb4057192dc43dd748ea778adc52bc498ce80524c014b81119,00000000,,,,,False,,,,,,,,,,False,False
/application/zukanlist/zkn_data/zukan_enc_platinum.narc,/application/zukanlist/zkn_data/zukan_enc_platinum.narc!/member_02838,0,/application/zukanlist/zkn_data/zukan_enc_platinum.narc,133,2838,,57292,57296,17608,17612,4,df3f619804a92fdb4057192dc43dd748ea778adc52bc498ce80524c014b81119,00000000,,,,,False,,,,,,,,,,False,False
/application/zukanlist/zkn_data/zukan_enc_platinum.narc,/application/zukanlist/zkn_data/zukan_enc_platinum.narc!/member_02839,0,/application/zukanlist/zkn_data/zukan_enc_platinum.narc,133,2839,,57296,57300,17612,17616,4,df3f619804a92fdb4057192dc43dd748ea778adc52bc498ce80524c014b81119,00000000,,,,,False,,,,,,,,,,False,False
/application/zukanlist/zkn_data/zukan_enc_platinum.narc,/application/zukanlist/zkn_data/zukan_enc_platinum.narc!/member_02840,0,/application/zukanlist/zkn_data/zukan_enc_platinum.narc,133,2840,,57300,57304,17616,17620,4,df3f619804a92fdb4057192dc43dd748ea778adc52bc498ce80524c014b81119,00000000,,,,,False,,,,,,,,,,False,False
/application/zukanlist/zkn_data/zukan_enc_platinum.narc,/application/zukanlist/zkn_data/zukan_enc_platinum.narc!/member_02841,0,/application/zukanlist/zkn_data/zukan_enc_platinum.narc,133,2841,,57304,57308,17620,17624,4,df3f619804a92fdb4057192dc43dd748ea778adc52bc498ce80524c014b81119,00000000,,,,,False,,,,,,,,,,False,False
/application/zukanlist/zkn_data/zukan_enc_platinum.narc,/application/zukanlist/zkn_data/zukan_enc_platinum.narc!/member_02842,0,/application/zukanlist/zkn_data/zukan_enc_platinum.narc,133,2842,,57308,57312,17624,17628,4,df3f619804a92fdb4057192dc43dd748ea778adc52bc498ce80524c014b81119,00000000,,,,,False,,,,,,,,,,False,False
/application/zukanlist/zkn_data/zukan_enc_platinum.narc,/application/zukanlist/zkn_data/zukan_enc_platinum.narc!/member_02843,0,/application/zukanlist/zkn_data/zukan_enc_platinum.narc,133,2843,,57312,57320,17628,17636,8,703d37e650ac5852ff1027382d58776810b88d1db959d667efa0df97ae156c6b,3100000000000000,,,,,False,,,,,,,,,,False,False
/application/zukanlist/zkn_data/zukan_enc_platinum.narc,/application/zukanlist/zkn_data/zukan_enc_platinum.narc!/member_02844,0,/application/zukanlist/zkn_data/zukan_enc_platinum.narc,133,2844,,57320,57324,17636,17640,4,df3f619804a92fdb4057192dc43dd748ea778adc52bc498ce80524c014b81119,00000000,,,,,False,,,,,,,,,,False,False
/application/zukanlist/zkn_data/zukan_enc_platinum.narc,/application/zukanlist/zkn_data/zukan_enc_platinum.narc!/member_02845,0,/application/zukanlist/zkn_data/zukan_enc_platinum.narc,133,2845,,57324,57328,17640,17644,4,df3f619804a92fdb4057192dc43dd748ea778adc52bc498ce80524c014b81119,00000000,,,,,False,,,,,,,,,,False,False
/application/zukanlist/zkn_data/zukan_enc_platinum.narc,/application/zukanlist/zkn_data/zukan_enc_platinum.narc!/member_02846,0,/application/zukanlist/zkn_data/zukan_enc_platinum.narc,133,2846,,57328,57332,17644,17648,4,df3f619804a92fdb4057192dc43dd748ea778adc52bc498ce80524c014b81119,00000000,,,,,False,,,,,,,,,,False,False
/application/zukanlist/zkn_data/zukan_enc_platinum.narc,/application/zukanlist/zkn_data/zukan_enc_platinum.narc!/member_02847,0,/application/zukanlist/zkn_data/zukan_enc_platinum.narc,133,2847,,57332,57336,17648,17652,4,df3f619804a92fdb4057192dc43dd748ea778adc52bc498ce80524c014b81119,00000000,,,,,False,,,,,,,,,,False,False
/application/zukanlist/zkn_data/zukan_enc_platinum.narc,/application/zukanlist/zkn_data/zukan_enc_platinum.narc!/member_02848,0,/application/zukanlist/zkn_data/zukan_enc_platinum.narc,133,2848,,57336,57344,17652,17660,8,4779cee98e83f1a1592de4f293107545fabab96772e43de89f3437b35f08938f,3000000000000000,,Nintendo RLE,Probable,,True,Nintendo RLE,Probable,False,0,,,,,,False,False
/application/zukanlist/zkn_data/zukan_enc_platinum.narc,/application/zukanlist/zkn_data/zukan_enc_platinum.narc!/member_02849,0,/application/zukanlist/zkn_data/zukan_enc_platinum.narc,133,2849,,57344,57356,17660,17672,12,a6a9401f7034d0d7fef6168818b10aeaabc3d51087849008b8f157ee3aea3be2,050000002600000000000000,,,,,False,,,,,,,,,,False,False
/application/zukanlist/zkn_data/zukan_enc_platinum.narc,/application/zukanlist/zkn_data/zukan_enc_platinum.narc!/member_02850,0,/application/zukanlist/zkn_data/zukan_enc_platinum.narc,133,2850,,57356,57360,17672,17676,4,df3f619804a92fdb4057192dc43dd748ea778adc52bc498ce80524c014b81119,00000000,,,,,False,,,,,,,,,,False,False
/application/zukanlist/zkn_data/zukan_enc_platinum.narc,/application/zukanlist/zkn_data/zukan_enc_platinum.narc!/member_02851,0,/application/zukanlist/zkn_data/zukan_enc_platinum.narc,133,2851,,57360,57364,17676,17680,4,df3f619804a92fdb4057192dc43dd748ea778adc52bc498ce80524c014b81119,00000000,,,,,False,,,,,,,,,,False,False
/application/zukanlist/zkn_data/zukan_enc_platinum.narc,/application/zukanlist/zkn_data/zukan_enc_platinum.narc!/member_02852,0,/application/zukanlist/zkn_data/zukan_enc_platinum.narc,133,2852,,57364,57368,17680,17684,4,df3f619804a92fdb4057192dc43dd748ea778adc52bc498ce80524c014b81119,00000000,,,,,False,,,,,,,,,,False,False
/application/zukanlist/zkn_data/zukan_enc_platinum.narc,/application/zukanlist/zkn_data/zukan_enc_platinum.narc!/member_02853,0,/application/zukanlist/zkn_data/zukan_enc_platinum.narc,133,2853,,57368,57372,17684,17688,4,df3f619804a92fdb4057192dc43dd748ea778adc52bc498ce80524c014b81119,00000000,,,,,False,,,,,,,,,,False,False
/application/zukanlist/zkn_data/zukan_enc_platinum.narc,/application/zukanlist/zkn_data/zukan_enc_platinum.narc!/member_02854,0,/application/zukanlist/zkn_data/zukan_enc_platinum.narc,133,2854,,57372,57376,17688,17692,4,df3f619804a92fdb4057192dc43dd748ea778adc52bc498ce80524c014b81119,00000000,,,,,False,,,,,,,,,,False,False
/application/zukanlist/zkn_data/zukan_enc_platinum.narc,/application/zukanlist/zkn_data/zukan_enc_platinum.narc!/member_02855,0,/application/zukanlist/zkn_data/zukan_enc_platinum.narc,133,2855,,57376,57380,17692,17696,4,df3f619804a92fdb4057192dc43dd748ea778adc52bc498ce80524c014b81119,00000000,,,,,False,,,,,,,,,,False,False
/application/zukanlist/zkn_data/zukan_enc_platinum.narc,/application/zukanlist/zkn_data/zukan_enc_platinum.narc!/member_02856,0,/application/zukanlist/zkn_data/zukan_enc_platinum.narc,133,2856,,57380,57384,17696,17700,4,df3f619804a92fdb4057192dc43dd748ea778adc52bc498ce80524c014b81119,00000000,,,,,False,,,,,,,,,,False,False
/application/zukanlist/zkn_data/zukan_enc_platinum.narc,/application/zukanlist/zkn_data/zukan_enc_platinum.narc!/member_02857,0,/application/zukanlist/zkn_data/zukan_enc_platinum.narc,133,2857,,57384,57388,17700,17704,4,df3f619804a92fdb4057192dc43dd748ea778adc52bc498ce80524c014b81119,00000000,,,,,False,,,,,,,,,,False,False
/application/zukanlist/zkn_data/zukan_enc_platinum.narc,/application/zukanlist/zkn_data/zukan_enc_platinum.narc!/member_02858,0,/application/zukanlist/zkn_data/zukan_enc_platinum.narc,133,2858,,57388,57392,17704,17708,4,df3f619804a92fdb4057192dc43dd748ea778adc52bc498ce80524c014b81119,00000000,,,,,False,,,,,,,,,,False,False
/application/zukanlist/zkn_data/zukan_enc_platinum.narc,/application/zukanlist/zkn_data/zukan_enc_platinum.narc!/member_02859,0,/application/zukanlist/zkn_data/zukan_enc_platinum.narc,133,2859,,57392,57396,17708,17712,4,df3f619804a92fdb4057192dc43dd748ea778adc52bc498ce80524c014b81119,00000000,,,,,False,,,,,,,,,,False,False
/application/zukanlist/zkn_data/zukan_enc_platinum.narc,/application/zukanlist/zkn_data/zukan_enc_platinum.narc!/member_02860,0,/application/zukanlist/zkn_data/zukan_enc_platinum.narc,133,2860,,57396,57400,17712,17716,4,df3f619804a92fdb4057192dc43dd748ea778adc52bc498ce80524c014b81119,00000000,,,,,False,,,,,,,,,,False,False
/application/zukanlist/zkn_data/zukan_enc_platinum.narc,/application/zukanlist/zkn_data/zukan_enc_platinum.narc!/member_02861,0,/application/zukanlist/zkn_data/zukan_enc_platinum.narc,133,2861,,57400,57404,17716,17720,4,df3f619804a92fdb4057192dc43dd748ea778adc52bc498ce80524c014b81119,00000000,,,,,False,,,,,,,,,,False,False
/application/zukanlist/zkn_data/zukan_enc_platinum.narc,/application/zukanlist/zkn_data/zukan_enc_platinum.narc!/member_02862,0,/application/zukanlist/zkn_data/zukan_enc_platinum.narc,133,2862,,57404,57408,17720,17724,4,df3f619804a92fdb4057192dc43dd748ea778adc52bc498ce80524c014b81119,00000000,,,,,False,,,,,,,,,,False,False
/application/zukanlist/zkn_data/zukan_enc_platinum.narc,/application/zukanlist/zkn_data/zukan_enc_platinum.narc!/member_02863,0,/application/zukanlist/zkn_data/zukan_enc_platinum.narc,133,2863,,57408,57412,17724,17728,4,df3f619804a92fdb4057192dc43dd748ea778adc52bc498ce80524c014b81119,00000000,,,,,False,,,,,,,,,,False,False
/application/zukanlist/zkn_data/zukan_enc_platinum.narc,/application/zukanlist/zkn_data/zukan_enc_platinum.narc!/member_02864,0,/application/zukanlist/zkn_data/zukan_enc_platinum.narc,133,2864,,57412,57416,17728,17732,4,df3f619804a92fdb4057192dc43dd748ea778adc52bc498ce80524c014b81119,00000000,,,,,False,,,,,,,,,,False,False
/application/zukanlist/zkn_data/zukan_enc_platinum.narc,/application/zukanlist/zkn_data/zukan_enc_platinum.narc!/member_02865,0,/application/zukanlist/zkn_data/zukan_enc_platinum.narc,133,2865,,57416,57420,17732,17736,4,df3f619804a92fdb4057192dc43dd748ea778adc52bc498ce80524c014b81119,00000000,,,,,False,,,,,,,,,,False,False
/application/zukanlist/zkn_data/zukan_enc_platinum.narc,/application/zukanlist/zkn_data/zukan_enc_platinum.narc!/member_02866,0,/application/zukanlist/zkn_data/zukan_enc_platinum.narc,133,2866,,57420,57424,17736,17740,4,df3f619804a92fdb4057192dc43dd748ea778adc52bc498ce80524c014b81119,00000000,,,,,False,,,,,,,,,,False,False
/application/zukanlist/zkn_data/zukan_enc_platinum.narc,/application/zukanlist/zkn_data/zukan_enc_platinum.narc!/member_02867,0,/application/zukanlist/zkn_data/zukan_enc_platinum.narc,133,2867,,57424,57428,17740,17744,4,df3f619804a92fdb4057192dc43dd748ea778adc52bc498ce80524c014b81119,00000000,,,,,False,,,,,,,,,,False,False
/application/zukanlist/zkn_data/zukan_enc_platinum.narc,/application/zukanlist/zkn_data/zukan_enc_platinum.narc!/member_02868,0,/application/zukanlist/zkn_data/zukan_enc_platinum.narc,133,2868,,57428,57432,17744,17748,4,df3f619804a92fdb4057192dc43dd748ea778adc52bc498ce80524c014b81119,00000000,,,,,False,,,,,,,,,,False,False
/application/zukanlist/zkn_data/zukan_enc_platinum.narc,/application/zukanlist/zkn_data/zukan_enc_platinum.narc!/member_02869,0,/application/zukanlist/zkn_data/zukan_enc_platinum.narc,133,2869,,57432,57436,17748,17752,4,df3f619804a92fdb4057192dc43dd748ea778adc52bc498ce80524c014b81119,00000000,,,,,False,,,,,,,,,,False,False
/application/zukanlist/zkn_data/zukan_enc_platinum.narc,/application/zukanlist/zkn_data/zukan_enc_platinum.narc!/member_02870,0,/application/zukanlist/zkn_data/zukan_enc_platinum.narc,133,2870,,57436,57440,17752,17756,4,df3f619804a92fdb4057192dc43dd748ea778adc52bc498ce80524c014b81119,00000000,,,,,False,,,,,,,,,,False,False
/application/zukanlist/zkn_data/zukan_enc_platinum.narc,/application/zukanlist/zkn_data/zukan_enc_platinum.narc!/member_02871,0,/application/zukanlist/zkn_data/zukan_enc_platinum.narc,133,2871,,57440,57444,17756,17760,4,df3f619804a92fdb4057192dc43dd748ea778adc52bc498ce80524c014b81119,00000000,,,,,False,,,,,,,,,,False,False
/application/zukanlist/zkn_data/zukan_enc_platinum.narc,/application/zukanlist/zkn_data/zukan_enc_platinum.narc!/member_02872,0,/application/zukanlist/zkn_data/zukan_enc_platinum.narc,133,2872,,57444,57448,17760,17764,4,df3f619804a92fdb4057192dc43dd748ea778adc52bc498ce80524c014b81119,00000000,,,,,False,,,,,,,,,,False,False
/application/zukanlist/zkn_data/zukan_enc_platinum.narc,/application/zukanlist/zkn_data/zukan_enc_platinum.narc!/member_02873,0,/application/zukanlist/zkn_data/zukan_enc_platinum.narc,133,2873,,57448,57452,17764,17768,4,df3f619804a92fdb4057192dc43dd748ea778adc52bc498ce80524c014b81119,00000000,,,,,False,,,,,,,,,,False,False
/application/zukanlist/zkn_data/zukan_enc_platinum.narc,/application/zukanlist/zkn_data/zukan_enc_platinum.narc!/member_02874,0,/application/zukanlist/zkn_data/zukan_enc_platinum.narc,133,2874,,57452,57456,17768,17772,4,df3f619804a92fdb4057192dc43dd748ea778adc52bc498ce80524c014b81119,00000000,,,,,False,,,,,,,,,,False,False
/application/zukanlist/zkn_data/zukan_enc_platinum.narc,/application/zukanlist/zkn_data/zukan_enc_platinum.narc!/member_02875,0,/application/zukanlist/zkn_data/zukan_enc_platinum.narc,133,2875,,57456,57480,17772,17796,24,1a58dd3305d395072c35fa03afd8146113fbe3bacb059156ea476a760283e63f,0c0000000d0000000e0000000f000000,,,,,False,,,,,,,,,,False,False
/application/zukanlist/zkn_data/zukan_enc_platinum.narc,/application/zukanlist/zkn_data/zukan_enc_platinum.narc!/member_02876,0,/application/zukanlist/zkn_data/zukan_enc_platinum.narc,133,2876,,57480,57504,17796,17820,24,d9fd853d01ab65954dc11617d7ed49822a8c7bdf16852548190a81d5fc548385,0a00000016000000170000001b000000,,,,,False,,,,,,,,,,False,False
/application/zukanlist/zkn_data/zukan_enc_platinum.narc,/application/zukanlist/zkn_data/zukan_enc_platinum.narc!/member_02877,0,/application/zukanlist/zkn_data/zukan_enc_platinum.narc,133,2877,,57504,57508,17820,17824,4,df3f619804a92fdb4057192dc43dd748ea778adc52bc498ce80524c014b81119,00000000,,,,,False,,,,,,,,,,False,False
/application/zukanlist/zkn_data/zukan_enc_platinum.narc,/application/zukanlist/zkn_data/zukan_enc_platinum.narc!/member_02878,0,/application/zukanlist/zkn_data/zukan_enc_platinum.narc,133,2878,,57508,57548,17824,17864,40,c0de05923c6342bc0d6bc31fbf919cbb3b67e4718bb2482df3d47c172b1b52a3,0c0000000d0000000e0000000f000000,,,,,False,,,,,,,,,,False,False
/application/zukanlist/zkn_data/zukan_enc_platinum.narc,/application/zukanlist/zkn_data/zukan_enc_platinum.narc!/member_02879,0,/application/zukanlist/zkn_data/zukan_enc_platinum.narc,133,2879,,57548,57568,17864,17884,20,63e8bbd55e16515fcd493a845f4fd7dea00d85abbd9131edb5e2341746bc6d84,0a000000150000001600000018000000,,,,,False,,,,,,,,,,False,False
/application/zukanlist/zkn_data/zukan_enc_platinum.narc,/application/zukanlist/zkn_data/zukan_enc_platinum.narc!/member_02880,0,/application/zukanlist/zkn_data/zukan_enc_platinum.narc,133,2880,,57568,57600,17884,17916,32,d4d4c736df8de6ba4c8ccca4f46cfdb81492d652905d84afa91ef05196187460,0c0000000d0000000e0000000f000000,,,,,False,,,,,,,,,,False,False
/application/zukanlist/zkn_data/zukan_enc_platinum.narc,/application/zukanlist/zkn_data/zukan_enc_platinum.narc!/member_02881,0,/application/zukanlist/zkn_data/zukan_enc_platinum.narc,133,2881,,57600,57612,17916,17928,12,e459a1f30681c82d22e8079957e639faf28bdda7c142d11a3fc3f3cc87832c63,0a0000001300000000000000,,,,,False,,,,,,,,,,False,False
/application/zukanlist/zkn_data/zukan_enc_platinum.narc,/application/zukanlist/zkn_data/zukan_enc_platinum.narc!/member_02882,0,/application/zukanlist/zkn_data/zukan_enc_platinum.narc,133,2882,,57612,57636,17928,17952,24,3c91a2ece0578819d54c57e6648f958780b30548b599bb5f7bc04d40b099d040,060000000d0000000e0000000f000000,,,,,False,,,,,,,,,,False,False
/application/zukanlist/zkn_data/zukan_enc_platinum.narc,/application/zukanlist/zkn_data/zukan_enc_platinum.narc!/member_02883,0,/application/zukanlist/zkn_data/zukan_enc_platinum.narc,133,2883,,57636,57644,17952,17960,8,2f717924a0d2847aa264ae9d76457847bbf5916d3298045ab0ffc45be8f4c228,2500000000000000,,,,,False,,,,,,,,,,False,False
/application/zukanlist/zkn_data/zukan_enc_platinum.narc,/application/zukanlist/zkn_data/zukan_enc_platinum.narc!/member_02884,0,/application/zukanlist/zkn_data/zukan_enc_platinum.narc,133,2884,,57644,57648,17960,17964,4,df3f619804a92fdb4057192dc43dd748ea778adc52bc498ce80524c014b81119,00000000,,,,,False,,,,,,,,,,False,False
/application/zukanlist/zkn_data/zukan_enc_platinum.narc,/application/zukanlist/zkn_data/zukan_enc_platinum.narc!/member_02885,0,/application/zukanlist/zkn_data/zukan_enc_platinum.narc,133,2885,,57648,57668,17964,17984,20,6c85a812133448b0bb9de19171ae0f86771038811b7462f4f97478a1558cc760,0f000000100000001200000015000000,,,,,False,,,,,,,,,,False,False
/application/zukanlist/zkn_data/zukan_enc_platinum.narc,/application/zukanlist/zkn_data/zukan_enc_platinum.narc!/member_02886,0,/application/zukanlist/zkn_data/zukan_enc_platinum.narc,133,2886,,57668,57672,17984,17988,4,df3f619804a92fdb4057192dc43dd748ea778adc52bc498ce80524c014b81119,00000000,,,,,False,,,,,,,,,,False,False
/application/zukanlist/zkn_data/zukan_enc_platinum.narc,/application/zukanlist/zkn_data/zukan_enc_platinum.narc!/member_02887,0,/application/zukanlist/zkn_data/zukan_enc_platinum.narc,133,2887,,57672,57676,17988,17992,4,df3f619804a92fdb4057192dc43dd748ea778adc52bc498ce80524c014b81119,00000000,,,,,False,,,,,,,,,,False,False
/application/zukanlist/zkn_data/zukan_enc_platinum.narc,/application/zukanlist/zkn_data/zukan_enc_platinum.narc!/member_02888,0,/application/zukanlist/zkn_data/zukan_enc_platinum.narc,133,2888,,57676,57680,17992,17996,4,df3f619804a92fdb4057192dc43dd748ea778adc52bc498ce80524c014b81119,00000000,,,,,False,,,,,,,,,,False,False
/application/zukanlist/zkn_data/zukan_enc_platinum.narc,/application/zukanlist/zkn_data/zukan_enc_platinum.narc!/member_02889,0,/application/zukanlist/zkn_data/zukan_enc_platinum.narc,133,2889,,57680,57684,17996,18000,4,df3f619804a92fdb4057192dc43dd748ea778adc52bc498ce80524c014b81119,00000000,,,,,False,,,,,,,,,,False,False
/application/zukanlist/zkn_data/zukan_enc_platinum.narc,/application/zukanlist/zkn_data/zukan_enc_platinum.narc!/member_02890,0,/application/zukanlist/zkn_data/zukan_enc_platinum.narc,133,2890,,57684,57688,18000,18004,4,df3f619804a92fdb4057192dc43dd748ea778adc52bc498ce80524c014b81119,00000000,,,,,False,,,,,,,,,,False,False
/application/zukanlist/zkn_data/zukan_enc_platinum.narc,/application/zukanlist/zkn_data/zukan_enc_platinum.narc!/member_02891,0,/application/zukanlist/zkn_data/zukan_enc_platinum.narc,133,2891,,57688,57692,18004,18008,4,df3f619804a92fdb4057192dc43dd748ea778adc52bc498ce80524c014b81119,00000000,,,,,False,,,,,,,,,,False,False
/application/zukanlist/zkn_data/zukan_enc_platinum.narc,/application/zukanlist/zkn_data/zukan_enc_platinum.narc!/member_02892,0,/application/zukanlist/zkn_data/zukan_enc_platinum.narc,133,2892,,57692,57696,18008,18012,4,df3f619804a92fdb4057192dc43dd748ea778adc52bc498ce80524c014b81119,00000000,,,,,False,,,,,,,,,,False,False
/application/zukanlist/zkn_data/zukan_enc_platinum.narc,/application/zukanlist/zkn_data/zukan_enc_platinum.narc!/member_02893,0,/application/zukanlist/zkn_data/zukan_enc_platinum.narc,133,2893,,57696,57700,18012,18016,4,df3f619804a92fdb4057192dc43dd748ea778adc52bc498ce80524c014b81119,00000000,,,,,False,,,,,,,,,,False,False
/application/zukanlist/zkn_data/zukan_enc_platinum.narc,/application/zukanlist/zkn_data/zukan_enc_platinum.narc!/member_02894,0,/application/zukanlist/zkn_data/zukan_enc_platinum.narc,133,2894,,57700,57704,18016,18020,4,df3f619804a92fdb4057192dc43dd748ea778adc52bc498ce80524c014b81119,00000000,,,,,False,,,,,,,,,,False,False
/application/zukanlist/zkn_data/zukan_enc_platinum.narc,/application/zukanlist/zkn_data/zukan_enc_platinum.narc!/member_02895,0,/application/zukanlist/zkn_data/zukan_enc_platinum.narc,133,2895,,57704,57708,18020,18024,4,df3f619804a92fdb4057192dc43dd748ea778adc52bc498ce80524c014b81119,00000000,,,,,False,,,,,,,,,,False,False
/application/zukanlist/zkn_data/zukan_enc_platinum.narc,/application/zukanlist/zkn_data/zukan_enc_platinum.narc!/member_02896,0,/application/zukanlist/zkn_data/zukan_enc_platinum.narc,133,2896,,57708,57720,18024,18036,12,45af13416c199c9c8cae254f94d3e8f675c9fb7eb5f0e2843d1b1f331409710e,060000001100000000000000,,,,,False,,,,,,,,,,False,False
/application/zukanlist/zkn_data/zukan_enc_platinum.narc,/application/zukanlist/zkn_data/zukan_enc_platinum.narc!/member_02897,0,/application/zukanlist/zkn_data/zukan_enc_platinum.narc,133,2897,,57720,57740,18036,18056,20,26defd3475c8bce174b2e4a5df984c89c61ffa4bef4ea3b2ed3c9e35bb304f7d,06000000110000001c0000001d000000,,,,,False,,,,,,,,,,False,False
/application/zukanlist/zkn_data/zukan_enc_platinum.narc,/application/zukanlist/zkn_data/zukan_enc_platinum.narc!/member_02898,0,/application/zukanlist/zkn_data/zukan_enc_platinum.narc,133,2898,,57740,57768,18056,18084,28,bcd0feea2d7014c0defc95c06466e23d070338aa6fda60750efb5eb9890b628f,07000000220000002400000025000000,,,,,False,,,,,,,,,,False,False
/application/zukanlist/zkn_data/zukan_enc_platinum.narc,/application/zukanlist/zkn_data/zukan_enc_platinum.narc!/member_02899,0,/application/zukanlist/zkn_data/zukan_enc_platinum.narc,133,2899,,57768,57772,18084,18088,4,df3f619804a92fdb4057192dc43dd748ea778adc52bc498ce80524c014b81119,00000000,,,,,False,,,,,,,,,,False,False
/application/zukanlist/zkn_data/zukan_enc_platinum.narc,/application/zukanlist/zkn_data/zukan_enc_platinum.narc!/member_02900,0,/application/zukanlist/zkn_data/zukan_enc_platinum.narc,133,2900,,57772,57776,18088,18092,4,df3f619804a92fdb4057192dc43dd748ea778adc52bc498ce80524c014b81119,00000000,,,,,False,,,,,,,,,,False,False
/application/zukanlist/zkn_data/zukan_enc_platinum.narc,/application/zukanlist/zkn_data/zukan_enc_platinum.narc!/member_02901,0,/application/zukanlist/zkn_data/zukan_enc_platinum.narc,133,2901,,57776,57812,18092,18128,36,f6c169c87ac7089c211ae98f4a9d417c59a8ac576d781edf80ff33974320cdf7,01000000030000000600000007000000,,,,,False,,,,,,,,,,False,False
/application/zukanlist/zkn_data/zukan_enc_platinum.narc,/application/zukanlist/zkn_data/zukan_enc_platinum.narc!/member_02902,0,/application/zukanlist/zkn_data/zukan_enc_platinum.narc,133,2902,,57812,57852,18128,18168,40,476d328b2e8fc915e1dbe70e52c4788431994934a286db44f3dea3ddc54f6aad,01000000030000000600000007000000,,,,,False,,,,,,,,,,False,False
/application/zukanlist/zkn_data/zukan_enc_platinum.narc,/application/zukanlist/zkn_data/zukan_enc_platinum.narc!/member_02903,0,/application/zukanlist/zkn_data/zukan_enc_platinum.narc,133,2903,,57852,57856,18168,18172,4,df3f619804a92fdb4057192dc43dd748ea778adc52bc498ce80524c014b81119,00000000,,,,,False,,,,,,,,,,False,False
/application/zukanlist/zkn_data/zukan_enc_platinum.narc,/application/zukanlist/zkn_data/zukan_enc_platinum.narc!/member_02904,0,/application/zukanlist/zkn_data/zukan_enc_platinum.narc,133,2904,,57856,57860,18172,18176,4,df3f619804a92fdb4057192dc43dd748ea778adc52bc498ce80524c014b81119,00000000,,,,,False,,,,,,,,,,False,False
/application/zukanlist/zkn_data/zukan_enc_platinum.narc,/application/zukanlist/zkn_data/zukan_enc_platinum.narc!/member_02905,0,/application/zukanlist/zkn_data/zukan_enc_platinum.narc,133,2905,,57860,57864,18176,18180,4,df3f619804a92fdb4057192dc43dd748ea778adc52bc498ce80524c014b81119,00000000,,,,,False,,,,,,,,,,False,False
/application/zukanlist/zkn_data/zukan_enc_platinum.narc,/application/zukanlist/zkn_data/zukan_enc_platinum.narc!/member_02906,0,/application/zukanlist/zkn_data/zukan_enc_platinum.narc,133,2906,,57864,57868,18180,18184,4,df3f619804a92fdb4057192dc43dd748ea778adc52bc498ce80524c014b81119,00000000,,,,,False,,,,,,,,,,False,False
/application/zukanlist/zkn_data/zukan_enc_platinum.narc,/application/zukanlist/zkn_data/zukan_enc_platinum.narc!/member_02907,0,/application/zukanlist/zkn_data/zukan_enc_platinum.narc,133,2907,,57868,57872,18184,18188,4,df3f619804a92fdb4057192dc43dd748ea778adc52bc498ce80524c014b81119,00000000,,,,,False,,,,,,,,,,False,False
/application/zukanlist/zkn_data/zukan_enc_platinum.narc,/application/zukanlist/zkn_data/zukan_enc_platinum.narc!/member_02908,0,/application/zukanlist/zkn_data/zukan_enc_platinum.narc,133,2908,,57872,57876,18188,18192,4,df3f619804a92fdb4057192dc43dd748ea778adc52bc498ce80524c014b81119,00000000,,,,,False,,,,,,,,,,False,False
/application/zukanlist/zkn_data/zukan_enc_platinum.narc,/application/zukanlist/zkn_data/zukan_enc_platinum.narc!/member_02909,0,/application/zukanlist/zkn_data/zukan_enc_platinum.narc,133,2909,,57876,57880,18192,18196,4,df3f619804a92fdb4057192dc43dd748ea778adc52bc498ce80524c014b81119,00000000,,,,,False,,,,,,,,,,False,False
/application/zukanlist/zkn_data/zukan_enc_platinum.narc,/application/zukanlist/zkn_data/zukan_enc_platinum.narc!/member_02910,0,/application/zukanlist/zkn_data/zukan_enc_platinum.narc,133,2910,,57880,57884,18196,18200,4,df3f619804a92fdb4057192dc43dd748ea778adc52bc498ce80524c014b81119,00000000,,,,,False,,,,,,,,,,False,False
/application/zukanlist/zkn_data/zukan_enc_platinum.narc,/application/zukanlist/zkn_data/zukan_enc_platinum.narc!/member_02911,0,/application/zukanlist/zkn_data/zukan_enc_platinum.narc,133,2911,,57884,57888,18200,18204,4,df3f619804a92fdb4057192dc43dd748ea778adc52bc498ce80524c014b81119,00000000,,,,,False,,,,,,,,,,False,False
/application/zukanlist/zkn_data/zukan_enc_platinum.narc,/application/zukanlist/zkn_data/zukan_enc_platinum.narc!/member_02912,0,/application/zukanlist/zkn_data/zukan_enc_platinum.narc,133,2912,,57888,57900,18204,18216,12,ac3e17cb10b4670f60ed7a4f69280ccd605c82307a548ac46547d4918619781d,190000001a00000000000000,,,,,False,,,,,,,,,,False,False
/application/zukanlist/zkn_data/zukan_enc_platinum.narc,/application/zukanlist/zkn_data/zukan_enc_platinum.narc!/member_02913,0,/application/zukanlist/zkn_data/zukan_enc_platinum.narc,133,2913,,57900,57904,18216,18220,4,df3f619804a92fdb4057192dc43dd748ea778adc52bc498ce80524c014b81119,00000000,,,,,False,,,,,,,,,,False,False
/application/zukanlist/zkn_data/zukan_enc_platinum.narc,/application/zukanlist/zkn_data/zukan_enc_platinum.narc!/member_02914,0,/application/zukanlist/zkn_data/zukan_enc_platinum.narc,133,2914,,57904,57908,18220,18224,4,df3f619804a92fdb4057192dc43dd748ea778adc52bc498ce80524c014b81119,00000000,,,,,False,,,,,,,,,,False,False
/application/zukanlist/zkn_data/zukan_enc_platinum.narc,/application/zukanlist/zkn_data/zukan_enc_platinum.narc!/member_02915,0,/application/zukanlist/zkn_data/zukan_enc_platinum.narc,133,2915,,57908,57920,18224,18236,12,ac3e17cb10b4670f60ed7a4f69280ccd605c82307a548ac46547d4918619781d,190000001a00000000000000,,,,,False,,,,,,,,,,False,False
/application/zukanlist/zkn_data/zukan_enc_platinum.narc,/application/zukanlist/zkn_data/zukan_enc_platinum.narc!/member_02916,0,/application/zukanlist/zkn_data/zukan_enc_platinum.narc,133,2916,,57920,57924,18236,18240,4,df3f619804a92fdb4057192dc43dd748ea778adc52bc498ce80524c014b81119,00000000,,,,,False,,,,,,,,,,False,False
/application/zukanlist/zkn_data/zukan_enc_platinum.narc,/application/zukanlist/zkn_data/zukan_enc_platinum.narc!/member_02917,0,/application/zukanlist/zkn_data/zukan_enc_platinum.narc,133,2917,,57924,57928,18240,18244,4,df3f619804a92fdb4057192dc43dd748ea778adc52bc498ce80524c014b81119,00000000,,,,,False,,,,,,,,,,False,False
/application/zukanlist/zkn_data/zukan_enc_platinum.narc,/application/zukanlist/zkn_data/zukan_enc_platinum.narc!/member_02918,0,/application/zukanlist/zkn_data/zukan_enc_platinum.narc,133,2918,,57928,57932,18244,18248,4,df3f619804a92fdb4057192dc43dd748ea778adc52bc498ce80524c014b81119,00000000,,,,,False,,,,,,,,,,False,False
/application/zukanlist/zkn_data/zukan_enc_platinum.narc,/application/zukanlist/zkn_data/zukan_enc_platinum.narc!/member_02919,0,/application/zukanlist/zkn_data/zukan_enc_platinum.narc,133,2919,,57932,57936,18248,18252,4,df3f619804a92fdb4057192dc43dd748ea778adc52bc498ce80524c014b81119,00000000,,,,,False,,,,,,,,,,False,False
/application/zukanlist/zkn_data/zukan_enc_platinum.narc,/application/zukanlist/zkn_data/zukan_enc_platinum.narc!/member_02920,0,/application/zukanlist/zkn_data/zukan_enc_platinum.narc,133,2920,,57936,57952,18252,18268,16,6c2316c1f29c233cbcedddcc6a79a05dce6a49567884b2b21fd8b9a5ded4eecf,1d000000220000002500000000000000,,,,,False,,,,,,,,,,False,False
/application/zukanlist/zkn_data/zukan_enc_platinum.narc,/application/zukanlist/zkn_data/zukan_enc_platinum.narc!/member_02921,0,/application/zukanlist/zkn_data/zukan_enc_platinum.narc,133,2921,,57952,57956,18268,18272,4,df3f619804a92fdb4057192dc43dd748ea778adc52bc498ce80524c014b81119,00000000,,,,,False,,,,,,,,,,False,False
/application/zukanlist/zkn_data/zukan_enc_platinum.narc,/application/zukanlist/zkn_data/zukan_enc_platinum.narc!/member_02922,0,/application/zukanlist/zkn_data/zukan_enc_platinum.narc,133,2922,,57956,57960,18272,18276,4,df3f619804a92fdb4057192dc43dd748ea778adc52bc498ce80524c014b81119,00000000,,,,,False,,,,,,,,,,False,False
/application/zukanlist/zkn_data/zukan_enc_platinum.narc,/application/zukanlist/zkn_data/zukan_enc_platinum.narc!/member_02923,0,/application/zukanlist/zkn_data/zukan_enc_platinum.narc,133,2923,,57960,57964,18276,18280,4,df3f619804a92fdb4057192dc43dd748ea778adc52bc498ce80524c014b81119,00000000,,,,,False,,,,,,,,,,False,False
/application/zukanlist/zkn_data/zukan_enc_platinum.narc,/application/zukanlist/zkn_data/zukan_enc_platinum.narc!/member_02924,0,/application/zukanlist/zkn_data/zukan_enc_platinum.narc,133,2924,,57964,57968,18280,18284,4,df3f619804a92fdb4057192dc43dd748ea778adc52bc498ce80524c014b81119,00000000,,,,,False,,,,,,,,,,False,False
/application/zukanlist/zkn_data/zukan_enc_platinum.narc,/application/zukanlist/zkn_data/zukan_enc_platinum.narc!/member_02925,0,/application/zukanlist/zkn_data/zukan_enc_platinum.narc,133,2925,,57968,57972,18284,18288,4,df3f619804a92fdb4057192dc43dd748ea778adc52bc498ce80524c014b81119,00000000,,,,,False,,,,,,,,,,False,False
/application/zukanlist/zkn_data/zukan_enc_platinum.narc,/application/zukanlist/zkn_data/zukan_enc_platinum.narc!/member_02926,0,/application/zukanlist/zkn_data/zukan_enc_platinum.narc,133,2926,,57972,57976,18288,18292,4,df3f619804a92fdb4057192dc43dd748ea778adc52bc498ce80524c014b81119,00000000,,,,,False,,,,,,,,,,False,False
/application/zukanlist/zkn_data/zukan_enc_platinum.narc,/application/zukanlist/zkn_data/zukan_enc_platinum.narc!/member_02927,0,/application/zukanlist/zkn_data/zukan_enc_platinum.narc,133,2927,,57976,57980,18292,18296,4,df3f619804a92fdb4057192dc43dd748ea778adc52bc498ce80524c014b81119,00000000,,,,,False,,,,,,,,,,False,False
/application/zukanlist/zkn_data/zukan_enc_platinum.narc,/application/zukanlist/zkn_data/zukan_enc_platinum.narc!/member_02928,0,/application/zukanlist/zkn_data/zukan_enc_platinum.narc,133,2928,,57980,57984,18296,18300,4,df3f619804a92fdb4057192dc43dd748ea778adc52bc498ce80524c014b81119,00000000,,,,,False,,,,,,,,,,False,False
/application/zukanlist/zkn_data/zukan_enc_platinum.narc,/application/zukanlist/zkn_data/zukan_enc_platinum.narc!/member_02929,0,/application/zukanlist/zkn_data/zukan_enc_platinum.narc,133,2929,,57984,57992,18300,18308,8,b8282e78d87c2a42f7c0f5b543c0d7760d3fe5a3860a25c20ec57ddaa4d80b81,2900000000000000,,,,,False,,,,,,,,,,False,False
/application/zukanlist/zkn_data/zukan_enc_platinum.narc,/application/zukanlist/zkn_data/zukan_enc_platinum.narc!/member_02930,0,/application/zukanlist/zkn_data/zukan_enc_platinum.narc,133,2930,,57992,57996,18308,18312,4,df3f619804a92fdb4057192dc43dd748ea778adc52bc498ce80524c014b81119,00000000,,,,,False,,,,,,,,,,False,False
/application/zukanlist/zkn_data/zukan_enc_platinum.narc,/application/zukanlist/zkn_data/zukan_enc_platinum.narc!/member_02931,0,/application/zukanlist/zkn_data/zukan_enc_platinum.narc,133,2931,,57996,58000,18312,18316,4,df3f619804a92fdb4057192dc43dd748ea778adc52bc498ce80524c014b81119,00000000,,,,,False,,,,,,,,,,False,False
/application/zukanlist/zkn_data/zukan_enc_platinum.narc,/application/zukanlist/zkn_data/zukan_enc_platinum.narc!/member_02932,0,/application/zukanlist/zkn_data/zukan_enc_platinum.narc,133,2932,,58000,58008,18316,18324,8,3c88bf13b58cba9ca7fe10c55db47931f52b52975cf1e9eaa0c9b0ec29c7c6be,1c00000000000000,,,,,False,,,,,,,,,,False,False
/application/zukanlist/zkn_data/zukan_enc_platinum.narc,/application/zukanlist/zkn_data/zukan_enc_platinum.narc!/member_02933,0,/application/zukanlist/zkn_data/zukan_enc_platinum.narc,133,2933,,58008,58012,18324,18328,4,df3f619804a92fdb4057192dc43dd748ea778adc52bc498ce80524c014b81119,00000000,,,,,False,,,,,,,,,,False,False
/application/zukanlist/zkn_data/zukan_enc_platinum.narc,/application/zukanlist/zkn_data/zukan_enc_platinum.narc!/member_02934,0,/application/zukanlist/zkn_data/zukan_enc_platinum.narc,133,2934,,58012,58016,18328,18332,4,df3f619804a92fdb4057192dc43dd748ea778adc52bc498ce80524c014b81119,00000000,,,,,False,,,,,,,,,,False,False
/application/zukanlist/zkn_data/zukan_enc_platinum.narc,/application/zukanlist/zkn_data/zukan_enc_platinum.narc!/member_02935,0,/application/zukanlist/zkn_data/zukan_enc_platinum.narc,133,2935,,58016,58056,18332,18372,40,78393e2e40f0d37458afc810745a88523a2177b36ce8a9297092a2d7872a97ad,01000000060000000700000009000000,,,,,False,,,,,,,,,,False,False
/application/zukanlist/zkn_data/zukan_enc_platinum.narc,/application/zukanlist/zkn_data/zukan_enc_platinum.narc!/member_02936,0,/application/zukanlist/zkn_data/zukan_enc_platinum.narc,133,2936,,58056,58096,18372,18412,40,78393e2e40f0d37458afc810745a88523a2177b36ce8a9297092a2d7872a97ad,01000000060000000700000009000000,,,,,False,,,,,,,,,,False,False
/application/zukanlist/zkn_data/zukan_enc_platinum.narc,/application/zukanlist/zkn_data/zukan_enc_platinum.narc!/member_02937,0,/application/zukanlist/zkn_data/zukan_enc_platinum.narc,133,2937,,58096,58104,18412,18420,8,8e9bcd43f7a4b257953cbc2b531c31f6361278e8a9bdb19f9da72658ead1ec25,2f00000000000000,,,,,False,,,,,,,,,,False,False
/application/zukanlist/zkn_data/zukan_enc_platinum.narc,/application/zukanlist/zkn_data/zukan_enc_platinum.narc!/member_02938,0,/application/zukanlist/zkn_data/zukan_enc_platinum.narc,133,2938,,58104,58120,18420,18436,16,f2578d6ab3f7d6034fa63ec3e6dd43add5c54ca3f83107f42a3b19e64bc9720a,0b000000200000002100000000000000,,,,,False,,,,,,,,,,False,False
/application/zukanlist/zkn_data/zukan_enc_platinum.narc,/application/zukanlist/zkn_data/zukan_enc_platinum.narc!/member_02939,0,/application/zukanlist/zkn_data/zukan_enc_platinum.narc,133,2939,,58120,58124,18436,18440,4,df3f619804a92fdb4057192dc43dd748ea778adc52bc498ce80524c014b81119,00000000,,,,,False,,,,,,,,,,False,False
/application/zukanlist/zkn_data/zukan_enc_platinum.narc,/application/zukanlist/zkn_data/zukan_enc_platinum.narc!/member_02940,0,/application/zukanlist/zkn_data/zukan_enc_platinum.narc,133,2940,,58124,58128,18440,18444,4,df3f619804a92fdb4057192dc43dd748ea778adc52bc498ce80524c014b81119,00000000,,,,,False,,,,,,,,,,False,False
/application/zukanlist/zkn_data/zukan_enc_platinum.narc,/application/zukanlist/zkn_data/zukan_enc_platinum.narc!/member_02941,0,/application/zukanlist/zkn_data/zukan_enc_platinum.narc,133,2941,,58128,58132,18444,18448,4,df3f619804a92fdb4057192dc43dd748ea778adc52bc498ce80524c014b81119,00000000,,,,,False,,,,,,,,,,False,False
/application/zukanlist/zkn_data/zukan_enc_platinum.narc,/application/zukanlist/zkn_data/zukan_enc_platinum.narc!/member_02942,0,/application/zukanlist/zkn_data/zukan_enc_platinum.narc,133,2942,,58132,58136,18448,18452,4,df3f619804a92fdb4057192dc43dd748ea778adc52bc498ce80524c014b81119,00000000,,,,,False,,,,,,,,,,False,False
/application/zukanlist/zkn_data/zukan_enc_platinum.narc,/application/zukanlist/zkn_data/zukan_enc_platinum.narc!/member_02943,0,/application/zukanlist/zkn_data/zukan_enc_platinum.narc,133,2943,,58136,58140,18452,18456,4,df3f619804a92fdb4057192dc43dd748ea778adc52bc498ce80524c014b81119,00000000,,,,,False,,,,,,,,,,False,False
/application/zukanlist/zkn_data/zukan_enc_platinum.narc,/application/zukanlist/zkn_data/zukan_enc_platinum.narc!/member_02944,0,/application/zukanlist/zkn_data/zukan_enc_platinum.narc,133,2944,,58140,58144,18456,18460,4,df3f619804a92fdb4057192dc43dd748ea778adc52bc498ce80524c014b81119,00000000,,,,,False,,,,,,,,,,False,False
/application/zukanlist/zkn_data/zukan_enc_platinum.narc,/application/zukanlist/zkn_data/zukan_enc_platinum.narc!/member_02945,0,/application/zukanlist/zkn_data/zukan_enc_platinum.narc,133,2945,,58144,58148,18460,18464,4,df3f619804a92fdb4057192dc43dd748ea778adc52bc498ce80524c014b81119,00000000,,,,,False,,,,,,,,,,False,False
/application/zukanlist/zkn_data/zukan_enc_platinum.narc,/application/zukanlist/zkn_data/zukan_enc_platinum.narc!/member_02946,0,/application/zukanlist/zkn_data/zukan_enc_platinum.narc,133,2946,,58148,58152,18464,18468,4,df3f619804a92fdb4057192dc43dd748ea778adc52bc498ce80524c014b81119,00000000,,,,,False,,,,,,,,,,False,False
/application/zukanlist/zkn_data/zukan_enc_platinum.narc,/application/zukanlist/zkn_data/zukan_enc_platinum.narc!/member_02947,0,/application/zukanlist/zkn_data/zukan_enc_platinum.narc,133,2947,,58152,58156,18468,18472,4,df3f619804a92fdb4057192dc43dd748ea778adc52bc498ce80524c014b81119,00000000,,,,,False,,,,,,,,,,False,False
/application/zukanlist/zkn_data/zukan_enc_platinum.narc,/application/zukanlist/zkn_data/zukan_enc_platinum.narc!/member_02948,0,/application/zukanlist/zkn_data/zukan_enc_platinum.narc,133,2948,,58156,58160,18472,18476,4,df3f619804a92fdb4057192dc43dd748ea778adc52bc498ce80524c014b81119,00000000,,,,,False,,,,,,,,,,False,False
/application/zukanlist/zkn_data/zukan_enc_platinum.narc,/application/zukanlist/zkn_data/zukan_enc_platinum.narc!/member_02949,0,/application/zukanlist/zkn_data/zukan_enc_platinum.narc,133,2949,,58160,58164,18476,18480,4,df3f619804a92fdb4057192dc43dd748ea778adc52bc498ce80524c014b81119,00000000,,,,,False,,,,,,,,,,False,False
/application/zukanlist/zkn_data/zukan_enc_platinum.narc,/application/zukanlist/zkn_data/zukan_enc_platinum.narc!/member_02950,0,/application/zukanlist/zkn_data/zukan_enc_platinum.narc,133,2950,,58164,58168,18480,18484,4,df3f619804a92fdb4057192dc43dd748ea778adc52bc498ce80524c014b81119,00000000,,,,,False,,,,,,,,,,False,False
/application/zukanlist/zkn_data/zukan_enc_platinum.narc,/application/zukanlist/zkn_data/zukan_enc_platinum.narc!/member_02951,0,/application/zukanlist/zkn_data/zukan_enc_platinum.narc,133,2951,,58168,58172,18484,18488,4,df3f619804a92fdb4057192dc43dd748ea778adc52bc498ce80524c014b81119,00000000,,,,,False,,,,,,,,,,False,False
/application/zukanlist/zkn_data/zukan_enc_platinum.narc,/application/zukanlist/zkn_data/zukan_enc_platinum.narc!/member_02952,0,/application/zukanlist/zkn_data/zukan_enc_platinum.narc,133,2952,,58172,58176,18488,18492,4,df3f619804a92fdb4057192dc43dd748ea778adc52bc498ce80524c014b81119,00000000,,,,,False,,,,,,,,,,False,False
/application/zukanlist/zkn_data/zukan_enc_platinum.narc,/application/zukanlist/zkn_data/zukan_enc_platinum.narc!/member_02953,0,/application/zukanlist/zkn_data/zukan_enc_platinum.narc,133,2953,,58176,58180,18492,18496,4,df3f619804a92fdb4057192dc43dd748ea778adc52bc498ce80524c014b81119,00000000,,,,,False,,,,,,,,,,False,False
/application/zukanlist/zkn_data/zukan_enc_platinum.narc,/application/zukanlist/zkn_data/zukan_enc_platinum.narc!/member_02954,0,/application/zukanlist/zkn_data/zukan_enc_platinum.narc,133,2954,,58180,58184,18496,18500,4,df3f619804a92fdb4057192dc43dd748ea778adc52bc498ce80524c014b81119,00000000,,,,,False,,,,,,,,,,False,False
/application/zukanlist/zkn_data/zukan_enc_platinum.narc,/application/zukanlist/zkn_data/zukan_enc_platinum.narc!/member_02955,0,/application/zukanlist/zkn_data/zukan_enc_platinum.narc,133,2955,,58184,58188,18500,18504,4,df3f619804a92fdb4057192dc43dd748ea778adc52bc498ce80524c014b81119,00000000,,,,,False,,,,,,,,,,False,False
/application/zukanlist/zkn_data/zukan_enc_platinum.narc,/application/zukanlist/zkn_data/zukan_enc_platinum.narc!/member_02956,0,/application/zukanlist/zkn_data/zukan_enc_platinum.narc,133,2956,,58188,58192,18504,18508,4,df3f619804a92fdb4057192dc43dd748ea778adc52bc498ce80524c014b81119,00000000,,,,,False,,,,,,,,,,False,False
/application/zukanlist/zkn_data/zukan_enc_platinum.narc,/application/zukanlist/zkn_data/zukan_enc_platinum.narc!/member_02957,0,/application/zukanlist/zkn_data/zukan_enc_platinum.narc,133,2957,,58192,58196,18508,18512,4,df3f619804a92fdb4057192dc43dd748ea778adc52bc498ce80524c014b81119,00000000,,,,,False,,,,,,,,,,False,False
/application/zukanlist/zkn_data/zukan_enc_platinum.narc,/application/zukanlist/zkn_data/zukan_enc_platinum.narc!/member_02958,0,/application/zukanlist/zkn_data/zukan_enc_platinum.narc,133,2958,,58196,58200,18512,18516,4,df3f619804a92fdb4057192dc43dd748ea778adc52bc498ce80524c014b81119,00000000,,,,,False,,,,,,,,,,False,False
/application/zukanlist/zkn_data/zukan_enc_platinum.narc,/application/zukanlist/zkn_data/zukan_enc_platinum.narc!/member_02959,0,/application/zukanlist/zkn_data/zukan_enc_platinum.narc,133,2959,,58200,58204,18516,18520,4,df3f619804a92fdb4057192dc43dd748ea778adc52bc498ce80524c014b81119,00000000,,,,,False,,,,,,,,,,False,False
/application/zukanlist/zkn_data/zukan_enc_platinum.narc,/application/zukanlist/zkn_data/zukan_enc_platinum.narc!/member_02960,0,/application/zukanlist/zkn_data/zukan_enc_platinum.narc,133,2960,,58204,58208,18520,18524,4,df3f619804a92fdb4057192dc43dd748ea778adc52bc498ce80524c014b81119,00000000,,,,,False,,,,,,,,,,False,False
/application/zukanlist/zkn_data/zukan_enc_platinum.narc,/application/zukanlist/zkn_data/zukan_enc_platinum.narc!/member_02961,0,/application/zukanlist/zkn_data/zukan_enc_platinum.narc,133,2961,,58208,58212,18524,18528,4,df3f619804a92fdb4057192dc43dd748ea778adc52bc498ce80524c014b81119,00000000,,,,,False,,,,,,,,,,False,False
/application/zukanlist/zkn_data/zukan_enc_platinum.narc,/application/zukanlist/zkn_data/zukan_enc_platinum.narc!/member_02962,0,/application/zukanlist/zkn_data/zukan_enc_platinum.narc,133,2962,,58212,58216,18528,18532,4,df3f619804a92fdb4057192dc43dd748ea778adc52bc498ce80524c014b81119,00000000,,,,,False,,,,,,,,,,False,False
/application/zukanlist/zkn_data/zukan_enc_platinum.narc,/application/zukanlist/zkn_data/zukan_enc_platinum.narc!/member_02963,0,/application/zukanlist/zkn_data/zukan_enc_platinum.narc,133,2963,,58216,58220,18532,18536,4,df3f619804a92fdb4057192dc43dd748ea778adc52bc498ce80524c014b81119,00000000,,,,,False,,,,,,,,,,False,False
/application/zukanlist/zkn_data/zukan_enc_platinum.narc,/application/zukanlist/zkn_data/zukan_enc_platinum.narc!/member_02964,0,/application/zukanlist/zkn_data/zukan_enc_platinum.narc,133,2964,,58220,58224,18536,18540,4,df3f619804a92fdb4057192dc43dd748ea778adc52bc498ce80524c014b81119,00000000,,,,,False,,,,,,,,,,False,False
/application/zukanlist/zkn_data/zukan_enc_platinum.narc,/application/zukanlist/zkn_data/zukan_enc_platinum.narc!/member_02965,0,/application/zukanlist/zkn_data/zukan_enc_platinum.narc,133,2965,,58224,58228,18540,18544,4,df3f619804a92fdb4057192dc43dd748ea778adc52bc498ce80524c014b81119,00000000,,,,,False,,,,,,,,,,False,False
/application/zukanlist/zkn_data/zukan_enc_platinum.narc,/application/zukanlist/zkn_data/zukan_enc_platinum.narc!/member_02966,0,/application/zukanlist/zkn_data/zukan_enc_platinum.narc,133,2966,,58228,58232,18544,18548,4,df3f619804a92fdb4057192dc43dd748ea778adc52bc498ce80524c014b81119,00000000,,,,,False,,,,,,,,,,False,False
/application/zukanlist/zkn_data/zukan_enc_platinum.narc,/application/zukanlist/zkn_data/zukan_enc_platinum.narc!/member_02967,0,/application/zukanlist/zkn_data/zukan_enc_platinum.narc,133,2967,,58232,58236,18548,18552,4,df3f619804a92fdb4057192dc43dd748ea778adc52bc498ce80524c014b81119,00000000,,,,,False,,,,,,,,,,False,False
/application/zukanlist/zkn_data/zukan_enc_platinum.narc,/application/zukanlist/zkn_data/zukan_enc_platinum.narc!/member_02968,0,/application/zukanlist/zkn_data/zukan_enc_platinum.narc,133,2968,,58236,58240,18552,18556,4,df3f619804a92fdb4057192dc43dd748ea778adc52bc498ce80524c014b81119,00000000,,,,,False,,,,,,,,,,False,False
/application/zukanlist/zkn_data/zukan_enc_platinum.narc,/application/zukanlist/zkn_data/zukan_enc_platinum.narc!/member_02969,0,/application/zukanlist/zkn_data/zukan_enc_platinum.narc,133,2969,,58240,58244,18556,18560,4,df3f619804a92fdb4057192dc43dd748ea778adc52bc498ce80524c014b81119,00000000,,,,,False,,,,,,,,,,False,False
/application/zukanlist/zkn_data/zukan_enc_platinum.narc,/application/zukanlist/zkn_data/zukan_enc_platinum.narc!/member_02970,0,/application/zukanlist/zkn_data/zukan_enc_platinum.narc,133,2970,,58244,58248,18560,18564,4,df3f619804a92fdb4057192dc43dd748ea778adc52bc498ce80524c014b81119,00000000,,,,,False,,,,,,,,,,False,False
/application/zukanlist/zkn_data/zukan_enc_platinum.narc,/application/zukanlist/zkn_data/zukan_enc_platinum.narc!/member_02971,0,/application/zukanlist/zkn_data/zukan_enc_platinum.narc,133,2971,,58248,58252,18564,18568,4,df3f619804a92fdb4057192dc43dd748ea778adc52bc498ce80524c014b81119,00000000,,,,,False,,,,,,,,,,False,False
/application/zukanlist/zkn_data/zukan_enc_platinum.narc,/application/zukanlist/zkn_data/zukan_enc_platinum.narc!/member_02972,0,/application/zukanlist/zkn_data/zukan_enc_platinum.narc,133,2972,,58252,58256,18568,18572,4,df3f619804a92fdb4057192dc43dd748ea778adc52bc498ce80524c014b81119,00000000,,,,,False,,,,,,,,,,False,False
/application/zukanlist/zkn_data/zukan_enc_platinum.narc,/application/zukanlist/zkn_data/zukan_enc_platinum.narc!/member_02973,0,/application/zukanlist/zkn_data/zukan_enc_platinum.narc,133,2973,,58256,58260,18572,18576,4,df3f619804a92fdb4057192dc43dd748ea778adc52bc498ce80524c014b81119,00000000,,,,,False,,,,,,,,,,False,False
/application/zukanlist/zkn_data/zukan_enc_platinum.narc,/application/zukanlist/zkn_data/zukan_enc_platinum.narc!/member_02974,0,/application/zukanlist/zkn_data/zukan_enc_platinum.narc,133,2974,,58260,58364,18576,18680,104,d74c78f2b535332240afc5dd4cfbada080950a4dd92316538fc87c717efad12c,01000000020000000300000004000000,,,,,False,,,,,,,,,,False,False
/application/zukanlist/zkn_data/zukan_enc_platinum.narc,/application/zukanlist/zkn_data/zukan_enc_platinum.narc!/member_02975,0,/application/zukanlist/zkn_data/zukan_enc_platinum.narc,133,2975,,58364,58368,18680,18684,4,df3f619804a92fdb4057192dc43dd748ea778adc52bc498ce80524c014b81119,00000000,,,,,False,,,,,,,,,,False,False
/application/zukanlist/zkn_data/zukan_enc_platinum.narc,/application/zukanlist/zkn_data/zukan_enc_platinum.narc!/member_02976,0,/application/zukanlist/zkn_data/zukan_enc_platinum.narc,133,2976,,58368,58372,18684,18688,4,df3f619804a92fdb4057192dc43dd748ea778adc52bc498ce80524c014b81119,00000000,,,,,False,,,,,,,,,,False,False
/application/zukanlist/zkn_data/zukan_enc_platinum.narc,/application/zukanlist/zkn_data/zukan_enc_platinum.narc!/member_02977,0,/application/zukanlist/zkn_data/zukan_enc_platinum.narc,133,2977,,58372,58376,18688,18692,4,df3f619804a92fdb4057192dc43dd748ea778adc52bc498ce80524c014b81119,00000000,,,,,False,,,,,,,,,,False,False
/application/zukanlist/zkn_data/zukan_enc_platinum.narc,/application/zukanlist/zkn_data/zukan_enc_platinum.narc!/member_02978,0,/application/zukanlist/zkn_data/zukan_enc_platinum.narc,133,2978,,58376,58380,18692,18696,4,df3f619804a92fdb4057192dc43dd748ea778adc52bc498ce80524c014b81119,00000000,,,,,False,,,,,,,,,,False,False
/application/zukanlist/zkn_data/zukan_enc_platinum.narc,/application/zukanlist/zkn_data/zukan_enc_platinum.narc!/member_02979,0,/application/zukanlist/zkn_data/zukan_enc_platinum.narc,133,2979,,58380,58384,18696,18700,4,df3f619804a92fdb4057192dc43dd748ea778adc52bc498ce80524c014b81119,00000000,,,,,False,,,,,,,,,,False,False
/application/zukanlist/zkn_data/zukan_enc_platinum.narc,/application/zukanlist/zkn_data/zukan_enc_platinum.narc!/member_02980,0,/application/zukanlist/zkn_data/zukan_enc_platinum.narc,133,2980,,58384,58388,18700,18704,4,df3f619804a92fdb4057192dc43dd748ea778adc52bc498ce80524c014b81119,00000000,,,,,False,,,,,,,,,,False,False
/application/zukanlist/zkn_data/zukan_enc_platinum.narc,/application/zukanlist/zkn_data/zukan_enc_platinum.narc!/member_02981,0,/application/zukanlist/zkn_data/zukan_enc_platinum.narc,133,2981,,58388,58392,18704,18708,4,df3f619804a92fdb4057192dc43dd748ea778adc52bc498ce80524c014b81119,00000000,,,,,False,,,,,,,,,,False,False
/application/zukanlist/zkn_data/zukan_enc_platinum.narc,/application/zukanlist/zkn_data/zukan_enc_platinum.narc!/member_02982,0,/application/zukanlist/zkn_data/zukan_enc_platinum.narc,133,2982,,58392,58396,18708,18712,4,df3f619804a92fdb4057192dc43dd748ea778adc52bc498ce80524c014b81119,00000000,,,,,False,,,,,,,,,,False,False
/application/zukanlist/zkn_data/zukan_enc_platinum.narc,/application/zukanlist/zkn_data/zukan_enc_platinum.narc!/member_02983,0,/application/zukanlist/zkn_data/zukan_enc_platinum.narc,133,2983,,58396,58400,18712,18716,4,df3f619804a92fdb4057192dc43dd748ea778adc52bc498ce80524c014b81119,00000000,,,,,False,,,,,,,,,,False,False
/application/zukanlist/zkn_data/zukan_enc_platinum.narc,/application/zukanlist/zkn_data/zukan_enc_platinum.narc!/member_02984,0,/application/zukanlist/zkn_data/zukan_enc_platinum.narc,133,2984,,58400,58404,18716,18720,4,df3f619804a92fdb4057192dc43dd748ea778adc52bc498ce80524c014b81119,00000000,,,,,False,,,,,,,,,,False,False
/application/zukanlist/zkn_data/zukan_enc_platinum.narc,/application/zukanlist/zkn_data/zukan_enc_platinum.narc!/member_02985,0,/application/zukanlist/zkn_data/zukan_enc_platinum.narc,133,2985,,58404,58408,18720,18724,4,df3f619804a92fdb4057192dc43dd748ea778adc52bc498ce80524c014b81119,00000000,,,,,False,,,,,,,,,,False,False
/application/zukanlist/zkn_data/zukan_enc_platinum.narc,/application/zukanlist/zkn_data/zukan_enc_platinum.narc!/member_02986,0,/application/zukanlist/zkn_data/zukan_enc_platinum.narc,133,2986,,58408,58412,18724,18728,4,df3f619804a92fdb4057192dc43dd748ea778adc52bc498ce80524c014b81119,00000000,,,,,False,,,,,,,,,,False,False
/application/zukanlist/zkn_data/zukan_enc_platinum.narc,/application/zukanlist/zkn_data/zukan_enc_platinum.narc!/member_02987,0,/application/zukanlist/zkn_data/zukan_enc_platinum.narc,133,2987,,58412,58416,18728,18732,4,df3f619804a92fdb4057192dc43dd748ea778adc52bc498ce80524c014b81119,00000000,,,,,False,,,,,,,,,,False,False
/application/zukanlist/zkn_data/zukan_enc_platinum.narc,/application/zukanlist/zkn_data/zukan_enc_platinum.narc!/member_02988,0,/application/zukanlist/zkn_data/zukan_enc_platinum.narc,133,2988,,58416,58420,18732,18736,4,df3f619804a92fdb4057192dc43dd748ea778adc52bc498ce80524c014b81119,00000000,,,,,False,,,,,,,,,,False,False
/application/zukanlist/zkn_data/zukan_enc_platinum.narc,/application/zukanlist/zkn_data/zukan_enc_platinum.narc!/member_02989,0,/application/zukanlist/zkn_data/zukan_enc_platinum.narc,133,2989,,58420,58424,18736,18740,4,df3f619804a92fdb4057192dc43dd748ea778adc52bc498ce80524c014b81119,00000000,,,,,False,,,,,,,,,,False,False
/application/zukanlist/zkn_data/zukan_enc_platinum.narc,/application/zukanlist/zkn_data/zukan_enc_platinum.narc!/member_02990,0,/application/zukanlist/zkn_data/zukan_enc_platinum.narc,133,2990,,58424,58432,18740,18748,8,ed049108bc18f2c64369e8d0ea42850bdd1a7d1dd340cfde716315579702a76c,2a00000000000000,,,,,False,,,,,,,,,,False,False
/application/zukanlist/zkn_data/zukan_enc_platinum.narc,/application/zukanlist/zkn_data/zukan_enc_platinum.narc!/member_02991,0,/application/zukanlist/zkn_data/zukan_enc_platinum.narc,133,2991,,58432,58436,18748,18752,4,df3f619804a92fdb4057192dc43dd748ea778adc52bc498ce80524c014b81119,00000000,,,,,False,,,,,,,,,,False,False
/application/zukanlist/zkn_data/zukan_enc_platinum.narc,/application/zukanlist/zkn_data/zukan_enc_platinum.narc!/member_02992,0,/application/zukanlist/zkn_data/zukan_enc_platinum.narc,133,2992,,58436,58440,18752,18756,4,df3f619804a92fdb4057192dc43dd748ea778adc52bc498ce80524c014b81119,00000000,,,,,False,,,,,,,,,,False,False
/application/zukanlist/zkn_data/zukan_enc_platinum.narc,/application/zukanlist/zkn_data/zukan_enc_platinum.narc!/member_02993,0,/application/zukanlist/zkn_data/zukan_enc_platinum.narc,133,2993,,58440,58452,18756,18768,12,9893212e6b984485abc2a582f07509b2de3f9ee0e30ac1263124e844a9c81346,270000003000000000000000,,,,,False,,,,,,,,,,False,False
/application/zukanlist/zkn_data/zukan_enc_platinum.narc,/application/zukanlist/zkn_data/zukan_enc_platinum.narc!/member_02994,0,/application/zukanlist/zkn_data/zukan_enc_platinum.narc,133,2994,,58452,58464,18768,18780,12,9893212e6b984485abc2a582f07509b2de3f9ee0e30ac1263124e844a9c81346,270000003000000000000000,,,,,False,,,,,,,,,,False,False
/application/zukanlist/zkn_data/zukan_enc_platinum.narc,/application/zukanlist/zkn_data/zukan_enc_platinum.narc!/member_02995,0,/application/zukanlist/zkn_data/zukan_enc_platinum.narc,133,2995,,58464,58472,18780,18788,8,067051cfe3b707b85d619ec630502c5a9cb7a39c3144d19abeec2fefdcda49d8,2700000000000000,,,,,False,,,,,,,,,,False,False
/application/zukanlist/zkn_data/zukan_enc_platinum.narc,/application/zukanlist/zkn_data/zukan_enc_platinum.narc!/member_02996,0,/application/zukanlist/zkn_data/zukan_enc_platinum.narc,133,2996,,58472,58492,18788,18808,20,792ac6b19afa44edced413eca9ea1ce767cc2779540339e1f957051e4bad978f,08000000270000002800000030000000,,,,,False,,,,,,,,,,False,False
/application/zukanlist/zkn_data/zukan_enc_platinum.narc,/application/zukanlist/zkn_data/zukan_enc_platinum.narc!/member_02997,0,/application/zukanlist/zkn_data/zukan_enc_platinum.narc,133,2997,,58492,58496,18808,18812,4,df3f619804a92fdb4057192dc43dd748ea778adc52bc498ce80524c014b81119,00000000,,,,,False,,,,,,,,,,False,False
/application/zukanlist/zkn_data/zukan_enc_platinum.narc,/application/zukanlist/zkn_data/zukan_enc_platinum.narc!/member_02998,0,/application/zukanlist/zkn_data/zukan_enc_platinum.narc,133,2998,,58496,58500,18812,18816,4,df3f619804a92fdb4057192dc43dd748ea778adc52bc498ce80524c014b81119,00000000,,,,,False,,,,,,,,,,False,False
/application/zukanlist/zkn_data/zukan_enc_platinum.narc,/application/zukanlist/zkn_data/zukan_enc_platinum.narc!/member_02999,0,/application/zukanlist/zkn_data/zukan_enc_platinum.narc,133,2999,,58500,58504,18816,18820,4,df3f619804a92fdb4057192dc43dd748ea778adc52bc498ce80524c014b81119,00000000,,,,,False,,,,,,,,,,False,False
/application/zukanlist/zkn_data/zukan_enc_platinum.narc,/application/zukanlist/zkn_data/zukan_enc_platinum.narc!/member_03000,0,/application/zukanlist/zkn_data/zukan_enc_platinum.narc,133,3000,,58504,58508,18820,18824,4,df3f619804a92fdb4057192dc43dd748ea778adc52bc498ce80524c014b81119,00000000,,,,,False,,,,,,,,,,False,False
/application/zukanlist/zkn_data/zukan_enc_platinum.narc,/application/zukanlist/zkn_data/zukan_enc_platinum.narc!/member_03001,0,/application/zukanlist/zkn_data/zukan_enc_platinum.narc,133,3001,,58508,58512,18824,18828,4,df3f619804a92fdb4057192dc43dd748ea778adc52bc498ce80524c014b81119,00000000,,,,,False,,,,,,,,,,False,False
/application/zukanlist/zkn_data/zukan_enc_platinum.narc,/application/zukanlist/zkn_data/zukan_enc_platinum.narc!/member_03002,0,/application/zukanlist/zkn_data/zukan_enc_platinum.narc,133,3002,,58512,58516,18828,18832,4,df3f619804a92fdb4057192dc43dd748ea778adc52bc498ce80524c014b81119,00000000,,,,,False,,,,,,,,,,False,False
/application/zukanlist/zkn_data/zukan_enc_platinum.narc,/application/zukanlist/zkn_data/zukan_enc_platinum.narc!/member_03003,0,/application/zukanlist/zkn_data/zukan_enc_platinum.narc,133,3003,,58516,58520,18832,18836,4,df3f619804a92fdb4057192dc43dd748ea778adc52bc498ce80524c014b81119,00000000,,,,,False,,,,,,,,,,False,False
/application/zukanlist/zkn_data/zukan_enc_platinum.narc,/application/zukanlist/zkn_data/zukan_enc_platinum.narc!/member_03004,0,/application/zukanlist/zkn_data/zukan_enc_platinum.narc,133,3004,,58520,58524,18836,18840,4,df3f619804a92fdb4057192dc43dd748ea778adc52bc498ce80524c014b81119,00000000,,,,,False,,,,,,,,,,False,False
/application/zukanlist/zkn_data/zukan_enc_platinum.narc,/application/zukanlist/zkn_data/zukan_enc_platinum.narc!/member_03005,0,/application/zukanlist/zkn_data/zukan_enc_platinum.narc,133,3005,,58524,58528,18840,18844,4,df3f619804a92fdb4057192dc43dd748ea778adc52bc498ce80524c014b81119,00000000,,,,,False,,,,,,,,,,False,False
/application/zukanlist/zkn_data/zukan_enc_platinum.narc,/application/zukanlist/zkn_data/zukan_enc_platinum.narc!/member_03006,0,/application/zukanlist/zkn_data/zukan_enc_platinum.narc,133,3006,,58528,58532,18844,18848,4,df3f619804a92fdb4057192dc43dd748ea778adc52bc498ce80524c014b81119,00000000,,,,,False,,,,,,,,,,False,False
/application/zukanlist/zkn_data/zukan_enc_platinum.narc,/application/zukanlist/zkn_data/zukan_enc_platinum.narc!/member_03007,0,/application/zukanlist/zkn_data/zukan_enc_platinum.narc,133,3007,,58532,58536,18848,18852,4,df3f619804a92fdb4057192dc43dd748ea778adc52bc498ce80524c014b81119,00000000,,,,,False,,,,,,,,,,False,False
/application/zukanlist/zkn_data/zukan_enc_platinum.narc,/application/zukanlist/zkn_data/zukan_enc_platinum.narc!/member_03008,0,/application/zukanlist/zkn_data/zukan_enc_platinum.narc,133,3008,,58536,58540,18852,18856,4,df3f619804a92fdb4057192dc43dd748ea778adc52bc498ce80524c014b81119,00000000,,,,,False,,,,,,,,,,False,False
/application/zukanlist/zkn_data/zukan_enc_platinum.narc,/application/zukanlist/zkn_data/zukan_enc_platinum.narc!/member_03009,0,/application/zukanlist/zkn_data/zukan_enc_platinum.narc,133,3009,,58540,58544,18856,18860,4,df3f619804a92fdb4057192dc43dd748ea778adc52bc498ce80524c014b81119,00000000,,,,,False,,,,,,,,,,False,False
/application/zukanlist/zkn_data/zukan_enc_platinum.narc,/application/zukanlist/zkn_data/zukan_enc_platinum.narc!/member_03010,0,/application/zukanlist/zkn_data/zukan_enc_platinum.narc,133,3010,,58544,58548,18860,18864,4,df3f619804a92fdb4057192dc43dd748ea778adc52bc498ce80524c014b81119,00000000,,,,,False,,,,,,,,,,False,False
/application/zukanlist/zkn_data/zukan_enc_platinum.narc,/application/zukanlist/zkn_data/zukan_enc_platinum.narc!/member_03011,0,/application/zukanlist/zkn_data/zukan_enc_platinum.narc,133,3011,,58548,58552,18864,18868,4,df3f619804a92fdb4057192dc43dd748ea778adc52bc498ce80524c014b81119,00000000,,,,,False,,,,,,,,,,False,False
/application/zukanlist/zkn_data/zukan_enc_platinum.narc,/application/zukanlist/zkn_data/zukan_enc_platinum.narc!/member_03012,0,/application/zukanlist/zkn_data/zukan_enc_platinum.narc,133,3012,,58552,58556,18868,18872,4,df3f619804a92fdb4057192dc43dd748ea778adc52bc498ce80524c014b81119,00000000,,,,,False,,,,,,,,,,False,False
/application/zukanlist/zkn_data/zukan_enc_platinum.narc,/application/zukanlist/zkn_data/zukan_enc_platinum.narc!/member_03013,0,/application/zukanlist/zkn_data/zukan_enc_platinum.narc,133,3013,,58556,58560,18872,18876,4,df3f619804a92fdb4057192dc43dd748ea778adc52bc498ce80524c014b81119,00000000,,,,,False,,,,,,,,,,False,False
/application/zukanlist/zkn_data/zukan_enc_platinum.narc,/application/zukanlist/zkn_data/zukan_enc_platinum.narc!/member_03014,0,/application/zukanlist/zkn_data/zukan_enc_platinum.narc,133,3014,,58560,58564,18876,18880,4,df3f619804a92fdb4057192dc43dd748ea778adc52bc498ce80524c014b81119,00000000,,,,,False,,,,,,,,,,False,False
/application/zukanlist/zkn_data/zukan_enc_platinum.narc,/application/zukanlist/zkn_data/zukan_enc_platinum.narc!/member_03015,0,/application/zukanlist/zkn_data/zukan_enc_platinum.narc,133,3015,,58564,58568,18880,18884,4,df3f619804a92fdb4057192dc43dd748ea778adc52bc498ce80524c014b81119,00000000,,,,,False,,,,,,,,,,False,False
/application/zukanlist/zkn_data/zukan_enc_platinum.narc,/application/zukanlist/zkn_data/zukan_enc_platinum.narc!/member_03016,0,/application/zukanlist/zkn_data/zukan_enc_platinum.narc,133,3016,,58568,58572,18884,18888,4,df3f619804a92fdb4057192dc43dd748ea778adc52bc498ce80524c014b81119,00000000,,,,,False,,,,,,,,,,False,False
/application/zukanlist/zkn_data/zukan_enc_platinum.narc,/application/zukanlist/zkn_data/zukan_enc_platinum.narc!/member_03017,0,/application/zukanlist/zkn_data/zukan_enc_platinum.narc,133,3017,,58572,58576,18888,18892,4,df3f619804a92fdb4057192dc43dd748ea778adc52bc498ce80524c014b81119,00000000,,,,,False,,,,,,,,,,False,False
/application/zukanlist/zkn_data/zukan_enc_platinum.narc,/application/zukanlist/zkn_data/zukan_enc_platinum.narc!/member_03018,0,/application/zukanlist/zkn_data/zukan_enc_platinum.narc,133,3018,,58576,58588,18892,18904,12,050e32e2ea97d490444d9b4935c9d5d0832227ef37210dbabec6d29f07bf9805,260000003100000000000000,,,,,False,,,,,,,,,,False,False
/application/zukanlist/zkn_data/zukan_enc_platinum.narc,/application/zukanlist/zkn_data/zukan_enc_platinum.narc!/member_03019,0,/application/zukanlist/zkn_data/zukan_enc_platinum.narc,133,3019,,58588,58592,18904,18908,4,df3f619804a92fdb4057192dc43dd748ea778adc52bc498ce80524c014b81119,00000000,,,,,False,,,,,,,,,,False,False
/application/zukanlist/zkn_data/zukan_enc_platinum.narc,/application/zukanlist/zkn_data/zukan_enc_platinum.narc!/member_03020,0,/application/zukanlist/zkn_data/zukan_enc_platinum.narc,133,3020,,58592,58596,18908,18912,4,df3f619804a92fdb4057192dc43dd748ea778adc52bc498ce80524c014b81119,00000000,,,,,False,,,,,,,,,,False,False
/application/zukanlist/zkn_data/zukan_enc_platinum.narc,/application/zukanlist/zkn_data/zukan_enc_platinum.narc!/member_03021,0,/application/zukanlist/zkn_data/zukan_enc_platinum.narc,133,3021,,58596,58600,18912,18916,4,df3f619804a92fdb4057192dc43dd748ea778adc52bc498ce80524c014b81119,00000000,,,,,False,,,,,,,,,,False,False
/application/zukanlist/zkn_data/zukan_enc_platinum.narc,/application/zukanlist/zkn_data/zukan_enc_platinum.narc!/member_03022,0,/application/zukanlist/zkn_data/zukan_enc_platinum.narc,133,3022,,58600,58604,18916,18920,4,df3f619804a92fdb4057192dc43dd748ea778adc52bc498ce80524c014b81119,00000000,,,,,False,,,,,,,,,,False,False
/application/zukanlist/zkn_data/zukan_enc_platinum.narc,/application/zukanlist/zkn_data/zukan_enc_platinum.narc!/member_03023,0,/application/zukanlist/zkn_data/zukan_enc_platinum.narc,133,3023,,58604,58608,18920,18924,4,df3f619804a92fdb4057192dc43dd748ea778adc52bc498ce80524c014b81119,00000000,,,,,False,,,,,,,,,,False,False
/application/zukanlist/zkn_data/zukan_enc_platinum.narc,/application/zukanlist/zkn_data/zukan_enc_platinum.narc!/member_03024,0,/application/zukanlist/zkn_data/zukan_enc_platinum.narc,133,3024,,58608,58616,18924,18932,8,b8282e78d87c2a42f7c0f5b543c0d7760d3fe5a3860a25c20ec57ddaa4d80b81,2900000000000000,,,,,False,,,,,,,,,,False,False
/application/zukanlist/zkn_data/zukan_enc_platinum.narc,/application/zukanlist/zkn_data/zukan_enc_platinum.narc!/member_03025,0,/application/zukanlist/zkn_data/zukan_enc_platinum.narc,133,3025,,58616,58624,18932,18940,8,b8282e78d87c2a42f7c0f5b543c0d7760d3fe5a3860a25c20ec57ddaa4d80b81,2900000000000000,,,,,False,,,,,,,,,,False,False
/application/zukanlist/zkn_data/zukan_enc_platinum.narc,/application/zukanlist/zkn_data/zukan_enc_platinum.narc!/member_03026,0,/application/zukanlist/zkn_data/zukan_enc_platinum.narc,133,3026,,58624,58628,18940,18944,4,df3f619804a92fdb4057192dc43dd748ea778adc52bc498ce80524c014b81119,00000000,,,,,False,,,,,,,,,,False,False
/application/zukanlist/zkn_data/zukan_enc_platinum.narc,/application/zukanlist/zkn_data/zukan_enc_platinum.narc!/member_03027,0,/application/zukanlist/zkn_data/zukan_enc_platinum.narc,133,3027,,58628,58632,18944,18948,4,df3f619804a92fdb4057192dc43dd748ea778adc52bc498ce80524c014b81119,00000000,,,,,False,,,,,,,,,,False,False
/application/zukanlist/zkn_data/zukan_enc_platinum.narc,/application/zukanlist/zkn_data/zukan_enc_platinum.narc!/member_03028,0,/application/zukanlist/zkn_data/zukan_enc_platinum.narc,133,3028,,58632,58692,18948,19008,60,50df72c2b423acebe75fb7d03e92dd80f74fc982c33f15353fce9ae853d05464,020000000e0000000f00000010000000,,,,,False,,,,,,,,,,False,False
/application/zukanlist/zkn_data/zukan_enc_platinum.narc,/application/zukanlist/zkn_data/zukan_enc_platinum.narc!/member_03029,0,/application/zukanlist/zkn_data/zukan_enc_platinum.narc,133,3029,,58692,58752,19008,19068,60,50df72c2b423acebe75fb7d03e92dd80f74fc982c33f15353fce9ae853d05464,020000000e0000000f00000010000000,,,,,False,,,,,,,,,,False,False
/application/zukanlist/zkn_data/zukan_enc_platinum.narc,/application/zukanlist/zkn_data/zukan_enc_platinum.narc!/member_03030,0,/application/zukanlist/zkn_data/zukan_enc_platinum.narc,133,3030,,58752,58756,19068,19072,4,df3f619804a92fdb4057192dc43dd748ea778adc52bc498ce80524c014b81119,00000000,,,,,False,,,,,,,,,,False,False
/application/zukanlist/zkn_data/zukan_enc_platinum.narc,/application/zukanlist/zkn_data/zukan_enc_platinum.narc!/member_03031,0,/application/zukanlist/zkn_data/zukan_enc_platinum.narc,133,3031,,58756,58760,19072,19076,4,df3f619804a92fdb4057192dc43dd748ea778adc52bc498ce80524c014b81119,00000000,,,,,False,,,,,,,,,,False,False
/application/zukanlist/zkn_data/zukan_enc_platinum.narc,/application/zukanlist/zkn_data/zukan_enc_platinum.narc!/member_03032,0,/application/zukanlist/zkn_data/zukan_enc_platinum.narc,133,3032,,58760,58764,19076,19080,4,df3f619804a92fdb4057192dc43dd748ea778adc52bc498ce80524c014b81119,00000000,,,,,False,,,,,,,,,,False,False
/application/zukanlist/zkn_data/zukan_enc_platinum.narc,/application/zukanlist/zkn_data/zukan_enc_platinum.narc!/member_03033,0,/application/zukanlist/zkn_data/zukan_enc_platinum.narc,133,3033,,58764,58768,19080,19084,4,df3f619804a92fdb4057192dc43dd748ea778adc52bc498ce80524c014b81119,00000000,,,,,False,,,,,,,,,,False,False
/application/zukanlist/zkn_data/zukan_enc_platinum.narc,/application/zukanlist/zkn_data/zukan_enc_platinum.narc!/member_03034,0,/application/zukanlist/zkn_data/zukan_enc_platinum.narc,133,3034,,58768,58780,19084,19096,12,066e06701fcce07f9fc2d55ca20ae9544ec2705cbec3a6b8d19c51aa4f0054ea,280000002900000000000000,,,,,True,Nintendo Huffman 8-bit,Probable,False,41,,,,,,False,False
/application/zukanlist/zkn_data/zukan_enc_platinum.narc,/application/zukanlist/zkn_data/zukan_enc_platinum.narc!/member_03035,0,/application/zukanlist/zkn_data/zukan_enc_platinum.narc,133,3035,,58780,58792,19096,19108,12,066e06701fcce07f9fc2d55ca20ae9544ec2705cbec3a6b8d19c51aa4f0054ea,280000002900000000000000,,,,,True,Nintendo Huffman 8-bit,Probable,False,41,,,,,,False,False
/application/zukanlist/zkn_data/zukan_enc_platinum.narc,/application/zukanlist/zkn_data/zukan_enc_platinum.narc!/member_03036,0,/application/zukanlist/zkn_data/zukan_enc_platinum.narc,133,3036,,58792,58796,19108,19112,4,df3f619804a92fdb4057192dc43dd748ea778adc52bc498ce80524c014b81119,00000000,,,,,False,,,,,,,,,,False,False
/application/zukanlist/zkn_data/zukan_enc_platinum.narc,/application/zukanlist/zkn_data/zukan_enc_platinum.narc!/member_03037,0,/application/zukanlist/zkn_data/zukan_enc_platinum.narc,133,3037,,58796,58808,19112,19124,12,f3eaf50b7b9910204c0c72c73353ea7575297acc9bad11552e158f673c31387d,0e0000001f00000000000000,,,,,False,,,,,,,,,,False,False
/application/zukanlist/zkn_data/zukan_enc_platinum.narc,/application/zukanlist/zkn_data/zukan_enc_platinum.narc!/member_03038,0,/application/zukanlist/zkn_data/zukan_enc_platinum.narc,133,3038,,58808,58816,19124,19132,8,d5cc13b299a327f47cd6361d0441d7edb9d48568f33b460ba17f6a4e3a2ef7ae,1f00000000000000,,,,,False,,,,,,,,,,False,False
/application/zukanlist/zkn_data/zukan_enc_platinum.narc,/application/zukanlist/zkn_data/zukan_enc_platinum.narc!/member_03039,0,/application/zukanlist/zkn_data/zukan_enc_platinum.narc,133,3039,,58816,58820,19132,19136,4,df3f619804a92fdb4057192dc43dd748ea778adc52bc498ce80524c014b81119,00000000,,,,,False,,,,,,,,,,False,False
/application/zukanlist/zkn_data/zukan_enc_platinum.narc,/application/zukanlist/zkn_data/zukan_enc_platinum.narc!/member_03040,0,/application/zukanlist/zkn_data/zukan_enc_platinum.narc,133,3040,,58820,58840,19136,19156,20,ba85d468169a845f91991d6a3b289380296bd101e6f9a5bd0f9fe5cac4876ca2,13000000140000001800000019000000,,,,,False,,,,,,,,,,False,False
/application/zukanlist/zkn_data/zukan_enc_platinum.narc,/application/zukanlist/zkn_data/zukan_enc_platinum.narc!/member_03041,0,/application/zukanlist/zkn_data/zukan_enc_platinum.narc,133,3041,,58840,58860,19156,19176,20,e96a6a5222c4c07580141b81255290169f7d15bb7277fb7268138a59434e86ef,180000001a0000002700000030000000,,,,,False,,,,,,,,,,False,False
/application/zukanlist/zkn_data/zukan_enc_platinum.narc,/application/zukanlist/zkn_data/zukan_enc_platinum.narc!/member_03042,0,/application/zukanlist/zkn_data/zukan_enc_platinum.narc,133,3042,,58860,58864,19176,19180,4,df3f619804a92fdb4057192dc43dd748ea778adc52bc498ce80524c014b81119,00000000,,,,,False,,,,,,,,,,False,False
/application/zukanlist/zkn_data/zukan_enc_platinum.narc,/application/zukanlist/zkn_data/zukan_enc_platinum.narc!/member_03043,0,/application/zukanlist/zkn_data/zukan_enc_platinum.narc,133,3043,,58864,58876,19180,19192,12,050e32e2ea97d490444d9b4935c9d5d0832227ef37210dbabec6d29f07bf9805,260000003100000000000000,,,,,False,,,,,,,,,,False,False
/application/zukanlist/zkn_data/zukan_enc_platinum.narc,/application/zukanlist/zkn_data/zukan_enc_platinum.narc!/member_03044,0,/application/zukanlist/zkn_data/zukan_enc_platinum.narc,133,3044,,58876,58888,19192,19204,12,050e32e2ea97d490444d9b4935c9d5d0832227ef37210dbabec6d29f07bf9805,260000003100000000000000,,,,,False,,,,,,,,,,False,False
/application/zukanlist/zkn_data/zukan_enc_platinum.narc,/application/zukanlist/zkn_data/zukan_enc_platinum.narc!/member_03045,0,/application/zukanlist/zkn_data/zukan_enc_platinum.narc,133,3045,,58888,58892,19204,19208,4,df3f619804a92fdb4057192dc43dd748ea778adc52bc498ce80524c014b81119,00000000,,,,,False,,,,,,,,,,False,False
/application/zukanlist/zkn_data/zukan_enc_platinum.narc,/application/zukanlist/zkn_data/zukan_enc_platinum.narc!/member_03046,0,/application/zukanlist/zkn_data/zukan_enc_platinum.narc,133,3046,,58892,58952,19208,19268,60,5bc99e26232c0ddca505c0c2c84589543af35ffbf7ab9db4cc78f12cbd508f9b,01000000030000000400000006000000,,,,,False,,,,,,,,,,False,False
/application/zukanlist/zkn_data/zukan_enc_platinum.narc,/application/zukanlist/zkn_data/zukan_enc_platinum.narc!/member_03047,0,/application/zukanlist/zkn_data/zukan_enc_platinum.narc,133,3047,,58952,59032,19268,19348,80,02e26cb329deaac108bb921395881d430a13d32820fa58a709858efb24107f30,01000000030000000400000005000000,,,,,False,,,,,,,,,,False,False
/application/zukanlist/zkn_data/zukan_enc_platinum.narc,/application/zukanlist/zkn_data/zukan_enc_platinum.narc!/member_03048,0,/application/zukanlist/zkn_data/zukan_enc_platinum.narc,133,3048,,59032,59052,19348,19368,20,5339ff809f6ff60906c95b0e694b57af22e044d56634d0510098a4bcb1d76853,1300000014000000170000001e000000,,,,,False,,,,,,,,,,False,False
/application/zukanlist/zkn_data/zukan_enc_platinum.narc,/application/zukanlist/zkn_data/zukan_enc_platinum.narc!/member_03049,0,/application/zukanlist/zkn_data/zukan_enc_platinum.narc,133,3049,,59052,59084,19368,19400,32,c693498378f01e12f435a61695ff2db8578434d0b7a635713e58de38a1ae53b4,080000001a0000001e00000020000000,,,,,False,,,,,,,,,,False,False
/application/zukanlist/zkn_data/zukan_enc_platinum.narc,/application/zukanlist/zkn_data/zukan_enc_platinum.narc!/member_03050,0,/application/zukanlist/zkn_data/zukan_enc_platinum.narc,133,3050,,59084,59088,19400,19404,4,df3f619804a92fdb4057192dc43dd748ea778adc52bc498ce80524c014b81119,00000000,,,,,False,,,,,,,,,,False,False
/application/zukanlist/zkn_data/zukan_enc_platinum.narc,/application/zukanlist/zkn_data/zukan_enc_platinum.narc!/member_03051,0,/application/zukanlist/zkn_data/zukan_enc_platinum.narc,133,3051,,59088,59104,19404,19420,16,3213e68ea9ea3c4ff567bccac9f4da5360111837e841cc4bf709330193f094cb,13000000140000001700000000000000,,,,,False,,,,,,,,,,False,False
/application/zukanlist/zkn_data/zukan_enc_platinum.narc,/application/zukanlist/zkn_data/zukan_enc_platinum.narc!/member_03052,0,/application/zukanlist/zkn_data/zukan_enc_platinum.narc,133,3052,,59104,59108,19420,19424,4,df3f619804a92fdb4057192dc43dd748ea778adc52bc498ce80524c014b81119,00000000,,,,,False,,,,,,,,,,False,False
/application/zukanlist/zkn_data/zukan_enc_platinum.narc,/application/zukanlist/zkn_data/zukan_enc_platinum.narc!/member_03053,0,/application/zukanlist/zkn_data/zukan_enc_platinum.narc,133,3053,,59108,59112,19424,19428,4,df3f619804a92fdb4057192dc43dd748ea778adc52bc498ce80524c014b81119,00000000,,,,,False,,,,,,,,,,False,False
/application/zukanlist/zkn_data/zukan_enc_platinum.narc,/application/zukanlist/zkn_data/zukan_enc_platinum.narc!/member_03054,0,/application/zukanlist/zkn_data/zukan_enc_platinum.narc,133,3054,,59112,59116,19428,19432,4,df3f619804a92fdb4057192dc43dd748ea778adc52bc498ce80524c014b81119,00000000,,,,,False,,,,,,,,,,False,False
/application/zukanlist/zkn_data/zukan_enc_platinum.narc,/application/zukanlist/zkn_data/zukan_enc_platinum.narc!/member_03055,0,/application/zukanlist/zkn_data/zukan_enc_platinum.narc,133,3055,,59116,59128,19432,19444,12,c37b628320c3bad238a88cfd7c041a4688b422aff711bf5bc7a8c48bc750403a,070000002500000000000000,,,,,False,,,,,,,,,,False,False
/application/zukanlist/zkn_data/zukan_enc_platinum.narc,/application/zukanlist/zkn_data/zukan_enc_platinum.narc!/member_03056,0,/application/zukanlist/zkn_data/zukan_enc_platinum.narc,133,3056,,59128,59136,19444,19452,8,2f717924a0d2847aa264ae9d76457847bbf5916d3298045ab0ffc45be8f4c228,2500000000000000,,,,,False,,,,,,,,,,False,False
/application/zukanlist/zkn_data/zukan_enc_platinum.narc,/application/zukanlist/zkn_data/zukan_enc_platinum.narc!/member_03057,0,/application/zukanlist/zkn_data/zukan_enc_platinum.narc,133,3057,,59136,59140,19452,19456,4,df3f619804a92fdb4057192dc43dd748ea778adc52bc498ce80524c014b81119,00000000,,,,,False,,,,,,,,,,False,False
/application/zukanlist/zkn_data/zukan_enc_platinum.narc,/application/zukanlist/zkn_data/zukan_enc_platinum.narc!/member_03058,0,/application/zukanlist/zkn_data/zukan_enc_platinum.narc,133,3058,,59140,59144,19456,19460,4,df3f619804a92fdb4057192dc43dd748ea778adc52bc498ce80524c014b81119,00000000,,,,,False,,,,,,,,,,False,False
/application/zukanlist/zkn_data/zukan_enc_platinum.narc,/application/zukanlist/zkn_data/zukan_enc_platinum.narc!/member_03059,0,/application/zukanlist/zkn_data/zukan_enc_platinum.narc,133,3059,,59144,59148,19460,19464,4,df3f619804a92fdb4057192dc43dd748ea778adc52bc498ce80524c014b81119,00000000,,,,,False,,,,,,,,,,False,False
/application/zukanlist/zkn_data/zukan_enc_platinum.narc,/application/zukanlist/zkn_data/zukan_enc_platinum.narc!/member_03060,0,/application/zukanlist/zkn_data/zukan_enc_platinum.narc,133,3060,,59148,59152,19464,19468,4,df3f619804a92fdb4057192dc43dd748ea778adc52bc498ce80524c014b81119,00000000,,,,,False,,,,,,,,,,False,False
/application/zukanlist/zkn_data/zukan_enc_platinum.narc,/application/zukanlist/zkn_data/zukan_enc_platinum.narc!/member_03061,0,/application/zukanlist/zkn_data/zukan_enc_platinum.narc,133,3061,,59152,59156,19468,19472,4,df3f619804a92fdb4057192dc43dd748ea778adc52bc498ce80524c014b81119,00000000,,,,,False,,,,,,,,,,False,False
/application/zukanlist/zkn_data/zukan_enc_platinum.narc,/application/zukanlist/zkn_data/zukan_enc_platinum.narc!/member_03062,0,/application/zukanlist/zkn_data/zukan_enc_platinum.narc,133,3062,,59156,59160,19472,19476,4,df3f619804a92fdb4057192dc43dd748ea778adc52bc498ce80524c014b81119,00000000,,,,,False,,,,,,,,,,False,False
/application/zukanlist/zkn_data/zukan_enc_platinum.narc,/application/zukanlist/zkn_data/zukan_enc_platinum.narc!/member_03063,0,/application/zukanlist/zkn_data/zukan_enc_platinum.narc,133,3063,,59160,59164,19476,19480,4,df3f619804a92fdb4057192dc43dd748ea778adc52bc498ce80524c014b81119,00000000,,,,,False,,,,,,,,,,False,False
/application/zukanlist/zkn_data/zukan_enc_platinum.narc,/application/zukanlist/zkn_data/zukan_enc_platinum.narc!/member_03064,0,/application/zukanlist/zkn_data/zukan_enc_platinum.narc,133,3064,,59164,59180,19480,19496,16,f02a59e25f28c5430817846511bae48e7c81ec9f1fe011e02713614d466d0a88,06000000070000001100000000000000,,,,,False,,,,,,,,,,False,False
/application/zukanlist/zkn_data/zukan_enc_platinum.narc,/application/zukanlist/zkn_data/zukan_enc_platinum.narc!/member_03065,0,/application/zukanlist/zkn_data/zukan_enc_platinum.narc,133,3065,,59180,59184,19496,19500,4,df3f619804a92fdb4057192dc43dd748ea778adc52bc498ce80524c014b81119,00000000,,,,,False,,,,,,,,,,False,False
/application/zukanlist/zkn_data/zukan_enc_platinum.narc,/application/zukanlist/zkn_data/zukan_enc_platinum.narc!/member_03066,0,/application/zukanlist/zkn_data/zukan_enc_platinum.narc,133,3066,,59184,59188,19500,19504,4,df3f619804a92fdb4057192dc43dd748ea778adc52bc498ce80524c014b81119,00000000,,,,,False,,,,,,,,,,False,False
/application/zukanlist/zkn_data/zukan_enc_platinum.narc,/application/zukanlist/zkn_data/zukan_enc_platinum.narc!/member_03067,0,/application/zukanlist/zkn_data/zukan_enc_platinum.narc,133,3067,,59188,59192,19504,19508,4,df3f619804a92fdb4057192dc43dd748ea778adc52bc498ce80524c014b81119,00000000,,,,,False,,,,,,,,,,False,False
/application/zukanlist/zkn_data/zukan_enc_platinum.narc,/application/zukanlist/zkn_data/zukan_enc_platinum.narc!/member_03068,0,/application/zukanlist/zkn_data/zukan_enc_platinum.narc,133,3068,,59192,59196,19508,19512,4,df3f619804a92fdb4057192dc43dd748ea778adc52bc498ce80524c014b81119,00000000,,,,,False,,,,,,,,,,False,False
/application/zukanlist/zkn_data/zukan_enc_platinum.narc,/application/zukanlist/zkn_data/zukan_enc_platinum.narc!/member_03069,0,/application/zukanlist/zkn_data/zukan_enc_platinum.narc,133,3069,,59196,59200,19512,19516,4,df3f619804a92fdb4057192dc43dd748ea778adc52bc498ce80524c014b81119,00000000,,,,,False,,,,,,,,,,False,False
/application/zukanlist/zkn_data/zukan_enc_platinum.narc,/application/zukanlist/zkn_data/zukan_enc_platinum.narc!/member_03070,0,/application/zukanlist/zkn_data/zukan_enc_platinum.narc,133,3070,,59200,59204,19516,19520,4,df3f619804a92fdb4057192dc43dd748ea778adc52bc498ce80524c014b81119,00000000,,,,,False,,,,,,,,,,False,False
/application/zukanlist/zkn_data/zukan_enc_platinum.narc,/application/zukanlist/zkn_data/zukan_enc_platinum.narc!/member_03071,0,/application/zukanlist/zkn_data/zukan_enc_platinum.narc,133,3071,,59204,59208,19520,19524,4,df3f619804a92fdb4057192dc43dd748ea778adc52bc498ce80524c014b81119,00000000,,,,,False,,,,,,,,,,False,False
/application/zukanlist/zkn_data/zukan_enc_platinum.narc,/application/zukanlist/zkn_data/zukan_enc_platinum.narc!/member_03072,0,/application/zukanlist/zkn_data/zukan_enc_platinum.narc,133,3072,,59208,59212,19524,19528,4,df3f619804a92fdb4057192dc43dd748ea778adc52bc498ce80524c014b81119,00000000,,,,,False,,,,,,,,,,False,False
/application/zukanlist/zkn_data/zukan_enc_platinum.narc,/application/zukanlist/zkn_data/zukan_enc_platinum.narc!/member_03073,0,/application/zukanlist/zkn_data/zukan_enc_platinum.narc,133,3073,,59212,59216,19528,19532,4,df3f619804a92fdb4057192dc43dd748ea778adc52bc498ce80524c014b81119,00000000,,,,,False,,,,,,,,,,False,False
/application/zukanlist/zkn_data/zukan_enc_platinum.narc,/application/zukanlist/zkn_data/zukan_enc_platinum.narc!/member_03074,0,/application/zukanlist/zkn_data/zukan_enc_platinum.narc,133,3074,,59216,59220,19532,19536,4,df3f619804a92fdb4057192dc43dd748ea778adc52bc498ce80524c014b81119,00000000,,,,,False,,,,,,,,,,False,False
/application/zukanlist/zkn_data/zukan_enc_platinum.narc,/application/zukanlist/zkn_data/zukan_enc_platinum.narc!/member_03075,0,/application/zukanlist/zkn_data/zukan_enc_platinum.narc,133,3075,,59220,59224,19536,19540,4,df3f619804a92fdb4057192dc43dd748ea778adc52bc498ce80524c014b81119,00000000,,,,,False,,,,,,,,,,False,False
/application/zukanlist/zkn_data/zukan_enc_platinum.narc,/application/zukanlist/zkn_data/zukan_enc_platinum.narc!/member_03076,0,/application/zukanlist/zkn_data/zukan_enc_platinum.narc,133,3076,,59224,59228,19540,19544,4,df3f619804a92fdb4057192dc43dd748ea778adc52bc498ce80524c014b81119,00000000,,,,,False,,,,,,,,,,False,False
/application/zukanlist/zkn_data/zukan_enc_platinum.narc,/application/zukanlist/zkn_data/zukan_enc_platinum.narc!/member_03077,0,/application/zukanlist/zkn_data/zukan_enc_platinum.narc,133,3077,,59228,59232,19544,19548,4,df3f619804a92fdb4057192dc43dd748ea778adc52bc498ce80524c014b81119,00000000,,,,,False,,,,,,,,,,False,False
/application/zukanlist/zkn_data/zukan_enc_platinum.narc,/application/zukanlist/zkn_data/zukan_enc_platinum.narc!/member_03078,0,/application/zukanlist/zkn_data/zukan_enc_platinum.narc,133,3078,,59232,59236,19548,19552,4,df3f619804a92fdb4057192dc43dd748ea778adc52bc498ce80524c014b81119,00000000,,,,,False,,,,,,,,,,False,False
/application/zukanlist/zkn_data/zukan_enc_platinum.narc,/application/zukanlist/zkn_data/zukan_enc_platinum.narc!/member_03079,0,/application/zukanlist/zkn_data/zukan_enc_platinum.narc,133,3079,,59236,59240,19552,19556,4,df3f619804a92fdb4057192dc43dd748ea778adc52bc498ce80524c014b81119,00000000,,,,,False,,,,,,,,,,False,False
/application/zukanlist/zkn_data/zukan_enc_platinum.narc,/application/zukanlist/zkn_data/zukan_enc_platinum.narc!/member_03080,0,/application/zukanlist/zkn_data/zukan_enc_platinum.narc,133,3080,,59240,59244,19556,19560,4,df3f619804a92fdb4057192dc43dd748ea778adc52bc498ce80524c014b81119,00000000,,,,,False,,,,,,,,,,False,False
/application/zukanlist/zkn_data/zukan_enc_platinum.narc,/application/zukanlist/zkn_data/zukan_enc_platinum.narc!/member_03081,0,/application/zukanlist/zkn_data/zukan_enc_platinum.narc,133,3081,,59244,59248,19560,19564,4,df3f619804a92fdb4057192dc43dd748ea778adc52bc498ce80524c014b81119,00000000,,,,,False,,,,,,,,,,False,False
/application/zukanlist/zkn_data/zukan_enc_platinum.narc,/application/zukanlist/zkn_data/zukan_enc_platinum.narc!/member_03082,0,/application/zukanlist/zkn_data/zukan_enc_platinum.narc,133,3082,,59248,59256,19564,19572,8,d5cc13b299a327f47cd6361d0441d7edb9d48568f33b460ba17f6a4e3a2ef7ae,1f00000000000000,,,,,False,,,,,,,,,,False,False
/application/zukanlist/zkn_data/zukan_enc_platinum.narc,/application/zukanlist/zkn_data/zukan_enc_platinum.narc!/member_03083,0,/application/zukanlist/zkn_data/zukan_enc_platinum.narc,133,3083,,59256,59260,19572,19576,4,df3f619804a92fdb4057192dc43dd748ea778adc52bc498ce80524c014b81119,00000000,,,,,False,,,,,,,,,,False,False
/application/zukanlist/zkn_data/zukan_enc_platinum.narc,/application/zukanlist/zkn_data/zukan_enc_platinum.narc!/member_03084,0,/application/zukanlist/zkn_data/zukan_enc_platinum.narc,133,3084,,59260,59272,19576,19588,12,82845f601ec6f67c6123951adc94a3a015e24cb0ab292fb289695e981c4a6a7a,080000002800000000000000,,,,,False,,,,,,,,,,False,False
/application/zukanlist/zkn_data/zukan_enc_platinum.narc,/application/zukanlist/zkn_data/zukan_enc_platinum.narc!/member_03085,0,/application/zukanlist/zkn_data/zukan_enc_platinum.narc,133,3085,,59272,59288,19588,19604,16,43ab0b0fa64c459a7e5e8eec7409c4054fdd85d6cc1435318427e8b7be8a656c,080000001e0000002800000000000000,,,,,False,,,,,,,,,,False,False
/application/zukanlist/zkn_data/zukan_enc_platinum.narc,/application/zukanlist/zkn_data/zukan_enc_platinum.narc!/member_03086,0,/application/zukanlist/zkn_data/zukan_enc_platinum.narc,133,3086,,59288,59304,19604,19620,16,c081698ecbc147b7a7bf91906a7c80b6cdbf7118afa1d59efee6ddb16a2606c8,08000000280000002900000000000000,,,,,False,,,,,,,,,,False,False
/application/zukanlist/zkn_data/zukan_enc_platinum.narc,/application/zukanlist/zkn_data/zukan_enc_platinum.narc!/member_03087,0,/application/zukanlist/zkn_data/zukan_enc_platinum.narc,133,3087,,59304,59316,19620,19632,12,8274d6cd5c457eb9d21d15ef7fc534c460554c75de83491091c05d37d1934bf7,160000001700000000000000,,,,,False,,,,,,,,,,False,False
/application/zukanlist/zkn_data/zukan_enc_platinum.narc,/application/zukanlist/zkn_data/zukan_enc_platinum.narc!/member_03088,0,/application/zukanlist/zkn_data/zukan_enc_platinum.narc,133,3088,,59316,59320,19632,19636,4,df3f619804a92fdb4057192dc43dd748ea778adc52bc498ce80524c014b81119,00000000,,,,,False,,,,,,,,,,False,False
/application/zukanlist/zkn_data/zukan_enc_platinum.narc,/application/zukanlist/zkn_data/zukan_enc_platinum.narc!/member_03089,0,/application/zukanlist/zkn_data/zukan_enc_platinum.narc,133,3089,,59320,59324,19636,19640,4,df3f619804a92fdb4057192dc43dd748ea778adc52bc498ce80524c014b81119,00000000,,,,,False,,,,,,,,,,False,False
/application/zukanlist/zkn_data/zukan_enc_platinum.narc,/application/zukanlist/zkn_data/zukan_enc_platinum.narc!/member_03090,0,/application/zukanlist/zkn_data/zukan_enc_platinum.narc,133,3090,,59324,59332,19640,19648,8,4779cee98e83f1a1592de4f293107545fabab96772e43de89f3437b35f08938f,3000000000000000,,Nintendo RLE,Probable,,True,Nintendo RLE,Probable,False,0,,,,,,False,False
/application/zukanlist/zkn_data/zukan_enc_platinum.narc,/application/zukanlist/zkn_data/zukan_enc_platinum.narc!/member_03091,0,/application/zukanlist/zkn_data/zukan_enc_platinum.narc,133,3091,,59332,59340,19648,19656,8,4779cee98e83f1a1592de4f293107545fabab96772e43de89f3437b35f08938f,3000000000000000,,Nintendo RLE,Probable,,True,Nintendo RLE,Probable,False,0,,,,,,False,False
/application/zukanlist/zkn_data/zukan_enc_platinum.narc,/application/zukanlist/zkn_data/zukan_enc_platinum.narc!/member_03092,0,/application/zukanlist/zkn_data/zukan_enc_platinum.narc,133,3092,,59340,59384,19656,19700,44,eba967e815382a61de6422086bcca7cc7a6a4e5b63d6af97f1fbcea5d2367762,0e0000000f0000001000000015000000,,,,,False,,,,,,,,,,False,False
/application/zukanlist/zkn_data/zukan_enc_platinum.narc,/application/zukanlist/zkn_data/zukan_enc_platinum.narc!/member_03093,0,/application/zukanlist/zkn_data/zukan_enc_platinum.narc,133,3093,,59384,59428,19700,19744,44,eba967e815382a61de6422086bcca7cc7a6a4e5b63d6af97f1fbcea5d2367762,0e0000000f0000001000000015000000,,,,,False,,,,,,,,,,False,False
/application/zukanlist/zkn_data/zukan_enc_platinum.narc,/application/zukanlist/zkn_data/zukan_enc_platinum.narc!/member_03094,0,/application/zukanlist/zkn_data/zukan_enc_platinum.narc,133,3094,,59428,59440,19744,19756,12,26e932d7918278fb621172cc61dee1659b87da039613f6212f4959d013f243cd,010000000400000000000000,,,,,False,,,,,,,,,,False,False
/application/zukanlist/zkn_data/zukan_enc_platinum.narc,/application/zukanlist/zkn_data/zukan_enc_platinum.narc!/member_03095,0,/application/zukanlist/zkn_data/zukan_enc_platinum.narc,133,3095,,59440,59444,19756,19760,4,df3f619804a92fdb4057192dc43dd748ea778adc52bc498ce80524c014b81119,00000000,,,,,False,,,,,,,,,,False,False
/application/zukanlist/zkn_data/zukan_enc_platinum.narc,/application/zukanlist/zkn_data/zukan_enc_platinum.narc!/member_03096,0,/application/zukanlist/zkn_data/zukan_enc_platinum.narc,133,3096,,59444,59452,19760,19768,8,280263b8515b99c473d9685d1fca1b992ae0949c742ba11c9ba625d9cd984506,2200000000000000,,,,,False,,,,,,,,,,False,False
/application/zukanlist/zkn_data/zukan_enc_platinum.narc,/application/zukanlist/zkn_data/zukan_enc_platinum.narc!/member_03097,0,/application/zukanlist/zkn_data/zukan_enc_platinum.narc,133,3097,,59452,59468,19768,19784,16,a5c0bc9068de72e852fa8c60ecfb2bb7a08e2fd7b489556ca297fff8f667379d,17000000180000001f00000000000000,,,,,False,,,,,,,,,,False,False
/application/zukanlist/zkn_data/zukan_enc_platinum.narc,/application/zukanlist/zkn_data/zukan_enc_platinum.narc!/member_03098,0,/application/zukanlist/zkn_data/zukan_enc_platinum.narc,133,3098,,59468,59472,19784,19788,4,df3f619804a92fdb4057192dc43dd748ea778adc52bc498ce80524c014b81119,00000000,,,,,False,,,,,,,,,,False,False
/application/zukanlist/zkn_data/zukan_enc_platinum.narc,/application/zukanlist/zkn_data/zukan_enc_platinum.narc!/member_03099,0,/application/zukanlist/zkn_data/zukan_enc_platinum.narc,133,3099,,59472,59480,19788,19796,8,2f717924a0d2847aa264ae9d76457847bbf5916d3298045ab0ffc45be8f4c228,2500000000000000,,,,,False,,,,,,,,,,False,False
/application/zukanlist/zkn_data/zukan_enc_platinum.narc,/application/zukanlist/zkn_data/zukan_enc_platinum.narc!/member_03100,0,/application/zukanlist/zkn_data/zukan_enc_platinum.narc,133,3100,,59480,59488,19796,19804,8,aae89fc0f03e2959ae4d701a80cc3915918c950b159f6abb6c92c1433b1a8534,0700000000000000,,,,,False,,,,,,,,,,False,False
/application/zukanlist/zkn_data/zukan_enc_platinum.narc,/application/zukanlist/zkn_data/zukan_enc_platinum.narc!/member_03101,0,/application/zukanlist/zkn_data/zukan_enc_platinum.narc,133,3101,,59488,59492,19804,19808,4,df3f619804a92fdb4057192dc43dd748ea778adc52bc498ce80524c014b81119,00000000,,,,,False,,,,,,,,,,False,False
/application/zukanlist/zkn_data/zukan_enc_platinum.narc,/application/zukanlist/zkn_data/zukan_enc_platinum.narc!/member_03102,0,/application/zukanlist/zkn_data/zukan_enc_platinum.narc,133,3102,,59492,59496,19808,19812,4,df3f619804a92fdb4057192dc43dd748ea778adc52bc498ce80524c014b81119,00000000,,,,,False,,,,,,,,,,False,False
/application/zukanlist/zkn_data/zukan_enc_platinum.narc,/application/zukanlist/zkn_data/zukan_enc_platinum.narc!/member_03103,0,/application/zukanlist/zkn_data/zukan_enc_platinum.narc,133,3103,,59496,59644,19812,19960,148,b798f55240028a331b08e502e32378c39e0af5135ef9888029013ed89ef17a9e,01000000020000000300000004000000,,,,,False,,,,,,,,,,False,False
/application/zukanlist/zkn_data/zukan_enc_platinum.narc,/application/zukanlist/zkn_data/zukan_enc_platinum.narc!/member_03104,0,/application/zukanlist/zkn_data/zukan_enc_platinum.narc,133,3104,,59644,59788,19960,20104,144,eec175076a2f14d07683f004d617e9f898e92505cb401e197a81ceefcb0a4160,01000000020000000300000004000000,,,,,False,,,,,,,,,,False,False
/application/zukanlist/zkn_data/zukan_enc_platinum.narc,/application/zukanlist/zkn_data/zukan_enc_platinum.narc!/member_03105,0,/application/zukanlist/zkn_data/zukan_enc_platinum.narc,133,3105,,59788,59792,20104,20108,4,df3f619804a92fdb4057192dc43dd748ea778adc52bc498ce80524c014b81119,00000000,,,,,False,,,,,,,,,,False,False
/application/zukanlist/zkn_data/zukan_enc_platinum.narc,/application/zukanlist/zkn_data/zukan_enc_platinum.narc!/member_03106,0,/application/zukanlist/zkn_data/zukan_enc_platinum.narc,133,3106,,59792,59796,20108,20112,4,df3f619804a92fdb4057192dc43dd748ea778adc52bc498ce80524c014b81119,00000000,,,,,False,,,,,,,,,,False,False
/application/zukanlist/zkn_data/zukan_enc_platinum.narc,/application/zukanlist/zkn_data/zukan_enc_platinum.narc!/member_03107,0,/application/zukanlist/zkn_data/zukan_enc_platinum.narc,133,3107,,59796,59800,20112,20116,4,df3f619804a92fdb4057192dc43dd748ea778adc52bc498ce80524c014b81119,00000000,,,,,False,,,,,,,,,,False,False
/application/zukanlist/zkn_data/zukan_enc_platinum.narc,/application/zukanlist/zkn_data/zukan_enc_platinum.narc!/member_03108,0,/application/zukanlist/zkn_data/zukan_enc_platinum.narc,133,3108,,59800,59804,20116,20120,4,df3f619804a92fdb4057192dc43dd748ea778adc52bc498ce80524c014b81119,00000000,,,,,False,,,,,,,,,,False,False
/application/zukanlist/zkn_data/zukan_enc_platinum.narc,/application/zukanlist/zkn_data/zukan_enc_platinum.narc!/member_03109,0,/application/zukanlist/zkn_data/zukan_enc_platinum.narc,133,3109,,59804,59808,20120,20124,4,df3f619804a92fdb4057192dc43dd748ea778adc52bc498ce80524c014b81119,00000000,,,,,False,,,,,,,,,,False,False
/application/zukanlist/zkn_data/zukan_enc_platinum.narc,/application/zukanlist/zkn_data/zukan_enc_platinum.narc!/member_03110,0,/application/zukanlist/zkn_data/zukan_enc_platinum.narc,133,3110,,59808,59812,20124,20128,4,df3f619804a92fdb4057192dc43dd748ea778adc52bc498ce80524c014b81119,00000000,,,,,False,,,,,,,,,,False,False
/application/zukanlist/zkn_data/zukan_enc_platinum.narc,/application/zukanlist/zkn_data/zukan_enc_platinum.narc!/member_03111,0,/application/zukanlist/zkn_data/zukan_enc_platinum.narc,133,3111,,59812,59816,20128,20132,4,df3f619804a92fdb4057192dc43dd748ea778adc52bc498ce80524c014b81119,00000000,,,,,False,,,,,,,,,,False,False
/application/zukanlist/zkn_data/zukan_enc_platinum.narc,/application/zukanlist/zkn_data/zukan_enc_platinum.narc!/member_03112,0,/application/zukanlist/zkn_data/zukan_enc_platinum.narc,133,3112,,59816,59820,20132,20136,4,df3f619804a92fdb4057192dc43dd748ea778adc52bc498ce80524c014b81119,00000000,,,,,False,,,,,,,,,,False,False
/application/zukanlist/zkn_data/zukan_enc_platinum.narc,/application/zukanlist/zkn_data/zukan_enc_platinum.narc!/member_03113,0,/application/zukanlist/zkn_data/zukan_enc_platinum.narc,133,3113,,59820,59824,20136,20140,4,df3f619804a92fdb4057192dc43dd748ea778adc52bc498ce80524c014b81119,00000000,,,,,False,,,,,,,,,,False,False
/application/zukanlist/zkn_data/zukan_enc_platinum.narc,/application/zukanlist/zkn_data/zukan_enc_platinum.narc!/member_03114,0,/application/zukanlist/zkn_data/zukan_enc_platinum.narc,133,3114,,59824,59828,20140,20144,4,df3f619804a92fdb4057192dc43dd748ea778adc52bc498ce80524c014b81119,00000000,,,,,False,,,,,,,,,,False,False
/application/zukanlist/zkn_data/zukan_enc_platinum.narc,/application/zukanlist/zkn_data/zukan_enc_platinum.narc!/member_03115,0,/application/zukanlist/zkn_data/zukan_enc_platinum.narc,133,3115,,59828,59832,20144,20148,4,df3f619804a92fdb4057192dc43dd748ea778adc52bc498ce80524c014b81119,00000000,,,,,False,,,,,,,,,,False,False
/application/zukanlist/zkn_data/zukan_enc_platinum.narc,/application/zukanlist/zkn_data/zukan_enc_platinum.narc!/member_03116,0,/application/zukanlist/zkn_data/zukan_enc_platinum.narc,133,3116,,59832,59836,20148,20152,4,df3f619804a92fdb4057192dc43dd748ea778adc52bc498ce80524c014b81119,00000000,,,,,False,,,,,,,,,,False,False
/application/zukanlist/zkn_data/zukan_enc_platinum.narc,/application/zukanlist/zkn_data/zukan_enc_platinum.narc!/member_03117,0,/application/zukanlist/zkn_data/zukan_enc_platinum.narc,133,3117,,59836,59840,20152,20156,4,df3f619804a92fdb4057192dc43dd748ea778adc52bc498ce80524c014b81119,00000000,,,,,False,,,,,,,,,,False,False
/application/zukanlist/zkn_data/zukan_enc_platinum.narc,/application/zukanlist/zkn_data/zukan_enc_platinum.narc!/member_03118,0,/application/zukanlist/zkn_data/zukan_enc_platinum.narc,133,3118,,59840,59844,20156,20160,4,df3f619804a92fdb4057192dc43dd748ea778adc52bc498ce80524c014b81119,00000000,,,,,False,,,,,,,,,,False,False
/application/zukanlist/zkn_data/zukan_enc_platinum.narc,/application/zukanlist/zkn_data/zukan_enc_platinum.narc!/member_03119,0,/application/zukanlist/zkn_data/zukan_enc_platinum.narc,133,3119,,59844,59848,20160,20164,4,df3f619804a92fdb4057192dc43dd748ea778adc52bc498ce80524c014b81119,00000000,,,,,False,,,,,,,,,,False,False
/application/zukanlist/zkn_data/zukan_enc_platinum.narc,/application/zukanlist/zkn_data/zukan_enc_platinum.narc!/member_03120,0,/application/zukanlist/zkn_data/zukan_enc_platinum.narc,133,3120,,59848,59852,20164,20168,4,df3f619804a92fdb4057192dc43dd748ea778adc52bc498ce80524c014b81119,00000000,,,,,False,,,,,,,,,,False,False
/application/zukanlist/zkn_data/zukan_enc_platinum.narc,/application/zukanlist/zkn_data/zukan_enc_platinum.narc!/member_03121,0,/application/zukanlist/zkn_data/zukan_enc_platinum.narc,133,3121,,59852,59856,20168,20172,4,df3f619804a92fdb4057192dc43dd748ea778adc52bc498ce80524c014b81119,00000000,,,,,False,,,,,,,,,,False,False
/application/zukanlist/zkn_data/zukan_enc_platinum.narc,/application/zukanlist/zkn_data/zukan_enc_platinum.narc!/member_03122,0,/application/zukanlist/zkn_data/zukan_enc_platinum.narc,133,3122,,59856,59860,20172,20176,4,df3f619804a92fdb4057192dc43dd748ea778adc52bc498ce80524c014b81119,00000000,,,,,False,,,,,,,,,,False,False
/application/zukanlist/zkn_data/zukan_enc_platinum.narc,/application/zukanlist/zkn_data/zukan_enc_platinum.narc!/member_03123,0,/application/zukanlist/zkn_data/zukan_enc_platinum.narc,133,3123,,59860,59864,20176,20180,4,df3f619804a92fdb4057192dc43dd748ea778adc52bc498ce80524c014b81119,00000000,,,,,False,,,,,,,,,,False,False
/application/zukanlist/zkn_data/zukan_enc_platinum.narc,/application/zukanlist/zkn_data/zukan_enc_platinum.narc!/member_03124,0,/application/zukanlist/zkn_data/zukan_enc_platinum.narc,133,3124,,59864,59868,20180,20184,4,df3f619804a92fdb4057192dc43dd748ea778adc52bc498ce80524c014b81119,00000000,,,,,False,,,,,,,,,,False,False
/application/zukanlist/zkn_data/zukan_enc_platinum.narc,/application/zukanlist/zkn_data/zukan_enc_platinum.narc!/member_03125,0,/application/zukanlist/zkn_data/zukan_enc_platinum.narc,133,3125,,59868,59872,20184,20188,4,df3f619804a92fdb4057192dc43dd748ea778adc52bc498ce80524c014b81119,00000000,,,,,False,,,,,,,,,,False,False
/application/zukanlist/zkn_data/zukan_enc_platinum.narc,/application/zukanlist/zkn_data/zukan_enc_platinum.narc!/member_03126,0,/application/zukanlist/zkn_data/zukan_enc_platinum.narc,133,3126,,59872,59876,20188,20192,4,df3f619804a92fdb4057192dc43dd748ea778adc52bc498ce80524c014b81119,00000000,,,,,False,,,,,,,,,,False,False
/application/zukanlist/zkn_data/zukan_enc_platinum.narc,/application/zukanlist/zkn_data/zukan_enc_platinum.narc!/member_03127,0,/application/zukanlist/zkn_data/zukan_enc_platinum.narc,133,3127,,59876,59880,20192,20196,4,df3f619804a92fdb4057192dc43dd748ea778adc52bc498ce80524c014b81119,00000000,,,,,False,,,,,,,,,,False,False
/application/zukanlist/zkn_data/zukan_enc_platinum.narc,/application/zukanlist/zkn_data/zukan_enc_platinum.narc!/member_03128,0,/application/zukanlist/zkn_data/zukan_enc_platinum.narc,133,3128,,59880,59884,20196,20200,4,df3f619804a92fdb4057192dc43dd748ea778adc52bc498ce80524c014b81119,00000000,,,,,False,,,,,,,,,,False,False
/application/zukanlist/zkn_data/zukan_enc_platinum.narc,/application/zukanlist/zkn_data/zukan_enc_platinum.narc!/member_03129,0,/application/zukanlist/zkn_data/zukan_enc_platinum.narc,133,3129,,59884,59888,20200,20204,4,df3f619804a92fdb4057192dc43dd748ea778adc52bc498ce80524c014b81119,00000000,,,,,False,,,,,,,,,,False,False
/application/zukanlist/zkn_data/zukan_enc_platinum.narc,/application/zukanlist/zkn_data/zukan_enc_platinum.narc!/member_03130,0,/application/zukanlist/zkn_data/zukan_enc_platinum.narc,133,3130,,59888,59892,20204,20208,4,df3f619804a92fdb4057192dc43dd748ea778adc52bc498ce80524c014b81119,00000000,,,,,False,,,,,,,,,,False,False
/application/zukanlist/zkn_data/zukan_enc_platinum.narc,/application/zukanlist/zkn_data/zukan_enc_platinum.narc!/member_03131,0,/application/zukanlist/zkn_data/zukan_enc_platinum.narc,133,3131,,59892,59896,20208,20212,4,df3f619804a92fdb4057192dc43dd748ea778adc52bc498ce80524c014b81119,00000000,,,,,False,,,,,,,,,,False,False
/application/zukanlist/zkn_data/zukan_enc_platinum.narc,/application/zukanlist/zkn_data/zukan_enc_platinum.narc!/member_03132,0,/application/zukanlist/zkn_data/zukan_enc_platinum.narc,133,3132,,59896,59900,20212,20216,4,df3f619804a92fdb4057192dc43dd748ea778adc52bc498ce80524c014b81119,00000000,,,,,False,,,,,,,,,,False,False
/application/zukanlist/zkn_data/zukan_enc_platinum.narc,/application/zukanlist/zkn_data/zukan_enc_platinum.narc!/member_03133,0,/application/zukanlist/zkn_data/zukan_enc_platinum.narc,133,3133,,59900,59904,20216,20220,4,df3f619804a92fdb4057192dc43dd748ea778adc52bc498ce80524c014b81119,00000000,,,,,False,,,,,,,,,,False,False
/application/zukanlist/zkn_data/zukan_enc_platinum.narc,/application/zukanlist/zkn_data/zukan_enc_platinum.narc!/member_03134,0,/application/zukanlist/zkn_data/zukan_enc_platinum.narc,133,3134,,59904,59908,20220,20224,4,df3f619804a92fdb4057192dc43dd748ea778adc52bc498ce80524c014b81119,00000000,,,,,False,,,,,,,,,,False,False
/application/zukanlist/zkn_data/zukan_enc_platinum.narc,/application/zukanlist/zkn_data/zukan_enc_platinum.narc!/member_03135,0,/application/zukanlist/zkn_data/zukan_enc_platinum.narc,133,3135,,59908,59912,20224,20228,4,df3f619804a92fdb4057192dc43dd748ea778adc52bc498ce80524c014b81119,00000000,,,,,False,,,,,,,,,,False,False
/application/zukanlist/zkn_data/zukan_enc_platinum.narc,/application/zukanlist/zkn_data/zukan_enc_platinum.narc!/member_03136,0,/application/zukanlist/zkn_data/zukan_enc_platinum.narc,133,3136,,59912,59916,20228,20232,4,df3f619804a92fdb4057192dc43dd748ea778adc52bc498ce80524c014b81119,00000000,,,,,False,,,,,,,,,,False,False
/application/zukanlist/zkn_data/zukan_enc_platinum.narc,/application/zukanlist/zkn_data/zukan_enc_platinum.narc!/member_03137,0,/application/zukanlist/zkn_data/zukan_enc_platinum.narc,133,3137,,59916,59920,20232,20236,4,df3f619804a92fdb4057192dc43dd748ea778adc52bc498ce80524c014b81119,00000000,,,,,False,,,,,,,,,,False,False
/application/zukanlist/zkn_data/zukan_enc_platinum.narc,/application/zukanlist/zkn_data/zukan_enc_platinum.narc!/member_03138,0,/application/zukanlist/zkn_data/zukan_enc_platinum.narc,133,3138,,59920,59924,20236,20240,4,df3f619804a92fdb4057192dc43dd748ea778adc52bc498ce80524c014b81119,00000000,,,,,False,,,,,,,,,,False,False
/application/zukanlist/zkn_data/zukan_enc_platinum.narc,/application/zukanlist/zkn_data/zukan_enc_platinum.narc!/member_03139,0,/application/zukanlist/zkn_data/zukan_enc_platinum.narc,133,3139,,59924,59928,20240,20244,4,df3f619804a92fdb4057192dc43dd748ea778adc52bc498ce80524c014b81119,00000000,,,,,False,,,,,,,,,,False,False
/application/zukanlist/zkn_data/zukan_enc_platinum.narc,/application/zukanlist/zkn_data/zukan_enc_platinum.narc!/member_03140,0,/application/zukanlist/zkn_data/zukan_enc_platinum.narc,133,3140,,59928,59932,20244,20248,4,df3f619804a92fdb4057192dc43dd748ea778adc52bc498ce80524c014b81119,00000000,,,,,False,,,,,,,,,,False,False
/application/zukanlist/zkn_data/zukan_enc_platinum.narc,/application/zukanlist/zkn_data/zukan_enc_platinum.narc!/member_03141,0,/application/zukanlist/zkn_data/zukan_enc_platinum.narc,133,3141,,59932,59936,20248,20252,4,df3f619804a92fdb4057192dc43dd748ea778adc52bc498ce80524c014b81119,00000000,,,,,False,,,,,,,,,,False,False
/application/zukanlist/zkn_data/zukan_enc_platinum.narc,/application/zukanlist/zkn_data/zukan_enc_platinum.narc!/member_03142,0,/application/zukanlist/zkn_data/zukan_enc_platinum.narc,133,3142,,59936,59940,20252,20256,4,df3f619804a92fdb4057192dc43dd748ea778adc52bc498ce80524c014b81119,00000000,,,,,False,,,,,,,,,,False,False
/application/zukanlist/zkn_data/zukan_enc_platinum.narc,/application/zukanlist/zkn_data/zukan_enc_platinum.narc!/member_03143,0,/application/zukanlist/zkn_data/zukan_enc_platinum.narc,133,3143,,59940,59944,20256,20260,4,df3f619804a92fdb4057192dc43dd748ea778adc52bc498ce80524c014b81119,00000000,,,,,False,,,,,,,,,,False,False
/application/zukanlist/zkn_data/zukan_enc_platinum.narc,/application/zukanlist/zkn_data/zukan_enc_platinum.narc!/member_03144,0,/application/zukanlist/zkn_data/zukan_enc_platinum.narc,133,3144,,59944,59952,20260,20268,8,6e3989bfdab9675089a296f8b974431cbf419dc763f2e14620cd2b8b03b7d741,2e00000000000000,,,,,False,,,,,,,,,,False,False
/application/zukanlist/zkn_data/zukan_enc_platinum.narc,/application/zukanlist/zkn_data/zukan_enc_platinum.narc!/member_03145,0,/application/zukanlist/zkn_data/zukan_enc_platinum.narc,133,3145,,59952,59956,20268,20272,4,df3f619804a92fdb4057192dc43dd748ea778adc52bc498ce80524c014b81119,00000000,,,,,False,,,,,,,,,,False,False
/application/zukanlist/zkn_data/zukan_enc_platinum.narc,/application/zukanlist/zkn_data/zukan_enc_platinum.narc!/member_03146,0,/application/zukanlist/zkn_data/zukan_enc_platinum.narc,133,3146,,59956,59960,20272,20276,4,df3f619804a92fdb4057192dc43dd748ea778adc52bc498ce80524c014b81119,00000000,,,,,False,,,,,,,,,,False,False
/application/zukanlist/zkn_data/zukan_enc_platinum.narc,/application/zukanlist/zkn_data/zukan_enc_platinum.narc!/member_03147,0,/application/zukanlist/zkn_data/zukan_enc_platinum.narc,133,3147,,59960,59964,20276,20280,4,df3f619804a92fdb4057192dc43dd748ea778adc52bc498ce80524c014b81119,00000000,,,,,False,,,,,,,,,,False,False
/application/zukanlist/zkn_data/zukan_enc_platinum.narc,/application/zukanlist/zkn_data/zukan_enc_platinum.narc!/member_03148,0,/application/zukanlist/zkn_data/zukan_enc_platinum.narc,133,3148,,59964,59968,20280,20284,4,df3f619804a92fdb4057192dc43dd748ea778adc52bc498ce80524c014b81119,00000000,,,,,False,,,,,,,,,,False,False
/application/zukanlist/zkn_data/zukan_enc_platinum.narc,/application/zukanlist/zkn_data/zukan_enc_platinum.narc!/member_03149,0,/application/zukanlist/zkn_data/zukan_enc_platinum.narc,133,3149,,59968,59972,20284,20288,4,df3f619804a92fdb4057192dc43dd748ea778adc52bc498ce80524c014b81119,00000000,,,,,False,,,,,,,,,,False,False
/application/zukanlist/zkn_data/zukan_enc_platinum.narc,/application/zukanlist/zkn_data/zukan_enc_platinum.narc!/member_03150,0,/application/zukanlist/zkn_data/zukan_enc_platinum.narc,133,3150,,59972,59976,20288,20292,4,df3f619804a92fdb4057192dc43dd748ea778adc52bc498ce80524c014b81119,00000000,,,,,False,,,,,,,,,,False,False
/application/zukanlist/zkn_data/zukan_enc_platinum.narc,/application/zukanlist/zkn_data/zukan_enc_platinum.narc!/member_03151,0,/application/zukanlist/zkn_data/zukan_enc_platinum.narc,133,3151,,59976,59980,20292,20296,4,df3f619804a92fdb4057192dc43dd748ea778adc52bc498ce80524c014b81119,00000000,,,,,False,,,,,,,,,,False,False
/application/zukanlist/zkn_data/zukan_enc_platinum.narc,/application/zukanlist/zkn_data/zukan_enc_platinum.narc!/member_03152,0,/application/zukanlist/zkn_data/zukan_enc_platinum.narc,133,3152,,59980,59984,20296,20300,4,df3f619804a92fdb4057192dc43dd748ea778adc52bc498ce80524c014b81119,00000000,,,,,False,,,,,,,,,,False,False
/application/zukanlist/zkn_data/zukan_enc_platinum.narc,/application/zukanlist/zkn_data/zukan_enc_platinum.narc!/member_03153,0,/application/zukanlist/zkn_data/zukan_enc_platinum.narc,133,3153,,59984,59988,20300,20304,4,df3f619804a92fdb4057192dc43dd748ea778adc52bc498ce80524c014b81119,00000000,,,,,False,,,,,,,,,,False,False
/application/zukanlist/zkn_data/zukan_enc_platinum.narc,/application/zukanlist/zkn_data/zukan_enc_platinum.narc!/member_03154,0,/application/zukanlist/zkn_data/zukan_enc_platinum.narc,133,3154,,59988,59992,20304,20308,4,df3f619804a92fdb4057192dc43dd748ea778adc52bc498ce80524c014b81119,00000000,,,,,False,,,,,,,,,,False,False
/application/zukanlist/zkn_data/zukan_enc_platinum.narc,/application/zukanlist/zkn_data/zukan_enc_platinum.narc!/member_03155,0,/application/zukanlist/zkn_data/zukan_enc_platinum.narc,133,3155,,59992,59996,20308,20312,4,df3f619804a92fdb4057192dc43dd748ea778adc52bc498ce80524c014b81119,00000000,,,,,False,,,,,,,,,,False,False
/application/zukanlist/zkn_data/zukan_enc_platinum.narc,/application/zukanlist/zkn_data/zukan_enc_platinum.narc!/member_03156,0,/application/zukanlist/zkn_data/zukan_enc_platinum.narc,133,3156,,59996,60000,20312,20316,4,df3f619804a92fdb4057192dc43dd748ea778adc52bc498ce80524c014b81119,00000000,,,,,False,,,,,,,,,,False,False
/application/zukanlist/zkn_data/zukan_enc_platinum.narc,/application/zukanlist/zkn_data/zukan_enc_platinum.narc!/member_03157,0,/application/zukanlist/zkn_data/zukan_enc_platinum.narc,133,3157,,60000,60012,20316,20328,12,1d9ec06365717ba6840f13221a1ffd5fdb054ba871eed4e4cb7036fe20fb221c,1b0000001f00000000000000,,,,,False,,,,,,,,,,False,False
/application/zukanlist/zkn_data/zukan_enc_platinum.narc,/application/zukanlist/zkn_data/zukan_enc_platinum.narc!/member_03158,0,/application/zukanlist/zkn_data/zukan_enc_platinum.narc,133,3158,,60012,60016,20328,20332,4,df3f619804a92fdb4057192dc43dd748ea778adc52bc498ce80524c014b81119,00000000,,,,,False,,,,,,,,,,False,False
/application/zukanlist/zkn_data/zukan_enc_platinum.narc,/application/zukanlist/zkn_data/zukan_enc_platinum.narc!/member_03159,0,/application/zukanlist/zkn_data/zukan_enc_platinum.narc,133,3159,,60016,60024,20332,20340,8,dd3168a635e962767dc4501dcef1d88bdfd9825d9c5a55d01dff715e7da9b5ec,2400000000000000,,,,,True,Nintendo Huffman 4-bit,Probable,False,0,,,,,,False,False
/application/zukanlist/zkn_data/zukan_enc_platinum.narc,/application/zukanlist/zkn_data/zukan_enc_platinum.narc!/member_03160,0,/application/zukanlist/zkn_data/zukan_enc_platinum.narc,133,3160,,60024,60028,20340,20344,4,df3f619804a92fdb4057192dc43dd748ea778adc52bc498ce80524c014b81119,00000000,,,,,False,,,,,,,,,,False,False
/application/zukanlist/zkn_data/zukan_enc_platinum.narc,/application/zukanlist/zkn_data/zukan_enc_platinum.narc!/member_03161,0,/application/zukanlist/zkn_data/zukan_enc_platinum.narc,133,3161,,60028,60032,20344,20348,4,df3f619804a92fdb4057192dc43dd748ea778adc52bc498ce80524c014b81119,00000000,,,,,False,,,,,,,,,,False,False
/application/zukanlist/zkn_data/zukan_enc_platinum.narc,/application/zukanlist/zkn_data/zukan_enc_platinum.narc!/member_03162,0,/application/zukanlist/zkn_data/zukan_enc_platinum.narc,133,3162,,60032,60036,20348,20352,4,df3f619804a92fdb4057192dc43dd748ea778adc52bc498ce80524c014b81119,00000000,,,,,False,,,,,,,,,,False,False
/application/zukanlist/zkn_data/zukan_enc_platinum.narc,/application/zukanlist/zkn_data/zukan_enc_platinum.narc!/member_03163,0,/application/zukanlist/zkn_data/zukan_enc_platinum.narc,133,3163,,60036,60040,20352,20356,4,df3f619804a92fdb4057192dc43dd748ea778adc52bc498ce80524c014b81119,00000000,,,,,False,,,,,,,,,,False,False
/application/zukanlist/zkn_data/zukan_enc_platinum.narc,/application/zukanlist/zkn_data/zukan_enc_platinum.narc!/member_03164,0,/application/zukanlist/zkn_data/zukan_enc_platinum.narc,133,3164,,60040,60044,20356,20360,4,df3f619804a92fdb4057192dc43dd748ea778adc52bc498ce80524c014b81119,00000000,,,,,False,,,,,,,,,,False,False
/application/zukanlist/zkn_data/zukan_enc_platinum.narc,/application/zukanlist/zkn_data/zukan_enc_platinum.narc!/member_03165,0,/application/zukanlist/zkn_data/zukan_enc_platinum.narc,133,3165,,60044,60048,20360,20364,4,df3f619804a92fdb4057192dc43dd748ea778adc52bc498ce80524c014b81119,00000000,,,,,False,,,,,,,,,,False,False
/application/zukanlist/zkn_data/zukan_enc_platinum.narc,/application/zukanlist/zkn_data/zukan_enc_platinum.narc!/member_03166,0,/application/zukanlist/zkn_data/zukan_enc_platinum.narc,133,3166,,60048,60052,20364,20368,4,df3f619804a92fdb4057192dc43dd748ea778adc52bc498ce80524c014b81119,00000000,,,,,False,,,,,,,,,,False,False
/application/zukanlist/zkn_data/zukan_enc_platinum.narc,/application/zukanlist/zkn_data/zukan_enc_platinum.narc!/member_03167,0,/application/zukanlist/zkn_data/zukan_enc_platinum.narc,133,3167,,60052,60056,20368,20372,4,df3f619804a92fdb4057192dc43dd748ea778adc52bc498ce80524c014b81119,00000000,,,,,False,,,,,,,,,,False,False
/application/zukanlist/zkn_data/zukan_enc_platinum.narc,/application/zukanlist/zkn_data/zukan_enc_platinum.narc!/member_03168,0,/application/zukanlist/zkn_data/zukan_enc_platinum.narc,133,3168,,60056,60060,20372,20376,4,df3f619804a92fdb4057192dc43dd748ea778adc52bc498ce80524c014b81119,00000000,,,,,False,,,,,,,,,,False,False
/application/zukanlist/zkn_data/zukan_enc_platinum.narc,/application/zukanlist/zkn_data/zukan_enc_platinum.narc!/member_03169,0,/application/zukanlist/zkn_data/zukan_enc_platinum.narc,133,3169,,60060,60068,20376,20384,8,3c88bf13b58cba9ca7fe10c55db47931f52b52975cf1e9eaa0c9b0ec29c7c6be,1c00000000000000,,,,,False,,,,,,,,,,False,False
/application/zukanlist/zkn_data/zukan_enc_platinum.narc,/application/zukanlist/zkn_data/zukan_enc_platinum.narc!/member_03170,0,/application/zukanlist/zkn_data/zukan_enc_platinum.narc,133,3170,,60068,60072,20384,20388,4,df3f619804a92fdb4057192dc43dd748ea778adc52bc498ce80524c014b81119,00000000,,,,,False,,,,,,,,,,False,False
/application/zukanlist/zkn_data/zukan_enc_platinum.narc,/application/zukanlist/zkn_data/zukan_enc_platinum.narc!/member_03171,0,/application/zukanlist/zkn_data/zukan_enc_platinum.narc,133,3171,,60072,60076,20388,20392,4,df3f619804a92fdb4057192dc43dd748ea778adc52bc498ce80524c014b81119,00000000,,,,,False,,,,,,,,,,False,False
/application/zukanlist/zkn_data/zukan_enc_platinum.narc,/application/zukanlist/zkn_data/zukan_enc_platinum.narc!/member_03172,0,/application/zukanlist/zkn_data/zukan_enc_platinum.narc,133,3172,,60076,60080,20392,20396,4,df3f619804a92fdb4057192dc43dd748ea778adc52bc498ce80524c014b81119,00000000,,,,,False,,,,,,,,,,False,False
/application/zukanlist/zkn_data/zukan_enc_platinum.narc,/application/zukanlist/zkn_data/zukan_enc_platinum.narc!/member_03173,0,/application/zukanlist/zkn_data/zukan_enc_platinum.narc,133,3173,,60080,60084,20396,20400,4,df3f619804a92fdb4057192dc43dd748ea778adc52bc498ce80524c014b81119,00000000,,,,,False,,,,,,,,,,False,False
/application/zukanlist/zkn_data/zukan_enc_platinum.narc,/application/zukanlist/zkn_data/zukan_enc_platinum.narc!/member_03174,0,/application/zukanlist/zkn_data/zukan_enc_platinum.narc,133,3174,,60084,60088,20400,20404,4,df3f619804a92fdb4057192dc43dd748ea778adc52bc498ce80524c014b81119,00000000,,,,,False,,,,,,,,,,False,False
/application/zukanlist/zkn_data/zukan_enc_platinum.narc,/application/zukanlist/zkn_data/zukan_enc_platinum.narc!/member_03175,0,/application/zukanlist/zkn_data/zukan_enc_platinum.narc,133,3175,,60088,60092,20404,20408,4,df3f619804a92fdb4057192dc43dd748ea778adc52bc498ce80524c014b81119,00000000,,,,,False,,,,,,,,,,False,False
/application/zukanlist/zkn_data/zukan_enc_platinum.narc,/application/zukanlist/zkn_data/zukan_enc_platinum.narc!/member_03176,0,/application/zukanlist/zkn_data/zukan_enc_platinum.narc,133,3176,,60092,60096,20408,20412,4,df3f619804a92fdb4057192dc43dd748ea778adc52bc498ce80524c014b81119,00000000,,,,,False,,,,,,,,,,False,False
/application/zukanlist/zkn_data/zukan_enc_platinum.narc,/application/zukanlist/zkn_data/zukan_enc_platinum.narc!/member_03177,0,/application/zukanlist/zkn_data/zukan_enc_platinum.narc,133,3177,,60096,60108,20412,20424,12,accaa760178844c8390ce76dbfd3d9646fce5def61f88ea11a7ed5ba1c019ada,0a0000002400000000000000,,,,,False,,,,,,,,,,False,False
/application/zukanlist/zkn_data/zukan_enc_platinum.narc,/application/zukanlist/zkn_data/zukan_enc_platinum.narc!/member_03178,0,/application/zukanlist/zkn_data/zukan_enc_platinum.narc,133,3178,,60108,60112,20424,20428,4,df3f619804a92fdb4057192dc43dd748ea778adc52bc498ce80524c014b81119,00000000,,,,,False,,,,,,,,,,False,False
/application/zukanlist/zkn_data/zukan_enc_platinum.narc,/application/zukanlist/zkn_data/zukan_enc_platinum.narc!/member_03179,0,/application/zukanlist/zkn_data/zukan_enc_platinum.narc,133,3179,,60112,60116,20428,20432,4,df3f619804a92fdb4057192dc43dd748ea778adc52bc498ce80524c014b81119,00000000,,,,,False,,,,,,,,,,False,False
/application/zukanlist/zkn_data/zukan_enc_platinum.narc,/application/zukanlist/zkn_data/zukan_enc_platinum.narc!/member_03180,0,/application/zukanlist/zkn_data/zukan_enc_platinum.narc,133,3180,,60116,60120,20432,20436,4,df3f619804a92fdb4057192dc43dd748ea778adc52bc498ce80524c014b81119,00000000,,,,,False,,,,,,,,,,False,False
/application/zukanlist/zkn_data/zukan_enc_platinum.narc,/application/zukanlist/zkn_data/zukan_enc_platinum.narc!/member_03181,0,/application/zukanlist/zkn_data/zukan_enc_platinum.narc,133,3181,,60120,60128,20436,20444,8,1023cd53096fa66c8a605b9cd21f77cb3f8cd12f855482b27c01e85c95b9515f,1300000000000000,,,,,False,,,,,,,,,,False,False
/application/zukanlist/zkn_data/zukan_enc_platinum.narc,/application/zukanlist/zkn_data/zukan_enc_platinum.narc!/member_03182,0,/application/zukanlist/zkn_data/zukan_enc_platinum.narc,133,3182,,60128,60132,20444,20448,4,df3f619804a92fdb4057192dc43dd748ea778adc52bc498ce80524c014b81119,00000000,,,,,False,,,,,,,,,,False,False
/application/zukanlist/zkn_data/zukan_enc_platinum.narc,/application/zukanlist/zkn_data/zukan_enc_platinum.narc!/member_03183,0,/application/zukanlist/zkn_data/zukan_enc_platinum.narc,133,3183,,60132,60136,20448,20452,4,df3f619804a92fdb4057192dc43dd748ea778adc52bc498ce80524c014b81119,00000000,,,,,False,,,,,,,,,,False,False
/application/zukanlist/zkn_data/zukan_enc_platinum.narc,/application/zukanlist/zkn_data/zukan_enc_platinum.narc!/member_03184,0,/application/zukanlist/zkn_data/zukan_enc_platinum.narc,133,3184,,60136,60140,20452,20456,4,df3f619804a92fdb4057192dc43dd748ea778adc52bc498ce80524c014b81119,00000000,,,,,False,,,,,,,,,,False,False
/application/zukanlist/zkn_data/zukan_enc_platinum.narc,/application/zukanlist/zkn_data/zukan_enc_platinum.narc!/member_03185,0,/application/zukanlist/zkn_data/zukan_enc_platinum.narc,133,3185,,60140,60148,20456,20464,8,cbbd5f990c53684d7ae650b40fcb5656e02261b53da5f6a7d8c819c92f2828f8,0900000000000000,,,,,False,,,,,,,,,,False,False
/application/zukanlist/zkn_data/zukan_enc_platinum.narc,/application/zukanlist/zkn_data/zukan_enc_platinum.narc!/member_03186,0,/application/zukanlist/zkn_data/zukan_enc_platinum.narc,133,3186,,60148,60152,20464,20468,4,df3f619804a92fdb4057192dc43dd748ea778adc52bc498ce80524c014b81119,00000000,,,,,False,,,,,,,,,,False,False
/application/zukanlist/zkn_data/zukan_enc_platinum.narc,/application/zukanlist/zkn_data/zukan_enc_platinum.narc!/member_03187,0,/application/zukanlist/zkn_data/zukan_enc_platinum.narc,133,3187,,60152,60156,20468,20472,4,df3f619804a92fdb4057192dc43dd748ea778adc52bc498ce80524c014b81119,00000000,,,,,False,,,,,,,,,,False,False
/application/zukanlist/zkn_data/zukan_enc_platinum.narc,/application/zukanlist/zkn_data/zukan_enc_platinum.narc!/member_03188,0,/application/zukanlist/zkn_data/zukan_enc_platinum.narc,133,3188,,60156,60160,20472,20476,4,df3f619804a92fdb4057192dc43dd748ea778adc52bc498ce80524c014b81119,00000000,,,,,False,,,,,,,,,,False,False
/application/zukanlist/zkn_data/zukan_enc_platinum.narc,/application/zukanlist/zkn_data/zukan_enc_platinum.narc!/member_03189,0,/application/zukanlist/zkn_data/zukan_enc_platinum.narc,133,3189,,60160,60176,20476,20492,16,f2578d6ab3f7d6034fa63ec3e6dd43add5c54ca3f83107f42a3b19e64bc9720a,0b000000200000002100000000000000,,,,,False,,,,,,,,,,False,False
/application/zukanlist/zkn_data/zukan_enc_platinum.narc,/application/zukanlist/zkn_data/zukan_enc_platinum.narc!/member_03190,0,/application/zukanlist/zkn_data/zukan_enc_platinum.narc,133,3190,,60176,60180,20492,20496,4,df3f619804a92fdb4057192dc43dd748ea778adc52bc498ce80524c014b81119,00000000,,,,,False,,,,,,,,,,False,False
/application/zukanlist/zkn_data/zukan_enc_platinum.narc,/application/zukanlist/zkn_data/zukan_enc_platinum.narc!/member_03191,0,/application/zukanlist/zkn_data/zukan_enc_platinum.narc,133,3191,,60180,60184,20496,20500,4,df3f619804a92fdb4057192dc43dd748ea778adc52bc498ce80524c014b81119,00000000,,,,,False,,,,,,,,,,False,False
/application/zukanlist/zkn_data/zukan_enc_platinum.narc,/application/zukanlist/zkn_data/zukan_enc_platinum.narc!/member_03192,0,/application/zukanlist/zkn_data/zukan_enc_platinum.narc,133,3192,,60184,60188,20500,20504,4,df3f619804a92fdb4057192dc43dd748ea778adc52bc498ce80524c014b81119,00000000,,,,,False,,,,,,,,,,False,False
/application/zukanlist/zkn_data/zukan_enc_platinum.narc,/application/zukanlist/zkn_data/zukan_enc_platinum.narc!/member_03193,0,/application/zukanlist/zkn_data/zukan_enc_platinum.narc,133,3193,,60188,60192,20504,20508,4,df3f619804a92fdb4057192dc43dd748ea778adc52bc498ce80524c014b81119,00000000,,,,,False,,,,,,,,,,False,False
/application/zukanlist/zkn_data/zukan_enc_platinum.narc,/application/zukanlist/zkn_data/zukan_enc_platinum.narc!/member_03194,0,/application/zukanlist/zkn_data/zukan_enc_platinum.narc,133,3194,,60192,60204,20508,20520,12,ff8fa39a6fbecc40d4d47023620dadc5ce354ccfe16d32f9885b7fe6880a69b1,0b0000002100000000000000,,,,,False,,,,,,,,,,False,False
/application/zukanlist/zkn_data/zukan_enc_platinum.narc,/application/zukanlist/zkn_data/zukan_enc_platinum.narc!/member_03195,0,/application/zukanlist/zkn_data/zukan_enc_platinum.narc,133,3195,,60204,60208,20520,20524,4,df3f619804a92fdb4057192dc43dd748ea778adc52bc498ce80524c014b81119,00000000,,,,,False,,,,,,,,,,False,False
/application/zukanlist/zkn_data/zukan_enc_platinum.narc,/application/zukanlist/zkn_data/zukan_enc_platinum.narc!/member_03196,0,/application/zukanlist/zkn_data/zukan_enc_platinum.narc,133,3196,,60208,60212,20524,20528,4,df3f619804a92fdb4057192dc43dd748ea778adc52bc498ce80524c014b81119,00000000,,,,,False,,,,,,,,,,False,False
/application/zukanlist/zkn_data/zukan_enc_platinum.narc,/application/zukanlist/zkn_data/zukan_enc_platinum.narc!/member_03197,0,/application/zukanlist/zkn_data/zukan_enc_platinum.narc,133,3197,,60212,60252,20528,20568,40,170e621b3c5a1199ec77aa2dfe2820c6760f7ec6557c74f74fc3a71b7581d544,0300000004000000050000001c000000,,,,,False,,,,,,,,,,False,False
/application/zukanlist/zkn_data/zukan_enc_platinum.narc,/application/zukanlist/zkn_data/zukan_enc_platinum.narc!/member_03198,0,/application/zukanlist/zkn_data/zukan_enc_platinum.narc,133,3198,,60252,60292,20568,20608,40,170e621b3c5a1199ec77aa2dfe2820c6760f7ec6557c74f74fc3a71b7581d544,0300000004000000050000001c000000,,,,,False,,,,,,,,,,False,False
/application/zukanlist/zkn_data/zukan_enc_platinum.narc,/application/zukanlist/zkn_data/zukan_enc_platinum.narc!/member_03199,0,/application/zukanlist/zkn_data/zukan_enc_platinum.narc,133,3199,,60292,60296,20608,20612,4,df3f619804a92fdb4057192dc43dd748ea778adc52bc498ce80524c014b81119,00000000,,,,,False,,,,,,,,,,False,False
/application/zukanlist/zkn_data/zukan_enc_platinum.narc,/application/zukanlist/zkn_data/zukan_enc_platinum.narc!/member_03200,0,/application/zukanlist/zkn_data/zukan_enc_platinum.narc,133,3200,,60296,60300,20612,20616,4,df3f619804a92fdb4057192dc43dd748ea778adc52bc498ce80524c014b81119,00000000,,,,,False,,,,,,,,,,False,False
/application/zukanlist/zkn_data/zukan_enc_platinum.narc,/application/zukanlist/zkn_data/zukan_enc_platinum.narc!/member_03201,0,/application/zukanlist/zkn_data/zukan_enc_platinum.narc,133,3201,,60300,60312,20616,20628,12,82845f601ec6f67c6123951adc94a3a015e24cb0ab292fb289695e981c4a6a7a,080000002800000000000000,,,,,False,,,,,,,,,,False,False
/application/zukanlist/zkn_data/zukan_enc_platinum.narc,/application/zukanlist/zkn_data/zukan_enc_platinum.narc!/member_03202,0,/application/zukanlist/zkn_data/zukan_enc_platinum.narc,133,3202,,60312,60324,20628,20640,12,5d3398e0616332ba78703a35d71b8202cb63cfad55fa33595ec94981bc88c17d,0a0000001e00000000000000,,,,,False,,,,,,,,,,False,False
/application/zukanlist/zkn_data/zukan_enc_platinum.narc,/application/zukanlist/zkn_data/zukan_enc_platinum.narc!/member_03203,0,/application/zukanlist/zkn_data/zukan_enc_platinum.narc,133,3203,,60324,60328,20640,20644,4,df3f619804a92fdb4057192dc43dd748ea778adc52bc498ce80524c014b81119,00000000,,,,,False,,,,,,,,,,False,False
/application/zukanlist/zkn_data/zukan_enc_platinum.narc,/application/zukanlist/zkn_data/zukan_enc_platinum.narc!/member_03204,0,/application/zukanlist/zkn_data/zukan_enc_platinum.narc,133,3204,,60328,60332,20644,20648,4,df3f619804a92fdb4057192dc43dd748ea778adc52bc498ce80524c014b81119,00000000,,,,,False,,,,,,,,,,False,False
/application/zukanlist/zkn_data/zukan_enc_platinum.narc,/application/zukanlist/zkn_data/zukan_enc_platinum.narc!/member_03205,0,/application/zukanlist/zkn_data/zukan_enc_platinum.narc,133,3205,,60332,60336,20648,20652,4,df3f619804a92fdb4057192dc43dd748ea778adc52bc498ce80524c014b81119,00000000,,,,,False,,,,,,,,,,False,False
/application/zukanlist/zkn_data/zukan_enc_platinum.narc,/application/zukanlist/zkn_data/zukan_enc_platinum.narc!/member_03206,0,/application/zukanlist/zkn_data/zukan_enc_platinum.narc,133,3206,,60336,60340,20652,20656,4,df3f619804a92fdb4057192dc43dd748ea778adc52bc498ce80524c014b81119,00000000,,,,,False,,,,,,,,,,False,False
/application/zukanlist/zkn_data/zukan_enc_platinum.narc,/application/zukanlist/zkn_data/zukan_enc_platinum.narc!/member_03207,0,/application/zukanlist/zkn_data/zukan_enc_platinum.narc,133,3207,,60340,60344,20656,20660,4,df3f619804a92fdb4057192dc43dd748ea778adc52bc498ce80524c014b81119,00000000,,,,,False,,,,,,,,,,False,False
/application/zukanlist/zkn_data/zukan_enc_platinum.narc,/application/zukanlist/zkn_data/zukan_enc_platinum.narc!/member_03208,0,/application/zukanlist/zkn_data/zukan_enc_platinum.narc,133,3208,,60344,60348,20660,20664,4,df3f619804a92fdb4057192dc43dd748ea778adc52bc498ce80524c014b81119,00000000,,,,,False,,,,,,,,,,False,False
/application/zukanlist/zkn_data/zukan_enc_platinum.narc,/application/zukanlist/zkn_data/zukan_enc_platinum.narc!/member_03209,0,/application/zukanlist/zkn_data/zukan_enc_platinum.narc,133,3209,,60348,60352,20664,20668,4,df3f619804a92fdb4057192dc43dd748ea778adc52bc498ce80524c014b81119,00000000,,,,,False,,,,,,,,,,False,False
/application/zukanlist/zkn_data/zukan_enc_platinum.narc,/application/zukanlist/zkn_data/zukan_enc_platinum.narc!/member_03210,0,/application/zukanlist/zkn_data/zukan_enc_platinum.narc,133,3210,,60352,60356,20668,20672,4,df3f619804a92fdb4057192dc43dd748ea778adc52bc498ce80524c014b81119,00000000,,,,,False,,,,,,,,,,False,False
/application/zukanlist/zkn_data/zukan_enc_platinum.narc,/application/zukanlist/zkn_data/zukan_enc_platinum.narc!/member_03211,0,/application/zukanlist/zkn_data/zukan_enc_platinum.narc,133,3211,,60356,60360,20672,20676,4,df3f619804a92fdb4057192dc43dd748ea778adc52bc498ce80524c014b81119,00000000,,,,,False,,,,,,,,,,False,False
/application/zukanlist/zkn_data/zukan_enc_platinum.narc,/application/zukanlist/zkn_data/zukan_enc_platinum.narc!/member_03212,0,/application/zukanlist/zkn_data/zukan_enc_platinum.narc,133,3212,,60360,60364,20676,20680,4,df3f619804a92fdb4057192dc43dd748ea778adc52bc498ce80524c014b81119,00000000,,,,,False,,,,,,,,,,False,False
/application/zukanlist/zkn_data/zukan_enc_platinum.narc,/application/zukanlist/zkn_data/zukan_enc_platinum.narc!/member_03213,0,/application/zukanlist/zkn_data/zukan_enc_platinum.narc,133,3213,,60364,60368,20680,20684,4,df3f619804a92fdb4057192dc43dd748ea778adc52bc498ce80524c014b81119,00000000,,,,,False,,,,,,,,,,False,False
/application/zukanlist/zkn_data/zukan_enc_platinum.narc,/application/zukanlist/zkn_data/zukan_enc_platinum.narc!/member_03214,0,/application/zukanlist/zkn_data/zukan_enc_platinum.narc,133,3214,,60368,60372,20684,20688,4,df3f619804a92fdb4057192dc43dd748ea778adc52bc498ce80524c014b81119,00000000,,,,,False,,,,,,,,,,False,False
/application/zukanlist/zkn_data/zukan_enc_platinum.narc,/application/zukanlist/zkn_data/zukan_enc_platinum.narc!/member_03215,0,/application/zukanlist/zkn_data/zukan_enc_platinum.narc,133,3215,,60372,60376,20688,20692,4,df3f619804a92fdb4057192dc43dd748ea778adc52bc498ce80524c014b81119,00000000,,,,,False,,,,,,,,,,False,False
/application/zukanlist/zkn_data/zukan_enc_platinum.narc,/application/zukanlist/zkn_data/zukan_enc_platinum.narc!/member_03216,0,/application/zukanlist/zkn_data/zukan_enc_platinum.narc,133,3216,,60376,60380,20692,20696,4,df3f619804a92fdb4057192dc43dd748ea778adc52bc498ce80524c014b81119,00000000,,,,,False,,,,,,,,,,False,False
/application/zukanlist/zkn_data/zukan_enc_platinum.narc,/application/zukanlist/zkn_data/zukan_enc_platinum.narc!/member_03217,0,/application/zukanlist/zkn_data/zukan_enc_platinum.narc,133,3217,,60380,60384,20696,20700,4,df3f619804a92fdb4057192dc43dd748ea778adc52bc498ce80524c014b81119,00000000,,,,,False,,,,,,,,,,False,False
/application/zukanlist/zkn_data/zukan_enc_platinum.narc,/application/zukanlist/zkn_data/zukan_enc_platinum.narc!/member_03218,0,/application/zukanlist/zkn_data/zukan_enc_platinum.narc,133,3218,,60384,60388,20700,20704,4,df3f619804a92fdb4057192dc43dd748ea778adc52bc498ce80524c014b81119,00000000,,,,,False,,,,,,,,,,False,False
/application/zukanlist/zkn_data/zukan_enc_platinum.narc,/application/zukanlist/zkn_data/zukan_enc_platinum.narc!/member_03219,0,/application/zukanlist/zkn_data/zukan_enc_platinum.narc,133,3219,,60388,60392,20704,20708,4,df3f619804a92fdb4057192dc43dd748ea778adc52bc498ce80524c014b81119,00000000,,,,,False,,,,,,,,,,False,False
/application/zukanlist/zkn_data/zukan_enc_platinum.narc,/application/zukanlist/zkn_data/zukan_enc_platinum.narc!/member_03220,0,/application/zukanlist/zkn_data/zukan_enc_platinum.narc,133,3220,,60392,60396,20708,20712,4,df3f619804a92fdb4057192dc43dd748ea778adc52bc498ce80524c014b81119,00000000,,,,,False,,,,,,,,,,False,False
/application/zukanlist/zkn_data/zukan_enc_platinum.narc,/application/zukanlist/zkn_data/zukan_enc_platinum.narc!/member_03221,0,/application/zukanlist/zkn_data/zukan_enc_platinum.narc,133,3221,,60396,60400,20712,20716,4,df3f619804a92fdb4057192dc43dd748ea778adc52bc498ce80524c014b81119,00000000,,,,,False,,,,,,,,,,False,False
/application/zukanlist/zkn_data/zukan_enc_platinum.narc,/application/zukanlist/zkn_data/zukan_enc_platinum.narc!/member_03222,0,/application/zukanlist/zkn_data/zukan_enc_platinum.narc,133,3222,,60400,60404,20716,20720,4,df3f619804a92fdb4057192dc43dd748ea778adc52bc498ce80524c014b81119,00000000,,,,,False,,,,,,,,,,False,False
/application/zukanlist/zkn_data/zukan_enc_platinum.narc,/application/zukanlist/zkn_data/zukan_enc_platinum.narc!/member_03223,0,/application/zukanlist/zkn_data/zukan_enc_platinum.narc,133,3223,,60404,60408,20720,20724,4,df3f619804a92fdb4057192dc43dd748ea778adc52bc498ce80524c014b81119,00000000,,,,,False,,,,,,,,,,False,False
/application/zukanlist/zkn_data/zukan_enc_platinum.narc,/application/zukanlist/zkn_data/zukan_enc_platinum.narc!/member_03224,0,/application/zukanlist/zkn_data/zukan_enc_platinum.narc,133,3224,,60408,60412,20724,20728,4,df3f619804a92fdb4057192dc43dd748ea778adc52bc498ce80524c014b81119,00000000,,,,,False,,,,,,,,,,False,False
/application/zukanlist/zkn_data/zukan_enc_platinum.narc,/application/zukanlist/zkn_data/zukan_enc_platinum.narc!/member_03225,0,/application/zukanlist/zkn_data/zukan_enc_platinum.narc,133,3225,,60412,60416,20728,20732,4,df3f619804a92fdb4057192dc43dd748ea778adc52bc498ce80524c014b81119,00000000,,,,,False,,,,,,,,,,False,False
/application/zukanlist/zkn_data/zukan_enc_platinum.narc,/application/zukanlist/zkn_data/zukan_enc_platinum.narc!/member_03226,0,/application/zukanlist/zkn_data/zukan_enc_platinum.narc,133,3226,,60416,60420,20732,20736,4,df3f619804a92fdb4057192dc43dd748ea778adc52bc498ce80524c014b81119,00000000,,,,,False,,,,,,,,,,False,False
/application/zukanlist/zkn_data/zukan_enc_platinum.narc,/application/zukanlist/zkn_data/zukan_enc_platinum.narc!/member_03227,0,/application/zukanlist/zkn_data/zukan_enc_platinum.narc,133,3227,,60420,60424,20736,20740,4,df3f619804a92fdb4057192dc43dd748ea778adc52bc498ce80524c014b81119,00000000,,,,,False,,,,,,,,,,False,False
/application/zukanlist/zkn_data/zukan_enc_platinum.narc,/application/zukanlist/zkn_data/zukan_enc_platinum.narc!/member_03228,0,/application/zukanlist/zkn_data/zukan_enc_platinum.narc,133,3228,,60424,60428,20740,20744,4,df3f619804a92fdb4057192dc43dd748ea778adc52bc498ce80524c014b81119,00000000,,,,,False,,,,,,,,,,False,False
/application/zukanlist/zkn_data/zukan_enc_platinum.narc,/application/zukanlist/zkn_data/zukan_enc_platinum.narc!/member_03229,0,/application/zukanlist/zkn_data/zukan_enc_platinum.narc,133,3229,,60428,60432,20744,20748,4,df3f619804a92fdb4057192dc43dd748ea778adc52bc498ce80524c014b81119,00000000,,,,,False,,,,,,,,,,False,False
/application/zukanlist/zkn_data/zukan_enc_platinum.narc,/application/zukanlist/zkn_data/zukan_enc_platinum.narc!/member_03230,0,/application/zukanlist/zkn_data/zukan_enc_platinum.narc,133,3230,,60432,60436,20748,20752,4,df3f619804a92fdb4057192dc43dd748ea778adc52bc498ce80524c014b81119,00000000,,,,,False,,,,,,,,,,False,False
/application/zukanlist/zkn_data/zukan_enc_platinum.narc,/application/zukanlist/zkn_data/zukan_enc_platinum.narc!/member_03231,0,/application/zukanlist/zkn_data/zukan_enc_platinum.narc,133,3231,,60436,60440,20752,20756,4,df3f619804a92fdb4057192dc43dd748ea778adc52bc498ce80524c014b81119,00000000,,,,,False,,,,,,,,,,False,False
/application/zukanlist/zkn_data/zukan_enc_platinum.narc,/application/zukanlist/zkn_data/zukan_enc_platinum.narc!/member_03232,0,/application/zukanlist/zkn_data/zukan_enc_platinum.narc,133,3232,,60440,60444,20756,20760,4,df3f619804a92fdb4057192dc43dd748ea778adc52bc498ce80524c014b81119,00000000,,,,,False,,,,,,,,,,False,False
/application/zukanlist/zkn_data/zukan_enc_platinum.narc,/application/zukanlist/zkn_data/zukan_enc_platinum.narc!/member_03233,0,/application/zukanlist/zkn_data/zukan_enc_platinum.narc,133,3233,,60444,60448,20760,20764,4,df3f619804a92fdb4057192dc43dd748ea778adc52bc498ce80524c014b81119,00000000,,,,,False,,,,,,,,,,False,False
/application/zukanlist/zkn_data/zukan_enc_platinum.narc,/application/zukanlist/zkn_data/zukan_enc_platinum.narc!/member_03234,0,/application/zukanlist/zkn_data/zukan_enc_platinum.narc,133,3234,,60448,60452,20764,20768,4,df3f619804a92fdb4057192dc43dd748ea778adc52bc498ce80524c014b81119,00000000,,,,,False,,,,,,,,,,False,False
/application/zukanlist/zkn_data/zukan_enc_platinum.narc,/application/zukanlist/zkn_data/zukan_enc_platinum.narc!/member_03235,0,/application/zukanlist/zkn_data/zukan_enc_platinum.narc,133,3235,,60452,60456,20768,20772,4,df3f619804a92fdb4057192dc43dd748ea778adc52bc498ce80524c014b81119,00000000,,,,,False,,,,,,,,,,False,False
/application/zukanlist/zkn_data/zukan_enc_platinum.narc,/application/zukanlist/zkn_data/zukan_enc_platinum.narc!/member_03236,0,/application/zukanlist/zkn_data/zukan_enc_platinum.narc,133,3236,,60456,60460,20772,20776,4,df3f619804a92fdb4057192dc43dd748ea778adc52bc498ce80524c014b81119,00000000,,,,,False,,,,,,,,,,False,False
/application/zukanlist/zkn_data/zukan_enc_platinum.narc,/application/zukanlist/zkn_data/zukan_enc_platinum.narc!/member_03237,0,/application/zukanlist/zkn_data/zukan_enc_platinum.narc,133,3237,,60460,60464,20776,20780,4,df3f619804a92fdb4057192dc43dd748ea778adc52bc498ce80524c014b81119,00000000,,,,,False,,,,,,,,,,False,False
/application/zukanlist/zkn_data/zukan_enc_platinum.narc,/application/zukanlist/zkn_data/zukan_enc_platinum.narc!/member_03238,0,/application/zukanlist/zkn_data/zukan_enc_platinum.narc,133,3238,,60464,60468,20780,20784,4,df3f619804a92fdb4057192dc43dd748ea778adc52bc498ce80524c014b81119,00000000,,,,,False,,,,,,,,,,False,False
/application/zukanlist/zkn_data/zukan_enc_platinum.narc,/application/zukanlist/zkn_data/zukan_enc_platinum.narc!/member_03239,0,/application/zukanlist/zkn_data/zukan_enc_platinum.narc,133,3239,,60468,60484,20784,20800,16,440d7d1bcf0aea066cf37248ce74d23dabe6066f9d452fe42cb94cd46b225ada,0f000000100000001200000000000000,,,,,False,,,,,,,,,,False,False
/application/zukanlist/zkn_data/zukan_enc_platinum.narc,/application/zukanlist/zkn_data/zukan_enc_platinum.narc!/member_03240,0,/application/zukanlist/zkn_data/zukan_enc_platinum.narc,133,3240,,60484,60492,20800,20808,8,e48d939f60d90eb530fe27e3605e548e51c7232e13baddfdfeaa4e04fb478319,1200000000000000,,,,,False,,,,,,,,,,False,False
/application/zukanlist/zkn_data/zukan_enc_platinum.narc,/application/zukanlist/zkn_data/zukan_enc_platinum.narc!/member_03241,0,/application/zukanlist/zkn_data/zukan_enc_platinum.narc,133,3241,,60492,60508,20808,20824,16,b599c2add6b323bf21e0b225e16803613505fa896a00098756d8e5feabd99649,12000000260000002a00000000000000,,,,,False,,,,,,,,,,False,False
/application/zukanlist/zkn_data/zukan_enc_platinum.narc,/application/zukanlist/zkn_data/zukan_enc_platinum.narc!/member_03242,0,/application/zukanlist/zkn_data/zukan_enc_platinum.narc,133,3242,,60508,60516,20824,20832,8,e48d939f60d90eb530fe27e3605e548e51c7232e13baddfdfeaa4e04fb478319,1200000000000000,,,,,False,,,,,,,,,,False,False
/application/zukanlist/zkn_data/zukan_enc_platinum.narc,/application/zukanlist/zkn_data/zukan_enc_platinum.narc!/member_03243,0,/application/zukanlist/zkn_data/zukan_enc_platinum.narc,133,3243,,60516,60532,20832,20848,16,b599c2add6b323bf21e0b225e16803613505fa896a00098756d8e5feabd99649,12000000260000002a00000000000000,,,,,False,,,,,,,,,,False,False
/application/zukanlist/zkn_data/zukan_enc_platinum.narc,/application/zukanlist/zkn_data/zukan_enc_platinum.narc!/member_03244,0,/application/zukanlist/zkn_data/zukan_enc_platinum.narc,133,3244,,60532,60536,20848,20852,4,df3f619804a92fdb4057192dc43dd748ea778adc52bc498ce80524c014b81119,00000000,,,,,False,,,,,,,,,,False,False
/application/zukanlist/zkn_data/zukan_enc_platinum.narc,/application/zukanlist/zkn_data/zukan_enc_platinum.narc!/member_03245,0,/application/zukanlist/zkn_data/zukan_enc_platinum.narc,133,3245,,60536,60540,20852,20856,4,df3f619804a92fdb4057192dc43dd748ea778adc52bc498ce80524c014b81119,00000000,,,,,False,,,,,,,,,,False,False
/application/zukanlist/zkn_data/zukan_enc_platinum.narc,/application/zukanlist/zkn_data/zukan_enc_platinum.narc!/member_03246,0,/application/zukanlist/zkn_data/zukan_enc_platinum.narc,133,3246,,60540,60544,20856,20860,4,df3f619804a92fdb4057192dc43dd748ea778adc52bc498ce80524c014b81119,00000000,,,,,False,,,,,,,,,,False,False
/application/zukanlist/zkn_data/zukan_enc_platinum.narc,/application/zukanlist/zkn_data/zukan_enc_platinum.narc!/member_03247,0,/application/zukanlist/zkn_data/zukan_enc_platinum.narc,133,3247,,60544,60548,20860,20864,4,df3f619804a92fdb4057192dc43dd748ea778adc52bc498ce80524c014b81119,00000000,,,,,False,,,,,,,,,,False,False
/application/zukanlist/zkn_data/zukan_enc_platinum.narc,/application/zukanlist/zkn_data/zukan_enc_platinum.narc!/member_03248,0,/application/zukanlist/zkn_data/zukan_enc_platinum.narc,133,3248,,60548,60552,20864,20868,4,df3f619804a92fdb4057192dc43dd748ea778adc52bc498ce80524c014b81119,00000000,,,,,False,,,,,,,,,,False,False
/application/zukanlist/zkn_data/zukan_enc_platinum.narc,/application/zukanlist/zkn_data/zukan_enc_platinum.narc!/member_03249,0,/application/zukanlist/zkn_data/zukan_enc_platinum.narc,133,3249,,60552,60556,20868,20872,4,df3f619804a92fdb4057192dc43dd748ea778adc52bc498ce80524c014b81119,00000000,,,,,False,,,,,,,,,,False,False
/application/zukanlist/zkn_data/zukan_enc_platinum.narc,/application/zukanlist/zkn_data/zukan_enc_platinum.narc!/member_03250,0,/application/zukanlist/zkn_data/zukan_enc_platinum.narc,133,3250,,60556,60560,20872,20876,4,df3f619804a92fdb4057192dc43dd748ea778adc52bc498ce80524c014b81119,00000000,,,,,False,,,,,,,,,,False,False
/application/zukanlist/zkn_data/zukan_enc_platinum.narc,/application/zukanlist/zkn_data/zukan_enc_platinum.narc!/member_03251,0,/application/zukanlist/zkn_data/zukan_enc_platinum.narc,133,3251,,60560,60564,20876,20880,4,df3f619804a92fdb4057192dc43dd748ea778adc52bc498ce80524c014b81119,00000000,,,,,False,,,,,,,,,,False,False
/application/zukanlist/zkn_data/zukan_enc_platinum.narc,/application/zukanlist/zkn_data/zukan_enc_platinum.narc!/member_03252,0,/application/zukanlist/zkn_data/zukan_enc_platinum.narc,133,3252,,60564,60612,20880,20928,48,8ebf4268ac2eff45e7fb190dcf0945982dbab8fef85b73bd6bab6319c716f28e,03000000040000000500000009000000,,,,,False,,,,,,,,,,False,False
/application/zukanlist/zkn_data/zukan_enc_platinum.narc,/application/zukanlist/zkn_data/zukan_enc_platinum.narc!/member_03253,0,/application/zukanlist/zkn_data/zukan_enc_platinum.narc,133,3253,,60612,60660,20928,20976,48,e399eff2bdc9bcee294bfb97aa4f994532623fab5741495cdfa80e427d058dd7,04000000050000000900000023000000,,,,,False,,,,,,,,,,False,False
/application/zukanlist/zkn_data/zukan_enc_platinum.narc,/application/zukanlist/zkn_data/zukan_enc_platinum.narc!/member_03254,0,/application/zukanlist/zkn_data/zukan_enc_platinum.narc,133,3254,,60660,60676,20976,20992,16,7d89628dd8acc4a84fa5900c03828768a5539ba895021c3ee547d7a354865ae3,15000000160000001b00000000000000,,,,,False,,,,,,,,,,False,False
/application/zukanlist/zkn_data/zukan_enc_platinum.narc,/application/zukanlist/zkn_data/zukan_enc_platinum.narc!/member_03255,0,/application/zukanlist/zkn_data/zukan_enc_platinum.narc,133,3255,,60676,60684,20992,21000,8,4d159113222bfeb85fbe717cc2393ee8a6a85b7ce5ac1791c4eade5e3dd6de41,1b00000000000000,,,,,False,,,,,,,,,,False,False
/application/zukanlist/zkn_data/zukan_enc_platinum.narc,/application/zukanlist/zkn_data/zukan_enc_platinum.narc!/member_03256,0,/application/zukanlist/zkn_data/zukan_enc_platinum.narc,133,3256,,60684,60688,21000,21004,4,df3f619804a92fdb4057192dc43dd748ea778adc52bc498ce80524c014b81119,00000000,,,,,False,,,,,,,,,,False,False
/application/zukanlist/zkn_data/zukan_enc_platinum.narc,/application/zukanlist/zkn_data/zukan_enc_platinum.narc!/member_03257,0,/application/zukanlist/zkn_data/zukan_enc_platinum.narc,133,3257,,60688,60696,21004,21012,8,ed049108bc18f2c64369e8d0ea42850bdd1a7d1dd340cfde716315579702a76c,2a00000000000000,,,,,False,,,,,,,,,,False,False
/application/zukanlist/zkn_data/zukan_enc_platinum.narc,/application/zukanlist/zkn_data/zukan_enc_platinum.narc!/member_03258,0,/application/zukanlist/zkn_data/zukan_enc_platinum.narc,133,3258,,60696,60704,21012,21020,8,ed049108bc18f2c64369e8d0ea42850bdd1a7d1dd340cfde716315579702a76c,2a00000000000000,,,,,False,,,,,,,,,,False,False
/application/zukanlist/zkn_data/zukan_enc_platinum.narc,/application/zukanlist/zkn_data/zukan_enc_platinum.narc!/member_03259,0,/application/zukanlist/zkn_data/zukan_enc_platinum.narc,133,3259,,60704,60708,21020,21024,4,df3f619804a92fdb4057192dc43dd748ea778adc52bc498ce80524c014b81119,00000000,,,,,False,,,,,,,,,,False,False
/application/zukanlist/zkn_data/zukan_enc_platinum.narc,/application/zukanlist/zkn_data/zukan_enc_platinum.narc!/member_03260,0,/application/zukanlist/zkn_data/zukan_enc_platinum.narc,133,3260,,60708,60712,21024,21028,4,df3f619804a92fdb4057192dc43dd748ea778adc52bc498ce80524c014b81119,00000000,,,,,False,,,,,,,,,,False,False
/application/zukanlist/zkn_data/zukan_enc_platinum.narc,/application/zukanlist/zkn_data/zukan_enc_platinum.narc!/member_03261,0,/application/zukanlist/zkn_data/zukan_enc_platinum.narc,133,3261,,60712,60716,21028,21032,4,df3f619804a92fdb4057192dc43dd748ea778adc52bc498ce80524c014b81119,00000000,,,,,False,,,,,,,,,,False,False
/application/zukanlist/zkn_data/zukan_enc_platinum.narc,/application/zukanlist/zkn_data/zukan_enc_platinum.narc!/member_03262,0,/application/zukanlist/zkn_data/zukan_enc_platinum.narc,133,3262,,60716,60720,21032,21036,4,df3f619804a92fdb4057192dc43dd748ea778adc52bc498ce80524c014b81119,00000000,,,,,False,,,,,,,,,,False,False
/application/zukanlist/zkn_data/zukan_enc_platinum.narc,/application/zukanlist/zkn_data/zukan_enc_platinum.narc!/member_03263,0,/application/zukanlist/zkn_data/zukan_enc_platinum.narc,133,3263,,60720,60724,21036,21040,4,df3f619804a92fdb4057192dc43dd748ea778adc52bc498ce80524c014b81119,00000000,,,,,False,,,,,,,,,,False,False
/application/zukanlist/zkn_data/zukan_enc_platinum.narc,/application/zukanlist/zkn_data/zukan_enc_platinum.narc!/member_03264,0,/application/zukanlist/zkn_data/zukan_enc_platinum.narc,133,3264,,60724,60728,21040,21044,4,df3f619804a92fdb4057192dc43dd748ea778adc52bc498ce80524c014b81119,00000000,,,,,False,,,,,,,,,,False,False
/application/zukanlist/zkn_data/zukan_enc_platinum.narc,/application/zukanlist/zkn_data/zukan_enc_platinum.narc!/member_03265,0,/application/zukanlist/zkn_data/zukan_enc_platinum.narc,133,3265,,60728,60732,21044,21048,4,df3f619804a92fdb4057192dc43dd748ea778adc52bc498ce80524c014b81119,00000000,,,,,False,,,,,,,,,,False,False
/application/zukanlist/zkn_data/zukan_enc_platinum.narc,/application/zukanlist/zkn_data/zukan_enc_platinum.narc!/member_03266,0,/application/zukanlist/zkn_data/zukan_enc_platinum.narc,133,3266,,60732,60736,21048,21052,4,df3f619804a92fdb4057192dc43dd748ea778adc52bc498ce80524c014b81119,00000000,,,,,False,,,,,,,,,,False,False
/application/zukanlist/zkn_data/zukan_enc_platinum.narc,/application/zukanlist/zkn_data/zukan_enc_platinum.narc!/member_03267,0,/application/zukanlist/zkn_data/zukan_enc_platinum.narc,133,3267,,60736,60740,21052,21056,4,df3f619804a92fdb4057192dc43dd748ea778adc52bc498ce80524c014b81119,00000000,,,,,False,,,,,,,,,,False,False
/application/zukanlist/zkn_data/zukan_enc_platinum.narc,/application/zukanlist/zkn_data/zukan_enc_platinum.narc!/member_03268,0,/application/zukanlist/zkn_data/zukan_enc_platinum.narc,133,3268,,60740,60744,21056,21060,4,df3f619804a92fdb4057192dc43dd748ea778adc52bc498ce80524c014b81119,00000000,,,,,False,,,,,,,,,,False,False
/application/zukanlist/zkn_data/zukan_enc_platinum.narc,/application/zukanlist/zkn_data/zukan_enc_platinum.narc!/member_03269,0,/application/zukanlist/zkn_data/zukan_enc_platinum.narc,133,3269,,60744,60748,21060,21064,4,df3f619804a92fdb4057192dc43dd748ea778adc52bc498ce80524c014b81119,00000000,,,,,False,,,,,,,,,,False,False
/application/zukanlist/zkn_data/zukan_enc_platinum.narc,/application/zukanlist/zkn_data/zukan_enc_platinum.narc!/member_03270,0,/application/zukanlist/zkn_data/zukan_enc_platinum.narc,133,3270,,60748,60752,21064,21068,4,df3f619804a92fdb4057192dc43dd748ea778adc52bc498ce80524c014b81119,00000000,,,,,False,,,,,,,,,,False,False
/application/zukanlist/zkn_data/zukan_enc_platinum.narc,/application/zukanlist/zkn_data/zukan_enc_platinum.narc!/member_03271,0,/application/zukanlist/zkn_data/zukan_enc_platinum.narc,133,3271,,60752,60756,21068,21072,4,df3f619804a92fdb4057192dc43dd748ea778adc52bc498ce80524c014b81119,00000000,,,,,False,,,,,,,,,,False,False
/application/zukanlist/zkn_data/zukan_enc_platinum.narc,/application/zukanlist/zkn_data/zukan_enc_platinum.narc!/member_03272,0,/application/zukanlist/zkn_data/zukan_enc_platinum.narc,133,3272,,60756,60760,21072,21076,4,df3f619804a92fdb4057192dc43dd748ea778adc52bc498ce80524c014b81119,00000000,,,,,False,,,,,,,,,,False,False
/application/zukanlist/zkn_data/zukan_enc_platinum.narc,/application/zukanlist/zkn_data/zukan_enc_platinum.narc!/member_03273,0,/application/zukanlist/zkn_data/zukan_enc_platinum.narc,133,3273,,60760,60764,21076,21080,4,df3f619804a92fdb4057192dc43dd748ea778adc52bc498ce80524c014b81119,00000000,,,,,False,,,,,,,,,,False,False
/application/zukanlist/zkn_data/zukan_enc_platinum.narc,/application/zukanlist/zkn_data/zukan_enc_platinum.narc!/member_03274,0,/application/zukanlist/zkn_data/zukan_enc_platinum.narc,133,3274,,60764,60768,21080,21084,4,df3f619804a92fdb4057192dc43dd748ea778adc52bc498ce80524c014b81119,00000000,,,,,False,,,,,,,,,,False,False
/application/zukanlist/zkn_data/zukan_enc_platinum.narc,/application/zukanlist/zkn_data/zukan_enc_platinum.narc!/member_03275,0,/application/zukanlist/zkn_data/zukan_enc_platinum.narc,133,3275,,60768,60772,21084,21088,4,df3f619804a92fdb4057192dc43dd748ea778adc52bc498ce80524c014b81119,00000000,,,,,False,,,,,,,,,,False,False
/application/zukanlist/zkn_data/zukan_enc_platinum.narc,/application/zukanlist/zkn_data/zukan_enc_platinum.narc!/member_03276,0,/application/zukanlist/zkn_data/zukan_enc_platinum.narc,133,3276,,60772,60776,21088,21092,4,df3f619804a92fdb4057192dc43dd748ea778adc52bc498ce80524c014b81119,00000000,,,,,False,,,,,,,,,,False,False
/application/zukanlist/zkn_data/zukan_enc_platinum.narc,/application/zukanlist/zkn_data/zukan_enc_platinum.narc!/member_03277,0,/application/zukanlist/zkn_data/zukan_enc_platinum.narc,133,3277,,60776,60780,21092,21096,4,df3f619804a92fdb4057192dc43dd748ea778adc52bc498ce80524c014b81119,00000000,,,,,False,,,,,,,,,,False,False
/application/zukanlist/zkn_data/zukan_enc_platinum.narc,/application/zukanlist/zkn_data/zukan_enc_platinum.narc!/member_03278,0,/application/zukanlist/zkn_data/zukan_enc_platinum.narc,133,3278,,60780,60784,21096,21100,4,df3f619804a92fdb4057192dc43dd748ea778adc52bc498ce80524c014b81119,00000000,,,,,False,,,,,,,,,,False,False
/application/zukanlist/zkn_data/zukan_enc_platinum.narc,/application/zukanlist/zkn_data/zukan_enc_platinum.narc!/member_03279,0,/application/zukanlist/zkn_data/zukan_enc_platinum.narc,133,3279,,60784,60788,21100,21104,4,df3f619804a92fdb4057192dc43dd748ea778adc52bc498ce80524c014b81119,00000000,,,,,False,,,,,,,,,,False,False
/application/zukanlist/zkn_data/zukan_enc_platinum.narc,/application/zukanlist/zkn_data/zukan_enc_platinum.narc!/member_03280,0,/application/zukanlist/zkn_data/zukan_enc_platinum.narc,133,3280,,60788,60792,21104,21108,4,df3f619804a92fdb4057192dc43dd748ea778adc52bc498ce80524c014b81119,00000000,,,,,False,,,,,,,,,,False,False
/application/zukanlist/zkn_data/zukan_enc_platinum.narc,/application/zukanlist/zkn_data/zukan_enc_platinum.narc!/member_03281,0,/application/zukanlist/zkn_data/zukan_enc_platinum.narc,133,3281,,60792,60812,21108,21128,20,eae790063d0d586565077e556894443bc74f3807f0da70cc881162bfd1af11db,18000000190000001a00000020000000,,,,,False,,,,,,,,,,False,False
/application/zukanlist/zkn_data/zukan_enc_platinum.narc,/application/zukanlist/zkn_data/zukan_enc_platinum.narc!/member_03282,0,/application/zukanlist/zkn_data/zukan_enc_platinum.narc,133,3282,,60812,60816,21128,21132,4,df3f619804a92fdb4057192dc43dd748ea778adc52bc498ce80524c014b81119,00000000,,,,,False,,,,,,,,,,False,False
/application/zukanlist/zkn_data/zukan_enc_platinum.narc,/application/zukanlist/zkn_data/zukan_enc_platinum.narc!/member_03283,0,/application/zukanlist/zkn_data/zukan_enc_platinum.narc,133,3283,,60816,60820,21132,21136,4,df3f619804a92fdb4057192dc43dd748ea778adc52bc498ce80524c014b81119,00000000,,,,,False,,,,,,,,,,False,False
/application/zukanlist/zkn_data/zukan_enc_platinum.narc,/application/zukanlist/zkn_data/zukan_enc_platinum.narc!/member_03284,0,/application/zukanlist/zkn_data/zukan_enc_platinum.narc,133,3284,,60820,60824,21136,21140,4,df3f619804a92fdb4057192dc43dd748ea778adc52bc498ce80524c014b81119,00000000,,,,,False,,,,,,,,,,False,False
/application/zukanlist/zkn_data/zukan_enc_platinum.narc,/application/zukanlist/zkn_data/zukan_enc_platinum.narc!/member_03285,0,/application/zukanlist/zkn_data/zukan_enc_platinum.narc,133,3285,,60824,60828,21140,21144,4,df3f619804a92fdb4057192dc43dd748ea778adc52bc498ce80524c014b81119,00000000,,,,,False,,,,,,,,,,False,False
/application/zukanlist/zkn_data/zukan_enc_platinum.narc,/application/zukanlist/zkn_data/zukan_enc_platinum.narc!/member_03286,0,/application/zukanlist/zkn_data/zukan_enc_platinum.narc,133,3286,,60828,60832,21144,21148,4,df3f619804a92fdb4057192dc43dd748ea778adc52bc498ce80524c014b81119,00000000,,,,,False,,,,,,,,,,False,False
/application/zukanlist/zkn_data/zukan_enc_platinum.narc,/application/zukanlist/zkn_data/zukan_enc_platinum.narc!/member_03287,0,/application/zukanlist/zkn_data/zukan_enc_platinum.narc,133,3287,,60832,60840,21148,21156,8,ed049108bc18f2c64369e8d0ea42850bdd1a7d1dd340cfde716315579702a76c,2a00000000000000,,,,,False,,,,,,,,,,False,False
/application/zukanlist/zkn_data/zukan_enc_platinum.narc,/application/zukanlist/zkn_data/zukan_enc_platinum.narc!/member_03288,0,/application/zukanlist/zkn_data/zukan_enc_platinum.narc,133,3288,,60840,60848,21156,21164,8,ed049108bc18f2c64369e8d0ea42850bdd1a7d1dd340cfde716315579702a76c,2a00000000000000,,,,,False,,,,,,,,,,False,False
/application/zukanlist/zkn_data/zukan_enc_platinum.narc,/application/zukanlist/zkn_data/zukan_enc_platinum.narc!/member_03289,0,/application/zukanlist/zkn_data/zukan_enc_platinum.narc,133,3289,,60848,60884,21164,21200,36,5ff66190d947c00400c9adac0dfb229f46838abc77f3d828f748e27ff1dee7bb,1500000016000000170000001b000000,,,,,False,,,,,,,,,,False,False
/application/zukanlist/zkn_data/zukan_enc_platinum.narc,/application/zukanlist/zkn_data/zukan_enc_platinum.narc!/member_03290,0,/application/zukanlist/zkn_data/zukan_enc_platinum.narc,133,3290,,60884,60888,21200,21204,4,df3f619804a92fdb4057192dc43dd748ea778adc52bc498ce80524c014b81119,00000000,,,,,False,,,,,,,,,,False,False
/application/zukanlist/zkn_data/zukan_enc_platinum.narc,/application/zukanlist/zkn_data/zukan_enc_platinum.narc!/member_03291,0,/application/zukanlist/zkn_data/zukan_enc_platinum.narc,133,3291,,60888,60892,21204,21208,4,df3f619804a92fdb4057192dc43dd748ea778adc52bc498ce80524c014b81119,00000000,,,,,False,,,,,,,,,,False,False
/application/zukanlist/zkn_data/zukan_enc_platinum.narc,/application/zukanlist/zkn_data/zukan_enc_platinum.narc!/member_03292,0,/application/zukanlist/zkn_data/zukan_enc_platinum.narc,133,3292,,60892,60896,21208,21212,4,df3f619804a92fdb4057192dc43dd748ea778adc52bc498ce80524c014b81119,00000000,,,,,False,,,,,,,,,,False,False
/application/zukanlist/zkn_data/zukan_enc_platinum.narc,/application/zukanlist/zkn_data/zukan_enc_platinum.narc!/member_03293,0,/application/zukanlist/zkn_data/zukan_enc_platinum.narc,133,3293,,60896,60900,21212,21216,4,df3f619804a92fdb4057192dc43dd748ea778adc52bc498ce80524c014b81119,00000000,,,,,False,,,,,,,,,,False,False
/application/zukanlist/zkn_data/zukan_enc_platinum.narc,/application/zukanlist/zkn_data/zukan_enc_platinum.narc!/member_03294,0,/application/zukanlist/zkn_data/zukan_enc_platinum.narc,133,3294,,60900,60912,21216,21228,12,7e235b4cce195b0330d1d32cde3de7062144cfee910f0d16de759341168eff84,2f0000003100000000000000,,,,,False,,,,,,,,,,False,False
/application/zukanlist/zkn_data/zukan_enc_platinum.narc,/application/zukanlist/zkn_data/zukan_enc_platinum.narc!/member_03295,0,/application/zukanlist/zkn_data/zukan_enc_platinum.narc,133,3295,,60912,60924,21228,21240,12,7e235b4cce195b0330d1d32cde3de7062144cfee910f0d16de759341168eff84,2f0000003100000000000000,,,,,False,,,,,,,,,,False,False
/application/zukanlist/zkn_data/zukan_enc_platinum.narc,/application/zukanlist/zkn_data/zukan_enc_platinum.narc!/member_03296,0,/application/zukanlist/zkn_data/zukan_enc_platinum.narc,133,3296,,60924,60936,21240,21252,12,82845f601ec6f67c6123951adc94a3a015e24cb0ab292fb289695e981c4a6a7a,080000002800000000000000,,,,,False,,,,,,,,,,False,False
/application/zukanlist/zkn_data/zukan_enc_platinum.narc,/application/zukanlist/zkn_data/zukan_enc_platinum.narc!/member_03297,0,/application/zukanlist/zkn_data/zukan_enc_platinum.narc,133,3297,,60936,60948,21252,21264,12,82845f601ec6f67c6123951adc94a3a015e24cb0ab292fb289695e981c4a6a7a,080000002800000000000000,,,,,False,,,,,,,,,,False,False
/application/zukanlist/zkn_data/zukan_enc_platinum.narc,/application/zukanlist/zkn_data/zukan_enc_platinum.narc!/member_03298,0,/application/zukanlist/zkn_data/zukan_enc_platinum.narc,133,3298,,60948,60952,21264,21268,4,df3f619804a92fdb4057192dc43dd748ea778adc52bc498ce80524c014b81119,00000000,,,,,False,,,,,,,,,,False,False
/application/zukanlist/zkn_data/zukan_enc_platinum.narc,/application/zukanlist/zkn_data/zukan_enc_platinum.narc!/member_03299,0,/application/zukanlist/zkn_data/zukan_enc_platinum.narc,133,3299,,60952,60956,21268,21272,4,df3f619804a92fdb4057192dc43dd748ea778adc52bc498ce80524c014b81119,00000000,,,,,False,,,,,,,,,,False,False
/application/zukanlist/zkn_data/zukan_enc_platinum.narc,/application/zukanlist/zkn_data/zukan_enc_platinum.narc!/member_03300,0,/application/zukanlist/zkn_data/zukan_enc_platinum.narc,133,3300,,60956,60960,21272,21276,4,df3f619804a92fdb4057192dc43dd748ea778adc52bc498ce80524c014b81119,00000000,,,,,False,,,,,,,,,,False,False
/application/zukanlist/zkn_data/zukan_enc_platinum.narc,/application/zukanlist/zkn_data/zukan_enc_platinum.narc!/member_03301,0,/application/zukanlist/zkn_data/zukan_enc_platinum.narc,133,3301,,60960,60964,21276,21280,4,df3f619804a92fdb4057192dc43dd748ea778adc52bc498ce80524c014b81119,00000000,,,,,False,,,,,,,,,,False,False
/application/zukanlist/zkn_data/zukan_enc_platinum.narc,/application/zukanlist/zkn_data/zukan_enc_platinum.narc!/member_03302,0,/application/zukanlist/zkn_data/zukan_enc_platinum.narc,133,3302,,60964,60968,21280,21284,4,df3f619804a92fdb4057192dc43dd748ea778adc52bc498ce80524c014b81119,00000000,,,,,False,,,,,,,,,,False,False
/application/zukanlist/zkn_data/zukan_enc_platinum.narc,/application/zukanlist/zkn_data/zukan_enc_platinum.narc!/member_03303,0,/application/zukanlist/zkn_data/zukan_enc_platinum.narc,133,3303,,60968,60972,21284,21288,4,df3f619804a92fdb4057192dc43dd748ea778adc52bc498ce80524c014b81119,00000000,,,,,False,,,,,,,,,,False,False
/application/zukanlist/zkn_data/zukan_enc_platinum.narc,/application/zukanlist/zkn_data/zukan_enc_platinum.narc!/member_03304,0,/application/zukanlist/zkn_data/zukan_enc_platinum.narc,133,3304,,60972,60976,21288,21292,4,df3f619804a92fdb4057192dc43dd748ea778adc52bc498ce80524c014b81119,00000000,,,,,False,,,,,,,,,,False,False
/application/zukanlist/zkn_data/zukan_enc_platinum.narc,/application/zukanlist/zkn_data/zukan_enc_platinum.narc!/member_03305,0,/application/zukanlist/zkn_data/zukan_enc_platinum.narc,133,3305,,60976,60984,21292,21300,8,b8282e78d87c2a42f7c0f5b543c0d7760d3fe5a3860a25c20ec57ddaa4d80b81,2900000000000000,,,,,False,,,,,,,,,,False,False
/application/zukanlist/zkn_data/zukan_enc_platinum.narc,/application/zukanlist/zkn_data/zukan_enc_platinum.narc!/member_03306,0,/application/zukanlist/zkn_data/zukan_enc_platinum.narc,133,3306,,60984,60992,21300,21308,8,b8282e78d87c2a42f7c0f5b543c0d7760d3fe5a3860a25c20ec57ddaa4d80b81,2900000000000000,,,,,False,,,,,,,,,,False,False
/application/zukanlist/zkn_data/zukan_enc_platinum.narc,/application/zukanlist/zkn_data/zukan_enc_platinum.narc!/member_03307,0,/application/zukanlist/zkn_data/zukan_enc_platinum.narc,133,3307,,60992,61000,21308,21316,8,cbb032642036ec7043fa4529f06c9c9d8b12fa70ea6799a19ca8321a808d86fa,1800000000000000,,,,,False,,,,,,,,,,False,False
/application/zukanlist/zkn_data/zukan_enc_platinum.narc,/application/zukanlist/zkn_data/zukan_enc_platinum.narc!/member_03308,0,/application/zukanlist/zkn_data/zukan_enc_platinum.narc,133,3308,,61000,61004,21316,21320,4,df3f619804a92fdb4057192dc43dd748ea778adc52bc498ce80524c014b81119,00000000,,,,,False,,,,,,,,,,False,False
/application/zukanlist/zkn_data/zukan_enc_platinum.narc,/application/zukanlist/zkn_data/zukan_enc_platinum.narc!/member_03309,0,/application/zukanlist/zkn_data/zukan_enc_platinum.narc,133,3309,,61004,61008,21320,21324,4,df3f619804a92fdb4057192dc43dd748ea778adc52bc498ce80524c014b81119,00000000,,,,,False,,,,,,,,,,False,False
/application/zukanlist/zkn_data/zukan_enc_platinum.narc,/application/zukanlist/zkn_data/zukan_enc_platinum.narc!/member_03310,0,/application/zukanlist/zkn_data/zukan_enc_platinum.narc,133,3310,,61008,61012,21324,21328,4,df3f619804a92fdb4057192dc43dd748ea778adc52bc498ce80524c014b81119,00000000,,,,,False,,,,,,,,,,False,False
/application/zukanlist/zkn_data/zukan_enc_platinum.narc,/application/zukanlist/zkn_data/zukan_enc_platinum.narc!/member_03311,0,/application/zukanlist/zkn_data/zukan_enc_platinum.narc,133,3311,,61012,61016,21328,21332,4,df3f619804a92fdb4057192dc43dd748ea778adc52bc498ce80524c014b81119,00000000,,,,,False,,,,,,,,,,False,False
/application/zukanlist/zkn_data/zukan_enc_platinum.narc,/application/zukanlist/zkn_data/zukan_enc_platinum.narc!/member_03312,0,/application/zukanlist/zkn_data/zukan_enc_platinum.narc,133,3312,,61016,61020,21332,21336,4,df3f619804a92fdb4057192dc43dd748ea778adc52bc498ce80524c014b81119,00000000,,,,,False,,,,,,,,,,False,False
/application/zukanlist/zkn_data/zukan_enc_platinum.narc,/application/zukanlist/zkn_data/zukan_enc_platinum.narc!/member_03313,0,/application/zukanlist/zkn_data/zukan_enc_platinum.narc,133,3313,,61020,61048,21336,21364,28,3124ea3b44cc2654ea4b45e6ea8be1bf16a194a52a81f8d537168024da8b68d0,02000000120000001800000027000000,,,,,False,,,,,,,,,,False,False
/application/zukanlist/zkn_data/zukan_enc_platinum.narc,/application/zukanlist/zkn_data/zukan_enc_platinum.narc!/member_03314,0,/application/zukanlist/zkn_data/zukan_enc_platinum.narc,133,3314,,61048,61076,21364,21392,28,3124ea3b44cc2654ea4b45e6ea8be1bf16a194a52a81f8d537168024da8b68d0,02000000120000001800000027000000,,,,,False,,,,,,,,,,False,False
/application/zukanlist/zkn_data/zukan_enc_platinum.narc,/application/zukanlist/zkn_data/zukan_enc_platinum.narc!/member_03315,0,/application/zukanlist/zkn_data/zukan_enc_platinum.narc,133,3315,,61076,61084,21392,21400,8,c5b2e76e0be88460999f2083c6197da41daa3732375dabd7f0237c8eec0e395a,2c00000000000000,,,,,False,,,,,,,,,,False,False
/application/zukanlist/zkn_data/zukan_enc_platinum.narc,/application/zukanlist/zkn_data/zukan_enc_platinum.narc!/member_03316,0,/application/zukanlist/zkn_data/zukan_enc_platinum.narc,133,3316,,61084,61092,21400,21408,8,c5b2e76e0be88460999f2083c6197da41daa3732375dabd7f0237c8eec0e395a,2c00000000000000,,,,,False,,,,,,,,,,False,False
/application/zukanlist/zkn_data/zukan_enc_platinum.narc,/application/zukanlist/zkn_data/zukan_enc_platinum.narc!/member_03317,0,/application/zukanlist/zkn_data/zukan_enc_platinum.narc,133,3317,,61092,61096,21408,21412,4,df3f619804a92fdb4057192dc43dd748ea778adc52bc498ce80524c014b81119,00000000,,,,,False,,,,,,,,,,False,False
/application/zukanlist/zkn_data/zukan_enc_platinum.narc,/application/zukanlist/zkn_data/zukan_enc_platinum.narc!/member_03318,0,/application/zukanlist/zkn_data/zukan_enc_platinum.narc,133,3318,,61096,61100,21412,21416,4,df3f619804a92fdb4057192dc43dd748ea778adc52bc498ce80524c014b81119,00000000,,,,,False,,,,,,,,,,False,False
/application/zukanlist/zkn_data/zukan_enc_platinum.narc,/application/zukanlist/zkn_data/zukan_enc_platinum.narc!/member_03319,0,/application/zukanlist/zkn_data/zukan_enc_platinum.narc,133,3319,,61100,61104,21416,21420,4,df3f619804a92fdb4057192dc43dd748ea778adc52bc498ce80524c014b81119,00000000,,,,,False,,,,,,,,,,False,False
/application/zukanlist/zkn_data/zukan_enc_platinum.narc,/application/zukanlist/zkn_data/zukan_enc_platinum.narc!/member_03320,0,/application/zukanlist/zkn_data/zukan_enc_platinum.narc,133,3320,,61104,61108,21420,21424,4,df3f619804a92fdb4057192dc43dd748ea778adc52bc498ce80524c014b81119,00000000,,,,,False,,,,,,,,,,False,False
/application/zukanlist/zkn_data/zukan_enc_platinum.narc,/application/zukanlist/zkn_data/zukan_enc_platinum.narc!/member_03321,0,/application/zukanlist/zkn_data/zukan_enc_platinum.narc,133,3321,,61108,61112,21424,21428,4,df3f619804a92fdb4057192dc43dd748ea778adc52bc498ce80524c014b81119,00000000,,,,,False,,,,,,,,,,False,False
/application/zukanlist/zkn_data/zukan_enc_platinum.narc,/application/zukanlist/zkn_data/zukan_enc_platinum.narc!/member_03322,0,/application/zukanlist/zkn_data/zukan_enc_platinum.narc,133,3322,,61112,61116,21428,21432,4,df3f619804a92fdb4057192dc43dd748ea778adc52bc498ce80524c014b81119,00000000,,,,,False,,,,,,,,,,False,False
/application/zukanlist/zkn_data/zukan_enc_platinum.narc,/application/zukanlist/zkn_data/zukan_enc_platinum.narc!/member_03323,0,/application/zukanlist/zkn_data/zukan_enc_platinum.narc,133,3323,,61116,61120,21432,21436,4,df3f619804a92fdb4057192dc43dd748ea778adc52bc498ce80524c014b81119,00000000,,,,,False,,,,,,,,,,False,False
/application/zukanlist/zkn_data/zukan_enc_platinum.narc,/application/zukanlist/zkn_data/zukan_enc_platinum.narc!/member_03324,0,/application/zukanlist/zkn_data/zukan_enc_platinum.narc,133,3324,,61120,61124,21436,21440,4,df3f619804a92fdb4057192dc43dd748ea778adc52bc498ce80524c014b81119,00000000,,,,,False,,,,,,,,,,False,False
/application/zukanlist/zkn_data/zukan_enc_platinum.narc,/application/zukanlist/zkn_data/zukan_enc_platinum.narc!/member_03325,0,/application/zukanlist/zkn_data/zukan_enc_platinum.narc,133,3325,,61124,61128,21440,21444,4,df3f619804a92fdb4057192dc43dd748ea778adc52bc498ce80524c014b81119,00000000,,,,,False,,,,,,,,,,False,False
/application/zukanlist/zkn_data/zukan_enc_platinum.narc,/application/zukanlist/zkn_data/zukan_enc_platinum.narc!/member_03326,0,/application/zukanlist/zkn_data/zukan_enc_platinum.narc,133,3326,,61128,61132,21444,21448,4,df3f619804a92fdb4057192dc43dd748ea778adc52bc498ce80524c014b81119,00000000,,,,,False,,,,,,,,,,False,False
/application/zukanlist/zkn_data/zukan_enc_platinum.narc,/application/zukanlist/zkn_data/zukan_enc_platinum.narc!/member_03327,0,/application/zukanlist/zkn_data/zukan_enc_platinum.narc,133,3327,,61132,61136,21448,21452,4,df3f619804a92fdb4057192dc43dd748ea778adc52bc498ce80524c014b81119,00000000,,,,,False,,,,,,,,,,False,False
/application/zukanlist/zkn_data/zukan_enc_platinum.narc,/application/zukanlist/zkn_data/zukan_enc_platinum.narc!/member_03328,0,/application/zukanlist/zkn_data/zukan_enc_platinum.narc,133,3328,,61136,61140,21452,21456,4,df3f619804a92fdb4057192dc43dd748ea778adc52bc498ce80524c014b81119,00000000,,,,,False,,,,,,,,,,False,False
/application/zukanlist/zkn_data/zukan_enc_platinum.narc,/application/zukanlist/zkn_data/zukan_enc_platinum.narc!/member_03329,0,/application/zukanlist/zkn_data/zukan_enc_platinum.narc,133,3329,,61140,61144,21456,21460,4,df3f619804a92fdb4057192dc43dd748ea778adc52bc498ce80524c014b81119,00000000,,,,,False,,,,,,,,,,False,False
/application/zukanlist/zkn_data/zukan_enc_platinum.narc,/application/zukanlist/zkn_data/zukan_enc_platinum.narc!/member_03330,0,/application/zukanlist/zkn_data/zukan_enc_platinum.narc,133,3330,,61144,61148,21460,21464,4,df3f619804a92fdb4057192dc43dd748ea778adc52bc498ce80524c014b81119,00000000,,,,,False,,,,,,,,,,False,False
/application/zukanlist/zkn_data/zukan_enc_platinum.narc,/application/zukanlist/zkn_data/zukan_enc_platinum.narc!/member_03331,0,/application/zukanlist/zkn_data/zukan_enc_platinum.narc,133,3331,,61148,61152,21464,21468,4,df3f619804a92fdb4057192dc43dd748ea778adc52bc498ce80524c014b81119,00000000,,,,,False,,,,,,,,,,False,False
/application/zukanlist/zkn_data/zukan_enc_platinum.narc,/application/zukanlist/zkn_data/zukan_enc_platinum.narc!/member_03332,0,/application/zukanlist/zkn_data/zukan_enc_platinum.narc,133,3332,,61152,61156,21468,21472,4,df3f619804a92fdb4057192dc43dd748ea778adc52bc498ce80524c014b81119,00000000,,,,,False,,,,,,,,,,False,False
/application/zukanlist/zkn_data/zukan_enc_platinum.narc,/application/zukanlist/zkn_data/zukan_enc_platinum.narc!/member_03333,0,/application/zukanlist/zkn_data/zukan_enc_platinum.narc,133,3333,,61156,61160,21472,21476,4,df3f619804a92fdb4057192dc43dd748ea778adc52bc498ce80524c014b81119,00000000,,,,,False,,,,,,,,,,False,False
/application/zukanlist/zkn_data/zukan_enc_platinum.narc,/application/zukanlist/zkn_data/zukan_enc_platinum.narc!/member_03334,0,/application/zukanlist/zkn_data/zukan_enc_platinum.narc,133,3334,,61160,61164,21476,21480,4,df3f619804a92fdb4057192dc43dd748ea778adc52bc498ce80524c014b81119,00000000,,,,,False,,,,,,,,,,False,False
/application/zukanlist/zkn_data/zukan_enc_platinum.narc,/application/zukanlist/zkn_data/zukan_enc_platinum.narc!/member_03335,0,/application/zukanlist/zkn_data/zukan_enc_platinum.narc,133,3335,,61164,61168,21480,21484,4,df3f619804a92fdb4057192dc43dd748ea778adc52bc498ce80524c014b81119,00000000,,,,,False,,,,,,,,,,False,False
/application/zukanlist/zkn_data/zukan_enc_platinum.narc,/application/zukanlist/zkn_data/zukan_enc_platinum.narc!/member_03336,0,/application/zukanlist/zkn_data/zukan_enc_platinum.narc,133,3336,,61168,61172,21484,21488,4,df3f619804a92fdb4057192dc43dd748ea778adc52bc498ce80524c014b81119,00000000,,,,,False,,,,,,,,,,False,False
/application/zukanlist/zkn_data/zukan_enc_platinum.narc,/application/zukanlist/zkn_data/zukan_enc_platinum.narc!/member_03337,0,/application/zukanlist/zkn_data/zukan_enc_platinum.narc,133,3337,,61172,61176,21488,21492,4,df3f619804a92fdb4057192dc43dd748ea778adc52bc498ce80524c014b81119,00000000,,,,,False,,,,,,,,,,False,False
/application/zukanlist/zkn_data/zukan_enc_platinum.narc,/application/zukanlist/zkn_data/zukan_enc_platinum.narc!/member_03338,0,/application/zukanlist/zkn_data/zukan_enc_platinum.narc,133,3338,,61176,61184,21492,21500,8,703d37e650ac5852ff1027382d58776810b88d1db959d667efa0df97ae156c6b,3100000000000000,,,,,False,,,,,,,,,,False,False
/application/zukanlist/zkn_data/zukan_enc_platinum.narc,/application/zukanlist/zkn_data/zukan_enc_platinum.narc!/member_03339,0,/application/zukanlist/zkn_data/zukan_enc_platinum.narc,133,3339,,61184,61188,21500,21504,4,df3f619804a92fdb4057192dc43dd748ea778adc52bc498ce80524c014b81119,00000000,,,,,False,,,,,,,,,,False,False
/application/zukanlist/zkn_data/zukan_enc_platinum.narc,/application/zukanlist/zkn_data/zukan_enc_platinum.narc!/member_03340,0,/application/zukanlist/zkn_data/zukan_enc_platinum.narc,133,3340,,61188,61192,21504,21508,4,df3f619804a92fdb4057192dc43dd748ea778adc52bc498ce80524c014b81119,00000000,,,,,False,,,,,,,,,,False,False
/application/zukanlist/zkn_data/zukan_enc_platinum.narc,/application/zukanlist/zkn_data/zukan_enc_platinum.narc!/member_03341,0,/application/zukanlist/zkn_data/zukan_enc_platinum.narc,133,3341,,61192,61196,21508,21512,4,df3f619804a92fdb4057192dc43dd748ea778adc52bc498ce80524c014b81119,00000000,,,,,False,,,,,,,,,,False,False
/application/zukanlist/zkn_data/zukan_enc_platinum.narc,/application/zukanlist/zkn_data/zukan_enc_platinum.narc!/member_03342,0,/application/zukanlist/zkn_data/zukan_enc_platinum.narc,133,3342,,61196,61200,21512,21516,4,df3f619804a92fdb4057192dc43dd748ea778adc52bc498ce80524c014b81119,00000000,,,,,False,,,,,,,,,,False,False
/application/zukanlist/zkn_data/zukan_enc_platinum.narc,/application/zukanlist/zkn_data/zukan_enc_platinum.narc!/member_03343,0,/application/zukanlist/zkn_data/zukan_enc_platinum.narc,133,3343,,61200,61208,21516,21524,8,4779cee98e83f1a1592de4f293107545fabab96772e43de89f3437b35f08938f,3000000000000000,,Nintendo RLE,Probable,,True,Nintendo RLE,Probable,False,0,,,,,,False,False
/application/zukanlist/zkn_data/zukan_enc_platinum.narc,/application/zukanlist/zkn_data/zukan_enc_platinum.narc!/member_03344,0,/application/zukanlist/zkn_data/zukan_enc_platinum.narc,133,3344,,61208,61220,21524,21536,12,a6a9401f7034d0d7fef6168818b10aeaabc3d51087849008b8f157ee3aea3be2,050000002600000000000000,,,,,False,,,,,,,,,,False,False
/application/zukanlist/zkn_data/zukan_enc_platinum.narc,/application/zukanlist/zkn_data/zukan_enc_platinum.narc!/member_03345,0,/application/zukanlist/zkn_data/zukan_enc_platinum.narc,133,3345,,61220,61224,21536,21540,4,df3f619804a92fdb4057192dc43dd748ea778adc52bc498ce80524c014b81119,00000000,,,,,False,,,,,,,,,,False,False
/application/zukanlist/zkn_data/zukan_enc_platinum.narc,/application/zukanlist/zkn_data/zukan_enc_platinum.narc!/member_03346,0,/application/zukanlist/zkn_data/zukan_enc_platinum.narc,133,3346,,61224,61228,21540,21544,4,df3f619804a92fdb4057192dc43dd748ea778adc52bc498ce80524c014b81119,00000000,,,,,False,,,,,,,,,,False,False
/application/zukanlist/zkn_data/zukan_enc_platinum.narc,/application/zukanlist/zkn_data/zukan_enc_platinum.narc!/member_03347,0,/application/zukanlist/zkn_data/zukan_enc_platinum.narc,133,3347,,61228,61232,21544,21548,4,df3f619804a92fdb4057192dc43dd748ea778adc52bc498ce80524c014b81119,00000000,,,,,False,,,,,,,,,,False,False
/application/zukanlist/zkn_data/zukan_enc_platinum.narc,/application/zukanlist/zkn_data/zukan_enc_platinum.narc!/member_03348,0,/application/zukanlist/zkn_data/zukan_enc_platinum.narc,133,3348,,61232,61236,21548,21552,4,df3f619804a92fdb4057192dc43dd748ea778adc52bc498ce80524c014b81119,00000000,,,,,False,,,,,,,,,,False,False
/application/zukanlist/zkn_data/zukan_enc_platinum.narc,/application/zukanlist/zkn_data/zukan_enc_platinum.narc!/member_03349,0,/application/zukanlist/zkn_data/zukan_enc_platinum.narc,133,3349,,61236,61240,21552,21556,4,df3f619804a92fdb4057192dc43dd748ea778adc52bc498ce80524c014b81119,00000000,,,,,False,,,,,,,,,,False,False
/application/zukanlist/zkn_data/zukan_enc_platinum.narc,/application/zukanlist/zkn_data/zukan_enc_platinum.narc!/member_03350,0,/application/zukanlist/zkn_data/zukan_enc_platinum.narc,133,3350,,61240,61244,21556,21560,4,df3f619804a92fdb4057192dc43dd748ea778adc52bc498ce80524c014b81119,00000000,,,,,False,,,,,,,,,,False,False
/application/zukanlist/zkn_data/zukan_enc_platinum.narc,/application/zukanlist/zkn_data/zukan_enc_platinum.narc!/member_03351,0,/application/zukanlist/zkn_data/zukan_enc_platinum.narc,133,3351,,61244,61248,21560,21564,4,df3f619804a92fdb4057192dc43dd748ea778adc52bc498ce80524c014b81119,00000000,,,,,False,,,,,,,,,,False,False
/application/zukanlist/zkn_data/zukan_enc_platinum.narc,/application/zukanlist/zkn_data/zukan_enc_platinum.narc!/member_03352,0,/application/zukanlist/zkn_data/zukan_enc_platinum.narc,133,3352,,61248,61252,21564,21568,4,df3f619804a92fdb4057192dc43dd748ea778adc52bc498ce80524c014b81119,00000000,,,,,False,,,,,,,,,,False,False
/application/zukanlist/zkn_data/zukan_enc_platinum.narc,/application/zukanlist/zkn_data/zukan_enc_platinum.narc!/member_03353,0,/application/zukanlist/zkn_data/zukan_enc_platinum.narc,133,3353,,61252,61256,21568,21572,4,df3f619804a92fdb4057192dc43dd748ea778adc52bc498ce80524c014b81119,00000000,,,,,False,,,,,,,,,,False,False
/application/zukanlist/zkn_data/zukan_enc_platinum.narc,/application/zukanlist/zkn_data/zukan_enc_platinum.narc!/member_03354,0,/application/zukanlist/zkn_data/zukan_enc_platinum.narc,133,3354,,61256,61260,21572,21576,4,df3f619804a92fdb4057192dc43dd748ea778adc52bc498ce80524c014b81119,00000000,,,,,False,,,,,,,,,,False,False
/application/zukanlist/zkn_data/zukan_enc_platinum.narc,/application/zukanlist/zkn_data/zukan_enc_platinum.narc!/member_03355,0,/application/zukanlist/zkn_data/zukan_enc_platinum.narc,133,3355,,61260,61264,21576,21580,4,df3f619804a92fdb4057192dc43dd748ea778adc52bc498ce80524c014b81119,00000000,,,,,False,,,,,,,,,,False,False
/application/zukanlist/zkn_data/zukan_enc_platinum.narc,/application/zukanlist/zkn_data/zukan_enc_platinum.narc!/member_03356,0,/application/zukanlist/zkn_data/zukan_enc_platinum.narc,133,3356,,61264,61268,21580,21584,4,df3f619804a92fdb4057192dc43dd748ea778adc52bc498ce80524c014b81119,00000000,,,,,False,,,,,,,,,,False,False
/application/zukanlist/zkn_data/zukan_enc_platinum.narc,/application/zukanlist/zkn_data/zukan_enc_platinum.narc!/member_03357,0,/application/zukanlist/zkn_data/zukan_enc_platinum.narc,133,3357,,61268,61272,21584,21588,4,df3f619804a92fdb4057192dc43dd748ea778adc52bc498ce80524c014b81119,00000000,,,,,False,,,,,,,,,,False,False
/application/zukanlist/zkn_data/zukan_enc_platinum.narc,/application/zukanlist/zkn_data/zukan_enc_platinum.narc!/member_03358,0,/application/zukanlist/zkn_data/zukan_enc_platinum.narc,133,3358,,61272,61276,21588,21592,4,df3f619804a92fdb4057192dc43dd748ea778adc52bc498ce80524c014b81119,00000000,,,,,False,,,,,,,,,,False,False
/application/zukanlist/zkn_data/zukan_enc_platinum.narc,/application/zukanlist/zkn_data/zukan_enc_platinum.narc!/member_03359,0,/application/zukanlist/zkn_data/zukan_enc_platinum.narc,133,3359,,61276,61280,21592,21596,4,df3f619804a92fdb4057192dc43dd748ea778adc52bc498ce80524c014b81119,00000000,,,,,False,,,,,,,,,,False,False
/application/zukanlist/zkn_data/zukan_enc_platinum.narc,/application/zukanlist/zkn_data/zukan_enc_platinum.narc!/member_03360,0,/application/zukanlist/zkn_data/zukan_enc_platinum.narc,133,3360,,61280,61284,21596,21600,4,df3f619804a92fdb4057192dc43dd748ea778adc52bc498ce80524c014b81119,00000000,,,,,False,,,,,,,,,,False,False
/application/zukanlist/zkn_data/zukan_enc_platinum.narc,/application/zukanlist/zkn_data/zukan_enc_platinum.narc!/member_03361,0,/application/zukanlist/zkn_data/zukan_enc_platinum.narc,133,3361,,61284,61288,21600,21604,4,df3f619804a92fdb4057192dc43dd748ea778adc52bc498ce80524c014b81119,00000000,,,,,False,,,,,,,,,,False,False
/application/zukanlist/zkn_data/zukan_enc_platinum.narc,/application/zukanlist/zkn_data/zukan_enc_platinum.narc!/member_03362,0,/application/zukanlist/zkn_data/zukan_enc_platinum.narc,133,3362,,61288,61292,21604,21608,4,df3f619804a92fdb4057192dc43dd748ea778adc52bc498ce80524c014b81119,00000000,,,,,False,,,,,,,,,,False,False
/application/zukanlist/zkn_data/zukan_enc_platinum.narc,/application/zukanlist/zkn_data/zukan_enc_platinum.narc!/member_03363,0,/application/zukanlist/zkn_data/zukan_enc_platinum.narc,133,3363,,61292,61296,21608,21612,4,df3f619804a92fdb4057192dc43dd748ea778adc52bc498ce80524c014b81119,00000000,,,,,False,,,,,,,,,,False,False
/application/zukanlist/zkn_data/zukan_enc_platinum.narc,/application/zukanlist/zkn_data/zukan_enc_platinum.narc!/member_03364,0,/application/zukanlist/zkn_data/zukan_enc_platinum.narc,133,3364,,61296,61300,21612,21616,4,df3f619804a92fdb4057192dc43dd748ea778adc52bc498ce80524c014b81119,00000000,,,,,False,,,,,,,,,,False,False
/application/zukanlist/zkn_data/zukan_enc_platinum.narc,/application/zukanlist/zkn_data/zukan_enc_platinum.narc!/member_03365,0,/application/zukanlist/zkn_data/zukan_enc_platinum.narc,133,3365,,61300,61304,21616,21620,4,df3f619804a92fdb4057192dc43dd748ea778adc52bc498ce80524c014b81119,00000000,,,,,False,,,,,,,,,,False,False
/application/zukanlist/zkn_data/zukan_enc_platinum.narc,/application/zukanlist/zkn_data/zukan_enc_platinum.narc!/member_03366,0,/application/zukanlist/zkn_data/zukan_enc_platinum.narc,133,3366,,61304,61308,21620,21624,4,df3f619804a92fdb4057192dc43dd748ea778adc52bc498ce80524c014b81119,00000000,,,,,False,,,,,,,,,,False,False
/application/zukanlist/zkn_data/zukan_enc_platinum.narc,/application/zukanlist/zkn_data/zukan_enc_platinum.narc!/member_03367,0,/application/zukanlist/zkn_data/zukan_enc_platinum.narc,133,3367,,61308,61312,21624,21628,4,df3f619804a92fdb4057192dc43dd748ea778adc52bc498ce80524c014b81119,00000000,,,,,False,,,,,,,,,,False,False
/application/zukanlist/zkn_data/zukan_enc_platinum.narc,/application/zukanlist/zkn_data/zukan_enc_platinum.narc!/member_03368,0,/application/zukanlist/zkn_data/zukan_enc_platinum.narc,133,3368,,61312,61316,21628,21632,4,df3f619804a92fdb4057192dc43dd748ea778adc52bc498ce80524c014b81119,00000000,,,,,False,,,,,,,,,,False,False
/application/zukanlist/zkn_data/zukan_enc_platinum.narc,/application/zukanlist/zkn_data/zukan_enc_platinum.narc!/member_03369,0,/application/zukanlist/zkn_data/zukan_enc_platinum.narc,133,3369,,61316,61320,21632,21636,4,df3f619804a92fdb4057192dc43dd748ea778adc52bc498ce80524c014b81119,00000000,,,,,False,,,,,,,,,,False,False
/application/zukanlist/zkn_data/zukan_enc_platinum.narc,/application/zukanlist/zkn_data/zukan_enc_platinum.narc!/member_03370,0,/application/zukanlist/zkn_data/zukan_enc_platinum.narc,133,3370,,61320,61344,21636,21660,24,1a58dd3305d395072c35fa03afd8146113fbe3bacb059156ea476a760283e63f,0c0000000d0000000e0000000f000000,,,,,False,,,,,,,,,,False,False
/application/zukanlist/zkn_data/zukan_enc_platinum.narc,/application/zukanlist/zkn_data/zukan_enc_platinum.narc!/member_03371,0,/application/zukanlist/zkn_data/zukan_enc_platinum.narc,133,3371,,61344,61368,21660,21684,24,d9fd853d01ab65954dc11617d7ed49822a8c7bdf16852548190a81d5fc548385,0a00000016000000170000001b000000,,,,,False,,,,,,,,,,False,False
/application/zukanlist/zkn_data/zukan_enc_platinum.narc,/application/zukanlist/zkn_data/zukan_enc_platinum.narc!/member_03372,0,/application/zukanlist/zkn_data/zukan_enc_platinum.narc,133,3372,,61368,61372,21684,21688,4,df3f619804a92fdb4057192dc43dd748ea778adc52bc498ce80524c014b81119,00000000,,,,,False,,,,,,,,,,False,False
/application/zukanlist/zkn_data/zukan_enc_platinum.narc,/application/zukanlist/zkn_data/zukan_enc_platinum.narc!/member_03373,0,/application/zukanlist/zkn_data/zukan_enc_platinum.narc,133,3373,,61372,61412,21688,21728,40,c0de05923c6342bc0d6bc31fbf919cbb3b67e4718bb2482df3d47c172b1b52a3,0c0000000d0000000e0000000f000000,,,,,False,,,,,,,,,,False,False
/application/zukanlist/zkn_data/zukan_enc_platinum.narc,/application/zukanlist/zkn_data/zukan_enc_platinum.narc!/member_03374,0,/application/zukanlist/zkn_data/zukan_enc_platinum.narc,133,3374,,61412,61432,21728,21748,20,63e8bbd55e16515fcd493a845f4fd7dea00d85abbd9131edb5e2341746bc6d84,0a000000150000001600000018000000,,,,,False,,,,,,,,,,False,False
/application/zukanlist/zkn_data/zukan_enc_platinum.narc,/application/zukanlist/zkn_data/zukan_enc_platinum.narc!/member_03375,0,/application/zukanlist/zkn_data/zukan_enc_platinum.narc,133,3375,,61432,61436,21748,21752,4,df3f619804a92fdb4057192dc43dd748ea778adc52bc498ce80524c014b81119,00000000,,,,,False,,,,,,,,,,False,False
/application/zukanlist/zkn_data/zukan_enc_platinum.narc,/application/zukanlist/zkn_data/zukan_enc_platinum.narc!/member_03376,0,/application/zukanlist/zkn_data/zukan_enc_platinum.narc,133,3376,,61436,61440,21752,21756,4,df3f619804a92fdb4057192dc43dd748ea778adc52bc498ce80524c014b81119,00000000,,,,,False,,,,,,,,,,False,False
/application/zukanlist/zkn_data/zukan_enc_platinum.narc,/application/zukanlist/zkn_data/zukan_enc_platinum.narc!/member_03377,0,/application/zukanlist/zkn_data/zukan_enc_platinum.narc,133,3377,,61440,61464,21756,21780,24,3c91a2ece0578819d54c57e6648f958780b30548b599bb5f7bc04d40b099d040,060000000d0000000e0000000f000000,,,,,False,,,,,,,,,,False,False
/application/zukanlist/zkn_data/zukan_enc_platinum.narc,/application/zukanlist/zkn_data/zukan_enc_platinum.narc!/member_03378,0,/application/zukanlist/zkn_data/zukan_enc_platinum.narc,133,3378,,61464,61472,21780,21788,8,2f717924a0d2847aa264ae9d76457847bbf5916d3298045ab0ffc45be8f4c228,2500000000000000,,,,,False,,,,,,,,,,False,False
/application/zukanlist/zkn_data/zukan_enc_platinum.narc,/application/zukanlist/zkn_data/zukan_enc_platinum.narc!/member_03379,0,/application/zukanlist/zkn_data/zukan_enc_platinum.narc,133,3379,,61472,61476,21788,21792,4,df3f619804a92fdb4057192dc43dd748ea778adc52bc498ce80524c014b81119,00000000,,,,,False,,,,,,,,,,False,False
/application/zukanlist/zkn_data/zukan_enc_platinum.narc,/application/zukanlist/zkn_data/zukan_enc_platinum.narc!/member_03380,0,/application/zukanlist/zkn_data/zukan_enc_platinum.narc,133,3380,,61476,61496,21792,21812,20,6c85a812133448b0bb9de19171ae0f86771038811b7462f4f97478a1558cc760,0f000000100000001200000015000000,,,,,False,,,,,,,,,,False,False
/application/zukanlist/zkn_data/zukan_enc_platinum.narc,/application/zukanlist/zkn_data/zukan_enc_platinum.narc!/member_03381,0,/application/zukanlist/zkn_data/zukan_enc_platinum.narc,133,3381,,61496,61500,21812,21816,4,df3f619804a92fdb4057192dc43dd748ea778adc52bc498ce80524c014b81119,00000000,,,,,False,,,,,,,,,,False,False
/application/zukanlist/zkn_data/zukan_enc_platinum.narc,/application/zukanlist/zkn_data/zukan_enc_platinum.narc!/member_03382,0,/application/zukanlist/zkn_data/zukan_enc_platinum.narc,133,3382,,61500,61504,21816,21820,4,df3f619804a92fdb4057192dc43dd748ea778adc52bc498ce80524c014b81119,00000000,,,,,False,,,,,,,,,,False,False
/application/zukanlist/zkn_data/zukan_enc_platinum.narc,/application/zukanlist/zkn_data/zukan_enc_platinum.narc!/member_03383,0,/application/zukanlist/zkn_data/zukan_enc_platinum.narc,133,3383,,61504,61508,21820,21824,4,df3f619804a92fdb4057192dc43dd748ea778adc52bc498ce80524c014b81119,00000000,,,,,False,,,,,,,,,,False,False
/application/zukanlist/zkn_data/zukan_enc_platinum.narc,/application/zukanlist/zkn_data/zukan_enc_platinum.narc!/member_03384,0,/application/zukanlist/zkn_data/zukan_enc_platinum.narc,133,3384,,61508,61512,21824,21828,4,df3f619804a92fdb4057192dc43dd748ea778adc52bc498ce80524c014b81119,00000000,,,,,False,,,,,,,,,,False,False
/application/zukanlist/zkn_data/zukan_enc_platinum.narc,/application/zukanlist/zkn_data/zukan_enc_platinum.narc!/member_03385,0,/application/zukanlist/zkn_data/zukan_enc_platinum.narc,133,3385,,61512,61516,21828,21832,4,df3f619804a92fdb4057192dc43dd748ea778adc52bc498ce80524c014b81119,00000000,,,,,False,,,,,,,,,,False,False
/application/zukanlist/zkn_data/zukan_enc_platinum.narc,/application/zukanlist/zkn_data/zukan_enc_platinum.narc!/member_03386,0,/application/zukanlist/zkn_data/zukan_enc_platinum.narc,133,3386,,61516,61520,21832,21836,4,df3f619804a92fdb4057192dc43dd748ea778adc52bc498ce80524c014b81119,00000000,,,,,False,,,,,,,,,,False,False
/application/zukanlist/zkn_data/zukan_enc_platinum.narc,/application/zukanlist/zkn_data/zukan_enc_platinum.narc!/member_03387,0,/application/zukanlist/zkn_data/zukan_enc_platinum.narc,133,3387,,61520,61524,21836,21840,4,df3f619804a92fdb4057192dc43dd748ea778adc52bc498ce80524c014b81119,00000000,,,,,False,,,,,,,,,,False,False
/application/zukanlist/zkn_data/zukan_enc_platinum.narc,/application/zukanlist/zkn_data/zukan_enc_platinum.narc!/member_03388,0,/application/zukanlist/zkn_data/zukan_enc_platinum.narc,133,3388,,61524,61528,21840,21844,4,df3f619804a92fdb4057192dc43dd748ea778adc52bc498ce80524c014b81119,00000000,,,,,False,,,,,,,,,,False,False
/application/zukanlist/zkn_data/zukan_enc_platinum.narc,/application/zukanlist/zkn_data/zukan_enc_platinum.narc!/member_03389,0,/application/zukanlist/zkn_data/zukan_enc_platinum.narc,133,3389,,61528,61532,21844,21848,4,df3f619804a92fdb4057192dc43dd748ea778adc52bc498ce80524c014b81119,00000000,,,,,False,,,,,,,,,,False,False
/application/zukanlist/zkn_data/zukan_enc_platinum.narc,/application/zukanlist/zkn_data/zukan_enc_platinum.narc!/member_03390,0,/application/zukanlist/zkn_data/zukan_enc_platinum.narc,133,3390,,61532,61536,21848,21852,4,df3f619804a92fdb4057192dc43dd748ea778adc52bc498ce80524c014b81119,00000000,,,,,False,,,,,,,,,,False,False
/application/zukanlist/zkn_data/zukan_enc_platinum.narc,/application/zukanlist/zkn_data/zukan_enc_platinum.narc!/member_03391,0,/application/zukanlist/zkn_data/zukan_enc_platinum.narc,133,3391,,61536,61548,21852,21864,12,45af13416c199c9c8cae254f94d3e8f675c9fb7eb5f0e2843d1b1f331409710e,060000001100000000000000,,,,,False,,,,,,,,,,False,False
/application/zukanlist/zkn_data/zukan_enc_platinum.narc,/application/zukanlist/zkn_data/zukan_enc_platinum.narc!/member_03392,0,/application/zukanlist/zkn_data/zukan_enc_platinum.narc,133,3392,,61548,61568,21864,21884,20,26defd3475c8bce174b2e4a5df984c89c61ffa4bef4ea3b2ed3c9e35bb304f7d,06000000110000001c0000001d000000,,,,,False,,,,,,,,,,False,False
/application/zukanlist/zkn_data/zukan_enc_platinum.narc,/application/zukanlist/zkn_data/zukan_enc_platinum.narc!/member_03393,0,/application/zukanlist/zkn_data/zukan_enc_platinum.narc,133,3393,,61568,61596,21884,21912,28,bcd0feea2d7014c0defc95c06466e23d070338aa6fda60750efb5eb9890b628f,07000000220000002400000025000000,,,,,False,,,,,,,,,,False,False
/application/zukanlist/zkn_data/zukan_enc_platinum.narc,/application/zukanlist/zkn_data/zukan_enc_platinum.narc!/member_03394,0,/application/zukanlist/zkn_data/zukan_enc_platinum.narc,133,3394,,61596,61600,21912,21916,4,df3f619804a92fdb4057192dc43dd748ea778adc52bc498ce80524c014b81119,00000000,,,,,False,,,,,,,,,,False,False
/application/zukanlist/zkn_data/zukan_enc_platinum.narc,/application/zukanlist/zkn_data/zukan_enc_platinum.narc!/member_03395,0,/application/zukanlist/zkn_data/zukan_enc_platinum.narc,133,3395,,61600,61604,21916,21920,4,df3f619804a92fdb4057192dc43dd748ea778adc52bc498ce80524c014b81119,00000000,,,,,False,,,,,,,,,,False,False
/application/zukanlist/zkn_data/zukan_enc_platinum.narc,/application/zukanlist/zkn_data/zukan_enc_platinum.narc!/member_03396,0,/application/zukanlist/zkn_data/zukan_enc_platinum.narc,133,3396,,61604,61640,21920,21956,36,f6c169c87ac7089c211ae98f4a9d417c59a8ac576d781edf80ff33974320cdf7,01000000030000000600000007000000,,,,,False,,,,,,,,,,False,False
/application/zukanlist/zkn_data/zukan_enc_platinum.narc,/application/zukanlist/zkn_data/zukan_enc_platinum.narc!/member_03397,0,/application/zukanlist/zkn_data/zukan_enc_platinum.narc,133,3397,,61640,61680,21956,21996,40,476d328b2e8fc915e1dbe70e52c4788431994934a286db44f3dea3ddc54f6aad,01000000030000000600000007000000,,,,,False,,,,,,,,,,False,False
/application/zukanlist/zkn_data/zukan_enc_platinum.narc,/application/zukanlist/zkn_data/zukan_enc_platinum.narc!/member_03398,0,/application/zukanlist/zkn_data/zukan_enc_platinum.narc,133,3398,,61680,61684,21996,22000,4,df3f619804a92fdb4057192dc43dd748ea778adc52bc498ce80524c014b81119,00000000,,,,,False,,,,,,,,,,False,False
/application/zukanlist/zkn_data/zukan_enc_platinum.narc,/application/zukanlist/zkn_data/zukan_enc_platinum.narc!/member_03399,0,/application/zukanlist/zkn_data/zukan_enc_platinum.narc,133,3399,,61684,61688,22000,22004,4,df3f619804a92fdb4057192dc43dd748ea778adc52bc498ce80524c014b81119,00000000,,,,,False,,,,,,,,,,False,False
/application/zukanlist/zkn_data/zukan_enc_platinum.narc,/application/zukanlist/zkn_data/zukan_enc_platinum.narc!/member_03400,0,/application/zukanlist/zkn_data/zukan_enc_platinum.narc,133,3400,,61688,61692,22004,22008,4,df3f619804a92fdb4057192dc43dd748ea778adc52bc498ce80524c014b81119,00000000,,,,,False,,,,,,,,,,False,False
/application/zukanlist/zkn_data/zukan_enc_platinum.narc,/application/zukanlist/zkn_data/zukan_enc_platinum.narc!/member_03401,0,/application/zukanlist/zkn_data/zukan_enc_platinum.narc,133,3401,,61692,61696,22008,22012,4,df3f619804a92fdb4057192dc43dd748ea778adc52bc498ce80524c014b81119,00000000,,,,,False,,,,,,,,,,False,False
/application/zukanlist/zkn_data/zukan_enc_platinum.narc,/application/zukanlist/zkn_data/zukan_enc_platinum.narc!/member_03402,0,/application/zukanlist/zkn_data/zukan_enc_platinum.narc,133,3402,,61696,61700,22012,22016,4,df3f619804a92fdb4057192dc43dd748ea778adc52bc498ce80524c014b81119,00000000,,,,,False,,,,,,,,,,False,False
/application/zukanlist/zkn_data/zukan_enc_platinum.narc,/application/zukanlist/zkn_data/zukan_enc_platinum.narc!/member_03403,0,/application/zukanlist/zkn_data/zukan_enc_platinum.narc,133,3403,,61700,61704,22016,22020,4,df3f619804a92fdb4057192dc43dd748ea778adc52bc498ce80524c014b81119,00000000,,,,,False,,,,,,,,,,False,False
/application/zukanlist/zkn_data/zukan_enc_platinum.narc,/application/zukanlist/zkn_data/zukan_enc_platinum.narc!/member_03404,0,/application/zukanlist/zkn_data/zukan_enc_platinum.narc,133,3404,,61704,61708,22020,22024,4,df3f619804a92fdb4057192dc43dd748ea778adc52bc498ce80524c014b81119,00000000,,,,,False,,,,,,,,,,False,False
/application/zukanlist/zkn_data/zukan_enc_platinum.narc,/application/zukanlist/zkn_data/zukan_enc_platinum.narc!/member_03405,0,/application/zukanlist/zkn_data/zukan_enc_platinum.narc,133,3405,,61708,61712,22024,22028,4,df3f619804a92fdb4057192dc43dd748ea778adc52bc498ce80524c014b81119,00000000,,,,,False,,,,,,,,,,False,False
/application/zukanlist/zkn_data/zukan_enc_platinum.narc,/application/zukanlist/zkn_data/zukan_enc_platinum.narc!/member_03406,0,/application/zukanlist/zkn_data/zukan_enc_platinum.narc,133,3406,,61712,61716,22028,22032,4,df3f619804a92fdb4057192dc43dd748ea778adc52bc498ce80524c014b81119,00000000,,,,,False,,,,,,,,,,False,False
/application/zukanlist/zkn_data/zukan_enc_platinum.narc,/application/zukanlist/zkn_data/zukan_enc_platinum.narc!/member_03407,0,/application/zukanlist/zkn_data/zukan_enc_platinum.narc,133,3407,,61716,61728,22032,22044,12,ac3e17cb10b4670f60ed7a4f69280ccd605c82307a548ac46547d4918619781d,190000001a00000000000000,,,,,False,,,,,,,,,,False,False
/application/zukanlist/zkn_data/zukan_enc_platinum.narc,/application/zukanlist/zkn_data/zukan_enc_platinum.narc!/member_03408,0,/application/zukanlist/zkn_data/zukan_enc_platinum.narc,133,3408,,61728,61732,22044,22048,4,df3f619804a92fdb4057192dc43dd748ea778adc52bc498ce80524c014b81119,00000000,,,,,False,,,,,,,,,,False,False
/application/zukanlist/zkn_data/zukan_enc_platinum.narc,/application/zukanlist/zkn_data/zukan_enc_platinum.narc!/member_03409,0,/application/zukanlist/zkn_data/zukan_enc_platinum.narc,133,3409,,61732,61736,22048,22052,4,df3f619804a92fdb4057192dc43dd748ea778adc52bc498ce80524c014b81119,00000000,,,,,False,,,,,,,,,,False,False
/application/zukanlist/zkn_data/zukan_enc_platinum.narc,/application/zukanlist/zkn_data/zukan_enc_platinum.narc!/member_03410,0,/application/zukanlist/zkn_data/zukan_enc_platinum.narc,133,3410,,61736,61748,22052,22064,12,ac3e17cb10b4670f60ed7a4f69280ccd605c82307a548ac46547d4918619781d,190000001a00000000000000,,,,,False,,,,,,,,,,False,False
/application/zukanlist/zkn_data/zukan_enc_platinum.narc,/application/zukanlist/zkn_data/zukan_enc_platinum.narc!/member_03411,0,/application/zukanlist/zkn_data/zukan_enc_platinum.narc,133,3411,,61748,61752,22064,22068,4,df3f619804a92fdb4057192dc43dd748ea778adc52bc498ce80524c014b81119,00000000,,,,,False,,,,,,,,,,False,False
/application/zukanlist/zkn_data/zukan_enc_platinum.narc,/application/zukanlist/zkn_data/zukan_enc_platinum.narc!/member_03412,0,/application/zukanlist/zkn_data/zukan_enc_platinum.narc,133,3412,,61752,61756,22068,22072,4,df3f619804a92fdb4057192dc43dd748ea778adc52bc498ce80524c014b81119,00000000,,,,,False,,,,,,,,,,False,False
/application/zukanlist/zkn_data/zukan_enc_platinum.narc,/application/zukanlist/zkn_data/zukan_enc_platinum.narc!/member_03413,0,/application/zukanlist/zkn_data/zukan_enc_platinum.narc,133,3413,,61756,61760,22072,22076,4,df3f619804a92fdb4057192dc43dd748ea778adc52bc498ce80524c014b81119,00000000,,,,,False,,,,,,,,,,False,False
/application/zukanlist/zkn_data/zukan_enc_platinum.narc,/application/zukanlist/zkn_data/zukan_enc_platinum.narc!/member_03414,0,/application/zukanlist/zkn_data/zukan_enc_platinum.narc,133,3414,,61760,61764,22076,22080,4,df3f619804a92fdb4057192dc43dd748ea778adc52bc498ce80524c014b81119,00000000,,,,,False,,,,,,,,,,False,False
/application/zukanlist/zkn_data/zukan_enc_platinum.narc,/application/zukanlist/zkn_data/zukan_enc_platinum.narc!/member_03415,0,/application/zukanlist/zkn_data/zukan_enc_platinum.narc,133,3415,,61764,61780,22080,22096,16,6c2316c1f29c233cbcedddcc6a79a05dce6a49567884b2b21fd8b9a5ded4eecf,1d000000220000002500000000000000,,,,,False,,,,,,,,,,False,False
/application/zukanlist/zkn_data/zukan_enc_platinum.narc,/application/zukanlist/zkn_data/zukan_enc_platinum.narc!/member_03416,0,/application/zukanlist/zkn_data/zukan_enc_platinum.narc,133,3416,,61780,61784,22096,22100,4,df3f619804a92fdb4057192dc43dd748ea778adc52bc498ce80524c014b81119,00000000,,,,,False,,,,,,,,,,False,False
/application/zukanlist/zkn_data/zukan_enc_platinum.narc,/application/zukanlist/zkn_data/zukan_enc_platinum.narc!/member_03417,0,/application/zukanlist/zkn_data/zukan_enc_platinum.narc,133,3417,,61784,61788,22100,22104,4,df3f619804a92fdb4057192dc43dd748ea778adc52bc498ce80524c014b81119,00000000,,,,,False,,,,,,,,,,False,False
/application/zukanlist/zkn_data/zukan_enc_platinum.narc,/application/zukanlist/zkn_data/zukan_enc_platinum.narc!/member_03418,0,/application/zukanlist/zkn_data/zukan_enc_platinum.narc,133,3418,,61788,61792,22104,22108,4,df3f619804a92fdb4057192dc43dd748ea778adc52bc498ce80524c014b81119,00000000,,,,,False,,,,,,,,,,False,False
/application/zukanlist/zkn_data/zukan_enc_platinum.narc,/application/zukanlist/zkn_data/zukan_enc_platinum.narc!/member_03419,0,/application/zukanlist/zkn_data/zukan_enc_platinum.narc,133,3419,,61792,61796,22108,22112,4,df3f619804a92fdb4057192dc43dd748ea778adc52bc498ce80524c014b81119,00000000,,,,,False,,,,,,,,,,False,False
/application/zukanlist/zkn_data/zukan_enc_platinum.narc,/application/zukanlist/zkn_data/zukan_enc_platinum.narc!/member_03420,0,/application/zukanlist/zkn_data/zukan_enc_platinum.narc,133,3420,,61796,61800,22112,22116,4,df3f619804a92fdb4057192dc43dd748ea778adc52bc498ce80524c014b81119,00000000,,,,,False,,,,,,,,,,False,False
/application/zukanlist/zkn_data/zukan_enc_platinum.narc,/application/zukanlist/zkn_data/zukan_enc_platinum.narc!/member_03421,0,/application/zukanlist/zkn_data/zukan_enc_platinum.narc,133,3421,,61800,61804,22116,22120,4,df3f619804a92fdb4057192dc43dd748ea778adc52bc498ce80524c014b81119,00000000,,,,,False,,,,,,,,,,False,False
/application/zukanlist/zkn_data/zukan_enc_platinum.narc,/application/zukanlist/zkn_data/zukan_enc_platinum.narc!/member_03422,0,/application/zukanlist/zkn_data/zukan_enc_platinum.narc,133,3422,,61804,61808,22120,22124,4,df3f619804a92fdb4057192dc43dd748ea778adc52bc498ce80524c014b81119,00000000,,,,,False,,,,,,,,,,False,False
/application/zukanlist/zkn_data/zukan_enc_platinum.narc,/application/zukanlist/zkn_data/zukan_enc_platinum.narc!/member_03423,0,/application/zukanlist/zkn_data/zukan_enc_platinum.narc,133,3423,,61808,61812,22124,22128,4,df3f619804a92fdb4057192dc43dd748ea778adc52bc498ce80524c014b81119,00000000,,,,,False,,,,,,,,,,False,False
/application/zukanlist/zkn_data/zukan_enc_platinum.narc,/application/zukanlist/zkn_data/zukan_enc_platinum.narc!/member_03424,0,/application/zukanlist/zkn_data/zukan_enc_platinum.narc,133,3424,,61812,61820,22128,22136,8,b8282e78d87c2a42f7c0f5b543c0d7760d3fe5a3860a25c20ec57ddaa4d80b81,2900000000000000,,,,,False,,,,,,,,,,False,False
/application/zukanlist/zkn_data/zukan_enc_platinum.narc,/application/zukanlist/zkn_data/zukan_enc_platinum.narc!/member_03425,0,/application/zukanlist/zkn_data/zukan_enc_platinum.narc,133,3425,,61820,61824,22136,22140,4,df3f619804a92fdb4057192dc43dd748ea778adc52bc498ce80524c014b81119,00000000,,,,,False,,,,,,,,,,False,False
/application/zukanlist/zkn_data/zukan_enc_platinum.narc,/application/zukanlist/zkn_data/zukan_enc_platinum.narc!/member_03426,0,/application/zukanlist/zkn_data/zukan_enc_platinum.narc,133,3426,,61824,61828,22140,22144,4,df3f619804a92fdb4057192dc43dd748ea778adc52bc498ce80524c014b81119,00000000,,,,,False,,,,,,,,,,False,False
/application/zukanlist/zkn_data/zukan_enc_platinum.narc,/application/zukanlist/zkn_data/zukan_enc_platinum.narc!/member_03427,0,/application/zukanlist/zkn_data/zukan_enc_platinum.narc,133,3427,,61828,61836,22144,22152,8,3c88bf13b58cba9ca7fe10c55db47931f52b52975cf1e9eaa0c9b0ec29c7c6be,1c00000000000000,,,,,False,,,,,,,,,,False,False
/application/zukanlist/zkn_data/zukan_enc_platinum.narc,/application/zukanlist/zkn_data/zukan_enc_platinum.narc!/member_03428,0,/application/zukanlist/zkn_data/zukan_enc_platinum.narc,133,3428,,61836,61840,22152,22156,4,df3f619804a92fdb4057192dc43dd748ea778adc52bc498ce80524c014b81119,00000000,,,,,False,,,,,,,,,,False,False
/application/zukanlist/zkn_data/zukan_enc_platinum.narc,/application/zukanlist/zkn_data/zukan_enc_platinum.narc!/member_03429,0,/application/zukanlist/zkn_data/zukan_enc_platinum.narc,133,3429,,61840,61844,22156,22160,4,df3f619804a92fdb4057192dc43dd748ea778adc52bc498ce80524c014b81119,00000000,,,,,False,,,,,,,,,,False,False
/application/zukanlist/zkn_data/zukan_enc_platinum.narc,/application/zukanlist/zkn_data/zukan_enc_platinum.narc!/member_03430,0,/application/zukanlist/zkn_data/zukan_enc_platinum.narc,133,3430,,61844,61884,22160,22200,40,78393e2e40f0d37458afc810745a88523a2177b36ce8a9297092a2d7872a97ad,01000000060000000700000009000000,,,,,False,,,,,,,,,,False,False
/application/zukanlist/zkn_data/zukan_enc_platinum.narc,/application/zukanlist/zkn_data/zukan_enc_platinum.narc!/member_03431,0,/application/zukanlist/zkn_data/zukan_enc_platinum.narc,133,3431,,61884,61924,22200,22240,40,78393e2e40f0d37458afc810745a88523a2177b36ce8a9297092a2d7872a97ad,01000000060000000700000009000000,,,,,False,,,,,,,,,,False,False
/application/zukanlist/zkn_data/zukan_enc_platinum.narc,/application/zukanlist/zkn_data/zukan_enc_platinum.narc!/member_03432,0,/application/zukanlist/zkn_data/zukan_enc_platinum.narc,133,3432,,61924,61932,22240,22248,8,8e9bcd43f7a4b257953cbc2b531c31f6361278e8a9bdb19f9da72658ead1ec25,2f00000000000000,,,,,False,,,,,,,,,,False,False
/application/zukanlist/zkn_data/zukan_enc_platinum.narc,/application/zukanlist/zkn_data/zukan_enc_platinum.narc!/member_03433,0,/application/zukanlist/zkn_data/zukan_enc_platinum.narc,133,3433,,61932,61948,22248,22264,16,f2578d6ab3f7d6034fa63ec3e6dd43add5c54ca3f83107f42a3b19e64bc9720a,0b000000200000002100000000000000,,,,,False,,,,,,,,,,False,False
/application/zukanlist/zkn_data/zukan_enc_platinum.narc,/application/zukanlist/zkn_data/zukan_enc_platinum.narc!/member_03434,0,/application/zukanlist/zkn_data/zukan_enc_platinum.narc,133,3434,,61948,61952,22264,22268,4,df3f619804a92fdb4057192dc43dd748ea778adc52bc498ce80524c014b81119,00000000,,,,,False,,,,,,,,,,False,False
/application/zukanlist/zkn_data/zukan_enc_platinum.narc,/application/zukanlist/zkn_data/zukan_enc_platinum.narc!/member_03435,0,/application/zukanlist/zkn_data/zukan_enc_platinum.narc,133,3435,,61952,61956,22268,22272,4,df3f619804a92fdb4057192dc43dd748ea778adc52bc498ce80524c014b81119,00000000,,,,,False,,,,,,,,,,False,False
/application/zukanlist/zkn_data/zukan_enc_platinum.narc,/application/zukanlist/zkn_data/zukan_enc_platinum.narc!/member_03436,0,/application/zukanlist/zkn_data/zukan_enc_platinum.narc,133,3436,,61956,61960,22272,22276,4,df3f619804a92fdb4057192dc43dd748ea778adc52bc498ce80524c014b81119,00000000,,,,,False,,,,,,,,,,False,False
/application/zukanlist/zkn_data/zukan_enc_platinum.narc,/application/zukanlist/zkn_data/zukan_enc_platinum.narc!/member_03437,0,/application/zukanlist/zkn_data/zukan_enc_platinum.narc,133,3437,,61960,61964,22276,22280,4,df3f619804a92fdb4057192dc43dd748ea778adc52bc498ce80524c014b81119,00000000,,,,,False,,,,,,,,,,False,False
/application/zukanlist/zkn_data/zukan_enc_platinum.narc,/application/zukanlist/zkn_data/zukan_enc_platinum.narc!/member_03438,0,/application/zukanlist/zkn_data/zukan_enc_platinum.narc,133,3438,,61964,61968,22280,22284,4,df3f619804a92fdb4057192dc43dd748ea778adc52bc498ce80524c014b81119,00000000,,,,,False,,,,,,,,,,False,False
/application/zukanlist/zkn_data/zukan_enc_platinum.narc,/application/zukanlist/zkn_data/zukan_enc_platinum.narc!/member_03439,0,/application/zukanlist/zkn_data/zukan_enc_platinum.narc,133,3439,,61968,61972,22284,22288,4,df3f619804a92fdb4057192dc43dd748ea778adc52bc498ce80524c014b81119,00000000,,,,,False,,,,,,,,,,False,False
/application/zukanlist/zkn_data/zukan_enc_platinum.narc,/application/zukanlist/zkn_data/zukan_enc_platinum.narc!/member_03440,0,/application/zukanlist/zkn_data/zukan_enc_platinum.narc,133,3440,,61972,61976,22288,22292,4,df3f619804a92fdb4057192dc43dd748ea778adc52bc498ce80524c014b81119,00000000,,,,,False,,,,,,,,,,False,False
/application/zukanlist/zkn_data/zukan_enc_platinum.narc,/application/zukanlist/zkn_data/zukan_enc_platinum.narc!/member_03441,0,/application/zukanlist/zkn_data/zukan_enc_platinum.narc,133,3441,,61976,61980,22292,22296,4,df3f619804a92fdb4057192dc43dd748ea778adc52bc498ce80524c014b81119,00000000,,,,,False,,,,,,,,,,False,False
/application/zukanlist/zkn_data/zukan_enc_platinum.narc,/application/zukanlist/zkn_data/zukan_enc_platinum.narc!/member_03442,0,/application/zukanlist/zkn_data/zukan_enc_platinum.narc,133,3442,,61980,61984,22296,22300,4,df3f619804a92fdb4057192dc43dd748ea778adc52bc498ce80524c014b81119,00000000,,,,,False,,,,,,,,,,False,False
/application/zukanlist/zkn_data/zukan_enc_platinum.narc,/application/zukanlist/zkn_data/zukan_enc_platinum.narc!/member_03443,0,/application/zukanlist/zkn_data/zukan_enc_platinum.narc,133,3443,,61984,61988,22300,22304,4,df3f619804a92fdb4057192dc43dd748ea778adc52bc498ce80524c014b81119,00000000,,,,,False,,,,,,,,,,False,False
/application/zukanlist/zkn_data/zukan_enc_platinum.narc,/application/zukanlist/zkn_data/zukan_enc_platinum.narc!/member_03444,0,/application/zukanlist/zkn_data/zukan_enc_platinum.narc,133,3444,,61988,61992,22304,22308,4,df3f619804a92fdb4057192dc43dd748ea778adc52bc498ce80524c014b81119,00000000,,,,,False,,,,,,,,,,False,False
/application/zukanlist/zkn_data/zukan_enc_platinum.narc,/application/zukanlist/zkn_data/zukan_enc_platinum.narc!/member_03445,0,/application/zukanlist/zkn_data/zukan_enc_platinum.narc,133,3445,,61992,61996,22308,22312,4,df3f619804a92fdb4057192dc43dd748ea778adc52bc498ce80524c014b81119,00000000,,,,,False,,,,,,,,,,False,False
/application/zukanlist/zkn_data/zukan_enc_platinum.narc,/application/zukanlist/zkn_data/zukan_enc_platinum.narc!/member_03446,0,/application/zukanlist/zkn_data/zukan_enc_platinum.narc,133,3446,,61996,62000,22312,22316,4,df3f619804a92fdb4057192dc43dd748ea778adc52bc498ce80524c014b81119,00000000,,,,,False,,,,,,,,,,False,False
/application/zukanlist/zkn_data/zukan_enc_platinum.narc,/application/zukanlist/zkn_data/zukan_enc_platinum.narc!/member_03447,0,/application/zukanlist/zkn_data/zukan_enc_platinum.narc,133,3447,,62000,62004,22316,22320,4,df3f619804a92fdb4057192dc43dd748ea778adc52bc498ce80524c014b81119,00000000,,,,,False,,,,,,,,,,False,False
/application/zukanlist/zkn_data/zukan_enc_platinum.narc,/application/zukanlist/zkn_data/zukan_enc_platinum.narc!/member_03448,0,/application/zukanlist/zkn_data/zukan_enc_platinum.narc,133,3448,,62004,62008,22320,22324,4,df3f619804a92fdb4057192dc43dd748ea778adc52bc498ce80524c014b81119,00000000,,,,,False,,,,,,,,,,False,False
/application/zukanlist/zkn_data/zukan_enc_platinum.narc,/application/zukanlist/zkn_data/zukan_enc_platinum.narc!/member_03449,0,/application/zukanlist/zkn_data/zukan_enc_platinum.narc,133,3449,,62008,62012,22324,22328,4,df3f619804a92fdb4057192dc43dd748ea778adc52bc498ce80524c014b81119,00000000,,,,,False,,,,,,,,,,False,False
/application/zukanlist/zkn_data/zukan_enc_platinum.narc,/application/zukanlist/zkn_data/zukan_enc_platinum.narc!/member_03450,0,/application/zukanlist/zkn_data/zukan_enc_platinum.narc,133,3450,,62012,62016,22328,22332,4,df3f619804a92fdb4057192dc43dd748ea778adc52bc498ce80524c014b81119,00000000,,,,,False,,,,,,,,,,False,False
/application/zukanlist/zkn_data/zukan_enc_platinum.narc,/application/zukanlist/zkn_data/zukan_enc_platinum.narc!/member_03451,0,/application/zukanlist/zkn_data/zukan_enc_platinum.narc,133,3451,,62016,62020,22332,22336,4,df3f619804a92fdb4057192dc43dd748ea778adc52bc498ce80524c014b81119,00000000,,,,,False,,,,,,,,,,False,False
/application/zukanlist/zkn_data/zukan_enc_platinum.narc,/application/zukanlist/zkn_data/zukan_enc_platinum.narc!/member_03452,0,/application/zukanlist/zkn_data/zukan_enc_platinum.narc,133,3452,,62020,62024,22336,22340,4,df3f619804a92fdb4057192dc43dd748ea778adc52bc498ce80524c014b81119,00000000,,,,,False,,,,,,,,,,False,False
/application/zukanlist/zkn_data/zukan_enc_platinum.narc,/application/zukanlist/zkn_data/zukan_enc_platinum.narc!/member_03453,0,/application/zukanlist/zkn_data/zukan_enc_platinum.narc,133,3453,,62024,62028,22340,22344,4,df3f619804a92fdb4057192dc43dd748ea778adc52bc498ce80524c014b81119,00000000,,,,,False,,,,,,,,,,False,False
/application/zukanlist/zkn_data/zukan_enc_platinum.narc,/application/zukanlist/zkn_data/zukan_enc_platinum.narc!/member_03454,0,/application/zukanlist/zkn_data/zukan_enc_platinum.narc,133,3454,,62028,62032,22344,22348,4,df3f619804a92fdb4057192dc43dd748ea778adc52bc498ce80524c014b81119,00000000,,,,,False,,,,,,,,,,False,False
/application/zukanlist/zkn_data/zukan_enc_platinum.narc,/application/zukanlist/zkn_data/zukan_enc_platinum.narc!/member_03455,0,/application/zukanlist/zkn_data/zukan_enc_platinum.narc,133,3455,,62032,62036,22348,22352,4,df3f619804a92fdb4057192dc43dd748ea778adc52bc498ce80524c014b81119,00000000,,,,,False,,,,,,,,,,False,False
/application/zukanlist/zkn_data/zukan_enc_platinum.narc,/application/zukanlist/zkn_data/zukan_enc_platinum.narc!/member_03456,0,/application/zukanlist/zkn_data/zukan_enc_platinum.narc,133,3456,,62036,62040,22352,22356,4,df3f619804a92fdb4057192dc43dd748ea778adc52bc498ce80524c014b81119,00000000,,,,,False,,,,,,,,,,False,False
/application/zukanlist/zkn_data/zukan_enc_platinum.narc,/application/zukanlist/zkn_data/zukan_enc_platinum.narc!/member_03457,0,/application/zukanlist/zkn_data/zukan_enc_platinum.narc,133,3457,,62040,62044,22356,22360,4,df3f619804a92fdb4057192dc43dd748ea778adc52bc498ce80524c014b81119,00000000,,,,,False,,,,,,,,,,False,False
/application/zukanlist/zkn_data/zukan_enc_platinum.narc,/application/zukanlist/zkn_data/zukan_enc_platinum.narc!/member_03458,0,/application/zukanlist/zkn_data/zukan_enc_platinum.narc,133,3458,,62044,62048,22360,22364,4,df3f619804a92fdb4057192dc43dd748ea778adc52bc498ce80524c014b81119,00000000,,,,,False,,,,,,,,,,False,False
/application/zukanlist/zkn_data/zukan_enc_platinum.narc,/application/zukanlist/zkn_data/zukan_enc_platinum.narc!/member_03459,0,/application/zukanlist/zkn_data/zukan_enc_platinum.narc,133,3459,,62048,62052,22364,22368,4,df3f619804a92fdb4057192dc43dd748ea778adc52bc498ce80524c014b81119,00000000,,,,,False,,,,,,,,,,False,False
/application/zukanlist/zkn_data/zukan_enc_platinum.narc,/application/zukanlist/zkn_data/zukan_enc_platinum.narc!/member_03460,0,/application/zukanlist/zkn_data/zukan_enc_platinum.narc,133,3460,,62052,62056,22368,22372,4,df3f619804a92fdb4057192dc43dd748ea778adc52bc498ce80524c014b81119,00000000,,,,,False,,,,,,,,,,False,False
/application/zukanlist/zkn_data/zukan_enc_platinum.narc,/application/zukanlist/zkn_data/zukan_enc_platinum.narc!/member_03461,0,/application/zukanlist/zkn_data/zukan_enc_platinum.narc,133,3461,,62056,62060,22372,22376,4,df3f619804a92fdb4057192dc43dd748ea778adc52bc498ce80524c014b81119,00000000,,,,,False,,,,,,,,,,False,False
/application/zukanlist/zkn_data/zukan_enc_platinum.narc,/application/zukanlist/zkn_data/zukan_enc_platinum.narc!/member_03462,0,/application/zukanlist/zkn_data/zukan_enc_platinum.narc,133,3462,,62060,62064,22376,22380,4,df3f619804a92fdb4057192dc43dd748ea778adc52bc498ce80524c014b81119,00000000,,,,,False,,,,,,,,,,False,False
/application/zukanlist/zkn_data/zukan_enc_platinum.narc,/application/zukanlist/zkn_data/zukan_enc_platinum.narc!/member_03463,0,/application/zukanlist/zkn_data/zukan_enc_platinum.narc,133,3463,,62064,62068,22380,22384,4,df3f619804a92fdb4057192dc43dd748ea778adc52bc498ce80524c014b81119,00000000,,,,,False,,,,,,,,,,False,False
/application/zukanlist/zkn_data/zukan_enc_platinum.narc,/application/zukanlist/zkn_data/zukan_enc_platinum.narc!/member_03464,0,/application/zukanlist/zkn_data/zukan_enc_platinum.narc,133,3464,,62068,62072,22384,22388,4,df3f619804a92fdb4057192dc43dd748ea778adc52bc498ce80524c014b81119,00000000,,,,,False,,,,,,,,,,False,False
/application/zukanlist/zkn_data/zukan_enc_platinum.narc,/application/zukanlist/zkn_data/zukan_enc_platinum.narc!/member_03465,0,/application/zukanlist/zkn_data/zukan_enc_platinum.narc,133,3465,,62072,62076,22388,22392,4,df3f619804a92fdb4057192dc43dd748ea778adc52bc498ce80524c014b81119,00000000,,,,,False,,,,,,,,,,False,False
/application/zukanlist/zkn_data/zukan_enc_platinum.narc,/application/zukanlist/zkn_data/zukan_enc_platinum.narc!/member_03466,0,/application/zukanlist/zkn_data/zukan_enc_platinum.narc,133,3466,,62076,62080,22392,22396,4,df3f619804a92fdb4057192dc43dd748ea778adc52bc498ce80524c014b81119,00000000,,,,,False,,,,,,,,,,False,False
/application/zukanlist/zkn_data/zukan_enc_platinum.narc,/application/zukanlist/zkn_data/zukan_enc_platinum.narc!/member_03467,0,/application/zukanlist/zkn_data/zukan_enc_platinum.narc,133,3467,,62080,62084,22396,22400,4,df3f619804a92fdb4057192dc43dd748ea778adc52bc498ce80524c014b81119,00000000,,,,,False,,,,,,,,,,False,False
/application/zukanlist/zkn_data/zukan_enc_platinum.narc,/application/zukanlist/zkn_data/zukan_enc_platinum.narc!/member_03468,0,/application/zukanlist/zkn_data/zukan_enc_platinum.narc,133,3468,,62084,62088,22400,22404,4,df3f619804a92fdb4057192dc43dd748ea778adc52bc498ce80524c014b81119,00000000,,,,,False,,,,,,,,,,False,False
/application/zukanlist/zkn_data/zukan_enc_platinum.narc,/application/zukanlist/zkn_data/zukan_enc_platinum.narc!/member_03469,0,/application/zukanlist/zkn_data/zukan_enc_platinum.narc,133,3469,,62088,62192,22404,22508,104,d74c78f2b535332240afc5dd4cfbada080950a4dd92316538fc87c717efad12c,01000000020000000300000004000000,,,,,False,,,,,,,,,,False,False
/application/zukanlist/zkn_data/zukan_enc_platinum.narc,/application/zukanlist/zkn_data/zukan_enc_platinum.narc!/member_03470,0,/application/zukanlist/zkn_data/zukan_enc_platinum.narc,133,3470,,62192,62196,22508,22512,4,df3f619804a92fdb4057192dc43dd748ea778adc52bc498ce80524c014b81119,00000000,,,,,False,,,,,,,,,,False,False
/application/zukanlist/zkn_data/zukan_enc_platinum.narc,/application/zukanlist/zkn_data/zukan_enc_platinum.narc!/member_03471,0,/application/zukanlist/zkn_data/zukan_enc_platinum.narc,133,3471,,62196,62200,22512,22516,4,df3f619804a92fdb4057192dc43dd748ea778adc52bc498ce80524c014b81119,00000000,,,,,False,,,,,,,,,,False,False
/application/zukanlist/zkn_data/zukan_enc_platinum.narc,/application/zukanlist/zkn_data/zukan_enc_platinum.narc!/member_03472,0,/application/zukanlist/zkn_data/zukan_enc_platinum.narc,133,3472,,62200,62204,22516,22520,4,df3f619804a92fdb4057192dc43dd748ea778adc52bc498ce80524c014b81119,00000000,,,,,False,,,,,,,,,,False,False
/application/zukanlist/zkn_data/zukan_enc_platinum.narc,/application/zukanlist/zkn_data/zukan_enc_platinum.narc!/member_03473,0,/application/zukanlist/zkn_data/zukan_enc_platinum.narc,133,3473,,62204,62208,22520,22524,4,df3f619804a92fdb4057192dc43dd748ea778adc52bc498ce80524c014b81119,00000000,,,,,False,,,,,,,,,,False,False
/application/zukanlist/zkn_data/zukan_enc_platinum.narc,/application/zukanlist/zkn_data/zukan_enc_platinum.narc!/member_03474,0,/application/zukanlist/zkn_data/zukan_enc_platinum.narc,133,3474,,62208,62212,22524,22528,4,df3f619804a92fdb4057192dc43dd748ea778adc52bc498ce80524c014b81119,00000000,,,,,False,,,,,,,,,,False,False
/application/zukanlist/zkn_data/zukan_enc_platinum.narc,/application/zukanlist/zkn_data/zukan_enc_platinum.narc!/member_03475,0,/application/zukanlist/zkn_data/zukan_enc_platinum.narc,133,3475,,62212,62216,22528,22532,4,df3f619804a92fdb4057192dc43dd748ea778adc52bc498ce80524c014b81119,00000000,,,,,False,,,,,,,,,,False,False
/application/zukanlist/zkn_data/zukan_enc_platinum.narc,/application/zukanlist/zkn_data/zukan_enc_platinum.narc!/member_03476,0,/application/zukanlist/zkn_data/zukan_enc_platinum.narc,133,3476,,62216,62220,22532,22536,4,df3f619804a92fdb4057192dc43dd748ea778adc52bc498ce80524c014b81119,00000000,,,,,False,,,,,,,,,,False,False
/application/zukanlist/zkn_data/zukan_enc_platinum.narc,/application/zukanlist/zkn_data/zukan_enc_platinum.narc!/member_03477,0,/application/zukanlist/zkn_data/zukan_enc_platinum.narc,133,3477,,62220,62224,22536,22540,4,df3f619804a92fdb4057192dc43dd748ea778adc52bc498ce80524c014b81119,00000000,,,,,False,,,,,,,,,,False,False
/application/zukanlist/zkn_data/zukan_enc_platinum.narc,/application/zukanlist/zkn_data/zukan_enc_platinum.narc!/member_03478,0,/application/zukanlist/zkn_data/zukan_enc_platinum.narc,133,3478,,62224,62228,22540,22544,4,df3f619804a92fdb4057192dc43dd748ea778adc52bc498ce80524c014b81119,00000000,,,,,False,,,,,,,,,,False,False
/application/zukanlist/zkn_data/zukan_enc_platinum.narc,/application/zukanlist/zkn_data/zukan_enc_platinum.narc!/member_03479,0,/application/zukanlist/zkn_data/zukan_enc_platinum.narc,133,3479,,62228,62232,22544,22548,4,df3f619804a92fdb4057192dc43dd748ea778adc52bc498ce80524c014b81119,00000000,,,,,False,,,,,,,,,,False,False
/application/zukanlist/zkn_data/zukan_enc_platinum.narc,/application/zukanlist/zkn_data/zukan_enc_platinum.narc!/member_03480,0,/application/zukanlist/zkn_data/zukan_enc_platinum.narc,133,3480,,62232,62236,22548,22552,4,df3f619804a92fdb4057192dc43dd748ea778adc52bc498ce80524c014b81119,00000000,,,,,False,,,,,,,,,,False,False
/application/zukanlist/zkn_data/zukan_enc_platinum.narc,/application/zukanlist/zkn_data/zukan_enc_platinum.narc!/member_03481,0,/application/zukanlist/zkn_data/zukan_enc_platinum.narc,133,3481,,62236,62240,22552,22556,4,df3f619804a92fdb4057192dc43dd748ea778adc52bc498ce80524c014b81119,00000000,,,,,False,,,,,,,,,,False,False
/application/zukanlist/zkn_data/zukan_enc_platinum.narc,/application/zukanlist/zkn_data/zukan_enc_platinum.narc!/member_03482,0,/application/zukanlist/zkn_data/zukan_enc_platinum.narc,133,3482,,62240,62244,22556,22560,4,df3f619804a92fdb4057192dc43dd748ea778adc52bc498ce80524c014b81119,00000000,,,,,False,,,,,,,,,,False,False
/application/zukanlist/zkn_data/zukan_enc_platinum.narc,/application/zukanlist/zkn_data/zukan_enc_platinum.narc!/member_03483,0,/application/zukanlist/zkn_data/zukan_enc_platinum.narc,133,3483,,62244,62248,22560,22564,4,df3f619804a92fdb4057192dc43dd748ea778adc52bc498ce80524c014b81119,00000000,,,,,False,,,,,,,,,,False,False
/application/zukanlist/zkn_data/zukan_enc_platinum.narc,/application/zukanlist/zkn_data/zukan_enc_platinum.narc!/member_03484,0,/application/zukanlist/zkn_data/zukan_enc_platinum.narc,133,3484,,62248,62252,22564,22568,4,df3f619804a92fdb4057192dc43dd748ea778adc52bc498ce80524c014b81119,00000000,,,,,False,,,,,,,,,,False,False
/application/zukanlist/zkn_data/zukan_enc_platinum.narc,/application/zukanlist/zkn_data/zukan_enc_platinum.narc!/member_03485,0,/application/zukanlist/zkn_data/zukan_enc_platinum.narc,133,3485,,62252,62260,22568,22576,8,ed049108bc18f2c64369e8d0ea42850bdd1a7d1dd340cfde716315579702a76c,2a00000000000000,,,,,False,,,,,,,,,,False,False
/application/zukanlist/zkn_data/zukan_enc_platinum.narc,/application/zukanlist/zkn_data/zukan_enc_platinum.narc!/member_03486,0,/application/zukanlist/zkn_data/zukan_enc_platinum.narc,133,3486,,62260,62264,22576,22580,4,df3f619804a92fdb4057192dc43dd748ea778adc52bc498ce80524c014b81119,00000000,,,,,False,,,,,,,,,,False,False
/application/zukanlist/zkn_data/zukan_enc_platinum.narc,/application/zukanlist/zkn_data/zukan_enc_platinum.narc!/member_03487,0,/application/zukanlist/zkn_data/zukan_enc_platinum.narc,133,3487,,62264,62268,22580,22584,4,df3f619804a92fdb4057192dc43dd748ea778adc52bc498ce80524c014b81119,00000000,,,,,False,,,,,,,,,,False,False
/application/zukanlist/zkn_data/zukan_enc_platinum.narc,/application/zukanlist/zkn_data/zukan_enc_platinum.narc!/member_03488,0,/application/zukanlist/zkn_data/zukan_enc_platinum.narc,133,3488,,62268,62280,22584,22596,12,9893212e6b984485abc2a582f07509b2de3f9ee0e30ac1263124e844a9c81346,270000003000000000000000,,,,,False,,,,,,,,,,False,False
/application/zukanlist/zkn_data/zukan_enc_platinum.narc,/application/zukanlist/zkn_data/zukan_enc_platinum.narc!/member_03489,0,/application/zukanlist/zkn_data/zukan_enc_platinum.narc,133,3489,,62280,62292,22596,22608,12,9893212e6b984485abc2a582f07509b2de3f9ee0e30ac1263124e844a9c81346,270000003000000000000000,,,,,False,,,,,,,,,,False,False
/application/zukanlist/zkn_data/zukan_enc_platinum.narc,/application/zukanlist/zkn_data/zukan_enc_platinum.narc!/member_03490,0,/application/zukanlist/zkn_data/zukan_enc_platinum.narc,133,3490,,62292,62300,22608,22616,8,067051cfe3b707b85d619ec630502c5a9cb7a39c3144d19abeec2fefdcda49d8,2700000000000000,,,,,False,,,,,,,,,,False,False
/application/zukanlist/zkn_data/zukan_enc_platinum.narc,/application/zukanlist/zkn_data/zukan_enc_platinum.narc!/member_03491,0,/application/zukanlist/zkn_data/zukan_enc_platinum.narc,133,3491,,62300,62316,22616,22632,16,519e0bc449e6761e73aa55122094725f18cd0fdd73ba9bd49b968e08321a0db2,08000000270000002800000000000000,,,,,False,,,,,,,,,,False,False
/application/zukanlist/zkn_data/zukan_enc_platinum.narc,/application/zukanlist/zkn_data/zukan_enc_platinum.narc!/member_03492,0,/application/zukanlist/zkn_data/zukan_enc_platinum.narc,133,3492,,62316,62320,22632,22636,4,df3f619804a92fdb4057192dc43dd748ea778adc52bc498ce80524c014b81119,00000000,,,,,False,,,,,,,,,,False,False
/application/zukanlist/zkn_data/zukan_enc_platinum.narc,/application/zukanlist/zkn_data/zukan_enc_platinum.narc!/member_03493,0,/application/zukanlist/zkn_data/zukan_enc_platinum.narc,133,3493,,62320,62324,22636,22640,4,df3f619804a92fdb4057192dc43dd748ea778adc52bc498ce80524c014b81119,00000000,,,,,False,,,,,,,,,,False,False
/application/zukanlist/zkn_data/zukan_enc_platinum.narc,/application/zukanlist/zkn_data/zukan_enc_platinum.narc!/member_03494,0,/application/zukanlist/zkn_data/zukan_enc_platinum.narc,133,3494,,62324,62328,22640,22644,4,df3f619804a92fdb4057192dc43dd748ea778adc52bc498ce80524c014b81119,00000000,,,,,False,,,,,,,,,,False,False
/application/zukanlist/zkn_data/zukan_enc_platinum.narc,/application/zukanlist/zkn_data/zukan_enc_platinum.narc!/member_03495,0,/application/zukanlist/zkn_data/zukan_enc_platinum.narc,133,3495,,62328,62332,22644,22648,4,df3f619804a92fdb4057192dc43dd748ea778adc52bc498ce80524c014b81119,00000000,,,,,False,,,,,,,,,,False,False
/application/zukanlist/zkn_data/zukan_enc_platinum.narc,/application/zukanlist/zkn_data/zukan_enc_platinum.narc!/member_03496,0,/application/zukanlist/zkn_data/zukan_enc_platinum.narc,133,3496,,62332,62336,22648,22652,4,df3f619804a92fdb4057192dc43dd748ea778adc52bc498ce80524c014b81119,00000000,,,,,False,,,,,,,,,,False,False
/application/zukanlist/zkn_data/zukan_enc_platinum.narc,/application/zukanlist/zkn_data/zukan_enc_platinum.narc!/member_03497,0,/application/zukanlist/zkn_data/zukan_enc_platinum.narc,133,3497,,62336,62340,22652,22656,4,df3f619804a92fdb4057192dc43dd748ea778adc52bc498ce80524c014b81119,00000000,,,,,False,,,,,,,,,,False,False
/application/zukanlist/zkn_data/zukan_enc_platinum.narc,/application/zukanlist/zkn_data/zukan_enc_platinum.narc!/member_03498,0,/application/zukanlist/zkn_data/zukan_enc_platinum.narc,133,3498,,62340,62344,22656,22660,4,df3f619804a92fdb4057192dc43dd748ea778adc52bc498ce80524c014b81119,00000000,,,,,False,,,,,,,,,,False,False
/application/zukanlist/zkn_data/zukan_enc_platinum.narc,/application/zukanlist/zkn_data/zukan_enc_platinum.narc!/member_03499,0,/application/zukanlist/zkn_data/zukan_enc_platinum.narc,133,3499,,62344,62348,22660,22664,4,df3f619804a92fdb4057192dc43dd748ea778adc52bc498ce80524c014b81119,00000000,,,,,False,,,,,,,,,,False,False
/application/zukanlist/zkn_data/zukan_enc_platinum.narc,/application/zukanlist/zkn_data/zukan_enc_platinum.narc!/member_03500,0,/application/zukanlist/zkn_data/zukan_enc_platinum.narc,133,3500,,62348,62352,22664,22668,4,df3f619804a92fdb4057192dc43dd748ea778adc52bc498ce80524c014b81119,00000000,,,,,False,,,,,,,,,,False,False
/application/zukanlist/zkn_data/zukan_enc_platinum.narc,/application/zukanlist/zkn_data/zukan_enc_platinum.narc!/member_03501,0,/application/zukanlist/zkn_data/zukan_enc_platinum.narc,133,3501,,62352,62356,22668,22672,4,df3f619804a92fdb4057192dc43dd748ea778adc52bc498ce80524c014b81119,00000000,,,,,False,,,,,,,,,,False,False
/application/zukanlist/zkn_data/zukan_enc_platinum.narc,/application/zukanlist/zkn_data/zukan_enc_platinum.narc!/member_03502,0,/application/zukanlist/zkn_data/zukan_enc_platinum.narc,133,3502,,62356,62360,22672,22676,4,df3f619804a92fdb4057192dc43dd748ea778adc52bc498ce80524c014b81119,00000000,,,,,False,,,,,,,,,,False,False
/application/zukanlist/zkn_data/zukan_enc_platinum.narc,/application/zukanlist/zkn_data/zukan_enc_platinum.narc!/member_03503,0,/application/zukanlist/zkn_data/zukan_enc_platinum.narc,133,3503,,62360,62364,22676,22680,4,df3f619804a92fdb4057192dc43dd748ea778adc52bc498ce80524c014b81119,00000000,,,,,False,,,,,,,,,,False,False
/application/zukanlist/zkn_data/zukan_enc_platinum.narc,/application/zukanlist/zkn_data/zukan_enc_platinum.narc!/member_03504,0,/application/zukanlist/zkn_data/zukan_enc_platinum.narc,133,3504,,62364,62368,22680,22684,4,df3f619804a92fdb4057192dc43dd748ea778adc52bc498ce80524c014b81119,00000000,,,,,False,,,,,,,,,,False,False
/application/zukanlist/zkn_data/zukan_enc_platinum.narc,/application/zukanlist/zkn_data/zukan_enc_platinum.narc!/member_03505,0,/application/zukanlist/zkn_data/zukan_enc_platinum.narc,133,3505,,62368,62372,22684,22688,4,df3f619804a92fdb4057192dc43dd748ea778adc52bc498ce80524c014b81119,00000000,,,,,False,,,,,,,,,,False,False
/application/zukanlist/zkn_data/zukan_enc_platinum.narc,/application/zukanlist/zkn_data/zukan_enc_platinum.narc!/member_03506,0,/application/zukanlist/zkn_data/zukan_enc_platinum.narc,133,3506,,62372,62376,22688,22692,4,df3f619804a92fdb4057192dc43dd748ea778adc52bc498ce80524c014b81119,00000000,,,,,False,,,,,,,,,,False,False
/application/zukanlist/zkn_data/zukan_enc_platinum.narc,/application/zukanlist/zkn_data/zukan_enc_platinum.narc!/member_03507,0,/application/zukanlist/zkn_data/zukan_enc_platinum.narc,133,3507,,62376,62380,22692,22696,4,df3f619804a92fdb4057192dc43dd748ea778adc52bc498ce80524c014b81119,00000000,,,,,False,,,,,,,,,,False,False
/application/zukanlist/zkn_data/zukan_enc_platinum.narc,/application/zukanlist/zkn_data/zukan_enc_platinum.narc!/member_03508,0,/application/zukanlist/zkn_data/zukan_enc_platinum.narc,133,3508,,62380,62384,22696,22700,4,df3f619804a92fdb4057192dc43dd748ea778adc52bc498ce80524c014b81119,00000000,,,,,False,,,,,,,,,,False,False
/application/zukanlist/zkn_data/zukan_enc_platinum.narc,/application/zukanlist/zkn_data/zukan_enc_platinum.narc!/member_03509,0,/application/zukanlist/zkn_data/zukan_enc_platinum.narc,133,3509,,62384,62388,22700,22704,4,df3f619804a92fdb4057192dc43dd748ea778adc52bc498ce80524c014b81119,00000000,,,,,False,,,,,,,,,,False,False
/application/zukanlist/zkn_data/zukan_enc_platinum.narc,/application/zukanlist/zkn_data/zukan_enc_platinum.narc!/member_03510,0,/application/zukanlist/zkn_data/zukan_enc_platinum.narc,133,3510,,62388,62436,22704,22752,48,4f2bf995b239d180655a282e181106859cbb9068ada4077204939e6d21dcd205,0e0000000f0000001000000013000000,,,,,False,,,,,,,,,,False,False
/application/zukanlist/zkn_data/zukan_enc_platinum.narc,/application/zukanlist/zkn_data/zukan_enc_platinum.narc!/member_03511,0,/application/zukanlist/zkn_data/zukan_enc_platinum.narc,133,3511,,62436,62448,22752,22764,12,82845f601ec6f67c6123951adc94a3a015e24cb0ab292fb289695e981c4a6a7a,080000002800000000000000,,,,,False,,,,,,,,,,False,False
/application/zukanlist/zkn_data/zukan_enc_platinum.narc,/application/zukanlist/zkn_data/zukan_enc_platinum.narc!/member_03512,0,/application/zukanlist/zkn_data/zukan_enc_platinum.narc,133,3512,,62448,62460,22764,22776,12,050e32e2ea97d490444d9b4935c9d5d0832227ef37210dbabec6d29f07bf9805,260000003100000000000000,,,,,False,,,,,,,,,,False,False
/application/zukanlist/zkn_data/zukan_enc_platinum.narc,/application/zukanlist/zkn_data/zukan_enc_platinum.narc!/member_03513,0,/application/zukanlist/zkn_data/zukan_enc_platinum.narc,133,3513,,62460,62472,22776,22788,12,050e32e2ea97d490444d9b4935c9d5d0832227ef37210dbabec6d29f07bf9805,260000003100000000000000,,,,,False,,,,,,,,,,False,False
/application/zukanlist/zkn_data/zukan_enc_platinum.narc,/application/zukanlist/zkn_data/zukan_enc_platinum.narc!/member_03514,0,/application/zukanlist/zkn_data/zukan_enc_platinum.narc,133,3514,,62472,62476,22788,22792,4,df3f619804a92fdb4057192dc43dd748ea778adc52bc498ce80524c014b81119,00000000,,,,,False,,,,,,,,,,False,False
/application/zukanlist/zkn_data/zukan_enc_platinum.narc,/application/zukanlist/zkn_data/zukan_enc_platinum.narc!/member_03515,0,/application/zukanlist/zkn_data/zukan_enc_platinum.narc,133,3515,,62476,62480,22792,22796,4,df3f619804a92fdb4057192dc43dd748ea778adc52bc498ce80524c014b81119,00000000,,,,,False,,,,,,,,,,False,False
/application/zukanlist/zkn_data/zukan_enc_platinum.narc,/application/zukanlist/zkn_data/zukan_enc_platinum.narc!/member_03516,0,/application/zukanlist/zkn_data/zukan_enc_platinum.narc,133,3516,,62480,62484,22796,22800,4,df3f619804a92fdb4057192dc43dd748ea778adc52bc498ce80524c014b81119,00000000,,,,,False,,,,,,,,,,False,False
/application/zukanlist/zkn_data/zukan_enc_platinum.narc,/application/zukanlist/zkn_data/zukan_enc_platinum.narc!/member_03517,0,/application/zukanlist/zkn_data/zukan_enc_platinum.narc,133,3517,,62484,62488,22800,22804,4,df3f619804a92fdb4057192dc43dd748ea778adc52bc498ce80524c014b81119,00000000,,,,,False,,,,,,,,,,False,False
/application/zukanlist/zkn_data/zukan_enc_platinum.narc,/application/zukanlist/zkn_data/zukan_enc_platinum.narc!/member_03518,0,/application/zukanlist/zkn_data/zukan_enc_platinum.narc,133,3518,,62488,62492,22804,22808,4,df3f619804a92fdb4057192dc43dd748ea778adc52bc498ce80524c014b81119,00000000,,,,,False,,,,,,,,,,False,False
/application/zukanlist/zkn_data/zukan_enc_platinum.narc,/application/zukanlist/zkn_data/zukan_enc_platinum.narc!/member_03519,0,/application/zukanlist/zkn_data/zukan_enc_platinum.narc,133,3519,,62492,62500,22808,22816,8,b8282e78d87c2a42f7c0f5b543c0d7760d3fe5a3860a25c20ec57ddaa4d80b81,2900000000000000,,,,,False,,,,,,,,,,False,False
/application/zukanlist/zkn_data/zukan_enc_platinum.narc,/application/zukanlist/zkn_data/zukan_enc_platinum.narc!/member_03520,0,/application/zukanlist/zkn_data/zukan_enc_platinum.narc,133,3520,,62500,62508,22816,22824,8,b8282e78d87c2a42f7c0f5b543c0d7760d3fe5a3860a25c20ec57ddaa4d80b81,2900000000000000,,,,,False,,,,,,,,,,False,False
/application/zukanlist/zkn_data/zukan_enc_platinum.narc,/application/zukanlist/zkn_data/zukan_enc_platinum.narc!/member_03521,0,/application/zukanlist/zkn_data/zukan_enc_platinum.narc,133,3521,,62508,62512,22824,22828,4,df3f619804a92fdb4057192dc43dd748ea778adc52bc498ce80524c014b81119,00000000,,,,,False,,,,,,,,,,False,False
/application/zukanlist/zkn_data/zukan_enc_platinum.narc,/application/zukanlist/zkn_data/zukan_enc_platinum.narc!/member_03522,0,/application/zukanlist/zkn_data/zukan_enc_platinum.narc,133,3522,,62512,62516,22828,22832,4,df3f619804a92fdb4057192dc43dd748ea778adc52bc498ce80524c014b81119,00000000,,,,,False,,,,,,,,,,False,False
/application/zukanlist/zkn_data/zukan_enc_platinum.narc,/application/zukanlist/zkn_data/zukan_enc_platinum.narc!/member_03523,0,/application/zukanlist/zkn_data/zukan_enc_platinum.narc,133,3523,,62516,62576,22832,22892,60,50df72c2b423acebe75fb7d03e92dd80f74fc982c33f15353fce9ae853d05464,020000000e0000000f00000010000000,,,,,False,,,,,,,,,,False,False
/application/zukanlist/zkn_data/zukan_enc_platinum.narc,/application/zukanlist/zkn_data/zukan_enc_platinum.narc!/member_03524,0,/application/zukanlist/zkn_data/zukan_enc_platinum.narc,133,3524,,62576,62636,22892,22952,60,50df72c2b423acebe75fb7d03e92dd80f74fc982c33f15353fce9ae853d05464,020000000e0000000f00000010000000,,,,,False,,,,,,,,,,False,False
/application/zukanlist/zkn_data/zukan_enc_platinum.narc,/application/zukanlist/zkn_data/zukan_enc_platinum.narc!/member_03525,0,/application/zukanlist/zkn_data/zukan_enc_platinum.narc,133,3525,,62636,62640,22952,22956,4,df3f619804a92fdb4057192dc43dd748ea778adc52bc498ce80524c014b81119,00000000,,,,,False,,,,,,,,,,False,False
/application/zukanlist/zkn_data/zukan_enc_platinum.narc,/application/zukanlist/zkn_data/zukan_enc_platinum.narc!/member_03526,0,/application/zukanlist/zkn_data/zukan_enc_platinum.narc,133,3526,,62640,62644,22956,22960,4,df3f619804a92fdb4057192dc43dd748ea778adc52bc498ce80524c014b81119,00000000,,,,,False,,,,,,,,,,False,False
/application/zukanlist/zkn_data/zukan_enc_platinum.narc,/application/zukanlist/zkn_data/zukan_enc_platinum.narc!/member_03527,0,/application/zukanlist/zkn_data/zukan_enc_platinum.narc,133,3527,,62644,62648,22960,22964,4,df3f619804a92fdb4057192dc43dd748ea778adc52bc498ce80524c014b81119,00000000,,,,,False,,,,,,,,,,False,False
/application/zukanlist/zkn_data/zukan_enc_platinum.narc,/application/zukanlist/zkn_data/zukan_enc_platinum.narc!/member_03528,0,/application/zukanlist/zkn_data/zukan_enc_platinum.narc,133,3528,,62648,62652,22964,22968,4,df3f619804a92fdb4057192dc43dd748ea778adc52bc498ce80524c014b81119,00000000,,,,,False,,,,,,,,,,False,False
/application/zukanlist/zkn_data/zukan_enc_platinum.narc,/application/zukanlist/zkn_data/zukan_enc_platinum.narc!/member_03529,0,/application/zukanlist/zkn_data/zukan_enc_platinum.narc,133,3529,,62652,62664,22968,22980,12,066e06701fcce07f9fc2d55ca20ae9544ec2705cbec3a6b8d19c51aa4f0054ea,280000002900000000000000,,,,,True,Nintendo Huffman 8-bit,Probable,False,41,,,,,,False,False
/application/zukanlist/zkn_data/zukan_enc_platinum.narc,/application/zukanlist/zkn_data/zukan_enc_platinum.narc!/member_03530,0,/application/zukanlist/zkn_data/zukan_enc_platinum.narc,133,3530,,62664,62676,22980,22992,12,066e06701fcce07f9fc2d55ca20ae9544ec2705cbec3a6b8d19c51aa4f0054ea,280000002900000000000000,,,,,True,Nintendo Huffman 8-bit,Probable,False,41,,,,,,False,False
/application/zukanlist/zkn_data/zukan_enc_platinum.narc,/application/zukanlist/zkn_data/zukan_enc_platinum.narc!/member_03531,0,/application/zukanlist/zkn_data/zukan_enc_platinum.narc,133,3531,,62676,62680,22992,22996,4,df3f619804a92fdb4057192dc43dd748ea778adc52bc498ce80524c014b81119,00000000,,,,,False,,,,,,,,,,False,False
/application/zukanlist/zkn_data/zukan_enc_platinum.narc,/application/zukanlist/zkn_data/zukan_enc_platinum.narc!/member_03532,0,/application/zukanlist/zkn_data/zukan_enc_platinum.narc,133,3532,,62680,62692,22996,23008,12,f3eaf50b7b9910204c0c72c73353ea7575297acc9bad11552e158f673c31387d,0e0000001f00000000000000,,,,,False,,,,,,,,,,False,False
/application/zukanlist/zkn_data/zukan_enc_platinum.narc,/application/zukanlist/zkn_data/zukan_enc_platinum.narc!/member_03533,0,/application/zukanlist/zkn_data/zukan_enc_platinum.narc,133,3533,,62692,62700,23008,23016,8,d5cc13b299a327f47cd6361d0441d7edb9d48568f33b460ba17f6a4e3a2ef7ae,1f00000000000000,,,,,False,,,,,,,,,,False,False
/application/zukanlist/zkn_data/zukan_enc_platinum.narc,/application/zukanlist/zkn_data/zukan_enc_platinum.narc!/member_03534,0,/application/zukanlist/zkn_data/zukan_enc_platinum.narc,133,3534,,62700,62704,23016,23020,4,df3f619804a92fdb4057192dc43dd748ea778adc52bc498ce80524c014b81119,00000000,,,,,False,,,,,,,,,,False,False
/application/zukanlist/zkn_data/zukan_enc_platinum.narc,/application/zukanlist/zkn_data/zukan_enc_platinum.narc!/member_03535,0,/application/zukanlist/zkn_data/zukan_enc_platinum.narc,133,3535,,62704,62724,23020,23040,20,ba85d468169a845f91991d6a3b289380296bd101e6f9a5bd0f9fe5cac4876ca2,13000000140000001800000019000000,,,,,False,,,,,,,,,,False,False
/application/zukanlist/zkn_data/zukan_enc_platinum.narc,/application/zukanlist/zkn_data/zukan_enc_platinum.narc!/member_03536,0,/application/zukanlist/zkn_data/zukan_enc_platinum.narc,133,3536,,62724,62744,23040,23060,20,e96a6a5222c4c07580141b81255290169f7d15bb7277fb7268138a59434e86ef,180000001a0000002700000030000000,,,,,False,,,,,,,,,,False,False
/application/zukanlist/zkn_data/zukan_enc_platinum.narc,/application/zukanlist/zkn_data/zukan_enc_platinum.narc!/member_03537,0,/application/zukanlist/zkn_data/zukan_enc_platinum.narc,133,3537,,62744,62748,23060,23064,4,df3f619804a92fdb4057192dc43dd748ea778adc52bc498ce80524c014b81119,00000000,,,,,False,,,,,,,,,,False,False
/application/zukanlist/zkn_data/zukan_enc_platinum.narc,/application/zukanlist/zkn_data/zukan_enc_platinum.narc!/member_03538,0,/application/zukanlist/zkn_data/zukan_enc_platinum.narc,133,3538,,62748,62752,23064,23068,4,df3f619804a92fdb4057192dc43dd748ea778adc52bc498ce80524c014b81119,00000000,,,,,False,,,,,,,,,,False,False
/application/zukanlist/zkn_data/zukan_enc_platinum.narc,/application/zukanlist/zkn_data/zukan_enc_platinum.narc!/member_03539,0,/application/zukanlist/zkn_data/zukan_enc_platinum.narc,133,3539,,62752,62764,23068,23080,12,050e32e2ea97d490444d9b4935c9d5d0832227ef37210dbabec6d29f07bf9805,260000003100000000000000,,,,,False,,,,,,,,,,False,False
/application/zukanlist/zkn_data/zukan_enc_platinum.narc,/application/zukanlist/zkn_data/zukan_enc_platinum.narc!/member_03540,0,/application/zukanlist/zkn_data/zukan_enc_platinum.narc,133,3540,,62764,62768,23080,23084,4,df3f619804a92fdb4057192dc43dd748ea778adc52bc498ce80524c014b81119,00000000,,,,,False,,,,,,,,,,False,False
/application/zukanlist/zkn_data/zukan_enc_platinum.narc,/application/zukanlist/zkn_data/zukan_enc_platinum.narc!/member_03541,0,/application/zukanlist/zkn_data/zukan_enc_platinum.narc,133,3541,,62768,62828,23084,23144,60,5bc99e26232c0ddca505c0c2c84589543af35ffbf7ab9db4cc78f12cbd508f9b,01000000030000000400000006000000,,,,,False,,,,,,,,,,False,False
/application/zukanlist/zkn_data/zukan_enc_platinum.narc,/application/zukanlist/zkn_data/zukan_enc_platinum.narc!/member_03542,0,/application/zukanlist/zkn_data/zukan_enc_platinum.narc,133,3542,,62828,62908,23144,23224,80,02e26cb329deaac108bb921395881d430a13d32820fa58a709858efb24107f30,01000000030000000400000005000000,,,,,False,,,,,,,,,,False,False
/application/zukanlist/zkn_data/zukan_enc_platinum.narc,/application/zukanlist/zkn_data/zukan_enc_platinum.narc!/member_03543,0,/application/zukanlist/zkn_data/zukan_enc_platinum.narc,133,3543,,62908,62928,23224,23244,20,5339ff809f6ff60906c95b0e694b57af22e044d56634d0510098a4bcb1d76853,1300000014000000170000001e000000,,,,,False,,,,,,,,,,False,False
/application/zukanlist/zkn_data/zukan_enc_platinum.narc,/application/zukanlist/zkn_data/zukan_enc_platinum.narc!/member_03544,0,/application/zukanlist/zkn_data/zukan_enc_platinum.narc,133,3544,,62928,62960,23244,23276,32,c693498378f01e12f435a61695ff2db8578434d0b7a635713e58de38a1ae53b4,080000001a0000001e00000020000000,,,,,False,,,,,,,,,,False,False
/application/zukanlist/zkn_data/zukan_enc_platinum.narc,/application/zukanlist/zkn_data/zukan_enc_platinum.narc!/member_03545,0,/application/zukanlist/zkn_data/zukan_enc_platinum.narc,133,3545,,62960,62964,23276,23280,4,df3f619804a92fdb4057192dc43dd748ea778adc52bc498ce80524c014b81119,00000000,,,,,False,,,,,,,,,,False,False
/application/zukanlist/zkn_data/zukan_enc_platinum.narc,/application/zukanlist/zkn_data/zukan_enc_platinum.narc!/member_03546,0,/application/zukanlist/zkn_data/zukan_enc_platinum.narc,133,3546,,62964,62980,23280,23296,16,3213e68ea9ea3c4ff567bccac9f4da5360111837e841cc4bf709330193f094cb,13000000140000001700000000000000,,,,,False,,,,,,,,,,False,False
/application/zukanlist/zkn_data/zukan_enc_platinum.narc,/application/zukanlist/zkn_data/zukan_enc_platinum.narc!/member_03547,0,/application/zukanlist/zkn_data/zukan_enc_platinum.narc,133,3547,,62980,62984,23296,23300,4,df3f619804a92fdb4057192dc43dd748ea778adc52bc498ce80524c014b81119,00000000,,,,,False,,,,,,,,,,False,False
/application/zukanlist/zkn_data/zukan_enc_platinum.narc,/application/zukanlist/zkn_data/zukan_enc_platinum.narc!/member_03548,0,/application/zukanlist/zkn_data/zukan_enc_platinum.narc,133,3548,,62984,62988,23300,23304,4,df3f619804a92fdb4057192dc43dd748ea778adc52bc498ce80524c014b81119,00000000,,,,,False,,,,,,,,,,False,False
/application/zukanlist/zkn_data/zukan_enc_platinum.narc,/application/zukanlist/zkn_data/zukan_enc_platinum.narc!/member_03549,0,/application/zukanlist/zkn_data/zukan_enc_platinum.narc,133,3549,,62988,62992,23304,23308,4,df3f619804a92fdb4057192dc43dd748ea778adc52bc498ce80524c014b81119,00000000,,,,,False,,,,,,,,,,False,False
/application/zukanlist/zkn_data/zukan_enc_platinum.narc,/application/zukanlist/zkn_data/zukan_enc_platinum.narc!/member_03550,0,/application/zukanlist/zkn_data/zukan_enc_platinum.narc,133,3550,,62992,63004,23308,23320,12,c37b628320c3bad238a88cfd7c041a4688b422aff711bf5bc7a8c48bc750403a,070000002500000000000000,,,,,False,,,,,,,,,,False,False
/application/zukanlist/zkn_data/zukan_enc_platinum.narc,/application/zukanlist/zkn_data/zukan_enc_platinum.narc!/member_03551,0,/application/zukanlist/zkn_data/zukan_enc_platinum.narc,133,3551,,63004,63012,23320,23328,8,2f717924a0d2847aa264ae9d76457847bbf5916d3298045ab0ffc45be8f4c228,2500000000000000,,,,,False,,,,,,,,,,False,False
/application/zukanlist/zkn_data/zukan_enc_platinum.narc,/application/zukanlist/zkn_data/zukan_enc_platinum.narc!/member_03552,0,/application/zukanlist/zkn_data/zukan_enc_platinum.narc,133,3552,,63012,63016,23328,23332,4,df3f619804a92fdb4057192dc43dd748ea778adc52bc498ce80524c014b81119,00000000,,,,,False,,,,,,,,,,False,False
/application/zukanlist/zkn_data/zukan_enc_platinum.narc,/application/zukanlist/zkn_data/zukan_enc_platinum.narc!/member_03553,0,/application/zukanlist/zkn_data/zukan_enc_platinum.narc,133,3553,,63016,63020,23332,23336,4,df3f619804a92fdb4057192dc43dd748ea778adc52bc498ce80524c014b81119,00000000,,,,,False,,,,,,,,,,False,False
/application/zukanlist/zkn_data/zukan_enc_platinum.narc,/application/zukanlist/zkn_data/zukan_enc_platinum.narc!/member_03554,0,/application/zukanlist/zkn_data/zukan_enc_platinum.narc,133,3554,,63020,63024,23336,23340,4,df3f619804a92fdb4057192dc43dd748ea778adc52bc498ce80524c014b81119,00000000,,,,,False,,,,,,,,,,False,False
/application/zukanlist/zkn_data/zukan_enc_platinum.narc,/application/zukanlist/zkn_data/zukan_enc_platinum.narc!/member_03555,0,/application/zukanlist/zkn_data/zukan_enc_platinum.narc,133,3555,,63024,63028,23340,23344,4,df3f619804a92fdb4057192dc43dd748ea778adc52bc498ce80524c014b81119,00000000,,,,,False,,,,,,,,,,False,False
/application/zukanlist/zkn_data/zukan_enc_platinum.narc,/application/zukanlist/zkn_data/zukan_enc_platinum.narc!/member_03556,0,/application/zukanlist/zkn_data/zukan_enc_platinum.narc,133,3556,,63028,63032,23344,23348,4,df3f619804a92fdb4057192dc43dd748ea778adc52bc498ce80524c014b81119,00000000,,,,,False,,,,,,,,,,False,False
/application/zukanlist/zkn_data/zukan_enc_platinum.narc,/application/zukanlist/zkn_data/zukan_enc_platinum.narc!/member_03557,0,/application/zukanlist/zkn_data/zukan_enc_platinum.narc,133,3557,,63032,63036,23348,23352,4,df3f619804a92fdb4057192dc43dd748ea778adc52bc498ce80524c014b81119,00000000,,,,,False,,,,,,,,,,False,False
/application/zukanlist/zkn_data/zukan_enc_platinum.narc,/application/zukanlist/zkn_data/zukan_enc_platinum.narc!/member_03558,0,/application/zukanlist/zkn_data/zukan_enc_platinum.narc,133,3558,,63036,63040,23352,23356,4,df3f619804a92fdb4057192dc43dd748ea778adc52bc498ce80524c014b81119,00000000,,,,,False,,,,,,,,,,False,False
/application/zukanlist/zkn_data/zukan_enc_platinum.narc,/application/zukanlist/zkn_data/zukan_enc_platinum.narc!/member_03559,0,/application/zukanlist/zkn_data/zukan_enc_platinum.narc,133,3559,,63040,63056,23356,23372,16,f02a59e25f28c5430817846511bae48e7c81ec9f1fe011e02713614d466d0a88,06000000070000001100000000000000,,,,,False,,,,,,,,,,False,False
/application/zukanlist/zkn_data/zukan_enc_platinum.narc,/application/zukanlist/zkn_data/zukan_enc_platinum.narc!/member_03560,0,/application/zukanlist/zkn_data/zukan_enc_platinum.narc,133,3560,,63056,63060,23372,23376,4,df3f619804a92fdb4057192dc43dd748ea778adc52bc498ce80524c014b81119,00000000,,,,,False,,,,,,,,,,False,False
/application/zukanlist/zkn_data/zukan_enc_platinum.narc,/application/zukanlist/zkn_data/zukan_enc_platinum.narc!/member_03561,0,/application/zukanlist/zkn_data/zukan_enc_platinum.narc,133,3561,,63060,63064,23376,23380,4,df3f619804a92fdb4057192dc43dd748ea778adc52bc498ce80524c014b81119,00000000,,,,,False,,,,,,,,,,False,False
/application/zukanlist/zkn_data/zukan_enc_platinum.narc,/application/zukanlist/zkn_data/zukan_enc_platinum.narc!/member_03562,0,/application/zukanlist/zkn_data/zukan_enc_platinum.narc,133,3562,,63064,63068,23380,23384,4,df3f619804a92fdb4057192dc43dd748ea778adc52bc498ce80524c014b81119,00000000,,,,,False,,,,,,,,,,False,False
/application/zukanlist/zkn_data/zukan_enc_platinum.narc,/application/zukanlist/zkn_data/zukan_enc_platinum.narc!/member_03563,0,/application/zukanlist/zkn_data/zukan_enc_platinum.narc,133,3563,,63068,63072,23384,23388,4,df3f619804a92fdb4057192dc43dd748ea778adc52bc498ce80524c014b81119,00000000,,,,,False,,,,,,,,,,False,False
/application/zukanlist/zkn_data/zukan_enc_platinum.narc,/application/zukanlist/zkn_data/zukan_enc_platinum.narc!/member_03564,0,/application/zukanlist/zkn_data/zukan_enc_platinum.narc,133,3564,,63072,63076,23388,23392,4,df3f619804a92fdb4057192dc43dd748ea778adc52bc498ce80524c014b81119,00000000,,,,,False,,,,,,,,,,False,False
/application/zukanlist/zkn_data/zukan_enc_platinum.narc,/application/zukanlist/zkn_data/zukan_enc_platinum.narc!/member_03565,0,/application/zukanlist/zkn_data/zukan_enc_platinum.narc,133,3565,,63076,63080,23392,23396,4,df3f619804a92fdb4057192dc43dd748ea778adc52bc498ce80524c014b81119,00000000,,,,,False,,,,,,,,,,False,False
/application/zukanlist/zkn_data/zukan_enc_platinum.narc,/application/zukanlist/zkn_data/zukan_enc_platinum.narc!/member_03566,0,/application/zukanlist/zkn_data/zukan_enc_platinum.narc,133,3566,,63080,63084,23396,23400,4,df3f619804a92fdb4057192dc43dd748ea778adc52bc498ce80524c014b81119,00000000,,,,,False,,,,,,,,,,False,False
