container_chain,member_chain,depth,parent_narc_path,parent_file_id,member_index,name,container_relative_offset,container_relative_end,gmif_relative_offset,gmif_relative_end,size,sha256,signature_hex,extension,probable_format,format_evidence,structure_valid,compressed,compression,compression_evidence,decompression_supported,declared_decompressed_size,decompression_valid,decompressed_size,decompressed_sha256,decompressed_format,decompressed_format_evidence,nested_container,nested_after_decompression
/arc/bm_anime_list.narc,/arc/bm_anime_list.narc!/member_00463,0,/arc/bm_anime_list.narc,137,463,,14032,14052,9260,9280,20,a110f0cd6788eff2bdcd90ef1dffff9a76234cc1e3986b803fd5916f36ddd8d1,ffff0000ffffffffffffffffffffffff,,,,,False,,,,,,,,,,False,False
/arc/bm_anime_list.narc,/arc/bm_anime_list.narc!/member_00464,0,/arc/bm_anime_list.narc,137,464,,14052,14072,9280,9300,20,a110f0cd6788eff2bdcd90ef1dffff9a76234cc1e3986b803fd5916f36ddd8d1,ffff0000ffffffffffffffffffffffff,,,,,False,,,,,,,,,,False,False
/arc/bm_anime_list.narc,/arc/bm_anime_list.narc!/member_00465,0,/arc/bm_anime_list.narc,137,465,,14072,14092,9300,9320,20,a110f0cd6788eff2bdcd90ef1dffff9a76234cc1e3986b803fd5916f36ddd8d1,ffff0000ffffffffffffffffffffffff,,,,,False,,,,,,,,,,False,False
/arc/bm_anime_list.narc,/arc/bm_anime_list.narc!/member_00466,0,/arc/bm_anime_list.narc,137,466,,14092,14112,9320,9340,20,a110f0cd6788eff2bdcd90ef1dffff9a76234cc1e3986b803fd5916f36ddd8d1,ffff0000ffffffffffffffffffffffff,,,,,False,,,,,,,,,,False,False
/arc/bm_anime_list.narc,/arc/bm_anime_list.narc!/member_00467,0,/arc/bm_anime_list.narc,137,467,,14112,14132,9340,9360,20,a110f0cd6788eff2bdcd90ef1dffff9a76234cc1e3986b803fd5916f36ddd8d1,ffff0000ffffffffffffffffffffffff,,,,,False,,,,,,,,,,False,False
/arc/bm_anime_list.narc,/arc/bm_anime_list.narc!/member_00468,0,/arc/bm_anime_list.narc,137,468,,14132,14152,9360,9380,20,a110f0cd6788eff2bdcd90ef1dffff9a76234cc1e3986b803fd5916f36ddd8d1,ffff0000ffffffffffffffffffffffff,,,,,False,,,,,,,,,,False,False
/arc/bm_anime_list.narc,/arc/bm_anime_list.narc!/member_00469,0,/arc/bm_anime_list.narc,137,469,,14152,14172,9380,9400,20,a110f0cd6788eff2bdcd90ef1dffff9a76234cc1e3986b803fd5916f36ddd8d1,ffff0000ffffffffffffffffffffffff,,,,,False,,,,,,,,,,False,False
/arc/bm_anime_list.narc,/arc/bm_anime_list.narc!/member_00470,0,/arc/bm_anime_list.narc,137,470,,14172,14192,9400,9420,20,a110f0cd6788eff2bdcd90ef1dffff9a76234cc1e3986b803fd5916f36ddd8d1,ffff0000ffffffffffffffffffffffff,,,,,False,,,,,,,,,,False,False
/arc/bm_anime_list.narc,/arc/bm_anime_list.narc!/member_00471,0,/arc/bm_anime_list.narc,137,471,,14192,14212,9420,9440,20,a110f0cd6788eff2bdcd90ef1dffff9a76234cc1e3986b803fd5916f36ddd8d1,ffff0000ffffffffffffffffffffffff,,,,,False,,,,,,,,,,False,False
/arc/bm_anime_list.narc,/arc/bm_anime_list.narc!/member_00472,0,/arc/bm_anime_list.narc,137,472,,14212,14232,9440,9460,20,a110f0cd6788eff2bdcd90ef1dffff9a76234cc1e3986b803fd5916f36ddd8d1,ffff0000ffffffffffffffffffffffff,,,,,False,,,,,,,,,,False,False
/arc/bm_anime_list.narc,/arc/bm_anime_list.narc!/member_00473,0,/arc/bm_anime_list.narc,137,473,,14232,14252,9460,9480,20,a110f0cd6788eff2bdcd90ef1dffff9a76234cc1e3986b803fd5916f36ddd8d1,ffff0000ffffffffffffffffffffffff,,,,,False,,,,,,,,,,False,False
/arc/bm_anime_list.narc,/arc/bm_anime_list.narc!/member_00474,0,/arc/bm_anime_list.narc,137,474,,14252,14272,9480,9500,20,a110f0cd6788eff2bdcd90ef1dffff9a76234cc1e3986b803fd5916f36ddd8d1,ffff0000ffffffffffffffffffffffff,,,,,False,,,,,,,,,,False,False
/arc/bm_anime_list.narc,/arc/bm_anime_list.narc!/member_00475,0,/arc/bm_anime_list.narc,137,475,,14272,14292,9500,9520,20,5634674fcb673b132491dfcec6d96330f8960c499442327c5ad197274622f7d4,0103000036000000ffffffffffffffff,,,,,False,,,,,,,,,,False,False
/arc/bm_anime_list.narc,/arc/bm_anime_list.narc!/member_00476,0,/arc/bm_anime_list.narc,137,476,,14292,14312,9520,9540,20,a110f0cd6788eff2bdcd90ef1dffff9a76234cc1e3986b803fd5916f36ddd8d1,ffff0000ffffffffffffffffffffffff,,,,,False,,,,,,,,,,False,False
/arc/bm_anime_list.narc,/arc/bm_anime_list.narc!/member_00477,0,/arc/bm_anime_list.narc,137,477,,14312,14332,9540,9560,20,a110f0cd6788eff2bdcd90ef1dffff9a76234cc1e3986b803fd5916f36ddd8d1,ffff0000ffffffffffffffffffffffff,,,,,False,,,,,,,,,,False,False
/arc/bm_anime_list.narc,/arc/bm_anime_list.narc!/member_00478,0,/arc/bm_anime_list.narc,137,478,,14332,14352,9560,9580,20,a110f0cd6788eff2bdcd90ef1dffff9a76234cc1e3986b803fd5916f36ddd8d1,ffff0000ffffffffffffffffffffffff,,,,,False,,,,,,,,,,False,False
/arc/bm_anime_list.narc,/arc/bm_anime_list.narc!/member_00479,0,/arc/bm_anime_list.narc,137,479,,14352,14372,9580,9600,20,a110f0cd6788eff2bdcd90ef1dffff9a76234cc1e3986b803fd5916f36ddd8d1,ffff0000ffffffffffffffffffffffff,,,,,False,,,,,,,,,,False,False
/arc/bm_anime_list.narc,/arc/bm_anime_list.narc!/member_00480,0,/arc/bm_anime_list.narc,137,480,,14372,14392,9600,9620,20,a110f0cd6788eff2bdcd90ef1dffff9a76234cc1e3986b803fd5916f36ddd8d1,ffff0000ffffffffffffffffffffffff,,,,,False,,,,,,,,,,False,False
/arc/bm_anime_list.narc,/arc/bm_anime_list.narc!/member_00481,0,/arc/bm_anime_list.narc,137,481,,14392,14412,9620,9640,20,a110f0cd6788eff2bdcd90ef1dffff9a76234cc1e3986b803fd5916f36ddd8d1,ffff0000ffffffffffffffffffffffff,,,,,False,,,,,,,,,,False,False
/arc/bm_anime_list.narc,/arc/bm_anime_list.narc!/member_00482,0,/arc/bm_anime_list.narc,137,482,,14412,14432,9640,9660,20,a110f0cd6788eff2bdcd90ef1dffff9a76234cc1e3986b803fd5916f36ddd8d1,ffff0000ffffffffffffffffffffffff,,,,,False,,,,,,,,,,False,False
/arc/bm_anime_list.narc,/arc/bm_anime_list.narc!/member_00483,0,/arc/bm_anime_list.narc,137,483,,14432,14452,9660,9680,20,a110f0cd6788eff2bdcd90ef1dffff9a76234cc1e3986b803fd5916f36ddd8d1,ffff0000ffffffffffffffffffffffff,,,,,False,,,,,,,,,,False,False
/arc/bm_anime_list.narc,/arc/bm_anime_list.narc!/member_00484,0,/arc/bm_anime_list.narc,137,484,,14452,14472,9680,9700,20,410dae62504057095fe3d1d278d354c5eb47664ea0c79bac93c2a5e9ae366bf7,010300001b0000001c000000ffffffff,,,,,False,,,,,,,,,,False,False
/arc/bm_anime_list.narc,/arc/bm_anime_list.narc!/member_00485,0,/arc/bm_anime_list.narc,137,485,,14472,14492,9700,9720,20,a110f0cd6788eff2bdcd90ef1dffff9a76234cc1e3986b803fd5916f36ddd8d1,ffff0000ffffffffffffffffffffffff,,,,,False,,,,,,,,,,False,False
/arc/bm_anime_list.narc,/arc/bm_anime_list.narc!/member_00486,0,/arc/bm_anime_list.narc,137,486,,14492,14512,9720,9740,20,a110f0cd6788eff2bdcd90ef1dffff9a76234cc1e3986b803fd5916f36ddd8d1,ffff0000ffffffffffffffffffffffff,,,,,False,,,,,,,,,,False,False
/arc/bm_anime_list.narc,/arc/bm_anime_list.narc!/member_00487,0,/arc/bm_anime_list.narc,137,487,,14512,14532,9740,9760,20,a110f0cd6788eff2bdcd90ef1dffff9a76234cc1e3986b803fd5916f36ddd8d1,ffff0000ffffffffffffffffffffffff,,,,,False,,,,,,,,,,False,False
/arc/bm_anime_list.narc,/arc/bm_anime_list.narc!/member_00488,0,/arc/bm_anime_list.narc,137,488,,14532,14552,9760,9780,20,a110f0cd6788eff2bdcd90ef1dffff9a76234cc1e3986b803fd5916f36ddd8d1,ffff0000ffffffffffffffffffffffff,,,,,False,,,,,,,,,,False,False
/arc/bm_anime_list.narc,/arc/bm_anime_list.narc!/member_00489,0,/arc/bm_anime_list.narc,137,489,,14552,14572,9780,9800,20,a110f0cd6788eff2bdcd90ef1dffff9a76234cc1e3986b803fd5916f36ddd8d1,ffff0000ffffffffffffffffffffffff,,,,,False,,,,,,,,,,False,False
/arc/bm_anime_list.narc,/arc/bm_anime_list.narc!/member_00490,0,/arc/bm_anime_list.narc,137,490,,14572,14592,9800,9820,20,a110f0cd6788eff2bdcd90ef1dffff9a76234cc1e3986b803fd5916f36ddd8d1,ffff0000ffffffffffffffffffffffff,,,,,False,,,,,,,,,,False,False
/arc/bm_anime_list.narc,/arc/bm_anime_list.narc!/member_00491,0,/arc/bm_anime_list.narc,137,491,,14592,14612,9820,9840,20,a110f0cd6788eff2bdcd90ef1dffff9a76234cc1e3986b803fd5916f36ddd8d1,ffff0000ffffffffffffffffffffffff,,,,,False,,,,,,,,,,False,False
/arc/bm_anime_list.narc,/arc/bm_anime_list.narc!/member_00492,0,/arc/bm_anime_list.narc,137,492,,14612,14632,9840,9860,20,a110f0cd6788eff2bdcd90ef1dffff9a76234cc1e3986b803fd5916f36ddd8d1,ffff0000ffffffffffffffffffffffff,,,,,False,,,,,,,,,,False,False
/arc/bm_anime_list.narc,/arc/bm_anime_list.narc!/member_00493,0,/arc/bm_anime_list.narc,137,493,,14632,14652,9860,9880,20,a110f0cd6788eff2bdcd90ef1dffff9a76234cc1e3986b803fd5916f36ddd8d1,ffff0000ffffffffffffffffffffffff,,,,,False,,,,,,,,,,False,False
/arc/bm_anime_list.narc,/arc/bm_anime_list.narc!/member_00494,0,/arc/bm_anime_list.narc,137,494,,14652,14672,9880,9900,20,a110f0cd6788eff2bdcd90ef1dffff9a76234cc1e3986b803fd5916f36ddd8d1,ffff0000ffffffffffffffffffffffff,,,,,False,,,,,,,,,,False,False
/arc/bm_anime_list.narc,/arc/bm_anime_list.narc!/member_00495,0,/arc/bm_anime_list.narc,137,495,,14672,14692,9900,9920,20,fc7373e0e896df05ae8c6435711fe4dbc5342c404d3feb77c372ec8748e61a51,010000002e000000ffffffffffffffff,,,,,False,,,,,,,,,,False,False
/arc/bm_anime_list.narc,/arc/bm_anime_list.narc!/member_00496,0,/arc/bm_anime_list.narc,137,496,,14692,14712,9920,9940,20,ae30930ce0be93f64bb3c966c63cbc430f74e0e39d268febb0c576c8d0cead20,010000003000000031000000ffffffff,,,,,False,,,,,,,,,,False,False
/arc/bm_anime_list.narc,/arc/bm_anime_list.narc!/member_00497,0,/arc/bm_anime_list.narc,137,497,,14712,14732,9940,9960,20,df42b5f0ef0e9a0f0446597b2f85b59504d103e4150428b106e46bdce43a2dde,010000002f000000ffffffffffffffff,,,,,False,,,,,,,,,,False,False
/arc/bm_anime_list.narc,/arc/bm_anime_list.narc!/member_00498,0,/arc/bm_anime_list.narc,137,498,,14732,14752,9960,9980,20,e28f205cd2b5ced67094d3efb4992abac41519e395e0dde99d5d5531157e4692,010300002300000024000000ffffffff,,,,,False,,,,,,,,,,False,False
/arc/bm_anime_list.narc,/arc/bm_anime_list.narc!/member_00499,0,/arc/bm_anime_list.narc,137,499,,14752,14772,9980,10000,20,a110f0cd6788eff2bdcd90ef1dffff9a76234cc1e3986b803fd5916f36ddd8d1,ffff0000ffffffffffffffffffffffff,,,,,False,,,,,,,,,,False,False
/arc/bm_anime_list.narc,/arc/bm_anime_list.narc!/member_00500,0,/arc/bm_anime_list.narc,137,500,,14772,14792,10000,10020,20,a110f0cd6788eff2bdcd90ef1dffff9a76234cc1e3986b803fd5916f36ddd8d1,ffff0000ffffffffffffffffffffffff,,,,,False,,,,,,,,,,False,False
/arc/bm_anime_list.narc,/arc/bm_anime_list.narc!/member_00501,0,/arc/bm_anime_list.narc,137,501,,14792,14812,10020,10040,20,a110f0cd6788eff2bdcd90ef1dffff9a76234cc1e3986b803fd5916f36ddd8d1,ffff0000ffffffffffffffffffffffff,,,,,False,,,,,,,,,,False,False
/arc/bm_anime_list.narc,/arc/bm_anime_list.narc!/member_00502,0,/arc/bm_anime_list.narc,137,502,,14812,14832,10040,10060,20,a110f0cd6788eff2bdcd90ef1dffff9a76234cc1e3986b803fd5916f36ddd8d1,ffff0000ffffffffffffffffffffffff,,,,,False,,,,,,,,,,False,False
/arc/bm_anime_list.narc,/arc/bm_anime_list.narc!/member_00503,0,/arc/bm_anime_list.narc,137,503,,14832,14852,10060,10080,20,a110f0cd6788eff2bdcd90ef1dffff9a76234cc1e3986b803fd5916f36ddd8d1,ffff0000ffffffffffffffffffffffff,,,,,False,,,,,,,,,,False,False
/arc/bm_anime_list.narc,/arc/bm_anime_list.narc!/member_00504,0,/arc/bm_anime_list.narc,137,504,,14852,14872,10080,10100,20,a110f0cd6788eff2bdcd90ef1dffff9a76234cc1e3986b803fd5916f36ddd8d1,ffff0000ffffffffffffffffffffffff,,,,,False,,,,,,,,,,False,False
/arc/bm_anime_list.narc,/arc/bm_anime_list.narc!/member_00505,0,/arc/bm_anime_list.narc,137,505,,14872,14892,10100,10120,20,a110f0cd6788eff2bdcd90ef1dffff9a76234cc1e3986b803fd5916f36ddd8d1,ffff0000ffffffffffffffffffffffff,,,,,False,,,,,,,,,,False,False
/arc/bm_anime_list.narc,/arc/bm_anime_list.narc!/member_00506,0,/arc/bm_anime_list.narc,137,506,,14892,14912,10120,10140,20,c4fc486757502f791a6aaf66d0d7500c5cad0496591889f9e7bb6b1aec4e1888,010000003b000000ffffffffffffffff,,,,,False,,,,,,,,,,False,False
/arc/bm_anime_list.narc,/arc/bm_anime_list.narc!/member_00507,0,/arc/bm_anime_list.narc,137,507,,14912,14932,10140,10160,20,a110f0cd6788eff2bdcd90ef1dffff9a76234cc1e3986b803fd5916f36ddd8d1,ffff0000ffffffffffffffffffffffff,,,,,False,,,,,,,,,,False,False
/arc/bm_anime_list.narc,/arc/bm_anime_list.narc!/member_00508,0,/arc/bm_anime_list.narc,137,508,,14932,14952,10160,10180,20,a110f0cd6788eff2bdcd90ef1dffff9a76234cc1e3986b803fd5916f36ddd8d1,ffff0000ffffffffffffffffffffffff,,,,,False,,,,,,,,,,False,False
/arc/bm_anime_list.narc,/arc/bm_anime_list.narc!/member_00509,0,/arc/bm_anime_list.narc,137,509,,14952,14972,10180,10200,20,a110f0cd6788eff2bdcd90ef1dffff9a76234cc1e3986b803fd5916f36ddd8d1,ffff0000ffffffffffffffffffffffff,,,,,False,,,,,,,,,,False,False
/arc/bm_anime_list.narc,/arc/bm_anime_list.narc!/member_00510,0,/arc/bm_anime_list.narc,137,510,,14972,14992,10200,10220,20,a110f0cd6788eff2bdcd90ef1dffff9a76234cc1e3986b803fd5916f36ddd8d1,ffff0000ffffffffffffffffffffffff,,,,,False,,,,,,,,,,False,False
/arc/bm_anime_list.narc,/arc/bm_anime_list.narc!/member_00511,0,/arc/bm_anime_list.narc,137,511,,14992,15012,10220,10240,20,a110f0cd6788eff2bdcd90ef1dffff9a76234cc1e3986b803fd5916f36ddd8d1,ffff0000ffffffffffffffffffffffff,,,,,False,,,,,,,,,,False,False
/arc/bm_anime_list.narc,/arc/bm_anime_list.narc!/member_00512,0,/arc/bm_anime_list.narc,137,512,,15012,15032,10240,10260,20,a110f0cd6788eff2bdcd90ef1dffff9a76234cc1e3986b803fd5916f36ddd8d1,ffff0000ffffffffffffffffffffffff,,,,,False,,,,,,,,,,False,False
/arc/bm_anime_list.narc,/arc/bm_anime_list.narc!/member_00513,0,/arc/bm_anime_list.narc,137,513,,15032,15052,10260,10280,20,a110f0cd6788eff2bdcd90ef1dffff9a76234cc1e3986b803fd5916f36ddd8d1,ffff0000ffffffffffffffffffffffff,,,,,False,,,,,,,,,,False,False
/arc/bm_anime_list.narc,/arc/bm_anime_list.narc!/member_00514,0,/arc/bm_anime_list.narc,137,514,,15052,15072,10280,10300,20,a110f0cd6788eff2bdcd90ef1dffff9a76234cc1e3986b803fd5916f36ddd8d1,ffff0000ffffffffffffffffffffffff,,,,,False,,,,,,,,,,False,False
/arc/bm_anime_list.narc,/arc/bm_anime_list.narc!/member_00515,0,/arc/bm_anime_list.narc,137,515,,15072,15092,10300,10320,20,a110f0cd6788eff2bdcd90ef1dffff9a76234cc1e3986b803fd5916f36ddd8d1,ffff0000ffffffffffffffffffffffff,,,,,False,,,,,,,,,,False,False
/arc/bm_anime_list.narc,/arc/bm_anime_list.narc!/member_00516,0,/arc/bm_anime_list.narc,137,516,,15092,15112,10320,10340,20,a110f0cd6788eff2bdcd90ef1dffff9a76234cc1e3986b803fd5916f36ddd8d1,ffff0000ffffffffffffffffffffffff,,,,,False,,,,,,,,,,False,False
/arc/bm_anime_list.narc,/arc/bm_anime_list.narc!/member_00517,0,/arc/bm_anime_list.narc,137,517,,15112,15132,10340,10360,20,f33b8f9f6dfb951f9ff48bb71569b50f25b7529804b57bf729f7f31557f1b386,010300001f000000ffffffffffffffff,,,,,False,,,,,,,,,,False,False
/arc/bm_anime_list.narc,/arc/bm_anime_list.narc!/member_00518,0,/arc/bm_anime_list.narc,137,518,,15132,15152,10360,10380,20,a110f0cd6788eff2bdcd90ef1dffff9a76234cc1e3986b803fd5916f36ddd8d1,ffff0000ffffffffffffffffffffffff,,,,,False,,,,,,,,,,False,False
/arc/bm_anime_list.narc,/arc/bm_anime_list.narc!/member_00519,0,/arc/bm_anime_list.narc,137,519,,15152,15172,10380,10400,20,a110f0cd6788eff2bdcd90ef1dffff9a76234cc1e3986b803fd5916f36ddd8d1,ffff0000ffffffffffffffffffffffff,,,,,False,,,,,,,,,,False,False
/arc/bm_anime_list.narc,/arc/bm_anime_list.narc!/member_00520,0,/arc/bm_anime_list.narc,137,520,,15172,15192,10400,10420,20,a110f0cd6788eff2bdcd90ef1dffff9a76234cc1e3986b803fd5916f36ddd8d1,ffff0000ffffffffffffffffffffffff,,,,,False,,,,,,,,,,False,False
/arc/bm_anime_list.narc,/arc/bm_anime_list.narc!/member_00521,0,/arc/bm_anime_list.narc,137,521,,15192,15212,10420,10440,20,a110f0cd6788eff2bdcd90ef1dffff9a76234cc1e3986b803fd5916f36ddd8d1,ffff0000ffffffffffffffffffffffff,,,,,False,,,,,,,,,,False,False
/arc/bm_anime_list.narc,/arc/bm_anime_list.narc!/member_00522,0,/arc/bm_anime_list.narc,137,522,,15212,15232,10440,10460,20,a110f0cd6788eff2bdcd90ef1dffff9a76234cc1e3986b803fd5916f36ddd8d1,ffff0000ffffffffffffffffffffffff,,,,,False,,,,,,,,,,False,False
/arc/bm_anime_list.narc,/arc/bm_anime_list.narc!/member_00523,0,/arc/bm_anime_list.narc,137,523,,15232,15252,10460,10480,20,a110f0cd6788eff2bdcd90ef1dffff9a76234cc1e3986b803fd5916f36ddd8d1,ffff0000ffffffffffffffffffffffff,,,,,False,,,,,,,,,,False,False
/arc/bm_anime_list.narc,/arc/bm_anime_list.narc!/member_00524,0,/arc/bm_anime_list.narc,137,524,,15252,15272,10480,10500,20,667a864561c9e0e048a101d55368a6768d4c6a64da7127dbd0e6000b1f2a8c01,010000003a000000ffffffffffffffff,,,,,False,,,,,,,,,,False,False
/arc/bm_anime_list.narc,/arc/bm_anime_list.narc!/member_00525,0,/arc/bm_anime_list.narc,137,525,,15272,15292,10500,10520,20,a110f0cd6788eff2bdcd90ef1dffff9a76234cc1e3986b803fd5916f36ddd8d1,ffff0000ffffffffffffffffffffffff,,,,,False,,,,,,,,,,False,False
/arc/bm_anime_list.narc,/arc/bm_anime_list.narc!/member_00526,0,/arc/bm_anime_list.narc,137,526,,15292,15312,10520,10540,20,a110f0cd6788eff2bdcd90ef1dffff9a76234cc1e3986b803fd5916f36ddd8d1,ffff0000ffffffffffffffffffffffff,,,,,False,,,,,,,,,,False,False
/arc/bm_anime_list.narc,/arc/bm_anime_list.narc!/member_00527,0,/arc/bm_anime_list.narc,137,527,,15312,15332,10540,10560,20,f0e75abaa31930f6c827d0bb54351de6f81f827fea3b833884cb940ba66de68e,01030000070000000800000009000000,,,,,False,,,,,,,,,,False,False
/arc/bm_anime_list.narc,/arc/bm_anime_list.narc!/member_00528,0,/arc/bm_anime_list.narc,137,528,,15332,15352,10560,10580,20,a110f0cd6788eff2bdcd90ef1dffff9a76234cc1e3986b803fd5916f36ddd8d1,ffff0000ffffffffffffffffffffffff,,,,,False,,,,,,,,,,False,False
/arc/bm_anime_list.narc,/arc/bm_anime_list.narc!/member_00529,0,/arc/bm_anime_list.narc,137,529,,15352,15372,10580,10600,20,a110f0cd6788eff2bdcd90ef1dffff9a76234cc1e3986b803fd5916f36ddd8d1,ffff0000ffffffffffffffffffffffff,,,,,False,,,,,,,,,,False,False
/arc/bm_anime_list.narc,/arc/bm_anime_list.narc!/member_00530,0,/arc/bm_anime_list.narc,137,530,,15372,15392,10600,10620,20,a110f0cd6788eff2bdcd90ef1dffff9a76234cc1e3986b803fd5916f36ddd8d1,ffff0000ffffffffffffffffffffffff,,,,,False,,,,,,,,,,False,False
/arc/bm_anime_list.narc,/arc/bm_anime_list.narc!/member_00531,0,/arc/bm_anime_list.narc,137,531,,15392,15412,10620,10640,20,a110f0cd6788eff2bdcd90ef1dffff9a76234cc1e3986b803fd5916f36ddd8d1,ffff0000ffffffffffffffffffffffff,,,,,False,,,,,,,,,,False,False
/arc/bm_anime_list.narc,/arc/bm_anime_list.narc!/member_00532,0,/arc/bm_anime_list.narc,137,532,,15412,15432,10640,10660,20,a110f0cd6788eff2bdcd90ef1dffff9a76234cc1e3986b803fd5916f36ddd8d1,ffff0000ffffffffffffffffffffffff,,,,,False,,,,,,,,,,False,False
/arc/bm_anime_list.narc,/arc/bm_anime_list.narc!/member_00533,0,/arc/bm_anime_list.narc,137,533,,15432,15452,10660,10680,20,a110f0cd6788eff2bdcd90ef1dffff9a76234cc1e3986b803fd5916f36ddd8d1,ffff0000ffffffffffffffffffffffff,,,,,False,,,,,,,,,,False,False
/arc/bm_anime_list.narc,/arc/bm_anime_list.narc!/member_00534,0,/arc/bm_anime_list.narc,137,534,,15452,15472,10680,10700,20,a110f0cd6788eff2bdcd90ef1dffff9a76234cc1e3986b803fd5916f36ddd8d1,ffff0000ffffffffffffffffffffffff,,,,,False,,,,,,,,,,False,False
/arc/bm_anime_list.narc,/arc/bm_anime_list.narc!/member_00535,0,/arc/bm_anime_list.narc,137,535,,15472,15492,10700,10720,20,a110f0cd6788eff2bdcd90ef1dffff9a76234cc1e3986b803fd5916f36ddd8d1,ffff0000ffffffffffffffffffffffff,,,,,False,,,,,,,,,,False,False
/arc/bm_anime_list.narc,/arc/bm_anime_list.narc!/member_00536,0,/arc/bm_anime_list.narc,137,536,,15492,15512,10720,10740,20,a110f0cd6788eff2bdcd90ef1dffff9a76234cc1e3986b803fd5916f36ddd8d1,ffff0000ffffffffffffffffffffffff,,,,,False,,,,,,,,,,False,False
/arc/bm_anime_list.narc,/arc/bm_anime_list.narc!/member_00537,0,/arc/bm_anime_list.narc,137,537,,15512,15532,10740,10760,20,a110f0cd6788eff2bdcd90ef1dffff9a76234cc1e3986b803fd5916f36ddd8d1,ffff0000ffffffffffffffffffffffff,,,,,False,,,,,,,,,,False,False
/arc/bm_anime_list.narc,/arc/bm_anime_list.narc!/member_00538,0,/arc/bm_anime_list.narc,137,538,,15532,15552,10760,10780,20,21c2f71b739ee1390d3ec1db66519bec628a4e2a94f09c1551a81f1b144515a2,010000004400000045000000ffffffff,,,,,False,,,,,,,,,,False,False
/arc/bm_anime_list.narc,/arc/bm_anime_list.narc!/member_00539,0,/arc/bm_anime_list.narc,137,539,,15552,15572,10780,10800,20,6a1f602e586589354ddee6d15c5fd8d009037d4fbad0ba94fbf9a3b96c3540ea,0100000048000000ffffffffffffffff,,,,,False,,,,,,,,,,False,False
/arc/bm_anime_list.narc,/arc/bm_anime_list.narc!/member_00540,0,/arc/bm_anime_list.narc,137,540,,15572,15592,10800,10820,20,150d10c94e267943a261216c6bd5cf09b6cb7e8c251e51f83b628b77094069f3,0100000049000000ffffffffffffffff,,,,,False,,,,,,,,,,False,False
/arc/bm_anime_list.narc,/arc/bm_anime_list.narc!/member_00541,0,/arc/bm_anime_list.narc,137,541,,15592,15612,10820,10840,20,5937f192ce2a35b36314aa4aabda8046fb0957a7ce81a88009f5152e9112f72d,010000004a000000ffffffffffffffff,,,,,False,,,,,,,,,,False,False
/arc/bm_anime_list.narc,/arc/bm_anime_list.narc!/member_00542,0,/arc/bm_anime_list.narc,137,542,,15612,15632,10840,10860,20,e6467834b63e4f9704968133358ce6ccbda5bee41aed323da17ae92583b2c0c7,010000004b000000ffffffffffffffff,,,,,False,,,,,,,,,,False,False
/arc/bm_anime_list.narc,/arc/bm_anime_list.narc!/member_00543,0,/arc/bm_anime_list.narc,137,543,,15632,15652,10860,10880,20,9fa78e358216baae499af4c64ac5c415e00b2b6482399d4f3209c4ff87613ded,0100000047000000ffffffffffffffff,,,,,False,,,,,,,,,,False,False
/arc/bm_anime_list.narc,/arc/bm_anime_list.narc!/member_00544,0,/arc/bm_anime_list.narc,137,544,,15652,15672,10880,10900,20,a110f0cd6788eff2bdcd90ef1dffff9a76234cc1e3986b803fd5916f36ddd8d1,ffff0000ffffffffffffffffffffffff,,,,,False,,,,,,,,,,False,False
/arc/bm_anime_list.narc,/arc/bm_anime_list.narc!/member_00545,0,/arc/bm_anime_list.narc,137,545,,15672,15692,10900,10920,20,a110f0cd6788eff2bdcd90ef1dffff9a76234cc1e3986b803fd5916f36ddd8d1,ffff0000ffffffffffffffffffffffff,,,,,False,,,,,,,,,,False,False
/arc/bm_anime_list.narc,/arc/bm_anime_list.narc!/member_00546,0,/arc/bm_anime_list.narc,137,546,,15692,15712,10920,10940,20,a110f0cd6788eff2bdcd90ef1dffff9a76234cc1e3986b803fd5916f36ddd8d1,ffff0000ffffffffffffffffffffffff,,,,,False,,,,,,,,,,False,False
/arc/bm_anime_list.narc,/arc/bm_anime_list.narc!/member_00547,0,/arc/bm_anime_list.narc,137,547,,15712,15732,10940,10960,20,a110f0cd6788eff2bdcd90ef1dffff9a76234cc1e3986b803fd5916f36ddd8d1,ffff0000ffffffffffffffffffffffff,,,,,False,,,,,,,,,,False,False
/arc/bm_anime_list.narc,/arc/bm_anime_list.narc!/member_00548,0,/arc/bm_anime_list.narc,137,548,,15732,15752,10960,10980,20,a110f0cd6788eff2bdcd90ef1dffff9a76234cc1e3986b803fd5916f36ddd8d1,ffff0000ffffffffffffffffffffffff,,,,,False,,,,,,,,,,False,False
/arc/bm_anime_list.narc,/arc/bm_anime_list.narc!/member_00549,0,/arc/bm_anime_list.narc,137,549,,15752,15772,10980,11000,20,b98139290e3166a9d993569e578014d8d7e2b6d791ea3b6c6761f73d5356809b,0100000058000000ffffffffffffffff,,,,,False,,,,,,,,,,False,False
/arc/bm_anime_list.narc,/arc/bm_anime_list.narc!/member_00550,0,/arc/bm_anime_list.narc,137,550,,15772,15792,11000,11020,20,98409aabd05a2870ebc1d0e8236a5285ae3bfe0cff87e6c598342ac895957e44,0100000059000000ffffffffffffffff,,,,,False,,,,,,,,,,False,False
/arc/bm_anime_list.narc,/arc/bm_anime_list.narc!/member_00551,0,/arc/bm_anime_list.narc,137,551,,15792,15812,11020,11040,20,82e6e1ecc99a100befaa9e4f463ca94bcf5f49b1a75ff6d9e2e1d1812747a789,010000005a000000ffffffffffffffff,,,,,False,,,,,,,,,,False,False
/arc/bm_anime_list.narc,/arc/bm_anime_list.narc!/member_00552,0,/arc/bm_anime_list.narc,137,552,,15812,15832,11040,11060,20,cdb1c4e0dda630f8109792a02c487370bb2371f2d8d6bb410a76a8024ab24d0c,010000004c000000ffffffffffffffff,,,,,False,,,,,,,,,,False,False
/arc/bm_anime_list.narc,/arc/bm_anime_list.narc!/member_00553,0,/arc/bm_anime_list.narc,137,553,,15832,15852,11060,11080,20,a110f0cd6788eff2bdcd90ef1dffff9a76234cc1e3986b803fd5916f36ddd8d1,ffff0000ffffffffffffffffffffffff,,,,,False,,,,,,,,,,False,False
/arc/bm_anime_list.narc,/arc/bm_anime_list.narc!/member_00554,0,/arc/bm_anime_list.narc,137,554,,15852,15872,11080,11100,20,a110f0cd6788eff2bdcd90ef1dffff9a76234cc1e3986b803fd5916f36ddd8d1,ffff0000ffffffffffffffffffffffff,,,,,False,,,,,,,,,,False,False
/arc/bm_anime_list.narc,/arc/bm_anime_list.narc!/member_00555,0,/arc/bm_anime_list.narc,137,555,,15872,15892,11100,11120,20,03b6ed26124987ba5400a1829455e8cc2afc31793c88bee48597af155b1c3a9a,0100000057000000ffffffffffffffff,,,,,False,,,,,,,,,,False,False
/arc/bm_anime_list.narc,/arc/bm_anime_list.narc!/member_00556,0,/arc/bm_anime_list.narc,137,556,,15892,15912,11120,11140,20,a110f0cd6788eff2bdcd90ef1dffff9a76234cc1e3986b803fd5916f36ddd8d1,ffff0000ffffffffffffffffffffffff,,,,,False,,,,,,,,,,False,False
/arc/bm_anime_list.narc,/arc/bm_anime_list.narc!/member_00557,0,/arc/bm_anime_list.narc,137,557,,15912,15932,11140,11160,20,a110f0cd6788eff2bdcd90ef1dffff9a76234cc1e3986b803fd5916f36ddd8d1,ffff0000ffffffffffffffffffffffff,,,,,False,,,,,,,,,,False,False
/arc/bm_anime_list.narc,/arc/bm_anime_list.narc!/member_00558,0,/arc/bm_anime_list.narc,137,558,,15932,15952,11160,11180,20,7049593668f00c115ae4e8dca93bf6ad9e2dc37b76da13082ed5e088edec6ad6,010000004d000000ffffffffffffffff,,,,,False,,,,,,,,,,False,False
/arc/bm_anime_list.narc,/arc/bm_anime_list.narc!/member_00559,0,/arc/bm_anime_list.narc,137,559,,15952,15972,11180,11200,20,a110f0cd6788eff2bdcd90ef1dffff9a76234cc1e3986b803fd5916f36ddd8d1,ffff0000ffffffffffffffffffffffff,,,,,False,,,,,,,,,,False,False
/arc/bm_anime_list.narc,/arc/bm_anime_list.narc!/member_00560,0,/arc/bm_anime_list.narc,137,560,,15972,15992,11200,11220,20,a110f0cd6788eff2bdcd90ef1dffff9a76234cc1e3986b803fd5916f36ddd8d1,ffff0000ffffffffffffffffffffffff,,,,,False,,,,,,,,,,False,False
/arc/bm_anime_list.narc,/arc/bm_anime_list.narc!/member_00561,0,/arc/bm_anime_list.narc,137,561,,15992,16012,11220,11240,20,a110f0cd6788eff2bdcd90ef1dffff9a76234cc1e3986b803fd5916f36ddd8d1,ffff0000ffffffffffffffffffffffff,,,,,False,,,,,,,,,,False,False
/arc/bm_anime_list.narc,/arc/bm_anime_list.narc!/member_00562,0,/arc/bm_anime_list.narc,137,562,,16012,16032,11240,11260,20,a110f0cd6788eff2bdcd90ef1dffff9a76234cc1e3986b803fd5916f36ddd8d1,ffff0000ffffffffffffffffffffffff,,,,,False,,,,,,,,,,False,False
/arc/bm_anime_list.narc,/arc/bm_anime_list.narc!/member_00563,0,/arc/bm_anime_list.narc,137,563,,16032,16052,11260,11280,20,35f4431bf1f7e1b83dd5027d89489c14a558eb3c3cba5bcb4847f88d3c8e740e,010000005e000000ffffffffffffffff,,,,,False,,,,,,,,,,False,False
/arc/bm_anime_list.narc,/arc/bm_anime_list.narc!/member_00564,0,/arc/bm_anime_list.narc,137,564,,16052,16072,11280,11300,20,31050345601609eff0be10c1c66ca105683cfd43e2d01c84e3959a4ac560b529,010000005b000000ffffffffffffffff,,,,,False,,,,,,,,,,False,False
/arc/bm_anime_list.narc,/arc/bm_anime_list.narc!/member_00565,0,/arc/bm_anime_list.narc,137,565,,16072,16092,11300,11320,20,a110f0cd6788eff2bdcd90ef1dffff9a76234cc1e3986b803fd5916f36ddd8d1,ffff0000ffffffffffffffffffffffff,,,,,False,,,,,,,,,,False,False
/arc/bm_anime_list.narc,/arc/bm_anime_list.narc!/member_00566,0,/arc/bm_anime_list.narc,137,566,,16092,16112,11320,11340,20,a110f0cd6788eff2bdcd90ef1dffff9a76234cc1e3986b803fd5916f36ddd8d1,ffff0000ffffffffffffffffffffffff,,,,,False,,,,,,,,,,False,False
/arc/bm_anime_list.narc,/arc/bm_anime_list.narc!/member_00567,0,/arc/bm_anime_list.narc,137,567,,16112,16132,11340,11360,20,a110f0cd6788eff2bdcd90ef1dffff9a76234cc1e3986b803fd5916f36ddd8d1,ffff0000ffffffffffffffffffffffff,,,,,False,,,,,,,,,,False,False
/arc/bm_anime_list.narc,/arc/bm_anime_list.narc!/member_00568,0,/arc/bm_anime_list.narc,137,568,,16132,16152,11360,11380,20,a110f0cd6788eff2bdcd90ef1dffff9a76234cc1e3986b803fd5916f36ddd8d1,ffff0000ffffffffffffffffffffffff,,,,,False,,,,,,,,,,False,False
/arc/bm_anime_list.narc,/arc/bm_anime_list.narc!/member_00569,0,/arc/bm_anime_list.narc,137,569,,16152,16172,11380,11400,20,28245a02684e53e944e3f3ad16b95cb61cac9da19a6c58b87983daebe830b4e5,010000005c000000ffffffffffffffff,,,,,False,,,,,,,,,,False,False
/arc/bm_anime_list.narc,/arc/bm_anime_list.narc!/member_00570,0,/arc/bm_anime_list.narc,137,570,,16172,16192,11400,11420,20,a110f0cd6788eff2bdcd90ef1dffff9a76234cc1e3986b803fd5916f36ddd8d1,ffff0000ffffffffffffffffffffffff,,,,,False,,,,,,,,,,False,False
/arc/bm_anime_list.narc,/arc/bm_anime_list.narc!/member_00571,0,/arc/bm_anime_list.narc,137,571,,16192,16212,11420,11440,20,a110f0cd6788eff2bdcd90ef1dffff9a76234cc1e3986b803fd5916f36ddd8d1,ffff0000ffffffffffffffffffffffff,,,,,False,,,,,,,,,,False,False
/arc/bm_anime_list.narc,/arc/bm_anime_list.narc!/member_00572,0,/arc/bm_anime_list.narc,137,572,,16212,16232,11440,11460,20,a110f0cd6788eff2bdcd90ef1dffff9a76234cc1e3986b803fd5916f36ddd8d1,ffff0000ffffffffffffffffffffffff,,,,,False,,,,,,,,,,False,False
/arc/bm_anime_list.narc,/arc/bm_anime_list.narc!/member_00573,0,/arc/bm_anime_list.narc,137,573,,16232,16252,11460,11480,20,a110f0cd6788eff2bdcd90ef1dffff9a76234cc1e3986b803fd5916f36ddd8d1,ffff0000ffffffffffffffffffffffff,,,,,False,,,,,,,,,,False,False
/arc/bm_anime_list.narc,/arc/bm_anime_list.narc!/member_00574,0,/arc/bm_anime_list.narc,137,574,,16252,16272,11480,11500,20,a110f0cd6788eff2bdcd90ef1dffff9a76234cc1e3986b803fd5916f36ddd8d1,ffff0000ffffffffffffffffffffffff,,,,,False,,,,,,,,,,False,False
/arc/bm_anime_list.narc,/arc/bm_anime_list.narc!/member_00575,0,/arc/bm_anime_list.narc,137,575,,16272,16292,11500,11520,20,85cb79550a7f97a4aadb7665e2b84523d1ef70d2ac08b066b32782f1c777c664,010000005d000000ffffffffffffffff,,,,,False,,,,,,,,,,False,False
/arc/bm_anime_list.narc,/arc/bm_anime_list.narc!/member_00576,0,/arc/bm_anime_list.narc,137,576,,16292,16312,11520,11540,20,a110f0cd6788eff2bdcd90ef1dffff9a76234cc1e3986b803fd5916f36ddd8d1,ffff0000ffffffffffffffffffffffff,,,,,False,,,,,,,,,,False,False
/arc/bm_anime_list.narc,/arc/bm_anime_list.narc!/member_00577,0,/arc/bm_anime_list.narc,137,577,,16312,16332,11540,11560,20,a110f0cd6788eff2bdcd90ef1dffff9a76234cc1e3986b803fd5916f36ddd8d1,ffff0000ffffffffffffffffffffffff,,,,,False,,,,,,,,,,False,False
/arc/bm_anime_list.narc,/arc/bm_anime_list.narc!/member_00578,0,/arc/bm_anime_list.narc,137,578,,16332,16352,11560,11580,20,a110f0cd6788eff2bdcd90ef1dffff9a76234cc1e3986b803fd5916f36ddd8d1,ffff0000ffffffffffffffffffffffff,,,,,False,,,,,,,,,,False,False
/arc/bm_anime_list.narc,/arc/bm_anime_list.narc!/member_00579,0,/arc/bm_anime_list.narc,137,579,,16352,16372,11580,11600,20,c1dfd630a1f9178a7c8ef801194ca3c4e66c99b5f2c597dd6808b90227b4138e,010000004e000000ffffffffffffffff,,,,,False,,,,,,,,,,False,False
/arc/bm_anime_list.narc,/arc/bm_anime_list.narc!/member_00580,0,/arc/bm_anime_list.narc,137,580,,16372,16392,11600,11620,20,161d5ddcc9716de314f114642ad95cef8a83d9b30e5c2a2ddb6678c35d7fe5b8,010000004f000000ffffffffffffffff,,,,,False,,,,,,,,,,False,False
/arc/bm_anime_list.narc,/arc/bm_anime_list.narc!/member_00581,0,/arc/bm_anime_list.narc,137,581,,16392,16412,11620,11640,20,c9c5c01b7360bcc6cca62964b65c02159eecd9a3bedf652f9f1d9c35dbcb04a9,0100000050000000ffffffffffffffff,,,,,False,,,,,,,,,,False,False
/arc/bm_anime_list.narc,/arc/bm_anime_list.narc!/member_00582,0,/arc/bm_anime_list.narc,137,582,,16412,16432,11640,11660,20,a110f0cd6788eff2bdcd90ef1dffff9a76234cc1e3986b803fd5916f36ddd8d1,ffff0000ffffffffffffffffffffffff,,,,,False,,,,,,,,,,False,False
/arc/bm_anime_list.narc,/arc/bm_anime_list.narc!/member_00583,0,/arc/bm_anime_list.narc,137,583,,16432,16452,11660,11680,20,a110f0cd6788eff2bdcd90ef1dffff9a76234cc1e3986b803fd5916f36ddd8d1,ffff0000ffffffffffffffffffffffff,,,,,False,,,,,,,,,,False,False
/arc/bm_anime_list.narc,/arc/bm_anime_list.narc!/member_00584,0,/arc/bm_anime_list.narc,137,584,,16452,16472,11680,11700,20,3b465437c0f5112793c8cb6c37f4e8c9120096578bc427cd43be21859a130400,010000005100000052000000ffffffff,,,,,False,,,,,,,,,,False,False
/arc/bm_anime_list.narc,/arc/bm_anime_list.narc!/member_00585,0,/arc/bm_anime_list.narc,137,585,,16472,16492,11700,11720,20,f05d7f97ca28dfdb3873cdc4ff19c8ccce68f56500c947bbc2d77beb25039793,0100000053000000ffffffffffffffff,,,,,False,,,,,,,,,,False,False
/arc/bm_anime_list.narc,/arc/bm_anime_list.narc!/member_00586,0,/arc/bm_anime_list.narc,137,586,,16492,16512,11720,11740,20,ace5248f90af30b646eb205c4df385e2b34285dc55fc21eea4d0648a0aa9e7dd,0100000056000000ffffffffffffffff,,,,,False,,,,,,,,,,False,False
/arc/bm_anime_list.narc,/arc/bm_anime_list.narc!/member_00587,0,/arc/bm_anime_list.narc,137,587,,16512,16532,11740,11760,20,0581743bb2474f54d6fa93bccfbfbcfc59bb12c29bfcb6cedbb97134b4ce60cc,0100000055000000ffffffffffffffff,,,,,False,,,,,,,,,,False,False
/arc/bm_anime_list.narc,/arc/bm_anime_list.narc!/member_00588,0,/arc/bm_anime_list.narc,137,588,,16532,16552,11760,11780,20,780a92a62f255d9978d71779a7b5fa8e380930c2786bec2300331ba3b4a02578,010000005f000000ffffffffffffffff,,,,,False,,,,,,,,,,False,False
/arc/bm_anime_list.narc,/arc/bm_anime_list.narc!/member_00589,0,/arc/bm_anime_list.narc,137,589,,16552,16572,11780,11800,20,050f64eecc4b63b4e68769983cf15fb2eaaf0d6e52d38827d36fd9ff264e3584,0100000060000000ffffffffffffffff,,,,,False,,,,,,,,,,False,False
/arc/codein_gra.narc,/arc/codein_gra.narc!/member_00000,0,/arc/codein_gra.narc,138,0,,236,6684,0,6448,6448,6a2174839dbba45026ce10811adc66f819df8ce45ddfbf7f2cc2a23e531ec096,5247434efffe01013019000010000100,,NCGR graphics,Confirmed,True,False,,,,,,,,,,False,False
/arc/codein_gra.narc,/arc/codein_gra.narc!/member_00001,0,/arc/codein_gra.narc,138,1,,6684,7236,6448,7000,552,c82a1739033966caa6671b1f633684c16cc5aac1b039716e58db4d9e1d089b19,524c434efffe00012802000010000100,,NCLR palette,Confirmed,True,False,,,,,,,,,,False,False
/arc/codein_gra.narc,/arc/codein_gra.narc!/member_00002,0,/arc/codein_gra.narc,138,2,,7236,8170,7000,7934,934,e220c41fe3f1db2b28928cbdfe92c4d09961e3a754b8f4ee35fdb7ee4aeebd59,5245434efffe0001a603000010000300,,NCER cell,Confirmed,True,False,,,,,,,,,,False,False
/arc/codein_gra.narc,/arc/codein_gra.narc!/member_00003,0,/arc/codein_gra.narc,138,3,,8172,9242,7936,9006,1070,bd813d3638c2dccba2d04eddd07eeb56a892a3cd6212ff2bb6b8178d6029cff7,524e414efffe00012e04000010000300,,NANR animation,Confirmed,True,False,,,,,,,,,,False,False
/arc/codein_gra.narc,/arc/codein_gra.narc!/member_00004,0,/arc/codein_gra.narc,138,4,,9244,14284,9008,14048,5040,c27651176fe51100795a9e3ade3215d416e0c99df8be09cdb4c689d96fbf3d8a,5247434efffe0101b013000010000100,,NCGR graphics,Confirmed,True,False,,,,,,,,,,False,False
/arc/codein_gra.narc,/arc/codein_gra.narc!/member_00005,0,/arc/codein_gra.narc,138,5,,14284,14836,14048,14600,552,8d9531798282b380a4f7f19e7cdecf59c5d629bf4b45bdbead1a549fa2195bff,524c434efffe00012802000010000100,,NCLR palette,Confirmed,True,False,,,,,,,,,,False,False
/arc/codein_gra.narc,/arc/codein_gra.narc!/member_00006,0,/arc/codein_gra.narc,138,6,,14836,16072,14600,15836,1236,6e94b39a3b7f43eee63aac9f29d589c98f9c6d47d214dc7af2bd076d469b15fb,5245434efffe0001d404000010000300,,NCER cell,Confirmed,True,False,,,,,,,,,,False,False
/arc/codein_gra.narc,/arc/codein_gra.narc!/member_00007,0,/arc/codein_gra.narc,138,7,,16072,16524,15836,16288,452,6838ea012ac1488abdcb034189f41db566f3c3fb6f6811dbd3e4fbaf204cd159,524e414efffe0001c401000010000300,,NANR animation,Confirmed,True,False,,,,,,,,,,False,False
/arc/codein_gra.narc,/arc/codein_gra.narc!/member_00008,0,/arc/codein_gra.narc,138,8,,16524,19644,16288,19408,3120,3beaae2b44fa7da02a29c42868fa3391f7fb31dd86b3b2663e53d740d7b6f80d,5247434efffe0101300c000010000100,,NCGR graphics,Confirmed,True,False,,,,,,,,,,False,False
/arc/codein_gra.narc,/arc/codein_gra.narc!/member_00009,0,/arc/codein_gra.narc,138,9,,19644,20196,19408,19960,552,17f7aa58fabceea17033ce767524a53e3096860aef551945e4da3773f59cade9,524c434efffe00012802000010000100,,NCLR palette,Confirmed,True,False,,,,,,,,,,False,False
/arc/codein_gra.narc,/arc/codein_gra.narc!/member_00010,0,/arc/codein_gra.narc,138,10,,20196,20393,19960,20157,197,6042c9cb1ce3986584529dea6828384ad3fff5c58fe324418cce8661479afd1f,5245434efffe0001c500000010000300,,NCER cell,Confirmed,True,False,,,,,,,,,,False,False
/arc/codein_gra.narc,/arc/codein_gra.narc!/member_00011,0,/arc/codein_gra.narc,138,11,,20396,20613,20160,20377,217,782f297ec58ac2839fde0b2b44e0c87106e9ee58a3a1ca7226bcbd841e24c0c7,524e414efffe0001d900000010000300,,NANR animation,Confirmed,True,False,,,,,,,,,,False,False
/arc/codein_gra.narc,/arc/codein_gra.narc!/member_00012,0,/arc/codein_gra.narc,138,12,,20616,53448,20380,53212,32832,cc8c10c81482e3e28528cc5b8c6a61638df3df9d4897e2ad3d32adefa38ec87f,5247434efffe01014080000010000200,,NCGR graphics,Confirmed,True,False,,,,,,,,,,False,False
/arc/codein_gra.narc,/arc/codein_gra.narc!/member_00013,0,/arc/codein_gra.narc,138,13,,53448,54000,53212,53764,552,2b4e21ab5fce75d9dc4dd16e8ec7d14620d5ffb34326c45cd1eb6916ec9bbfea,524c434efffe00012802000010000100,,NCLR palette,Confirmed,True,False,,,,,,,,,,False,False
/arc/codein_gra.narc,/arc/codein_gra.narc!/member_00014,0,/arc/codein_gra.narc,138,14,,54000,56084,53764,55848,2084,ae079a339fa941e106a65bad75b85859349aa703927bbaf4677626796f3dbeeb,5243534efffe00012408000010000100,,NSCR screen map,Confirmed,True,False,,,,,,,,,,False,False
/arc/codein_gra.narc,/arc/codein_gra.narc!/member_00015,0,/arc/codein_gra.narc,138,15,,56084,88916,55848,88680,32832,efdb511d0b45dfe3e7ead169e619c3c70c7eb34d1416fadc7df7ed4b5b145202,5247434efffe01014080000010000200,,NCGR graphics,Confirmed,True,False,,,,,,,,,,False,False
/arc/codein_gra.narc,/arc/codein_gra.narc!/member_00016,0,/arc/codein_gra.narc,138,16,,88916,89468,88680,89232,552,97a7703d908412152f399ee599163a04923821fe6b67f71a63d6145f41c2fe93,524c434efffe00012802000010000100,,NCLR palette,Confirmed,True,False,,,,,,,,,,False,False
/arc/codein_gra.narc,/arc/codein_gra.narc!/member_00017,0,/arc/codein_gra.narc,138,17,,89468,91552,89232,91316,2084,cb84adb7d68fe453d50d1fef69aa16167a7526ba06ab91217615d1b53701bc53,5243534efffe00012408000010000100,,NSCR screen map,Confirmed,True,False,,,,,,,,,,False,False
/arc/codein_gra.narc,/arc/codein_gra.narc!/member_00018,0,/arc/codein_gra.narc,138,18,,91552,91728,91316,91492,176,8ef7adc98d3964068913063c14743e47e20aefd2eecd84695c7fc20d24971da5,5247434efffe0101b000000010000100,,NCGR graphics,Confirmed,True,False,,,,,,,,,,False,False
/arc/codein_gra.narc,/arc/codein_gra.narc!/member_00019,0,/arc/codein_gra.narc,138,19,,91728,92280,91492,92044,552,899085d32d795eb002569c9f5459a97f1eef65ab860c57dcd8592e5ffe6a6691,524c434efffe00012802000010000100,,NCLR palette,Confirmed,True,False,,,,,,,,,,False,False
/arc/codein_gra.narc,/arc/codein_gra.narc!/member_00020,0,/arc/codein_gra.narc,138,20,,92280,92832,92044,92596,552,3b4ec17cbbfce50c1d4d507dd474a35d9544b0cef7477445c0511f061e817a9b,524c434efffe00012802000010000100,,NCLR palette,Confirmed,True,False,,,,,,,,,,False,False
/arc/codein_gra.narc,/arc/codein_gra.narc!/member_00021,0,/arc/codein_gra.narc,138,21,,92832,92999,92596,92763,167,0e9988f1432b08f2f694dc99ed26a2e541447913a2d3c45e488709cdb4dbda16,5245434efffe0001a700000010000300,,NCER cell,Confirmed,True,False,,,,,,,,,,False,False
/arc/codein_gra.narc,/arc/codein_gra.narc!/member_00022,0,/arc/codein_gra.narc,138,22,,93000,93267,92764,93031,267,b2862849ba01253973b8001fefe9957d0dc733d2cd19734b804e1f620b6cf0a8,524e414efffe00010b01000010000300,,NANR animation,Confirmed,True,False,,,,,,,,,,False,False
/arc/demo_tengan_gra.narc,/arc/demo_tengan_gra.narc!/member_00000,0,/arc/demo_tengan_gra.narc,139,0,,732,5252,0,4520,4520,4a2be3bc0120556deab10b8af9dc3e465b9b0c438bcee362348b1d10e320d4c5,424d4430fffe0200a811000010000200,,NSBMD model,Confirmed,True,False,,,,,,,,,,False,False
/arc/demo_tengan_gra.narc,/arc/demo_tengan_gra.narc!/member_00001,0,/arc/demo_tengan_gra.narc,139,1,,5252,6212,4520,5480,960,96680f2e2ff93bc3c03700207a6c81e78da2701e0123dbc25ea16889b13f478e,42544130fffe0100c003000010000100,,NSBTA texture animation,Confirmed,True,False,,,,,,,,,,False,False
/arc/demo_tengan_gra.narc,/arc/demo_tengan_gra.narc!/member_00002,0,/arc/demo_tengan_gra.narc,139,2,,6212,10732,5480,10000,4520,7c61e90df1925137afaca1b0f5fb47bb7354ea0efcfc74e747a69d693b1a171d,424d4430fffe0200a811000010000200,,NSBMD model,Confirmed,True,False,,,,,,,,,,False,False
/arc/demo_tengan_gra.narc,/arc/demo_tengan_gra.narc!/member_00003,0,/arc/demo_tengan_gra.narc,139,3,,10732,11692,10000,10960,960,dd6620e2ccc9dd79ce25563963f12906cb8a4353a415a610961cb5ad59807c05,42544130fffe0100c003000010000100,,NSBTA texture animation,Confirmed,True,False,,,,,,,,,,False,False
/arc/demo_tengan_gra.narc,/arc/demo_tengan_gra.narc!/member_00004,0,/arc/demo_tengan_gra.narc,139,4,,11692,16732,10960,16000,5040,e11cf63c1eca70526908f3ca27b918f6d817a3718d44dd2cb653fc5771d37f36,42434130fffe0100b013000010000100,,NSBCA animation,Confirmed,True,False,,,,,,,,,,False,False
/arc/demo_tengan_gra.narc,/arc/demo_tengan_gra.narc!/member_00005,0,/arc/demo_tengan_gra.narc,139,5,,16732,17548,16000,16816,816,9ff8a00eb23781aa33c0618346098dba31d89498eacd9df280f119cc20f7e47d,424d4130fffe01003003000010000100,,NSBMA material animation,Confirmed,True,False,,,,,,,,,,False,False
/arc/demo_tengan_gra.narc,/arc/demo_tengan_gra.narc!/member_00006,0,/arc/demo_tengan_gra.narc,139,6,,17548,21612,16816,20880,4064,a0c73db06c480f7cbe43de30d62c992fa980c482a6510e05b01b6b8134cef029,424d4430fffe0200e00f000010000200,,NSBMD model,Confirmed,True,False,,,,,,,,,,False,False
/arc/demo_tengan_gra.narc,/arc/demo_tengan_gra.narc!/member_00007,0,/arc/demo_tengan_gra.narc,139,7,,21612,21780,20880,21048,168,d9da382d99352ac4e5c0ba1944143976b73510cc267258f6a1ddd3f268884a6e,42434130fffe0100a800000010000100,,NSBCA animation,Confirmed,True,False,,,,,,,,,,False,False
/arc/demo_tengan_gra.narc,/arc/demo_tengan_gra.narc!/member_00008,0,/arc/demo_tengan_gra.narc,139,8,,21780,22676,21048,21944,896,c2ebeffd8496c6523242b46254530476d5623bfc2b00e737d141d032893a9a93,424d4430fffe02008003000010000200,,NSBMD model,Confirmed,True,False,,,,,,,,,,False,False
/arc/demo_tengan_gra.narc,/arc/demo_tengan_gra.narc!/member_00009,0,/arc/demo_tengan_gra.narc,139,9,,22676,22844,21944,22112,168,f9ecf1dcd1ccce94f4da4f9ec554308f7164c94dd7d8c015aae741e11d7e2135,42434130fffe0100a800000010000100,,NSBCA animation,Confirmed,True,False,,,,,,,,,,False,False
/arc/demo_tengan_gra.narc,/arc/demo_tengan_gra.narc!/member_00010,0,/arc/demo_tengan_gra.narc,139,10,,22844,23740,22112,23008,896,42520769f5006aeb8bf3f14a319b03f6d85b9784491a6e01daa33f8bc8234b45,424d4430fffe02008003000010000200,,NSBMD model,Confirmed,True,False,,,,,,,,,,False,False
/arc/demo_tengan_gra.narc,/arc/demo_tengan_gra.narc!/member_00011,0,/arc/demo_tengan_gra.narc,139,11,,23740,23908,23008,23176,168,5aac7eb1255ffc105bbd3a93393706f83c41b9253db2fdf3f4693e488cc0a103,42434130fffe0100a800000010000100,,NSBCA animation,Confirmed,True,False,,,,,,,,,,False,False
/arc/demo_tengan_gra.narc,/arc/demo_tengan_gra.narc!/member_00012,0,/arc/demo_tengan_gra.narc,139,12,,23908,24804,23176,24072,896,dfea99c3f02c7a8314311c887d05442be4b36acb26748de8ffe2f2c1cce4c6fd,424d4430fffe02008003000010000200,,NSBMD model,Confirmed,True,False,,,,,,,,,,False,False
/arc/demo_tengan_gra.narc,/arc/demo_tengan_gra.narc!/member_00013,0,/arc/demo_tengan_gra.narc,139,13,,24804,32024,24072,31292,7220,de63498dc006ed4ed075153fba81f34030cf728f93c4b01a4f14694cb471e3c3,424d4430fffe0200341c000010000200,,NSBMD model,Confirmed,True,False,,,,,,,,,,False,False
/arc/demo_tengan_gra.narc,/arc/demo_tengan_gra.narc!/member_00014,0,/arc/demo_tengan_gra.narc,139,14,,32024,32484,31292,31752,460,5c8aa02820c691adab6d00a43ff95ff5c07cfc3009cbec0d079cd9d84fb2c05b,42545030fffe0100cc01000010000100,,NSBTP texture-pattern animation,Confirmed,True,False,,,,,,,,,,False,False
/arc/demo_tengan_gra.narc,/arc/demo_tengan_gra.narc!/member_00015,0,/arc/demo_tengan_gra.narc,139,15,,32484,50676,31752,49944,18192,9dbafa7c7550eb06e80dca0b007d173bfb239db6df69ead0d8fd30764a602857,42434130fffe01001047000010000100,,NSBCA animation,Confirmed,True,False,,,,,,,,,,False,False
/arc/demo_tengan_gra.narc,/arc/demo_tengan_gra.narc!/member_00016,0,/arc/demo_tengan_gra.narc,139,16,,50676,50960,49944,50228,284,639aa341e9421aaa089d371e4268073663353291d7a7f6278bbbb9e2dc1353a2,424d4130fffe01001c01000010000100,,NSBMA material animation,Confirmed,True,False,,,,,,,,,,False,False
/arc/demo_tengan_gra.narc,/arc/demo_tengan_gra.narc!/member_00017,0,/arc/demo_tengan_gra.narc,139,17,,50960,78168,50228,77436,27208,b258dfda86eb918ab0fd6021bd5dbcadcc5054f35a6ba339171bda0d808d6838,424d4430fffe0200486a000010000200,,NSBMD model,Confirmed,True,False,,,,,,,,,,False,False
/arc/demo_tengan_gra.narc,/arc/demo_tengan_gra.narc!/member_00018,0,/arc/demo_tengan_gra.narc,139,18,,78168,94616,77436,93884,16448,6fe8b1d9ef47b81af2497cfa5f3b4e7956a2f1883f9bfb984f5c58565564251d,5247434efffe01014040000010000200,,NCGR graphics,Confirmed,True,False,,,,,,,,,,False,False
/arc/demo_tengan_gra.narc,/arc/demo_tengan_gra.narc!/member_00019,0,/arc/demo_tengan_gra.narc,139,19,,94616,95168,93884,94436,552,72d64e2b35dd144ec37acdcec9c861aae34258504d073b63fa51e15b58bcef28,524c434efffe00012802000010000100,,NCLR palette,Confirmed,True,False,,,,,,,,,,False,False
/arc/demo_tengan_gra.narc,/arc/demo_tengan_gra.narc!/member_00020,0,/arc/demo_tengan_gra.narc,139,20,,95168,97252,94436,96520,2084,5796640e8301e1a1da227dd2a559922ae7a690e32982161fa3d8c1e947e8fd4c,5243534efffe00012408000010000100,,NSCR screen map,Confirmed,True,False,,,,,,,,,,False,False
/arc/demo_tengan_gra.narc,/arc/demo_tengan_gra.narc!/member_00021,0,/arc/demo_tengan_gra.narc,139,21,,97252,99336,96520,98604,2084,192f15a84426df29889f09f294d0382908497630b442320b3fcd7ec6dbd24c78,5243534efffe00012408000010000100,,NSCR screen map,Confirmed,True,False,,,,,,,,,,False,False
/arc/demo_tengan_gra.narc,/arc/demo_tengan_gra.narc!/member_00022,0,/arc/demo_tengan_gra.narc,139,22,,99336,112672,98604,111940,13336,ef698af1208b058187cb59abf3e92ee24fb2a8bc1ccd8b0e3063eb9d78e18174,42434130fffe01001834000010000100,,NSBCA animation,Confirmed,True,False,,,,,,,,,,False,False
/arc/demo_tengan_gra.narc,/arc/demo_tengan_gra.narc!/member_00023,0,/arc/demo_tengan_gra.narc,139,23,,112672,113148,111940,112416,476,fbaedc08fab62fa970be0893802295852c58f10befe61d1c45c5b7a3ca767b00,424d4130fffe0100dc01000010000100,,NSBMA material animation,Confirmed,True,False,,,,,,,,,,False,False
/arc/demo_tengan_gra.narc,/arc/demo_tengan_gra.narc!/member_00024,0,/arc/demo_tengan_gra.narc,139,24,,113148,182668,112416,181936,69520,e13e7feb37dd6178a131ccd5f65404f074786df05a08ebd0a392bdbb7d27aa04,424d4430fffe0200900f010010000200,,NSBMD model,Confirmed,True,False,,,,,,,,,,False,False
/arc/demo_tengan_gra.narc,/arc/demo_tengan_gra.narc!/member_00025,0,/arc/demo_tengan_gra.narc,139,25,,182668,183928,181936,183196,1260,94afcce830b8b35969c7072e480030291d629c5288b6f4268109cdc6fca8134c,42434130fffe0100ec04000010000100,,NSBCA animation,Confirmed,True,False,,,,,,,,,,False,False
/arc/demo_tengan_gra.narc,/arc/demo_tengan_gra.narc!/member_00026,0,/arc/demo_tengan_gra.narc,139,26,,183928,190804,183196,190072,6876,c8b82dddd71120bcec4bf44a2499208e6ee019d970994875fd0f98ea80db5628,424d4430fffe0200dc1a000010000200,,NSBMD model,Confirmed,True,False,,,,,,,,,,False,False
/arc/demo_tengan_gra.narc,/arc/demo_tengan_gra.narc!/member_00027,0,/arc/demo_tengan_gra.narc,139,27,,190804,191536,190072,190804,732,9ecad972f9bfbb0ac66bad7cb9b76191a724ab1068e321c72b93dc742d531b20,42544130fffe0100dc02000010000100,,NSBTA texture animation,Confirmed,True,False,,,,,,,,,,False,False
/arc/demo_tengan_gra.narc,/arc/demo_tengan_gra.narc!/member_00028,0,/arc/demo_tengan_gra.narc,139,28,,191536,193612,190804,192880,2076,3d4402c71c8a0564cfc0116b84912b66461230cd9d8b8a8e5da7d0ac7508b2c0,42434130fffe01001c08000010000100,,NSBCA animation,Confirmed,True,False,,,,,,,,,,False,False
/arc/demo_tengan_gra.narc,/arc/demo_tengan_gra.narc!/member_00029,0,/arc/demo_tengan_gra.narc,139,29,,193612,200488,192880,199756,6876,d8c30c32bc8d036d917713623f01ab21db8f8c6d2dea67d9b274582a745bae8e,424d4430fffe0200dc1a000010000200,,NSBMD model,Confirmed,True,False,,,,,,,,,,False,False
/arc/demo_tengan_gra.narc,/arc/demo_tengan_gra.narc!/member_00030,0,/arc/demo_tengan_gra.narc,139,30,,200488,200980,199756,200248,492,1940a1e6dcb6cfc3504934ea0b1345c49eb99e91e535a2eddd1ffbe5d5f1dbc8,42544130fffe0100ec01000010000100,,NSBTA texture animation,Confirmed,True,False,,,,,,,,,,False,False
/arc/demo_tengan_gra.narc,/arc/demo_tengan_gra.narc!/member_00031,0,/arc/demo_tengan_gra.narc,139,31,,200980,221864,200248,221132,20884,3b5c435350d0af5a1b7f47aabe49683239c16ffabce5bdb77d0a49b7fcdc750e,42434130fffe01009451000010000100,,NSBCA animation,Confirmed,True,False,,,,,,,,,,False,False
/arc/demo_tengan_gra.narc,/arc/demo_tengan_gra.narc!/member_00032,0,/arc/demo_tengan_gra.narc,139,32,,221864,231056,221132,230324,9192,6afbfa43d4bfa005455acc88aeabc8a1965f5b222fb19cc4dd5620d890e81726,424d4430fffe0200e823000010000200,,NSBMD model,Confirmed,True,False,,,,,,,,,,False,False
/arc/demo_tengan_gra.narc,/arc/demo_tengan_gra.narc!/member_00033,0,/arc/demo_tengan_gra.narc,139,33,,231056,232108,230324,231376,1052,f938c3b5c88b1c8d53a7871454f1016bed0a2db6d9a5bc3c6e4621e8764193a3,42544130fffe01001c04000010000100,,NSBTA texture animation,Confirmed,True,False,,,,,,,,,,False,False
/arc/demo_tengan_gra.narc,/arc/demo_tengan_gra.narc!/member_00034,0,/arc/demo_tengan_gra.narc,139,34,,232108,233616,231376,232884,1508,150b43345a4ebef459e68c01f0d4aecb9cd81bcf16006ebad45de7bb114e81c9,42434130fffe0100e405000010000100,,NSBCA animation,Confirmed,True,False,,,,,,,,,,False,False
/arc/demo_tengan_gra.narc,/arc/demo_tengan_gra.narc!/member_00035,0,/arc/demo_tengan_gra.narc,139,35,,233616,242204,232884,241472,8588,855f80a490921c2125bf1caa2be54e4947adba926f6a66174224b5487451350b,424d4430fffe02008c21000010000200,,NSBMD model,Confirmed,True,False,,,,,,,,,,False,False
/arc/demo_tengan_gra.narc,/arc/demo_tengan_gra.narc!/member_00036,0,/arc/demo_tengan_gra.narc,139,36,,242204,242896,241472,242164,692,04e6f37b5330cf173540cd60673db4cf2d21d8189899e7cc026f28d3b89532fe,42544130fffe0100b402000010000100,,NSBTA texture animation,Confirmed,True,False,,,,,,,,,,False,False
/arc/demo_tengan_gra.narc,/arc/demo_tengan_gra.narc!/member_00037,0,/arc/demo_tengan_gra.narc,139,37,,242896,291748,242164,291016,48852,f314e225df2385771ff26f630b05846a990d40e475fe66959e3af7ea698bd982,42434130fffe0100d4be000010000100,,NSBCA animation,Confirmed,True,False,,,,,,,,,,False,False
/arc/demo_tengan_gra.narc,/arc/demo_tengan_gra.narc!/member_00038,0,/arc/demo_tengan_gra.narc,139,38,,291748,305016,291016,304284,13268,c0ae3abf4942748a858848c9029870ff0d51afdd0fa69eef1ae150114c9b073d,424d4430fffe0200d433000010000200,,NSBMD model,Confirmed,True,False,,,,,,,,,,False,False
/arc/demo_tengan_gra.narc,/arc/demo_tengan_gra.narc!/member_00039,0,/arc/demo_tengan_gra.narc,139,39,,305016,307908,304284,307176,2892,f143ec252d6f90002cc7820ce34d905e2d39bbd098362d345e3e40ef3b58e833,42544130fffe01004c0b000010000100,,NSBTA texture animation,Confirmed,True,False,,,,,,,,,,False,False
/arc/demo_tengan_gra.narc,/arc/demo_tengan_gra.narc!/member_00040,0,/arc/demo_tengan_gra.narc,139,40,,307908,320516,307176,319784,12608,2320040cf38bf8963230f5fab7ddb0cc6da7e03fb0f40b797b031b692109ec54,42434130fffe01004031000010000100,,NSBCA animation,Confirmed,True,False,,,,,,,,,,False,False
/arc/demo_tengan_gra.narc,/arc/demo_tengan_gra.narc!/member_00041,0,/arc/demo_tengan_gra.narc,139,41,,320516,327040,319784,326308,6524,a9ed1674ff5aecd7b4ed0e413eb2e7f222815589313ee333fcc6da8433c34ae2,424d4430fffe02007c19000010000200,,NSBMD model,Confirmed,True,False,,,,,,,,,,False,False
/arc/demo_tengan_gra.narc,/arc/demo_tengan_gra.narc!/member_00042,0,/arc/demo_tengan_gra.narc,139,42,,327040,331812,326308,331080,4772,b65e49c7aab6f829786772d2ba0f66fdbfc9aeb5ddadf7b3bd126d4eea580249,424d4430fffe0200a412000010000200,,NSBMD model,Confirmed,True,False,,,,,,,,,,False,False
/arc/demo_tengan_gra.narc,/arc/demo_tengan_gra.narc!/member_00043,0,/arc/demo_tengan_gra.narc,139,43,,331812,350672,331080,349940,18860,f71eea9c0d79bdd93c96876767f15499e812c8fa4462a93ddffb352db85b9554,42434130fffe0100ac49000010000100,,NSBCA animation,Confirmed,True,False,,,,,,,,,,False,False
/arc/demo_tengan_gra.narc,/arc/demo_tengan_gra.narc!/member_00044,0,/arc/demo_tengan_gra.narc,139,44,,350672,350956,349940,350224,284,380e103eda1d51e2134297efb7408ef1409327cc61be002acc37e442db071e86,424d4130fffe01001c01000010000100,,NSBMA material animation,Confirmed,True,False,,,,,,,,,,False,False
/arc/demo_tengan_gra.narc,/arc/demo_tengan_gra.narc!/member_00045,0,/arc/demo_tengan_gra.narc,139,45,,350956,381484,350224,380752,30528,ae2a6a679390bc3f19042eeef090d3ae39e1a406b5b1052095075adcf1eb9efb,424d4430fffe02004077000010000200,,NSBMD model,Confirmed,True,False,,,,,,,,,,False,False
/arc/demo_tengan_gra.narc,/arc/demo_tengan_gra.narc!/member_00046,0,/arc/demo_tengan_gra.narc,139,46,,381484,444624,380752,443892,63140,20135188ea6a7de0c771e074f6a2243b56308787d0c6d60c314ca1484b011197,424d4430fffe0200a4f6000010000200,,NSBMD model,Confirmed,True,False,,,,,,,,,,False,False
/arc/demo_tengan_gra.narc,/arc/demo_tengan_gra.narc!/member_00047,0,/arc/demo_tengan_gra.narc,139,47,,444624,444878,443892,444146,254,782a1e3a31db87b5664f16f51ae4be37486d4a8a9a1bd99fa7fae159d53c1a0c,524e414efffe0001fe00000010000300,,NANR animation,Confirmed,True,False,,,,,,,,,,False,False
/arc/demo_tengan_gra.narc,/arc/demo_tengan_gra.narc!/member_00048,0,/arc/demo_tengan_gra.narc,139,48,,444880,445286,444148,444554,406,5b301a1f7eccefcd9d73a3928cfe17fa8f8e25cd12368f986f077a28f74ce5f6,5245434efffe00019601000010000300,,NCER cell,Confirmed,True,False,,,,,,,,,,False,False
/arc/demo_tengan_gra.narc,/arc/demo_tengan_gra.narc!/member_00049,0,/arc/demo_tengan_gra.narc,139,49,,445288,452504,444556,451772,7216,20364f329adf8a289427c7b77f82535e6df54c058437ba5fd84ff165ff8500c9,5247434efffe0101301c000010000100,,NCGR graphics,Confirmed,True,False,,,,,,,,,,False,False
/arc/demo_tengan_gra.narc,/arc/demo_tengan_gra.narc!/member_00050,0,/arc/demo_tengan_gra.narc,139,50,,452504,453056,451772,452324,552,7ddac599fe4fb296b21e5a0ba20536e0e1e31b91152d9eaea2f18475a54c3016,524c434efffe00012802000010000100,,NCLR palette,Confirmed,True,False,,,,,,,,,,False,False
/arc/demo_tengan_gra.narc,/arc/demo_tengan_gra.narc!/member_00051,0,/arc/demo_tengan_gra.narc,139,51,,453056,488732,452324,488000,35676,e239a939b229f8f493fc7c2b9c1b342065c519bc73b37cf0a9fe576d6e2a322b,42434130fffe01005c8b000010000100,,NSBCA animation,Confirmed,True,False,,,,,,,,,,False,False
/arc/demo_tengan_gra.narc,/arc/demo_tengan_gra.narc!/member_00052,0,/arc/demo_tengan_gra.narc,139,52,,488732,489480,488000,488748,748,9d80c5613395166aba69d49cb375f8f6e19c6766c7ea557e68fb2152fcad7ad9,424d4130fffe0100ec02000010000100,,NSBMA material animation,Confirmed,True,False,,,,,,,,,,False,False
/arc/demo_tengan_gra.narc,/arc/demo_tengan_gra.narc!/member_00053,0,/arc/demo_tengan_gra.narc,139,53,,489480,494204,488748,493472,4724,9698f8248588ceb2fd9f3d5385a93ca4442204fb65fd80765eb98e6a7b6bc90c,424d4430fffe02007412000010000200,,NSBMD model,Confirmed,True,False,,,,,,,,,,False,False
/arc/demo_tengan_gra.narc,/arc/demo_tengan_gra.narc!/member_00054,0,/arc/demo_tengan_gra.narc,139,54,,494204,496472,493472,495740,2268,6588ef8c4c338a56259f67da47fccfcbc091f3de71f9ec9e5c8852d3f6585448,42434130fffe0100dc08000010000100,,NSBCA animation,Confirmed,True,False,,,,,,,,,,False,False
/arc/demo_tengan_gra.narc,/arc/demo_tengan_gra.narc!/member_00055,0,/arc/demo_tengan_gra.narc,139,55,,496472,501728,495740,500996,5256,71a477ee2c8dfd5ebcf6f77c2b38ba8427105cfd913e16c2b2c8cdbe63ecfd78,424d4430fffe02008814000010000200,,NSBMD model,Confirmed,True,False,,,,,,,,,,False,False
/arc/demo_tengan_gra.narc,/arc/demo_tengan_gra.narc!/member_00056,0,/arc/demo_tengan_gra.narc,139,56,,501728,502500,500996,501768,772,3b2af06ea0cbfbad0936fdf755d1c6bb7daafc35e206edb495eff466834d9f0e,42544130fffe01000403000010000100,,NSBTA texture animation,Confirmed,True,False,,,,,,,,,,False,False
/arc/demo_tengan_gra.narc,/arc/demo_tengan_gra.narc!/member_00057,0,/arc/demo_tengan_gra.narc,139,57,,502500,532764,501768,532032,30264,7247c5b2d4f6a19d590a1d23266bbc2d0529d8001402df65d8c8e01b262e49c1,42434130fffe01003876000010000100,,NSBCA animation,Confirmed,True,False,,,,,,,,,,False,False
/arc/demo_tengan_gra.narc,/arc/demo_tengan_gra.narc!/member_00058,0,/arc/demo_tengan_gra.narc,139,58,,532764,533200,532032,532468,436,66ad43000fb05957ccfebeb8c6d9a6ac57c9d513890ca7529cdbe72dc0acef61,424d4130fffe0100b401000010000100,,NSBMA material animation,Confirmed,True,False,,,,,,,,,,False,False
/arc/demo_tengan_gra.narc,/arc/demo_tengan_gra.narc!/member_00059,0,/arc/demo_tengan_gra.narc,139,59,,533200,562496,532468,561764,29296,a28819aa4c5501f06a3c6468b436233cd712f203ef3c606e85201891cb7e2a68,424d4430fffe02007072000010000200,,NSBMD model,Confirmed,True,False,,,,,,,,,,False,False
/arc/demo_tengan_gra.narc,/arc/demo_tengan_gra.narc!/member_00060,0,/arc/demo_tengan_gra.narc,139,60,,562496,563408,561764,562676,912,0b47a53ae3a1b55bc60726c912e95961e8a5752a474edda32b3f6b0e6c175f87,424d4430fffe02009003000010000200,,NSBMD model,Confirmed,True,False,,,,,,,,,,False,False
/arc/demo_tengan_gra.narc,/arc/demo_tengan_gra.narc!/member_00061,0,/arc/demo_tengan_gra.narc,139,61,,563408,577220,562676,576488,13812,3f4135e0a5e0de5f2e2822f81eceb8a87959c718ba90feb261f07175f1c253dc,424d4430fffe0200f435000010000200,,NSBMD model,Confirmed,True,False,,,,,,,,,,False,False
/arc/demo_tengan_gra.narc,/arc/demo_tengan_gra.narc!/member_00062,0,/arc/demo_tengan_gra.narc,139,62,,577220,578000,576488,577268,780,973e09c9f9659e1c330c9cb47856ad0898e07999e2f84e47bc6897b388d3143b,42545030fffe01000c03000010000100,,NSBTP texture-pattern animation,Confirmed,True,False,,,,,,,,,,False,False
/arc/demo_tengan_gra.narc,/arc/demo_tengan_gra.narc!/member_00063,0,/arc/demo_tengan_gra.narc,139,63,,578000,591812,577268,591080,13812,6586700d19d4c8988d149409ecdea817b4decb28ab6bb5c78cb4ad89064884f3,424d4430fffe0200f435000010000200,,NSBMD model,Confirmed,True,False,,,,,,,,,,False,False
/arc/demo_tengan_gra.narc,/arc/demo_tengan_gra.narc!/member_00064,0,/arc/demo_tengan_gra.narc,139,64,,591812,592592,591080,591860,780,82ec663d10ce53e864ec034de8ab952df8957d8a0fdbcaa56100baab2ccc6e7b,42545030fffe01000c03000010000100,,NSBTP texture-pattern animation,Confirmed,True,False,,,,,,,,,,False,False
/arc/demo_tengan_gra.narc,/arc/demo_tengan_gra.narc!/member_00065,0,/arc/demo_tengan_gra.narc,139,65,,592592,593384,591860,592652,792,f00cd9fbdd952b76e726f3505b07f37a8b48af5e1d653034beb1bd296c6b0b3a,424d4430fffe02001803000010000200,,NSBMD model,Confirmed,True,False,,,,,,,,,,False,False
/arc/demo_tengan_gra.narc,/arc/demo_tengan_gra.narc!/member_00066,0,/arc/demo_tengan_gra.narc,139,66,,593384,598164,592652,597432,4780,f28fa75e1fba247352d011f6d76fdfbb111c3789052224f66bddf2a86e6af2bc,424d4430fffe0200ac12000010000200,,NSBMD model,Confirmed,True,False,,,,,,,,,,False,False
/arc/demo_tengan_gra.narc,/arc/demo_tengan_gra.narc!/member_00067,0,/arc/demo_tengan_gra.narc,139,67,,598164,598344,597432,597612,180,a9653354a4d8139621f9d99cf32ebb786ca69d70fad67a5e51bb15dfd9529623,42545030fffe0100b400000010000100,,NSBTP texture-pattern animation,Confirmed,True,False,,,,,,,,,,False,False
/arc/demo_tengan_gra.narc,/arc/demo_tengan_gra.narc!/member_00068,0,/arc/demo_tengan_gra.narc,139,68,,598344,603124,597612,602392,4780,64b562cd5b678a335df2628315195dd7c3b90f338fc989fa834bb40993a48374,424d4430fffe0200ac12000010000200,,NSBMD model,Confirmed,True,False,,,,,,,,,,False,False
/arc/demo_tengan_gra.narc,/arc/demo_tengan_gra.narc!/member_00069,0,/arc/demo_tengan_gra.narc,139,69,,603124,603304,602392,602572,180,0f9d6b2bf9970aac4f04b0fd0fff3200459c985a90267fd72b791ef2e97ed712,42545030fffe0100b400000010000100,,NSBTP texture-pattern animation,Confirmed,True,False,,,,,,,,,,False,False
/arc/demo_tengan_gra.narc,/arc/demo_tengan_gra.narc!/member_00070,0,/arc/demo_tengan_gra.narc,139,70,,603304,619752,602572,619020,16448,fe1d5e2f301d3602374065adcbdba6b9f0ee7148f1761bd159e1e6671d2f7a02,5247434efffe01014040000010000200,,NCGR graphics,Confirmed,True,False,,,,,,,,,,False,False
/arc/demo_tengan_gra.narc,/arc/demo_tengan_gra.narc!/member_00071,0,/arc/demo_tengan_gra.narc,139,71,,619752,620304,619020,619572,552,9fc7b91e604a0740156aeb3dcf0dfedd1c8d3873e62179e0e04b299dd98179f6,524c434efffe00012802000010000100,,NCLR palette,Confirmed,True,False,,,,,,,,,,False,False
/arc/demo_tengan_gra.narc,/arc/demo_tengan_gra.narc!/member_00072,0,/arc/demo_tengan_gra.narc,139,72,,620304,622388,619572,621656,2084,fde3dc6a677af9ede45d0b7d9a786c432b12e0f00ce51075968a29a21f2da804,5243534efffe00012408000010000100,,NSCR screen map,Confirmed,True,False,,,,,,,,,,False,False
/arc/demo_tengan_gra.narc,/arc/demo_tengan_gra.narc!/member_00073,0,/arc/demo_tengan_gra.narc,139,73,,622388,624472,621656,623740,2084,2e48b8ad780a63d47e0dc242d13388fd6a14202f7fc063a269f59cd3b14138ed,5243534efffe00012408000010000100,,NSCR screen map,Confirmed,True,False,,,,,,,,,,False,False
/arc/demo_tengan_gra.narc,/arc/demo_tengan_gra.narc!/member_00074,0,/arc/demo_tengan_gra.narc,139,74,,624472,625560,623740,624828,1088,0984707fd962ad9fe76cf27b91cab3ecc66a41b0adaabbf164497513f8eed46d,5247434efffe01014004000010000200,,NCGR graphics,Confirmed,True,False,,,,,,,,,,False,False
/arc/demo_tengan_gra.narc,/arc/demo_tengan_gra.narc!/member_00075,0,/arc/demo_tengan_gra.narc,139,75,,625560,625650,624828,624918,90,d2eaff9b1411ac9ea64a630063bd95c6173bc74e43a6d397b0a2936f32547d33,524c434efffe00015a00000010000200,,NCLR palette,Confirmed,True,False,,,,,,,,,,False,False
/arc/demo_tengan_gra.narc,/arc/demo_tengan_gra.narc!/member_00076,0,/arc/demo_tengan_gra.narc,139,76,,625652,627736,624920,627004,2084,ff10ff4af7717d26fcefffc5861ea5e8bad7f04e1770a92217a94cf0e448efb2,5243534efffe00012408000010000100,,NSCR screen map,Confirmed,True,False,,,,,,,,,,False,False
/arc/demo_tengan_gra.narc,/arc/demo_tengan_gra.narc!/member_00077,0,/arc/demo_tengan_gra.narc,139,77,,627736,806412,627004,805680,178676,99e5730453c116db1cd0514facd244b0d797dd7130f2f5fdb2c20489e35b9bf7,42434130fffe0100f4b9020010000100,,NSBCA animation,Confirmed,True,False,,,,,,,,,,False,False
/arc/demo_tengan_gra.narc,/arc/demo_tengan_gra.narc!/member_00078,0,/arc/demo_tengan_gra.narc,139,78,,806412,808428,805680,807696,2016,4d431f2f288801301e2f174d09f15205de257f45925de37910238111fd21368b,424d4130fffe0100e007000010000100,,NSBMA material animation,Confirmed,True,False,,,,,,,,,,False,False
/arc/demo_tengan_gra.narc,/arc/demo_tengan_gra.narc!/member_00079,0,/arc/demo_tengan_gra.narc,139,79,,808428,826984,807696,826252,18556,e275fcb73568e08ee01a4985d69d3920e9c34b30151d3b020d99f27782b400ac,424d4430fffe02007c48000010000200,,NSBMD model,Confirmed,True,False,,,,,,,,,,False,False
/arc/demo_tengan_gra.narc,/arc/demo_tengan_gra.narc!/member_00080,0,/arc/demo_tengan_gra.narc,139,80,,826984,838116,826252,837384,11132,70cc4a56a804e6f49ecf713f8d441ba6467d1f7b3c95c7c7deb4f85c7ad1a8ae,42544130fffe01007c2b000010000100,,NSBTA texture animation,Confirmed,True,False,,,,,,,,,,False,False
/arc/demo_tengan_gra.narc,/arc/demo_tengan_gra.narc!/member_00081,0,/arc/demo_tengan_gra.narc,139,81,,838116,841352,837384,840620,3236,a90f7e29463265540593f64bcf5a21ec822e7fe4ef6838d146fc1a31641e5302,42564130fffe0100a40c000010000100,,NSBVA visibility animation,Confirmed,True,False,,,,,,,,,,False,False
/arc/demo_tengan_gra.narc,/arc/demo_tengan_gra.narc!/member_00082,0,/arc/demo_tengan_gra.narc,139,82,,841352,873000,840620,872268,31648,7d4bbcbeabdc9fbf974e349b924728e8ec8387e67a192b96bd0a2d30f1515813,42434130fffe0100a07b000010000100,,NSBCA animation,Confirmed,True,False,,,,,,,,,,False,False
/arc/demo_tengan_gra.narc,/arc/demo_tengan_gra.narc!/member_00083,0,/arc/demo_tengan_gra.narc,139,83,,873000,882172,872268,881440,9172,34f07b9863b956e40d44c249a96629d988a77700767bac36487e3a7275fa2806,424d4130fffe0100d423000010000100,,NSBMA material animation,Confirmed,True,False,,,,,,,,,,False,False
/arc/demo_tengan_gra.narc,/arc/demo_tengan_gra.narc!/member_00084,0,/arc/demo_tengan_gra.narc,139,84,,882172,953056,881440,952324,70884,461ee4cdea20dc0526e635c165ef1df9192a840cfb0e2d8fb252bf12f375724d,424d4430fffe0200e414010010000200,,NSBMD model,Confirmed,True,False,,,,,,,,,,False,False
/arc/email_gra.narc,/arc/email_gra.narc!/member_00000,0,/arc/email_gra.narc,140,0,,156,2240,0,2084,2084,caaf2fcba70feb57b687204746e8c213a324e3c712449f4e6c126b7d1fdd5052,5243534efffe00012408000010000100,,NSCR screen map,Confirmed,True,False,,,,,,,,,,False,False
/arc/email_gra.narc,/arc/email_gra.narc!/member_00001,0,/arc/email_gra.narc,140,1,,2240,3812,2084,3656,1572,aad1be494d08bb8f4e43f6f21885e5e18aa95a4b206d22c04dfa7286f507b7fa,5243534efffe00012406000010000100,,NSCR screen map,Confirmed,True,False,,,,,,,,,,False,False
/arc/email_gra.narc,/arc/email_gra.narc!/member_00002,0,/arc/email_gra.narc,140,2,,3812,5384,3656,5228,1572,991b9f4ae657557f9a1460e3ff97276621c9bd1535cb0c844394ae50b10d7353,5243534efffe00012406000010000100,,NSCR screen map,Confirmed,True,False,,,,,,,,,,False,False
/arc/email_gra.narc,/arc/email_gra.narc!/member_00003,0,/arc/email_gra.narc,140,3,,5384,6956,5228,6800,1572,fb90ccfa64e8118e358ca7e7659659ee195dfb4975d73c6d4f5e95c716f01049,5243534efffe00012406000010000100,,NSCR screen map,Confirmed,True,False,,,,,,,,,,False,False
/arc/email_gra.narc,/arc/email_gra.narc!/member_00004,0,/arc/email_gra.narc,140,4,,6956,7599,6800,7443,643,f20e7a16acb693916242f47bc97c5f314f60c3395cf9d831e5b65b1022cc376c,524e414efffe00018302000010000300,,NANR animation,Confirmed,True,False,,,,,,,,,,False,False
/arc/email_gra.narc,/arc/email_gra.narc!/member_00005,0,/arc/email_gra.narc,140,5,,7600,8299,7444,8143,699,d7d92c67deedbb7b2089bce1c77e5391501a62bb8fa7587f75b006d3fced50e3,5245434efffe0001bb02000010000300,,NCER cell,Confirmed,True,False,,,,,,,,,,False,False
/arc/email_gra.narc,/arc/email_gra.narc!/member_00006,0,/arc/email_gra.narc,140,6,,8300,13244,8144,13088,4944,ecaa77878c95dea0b28577c3c0cdd25f4b43f64489be375f21ff3c95e7c7e96b,5247434efffe01015013000010000100,,NCGR graphics,Confirmed,True,False,,,,,,,,,,False,False
/arc/email_gra.narc,/arc/email_gra.narc!/member_00007,0,/arc/email_gra.narc,140,7,,13244,13796,13088,13640,552,0c114f102acd9016387c5c8d6f3cf8027aaf7ede58d5d772f9e68c8a36ea4b88,524c434efffe00012802000010000100,,NCLR palette,Confirmed,True,False,,,,,,,,,,False,False
/arc/email_gra.narc,/arc/email_gra.narc!/member_00008,0,/arc/email_gra.narc,140,8,,13796,22052,13640,21896,8256,0cd3c7ce487324d2f7c96018a4f2cbb32c80ee7a859469d1adf1c56b1bf26fbb,5247434efffe01014020000010000200,,NCGR graphics,Confirmed,True,False,,,,,,,,,,False,False
/arc/email_gra.narc,/arc/email_gra.narc!/member_00009,0,/arc/email_gra.narc,140,9,,22052,22604,21896,22448,552,5fab3e6e73d6ecd89fca05e8aaaa99dfa30b85de0a8c29b220e61d1532d03828,524c434efffe00012802000010000100,,NCLR palette,Confirmed,True,False,,,,,,,,,,False,False
/arc/email_gra.narc,/arc/email_gra.narc!/member_00010,0,/arc/email_gra.narc,140,10,,22604,24688,22448,24532,2084,181be660fc645df58b336cf9a281267cffddb9c21e91232228e83174202a2911,5243534efffe00012408000010000100,,NSCR screen map,Confirmed,True,False,,,,,,,,,,False,False
/arc/email_gra.narc,/arc/email_gra.narc!/member_00011,0,/arc/email_gra.narc,140,11,,24688,26032,24532,25876,1344,67a264a53812a2ca5e0fbd4d18242e6980b3607cb07864c0c6d69529f802afeb,5247434efffe01014005000010000200,,NCGR graphics,Confirmed,True,False,,,,,,,,,,False,False
/arc/email_gra.narc,/arc/email_gra.narc!/member_00012,0,/arc/email_gra.narc,140,12,,26032,26122,25876,25966,90,d5faee89ab6d5e34db896e503171439242cdd6c2d791527fadd41114fe31012e,524c434efffe00015a00000010000200,,NCLR palette,Confirmed,True,False,,,,,,,,,,False,False
/arc/encdata_ex.narc,/arc/encdata_ex.narc!/member_00000,0,/arc/encdata_ex.narc,141,0,,148,152,0,4,4,d45db3f077427e9ac6516e9baded263ea0cb9df3e897e91222e022cdca0f7033,5d010000,,,,,False,,,,,,,,,,False,False
/arc/encdata_ex.narc,/arc/encdata_ex.narc!/member_00001,0,/arc/encdata_ex.narc,141,1,,152,1220,4,1072,1068,a40584df3c0a708c11163d6f14cba42eae9161e80e369a6b0fc21cf089c01f77,02000000e40000002c01000049024a02,,,,,False,,,,,,,,,,False,False
/arc/encdata_ex.narc,/arc/encdata_ex.narc!/member_00002,0,/arc/encdata_ex.narc,141,2,,1220,1244,1072,1096,24,7c83c14e15372074ddaad22b06e5cb70cdc2bc2490605d624be865a808362394,9f010000090100009c010000a4010000,,,,,False,,,,,,,,,,False,False
/arc/encdata_ex.narc,/arc/encdata_ex.narc!/member_00003,0,/arc/encdata_ex.narc,141,3,,1244,1268,1096,1120,24,2e721e81706e4d5340440eeda3d8763fd5127f0765c2f0e314683a3063c8014e,9c010000a40100009f010000be000000,,,,,False,,,,,,,,,,False,False
/arc/encdata_ex.narc,/arc/encdata_ex.narc!/member_00004,0,/arc/encdata_ex.narc,141,4,,1268,1292,1120,1144,24,a8f4f44874bf2f3825442e1a0b807e1a5f156e3b409e8bd6980cccd2dab712ee,be010000be010000be010000be010000,,,,,False,,,,,,,,,,False,False
/arc/encdata_ex.narc,/arc/encdata_ex.narc!/member_00005,0,/arc/encdata_ex.narc,141,5,,1292,1316,1144,1168,24,7c83c14e15372074ddaad22b06e5cb70cdc2bc2490605d624be865a808362394,9f010000090100009c010000a4010000,,,,,False,,,,,,,,,,False,False
/arc/encdata_ex.narc,/arc/encdata_ex.narc!/member_00006,0,/arc/encdata_ex.narc,141,6,,1316,1340,1168,1192,24,2e721e81706e4d5340440eeda3d8763fd5127f0765c2f0e314683a3063c8014e,9c010000a40100009f010000be000000,,,,,False,,,,,,,,,,False,False
/arc/encdata_ex.narc,/arc/encdata_ex.narc!/member_00007,0,/arc/encdata_ex.narc,141,7,,1340,1364,1192,1216,24,a8f4f44874bf2f3825442e1a0b807e1a5f156e3b409e8bd6980cccd2dab712ee,be010000be010000be010000be010000,,,,,False,,,,,,,,,,False,False
/arc/encdata_ex.narc,/arc/encdata_ex.narc!/member_00008,0,/arc/encdata_ex.narc,141,8,,1364,1428,1216,1280,64,f256ad062f12a5ab119d70a7af690a8665b6984759bcb387c561801ab1a22ee7,85000000b6010000b801000034000000,,,,,False,,,,,,,,,,False,False
/arc/encdata_ex.narc,/arc/encdata_ex.narc!/member_00009,0,/arc/encdata_ex.narc,141,9,,1428,1556,1280,1408,128,8718b6f6a80f5a62e61bd44afa57cf9dcc1ffecbcad4944b406c0ebab07448b1,c60100006001000060010000c7010000,,,,,False,,,,,,,,,,False,False
/arc/encdata_ex.narc,/arc/encdata_ex.narc!/member_00010,0,/arc/encdata_ex.narc,141,10,,1556,1684,1408,1536,128,a6dfb578237901d945dafb2b1d9eb993d67ad1785abf571e6583dffb7315a065,c2000000c2000000c2000000c7010000,,,,,False,,,,,,,,,,False,False
/arc/encdata_ex.narc,/arc/encdata_ex.narc!/member_00011,0,/arc/encdata_ex.narc,141,11,,1684,1828,1536,1680,144,cc8d23fb4558d5007154cf0b72ef79f7d17b8fb15b40b5050eb98fc098e617fe,5100250055002700580027003a002800,,,,,False,,,,,,,,,,False,False
/arc/manene.narc,/arc/manene.narc!/member_00000,0,/arc/manene.narc,142,0,,740,5768,0,5028,5028,083c6ceee5e271009ee412d232a9b6f854c9b796a6f436fbb1f1f895a3cc3d20,424d4430fffe0200a413000010000200,,NSBMD model,Confirmed,True,False,,,,,,,,,,False,False
/arc/manene.narc,/arc/manene.narc!/member_00001,0,/arc/manene.narc,142,1,,5768,9596,5028,8856,3828,0030e7807f650fdedc5976fec1d6888eb1c35c94bc5924d181834446c04c97c5,424d4430fffe0200f40e000010000200,,NSBMD model,Confirmed,True,False,,,,,,,,,,False,False
/arc/manene.narc,/arc/manene.narc!/member_00002,0,/arc/manene.narc,142,2,,9596,13424,8856,12684,3828,807fce624e03bb8e724652c8f24b2c10181e6b463476e5025f383877f92c7030,424d4430fffe0200f40e000010000200,,NSBMD model,Confirmed,True,False,,,,,,,,,,False,False
/arc/manene.narc,/arc/manene.narc!/member_00003,0,/arc/manene.narc,142,3,,13424,17252,12684,16512,3828,f872adda66fad85a01caba18d808be906ff2a5e31cc5310d45751423881c6bb3,424d4430fffe0200f40e000010000200,,NSBMD model,Confirmed,True,False,,,,,,,,,,False,False
/arc/manene.narc,/arc/manene.narc!/member_00004,0,/arc/manene.narc,142,4,,17252,21080,16512,20340,3828,e98bc089103f7ab0771a35d1437f7f1d36b755d67ee324c7317578c5cdfe7401,424d4430fffe0200f40e000010000200,,NSBMD model,Confirmed,True,False,,,,,,,,,,False,False
/arc/manene.narc,/arc/manene.narc!/member_00005,0,/arc/manene.narc,142,5,,21080,23192,20340,22452,2112,fd89e645f54865188f14134357f5881dcf9b18b7878b3389ccb0c51a75a424e7,5247434efffe01014008000010000200,,NCGR graphics,Confirmed,True,False,,,,,,,,,,False,False
/arc/manene.narc,/arc/manene.narc!/member_00006,0,/arc/manene.narc,142,6,,23192,23744,22452,23004,552,60fcdaaa7379047717406afbc43b6b90f6b34e7d68b8f7b881f3ad19032b31ac,524c434efffe00012802000010000100,,NCLR palette,Confirmed,True,False,,,,,,,,,,False,False
/arc/manene.narc,/arc/manene.narc!/member_00007,0,/arc/manene.narc,142,7,,23744,25316,23004,24576,1572,9e14f45e6eb5aa98f04e72d210916ff2482021d33a40743aad1860f13ac48379,5243534efffe00012406000010000100,,NSCR screen map,Confirmed,True,False,,,,,,,,,,False,False
/arc/manene.narc,/arc/manene.narc!/member_00008,0,/arc/manene.narc,142,8,,25316,29476,24576,28736,4160,6d873e5f4f8b103d9b48a96d773181f777a1042ebd60eb886ee21f9bab06eb14,5247434efffe01014010000010000200,,NCGR graphics,Confirmed,True,False,,,,,,,,,,False,False
/arc/manene.narc,/arc/manene.narc!/member_00009,0,/arc/manene.narc,142,9,,29476,31048,28736,30308,1572,12ebc71d7cc1f894b2beb262a3633a701c008e3f80f378519f6c553defb0b07b,5243534efffe00012406000010000100,,NSCR screen map,Confirmed,True,False,,,,,,,,,,False,False
/arc/manene.narc,/arc/manene.narc!/member_00010,0,/arc/manene.narc,142,10,,31048,32620,30308,31880,1572,4e988ea4713c238d2bd5ded00c96d1ede2ad8ae11d73fa650238b77d0eedb1a2,5243534efffe00012406000010000100,,NSCR screen map,Confirmed,True,False,,,,,,,,,,False,False
/arc/manene.narc,/arc/manene.narc!/member_00011,0,/arc/manene.narc,142,11,,32620,32751,31880,32011,131,828642d69733e4f76c4f65503f2d1032d57c7a7c799808d8f169ea8663b8acdf,524e414efffe00018300000010000300,,NANR animation,Confirmed,True,False,,,,,,,,,,False,False
/arc/manene.narc,/arc/manene.narc!/member_00012,0,/arc/manene.narc,142,12,,32752,32903,32012,32163,151,0f5fb21fff11fb19d7dc216f3614ef3e25a642f900c65d2365c959fccee89c73,5245434efffe00019700000010000300,,NCER cell,Confirmed,True,False,,,,,,,,,,False,False
/arc/manene.narc,/arc/manene.narc!/member_00013,0,/arc/manene.narc,142,13,,32904,36024,32164,35284,3120,8f6a13863677daff166920e4c0d28bb515bad4fe620514c7d1fae7142e507593,5247434efffe0101300c000010000100,,NCGR graphics,Confirmed,True,False,,,,,,,,,,False,False
/arc/manene.narc,/arc/manene.narc!/member_00014,0,/arc/manene.narc,142,14,,36024,36576,35284,35836,552,74fc71b78791892e6300edf21825dc4a3b086b5def7763e6ab3761110d242597,524c434efffe00012802000010000100,,NCLR palette,Confirmed,True,False,,,,,,,,,,False,False
/arc/manene.narc,/arc/manene.narc!/member_00015,0,/arc/manene.narc,142,15,,36576,37198,35836,36458,622,3deac7cd4aaf603fd982b9dc9208b08539b8d848d3daa12c771a2e259fe02dee,524e414efffe00016e02000010000300,,NANR animation,Confirmed,True,False,,,,,,,,,,False,False
/arc/manene.narc,/arc/manene.narc!/member_00016,0,/arc/manene.narc,142,16,,37200,37798,36460,37058,598,0eb1fab51d810b23f23b071cfc19573e276403e347cdf5a07580a5a2a86dcf57,5245434efffe00015602000010000300,,NCER cell,Confirmed,True,False,,,,,,,,,,False,False
/arc/manene.narc,/arc/manene.narc!/member_00017,0,/arc/manene.narc,142,17,,37800,40664,37060,39924,2864,b548d1f081357a94ec55b8452e222edcdb46841b6841c0a70b7249db59a8ff15,5247434efffe0101300b000010000100,,NCGR graphics,Confirmed,True,False,,,,,,,,,,False,False
/arc/manene.narc,/arc/manene.narc!/member_00018,0,/arc/manene.narc,142,18,,40664,41216,39924,40476,552,ea0817403a9b166c6ee0059f46f08d5733e854caa0e2213a34fc95d5693a6e22,524c434efffe00012802000010000100,,NCLR palette,Confirmed,True,False,,,,,,,,,,False,False
/arc/manene.narc,/arc/manene.narc!/member_00019,0,/arc/manene.narc,142,19,,41216,41925,40476,41185,709,a2ec2de6a259dd1f129aade24d78c1b8d6eb2e58f69ce4e0db90603ad1b399e9,524e414efffe0001c502000010000300,,NANR animation,Confirmed,True,False,,,,,,,,,,False,False
/arc/manene.narc,/arc/manene.narc!/member_00020,0,/arc/manene.narc,142,20,,41928,42525,41188,41785,597,74336b8fc23e6c29c836c0a645465183fd52299132812fe78f256c6befde2b0c,5245434efffe00015502000010000300,,NCER cell,Confirmed,True,False,,,,,,,,,,False,False
/arc/manene.narc,/arc/manene.narc!/member_00021,0,/arc/manene.narc,142,21,,42528,44496,41788,43756,1968,5d4f90fa953816976ad0033b35f9ed17cda1c2f43360123ca206a897f2258c11,5247434efffe0101b007000010000100,,NCGR graphics,Confirmed,True,False,,,,,,,,,,False,False
/arc/manene.narc,/arc/manene.narc!/member_00022,0,/arc/manene.narc,142,22,,44496,45048,43756,44308,552,cdd879fd34c8cbd295ca95a9154f19bb415ce715726adfe067a826bfe95aecad,524c434efffe00012802000010000100,,NCLR palette,Confirmed,True,False,,,,,,,,,,False,False
/arc/manene.narc,/arc/manene.narc!/member_00023,0,/arc/manene.narc,142,23,,45048,45158,44308,44418,110,81ba5eec0cb03477af380bcbfe1677304ff0bd45b3c5ea1dbc38dc677af083c0,524e414efffe00016e00000010000300,,NANR animation,Confirmed,True,False,,,,,,,,,,False,False
/arc/manene.narc,/arc/manene.narc!/member_00024,0,/arc/manene.narc,142,24,,45160,45270,44420,44530,110,6b0e6f10bdb0467a7e87ad26e6b427c8c547460e2d70a7f7599f93c4976561e6,5245434efffe00016e00000010000300,,NCER cell,Confirmed,True,False,,,,,,,,,,False,False
/arc/manene.narc,/arc/manene.narc!/member_00025,0,/arc/manene.narc,142,25,,45272,48392,44532,47652,3120,b135f6894198519fbfbabcc022af067d29a333f835d3c6d9eb0d53e08631e45e,5247434efffe0101300c000010000100,,NCGR graphics,Confirmed,True,False,,,,,,,,,,False,False
/arc/manene.narc,/arc/manene.narc!/member_00026,0,/arc/manene.narc,142,26,,48392,48944,47652,48204,552,4179f2631afc411594e936fc717cc24d8022bcc30bf30b09a02c1ca2aca2bd50,524c434efffe00012802000010000100,,NCLR palette,Confirmed,True,False,,,,,,,,,,False,False
/arc/manene.narc,/arc/manene.narc!/member_00027,0,/arc/manene.narc,142,27,,48944,49127,48204,48387,183,0aac161a8c081ae35ee085402eb1b337d613e347b635e0c0c741a71d15e4748a,524e414efffe0001b700000010000300,,NANR animation,Confirmed,True,False,,,,,,,,,,False,False
/arc/manene.narc,/arc/manene.narc!/member_00028,0,/arc/manene.narc,142,28,,49128,49295,48388,48555,167,a26b26e1ba795fbd94ff3ab7963b801f0ddb8f1bbdf929bbf818cc6a7935672e,5245434efffe0001a700000010000300,,NCER cell,Confirmed,True,False,,,,,,,,,,False,False
/arc/manene.narc,/arc/manene.narc!/member_00029,0,/arc/manene.narc,142,29,,49296,50112,48556,49372,816,523e74a1a3b441529860be2cb3daf45f8ca64a0c1a90ca1fe141439408a618f7,5247434efffe01013003000010000100,,NCGR graphics,Confirmed,True,False,,,,,,,,,,False,False
/arc/manene.narc,/arc/manene.narc!/member_00030,0,/arc/manene.narc,142,30,,50112,50664,49372,49924,552,ee6e9351d63cc7719f15f5b2ac9203ed8ab80b13b15a60efc406c054c3f4229c,524c434efffe00012802000010000100,,NCLR palette,Confirmed,True,False,,,,,,,,,,False,False
/arc/manene.narc,/arc/manene.narc!/member_00031,0,/arc/manene.narc,142,31,,50664,52756,49924,52016,2092,7c9a69d7ed46280615ed2f46ad40c16a1df30daf75ca77be7d6341115bf5462f,424d4430fffe02002c08000010000200,,NSBMD model,Confirmed,True,False,,,,,,,,,,False,False
/arc/manene.narc,/arc/manene.narc!/member_00032,0,/arc/manene.narc,142,32,,52756,54848,52016,54108,2092,72516e0d4413f8a9b72e9bf33de45cf58a3bf7fe3f23e614863c1c0490b4aaf4,424d4430fffe02002c08000010000200,,NSBMD model,Confirmed,True,False,,,,,,,,,,False,False
/arc/manene.narc,/arc/manene.narc!/member_00033,0,/arc/manene.narc,142,33,,54848,56940,54108,56200,2092,3d5be22501859bffe38e51f4f341829ac730e5e9249060e0a019898fc39f1bce,424d4430fffe02002c08000010000200,,NSBMD model,Confirmed,True,False,,,,,,,,,,False,False
/arc/manene.narc,/arc/manene.narc!/member_00034,0,/arc/manene.narc,142,34,,56940,59032,56200,58292,2092,bf55903d125f773ae524fddf7fbf44d5636daa436add424c480a6ea12fbc2924,424d4430fffe02002c08000010000200,,NSBMD model,Confirmed,True,False,,,,,,,,,,False,False
/arc/manene.narc,/arc/manene.narc!/member_00035,0,/arc/manene.narc,142,35,,59032,61124,58292,60384,2092,48cf7efbc851b390437b4a5c51c571ab65f019c088b60f38a34c50ad8d285725,424d4430fffe02002c08000010000200,,NSBMD model,Confirmed,True,False,,,,,,,,,,False,False
/arc/manene.narc,/arc/manene.narc!/member_00036,0,/arc/manene.narc,142,36,,61124,63216,60384,62476,2092,ab316a49dafffdbcd652afec839939043f98424aab299191884bbe27cdf2fc21,424d4430fffe02002c08000010000200,,NSBMD model,Confirmed,True,False,,,,,,,,,,False,False
/arc/manene.narc,/arc/manene.narc!/member_00037,0,/arc/manene.narc,142,37,,63216,65308,62476,64568,2092,ecbaea96d9410e4b3a1e28d9b1165e9763360b7bace4bd69923203c1009524a8,424d4430fffe02002c08000010000200,,NSBMD model,Confirmed,True,False,,,,,,,,,,False,False
/arc/manene.narc,/arc/manene.narc!/member_00038,0,/arc/manene.narc,142,38,,65308,67400,64568,66660,2092,d92bae9854e127950d36b153cb0df70d19a8d405246e1941bd2e58ad4471ba93,424d4430fffe02002c08000010000200,,NSBMD model,Confirmed,True,False,,,,,,,,,,False,False
/arc/manene.narc,/arc/manene.narc!/member_00039,0,/arc/manene.narc,142,39,,67400,67508,66660,66768,108,f6adf33db5dac0a12c5e26a666f12ee074659483e15a1298e35fa4ae1be2a061,42434130fffe01006c00000010000100,,NSBCA animation,Confirmed,True,False,,,,,,,,,,False,False
/arc/manene.narc,/arc/manene.narc!/member_00040,0,/arc/manene.narc,142,40,,67508,68020,66768,67280,512,4d31c773744c000f4501d0ce5805b1b36dcc20595381172cb553dd5f5779873b,42544130fffe01000002000010000100,,NSBTA texture animation,Confirmed,True,False,,,,,,,,,,False,False
/arc/manene.narc,/arc/manene.narc!/member_00041,0,/arc/manene.narc,142,41,,68020,68840,67280,68100,820,ce4a5668e0ba63b7516cc83a83e7f185f3d52f11caee6a6ba86db784d01c0f12,42434130fffe01003403000010000100,,NSBCA animation,Confirmed,True,False,,,,,,,,,,False,False
/arc/manene.narc,/arc/manene.narc!/member_00042,0,/arc/manene.narc,142,42,,68840,69352,68100,68612,512,f04407530f8f61b7c8edf02fdc9cf3de88bea91d975f34ab3109be50bcdd7e39,42544130fffe01000002000010000100,,NSBTA texture animation,Confirmed,True,False,,,,,,,,,,False,False
/arc/manene.narc,/arc/manene.narc!/member_00043,0,/arc/manene.narc,142,43,,69352,70756,68612,70016,1404,a7e80636dd1db0b7a4f952fee131af7ba478ec2ac5310667060dc6f03d840d18,42434130fffe01007c05000010000100,,NSBCA animation,Confirmed,True,False,,,,,,,,,,False,False
/arc/manene.narc,/arc/manene.narc!/member_00044,0,/arc/manene.narc,142,44,,70756,71464,70016,70724,708,2005c2d91b8479e948c080b6bd55d94a95a1037a90875df552771130b74a5838,424d4430fffe0200c402000010000200,,NSBMD model,Confirmed,True,False,,,,,,,,,,False,False
/arc/manene.narc,/arc/manene.narc!/member_00045,0,/arc/manene.narc,142,45,,71464,72868,70724,72128,1404,8e1cf10accdabac70c5f8f565f2d5b3fe00024bd13783ef124017bd43fba1412,42434130fffe01007c05000010000100,,NSBCA animation,Confirmed,True,False,,,,,,,,,,False,False
/arc/manene.narc,/arc/manene.narc!/member_00046,0,/arc/manene.narc,142,46,,72868,73576,72128,72836,708,291592ebef11b9507d424ea7608be4ad5359f576eb9d49fca3a15f0b0c411264,424d4430fffe0200c402000010000200,,NSBMD model,Confirmed,True,False,,,,,,,,,,False,False
/arc/manene.narc,/arc/manene.narc!/member_00047,0,/arc/manene.narc,142,47,,73576,74980,72836,74240,1404,1c95a8733126b86d7dd2537070824f3c33bd8e7f423d1790ae2372eba11722b3,42434130fffe01007c05000010000100,,NSBCA animation,Confirmed,True,False,,,,,,,,,,False,False
/arc/manene.narc,/arc/manene.narc!/member_00048,0,/arc/manene.narc,142,48,,74980,75688,74240,74948,708,1443e7bfffe3a7b81e3715a6abab660fda1531dedd1339dea6fdcfd16c4da9a6,424d4430fffe0200c402000010000200,,NSBMD model,Confirmed,True,False,,,,,,,,,,False,False
/arc/manene.narc,/arc/manene.narc!/member_00049,0,/arc/manene.narc,142,49,,75688,77092,74948,76352,1404,b17d2900c5c1ccc1aa9e10d0690480bdd3a96e1e2e641af27d9db7660a857d19,42434130fffe01007c05000010000100,,NSBCA animation,Confirmed,True,False,,,,,,,,,,False,False
/arc/manene.narc,/arc/manene.narc!/member_00050,0,/arc/manene.narc,142,50,,77092,77800,76352,77060,708,6a6067cae68210acf6c2a56dbf80988c6a150762a484d0040850cf4ab279cc6d,424d4430fffe0200c402000010000200,,NSBMD model,Confirmed,True,False,,,,,,,,,,False,False
/arc/manene.narc,/arc/manene.narc!/member_00051,0,/arc/manene.narc,142,51,,77800,97808,77060,97068,20008,f445fb3d499a8c0144b0c47f42c8d8205dba023f5470a404037d9dc3a81cd09c,424d4430fffe0200284e000010000200,,NSBMD model,Confirmed,True,False,,,,,,,,,,False,False
/arc/manene.narc,/arc/manene.narc!/member_00052,0,/arc/manene.narc,142,52,,97808,98868,97068,98128,1060,cd508fe720d856ef471c128c9a895fedaa97eb5ee216890cf60244f1c7723752,42434130fffe01002404000010000100,,NSBCA animation,Confirmed,True,False,,,,,,,,,,False,False
/arc/manene.narc,/arc/manene.narc!/member_00053,0,/arc/manene.narc,142,53,,98868,100956,98128,100216,2088,5447b73092c4ee8871c94bce146c713e43344750a75d831a71dc14b207876a73,42434130fffe01002808000010000100,,NSBCA animation,Confirmed,True,False,,,,,,,,,,False,False
/arc/manene.narc,/arc/manene.narc!/member_00054,0,/arc/manene.narc,142,54,,100956,102996,100216,102256,2040,1daf195b05305d4eae897b1b24a75cb4a63715ce7f1eb97752f4b5deb45fefc8,42434130fffe0100f807000010000100,,NSBCA animation,Confirmed,True,False,,,,,,,,,,False,False
/arc/manene.narc,/arc/manene.narc!/member_00055,0,/arc/manene.narc,142,55,,102996,123056,102256,122316,20060,92396260c946045708065735eaa1c3c9c2630a5753c92e5886b460835750a5d5,424d4430fffe02005c4e000010000200,,NSBMD model,Confirmed,True,False,,,,,,,,,,False,False
/arc/manene.narc,/arc/manene.narc!/member_00056,0,/arc/manene.narc,142,56,,123056,126716,122316,125976,3660,347b0d48b77e17ecde761759d00a164a2b4ce4a3791599a48193d599068077b0,42434130fffe01004c0e000010000100,,NSBCA animation,Confirmed,True,False,,,,,,,,,,False,False
/arc/manene.narc,/arc/manene.narc!/member_00057,0,/arc/manene.narc,142,57,,126716,146792,125976,146052,20076,18ca4c7686c8b3fc5d5f0354412ab387b333bc5745933b88e061c7968cb1bbba,424d4430fffe02006c4e000010000200,,NSBMD model,Confirmed,True,False,,,,,,,,,,False,False
/arc/manene.narc,/arc/manene.narc!/member_00058,0,/arc/manene.narc,142,58,,146792,147696,146052,146956,904,98fe89511457b219f62ba81adb12109e09f50635f7555370d7cf3817d6bd0951,42434130fffe01008803000010000100,,NSBCA animation,Confirmed,True,False,,,,,,,,,,False,False
/arc/manene.narc,/arc/manene.narc!/member_00059,0,/arc/manene.narc,142,59,,147696,151500,146956,150760,3804,f48f0bcc751ca9c9fd8455b7496ef1374fc9a15be70b9f5e06dedd5a64ecc922,424d4430fffe0200dc0e000010000200,,NSBMD model,Confirmed,True,False,,,,,,,,,,False,False
/arc/manene.narc,/arc/manene.narc!/member_00060,0,/arc/manene.narc,142,60,,151500,155304,150760,154564,3804,9b0ff771248987a408fa0f8a1dbbda5f7d33d0fdf632120f7e589c5bc3e362fe,424d4430fffe0200dc0e000010000200,,NSBMD model,Confirmed,True,False,,,,,,,,,,False,False
/arc/manene.narc,/arc/manene.narc!/member_00061,0,/arc/manene.narc,142,61,,155304,159108,154564,158368,3804,eabab44d917ac9fe69d0cb8ddc09e28dc56ea34df6ae95eec112620a9f52316a,424d4430fffe0200dc0e000010000200,,NSBMD model,Confirmed,True,False,,,,,,,,,,False,False
/arc/manene.narc,/arc/manene.narc!/member_00062,0,/arc/manene.narc,142,62,,159108,162912,158368,162172,3804,8c8bc2ef7aae3dccf37506ea47c260e2bf210922bf7bb19e0f07c13186838ac2,424d4430fffe0200dc0e000010000200,,NSBMD model,Confirmed,True,False,,,,,,,,,,False,False
/arc/manene.narc,/arc/manene.narc!/member_00063,0,/arc/manene.narc,142,63,,162912,181696,162172,180956,18784,f503152f4f1e9ead778ef05de524361e74b52c2579f306f5b5b37603c0a65abb,424d4430fffe02006049000010000200,,NSBMD model,Confirmed,True,False,,,,,,,,,,False,False
/arc/manene.narc,/arc/manene.narc!/member_00064,0,/arc/manene.narc,142,64,,181696,181804,180956,181064,108,25c7793d16f2cfe1edc83901c388fc1e35d0c83f1f0e1454584fb3d498211449,42434130fffe01006c00000010000100,,NSBCA animation,Confirmed,True,False,,,,,,,,,,False,False
/arc/manene.narc,/arc/manene.narc!/member_00065,0,/arc/manene.narc,142,65,,181804,181912,181064,181172,108,63c5ed1efe887ba39e0cab644376a3d8ba2e1d41306f4063f8ba8714e4553083,42434130fffe01006c00000010000100,,NSBCA animation,Confirmed,True,False,,,,,,,,,,False,False
/arc/manene.narc,/arc/manene.narc!/member_00066,0,/arc/manene.narc,142,66,,181912,182020,181172,181280,108,1630b526358c7c55409b055a8f80de55fd8326769926244bef1838f5422724c7,42434130fffe01006c00000010000100,,NSBCA animation,Confirmed,True,False,,,,,,,,,,False,False
/arc/manene.narc,/arc/manene.narc!/member_00067,0,/arc/manene.narc,142,67,,182020,202392,181280,201652,20372,15553d028c489a2fae0712fb7f8fe4d872ce664ff691247337093855aed04948,424d4430fffe0200944f000010000200,,NSBMD model,Confirmed,True,False,,,,,,,,,,False,False
/arc/manene.narc,/arc/manene.narc!/member_00068,0,/arc/manene.narc,142,68,,202392,202500,201652,201760,108,6ffd5723a01cc4156be82a05c56fbbcb8192ff94f27a4bb9febe2c66079043c6,42434130fffe01006c00000010000100,,NSBCA animation,Confirmed,True,False,,,,,,,,,,False,False
/arc/manene.narc,/arc/manene.narc!/member_00069,0,/arc/manene.narc,142,69,,202500,221512,201760,220772,19012,b1c48a4b88964627c9b956ee0882cdc10e21540e5b1005ed6cdca9d6ca065306,424d4430fffe0200444a000010000200,,NSBMD model,Confirmed,True,False,,,,,,,,,,False,False
/arc/manene.narc,/arc/manene.narc!/member_00070,0,/arc/manene.narc,142,70,,221512,221620,220772,220880,108,8ece075c562882992a4c5e771a5d9b99bd29344f4126944645bcd7b488c0f97a,42434130fffe01006c00000010000100,,NSBCA animation,Confirmed,True,False,,,,,,,,,,False,False
/arc/manene.narc,/arc/manene.narc!/member_00071,0,/arc/manene.narc,142,71,,221620,223356,220880,222616,1736,442f269909f9b2ed17d79458a57343ede8730d7d92293b49e7445dc7d749a2a2,424d4430fffe0200c806000010000200,,NSBMD model,Confirmed,True,False,,,,,,,,,,False,False
/arc/manene.narc,/arc/manene.narc!/member_00072,0,/arc/manene.narc,142,72,,223356,228540,222616,227800,5184,a0e4911ccc8a5ca05da7ac43fc0651fa37a2ffb541a0e6a5068763f9115bf4a4,5247434efffe01014014000010000200,,NCGR graphics,Confirmed,True,False,,,,,,,,,,False,False
/arc/manene.narc,/arc/manene.narc!/member_00073,0,/arc/manene.narc,142,73,,228540,229092,227800,228352,552,a6904f0a76a1d0941edf7f24660708b084dc048c63c1654101b2f90b359906f0,524c434efffe00012802000010000100,,NCLR palette,Confirmed,True,False,,,,,,,,,,False,False
/arc/manene.narc,/arc/manene.narc!/member_00074,0,/arc/manene.narc,142,74,,229092,230664,228352,229924,1572,5e390f509489ae459dfac5fa77bfcf8e137486548d3d6e64eaf0efce81f6a77c,5243534efffe00012406000010000100,,NSCR screen map,Confirmed,True,False,,,,,,,,,,False,False
/arc/manene.narc,/arc/manene.narc!/member_00075,0,/arc/manene.narc,142,75,,230664,234824,229924,234084,4160,005cf6afb968ba368db59edf8e9aa5827e9f947841586bd718d2be95925a13d1,5247434efffe01014010000010000200,,NCGR graphics,Confirmed,True,False,,,,,,,,,,False,False
/arc/manene.narc,/arc/manene.narc!/member_00076,0,/arc/manene.narc,142,76,,234824,236396,234084,235656,1572,fd9c96fdd8ff2fafd543925f6a260d7317ab88b845e6c42bba05a851165ecee8,5243534efffe00012406000010000100,,NSCR screen map,Confirmed,True,False,,,,,,,,,,False,False
/arc/manene.narc,/arc/manene.narc!/member_00077,0,/arc/manene.narc,142,77,,236396,237968,235656,237228,1572,3890776cd1cc4e9774eaa0b23ed6dd5ee7e7ba7de54f363c813f8205fa507c3f,5243534efffe00012406000010000100,,NSCR screen map,Confirmed,True,False,,,,,,,,,,False,False
/arc/manene.narc,/arc/manene.narc!/member_00078,0,/arc/manene.narc,142,78,,237968,239540,237228,238800,1572,1628941839e4d661d544db60231dea778561fa7bb535e71a6ff643db24fcd567,5243534efffe00012406000010000100,,NSCR screen map,Confirmed,True,False,,,,,,,,,,False,False
/arc/manene.narc,/arc/manene.narc!/member_00079,0,/arc/manene.narc,142,79,,239540,241112,238800,240372,1572,da691daac242423b726441adab9bf2f5c5044056f8f0d124b3269e6fc0377f73,5243534efffe00012406000010000100,,NSCR screen map,Confirmed,True,False,,,,,,,,,,False,False
/arc/manene.narc,/arc/manene.narc!/member_00080,0,/arc/manene.narc,142,80,,241112,242684,240372,241944,1572,e0f1a188d709a9413c5f8ced7bc47b3349e17a4fa8946ee434a75ca9bb4e917c,5243534efffe00012406000010000100,,NSCR screen map,Confirmed,True,False,,,,,,,,,,False,False
/arc/manene.narc,/arc/manene.narc!/member_00081,0,/arc/manene.narc,142,81,,242684,244256,241944,243516,1572,843403f2876c184b389e02fa50889e8de1a3bd31d662d4439efea4c9633787f6,5243534efffe00012406000010000100,,NSCR screen map,Confirmed,True,False,,,,,,,,,,False,False
/arc/manene.narc,/arc/manene.narc!/member_00082,0,/arc/manene.narc,142,82,,244256,244946,243516,244206,690,f00f5c8f039b5d3a154f8c9141f5af7a12d2ad0a8d4ba6a4230d1d9997436473,524e414efffe0001b202000010000300,,NANR animation,Confirmed,True,False,,,,,,,,,,False,False
/arc/manene.narc,/arc/manene.narc!/member_00083,0,/arc/manene.narc,142,83,,244948,245978,244208,245238,1030,8091acc05d75848b6f0386a100870da382af313d8dae6ae4c7ee72daf44338c4,5245434efffe00010604000010000300,,NCER cell,Confirmed,True,False,,,,,,,,,,False,False
/arc/manene.narc,/arc/manene.narc!/member_00084,0,/arc/manene.narc,142,84,,245980,257292,245240,256552,11312,b75e842f25fd72989310e747a66c5157d6487e5117e78b7c8ec01a4f82dccfa1,5247434efffe0101302c000010000100,,NCGR graphics,Confirmed,True,False,,,,,,,,,,False,False
/arc/manene.narc,/arc/manene.narc!/member_00085,0,/arc/manene.narc,142,85,,257292,257844,256552,257104,552,f452f70fd6306637c79e0c82a656672d29c37afe1d6c73f13d7432b55db8146b,524c434efffe00012802000010000100,,NCLR palette,Confirmed,True,False,,,,,,,,,,False,False
/arc/plgym_ghost.narc,/arc/plgym_ghost.narc!/member_00000,0,/arc/plgym_ghost.narc,143,0,,92,2076,0,1984,1984,6f9c8385ae749641ac59f53b685729f68ae76a64b8bd347463700258e79feab2,424d4430fffe0200c007000010000200,,NSBMD model,Confirmed,True,False,,,,,,,,,,False,False
/arc/plgym_ghost.narc,/arc/plgym_ghost.narc!/member_00001,0,/arc/plgym_ghost.narc,143,1,,2076,4172,1984,4080,2096,b928d7d3213f282169ef72714c218aec141b2034a44f65bb722bc9c9cd320755,5247434efffe01013008000010000100,,NCGR graphics,Confirmed,True,False,,,,,,,,,,False,False
/arc/plgym_ghost.narc,/arc/plgym_ghost.narc!/member_00002,0,/arc/plgym_ghost.narc,143,2,,4172,4271,4080,4179,99,98326de9dd8e9e85c5b46c93b617cf5ed576624e667ca8dea432b9631d8b3b0b,5245434efffe00016300000010000300,,NCER cell,Confirmed,True,False,,,,,,,,,,False,False
/arc/plgym_ghost.narc,/arc/plgym_ghost.narc!/member_00003,0,/arc/plgym_ghost.narc,143,3,,4272,4383,4180,4291,111,ca4fb76f05db368c396eb1886b1de7f86ac9d15577eac9a050aee2d0ddf7492b,524e414efffe00016f00000010000300,,NANR animation,Confirmed,True,False,,,,,,,,,,False,False
/arc/plgym_ghost.narc,/arc/plgym_ghost.narc!/member_00004,0,/arc/plgym_ghost.narc,143,4,,4384,4936,4292,4844,552,05c81056d4373fd7961f9afce7bd62009bdcc0318e844fffc14acf9ad557c0f2,524c434efffe00012802000010000100,,NCLR palette,Confirmed,True,False,,,,,,,,,,False,False
/arc/ppark.narc,/arc/ppark.narc!/member_00000,0,/arc/ppark.narc,144,0,,60,3018,0,2958,2958,b73bfb26a23db27f63c6a8fdb30ffee06a11019fd13cdc26300d30846345a6be,0300321e01060300500a010603005a03,,,,,False,,,,,,,,,,False,False
/arc/ship_demo.narc,/arc/ship_demo.narc!/member_00000,0,/arc/ship_demo.narc,145,0,,212,3356,0,3144,3144,3bd8df28698dd023e956826197fc92dca16289cc51deea80d3c29627e2732179,42434130fffe0100480c000010000100,,NSBCA animation,Confirmed,True,False,,,,,,,,,,False,False
/arc/ship_demo.narc,/arc/ship_demo.narc!/member_00001,0,/arc/ship_demo.narc,145,1,,3356,3580,3144,3368,224,1d960a142e7379bd811740fa7d5d8dfc75c6f5b8d61960102a2e510a6d009920,424d4130fffe0100e000000010000100,,NSBMA material animation,Confirmed,True,False,,,,,,,,,,False,False
/arc/ship_demo.narc,/arc/ship_demo.narc!/member_00002,0,/arc/ship_demo.narc,145,2,,3580,23288,3368,23076,19708,61b63e7822aa1676dd6a6975ee0a9df6a1edf071d03479ebfba9de9fcf94f385,424d4430fffe0200fc4c000010000200,,NSBMD model,Confirmed,True,False,,,,,,,,,,False,False
/arc/ship_demo.narc,/arc/ship_demo.narc!/member_00003,0,/arc/ship_demo.narc,145,3,,23288,24148,23076,23936,860,9c47b2df57de2f5d4ed47c0e80e1d7ab86271196c52b25c3e3038d2965c3eece,42544130fffe01005c03000010000100,,NSBTA texture animation,Confirmed,True,False,,,,,,,,,,False,False
/arc/ship_demo.narc,/arc/ship_demo.narc!/member_00004,0,/arc/ship_demo.narc,145,4,,24148,24548,23936,24336,400,65c9e46c7b40237a9f5e2af5ca3626165e5695c102159693e51ab8f5da4090fa,42545030fffe01009001000010000100,,NSBTP texture-pattern animation,Confirmed,True,False,,,,,,,,,,False,False
/arc/ship_demo.narc,/arc/ship_demo.narc!/member_00005,0,/arc/ship_demo.narc,145,5,,24548,27692,24336,27480,3144,2e15e7fd558dcebb8f694b4466b328107cbd1b90e54b02515f1bacccd60a4153,42434130fffe0100480c000010000100,,NSBCA animation,Confirmed,True,False,,,,,,,,,,False,False
/arc/ship_demo.narc,/arc/ship_demo.narc!/member_00006,0,/arc/ship_demo.narc,145,6,,27692,27916,27480,27704,224,05b6cea6779ecaf0801e18daa1b9c4c20213673911399dc230425b1d781033fc,424d4130fffe0100e000000010000100,,NSBMA material animation,Confirmed,True,False,,,,,,,,,,False,False
/arc/ship_demo.narc,/arc/ship_demo.narc!/member_00007,0,/arc/ship_demo.narc,145,7,,27916,46284,27704,46072,18368,cb63c26b78caad2e34e758ad77835f0ee9a4ab7646902b730357bb7eaceef0fd,424d4430fffe0200c047000010000200,,NSBMD model,Confirmed,True,False,,,,,,,,,,False,False
/arc/ship_demo.narc,/arc/ship_demo.narc!/member_00008,0,/arc/ship_demo.narc,145,8,,46284,47144,46072,46932,860,3078881df630a8e66d9c79bd9921a594c49bd7c90a751a223ae3b63f65639b75,42544130fffe01005c03000010000100,,NSBTA texture animation,Confirmed,True,False,,,,,,,,,,False,False
/arc/ship_demo.narc,/arc/ship_demo.narc!/member_00009,0,/arc/ship_demo.narc,145,9,,47144,47544,46932,47332,400,30e56212ca0d6d1b50085861fd4be65b0fcfd29a9c8abdac146524d1426e2659,42545030fffe01009001000010000100,,NSBTP texture-pattern animation,Confirmed,True,False,,,,,,,,,,False,False
/arc/ship_demo.narc,/arc/ship_demo.narc!/member_00010,0,/arc/ship_demo.narc,145,10,,47544,50680,47332,50468,3136,f6d2611196804a16bf747f6b05c4b74a32d676fe1009b92f531a2c3ed1a2681c,42434130fffe0100400c000010000100,,NSBCA animation,Confirmed,True,False,,,,,,,,,,False,False
/arc/ship_demo.narc,/arc/ship_demo.narc!/member_00011,0,/arc/ship_demo.narc,145,11,,50680,50904,50468,50692,224,3b2c73a735ca72bdd012c03bc8445198825f36f5154a13cb28f714def4b62eab,424d4130fffe0100e000000010000100,,NSBMA material animation,Confirmed,True,False,,,,,,,,,,False,False
/arc/ship_demo.narc,/arc/ship_demo.narc!/member_00012,0,/arc/ship_demo.narc,145,12,,50904,69268,50692,69056,18364,e6f1924238622fa46716cce247a895647864f5ea7843b19c906e0eb2f147c6da,424d4430fffe0200bc47000010000200,,NSBMD model,Confirmed,True,False,,,,,,,,,,False,False
/arc/ship_demo.narc,/arc/ship_demo.narc!/member_00013,0,/arc/ship_demo.narc,145,13,,69268,70128,69056,69916,860,913d9a2e24062e8fd984a4a4a4c520ac24d422956ea4b9adf35f78448e5f0200,42544130fffe01005c03000010000100,,NSBTA texture animation,Confirmed,True,False,,,,,,,,,,False,False
/arc/ship_demo.narc,/arc/ship_demo.narc!/member_00014,0,/arc/ship_demo.narc,145,14,,70128,70528,69916,70316,400,137ea0bfac2d210957f56d5713364dff7fc55c690177b4cbb2d710a51424f9e5,42545030fffe01009001000010000100,,NSBTP texture-pattern animation,Confirmed,True,False,,,,,,,,,,False,False
/arc/ship_demo.narc,/arc/ship_demo.narc!/member_00015,0,/arc/ship_demo.narc,145,15,,70528,73672,70316,73460,3144,034d3889498c19d23a9938680212fb6fdc2232b785377d3b5a9c9435ca99642c,42434130fffe0100480c000010000100,,NSBCA animation,Confirmed,True,False,,,,,,,,,,False,False
/arc/ship_demo.narc,/arc/ship_demo.narc!/member_00016,0,/arc/ship_demo.narc,145,16,,73672,73896,73460,73684,224,146e06b83e2472036f8326a9fbc385a19c3e56fbd5d7c578c52bfa7b146c9b45,424d4130fffe0100e000000010000100,,NSBMA material animation,Confirmed,True,False,,,,,,,,,,False,False
/arc/ship_demo.narc,/arc/ship_demo.narc!/member_00017,0,/arc/ship_demo.narc,145,17,,73896,93804,73684,93592,19908,4256e09330452231970c33dda16596faee75511640e40ac41ab39f1dd7cf8d91,424d4430fffe0200c44d000010000200,,NSBMD model,Confirmed,True,False,,,,,,,,,,False,False
/arc/ship_demo.narc,/arc/ship_demo.narc!/member_00018,0,/arc/ship_demo.narc,145,18,,93804,94664,93592,94452,860,8d2f590c891fbf5b344b21a66a38c67b1e6ac06039aebbaf3617b232dfdcf942,42544130fffe01005c03000010000100,,NSBTA texture animation,Confirmed,True,False,,,,,,,,,,False,False
/arc/ship_demo.narc,/arc/ship_demo.narc!/member_00019,0,/arc/ship_demo.narc,145,19,,94664,95064,94452,94852,400,f9b1441149c153cdca4e40a8b01ee9106c718d3f97ce5986867a6b3a49a5eb69,42545030fffe01009001000010000100,,NSBTP texture-pattern animation,Confirmed,True,False,,,,,,,,,,False,False
/arc/ship_demo_pl.narc,/arc/ship_demo_pl.narc!/member_00000,0,/arc/ship_demo_pl.narc,146,0,,116,1156,0,1040,1040,fcf868e76bf7411687b5a5f85622e68c06d1544ef1696d2567f06b3ecf8fa58a,42544130fffe01001004000010000100,,NSBTA texture animation,Confirmed,True,False,,,,,,,,,,False,False
/arc/ship_demo_pl.narc,/arc/ship_demo_pl.narc!/member_00001,0,/arc/ship_demo_pl.narc,146,1,,1156,23256,1040,23140,22100,aff96089bb59e7d7abb9d76755425e365df8c41db0249a138bcfb225a7100273,424d4430fffe02005456000010000200,,NSBMD model,Confirmed,True,False,,,,,,,,,,False,False
/arc/ship_demo_pl.narc,/arc/ship_demo_pl.narc!/member_00002,0,/arc/ship_demo_pl.narc,146,2,,23256,23608,23140,23492,352,b67bac38f3ff52dc067269d4a4c68834a61e18de2b7e5839890313742d78bf8f,424d4130fffe01006001000010000100,,NSBMA material animation,Confirmed,True,False,,,,,,,,,,False,False
/arc/ship_demo_pl.narc,/arc/ship_demo_pl.narc!/member_00003,0,/arc/ship_demo_pl.narc,146,3,,23608,31068,23492,30952,7460,6e4cfbeab9ab44f9edb81ef2b3c29f6596ad1c338c5444a55d29c27f2454bd5b,42434130fffe0100241d000010000100,,NSBCA animation,Confirmed,True,False,,,,,,,,,,False,False
/arc/ship_demo_pl.narc,/arc/ship_demo_pl.narc!/member_00004,0,/arc/ship_demo_pl.narc,146,4,,31068,32108,30952,31992,1040,dcc76c77493fe624d86430c216a9b25aa3e316d97b28c394b0afaf48e5cc28a3,42544130fffe01001004000010000100,,NSBTA texture animation,Confirmed,True,False,,,,,,,,,,False,False
/arc/ship_demo_pl.narc,/arc/ship_demo_pl.narc!/member_00005,0,/arc/ship_demo_pl.narc,146,5,,32108,54220,31992,54104,22112,a10997c85adc41f5e05161f01753bbd9cb38aa9d0a5ad9fe0960d0409f1b04de,424d4430fffe02006056000010000200,,NSBMD model,Confirmed,True,False,,,,,,,,,,False,False
/arc/ship_demo_pl.narc,/arc/ship_demo_pl.narc!/member_00006,0,/arc/ship_demo_pl.narc,146,6,,54220,54572,54104,54456,352,64b38291ece64ebc483a12c0430b5f7e45791e6c92e83e1710cb78cd7a798b85,424d4130fffe01006001000010000100,,NSBMA material animation,Confirmed,True,False,,,,,,,,,,False,False
/arc/ship_demo_pl.narc,/arc/ship_demo_pl.narc!/member_00007,0,/arc/ship_demo_pl.narc,146,7,,54572,62036,54456,61920,7464,f042bea3be822b04911d05d1d871a3ecda4e2641d5fbfe148547a18913716ddb,42434130fffe0100281d000010000100,,NSBCA animation,Confirmed,True,False,,,,,,,,,,False,False
/arc/tv.narc,/arc/tv.narc!/member_00000,0,/arc/tv.narc,147,0,,76,951,0,875,875,32a8e933589509fba4f4e562e28a23d41690cdb0f57a6a3665b506fec3eb6114,07070707070707010305080204060204,,,,,False,,,,,,,,,,False,False
/arc/tv.narc,/arc/tv.narc!/member_00001,0,/arc/tv.narc,147,1,,952,1060,876,984,108,3d51df3cabf174065450eb24fbe965faa719a544cf8e13e22fc3d195767bf692,010207090b0e1013000000000104060a,,,,,False,,,,,,,,,,False,False
/arc/tv.narc,/arc/tv.narc!/member_00002,0,/arc/tv.narc,147,2,,1060,1160,984,1084,100,38f783466348c69d31d3cb2315d5338e99e3c2728a8bef633441e87f019bab74,180000001900ec001a009b0023005100,,,,,False,,,,,,,,,,False,False
/battle/b_pl_stage/pl_bsdpm.narc,/battle/b_pl_stage/pl_bsdpm.narc!/member_00000,0,/battle/b_pl_stage/pl_bsdpm.narc,148,0,,3876,3892,0,16,16,374708fff7719dd5979ec875d56cd2286f6d3cf7ec317a3b25632aab28ec37bb,00000000000000000000000000000000,,,,,False,,,,,,,,,,False,False
/battle/b_pl_stage/pl_bsdpm.narc,/battle/b_pl_stage/pl_bsdpm.narc!/member_00001,0,/battle/b_pl_stage/pl_bsdpm.narc,148,1,,3892,3908,16,32,16,827c9b3958f36662ccce158913504131e36631ac80939e3ef5ac64bbbf25a798,01009c01bc00cc004b001810ef000000,,,,,False,,,,,,,,,,False,False
/battle/b_pl_stage/pl_bsdpm.narc,/battle/b_pl_stage/pl_bsdpm.narc!/member_00002,0,/battle/b_pl_stage/pl_bsdpm.narc,148,2,,3908,3924,32,48,16,176898f876068ac7ea6c3af125bbc697c82a6591d70ead79a6155bf3f228f77b,0400a300a8010e0035000a01f9000000,,,,,False,,,,,,,,,,False,False
/battle/b_pl_stage/pl_bsdpm.narc,/battle/b_pl_stage/pl_bsdpm.narc!/member_00003,0,/battle/b_pl_stage/pl_bsdpm.narc,148,3,,3924,3940,48,64,16,24d11b4b6edc8983af03ce502c56feb115d9e2e167e0551b4187bf072c41be25,0700070191014e01c5010303f3000000,,,,,False,,,,,,,,,,False,False
/battle/b_pl_stage/pl_bsdpm.narc,/battle/b_pl_stage/pl_bsdpm.narc!/member_00004,0,/battle/b_pl_stage/pl_bsdpm.narc,148,4,,3940,3956,64,80,16,d6ae01b9204a1b18208d11e75d821cc28d977ad8eef13e4cc0461a69543caa47,0a0021005100c20100000a0dde000000,,,,,False,,,,,,,,,,False,False
/battle/b_pl_stage/pl_bsdpm.narc,/battle/b_pl_stage/pl_bsdpm.narc!/member_00005,0,/battle/b_pl_stage/pl_bsdpm.narc,148,5,,3956,3972,80,96,16,95a8112cfad064aecc0174533dcea319f12c65e65231d7aaeb4446cd49a0b82f,0b0021005100c2014e010508de000000,,,,,False,,,,,,,,,,False,False
/battle/b_pl_stage/pl_bsdpm.narc,/battle/b_pl_stage/pl_bsdpm.narc!/member_00006,0,/battle/b_pl_stage/pl_bsdpm.narc,148,6,,3972,3988,96,112,16,0e3c1f8c0fc8f6bc5e45ec767b7c7e2da22c47398371fe5ce024995dfabb8dfe,0d0028005100c20100000a0dde000000,,,,,False,,,,,,,,,,False,False
/battle/b_pl_stage/pl_bsdpm.narc,/battle/b_pl_stage/pl_bsdpm.narc!/member_00007,0,/battle/b_pl_stage/pl_bsdpm.narc,148,7,,3988,4004,112,128,16,69e193792f4b9ce311e24613d66988b6c39e51fb57acfa24f58d4f19cc469662,0e0028005100c2014e010508de000000,,,,,False,,,,,,,,,,False,False
/battle/b_pl_stage/pl_bsdpm.narc,/battle/b_pl_stage/pl_bsdpm.narc!/member_00008,0,/battle/b_pl_stage/pl_bsdpm.narc,148,8,,4004,4020,128,144,16,10c9455701af33bdc33472a7947c6fa7cfb2b8a8a650d250fe9d35ddd6d6e618,10006200930129014c011210f4000000,,Nintendo LZ10,Probable,,True,Nintendo LZ10,Probable,True,25088,False,,,,,False,False
/battle/b_pl_stage/pl_bsdpm.narc,/battle/b_pl_stage/pl_bsdpm.narc!/member_00009,0,/battle/b_pl_stage/pl_bsdpm.narc,148,9,,4020,4036,144,160,16,b258ff0558d27acdcd0c2cc502e8f7460d3a3799710d20e99d3d7565e1e105d4,13009e001b016700f2000a0dfb000000,,,,,False,,,,,,,,,,False,False
/battle/b_pl_stage/pl_bsdpm.narc,/battle/b_pl_stage/pl_bsdpm.narc!/member_00010,0,/battle/b_pl_stage/pl_bsdpm.narc,148,10,,4036,4052,160,176,16,988c5b9d045a3244d24bdb6076d586610250d61463212032540fe86891b43018,150041006200b8004c010a03f4000000,,,,,False,,,,,,,,,,False,False
/battle/b_pl_stage/pl_bsdpm.narc,/battle/b_pl_stage/pl_bsdpm.narc!/member_00011,0,/battle/b_pl_stage/pl_bsdpm.narc,148,11,,4052,4068,176,192,16,1065d239b653867e2daa7a7e7dbf4a784855f6a23f64f6431d308b01d562759b,1700b90167001500bc000a0bf5000000,,,,,False,,,,,,,,,,False,False
/battle/b_pl_stage/pl_bsdpm.narc,/battle/b_pl_stage/pl_bsdpm.narc!/member_00012,0,/battle/b_pl_stage/pl_bsdpm.narc,148,12,,4068,4084,192,208,16,78891d8209f015e6f73afdfd4d35a56ce692daef025e26670b8625c5774cf125,190055006200cc0058010a04f2000000,,,,,False,,,,,,,,,,False,False
/battle/b_pl_stage/pl_bsdpm.narc,/battle/b_pl_stage/pl_bsdpm.narc!/member_00013,0,/battle/b_pl_stage/pl_bsdpm.narc,148,13,,4084,4100,208,224,16,93137eca7aa4a0e8286345881b2539b68ed22a2361a5feb7bf7ddd16829457f8,1b005b00a3000e00c9000a0ded000000,,,,,False,,,,,,,,,,False,False
/battle/b_pl_stage/pl_bsdpm.narc,/battle/b_pl_stage/pl_bsdpm.narc!/member_00014,0,/battle/b_pl_stage/pl_bsdpm.narc,148,14,,4100,4116,224,240,16,2be2d69b829640c6b702a55b9056097f942173368a9ae2c8578bb67b6ff7d53a,1d00bc009a00cc0031011210f5000000,,,,,False,,,,,,,,,,False,False
/battle/b_pl_stage/pl_bsdpm.narc,/battle/b_pl_stage/pl_bsdpm.narc!/member_00015,0,/battle/b_pl_stage/pl_bsdpm.narc,148,15,,4116,4132,240,256,16,010ae3f7d9103e64abf9ecb83a6d5347d7c162f81145888d1d442cafd090ff5f,20008e0185001f00bc001204f5000000,,Nintendo Huffman,Probable,,True,Nintendo Huffman,Probable,False,101888,,,,,,False,False
/battle/b_pl_stage/pl_bsdpm.narc,/battle/b_pl_stage/pl_bsdpm.narc!/member_00016,0,/battle/b_pl_stage/pl_bsdpm.narc,148,16,,4132,4148,256,272,16,7b31e10cb5e1d276bf3b2f7e623e62338a532d91aaec582e28899f34aec741a2,2300d800ec00350142012407fb000000,,,,,False,,,,,,,,,,False,False
/battle/b_pl_stage/pl_bsdpm.narc,/battle/b_pl_stage/pl_bsdpm.narc!/member_00017,0,/battle/b_pl_stage/pl_bsdpm.narc,148,17,,4148,4164,272,288,16,c6997f91dc8f12be677a1bb726d840ff6a4e6aafdc6df0713384b48f722f71ff,25007e00620068008100180ff9000000,,,,,False,,,,,,,,,,False,False
/battle/b_pl_stage/pl_bsdpm.narc,/battle/b_pl_stage/pl_bsdpm.narc!/member_00018,0,/battle/b_pl_stage/pl_bsdpm.narc,148,18,,4164,4180,288,304,16,4064b7f4323cc53c4c470e83dad3c385ddbfb4ab27489245af5318a8d64c5efe,27003001cc00cd0039011113fb000000,,,,,False,,,,,,,,,,False,False
/battle/b_pl_stage/pl_bsdpm.narc,/battle/b_pl_stage/pl_bsdpm.narc!/member_00019,0,/battle/b_pl_stage/pl_bsdpm.narc,148,19,,4180,4196,304,320,16,44a5a05f4f7b7c0f9d067c3f11fd6e1e608b006fa67a3629afd59f200a5577c0,290031019301bc00a101180bf5000000,,,,,False,,,,,,,,,,False,False
/battle/b_pl_stage/pl_bsdpm.narc,/battle/b_pl_stage/pl_bsdpm.narc!/member_00020,0,/battle/b_pl_stage/pl_bsdpm.narc,148,20,,4196,4212,320,336,16,d3750d3a7b47b149e9cd298fd49df600bae166d3a1ab961bef6a099d26ee1108,2b0050004b00bc00cc003010ef000000,,,,,False,,,,,,,,,,False,False
/battle/b_pl_stage/pl_bsdpm.narc,/battle/b_pl_stage/pl_bsdpm.narc!/member_00021,0,/battle/b_pl_stage/pl_bsdpm.narc,148,21,,4212,4228,336,352,16,366845bc119972d53ba7599ec31fa412cbc5824948c720ff840dd06ba0f72942,2e0094014b016700ca000302de000000,,,,,False,,,,,,,,,,False,False
/battle/b_pl_stage/pl_bsdpm.narc,/battle/b_pl_stage/pl_bsdpm.narc!/member_00022,0,/battle/b_pl_stage/pl_bsdpm.narc,148,22,,4228,4244,352,368,16,94728f2f2d583dd251e59bbeefc1f204618a044e6dd47d7499ead9dce66d2666,30004401bc006100c2011810de000000,,Nintendo RLE,Probable,,True,Nintendo RLE,Probable,False,82944,,,,,,False,False
/battle/b_pl_stage/pl_bsdpm.narc,/battle/b_pl_stage/pl_bsdpm.narc!/member_00023,0,/battle/b_pl_stage/pl_bsdpm.narc,148,23,,4244,4260,368,384,16,7081b908d3cd93a33bb326404029a37cd0bbc493595b3b5319da1773f3ff2de9,32005900a3006700c9000a03ed000000,,,,,False,,,,,,,,,,False,False
/battle/b_pl_stage/pl_bsdpm.narc,/battle/b_pl_stage/pl_bsdpm.narc!/member_00024,0,/battle/b_pl_stage/pl_bsdpm.narc,148,24,,4260,4276,384,400,16,968ed0eb133351dde4e4962309159800d355b78a0761e3cd5ccfde5a700b1bac,3400a3007101fc00cc000a03fb000000,,,,,False,,,,,,,,,,False,False
/battle/b_pl_stage/pl_bsdpm.narc,/battle/b_pl_stage/pl_bsdpm.narc!/member_00025,0,/battle/b_pl_stage/pl_bsdpm.narc,148,25,,4276,4292,400,416,16,282df77c631266e782fb4122e9b49a234a58835a1b320481d2e7410ff515824c,360038009a0085006a011210f3000000,,,,,False,,,,,,,,,,False,False
/battle/b_pl_stage/pl_bsdpm.narc,/battle/b_pl_stage/pl_bsdpm.narc!/member_00026,0,/battle/b_pl_stage/pl_bsdpm.narc,148,26,,4292,4308,416,432,16,eb3e02472776317e149b8d0dd80bdc5d799124ef8ac42916393d0c43aa4ede4a,3800ee006700c10045000a03f1000000,,,,,False,,,,,,,,,,False,False
/battle/b_pl_stage/pl_bsdpm.narc,/battle/b_pl_stage/pl_bsdpm.narc!/member_00027,0,/battle/b_pl_stage/pl_bsdpm.narc,148,27,,4308,4324,432,448,16,e374cc92ddec14657f65bf856570b07584514eb952fbb120da146437e358857c,3c007f00d8003d0068000a0bf3000000,,,,,False,,,,,,,,,,False,False
/battle/b_pl_stage/pl_bsdpm.narc,/battle/b_pl_stage/pl_bsdpm.narc!/member_00028,0,/battle/b_pl_stage/pl_bsdpm.narc,148,28,,4324,4340,448,464,16,54835551b0139e52ae08482ae0d8999f913891003df64394db880c5c28a2ba1f,3f005e0007015b01ac01180ef8000000,,,,,False,,,,,,,,,,False,False
/battle/b_pl_stage/pl_bsdpm.narc,/battle/b_pl_stage/pl_bsdpm.narc!/member_00029,0,/battle/b_pl_stage/pl_bsdpm.narc,148,29,,4340,4356,464,480,16,8f5e435255daef2eee911af5a5a3394f1eed627a62a2e49f4a9b917e235aae1b,4200df00c100b80018010a0df1000000,,,,,False,,,,,,,,,,False,False
/battle/b_pl_stage/pl_bsdpm.narc,/battle/b_pl_stage/pl_bsdpm.narc!/member_00030,0,/battle/b_pl_stage/pl_bsdpm.narc,148,30,,4356,4372,480,496,16,3aa0d44530c1c77f446dfd6cf53dd12a4d40c427836203e33a3ebdd362b69ae3,45004b00bc0041019c011213ef000000,,,,,False,,,,,,,,,,False,False
/battle/b_pl_stage/pl_bsdpm.narc,/battle/b_pl_stage/pl_bsdpm.narc!/member_00031,0,/battle/b_pl_stage/pl_bsdpm.narc,148,31,,4372,4388,496,512,16,29db36d7761e24a7fa9b9aae4c581d3a1dd5059b75a19e5d248b7e31ec720441,48007f008e0170006a011210f3000000,,,,,False,,,,,,,,,,False,False
/battle/b_pl_stage/pl_bsdpm.narc,/battle/b_pl_stage/pl_bsdpm.narc!/member_00032,0,/battle/b_pl_stage/pl_bsdpm.narc,148,32,,4388,4404,512,528,16,16fa48c740744225da2dfbdea4ae1fba9c008c37191a702838ff58d735e99185,4a00bc015b008d01f6002202ee000000,,,,,False,,,,,,,,,,False,False
/battle/b_pl_stage/pl_bsdpm.narc,/battle/b_pl_stage/pl_bsdpm.narc!/member_00033,0,/battle/b_pl_stage/pl_bsdpm.narc,148,33,,4404,4420,528,544,16,244e36413d5ed583e0fb40c9114e58841415804bd5057e5601b3ebe64e51f9df,4f00ac01910185006a012216f8000000,,,,,False,,,,,,,,,,False,False
/battle/b_pl_stage/pl_bsdpm.narc,/battle/b_pl_stage/pl_bsdpm.narc!/member_00034,0,/battle/b_pl_stage/pl_bsdpm.narc,148,34,,4420,4436,544,560,16,6279c9fb801e0cd3e20dc61981ae64c445cb646e2c5fbe8c03ebfcdd7c1fe981,5100ae0157003f0168011413e9000000,,,,,False,,,,,,,,,,False,False
/battle/b_pl_stage/pl_bsdpm.narc,/battle/b_pl_stage/pl_bsdpm.narc!/member_00035,0,/battle/b_pl_stage/pl_bsdpm.narc,148,35,,4436,4452,560,576,16,9cf67c9695bc0b0fe9d87326f7fe4584f68a006de5f1a5da75ab7f3853e38187,540041001f004c016f010a0df4000000,,,,,False,,,,,,,,,,False,False
/battle/b_pl_stage/pl_bsdpm.narc,/battle/b_pl_stage/pl_bsdpm.narc!/member_00036,0,/battle/b_pl_stage/pl_bsdpm.narc,148,36,,4452,4468,576,592,16,bbd38a46b36733bcede176b9579dd0f790fde8dd68cd56f191d318ccd90d0271,56007f001d00c50188010a0df3000000,,,,,False,,,,,,,,,,False,False
/battle/b_pl_stage/pl_bsdpm.narc,/battle/b_pl_stage/pl_bsdpm.narc!/member_00037,0,/battle/b_pl_stage/pl_bsdpm.narc,148,37,,4468,4484,592,608,16,9eb8c338491c4d2cd06f21ae22fe5196cef836849facbd55fe804658339dc6fa,5800b901da006700bc000301f5000000,,,,,False,,,,,,,,,,False,False
/battle/b_pl_stage/pl_bsdpm.narc,/battle/b_pl_stage/pl_bsdpm.narc!/member_00038,0,/battle/b_pl_stage/pl_bsdpm.narc,148,38,,4484,4500,608,624,16,c84eb469b3561e609e6ed13bbe6a79837c25c703bbac1bd96dc14d004a3c1ebb,5a0080006a0124004e013016f3000000,,,,,False,,,,,,,,,,False,False
/battle/b_pl_stage/pl_bsdpm.narc,/battle/b_pl_stage/pl_bsdpm.narc!/member_00039,0,/battle/b_pl_stage/pl_bsdpm.narc,148,39,,4500,4516,624,640,16,6eeb2f79651c26908d921b2b4fe640aa84bfb7be82a5ff9fab1afcf747bf8cf9,5c00f700bc00360168000a0ff7000000,,,,,False,,,,,,,,,,False,False
/battle/b_pl_stage/pl_bsdpm.narc,/battle/b_pl_stage/pl_bsdpm.narc!/member_00040,0,/battle/b_pl_stage/pl_bsdpm.narc,148,40,,4516,4532,640,656,16,33b2f50c7c648264d831da7e88e5501a754e9d4a0455466af9255a0d11de6283,6000da005e00a101f8001813f8000000,,,,,False,,,,,,,,,,False,False
/battle/b_pl_stage/pl_bsdpm.narc,/battle/b_pl_stage/pl_bsdpm.narc!/member_00041,0,/battle/b_pl_stage/pl_bsdpm.narc,148,41,,4532,4548,656,672,16,48e5062926f2a8128e00639bb669602da82deabd218757e39df267fe96b6a30e,6200980015000e006a010a04f3000000,,,,,False,,,,,,,,,,False,False
/battle/b_pl_stage/pl_bsdpm.narc,/battle/b_pl_stage/pl_bsdpm.narc!/member_00042,0,/battle/b_pl_stage/pl_bsdpm.narc,148,42,,4548,4564,672,688,16,f82a1e1a2a2cfc11cec2f9b4fe950f0ac53e9051aa7b0fd2fbf5d5142f6c1816,64005500810068005f01180ff2000000,,,,,False,,,,,,,,,,False,False
/battle/b_pl_stage/pl_bsdpm.narc,/battle/b_pl_stage/pl_bsdpm.narc!/member_00043,0,/battle/b_pl_stage/pl_bsdpm.narc,148,43,,4564,4580,688,704,16,6c04cd55d31d6c6ca38719b6c0b39cea0c50d7253e16e3038bc89cccb28813ee,6600b5015e00490092011111ef000000,,,,,False,,,,,,,,,,False,False
/battle/b_pl_stage/pl_bsdpm.narc,/battle/b_pl_stage/pl_bsdpm.narc!/member_00044,0,/battle/b_pl_stage/pl_bsdpm.narc,148,44,,4580,4596,704,720,16,4d854d9df9272739af1cf6891924861b8e2fb40c127288c90f8f416f181d93eb,68009b00070126000e000a03ed000000,,,,,False,,,,,,,,,,False,False
/battle/b_pl_stage/pl_bsdpm.narc,/battle/b_pl_stage/pl_bsdpm.narc!/member_00045,0,/battle/b_pl_stage/pl_bsdpm.narc,148,45,,4596,4612,720,736,16,1814d198d8fd42ad3da0a00ac7c3a942c7f500312af54cc605dd0fc9c1f7fb0f,74007f00f0005d01d8000a0df3000000,,,,,False,,,,,,,,,,False,False
/battle/b_pl_stage/pl_bsdpm.narc,/battle/b_pl_stage/pl_bsdpm.narc!/member_00046,0,/battle/b_pl_stage/pl_bsdpm.narc,148,46,,4612,4628,736,752,16,da2041db4e2d54b6b5495b5e87220c722c218fac49613c925668d39c2510bb7f,76007f001f006100f0000a0df3000000,,,,,False,,,,,,,,,,False,False
/battle/b_pl_stage/pl_bsdpm.narc,/battle/b_pl_stage/pl_bsdpm.narc!/member_00047,0,/battle/b_pl_stage/pl_bsdpm.narc,148,47,,4628,4644,752,768,16,c8e0d1217aac2ccc71a2b17666524005584348a7538b5e60a40ad740498a99e6,81002100af00540100000a0de8000000,,,,,False,,,,,,,,,,False,False
/battle/b_pl_stage/pl_bsdpm.narc,/battle/b_pl_stage/pl_bsdpm.narc!/member_00048,0,/battle/b_pl_stage/pl_bsdpm.narc,148,48,,4644,4660,768,784,16,fe5247c3f61382b7b4ef612d731d9591d6209d93a2d8359b66ba719b8e7265a3,84009000000000000000090e12010000,,,,,False,,,,,,,,,,False,False
/battle/b_pl_stage/pl_bsdpm.narc,/battle/b_pl_stage/pl_bsdpm.narc!/member_00049,0,/battle/b_pl_stage/pl_bsdpm.narc,148,49,,4660,4676,784,800,16,78df7552962dfd129fa79b97562cf705dff6fd39cc827770fa51d1305794d98e,8500d8006200cc00f7000a04fb000000,,,,,False,,,,,,,,,,False,False
/battle/b_pl_stage/pl_bsdpm.narc,/battle/b_pl_stage/pl_bsdpm.narc!/member_00050,0,/battle/b_pl_stage/pl_bsdpm.narc,148,50,,4676,4692,800,816,16,68131c90bc2867fdf68014ea7c46cd98a3dc16d38482a69cf2745fbb0dcfd9fb,930097015d01150052000a0dfa000000,,,,,False,,,,,,,,,,False,False
/battle/b_pl_stage/pl_bsdpm.narc,/battle/b_pl_stage/pl_bsdpm.narc!/member_00051,0,/battle/b_pl_stage/pl_bsdpm.narc,148,51,,4692,4708,816,832,16,5ba2e2e2708351f90ad9bd00a3cb452c85d70fb6276d4129d961f1fed601a61c,98009c01d80013014b001111ef000000,,,,,False,,,,,,,,,,False,False
/battle/b_pl_stage/pl_bsdpm.narc,/battle/b_pl_stage/pl_bsdpm.narc!/member_00052,0,/battle/b_pl_stage/pl_bsdpm.narc,148,52,,4708,4724,832,848,16,c024aeaf29bc7944429b0b0c78aec2610d2a6ceb79aff93a327e1ba7ce9b39d8,9b003b0162008a016c000a0bf9000000,,,,,False,,,,,,,,,,False,False
/battle/b_pl_stage/pl_bsdpm.narc,/battle/b_pl_stage/pl_bsdpm.narc!/member_00053,0,/battle/b_pl_stage/pl_bsdpm.narc,148,53,,4724,4740,848,864,16,70b571e137e8c131b9a21cc20b92567d987c798ad6f001e5f841a0384a8f575d,9e009101a300b8006a010a01f3000000,,,,,False,,,,,,,,,,False,False
/battle/b_pl_stage/pl_bsdpm.narc,/battle/b_pl_stage/pl_bsdpm.narc!/member_00054,0,/battle/b_pl_stage/pl_bsdpm.narc,148,54,,4740,4756,864,880,16,2deea10f4a3e61e78da2213243ea22d254c9dbabce8d1811b67eb81228772d3b,a1003001c3016200cc001813fb000000,,,,,False,,,,,,,,,,False,False
/battle/b_pl_stage/pl_bsdpm.narc,/battle/b_pl_stage/pl_bsdpm.narc!/member_00055,0,/battle/b_pl_stage/pl_bsdpm.narc,148,55,,4756,4772,880,896,16,ca455e87b1e4899d9b85b9982138796c6e5017ba4befd80e1bde47189355f230,a300810093014c0129011810f4000000,,,,,False,,,,,,,,,,False,False
/battle/b_pl_stage/pl_bsdpm.narc,/battle/b_pl_stage/pl_bsdpm.narc!/member_00056,0,/battle/b_pl_stage/pl_bsdpm.narc,148,56,,4772,4788,896,912,16,4ba066ff95333f75497674d94a5fc8bb3c2935701ac22967ab1db1a6490f626e,a50095013a01c2016800180bde000000,,,,,False,,,,,,,,,,False,False
/battle/b_pl_stage/pl_bsdpm.narc,/battle/b_pl_stage/pl_bsdpm.narc!/member_00057,0,/battle/b_pl_stage/pl_bsdpm.narc,148,57,,4788,4804,912,928,16,6251c8ebb779243fc30b4048148ced76afb615d645329902a51c80057716a0c4,a7002a008e01610068000a0dde000000,,,,,False,,,,,,,,,,False,False
/battle/b_pl_stage/pl_bsdpm.narc,/battle/b_pl_stage/pl_bsdpm.narc!/member_00058,0,/battle/b_pl_stage/pl_bsdpm.narc,148,58,,4804,4820,928,944,16,809ec662f9f9356b60d696ba50056534003be3952973b0b4832addc487cf40d0,aa00b3016a0185008801180ff3000000,,,,,False,,,,,,,,,,False,False
/battle/b_pl_stage/pl_bsdpm.narc,/battle/b_pl_stage/pl_bsdpm.narc!/member_00059,0,/battle/b_pl_stage/pl_bsdpm.narc,148,59,,4820,4836,944,960,16,e90640b0446f13cb788fc1f0a6699b669c7257ab486f60330382fb6f40314542,ac00a10155005f010701180ef2000000,,,,,False,,,,,,,,,,False,False
/battle/b_pl_stage/pl_bsdpm.narc,/battle/b_pl_stage/pl_bsdpm.narc!/member_00060,0,/battle/b_pl_stage/pl_bsdpm.narc,148,60,,4836,4852,960,976,16,90d4e55c7d5168087e9fd2e7e7a6ad264315d2eb0541ccc7d81c0b21e4a1ca0c,ad00d8005901cc0085000307fb000000,,,,,False,,,,,,,,,,False,False
/battle/b_pl_stage/pl_bsdpm.narc,/battle/b_pl_stage/pl_bsdpm.narc!/member_00061,0,/battle/b_pl_stage/pl_bsdpm.narc,148,61,,4852,4868,976,992,16,9d0ba3ac17ae4634bfee97eb85f5095e09fb123240d91c0c55b3fd68437fcd02,ae00d800b900cc0039010a04fb000000,,,,,False,,,,,,,,,,False,False
/battle/b_pl_stage/pl_bsdpm.narc,/battle/b_pl_stage/pl_bsdpm.narc!/member_00062,0,/battle/b_pl_stage/pl_bsdpm.narc,148,62,,4868,4884,992,1008,16,976cbe9f2d2444eed9e4c8efd084ef4add83e8a34a771b6b897ebb677f5f3fbc,af00d800ac01cc0081000a0efb000000,,,,,False,,,,,,,,,,False,False
/battle/b_pl_stage/pl_bsdpm.narc,/battle/b_pl_stage/pl_bsdpm.narc!/member_00063,0,/battle/b_pl_stage/pl_bsdpm.narc,148,63,,4884,4900,1008,1024,16,ab8f503ab34b54eeb807da7944f1ec8bd98b587630dd2f2d1240a2cfb2a6ec0e,b1005e003a012901f800180ff8000000,,,,,False,,,,,,,,,,False,False
/battle/b_pl_stage/pl_bsdpm.narc,/battle/b_pl_stage/pl_bsdpm.narc!/member_00064,0,/battle/b_pl_stage/pl_bsdpm.narc,148,64,,4900,4916,1024,1040,16,5021453c6f6354147ee636ac9d9af7cb9c971a1f534a8c8dc000b124153ca85c,b30057002400b20067001813f2000000,,,,,False,,,,,,,,,,False,False
/battle/b_pl_stage/pl_bsdpm.narc,/battle/b_pl_stage/pl_bsdpm.narc!/member_00065,0,/battle/b_pl_stage/pl_bsdpm.narc,148,65,,4916,4932,1040,1056,16,ddef1793967fd5a0c817d4e8bd612ce239ae4a5cd1d7811cefb4880582967716,b70091013d00260088010a01f3000000,,,,,False,,,,,,,,,,False,False
/battle/b_pl_stage/pl_bsdpm.narc,/battle/b_pl_stage/pl_bsdpm.narc!/member_00066,0,/battle/b_pl_stage/pl_bsdpm.narc,148,66,,4932,4948,1056,1072,16,c18d4b0afe9def051996fd049f1afd1c42e88aceacdf264cc49b72d9c831e437,bb00920154018500ca000a0bef000000,,,,,False,,,,,,,,,,False,False
/battle/b_pl_stage/pl_bsdpm.narc,/battle/b_pl_stage/pl_bsdpm.narc!/member_00067,0,/battle/b_pl_stage/pl_bsdpm.narc,148,67,,4948,4964,1072,1088,16,da50b6a461dd96b5cf98dce898931dfa754f08e82f63a3803a08398259f0e442,bf009201f100130107010a0def000000,,,,,False,,,,,,,,,,False,False
/battle/b_pl_stage/pl_bsdpm.narc,/battle/b_pl_stage/pl_bsdpm.narc!/member_00068,0,/battle/b_pl_stage/pl_bsdpm.narc,148,68,,4964,4980,1088,1104,16,ec5ab85658dc2771bc3bc29fcefa4c9046ee1d0ccb6c5926705a8168a2e13b51,c20091013900850055012215f3000000,,,,,False,,,,,,,,,,False,False
/battle/b_pl_stage/pl_bsdpm.narc,/battle/b_pl_stage/pl_bsdpm.narc!/member_00069,0,/battle/b_pl_stage/pl_bsdpm.narc,148,69,,4980,4996,1104,1120,16,6e15867401cd2983eb534b4498d49784be287c5ec97dc8858366842af17c1c91,c900ed00000000000000090b9e000000,,,,,False,,,,,,,,,,False,False
/battle/b_pl_stage/pl_bsdpm.narc,/battle/b_pl_stage/pl_bsdpm.narc!/member_00070,0,/battle/b_pl_stage/pl_bsdpm.narc,148,70,,4996,5012,1120,1136,16,b3930445cd2fb3238bf485294ebbaa5a0c4821702126d7b274acd18c75d22be6,cc002a0007014e0181000607de000000,,,,,False,,,,,,,,,,False,False
/battle/b_pl_stage/pl_bsdpm.narc,/battle/b_pl_stage/pl_bsdpm.narc!/member_00071,0,/battle/b_pl_stage/pl_bsdpm.narc,148,71,,5012,5028,1136,1152,16,a1d6459bf1aedda08ec7c56e068629296d9fb208e6ce7ce2b75ba6ac8a6a181f,d100d800a801cc0007010a04fb000000,,,,,False,,,,,,,,,,False,False
/battle/b_pl_stage/pl_bsdpm.narc,/battle/b_pl_stage/pl_bsdpm.narc!/member_00072,0,/battle/b_pl_stage/pl_bsdpm.narc,148,72,,5028,5044,1152,1168,16,58a60dc7123c166281c7942be709780fe7993fbb522bc224168a94e960ad69fd,d800cc00a3004c0107010a0dfb000000,,,,,False,,,,,,,,,,False,False
/battle/b_pl_stage/pl_bsdpm.narc,/battle/b_pl_stage/pl_bsdpm.narc!/member_00073,0,/battle/b_pl_stage/pl_bsdpm.narc,148,73,,5044,5060,1168,1184,16,265119a1d70f3d9db52744944ebd3f144a8cd73b6ffa305974ef2565116a2bb2,da000101970085000701180bf9000000,,,,,False,,,,,,,,,,False,False
/battle/b_pl_stage/pl_bsdpm.narc,/battle/b_pl_stage/pl_bsdpm.narc!/member_00074,0,/battle/b_pl_stage/pl_bsdpm.narc,148,74,,5060,5076,1184,1200,16,47cdbd4eb93e08861fa33dc538322fe1fb35dc6c7591d0fb1e71e505efe5a246,dc003b009e01a401ae001211f6000000,,,,,False,,,,,,,,,,False,False
/battle/b_pl_stage/pl_bsdpm.narc,/battle/b_pl_stage/pl_bsdpm.narc!/member_00075,0,/battle/b_pl_stage/pl_bsdpm.narc,148,75,,5076,5092,1200,1216,16,d95ce3e75dd0f361dc56bdbec3d5dbd023d7f0f674a25bf5abb694c632d524a3,df00be003f0074006800180af3000000,,,,,False,,,,,,,,,,False,False
/battle/b_pl_stage/pl_bsdpm.narc,/battle/b_pl_stage/pl_bsdpm.narc!/member_00076,0,/battle/b_pl_stage/pl_bsdpm.narc,148,76,,5092,5108,1216,1232,16,6c460337e0278d3541debdf3376dbe11b1bce6f77c50eef9a80344f1368b4111,e100a401680008004c010a03f6000000,,,,,False,,,,,,,,,,False,False
/battle/b_pl_stage/pl_bsdpm.narc,/battle/b_pl_stage/pl_bsdpm.narc!/member_00077,0,/battle/b_pl_stage/pl_bsdpm.narc,148,77,,5108,5124,1232,1248,16,25cdd3bd2a6ba0a208f7e55730ff6a8ae965dfbd1be074b7186592b90de25562,e4008f013500a1018501180bf0000000,,,,,False,,,,,,,,,,False,False
/battle/b_pl_stage/pl_bsdpm.narc,/battle/b_pl_stage/pl_bsdpm.narc!/member_00078,0,/battle/b_pl_stage/pl_bsdpm.narc,148,78,,5124,5140,1248,1264,16,7b0f4b3bce186faac2ae1c0f21828a88e855aaf6452d171f282e2b75de76a70d,e70059009e010701cc000a0eed000000,,,,,False,,,,,,,,,,False,False
/battle/b_pl_stage/pl_bsdpm.narc,/battle/b_pl_stage/pl_bsdpm.narc!/member_00079,0,/battle/b_pl_stage/pl_bsdpm.narc,148,79,,5140,5156,1264,1280,16,30124a1fe1c5eb8214f77028550e25ceaba0dabc2db6f8ef792b8c02bf024834,eb0030019601a1016200180afb000000,,,,,False,,,,,,,,,,False,False
/battle/b_pl_stage/pl_bsdpm.narc,/battle/b_pl_stage/pl_bsdpm.narc!/member_00080,0,/battle/b_pl_stage/pl_bsdpm.narc,148,80,,5156,5172,1280,1296,16,b38eb1ce15c984f049ada1c5712503a8312d5dcbaba559f311104b487192030a,ec00b700c100530118010a03f1000000,,,,,False,,,,,,,,,,False,False
/battle/b_pl_stage/pl_bsdpm.narc,/battle/b_pl_stage/pl_bsdpm.narc!/member_00081,0,/battle/b_pl_stage/pl_bsdpm.narc,148,81,,5172,5188,1296,1312,16,90a2fa13ecf05929f64fbb6263337f057ad919db718d59093812dc2b41df5d71,ee003b005e00390108001810f6000000,,,,,False,,,,,,,,,,False,False
/battle/b_pl_stage/pl_bsdpm.narc,/battle/b_pl_stage/pl_bsdpm.narc!/member_00082,0,/battle/b_pl_stage/pl_bsdpm.narc,148,82,,5188,5204,1312,1328,16,eb907ce2dd26f2d30ade8f91f83b1e7ee4c00bb09c922e7e08f623b372914ede,f600bc015b0067009e010a01ee000000,,,,,False,,,,,,,,,,False,False
/battle/b_pl_stage/pl_bsdpm.narc,/battle/b_pl_stage/pl_bsdpm.narc!/member_00083,0,/battle/b_pl_stage/pl_bsdpm.narc,148,83,,5204,5220,1328,1344,16,be2e5b7bb43a8a1116a3fd92ab23ee397cd4f47df3897cb745fe3bd0a3fe116f,fc00b5013201620067000a0eef000000,,,,,False,,,,,,,,,,False,False
/battle/b_pl_stage/pl_bsdpm.narc,/battle/b_pl_stage/pl_bsdpm.narc!/member_00084,0,/battle/b_pl_stage/pl_bsdpm.narc,148,84,,5220,5236,1344,1360,16,75e0c8e9a36f30e29f9ac9aa096a04fceeb2fed0cb1a57d2743a47f889d3c846,ff0035006200a3000e000a0bf9000000,,,,,False,,,,,,,,,,False,False
/battle/b_pl_stage/pl_bsdpm.narc,/battle/b_pl_stage/pl_bsdpm.narc!/member_00085,0,/battle/b_pl_stage/pl_bsdpm.narc,148,85,,5236,5252,1360,1376,16,b5d7d48f473ee7fbee255665f01e62c56d772d17d58e6980d7a7d81538d8496b,02017f0007014600ae002202f3000000,,,,,False,,,,,,,,,,False,False
/battle/b_pl_stage/pl_bsdpm.narc,/battle/b_pl_stage/pl_bsdpm.narc!/member_00086,0,/battle/b_pl_stage/pl_bsdpm.narc,148,86,,5252,5268,1376,1392,16,361abdc1b5fc2b9261e3de60df0b69c2d12a7a12dd010791836d308802cfdabc,0501f2008f01da00b8000a0ef0000000,,,,,False,,,,,,,,,,False,False
/battle/b_pl_stage/pl_bsdpm.narc,/battle/b_pl_stage/pl_bsdpm.narc!/member_00087,0,/battle/b_pl_stage/pl_bsdpm.narc,148,87,,5268,5284,1392,1408,16,5a45b376e3e92026e67725e8b5e3efc519c3fa9f7a48598eb6f4d95773a1c3f6,0701bd001d00410107010a0dfb000000,,,,,False,,,,,,,,,,False,False
/battle/b_pl_stage/pl_bsdpm.narc,/battle/b_pl_stage/pl_bsdpm.narc!/member_00088,0,/battle/b_pl_stage/pl_bsdpm.narc,148,88,,5284,5300,1408,1424,16,6f9de1284c1588307b07380859e97765f1049781218fc87b2845732603c7c524,090121005100c20100000a0dde000000,,,,,False,,,,,,,,,,False,False
/battle/b_pl_stage/pl_bsdpm.narc,/battle/b_pl_stage/pl_bsdpm.narc!/member_00089,0,/battle/b_pl_stage/pl_bsdpm.narc,148,89,,5300,5316,1424,1440,16,5ee4de90b543673a068a705b115b1ef59de9cbfe8bfc5bdc1f67947fbfa6a37a,0a0121005100c2014e012408de000000,,,,,False,,,,,,,,,,False,False
/battle/b_pl_stage/pl_bsdpm.narc,/battle/b_pl_stage/pl_bsdpm.narc!/member_00090,0,/battle/b_pl_stage/pl_bsdpm.narc,148,90,,5316,5332,1440,1456,16,592540f530c43268741a1391dee44131f79cc3e509556c7a16fd5280bf5310b7,0c0121005100c2014e012408de000000,,,,,False,,,,,,,,,,False,False
/battle/b_pl_stage/pl_bsdpm.narc,/battle/b_pl_stage/pl_bsdpm.narc!/member_00091,0,/battle/b_pl_stage/pl_bsdpm.narc,148,91,,5332,5348,1456,1472,16,dcbf0d13d66b9828c20ae73186bbd04d89414530dffacc9abd6ff3becc1bb9cb,0e019c013d004b00f000180bef000000,,,,,False,,,,,,,,,,False,False
/battle/b_pl_stage/pl_bsdpm.narc,/battle/b_pl_stage/pl_bsdpm.narc!/member_00092,0,/battle/b_pl_stage/pl_bsdpm.narc,148,92,,5348,5364,1472,1488,16,392df8f27460ad25cebf6212cf4478c0c516b1cc9e2d540f3dda2a7d2d2a5eab,11019201a101da009c013011ef000000,,Nintendo LZ11,Probable,,True,Nintendo LZ11,Probable,True,102913,False,,,,,False,False
/battle/b_pl_stage/pl_bsdpm.narc,/battle/b_pl_stage/pl_bsdpm.narc!/member_00093,0,/battle/b_pl_stage/pl_bsdpm.narc,148,93,,5364,5380,1488,1504,16,adee79e3b5706f75373ee33d46eae68d414c59f9a1335513c0f8cc8a5b63c757,14019d019301620068000a01f4000000,,,,,False,,,,,,,,,,False,False
/battle/b_pl_stage/pl_bsdpm.narc,/battle/b_pl_stage/pl_bsdpm.narc!/member_00094,0,/battle/b_pl_stage/pl_bsdpm.narc,148,94,,5380,5396,1504,1520,16,c60414c309315a765f13fae1b0ee7681eed3acb85fed4a00d8aa654597b20c61,16016a01930188016100090af4000000,,,,,False,,,,,,,,,,False,False
/battle/b_pl_stage/pl_bsdpm.narc,/battle/b_pl_stage/pl_bsdpm.narc!/member_00095,0,/battle/b_pl_stage/pl_bsdpm.narc,148,95,,5396,5412,1520,1536,16,e698841d74eb5b34829d2e8565ea46e4578cb1878e5080208fb9e4c43f044932,18015e000701cc00f8003010f8000000,,,,,False,,,,,,,,,,False,False
/battle/b_pl_stage/pl_bsdpm.narc,/battle/b_pl_stage/pl_bsdpm.narc!/member_00096,0,/battle/b_pl_stage/pl_bsdpm.narc,148,96,,5412,5428,1536,1552,16,65f1a4aa82e5520d4796a0329a5b4dc3ac21517448b7623fb1802ab742bcdf04,19015e0007015b01f8001813f8000000,,,,,False,,,,,,,,,,False,False
/battle/b_pl_stage/pl_bsdpm.narc,/battle/b_pl_stage/pl_bsdpm.narc!/member_00097,0,/battle/b_pl_stage/pl_bsdpm.narc,148,97,,5428,5444,1552,1568,16,ea71a478553878ffe33a13bbe460da5337a0458c5c7874f567024457bb6b3053,1b0144013d006100c2011810de000000,,,,,False,,,,,,,,,,False,False
/battle/b_pl_stage/pl_bsdpm.narc,/battle/b_pl_stage/pl_bsdpm.narc!/member_00098,0,/battle/b_pl_stage/pl_bsdpm.narc,148,98,,5444,5460,1568,1584,16,1dea38f4e876226213861161a88e25164acdf6b860817b8d07d46a6821c46e27,1d0192011d00cc00ca001413ef000000,,,,,False,,,,,,,,,,False,False
/battle/b_pl_stage/pl_bsdpm.narc,/battle/b_pl_stage/pl_bsdpm.narc!/member_00099,0,/battle/b_pl_stage/pl_bsdpm.narc,148,99,,5460,5476,1584,1600,16,a56ebc4bde49611f80b47ce3b706a7d38d8a0d971737908c3e9c8f8b6cc1eeed,1f01070190015301a3000a03fb000000,,,,,False,,,,,,,,,,False,False
/battle/b_pl_stage/pl_bsdpm.narc,/battle/b_pl_stage/pl_bsdpm.narc!/member_00100,0,/battle/b_pl_stage/pl_bsdpm.narc,148,100,,5476,5492,1600,1616,16,7c862a954da2c8334c34dc6e3fa1ba90955064dd6b295e78af1db83de8a737b3,220194015b00bd003e010a0bde000000,,,,,False,,,,,,,,,,False,False
/battle/b_pl_stage/pl_bsdpm.narc,/battle/b_pl_stage/pl_bsdpm.narc!/member_00101,0,/battle/b_pl_stage/pl_bsdpm.narc,148,101,,5492,5508,1616,1632,16,db20fb0a6b6f58b7a8ec18ac9b776833d206a01869c73c2587e61dbb0bee604a,24019401a501a90168000a03de000000,,,,,True,Nintendo Huffman 4-bit,Probable,False,103425,,,,,,False,False
/battle/b_pl_stage/pl_bsdpm.narc,/battle/b_pl_stage/pl_bsdpm.narc!/member_00102,0,/battle/b_pl_stage/pl_bsdpm.narc,148,102,,5508,5524,1632,1648,16,bb4f7431d0a65f83c11d2b48e339160a6058a74e0fc9a4f6fdd2d05ec78cc052,250130014601670007010a04fb000000,,,,,False,,,,,,,,,,False,False
/battle/b_pl_stage/pl_bsdpm.narc,/battle/b_pl_stage/pl_bsdpm.narc!/member_00103,0,/battle/b_pl_stage/pl_bsdpm.narc,148,103,,5524,5540,1648,1664,16,32a37a33e806468af86cd19a5f1535be40fe6e947e498f1cda5c94cc1f9e378e,28017201c100530145000303f1000000,,,,,True,Nintendo Huffman 8-bit,Probable,False,94721,,,,,,False,False
/battle/b_pl_stage/pl_bsdpm.narc,/battle/b_pl_stage/pl_bsdpm.narc!/member_00104,0,/battle/b_pl_stage/pl_bsdpm.narc,148,104,,5540,5556,1664,1680,16,585ce9faa1789abd5f96224995d50f840a0020bfda9ae83d93af824ab18d7953,2a017f00cc00d80027001810fb000000,,,,,False,,,,,,,,,,False,False
/battle/b_pl_stage/pl_bsdpm.narc,/battle/b_pl_stage/pl_bsdpm.narc!/member_00105,0,/battle/b_pl_stage/pl_bsdpm.narc,148,105,,5556,5572,1680,1696,16,873b9759eee7894a983f386606c9cb7a2d93cb39de7c6fc447d09451ff557be9,2c01d800e700cc00fc000a0dfb000000,,,,,False,,,,,,,,,,False,False
/battle/b_pl_stage/pl_bsdpm.narc,/battle/b_pl_stage/pl_bsdpm.narc!/member_00106,0,/battle/b_pl_stage/pl_bsdpm.narc,148,106,,5572,5588,1696,1712,16,570ab3e287c4bce1c24fb3bbfc7743443d776475f74dfb2f2fb2f0d59e2fdd36,3001ba014e019d0067000603e9000000,,Nintendo RLE,Probable,,True,Nintendo RLE,Probable,False,113153,,,,,,False,False
/battle/b_pl_stage/pl_bsdpm.narc,/battle/b_pl_stage/pl_bsdpm.narc!/member_00107,0,/battle/b_pl_stage/pl_bsdpm.narc,148,107,,5588,5604,1712,1728,16,e9e30eeb9e4f0decf6bce440235d8c24440251dc35299453a282bb6d1e20231c,33019a015e005b0169001813f1000000,,,,,False,,,,,,,,,,False,False
/battle/b_pl_stage/pl_bsdpm.narc,/battle/b_pl_stage/pl_bsdpm.narc!/member_00108,0,/battle/b_pl_stage/pl_bsdpm.narc,148,108,,5604,5620,1728,1744,16,8dd322cc2a3e15a68a201c4c65cccc61bd590c122db0317695ee6ba50d1016d8,3501570081006200a6011813f2000000,,,,,False,,,,,,,,,,False,False
/battle/b_pl_stage/pl_bsdpm.narc,/battle/b_pl_stage/pl_bsdpm.narc!/member_00109,0,/battle/b_pl_stage/pl_bsdpm.narc,148,109,,5620,5636,1744,1760,16,4c286c568248c4502f3d44d735591819210f80ad013fc27bf8410c2826eeb16a,3c01b9018500da0097000302f5000000,,,,,False,,,,,,,,,,False,False
/battle/b_pl_stage/pl_bsdpm.narc,/battle/b_pl_stage/pl_bsdpm.narc!/member_00110,0,/battle/b_pl_stage/pl_bsdpm.narc,148,110,,5636,5652,1760,1776,16,9bb59f7ed1c1bdbbdc9a6c263c1a0158df5fe4bb947127b7c7fe28e049af8e22,3e01f200c50167007f000a03f3000000,,,,,False,,,,,,,,,,False,False
/battle/b_pl_stage/pl_bsdpm.narc,/battle/b_pl_stage/pl_bsdpm.narc!/member_00111,0,/battle/b_pl_stage/pl_bsdpm.narc,148,111,,5652,5668,1776,1792,16,2b6dd9193cacd789502c12425f570f524ba1fcb1c72630cc0e8b796a833f9d6a,420101019e0185005b001810f9000000,,,,,False,,,,,,,,,,False,False
/battle/b_pl_stage/pl_bsdpm.narc,/battle/b_pl_stage/pl_bsdpm.narc!/member_00112,0,/battle/b_pl_stage/pl_bsdpm.narc,148,112,,5668,5684,1792,1808,16,4a55afdff56d8ff586058830744fb31c128a5158435c95264c8fba58c7b4d7f9,45014601950007015b01180bf8000000,,,,,False,,,,,,,,,,False,False
/battle/b_pl_stage/pl_bsdpm.narc,/battle/b_pl_stage/pl_bsdpm.narc!/member_00113,0,/battle/b_pl_stage/pl_bsdpm.narc,148,113,,5684,5700,1808,1824,16,1abd7d7f986922d4d15713b4e023e04d06f6408b3bdd3f91132e1d82bff6f73a,480159006200460068000a0ded000000,,,,,False,,,,,,,,,,False,False
/battle/b_pl_stage/pl_bsdpm.narc,/battle/b_pl_stage/pl_bsdpm.narc!/member_00114,0,/battle/b_pl_stage/pl_bsdpm.narc,148,114,,5700,5716,1824,1840,16,fe54c7c0e390177e3e5f29befae66c80d536e5398e623b8f9cc0138436568481,4b012e01c900ca00da000a0bef000000,,,,,False,,,,,,,,,,False,False
/battle/b_pl_stage/pl_bsdpm.narc,/battle/b_pl_stage/pl_bsdpm.narc!/member_00115,0,/battle/b_pl_stage/pl_bsdpm.narc,148,115,,5716,5732,1840,1856,16,491d270f8ae6a677561e942e45777c8ec462f3c96c33ba281b4c0d50c756c728,4d014c012901d80063010a01f4000000,,,,,False,,,,,,,,,,False,False
/battle/b_pl_stage/pl_bsdpm.narc,/battle/b_pl_stage/pl_bsdpm.narc!/member_00116,0,/battle/b_pl_stage/pl_bsdpm.narc,148,116,,5732,5748,1856,1872,16,475c6b7fae527dd4805e7dd23e808c00ee9cef2d24b96569251085226de2070c,53019e019101850038001810f3000000,,,,,False,,,,,,,,,,False,False
/battle/b_pl_stage/pl_bsdpm.narc,/battle/b_pl_stage/pl_bsdpm.narc!/member_00117,0,/battle/b_pl_stage/pl_bsdpm.narc,148,117,,5748,5764,1872,1888,16,d130ac23247f04a9e582f73ca232303292a91d1efd19d79134453a5d96445377,550198000e0046004e010a0df3000000,,,,,False,,,,,,,,,,False,False
/battle/b_pl_stage/pl_bsdpm.narc,/battle/b_pl_stage/pl_bsdpm.narc!/member_00118,0,/battle/b_pl_stage/pl_bsdpm.narc,148,118,,5764,5780,1888,1904,16,2e77e7206b184233f7ecbdab0980272a81b2e74cf9a9a86b4d3ed7f0bdd39b43,57019e0142015e0059001810ed000000,,,,,False,,,,,,,,,,False,False
/battle/b_pl_stage/pl_bsdpm.narc,/battle/b_pl_stage/pl_bsdpm.narc!/member_00119,0,/battle/b_pl_stage/pl_bsdpm.narc,148,119,,5780,5796,1904,1920,16,c0cd6fec58c138fb79690db836cf11b54457cb3b6488bd1b7785f560513e1443,5d017f0007014101af000a03f3000000,,,,,False,,,,,,,,,,False,False
/battle/b_pl_stage/pl_bsdpm.narc,/battle/b_pl_stage/pl_bsdpm.narc!/member_00120,0,/battle/b_pl_stage/pl_bsdpm.narc,148,120,,5796,5812,1920,1936,16,ba8416f3695ec7737ae92927fecc79bce7e73c996c20a85b25c6ad0db97d2d38,6101a901da00680067000a0df7000000,,,,,False,,,,,,,,,,False,False
/battle/b_pl_stage/pl_bsdpm.narc,/battle/b_pl_stage/pl_bsdpm.narc!/member_00121,0,/battle/b_pl_stage/pl_bsdpm.narc,148,121,,5812,5828,1936,1952,16,f6d37afaf65303b1e21f22c4d82b7535c1a7c3d3d42ffcd7b526bdcf34f2d755,6301da00f700680065003010f7000000,,,,,False,,,,,,,,,,False,False
/battle/b_pl_stage/pl_bsdpm.narc,/battle/b_pl_stage/pl_bsdpm.narc!/member_00122,0,/battle/b_pl_stage/pl_bsdpm.narc,148,122,,5828,5844,1952,1968,16,22d3905f2ebf7d9cb511b06a2e0876b77ff9f97bec7a0e6765ffc19097472e5a,68014400f300db00cc0024059e000000,,,,,False,,,,,,,,,,False,False
/battle/b_pl_stage/pl_bsdpm.narc,/battle/b_pl_stage/pl_bsdpm.narc!/member_00123,0,/battle/b_pl_stage/pl_bsdpm.narc,148,123,,5844,5860,1968,1984,16,af12119c7c0b4b546d7bbb209d1a2f675a7b2f803d6388723e31c1e9cdd524a1,6901a301a401da0002010602f6000000,,,,,False,,,,,,,,,,False,False
/battle/b_pl_stage/pl_bsdpm.narc,/battle/b_pl_stage/pl_bsdpm.narc!/member_00124,0,/battle/b_pl_stage/pl_bsdpm.narc,148,124,,5860,5876,1984,2000,16,167ff92bdab40ac86e2c7db1433c51a44de9f7175494fcf7d1fa3601de59699b,6b013b002d017f0002011813f6000000,,,,,False,,,,,,,,,,False,False
/battle/b_pl_stage/pl_bsdpm.narc,/battle/b_pl_stage/pl_bsdpm.narc!/member_00125,0,/battle/b_pl_stage/pl_bsdpm.narc,148,125,,5876,5892,2000,2016,16,ade2e24e7081f12b4db715888422e4aae3f7991c23b9240f02f0f03d1013b086,720188012301d8006a010a01f3000000,,,,,False,,,,,,,,,,False,False
/battle/b_pl_stage/pl_bsdpm.narc,/battle/b_pl_stage/pl_bsdpm.narc!/member_00126,0,/battle/b_pl_stage/pl_bsdpm.narc,148,126,,5892,5908,2016,2032,16,ea4590f1aef8613323588e4e1b35cccc07d3d24d0fdfc6b054c4234d0c14b0ad,73011d005d01510152000a0dfa000000,,,,,False,,,,,,,,,,False,False
/battle/b_pl_stage/pl_bsdpm.narc,/battle/b_pl_stage/pl_bsdpm.narc!/member_00127,0,/battle/b_pl_stage/pl_bsdpm.narc,148,127,,5908,5924,2032,2048,16,0dd15b56b97e58897a69337b69e0f20957ce90e5e4bb12f06165a50337ea3804,7601ba01ac014e0100000a03e9000000,,,,,False,,,,,,,,,,False,False
/battle/b_pl_stage/pl_bsdpm.narc,/battle/b_pl_stage/pl_bsdpm.narc!/member_00128,0,/battle/b_pl_stage/pl_bsdpm.narc,148,128,,5924,5940,2048,2064,16,c498d7e75e01eb8b089e63a970f30f24e308317d50f60b6332476e5d0311c1ee,830192014600410148000301ef000000,,,,,False,,,,,,,,,,False,False
/battle/b_pl_stage/pl_bsdpm.narc,/battle/b_pl_stage/pl_bsdpm.narc!/member_00129,0,/battle/b_pl_stage/pl_bsdpm.narc,148,129,,5940,5956,2064,2080,16,be10203498f0aa55bd08fe116799b6ff231c57b5f6d504d57fcee64f14e78fae,8601af01a101ac000e001210f9000000,,,,,False,,,,,,,,,,False,False
/battle/b_pl_stage/pl_bsdpm.narc,/battle/b_pl_stage/pl_bsdpm.narc!/member_00130,0,/battle/b_pl_stage/pl_bsdpm.narc,148,130,,5956,5972,2080,2096,16,52bbc36f8b334215a3ca352bf0197ed1b1af3b77dab26794a1ebc2c9d567e3ae,890138002d006a0107011810f3000000,,,,,False,,,,,,,,,,False,False
/battle/b_pl_stage/pl_bsdpm.narc,/battle/b_pl_stage/pl_bsdpm.narc!/member_00131,0,/battle/b_pl_stage/pl_bsdpm.narc,148,131,,5972,5988,2096,2112,16,f64e68a9ee388f7eb35a9bde1434c6de04f63db758004f5b5740a6d8e70e0529,8c019d01290162004c010a03f4000000,,,,,False,,,,,,,,,,False,False
/battle/b_pl_stage/pl_bsdpm.narc,/battle/b_pl_stage/pl_bsdpm.narc!/member_00132,0,/battle/b_pl_stage/pl_bsdpm.narc,148,132,,5988,6004,2112,2128,16,c002d16f0736aa50c41058eaa189f67828e25f7b8c5393525ed82b51af4bd7db,8f019e00910162006f000a08fb000000,,,,,False,,,,,,,,,,False,False
/battle/b_pl_stage/pl_bsdpm.narc,/battle/b_pl_stage/pl_bsdpm.narc!/member_00133,0,/battle/b_pl_stage/pl_bsdpm.narc,148,133,,6004,6020,2128,2144,16,fb33a9f57e4804bcb77893d4c71bac2cb647957fee840e4c3c2fff1f61d45bec,9101c20175002d001b012408de000000,,,,,False,,,,,,,,,,False,False
/battle/b_pl_stage/pl_bsdpm.narc,/battle/b_pl_stage/pl_bsdpm.narc!/member_00134,0,/battle/b_pl_stage/pl_bsdpm.narc,148,134,,6020,6036,2144,2160,16,9d5709793568e3845ab6ac1eb7e0c22d45040e4a028a9d93888e3e7391741265,93016200b8005700a6011204f2000000,,,,,False,,,,,,,,,,False,False
/battle/b_pl_stage/pl_bsdpm.narc,/battle/b_pl_stage/pl_bsdpm.narc!/member_00135,0,/battle/b_pl_stage/pl_bsdpm.narc,148,135,,6036,6052,2160,2176,16,1266ceda0467de37a3e345680fafe7b10e928769b7ee90054cd20436ffa06dbc,96014b00bc00b6009c013011ef000000,,,,,False,,,,,,,,,,False,False
/battle/b_pl_stage/pl_bsdpm.narc,/battle/b_pl_stage/pl_bsdpm.narc!/member_00136,0,/battle/b_pl_stage/pl_bsdpm.narc,148,136,,6052,6068,2176,2192,16,d7ec6abd638d2e864e63ad52fd0f6be2a8f08d4a5d9628558c2eafcab8760953,9c012100c201000000000a03de000000,,,,,False,,,,,,,,,,False,False
/battle/b_pl_stage/pl_bsdpm.narc,/battle/b_pl_stage/pl_bsdpm.narc!/member_00137,0,/battle/b_pl_stage/pl_bsdpm.narc,148,137,,6068,6084,2192,2208,16,3b0badc67fc7db3b17b852ac37699b30f53989a48b9dcb06726fffab8b59c903,9f01c2011000000000000a04de000000,,,,,False,,,,,,,,,,False,False
/battle/b_pl_stage/pl_bsdpm.narc,/battle/b_pl_stage/pl_bsdpm.narc!/member_00138,0,/battle/b_pl_stage/pl_bsdpm.narc,148,138,,6084,6100,2208,2224,16,4b8019f1fbf960f1e5fcb9080bd6161316f6f8a226f3a8ef081b37d465f46218,a201c501810061007f000a0bf3000000,,,,,False,,,,,,,,,,False,False
/battle/b_pl_stage/pl_bsdpm.narc,/battle/b_pl_stage/pl_bsdpm.narc!/member_00139,0,/battle/b_pl_stage/pl_bsdpm.narc,148,139,,6100,6116,2224,2240,16,68755a1c410c3661396af8f5d2e4ead84d13cc797f120980dc6c2d1da6cc73ed,a4014b0059014101d8000a04ef000000,,,,,False,,,,,,,,,,False,False
/battle/b_pl_stage/pl_bsdpm.narc,/battle/b_pl_stage/pl_bsdpm.narc!/member_00140,0,/battle/b_pl_stage/pl_bsdpm.narc,148,140,,6116,6132,2240,2256,16,993a79ec0c423cac4c8f94804dab555fe774f047fd73e9d6b6f515ca84414006,a6016a010701850069002115f3000000,,,,,False,,,,,,,,,,False,False
/battle/b_pl_stage/pl_bsdpm.narc,/battle/b_pl_stage/pl_bsdpm.narc!/member_00141,0,/battle/b_pl_stage/pl_bsdpm.narc,148,141,,6132,6148,2256,2272,16,948efbbb17baf307a6b833c6ee52f6c1cc9f5c5a6317e4f26333ee2f8f634885,af01a30071016200cc000a03fb000000,,,,,False,,,,,,,,,,False,False
/battle/b_pl_stage/pl_bsdpm.narc,/battle/b_pl_stage/pl_bsdpm.narc!/member_00142,0,/battle/b_pl_stage/pl_bsdpm.narc,148,142,,6148,6164,2272,2288,16,e7a566b26c0decfcb079bb022c20b35b8e785c230f7c63723b4f954fd4a4b34f,b1015e002d006900fd00180ff8000000,,,,,False,,,,,,,,,,False,False
/battle/b_pl_stage/pl_bsdpm.narc,/battle/b_pl_stage/pl_bsdpm.narc!/member_00143,0,/battle/b_pl_stage/pl_bsdpm.narc,148,143,,6164,6180,2288,2304,16,b14fab14d95a8ecaaa25dff1c637ac17187a578d38145ca8f8dc8f379c9fcc10,b201bc008f01b8006c00180ff5000000,,,,,False,,,,,,,,,,False,False
/battle/b_pl_stage/pl_bsdpm.narc,/battle/b_pl_stage/pl_bsdpm.narc!/member_00144,0,/battle/b_pl_stage/pl_bsdpm.narc,148,144,,6180,6196,2304,2320,16,e71ffe45d29478737da3f8783c11bfb006ec081d66257f6e3876932292f1154b,b401ae0146014e0168011411e9000000,,,,,False,,,,,,,,,,False,False
/battle/b_pl_stage/pl_bsdpm.narc,/battle/b_pl_stage/pl_bsdpm.narc!/member_00145,0,/battle/b_pl_stage/pl_bsdpm.narc,148,145,,6196,6212,2320,2336,16,3eae7d1c249677f7da1a1071e6ce92f06c6b946d0a4a25be77c87bd8775d63c7,b60126009d00af00c9000a0dee000000,,,,,False,,,,,,,,,,False,False
/battle/b_pl_stage/pl_bsdpm.narc,/battle/b_pl_stage/pl_bsdpm.narc!/member_00146,0,/battle/b_pl_stage/pl_bsdpm.narc,148,146,,6212,6228,2336,2352,16,b72e2c9276a2b7006e5eb18ec05f867b07f059339079a3c0f3eb18112f476a0e,b7015e0007017000f8002414f8000000,,,,,False,,,,,,,,,,False,False
/battle/b_pl_stage/pl_bsdpm.narc,/battle/b_pl_stage/pl_bsdpm.narc!/member_00147,0,/battle/b_pl_stage/pl_bsdpm.narc,148,147,,6228,6244,2352,2368,16,5976abc32783f80647ad60ce3641d279ff872f376ae5a3efc166fa7da1de5b24,b801d800bf01cc0068000509fb000000,,,,,False,,,,,,,,,,False,False
/battle/b_pl_stage/pl_bsdpm.narc,/battle/b_pl_stage/pl_bsdpm.narc!/member_00148,0,/battle/b_pl_stage/pl_bsdpm.narc,148,148,,6244,6260,2368,2384,16,02752a61659d86826677d224185989b6dee019e048a28efc7ca78735cdcae1ff,bb0151015b005200b8000a03fa000000,,,,,False,,,,,,,,,,False,False
/battle/b_pl_stage/pl_bsdpm.narc,/battle/b_pl_stage/pl_bsdpm.narc!/member_00149,0,/battle/b_pl_stage/pl_bsdpm.narc,148,149,,6260,6276,2384,2400,16,88f085516a07e5c63a8e10d5fa32363ba430607b303c10dfb937155c9233df17,bf01620043006700c1000a0df1000000,,,,,False,,,,,,,,,,False,False
/battle/b_pl_stage/pl_bsdpm.narc,/battle/b_pl_stage/pl_bsdpm.narc!/member_00150,0,/battle/b_pl_stage/pl_bsdpm.narc,148,150,,6276,6292,2400,2416,16,1987d0795782902626836b80736f928a608355403fccd458847e196188a946e4,c10148012600bd002f012417ed000000,,,,,False,,,,,,,,,,False,False
/battle/b_pl_stage/pl_bsdpm.narc,/battle/b_pl_stage/pl_bsdpm.narc!/member_00151,0,/battle/b_pl_stage/pl_bsdpm.narc,148,151,,6292,6308,2416,2432,16,82e971d690b8472beb1a6fbf8e5927cdb91af7b72e2320b88dada6b08efc307b,c301b801c2016700b8000a0dde000000,,,,,False,,,,,,,,,,False,False
/battle/b_pl_stage/pl_bsdpm.narc,/battle/b_pl_stage/pl_bsdpm.narc!/member_00152,0,/battle/b_pl_stage/pl_bsdpm.narc,148,152,,6308,6324,2432,2448,16,3009955e5d9badd1685fad549b347e62fb67cabf2aa20b3c873d2433b4a9f3c5,c501a1019a01bc006800180ff1000000,,,,,False,,,,,,,,,,False,False
/battle/b_pl_stage/pl_bsdpm.narc,/battle/b_pl_stage/pl_bsdpm.narc!/member_00153,0,/battle/b_pl_stage/pl_bsdpm.narc,148,153,,6324,6340,2448,2464,16,3c2564424adbfeb2b4e4719c7dbdaf25c2f1b778ccef419adbd8fa333210ab5e,c80188016a01d80023012115f3000000,,,,,False,,,,,,,,,,False,False
/battle/b_pl_stage/pl_bsdpm.narc,/battle/b_pl_stage/pl_bsdpm.narc!/member_00154,0,/battle/b_pl_stage/pl_bsdpm.narc,148,154,,6340,6356,2464,2480,16,c3126163c060be2f6170e327ce42e0edc2320fb47cb231fd08a544dc1a05743d,cb01c401a3011301ca000302f6000000,,,,,False,,,,,,,,,,False,False
/battle/b_pl_stage/pl_bsdpm.narc,/battle/b_pl_stage/pl_bsdpm.narc!/member_00155,0,/battle/b_pl_stage/pl_bsdpm.narc,148,155,,6356,6372,2480,2496,16,f2aa208b8648c16fd4aeacd58aeca3db9eaa55030b3cc4c0cff00afb094c1493,0200bc00ca004d00b6002405ef000000,,,,,False,,,,,,,,,,False,False
/battle/b_pl_stage/pl_bsdpm.narc,/battle/b_pl_stage/pl_bsdpm.narc!/member_00156,0,/battle/b_pl_stage/pl_bsdpm.narc,148,156,,6372,6388,2496,2512,16,bf1fe7c3379bb7dd3470e226b280f0f7cdccb41e8287dbc0f67e8d89f7c2b619,050005018a01b600a3000a0bf9000000,,,,,False,,,,,,,,,,False,False
/battle/b_pl_stage/pl_bsdpm.narc,/battle/b_pl_stage/pl_bsdpm.narc!/member_00157,0,/battle/b_pl_stage/pl_bsdpm.narc,148,157,,6388,6404,2512,2528,16,ccc3d7df1377d117187cff1e8bf52c130e535842d46c18e1ad0a449ac954299c,08006001b600880107012414f3000000,,,,,False,,,,,,,,,,False,False
/battle/b_pl_stage/pl_bsdpm.narc,/battle/b_pl_stage/pl_bsdpm.narc!/member_00158,0,/battle/b_pl_stage/pl_bsdpm.narc,148,158,,6404,6420,2528,2544,16,f42191601973752fa662152d49c0879c1fd2b5fcc9680ac16210a04b47a7f3de,0c003e014f003a016800180ade000000,,,,,False,,,,,,,,,,False,False
/battle/b_pl_stage/pl_bsdpm.narc,/battle/b_pl_stage/pl_bsdpm.narc!/member_00159,0,/battle/b_pl_stage/pl_bsdpm.narc,148,159,,6420,6436,2544,2560,16,a4222af979394eb394fce540cf961472beb850d34b4f927efe2afb7e6520e3cd,0f008e015c00c20168000a0dde000000,,,,,False,,,,,,,,,,False,False
/battle/b_pl_stage/pl_bsdpm.narc,/battle/b_pl_stage/pl_bsdpm.narc!/member_00160,0,/battle/b_pl_stage/pl_bsdpm.narc,148,160,,6436,6452,2560,2576,16,e59975b7a52018c699a3879d3ef8870473e334e5e21b3ed899f89aaf269a505f,110062001c0068004c010a03f4000000,,Nintendo LZ11,Probable,,True,Nintendo LZ11,Probable,True,25088,False,,,,,False,False
/battle/b_pl_stage/pl_bsdpm.narc,/battle/b_pl_stage/pl_bsdpm.narc!/member_00161,0,/battle/b_pl_stage/pl_bsdpm.narc,148,161,,6452,6468,2576,2592,16,f5756451f95629ea041ddb71c4d87ca52cbceaaffceffabb00b9d40edb4eeef0,1400a2001b01ac0062000a0de6000000,,,,,False,,,,,,,,,,False,False
/battle/b_pl_stage/pl_bsdpm.narc,/battle/b_pl_stage/pl_bsdpm.narc!/member_00162,0,/battle/b_pl_stage/pl_bsdpm.narc,148,162,,6468,6484,2592,2608,16,bcf2e0a4e1bbcdf3f563d279acc45661ee1946f72e9ad4167020eb119558eccf,18008900b901460067000a0df5000000,,,,,False,,,,,,,,,,False,False
/battle/b_pl_stage/pl_bsdpm.narc,/battle/b_pl_stage/pl_bsdpm.narc!/member_00163,0,/battle/b_pl_stage/pl_bsdpm.narc,148,163,,6484,6500,2608,2624,16,3812d52d31db63d92cd68251d52c7aaef4ad8ea15ce1f9303203f326ba2db755,1e003101d500d800bd010a03f5000000,,,,,False,,,,,,,,,,False,False
/battle/b_pl_stage/pl_bsdpm.narc,/battle/b_pl_stage/pl_bsdpm.narc!/member_00164,0,/battle/b_pl_stage/pl_bsdpm.narc,148,164,,6500,6516,2624,2640,16,cc52cc401e3e336c01cbb74df239d6d0e6486b365648507077fe03c8165317de,21008e01d500da00bd010a03f5000000,,,,,False,,,,,,,,,,False,False
/battle/b_pl_stage/pl_bsdpm.narc,/battle/b_pl_stage/pl_bsdpm.narc!/member_00165,0,/battle/b_pl_stage/pl_bsdpm.narc,148,165,,6516,6532,2640,2656,16,d9324fbb661e1bd852108c741935dcff0c2d02cb707676379fd81a3f88d5532e,28002f003001c4003901140ffb000000,,,,,True,Nintendo Huffman 8-bit,Probable,False,12032,,,,,,False,False
/battle/b_pl_stage/pl_bsdpm.narc,/battle/b_pl_stage/pl_bsdpm.narc!/member_00166,0,/battle/b_pl_stage/pl_bsdpm.narc,148,166,,6532,6548,2656,2672,16,7237119fc5a4c19f45ac1f480af2c40ded573929ec338e5e00834369d1eb0021,2c004d00ca009c01bc00180fef000000,,,,,False,,,,,,,,,,False,False
/battle/b_pl_stage/pl_bsdpm.narc,/battle/b_pl_stage/pl_bsdpm.narc!/member_00167,0,/battle/b_pl_stage/pl_bsdpm.narc,148,167,,6548,6564,2672,2688,16,f0b973e194de1c51c0d20e4371b4a2633dffc92ef42b5ca2fe6b63317451e8d5,2f0094019300ca0068000a0bde000000,,,,,False,,,,,,,,,,False,False
/battle/b_pl_stage/pl_bsdpm.narc,/battle/b_pl_stage/pl_bsdpm.narc!/member_00168,0,/battle/b_pl_stage/pl_bsdpm.narc,148,168,,6564,6580,2688,2704,16,f38e8ed7a0fad4b1beceeeec36efbe30d0da1936724e8d417bc4509a451c2c0c,33005900a300c900bd000a0ded000000,,,,,False,,,,,,,,,,False,False
/battle/b_pl_stage/pl_bsdpm.narc,/battle/b_pl_stage/pl_bsdpm.narc!/member_00169,0,/battle/b_pl_stage/pl_bsdpm.narc,148,169,,6580,6596,2704,2720,16,863e6d797f12fdadf0fb540670c09e21a29ac6b1995ca76cb9f3a05f2c5490a8,3a008a01d8000501ac000a03f9000000,,,,,False,,,,,,,,,,False,False
/battle/b_pl_stage/pl_bsdpm.narc,/battle/b_pl_stage/pl_bsdpm.narc!/member_00170,0,/battle/b_pl_stage/pl_bsdpm.narc,148,170,,6596,6612,2720,2736,16,e55ee6a1fa7ac05fc0812c12395fe30432da31ccc3cd17c71ad802fb70926fc2,3d007f0022003d0068000a01f3000000,,,,,False,,,,,,,,,,False,False
/battle/b_pl_stage/pl_bsdpm.narc,/battle/b_pl_stage/pl_bsdpm.narc!/member_00171,0,/battle/b_pl_stage/pl_bsdpm.narc,148,171,,6612,6628,2736,2752,16,b3724931e282a1d7a29a3e4845578ddb2ad48ec0a1baaed58cbca9ee1c12d56c,40005e0007015b0156001813f8000000,,,,,False,,,,,,,,,,False,False
/battle/b_pl_stage/pl_bsdpm.narc,/battle/b_pl_stage/pl_bsdpm.narc!/member_00172,0,/battle/b_pl_stage/pl_bsdpm.narc,148,172,,6628,6644,2752,2768,16,18f0438e03778706417e6223a2047a23806fe1e27acc5d622693854160a0f391,4300ee000700530171000a0df1000000,,,,,False,,,,,,,,,,False,False
/battle/b_pl_stage/pl_bsdpm.narc,/battle/b_pl_stage/pl_bsdpm.narc!/member_00173,0,/battle/b_pl_stage/pl_bsdpm.narc,148,173,,6644,6660,2768,2784,16,bc5d91a1df0701f86ce48ed532fa4389e6c207280b6431a0b2f3efea649baab7,46004d00bc009c01eb00110fef000000,,,,,False,,,,,,,,,,False,False
/battle/b_pl_stage/pl_bsdpm.narc,/battle/b_pl_stage/pl_bsdpm.narc!/member_00174,0,/battle/b_pl_stage/pl_bsdpm.narc,148,174,,6660,6676,2784,2800,16,b5e6a4f17af62e31f90cf4a474bac0da398635a0bdc4358a66d73ddf5ae790bc,4b005b00bc018d0126000a03ee000000,,,,,False,,,,,,,,,,False,False
/battle/b_pl_stage/pl_bsdpm.narc,/battle/b_pl_stage/pl_bsdpm.narc!/member_00175,0,/battle/b_pl_stage/pl_bsdpm.narc,148,175,,6676,6692,2800,2816,16,18740b31becc9d70c5c12ed5aedf78838f1ae57b01523645db4226096531a8f6,4d0027008a010501d8000a0df9000000,,,,,False,,,,,,,,,,False,False
/battle/b_pl_stage/pl_bsdpm.narc,/battle/b_pl_stage/pl_bsdpm.narc!/member_00176,0,/battle/b_pl_stage/pl_bsdpm.narc,148,176,,6692,6708,2816,2832,16,8eb61efcbd160053ef2b85c2a3f4150e450c11371079d7a961295fb2b1b75917,5300a3000e004c01cf000a0303010000,,,,,False,,,,,,,,,,False,False
/battle/b_pl_stage/pl_bsdpm.narc,/battle/b_pl_stage/pl_bsdpm.narc!/member_00177,0,/battle/b_pl_stage/pl_bsdpm.narc,148,177,,6708,6724,2832,2848,16,edc66c65761643717a9c11413215967a2bb8a79fc22fdfb56739507a3ad67272,5d00f700bc006d005f00180af7000000,,,,,False,,,,,,,,,,False,False
/battle/b_pl_stage/pl_bsdpm.narc,/battle/b_pl_stage/pl_bsdpm.narc!/member_00178,0,/battle/b_pl_stage/pl_bsdpm.narc,148,178,,6724,6740,2848,2864,16,c7ab4adc38ba332817ad9d6b02d2f1b7b06b7dc0e5b526fa95bc9b71ac48b54e,5f00bc015b00c900b6000508ee000000,,,,,False,,,,,,,,,,False,False
/battle/b_pl_stage/pl_bsdpm.narc,/battle/b_pl_stage/pl_bsdpm.narc!/member_00179,0,/battle/b_pl_stage/pl_bsdpm.narc,148,179,,6740,6756,2864,2880,16,26e094ae12508556f023253d7d27b54760a77652a0631d9385b63408d6ba0f48,6900c6000e0026009e010a0bed000000,,,,,False,,,,,,,,,,False,False
/battle/b_pl_stage/pl_bsdpm.narc,/battle/b_pl_stage/pl_bsdpm.narc!/member_00180,0,/battle/b_pl_stage/pl_bsdpm.narc,148,180,,6756,6772,2880,2896,16,7b55be275c195f9fb7269ab3d1f1b8ae698a7b36c62f7393b8032f5de0dc9026,6c002200b601ae0067000603fb000000,,,,,False,,,,,,,,,,False,False
/battle/b_pl_stage/pl_bsdpm.narc,/battle/b_pl_stage/pl_bsdpm.narc!/member_00181,0,/battle/b_pl_stage/pl_bsdpm.narc,148,181,,6772,6788,2896,2912,16,26af753bef5087893bebd452c75cd07ad567e0ffe6dbfd22a978fb249731e9b7,6d007b00bc00da006c00180af5000000,,,,,False,,,,,,,,,,False,False
/battle/b_pl_stage/pl_bsdpm.narc,/battle/b_pl_stage/pl_bsdpm.narc!/member_00182,0,/battle/b_pl_stage/pl_bsdpm.narc,148,182,,6788,6804,2912,2928,16,e66dde2ab7be64bc88e61b306edbc7adb11c482fb3f5bfa1265741089082eba3,6f00bc015b004400ae000508ed000000,,,,,False,,,,,,,,,,False,False
/battle/b_pl_stage/pl_bsdpm.narc,/battle/b_pl_stage/pl_bsdpm.narc!/member_00183,0,/battle/b_pl_stage/pl_bsdpm.narc,148,183,,6804,6820,2928,2944,16,3ff0d899ee4f8c59f3317d5ddefc8ac4fc1b19dab6837429a87b24374e685a70,7200ca004e009c017a01140fef000000,,,,,False,,,,,,,,,,False,False
/battle/b_pl_stage/pl_bsdpm.narc,/battle/b_pl_stage/pl_bsdpm.narc!/member_00184,0,/battle/b_pl_stage/pl_bsdpm.narc,148,184,,6820,6836,2944,2960,16,e2880357f595a4dd0c076ad374c0bdbb70721d0a5b8a08c9df56b5cbb0b98c0d,78006001810071004201180ff3000000,,,,,False,,,,,,,,,,False,False
/battle/b_pl_stage/pl_bsdpm.narc,/battle/b_pl_stage/pl_bsdpm.narc!/member_00185,0,/battle/b_pl_stage/pl_bsdpm.narc,148,185,,6836,6852,2960,2976,16,025ed4a5b6ed1e73f40c702aeb78fedcf10396e6ea272dd1281379e66c66c4b3,8900a1004401b10169001111fb000000,,,,,False,,,,,,,,,,False,False
/battle/b_pl_stage/pl_bsdpm.narc,/battle/b_pl_stage/pl_bsdpm.narc!/member_00186,0,/battle/b_pl_stage/pl_bsdpm.narc,148,186,,6852,6868,2976,2992,16,515ebe9679b3a9578f27cee42da950cd950d2328471bb61630b65a0756cda51c,8a00f60060014e016a011113ee000000,,,,,False,,,,,,,,,,False,False
/battle/b_pl_stage/pl_bsdpm.narc,/battle/b_pl_stage/pl_bsdpm.narc!/member_00187,0,/battle/b_pl_stage/pl_bsdpm.narc,148,187,,6868,6884,2992,3008,16,95526f7f7c0d5c96a28ebb726aea6046b6183a7cd10f687cb3bbbb5d991fd847,8c007f009d006d003d010a0dee000000,,,,,False,,,,,,,,,,False,False
/battle/b_pl_stage/pl_bsdpm.narc,/battle/b_pl_stage/pl_bsdpm.narc!/member_00188,0,/battle/b_pl_stage/pl_bsdpm.narc,148,188,,6884,6900,3008,3024,16,6977077b81f7292f13e99cd2e07c826f952eb68cf59ccf356be21efbebe9a195,9400560097017100d8000a0dfa000000,,,,,False,,,,,,,,,,False,False
/battle/b_pl_stage/pl_bsdpm.narc,/battle/b_pl_stage/pl_bsdpm.narc!/member_00189,0,/battle/b_pl_stage/pl_bsdpm.narc,148,189,,6900,6916,3024,3040,16,2377b61cf2f415740b3122ef59a7e581c925090e7faea34c1ad6874426671c3a,990022007300130192010303ef000000,,,,,False,,,,,,,,,,False,False
/battle/b_pl_stage/pl_bsdpm.narc,/battle/b_pl_stage/pl_bsdpm.narc!/member_00190,0,/battle/b_pl_stage/pl_bsdpm.narc,148,190,,6916,6932,3040,3056,16,25fd9e33cfc9762a8cd2c073b310288c54bcabd9cbff1de33b1d49cb2d3a5e86,9c0005011c0181006c00180af9000000,,,,,False,,,,,,,,,,False,False
/battle/b_pl_stage/pl_bsdpm.narc,/battle/b_pl_stage/pl_bsdpm.narc!/member_00191,0,/battle/b_pl_stage/pl_bsdpm.narc,148,191,,6932,6948,3056,3072,16,277f0a973243c0807ddc6726a245a0f2a2f15d8fc22945513a20be9ba86ec205,9f0091012c01a300b8000a03f3000000,,,,,False,,,,,,,,,,False,False
/battle/b_pl_stage/pl_bsdpm.narc,/battle/b_pl_stage/pl_bsdpm.narc!/member_00192,0,/battle/b_pl_stage/pl_bsdpm.narc,148,192,,6948,6964,3072,3088,16,842ca528267cdb4c1f322fca7b954374af37fb3e3851f5144540715fce8e695f,a2003001bd00cc0068001813fb000000,,,,,False,,,,,,,,,,False,False
/battle/b_pl_stage/pl_bsdpm.narc,/battle/b_pl_stage/pl_bsdpm.narc!/member_00193,0,/battle/b_pl_stage/pl_bsdpm.narc,148,193,,6964,6980,3088,3104,16,58c9c63d9fcf0fa54e84ae96f99a1390b7e96ba24f91776f34b5f025412668dd,a600950173003a017100090ade000000,,,,,False,,,,,,,,,,False,False
/battle/b_pl_stage/pl_bsdpm.narc,/battle/b_pl_stage/pl_bsdpm.narc!/member_00194,0,/battle/b_pl_stage/pl_bsdpm.narc,148,194,,6980,6996,3104,3120,16,8695a11e33777bed149075c2f9724a3336e86b40c6adb73086fb797817897a57,a8008e01c201680032000a0dde000000,,,,,False,,,,,,,,,,False,False
/battle/b_pl_stage/pl_bsdpm.narc,/battle/b_pl_stage/pl_bsdpm.narc!/member_00195,0,/battle/b_pl_stage/pl_bsdpm.narc,148,195,,6996,7012,3120,3136,16,ab39fe75607650e9df1e8127bd7ddb0c2be376a90e2a1492606f5386c243fa91,b000d8004c01630119010a0dfb000000,,,,,False,,,,,,,,,,False,False
/battle/b_pl_stage/pl_bsdpm.narc,/battle/b_pl_stage/pl_bsdpm.narc!/member_00196,0,/battle/b_pl_stage/pl_bsdpm.narc,148,196,,7012,7028,3136,3152,16,87dd4593ec5d5f9d2dd12e1108199e83dc28b008b0669fa11ac9ce636470a910,b40057002200730094001409f2000000,,,,,False,,,,,,,,,,False,False
/battle/b_pl_stage/pl_bsdpm.narc,/battle/b_pl_stage/pl_bsdpm.narc!/member_00197,0,/battle/b_pl_stage/pl_bsdpm.narc,148,197,,7028,7044,3152,3168,16,6fd2a58c980fc03e5a4fc99a111c0786756a3e79858a44dc43355a1b13fba150,b80060018801d80071002115f3000000,,,,,False,,,,,,,,,,False,False
/battle/b_pl_stage/pl_bsdpm.narc,/battle/b_pl_stage/pl_bsdpm.narc!/member_00198,0,/battle/b_pl_stage/pl_bsdpm.narc,148,198,,7044,7060,3168,3184,16,53c1b00c8f179a36ae78af5eb4bbb62e1feb29b70e1e44d7ac52b6e2b4d3d828,b9002600bc01c90066000608ee000000,,,,,False,,,,,,,,,,False,False
/battle/b_pl_stage/pl_bsdpm.narc,/battle/b_pl_stage/pl_bsdpm.narc!/member_00199,0,/battle/b_pl_stage/pl_bsdpm.narc,148,199,,7060,7076,3184,3200,16,97357bc70d84678c544214c91416bf4fd47f63bf7ad17ead6e3f18629a099fa6,bc0054014d00f1004c001211ef000000,,,,,False,,,,,,,,,,False,False
/battle/b_pl_stage/pl_bsdpm.narc,/battle/b_pl_stage/pl_bsdpm.narc!/member_00200,0,/battle/b_pl_stage/pl_bsdpm.narc,148,200,,7076,7092,3200,3216,16,53560fd3493e698f3e238e10b0c9ee78cee3a349758c3b0c6f43e798a0f25d05,be00da00e700fc00cf000a03fb000000,,,,,False,,,,,,,,,,False,False
/battle/b_pl_stage/pl_bsdpm.narc,/battle/b_pl_stage/pl_bsdpm.narc!/member_00201,0,/battle/b_pl_stage/pl_bsdpm.narc,148,201,,7092,7108,3216,3232,16,fa7d15e8b7670b08cf2bad697e06e29067e866055001570ff81ab5b6e3b78291,c000f1004c00070149001111ef000000,,,,,False,,,,,,,,,,False,False
/battle/b_pl_stage/pl_bsdpm.narc,/battle/b_pl_stage/pl_bsdpm.narc!/member_00202,0,/battle/b_pl_stage/pl_bsdpm.narc,148,202,,7108,7124,3232,3248,16,8d311c23bdecaa5ee648fcc1a10347a480d71bbb6d7ee5d6f05ede00dbdc88c6,c1009501930168003000180fde000000,,,,,False,,,,,,,,,,False,False
/battle/b_pl_stage/pl_bsdpm.narc,/battle/b_pl_stage/pl_bsdpm.narc!/member_00203,0,/battle/b_pl_stage/pl_bsdpm.narc,148,203,,7124,7140,3248,3264,16,bb00e769331509d8c68d8c3992c2c720545e66fa01502259f722485459bd001f,c3009e014a011901cb00140ff3000000,,,,,False,,,,,,,,,,False,False
/battle/b_pl_stage/pl_bsdpm.narc,/battle/b_pl_stage/pl_bsdpm.narc!/member_00204,0,/battle/b_pl_stage/pl_bsdpm.narc,148,204,,7140,7156,3264,3280,16,669841e99028026bcd3432a87e2fae2caf68f5c6e2a362f194531bb9891b8354,c6006d0077014100b9000a03f4000000,,,,,False,,,,,,,,,,False,False
/battle/b_pl_stage/pl_bsdpm.narc,/battle/b_pl_stage/pl_bsdpm.narc!/member_00205,0,/battle/b_pl_stage/pl_bsdpm.narc,148,205,,7156,7172,3280,3296,16,c135edb91bad3cd653d2f84d32e476264882f72a97826740d02d8f5134e5fdd1,c800f700da00dc006d00180bf7000000,,,,,False,,,,,,,,,,False,False
/battle/b_pl_stage/pl_bsdpm.narc,/battle/b_pl_stage/pl_bsdpm.narc!/member_00206,0,/battle/b_pl_stage/pl_bsdpm.narc,148,206,,7172,7188,3296,3312,16,a67d773897102d9751de79cbf8a6d448f67d1008cf7be3664d839d1b20f936ec,ca004400f300db00cc0024149e000000,,,,,False,,,,,,,,,,False,False
/battle/b_pl_stage/pl_bsdpm.narc,/battle/b_pl_stage/pl_bsdpm.narc!/member_00207,0,/battle/b_pl_stage/pl_bsdpm.narc,148,207,,7188,7204,3312,3328,16,8c146bea7486c757d9720299862c796a3f27a30c57e03cbc81826b62ae0aff4a,ce00f6001d00190163010a0dfb000000,,,,,False,,,,,,,,,,False,False
/battle/b_pl_stage/pl_bsdpm.narc,/battle/b_pl_stage/pl_bsdpm.narc!/member_00208,0,/battle/b_pl_stage/pl_bsdpm.narc,148,208,,7204,7220,3328,3344,16,8dbd9d548b3a9a0efde823990a860b905b62654641e7d7892ace9f3b189caa27,cf00c90059004c0168000a0ded000000,,,,,False,,,,,,,,,,False,False
/battle/b_pl_stage/pl_bsdpm.narc,/battle/b_pl_stage/pl_bsdpm.narc!/member_00209,0,/battle/b_pl_stage/pl_bsdpm.narc,148,209,,7220,7236,3344,3360,16,3d41b7f4cb4b61c809c0f65dfc7e3047ab4c3d20980df219fc2e396138823bb9,d3008e012301fe006b002417f3000000,,,,,False,,,,,,,,,,False,False
/battle/b_pl_stage/pl_bsdpm.narc,/battle/b_pl_stage/pl_bsdpm.narc!/member_00210,0,/battle/b_pl_stage/pl_bsdpm.narc,148,210,,7236,7252,3360,3376,16,c0b5e3f2a77f91729d9aebedda45008a3a6cd27ebde824a82bb84002145ded09,d700a4017301820108000a0df0000000,,,,,False,,,,,,,,,,False,False
/battle/b_pl_stage/pl_bsdpm.narc,/battle/b_pl_stage/pl_bsdpm.narc!/member_00211,0,/battle/b_pl_stage/pl_bsdpm.narc,148,211,,7252,7268,3376,3392,16,82f9fb4c7406b66472489ffef064cc7d5cffecdbc3034831ee20647aa06c2743,db00f6007100690035002116f9000000,,,,,False,,,,,,,,,,False,False
/battle/b_pl_stage/pl_bsdpm.narc,/battle/b_pl_stage/pl_bsdpm.narc!/member_00212,0,/battle/b_pl_stage/pl_bsdpm.narc,148,212,,7268,7284,3392,3408,16,c0a7693501b1ffd380fa2af3ed6914e2257984b960c3e6f74fe7677a57fe1871,de0098016a0185008801110ff3000000,,,,,False,,,,,,,,,,False,False
/battle/b_pl_stage/pl_bsdpm.narc,/battle/b_pl_stage/pl_bsdpm.narc!/member_00213,0,/battle/b_pl_stage/pl_bsdpm.narc,148,213,,7284,7300,3408,3424,16,6c6155fac79a6e212428afc62ab8a913a8b874295955f03a3e774df1f05ba457,ef0009000701560062000a03f2000000,,,,,False,,,,,,,,,,False,False
/battle/b_pl_stage/pl_bsdpm.narc,/battle/b_pl_stage/pl_bsdpm.narc!/member_00214,0,/battle/b_pl_stage/pl_bsdpm.narc,148,214,,7300,7316,3424,3440,16,84316364f8a677c3adc574a3ceb194f3f9fbff41f75b0e3af96f331f412114f1,f000070005016d00d8000a0df9000000,,,,,False,,,,,,,,,,False,False
/battle/b_pl_stage/pl_bsdpm.narc,/battle/b_pl_stage/pl_bsdpm.narc!/member_00215,0,/battle/b_pl_stage/pl_bsdpm.narc,148,215,,7316,7332,3440,3456,16,9d663fc7d7b6582b8893a67a1394d2bb8b7917bf52e5a62962294a639845c37f,f700bc015b00c900b6000603ee000000,,,,,False,,,,,,,,,,False,False
/battle/b_pl_stage/pl_bsdpm.narc,/battle/b_pl_stage/pl_bsdpm.narc!/member_00216,0,/battle/b_pl_stage/pl_bsdpm.narc,148,216,,7332,7348,3456,3472,16,1d75879136d9aa7dabf1e21f28ee4f88ac94bad2a83a516d49f49da819de6421,fd005c0132010e00cf000a0def000000,,,,,False,,,,,,,,,,False,False
/battle/b_pl_stage/pl_bsdpm.narc,/battle/b_pl_stage/pl_bsdpm.narc!/member_00217,0,/battle/b_pl_stage/pl_bsdpm.narc,148,217,,7348,7364,3472,3488,16,568c3fca48d80a902e6db1a2316963f7928d83c33f44dfb9fe31b010f522e8d0,000147010700050153010a0df9000000,,,,,False,,,,,,,,,,False,False
/battle/b_pl_stage/pl_bsdpm.narc,/battle/b_pl_stage/pl_bsdpm.narc!/member_00218,0,/battle/b_pl_stage/pl_bsdpm.narc,148,218,,7364,7380,3488,3504,16,9942e70b9e5fe4963aafe0efabcec5e0c5c4b74688325d87a73b6af0746525e7,03014a019e0123015b003010f3000000,,,,,False,,,,,,,,,,False,False
/battle/b_pl_stage/pl_bsdpm.narc,/battle/b_pl_stage/pl_bsdpm.narc!/member_00219,0,/battle/b_pl_stage/pl_bsdpm.narc,148,219,,7380,7396,3504,3520,16,a909e6952e3dd37e631ad062b12fdc9e325e908cb4824c44d0c1018441cdef76,0601f200da001c00cf000a0df0000000,,,,,False,,,,,,,,,,False,False
/battle/b_pl_stage/pl_bsdpm.narc,/battle/b_pl_stage/pl_bsdpm.narc!/member_00220,0,/battle/b_pl_stage/pl_bsdpm.narc,148,220,,7396,7412,3520,3536,16,ae7ef1ee87f2620e3e8eadba828f36177bdfc9ffdd37ef3865a57df2d97f0991,0801a300b901cc0083010a0dfb000000,,,,,False,,,,,,,,,,False,False
/battle/b_pl_stage/pl_bsdpm.narc,/battle/b_pl_stage/pl_bsdpm.narc!/member_00221,0,/battle/b_pl_stage/pl_bsdpm.narc,148,221,,7412,7428,3536,3552,16,a6a8161767d6507c60ea815dd75e0adccaa81edd10fb95740c561fa1c436377c,0b014e0095013a016301180fde000000,,,,,False,,,,,,,,,,False,False
/battle/b_pl_stage/pl_bsdpm.narc,/battle/b_pl_stage/pl_bsdpm.narc!/member_00222,0,/battle/b_pl_stage/pl_bsdpm.narc,148,222,,7428,7444,3552,3568,16,aa5e79a0f42e7ab7584feec30394c4d48cb659c0571ae7873416404dc15a18c8,0d015c00bc00950163012414de000000,,,,,False,,,,,,,,,,False,False
/battle/b_pl_stage/pl_bsdpm.narc,/battle/b_pl_stage/pl_bsdpm.narc!/member_00223,0,/battle/b_pl_stage/pl_bsdpm.narc,148,223,,7444,7460,3568,3584,16,b59c311d193c86a63be0ecc55e5f45bd96f8c521c7728ab5ec6f08217dec306f,0f01f000ca00600149001405f3000000,,,,,False,,,,,,,,,,False,False
/battle/b_pl_stage/pl_bsdpm.narc,/battle/b_pl_stage/pl_bsdpm.narc!/member_00224,0,/battle/b_pl_stage/pl_bsdpm.narc,148,224,,7460,7476,3584,3600,16,5a900635c8cea8defed48865f5c79a11b0d4b6cfb7fe71a2af1e279ff6945352,12018f01a1019c01cf00180fef000000,,,,,False,,,,,,,,,,False,False
/battle/b_pl_stage/pl_bsdpm.narc,/battle/b_pl_stage/pl_bsdpm.narc!/member_00225,0,/battle/b_pl_stage/pl_bsdpm.narc,148,225,,7476,7492,3600,3616,16,8fe0ee48de87dae5ccbc9ba425aacc2fde760df96867750e5075eaaa57172641,15016800630107018f000a03f4000000,,,,,False,,,,,,,,,,False,False
/battle/b_pl_stage/pl_bsdpm.narc,/battle/b_pl_stage/pl_bsdpm.narc!/member_00226,0,/battle/b_pl_stage/pl_bsdpm.narc,148,226,,7492,7508,3616,3632,16,5a07f8774389255ac5b428b84de848fab21c48251e7db230961476cf7387ee41,17019301600188013800180af4000000,,,,,False,,,,,,,,,,False,False
/battle/b_pl_stage/pl_bsdpm.narc,/battle/b_pl_stage/pl_bsdpm.narc!/member_00227,0,/battle/b_pl_stage/pl_bsdpm.narc,148,227,,7508,7524,3632,3648,16,c1250e70af57686d0eac55cc7a33629a4da374163b6743c3ef5a50ee08886ec6,1c01930195014e0068001410de000000,,,,,False,,,,,,,,,,False,False
/battle/b_pl_stage/pl_bsdpm.narc,/battle/b_pl_stage/pl_bsdpm.narc!/member_00228,0,/battle/b_pl_stage/pl_bsdpm.narc,148,228,,7524,7540,3648,3664,16,6c13777619c4c64b0af96a312197bc9a3298b4b45a82f4b9d1587055a7bda698,2601300160019c00ad00140ffb000000,,,,,False,,,,,,,,,,False,False
/battle/b_pl_stage/pl_bsdpm.narc,/battle/b_pl_stage/pl_bsdpm.narc!/member_00229,0,/battle/b_pl_stage/pl_bsdpm.narc,148,229,,7540,7556,3664,3680,16,b0a3609673d4eaf27de6b85dff8f1e9278f371d2dbbe4d605efc3ffad3cf07c1,2b01bc012600560089010608ee000000,,,,,False,,,,,,,,,,False,False
/battle/b_pl_stage/pl_bsdpm.narc,/battle/b_pl_stage/pl_bsdpm.narc!/member_00230,0,/battle/b_pl_stage/pl_bsdpm.narc,148,230,,7556,7572,3680,3696,16,8e9c8500acc7b86b863caaeb5f0e2bb355e25f855dc9ab14ed5842624913ae1f,2d01c100bd00c3013a00300ffb000000,,,,,False,,,,,,,,,,False,False
/battle/b_pl_stage/pl_bsdpm.narc,/battle/b_pl_stage/pl_bsdpm.narc!/member_00231,0,/battle/b_pl_stage/pl_bsdpm.narc,148,231,,7572,7588,3696,3712,16,3d80261efa2847251b59e49a4862c11b25e73f3e7b2625adcbf6e9ad4bc0a8dd,2e01a5010301730168002215f7000000,,,,,False,,,,,,,,,,False,False
/battle/b_pl_stage/pl_bsdpm.narc,/battle/b_pl_stage/pl_bsdpm.narc!/member_00232,0,/battle/b_pl_stage/pl_bsdpm.narc,148,232,,7588,7604,3712,3728,16,dba52a972d33ba161eeb7dd0f79626d91c8ac5e10b459d3b96fe2c149971ef00,2f01ba014600c90041010608e9000000,,,,,False,,,,,,,,,,False,False
/battle/b_pl_stage/pl_bsdpm.narc,/battle/b_pl_stage/pl_bsdpm.narc!/member_00233,0,/battle/b_pl_stage/pl_bsdpm.narc,148,233,,7604,7620,3728,3744,16,c2b64890f61d2c71db62243c8d72cfe85fc90452379acf3230d4fb6789e093d4,31017001e700bc014e010508e9000000,,,,,False,,,,,,,,,,False,False
/battle/b_pl_stage/pl_bsdpm.narc,/battle/b_pl_stage/pl_bsdpm.narc!/member_00234,0,/battle/b_pl_stage/pl_bsdpm.narc,148,234,,7620,7636,3744,3760,16,c92aa08a378532e2cdeab504e27bae23dd2b228860b88b8f4620bc44f158b832,3401ab018b01690068000603f1000000,,,,,False,,,,,,,,,,False,False
/battle/b_pl_stage/pl_bsdpm.narc,/battle/b_pl_stage/pl_bsdpm.narc!/member_00235,0,/battle/b_pl_stage/pl_bsdpm.narc,148,235,,7636,7652,3760,3776,16,2cac882dfe3e1c160bcbf11b4efa109b2537e8a469e19604b223bf8e55022790,3701a101810055005600180af2000000,,,,,False,,,,,,,,,,False,False
/battle/b_pl_stage/pl_bsdpm.narc,/battle/b_pl_stage/pl_bsdpm.narc!/member_00236,0,/battle/b_pl_stage/pl_bsdpm.narc,148,236,,7652,7668,3776,3792,16,0796aca91bcded1896f183ed8dbd4f87e0ed96a43867cdab9e485b4d0f5534db,38013901810055005600180af2000000,,,,,False,,,,,,,,,,False,False
/battle/b_pl_stage/pl_bsdpm.narc,/battle/b_pl_stage/pl_bsdpm.narc!/member_00237,0,/battle/b_pl_stage/pl_bsdpm.narc,148,237,,7668,7684,3792,3808,16,b2756a0d708b68e591d395467db40f421546683422748c6e820682a1938980e3,3901950126016200d5001813de000000,,,,,False,,,,,,,,,,False,False
/battle/b_pl_stage/pl_bsdpm.narc,/battle/b_pl_stage/pl_bsdpm.narc!/member_00238,0,/battle/b_pl_stage/pl_bsdpm.narc,148,238,,7684,7700,3808,3824,16,9f2fd21039488d542ebb565b820619feb0e34f9b88aca744db879c80af779b19,3a019501d500cc00da001810de000000,,,,,False,,,,,,,,,,False,False
/battle/b_pl_stage/pl_bsdpm.narc,/battle/b_pl_stage/pl_bsdpm.narc!/member_00239,0,/battle/b_pl_stage/pl_bsdpm.narc,148,239,,7700,7716,3824,3840,16,c3ac3f3ee7f1f10da94dd6b9324bc31dbf1bce4a4ba31a094c2348c06b8c62a4,3b01eb00ca007c001301140fef000000,,,,,False,,,,,,,,,,False,False
/battle/b_pl_stage/pl_bsdpm.narc,/battle/b_pl_stage/pl_bsdpm.narc!/member_00240,0,/battle/b_pl_stage/pl_bsdpm.narc,148,240,,7716,7732,3840,3856,16,6db3cb48815bc7fc2925665fa6dae58487a810e23b6ca037354a7b8f15db4ac4,40014301d60022009c00110ff3000000,,,,,False,,,,,,,,,,False,False
/battle/b_pl_stage/pl_bsdpm.narc,/battle/b_pl_stage/pl_bsdpm.narc!/member_00241,0,/battle/b_pl_stage/pl_bsdpm.narc,148,241,,7732,7748,3856,3872,16,436dbbeead0118bdce6f9eadc8e1334cde4d96d6a2331fe756f3dcc3814b1b4a,47012a01ac01da00fc000a03fb000000,,,,,False,,,,,,,,,,False,False
/battle/b_pl_stage/pl_bsdpm.narc,/battle/b_pl_stage/pl_bsdpm.narc!/member_00242,0,/battle/b_pl_stage/pl_bsdpm.narc,148,242,,7748,7764,3872,3888,16,4c98ee41de2245fe3952baac6c082ae20edd1d50373a4b9d5a3654ea5f7b2c68,4901c80059006700c9000a03ed000000,,,,,False,,,,,,,,,,False,False
/battle/b_pl_stage/pl_bsdpm.narc,/battle/b_pl_stage/pl_bsdpm.narc!/member_00243,0,/battle/b_pl_stage/pl_bsdpm.narc,148,243,,7764,7780,3888,3904,16,f4ae84ab8c806e51bc4475c0bb3ed57e519c3259d1a591b5bc20a36f62ddc066,5901ca00f60013016d00140fee000000,,,,,False,,,,,,,,,,False,False
/battle/b_pl_stage/pl_bsdpm.narc,/battle/b_pl_stage/pl_bsdpm.narc!/member_00244,0,/battle/b_pl_stage/pl_bsdpm.narc,148,244,,7780,7796,3904,3920,16,11768abb7877ef2e7000e8ee6be563ea785cbdc5fd7f2ea65929d73facfb0804,5b019401b600bc01c9000603ee000000,,,,,False,,,,,,,,,,False,False
/battle/b_pl_stage/pl_bsdpm.narc,/battle/b_pl_stage/pl_bsdpm.narc!/member_00245,0,/battle/b_pl_stage/pl_bsdpm.narc,148,245,,7796,7812,3920,3936,16,36c4156b0b156cac5d318c39c8a996c697d7177a9ed6bd0da6e043d61565973d,5f013701f000f1000201180f9e000000,,,,,False,,,,,,,,,,False,False
/battle/b_pl_stage/pl_bsdpm.narc,/battle/b_pl_stage/pl_bsdpm.narc!/member_00246,0,/battle/b_pl_stage/pl_bsdpm.narc,148,246,,7812,7828,3936,3952,16,78a10cec96d4642df3e5fa8aec382c9818009ed8383044852568b94ff1379e17,66015e005b0119012600180bf8000000,,,,,False,,,,,,,,,,False,False
/battle/b_pl_stage/pl_bsdpm.narc,/battle/b_pl_stage/pl_bsdpm.narc!/member_00247,0,/battle/b_pl_stage/pl_bsdpm.narc,148,247,,7828,7844,3952,3968,16,2a3f5f6a7dc4ce79a476a37eabe67ebe4f1577aafd5d9266344b4765bb987576,6c013b007f009c00ad00110ff6000000,,,,,False,,,,,,,,,,False,False
/battle/b_pl_stage/pl_bsdpm.narc,/battle/b_pl_stage/pl_bsdpm.narc!/member_00248,0,/battle/b_pl_stage/pl_bsdpm.narc,148,248,,7844,7860,3968,3984,16,a7945bc920a6f03651f4c2f7ed48fdf20767837125481689b2c4d3f532e586fe,6e012c018801230122002115f3000000,,,,,False,,,,,,,,,,False,False
/battle/b_pl_stage/pl_bsdpm.narc,/battle/b_pl_stage/pl_bsdpm.narc!/member_00249,0,/battle/b_pl_stage/pl_bsdpm.narc,148,249,,7860,7876,3984,4000,16,878f975254fd4da1e5ea5745ac564d7e0d27325b2c25b0d5bc428d4ea4c99260,7401970126004e01cf000603fa000000,,,,,False,,,,,,,,,,False,False
/battle/b_pl_stage/pl_bsdpm.narc,/battle/b_pl_stage/pl_bsdpm.narc!/member_00250,0,/battle/b_pl_stage/pl_bsdpm.narc,148,250,,7876,7892,4000,4016,16,0660c385959f5b25cd595afaffe3f0f09b33bb3660c2b266aa37e1a802109502,7701ae015e0073008901180ae9000000,,,,,False,,,,,,,,,,False,False
/battle/b_pl_stage/pl_bsdpm.narc,/battle/b_pl_stage/pl_bsdpm.narc!/member_00251,0,/battle/b_pl_stage/pl_bsdpm.narc,148,251,,7892,7908,4016,4032,16,15b6d82b2453002827503f8b27841bdb756bfd3501970c2d6c96c30992b47910,8401b5012200920149000602ef000000,,,,,False,,,,,,,,,,False,False
/battle/b_pl_stage/pl_bsdpm.narc,/battle/b_pl_stage/pl_bsdpm.narc!/member_00252,0,/battle/b_pl_stage/pl_bsdpm.narc,148,252,,7908,7924,4032,4048,16,ea827938bc531dc2808366e508757b2a406f5ec132aa03ca045457e053300511,87018a017201b70005010a03f9000000,,,,,False,,,,,,,,,,False,False
/battle/b_pl_stage/pl_bsdpm.narc,/battle/b_pl_stage/pl_bsdpm.narc!/member_00253,0,/battle/b_pl_stage/pl_bsdpm.narc,148,253,,7924,7940,4048,4064,16,242734fa7657c1efb9685a5bebaa4c239b3b2de470ec7eca073b7679ece85537,8a01cf006a0107018801180bf3000000,,,,,False,,,,,,,,,,False,False
/battle/b_pl_stage/pl_bsdpm.narc,/battle/b_pl_stage/pl_bsdpm.narc!/member_00254,0,/battle/b_pl_stage/pl_bsdpm.narc,148,254,,7940,7956,4064,4080,16,67582a0ab05a9351c4dab5253a18eb2ed5879baaf3670b5cb97184fb9d5259f0,8d019d010701290162000a03f4000000,,,,,False,,,,,,,,,,False,False
/battle/b_pl_stage/pl_bsdpm.narc,/battle/b_pl_stage/pl_bsdpm.narc!/member_00255,0,/battle/b_pl_stage/pl_bsdpm.narc,148,255,,7956,7972,4080,4096,16,ba41cae30c3190127e3427555aab3abe376a68a049b7728400369f9b5be2f26e,9001a2007f00190185000a0dfb000000,,,,,False,,,,,,,,,,False,False
/battle/b_pl_stage/pl_bsdpm.narc,/battle/b_pl_stage/pl_bsdpm.narc!/member_00256,0,/battle/b_pl_stage/pl_bsdpm.narc,148,256,,7972,7988,4096,4112,16,244c0086b401b9b9687fe4a04ac9a7910ad78bf977c61a6a6bb75df676932644,92019401a30067002f000a0dde000000,,,,,False,,,,,,,,,,False,False
/battle/b_pl_stage/pl_bsdpm.narc,/battle/b_pl_stage/pl_bsdpm.narc!/member_00257,0,/battle/b_pl_stage/pl_bsdpm.narc,148,257,,7988,8004,4112,4128,16,2a702396368f70fd7b4699214a65787f77955bb65652aaaf9b7a02d90f8c83d0,9401a6016200560068000a03f2000000,,,,,False,,,,,,,,,,False,False
/battle/b_pl_stage/pl_bsdpm.narc,/battle/b_pl_stage/pl_bsdpm.narc!/member_00258,0,/battle/b_pl_stage/pl_bsdpm.narc,148,258,,8004,8020,4128,4144,16,f0c7c3d65b4cb77ed483649ed37dfc331a312c2df50d7d72d72c8de067960435,9801c9011d00b800bc010a0dee000000,,,,,False,,,,,,,,,,False,False
/battle/b_pl_stage/pl_bsdpm.narc,/battle/b_pl_stage/pl_bsdpm.narc!/member_00259,0,/battle/b_pl_stage/pl_bsdpm.narc,148,259,,8020,8036,4144,4160,16,be0f787f6a84a95de900bbd7a7c44d5c9ef7afe65363e67f13392b36f74ae687,9a017001ba01bc010d012417ee000000,,,,,False,,,,,,,,,,False,False
/battle/b_pl_stage/pl_bsdpm.narc,/battle/b_pl_stage/pl_bsdpm.narc!/member_00260,0,/battle/b_pl_stage/pl_bsdpm.narc,148,260,,8036,8052,4160,4176,16,ca3c89900649eb751bb784a41f2a06ad42345107e8ced7d7d495e41ac5d7d2e6,9d01b5014b00c201bd011211de000000,,,,,False,,,,,,,,,,False,False
/battle/b_pl_stage/pl_bsdpm.narc,/battle/b_pl_stage/pl_bsdpm.narc!/member_00261,0,/battle/b_pl_stage/pl_bsdpm.narc,148,261,,8052,8068,4176,4192,16,dd9d027dcfe4448fc1cadd3e4b905a786597b517b85addbc416e3a9575f8db7a,9e013e0193014d006301180ade000000,,,,,False,,,,,,,,,,False,False
/battle/b_pl_stage/pl_bsdpm.narc,/battle/b_pl_stage/pl_bsdpm.narc!/member_00262,0,/battle/b_pl_stage/pl_bsdpm.narc,148,262,,8068,8084,4192,4208,16,faa84f683e7a2a6a80d4c95b4829abe365ff2991dc66246a6684059d9f473845,a101a200810057005600180ff2000000,,,,,False,,,,,,,,,,False,False
/battle/b_pl_stage/pl_bsdpm.narc,/battle/b_pl_stage/pl_bsdpm.narc!/member_00263,0,/battle/b_pl_stage/pl_bsdpm.narc,148,263,,8084,8100,4208,4224,16,a97b113ab6338f161d71d4235b82a22d90dfbfb913f3a937eaa6b23dfc302f25,a901d2013a010501a400300ff7000000,,,,,False,,,,,,,,,,False,False
/battle/b_pl_stage/pl_bsdpm.narc,/battle/b_pl_stage/pl_bsdpm.narc!/member_00264,0,/battle/b_pl_stage/pl_bsdpm.narc,148,264,,8100,8116,4224,4240,16,fa8303d4895a86ba7ca92c4b19707de33fe61c4c59931dbda8dea5e95dcf3e08,ab0192005401d500cc000a0dfb000000,,,,,False,,,,,,,,,,False,False
/battle/b_pl_stage/pl_bsdpm.narc,/battle/b_pl_stage/pl_bsdpm.narc!/member_00265,0,/battle/b_pl_stage/pl_bsdpm.narc,148,265,,8116,8132,4240,4256,16,2d9963736f2a9b06759f729ccfd57a8729ba0e5f85a42eccd24d38864a4c22c2,b9013001c0016301a101180ff4000000,,,,,False,,,,,,,,,,False,False
/battle/b_pl_stage/pl_bsdpm.narc,/battle/b_pl_stage/pl_bsdpm.narc!/member_00266,0,/battle/b_pl_stage/pl_bsdpm.narc,148,266,,8132,8148,4256,4272,16,70a1b4bb00e8f165d4233ee426a6bf27e3029bb7ee7a5ca566acaed583fccbdf,bc01c9005b005101ef000a0dfa000000,,,,,False,,,,,,,,,,False,False
/battle/b_pl_stage/pl_bsdpm.narc,/battle/b_pl_stage/pl_bsdpm.narc!/member_00267,0,/battle/b_pl_stage/pl_bsdpm.narc,148,267,,8148,8164,4272,4288,16,7d90b2627d346c6f7762d04f7a9b282fbcad28aa6a97560aef786075c36d7601,be0122003d019c00d6000603fb000000,,,,,False,,,,,,,,,,False,False
/battle/b_pl_stage/pl_bsdpm.narc,/battle/b_pl_stage/pl_bsdpm.narc!/member_00268,0,/battle/b_pl_stage/pl_bsdpm.narc,148,268,,8164,8180,4288,4304,16,fbde310a6ddf9fa77976c7a79fd8a11f1e640ec558e0ffa9deb0234085fd6655,ca0154012301880168000a0df3000000,,,,,False,,,,,,,,,,False,False
/battle/b_pl_stage/pl_bsdpm.narc,/battle/b_pl_stage/pl_bsdpm.narc!/member_00269,0,/battle/b_pl_stage/pl_bsdpm.narc,148,269,,8180,8196,4304,4320,16,317118ae05d12c3c944daed2deb7393dc449f62fddf77e83264af220ad946ed8,9d015b00c2019e01bd011202de000100,,,,,False,,,,,,,,,,False,False
/battle/b_pl_stage/pl_bsdpm.narc,/battle/b_pl_stage/pl_bsdpm.narc!/member_00270,0,/battle/b_pl_stage/pl_bsdpm.narc,148,270,,8196,8212,4320,4336,16,f02476bbc4dee8aad941aadf45ce26b87e68dfb0b12207bc03574ceec5349e60,9d01ba01ae01c201bd011207de000200,,,,,False,,,,,,,,,,False,False
/battle/b_pl_stage/pl_bsdpm.narc,/battle/b_pl_stage/pl_bsdpm.narc!/member_00271,0,/battle/b_pl_stage/pl_bsdpm.narc,148,271,,8212,8228,4336,4352,16,adc389b309691197c13844bc33bff36fd6070ff40a57bd205feb5e4b6ab00228,1a0009001801e70062000a030a010000,,,,,False,,,,,,,,,,False,False
/battle/b_pl_stage/pl_bsdpm.narc,/battle/b_pl_stage/pl_bsdpm.narc!/member_00272,0,/battle/b_pl_stage/pl_bsdpm.narc,148,272,,8228,8244,4352,4368,16,54dae3b59c2f412bf6a2a8c547bde920b38dd29463db0d4b4728b06ecc4e30a8,1c00c900a30090015b000a03d5000000,,,,,False,,,,,,,,,,False,False
/battle/b_pl_stage/pl_bsdpm.narc,/battle/b_pl_stage/pl_bsdpm.narc!/member_00273,0,/battle/b_pl_stage/pl_bsdpm.narc,148,273,,8244,8260,4368,4384,16,78b417d0590543f843efa43f66a21089ac70c426f53f4ae02e080e7564dadc2e,1f009e01bc00d500f700140f0b010000,,,,,False,,,,,,,,,,False,False
/battle/b_pl_stage/pl_bsdpm.narc,/battle/b_pl_stage/pl_bsdpm.narc!/member_00274,0,/battle/b_pl_stage/pl_bsdpm.narc,148,274,,8260,8276,4384,4400,16,95d224c107a9c7c8848690390c391f529db42f2edd0eabfccba3a2d887216b17,22005b008e01d500e00006030a010000,,,,,False,,,,,,,,,,False,False
/battle/b_pl_stage/pl_bsdpm.narc,/battle/b_pl_stage/pl_bsdpm.narc!/member_00275,0,/battle/b_pl_stage/pl_bsdpm.narc,148,275,,8276,8292,4400,4416,16,85d2fc6a30bb054fd65d798cb67e2366a2fb38f2a5c5f95a492a249cf9427cb4,2400d80008000700090006039d000000,,,,,True,Nintendo Huffman 4-bit,Probable,False,55296,,,,,,False,False
/battle/b_pl_stage/pl_bsdpm.narc,/battle/b_pl_stage/pl_bsdpm.narc!/member_00276,0,/battle/b_pl_stage/pl_bsdpm.narc,148,276,,8292,8308,4416,4432,16,0d110bb5849797da67edae3e9d8764ebdffa5bdfa16b518e349a76b2b77499e4,2a00bc00d201ca009301180f47010000,,,,,False,,,,,,,,,,False,False
/battle/b_pl_stage/pl_bsdpm.narc,/battle/b_pl_stage/pl_bsdpm.narc!/member_00277,0,/battle/b_pl_stage/pl_bsdpm.narc,148,277,,8308,8324,4432,4448,16,236a142ef01de3425c076edd7ec83bd8da3301beaebe6026108b25a2e311fae8,2d00bc004c00f100eb00180f1c010000,,,,,False,,,,,,,,,,False,False
/battle/b_pl_stage/pl_bsdpm.narc,/battle/b_pl_stage/pl_bsdpm.narc!/member_00278,0,/battle/b_pl_stage/pl_bsdpm.narc,148,278,,8324,8340,4448,4464,16,352da72d999b1b9ea1c0b02524993fee6604add4946bbaf65a0e0c46eb191490,310095015e00bc009c01180f29010000,,,,,False,,,,,,,,,,False,False
/battle/b_pl_stage/pl_bsdpm.narc,/battle/b_pl_stage/pl_bsdpm.narc!/member_00279,0,/battle/b_pl_stage/pl_bsdpm.narc,148,279,,8340,8356,4464,4480,16,c111db939ba30c4f7386fdfe4c41d773bf4811dc01bacc6ad6f4bab92d13f94f,3500980160018100c400180fdd000000,,,,,False,,,,,,,,,,False,False
/battle/b_pl_stage/pl_bsdpm.narc,/battle/b_pl_stage/pl_bsdpm.narc!/member_00280,0,/battle/b_pl_stage/pl_bsdpm.narc,148,280,,8356,8372,4480,4496,16,195261314a8e3d3d8b57b77a1380d0d0f5c8b718a23e1f55a67ba9ca201409a3,3900ee00b9019201bc010a030c010000,,,,,False,,,,,,,,,,False,False
/battle/b_pl_stage/pl_bsdpm.narc,/battle/b_pl_stage/pl_bsdpm.narc!/member_00281,0,/battle/b_pl_stage/pl_bsdpm.narc,148,281,,8372,8388,4496,4512,16,af95242ff2d652666db2a0620533429d4ee43c3935426ad3f7a102fcd5abe1c4,41005e009b019c014401180a0c010000,,,,,False,,,,,,,,,,False,False
/battle/b_pl_stage/pl_bsdpm.narc,/battle/b_pl_stage/pl_bsdpm.narc!/member_00282,0,/battle/b_pl_stage/pl_bsdpm.narc,148,282,,8388,8404,4512,4528,16,5a067026339a633139792567508228a691dd8e9c424e8e22847f2cd0d7db3ca9,4700b501bf015c008401110fd6000000,,,,,False,,,,,,,,,,False,False
/battle/b_pl_stage/pl_bsdpm.narc,/battle/b_pl_stage/pl_bsdpm.narc!/member_00283,0,/battle/b_pl_stage/pl_bsdpm.narc,148,283,,8404,8420,4528,4544,16,e8d938c5cdd0772b40d7795d4cca8093c2fb40e80a63afd6ca195962a09aeb73,4c00bc019e01670185011202d9000000,,,,,False,,,,,,,,,,False,False
/battle/b_pl_stage/pl_bsdpm.narc,/battle/b_pl_stage/pl_bsdpm.narc!/member_00284,0,/battle/b_pl_stage/pl_bsdpm.narc,148,284,,8420,8436,4544,4560,16,17f8cd67622afac0bc20d34adfac083a69beeb04b61f4c1117b9f3d63c26e39f,500060015e003a003500110f9e000000,,,,,False,,,,,,,,,,False,False
/battle/b_pl_stage/pl_bsdpm.narc,/battle/b_pl_stage/pl_bsdpm.narc!/member_00285,0,/battle/b_pl_stage/pl_bsdpm.narc,148,285,,8436,8452,4560,4576,16,912ba68e6b178f78dea0c478bfa3744700650c2de1069994da16bd284a17364e,5200a100ae0155004401180fe8000000,,,,,False,,,,,,,,,,False,False
/battle/b_pl_stage/pl_bsdpm.narc,/battle/b_pl_stage/pl_bsdpm.narc!/member_00286,0,/battle/b_pl_stage/pl_bsdpm.narc,148,286,,8452,8468,4576,4592,16,2dcd0b476e18e7110fc075afd9652ef859d024158ab7c3a9934c8106da238b4b,550041009c00d300a1000a0dc9000000,,,,,False,,,,,,,,,,False,False
/battle/b_pl_stage/pl_bsdpm.narc,/battle/b_pl_stage/pl_bsdpm.narc!/member_00287,0,/battle/b_pl_stage/pl_bsdpm.narc,148,287,,8468,8484,4592,4608,16,b56dc6b3a2c53ad1c1348570c679e5df1de38efc35266aa3066c1f972771a938,570044013a006a019c00140f96000000,,,,,False,,,,,,,,,,False,False
/battle/b_pl_stage/pl_bsdpm.narc,/battle/b_pl_stage/pl_bsdpm.narc!/member_00288,0,/battle/b_pl_stage/pl_bsdpm.narc,148,288,,8484,8500,4608,4624,16,7097ae9d36b0726e519627220cedf39ada8e5a4ffc327438b2e3c87f9a4d4ed4,61005f009b015e00ab00111114010000,,,,,False,,,,,,,,,,False,False
/battle/b_pl_stage/pl_bsdpm.narc,/battle/b_pl_stage/pl_bsdpm.narc!/member_00289,0,/battle/b_pl_stage/pl_bsdpm.narc,148,289,,8500,8516,4624,4640,16,5cbb3d0e5d7b97f65c521f132f5f1f501120fc1441999b3f19990c41f2bc0f01,63009800940114015b00030313010000,,,,,False,,,,,,,,,,False,False
/battle/b_pl_stage/pl_bsdpm.narc,/battle/b_pl_stage/pl_bsdpm.narc!/member_00290,0,/battle/b_pl_stage/pl_bsdpm.narc,148,290,,8516,8532,4640,4656,16,fac44cdfed0794781e2155d19d3fe22910b1577f8dc3d2b6ab3711e5b53649eb,650081005500cd004401180edd000000,,,,,False,,,,,,,,,,False,False
/battle/b_pl_stage/pl_bsdpm.narc,/battle/b_pl_stage/pl_bsdpm.narc!/member_00291,0,/battle/b_pl_stage/pl_bsdpm.narc,148,291,,8532,8548,4656,4672,16,25c652c3de0a68ebf6718c2451904e34a1c122e8a60b0024a5d9a85743ff88d2,6a00cb00b300880054010a0dcb000000,,,,,False,,,,,,,,,,False,False
/battle/b_pl_stage/pl_bsdpm.narc,/battle/b_pl_stage/pl_bsdpm.narc!/member_00292,0,/battle/b_pl_stage/pl_bsdpm.narc,148,292,,8548,8564,4672,4688,16,e6644a68ddb5b0e1491ce78db641d676866b0643523fa00ca3343557a7c8b745,6b0047010900070008000a03dc000000,,,,,False,,,,,,,,,,False,False
/battle/b_pl_stage/pl_bsdpm.narc,/battle/b_pl_stage/pl_bsdpm.narc!/member_00293,0,/battle/b_pl_stage/pl_bsdpm.narc,148,293,,8564,8580,4688,4704,16,35e89e88f63cd5a8155d8fd1d86c28554e1951a7056ae73dfb4410a78f340c00,6e005c008f0135005500211419010000,,,,,False,,,,,,,,,,False,False
/battle/b_pl_stage/pl_bsdpm.narc,/battle/b_pl_stage/pl_bsdpm.narc!/member_00294,0,/battle/b_pl_stage/pl_bsdpm.narc,148,294,,8580,8596,4704,4720,16,59eddefeef48cd8c9c1d12a6a4321ab25d88428d848893665b24319ca97bdf2e,70005b00bc019d00e00003039e000000,,,,,False,,,,,,,,,,False,False
/battle/b_pl_stage/pl_bsdpm.narc,/battle/b_pl_stage/pl_bsdpm.narc!/member_00295,0,/battle/b_pl_stage/pl_bsdpm.narc,148,295,,8596,8612,4720,4736,16,3e470f725d84b14459ebae0dc9fcecf37d3458e55cdc1f00b31199a92236c810,71003b0057007e00d800111114010000,,,,,False,,,,,,,,,,False,False
/battle/b_pl_stage/pl_bsdpm.narc,/battle/b_pl_stage/pl_bsdpm.narc!/member_00296,0,/battle/b_pl_stage/pl_bsdpm.narc,148,296,,8612,8628,4736,4752,16,11aa56c639b69825daf049247aa71c77716638864ae23ca59d679345e09f436c,73009200c80085019c0003039c000000,,,,,False,,,,,,,,,,False,False
/battle/b_pl_stage/pl_bsdpm.narc,/battle/b_pl_stage/pl_bsdpm.narc!/member_00297,0,/battle/b_pl_stage/pl_bsdpm.narc,148,297,,8628,8644,4752,4768,16,8d56d9e2dec080a6232b039ef219a3737089244de9b7631aa57b563427c4b9a0,750096013800ae013a00180fe8000000,,,,,False,,,,,,,,,,False,False
/battle/b_pl_stage/pl_bsdpm.narc,/battle/b_pl_stage/pl_bsdpm.narc!/member_00298,0,/battle/b_pl_stage/pl_bsdpm.narc,148,298,,8644,8660,4768,4784,16,0a797e2ccff5bca3fa6f30963abd6daec95b7a64d61878cc05358198562fbbeb,7700e0007f008e0154010a03d5000000,,,,,False,,,,,,,,,,False,False
/battle/b_pl_stage/pl_bsdpm.narc,/battle/b_pl_stage/pl_bsdpm.narc!/member_00299,0,/battle/b_pl_stage/pl_bsdpm.narc,148,299,,8660,8676,4784,4800,16,7f33b479774691f52f117c2f1d093a9a8086f50d3096dbd118769fa955b30001,7a0080010700080009000a039e000000,,,,,False,,,,,,,,,,False,False
/battle/b_pl_stage/pl_bsdpm.narc,/battle/b_pl_stage/pl_bsdpm.narc!/member_00300,0,/battle/b_pl_stage/pl_bsdpm.narc,148,300,,8676,8692,4800,4816,16,bebc3f0c63f226e554feaf6ca657fc3a813a2de712ecd37898361dd45aa4f992,7c008e003b008a009c01180ad5000000,,,,,False,,,,,,,,,,False,False
/battle/b_pl_stage/pl_bsdpm.narc,/battle/b_pl_stage/pl_bsdpm.narc!/member_00301,0,/battle/b_pl_stage/pl_bsdpm.narc,148,301,,8692,8708,4816,4832,16,529880bdb743394679cdd6798bfeda29368a173968ba416898114cb731f91715,7d000900e7001801a8000a039e000000,,,,,False,,,,,,,,,,False,False
/battle/b_pl_stage/pl_bsdpm.narc,/battle/b_pl_stage/pl_bsdpm.narc!/member_00302,0,/battle/b_pl_stage/pl_bsdpm.narc,148,302,,8708,8724,4832,4848,16,c083b7ab7c0bc221e0c902394d5a572ae49c0e1de057de36f2353d508bd23ae0,7e000700e7001801a8000a039e000000,,,,,False,,,,,,,,,,False,False
/battle/b_pl_stage/pl_bsdpm.narc,/battle/b_pl_stage/pl_bsdpm.narc!/member_00303,0,/battle/b_pl_stage/pl_bsdpm.narc,148,303,,8724,8740,4848,4864,16,0cf5031bae57460071d5aabd40a17b01d6ad2692c40489d42490d819ec792c09,8000da00e700c800ac0106039c000000,,,,,False,,,,,,,,,,False,False
/battle/b_pl_stage/pl_bsdpm.narc,/battle/b_pl_stage/pl_bsdpm.narc!/member_00304,0,/battle/b_pl_stage/pl_bsdpm.narc,148,304,,8740,8756,4864,4880,16,9c98db2469ac4c254ca43b87c577accf8a622f20dbec778b6b648eece58614d6,8b00f60038003a009e01110f0b010000,,,,,False,,,,,,,,,,False,False
/battle/b_pl_stage/pl_bsdpm.narc,/battle/b_pl_stage/pl_bsdpm.narc!/member_00305,0,/battle/b_pl_stage/pl_bsdpm.narc,148,305,,8756,8772,4880,4896,16,3c4a0aa3279761aad841fefd778d1253aba8c54b364b7d6fb247154ab3cc3bc2,8d0090017f00bc01940103030a010000,,,,,False,,,,,,,,,,False,False
/battle/b_pl_stage/pl_bsdpm.narc,/battle/b_pl_stage/pl_bsdpm.narc!/member_00306,0,/battle/b_pl_stage/pl_bsdpm.narc,148,306,,8772,8788,4896,4912,16,31f7779f3a22194d3fc7053c9a25064ff0160c9592bcc4b65e9b6ce84bbcf89f,a400460193013e01d201110fea000000,,,,,False,,,,,,,,,,False,False
/battle/b_pl_stage/pl_bsdpm.narc,/battle/b_pl_stage/pl_bsdpm.narc!/member_00307,0,/battle/b_pl_stage/pl_bsdpm.narc,148,307,,8788,8804,4912,4928,16,89ade731bc061404d3a74daed327bc342f50437642c66135f7bdb9a70d77dbdd,ab00b3016a0144013a00110f9e000000,,,,,False,,,,,,,,,,False,False
/battle/b_pl_stage/pl_bsdpm.narc,/battle/b_pl_stage/pl_bsdpm.narc!/member_00308,0,/battle/b_pl_stage/pl_bsdpm.narc,148,308,,8804,8820,4928,4944,16,a82eb44c5901d3bc74bdf48d0b25b031c412adbebbb04de70f592b79e5515a9f,b2005e003a01d2013e01180fea000000,,,,,False,,,,,,,,,,False,False
/battle/b_pl_stage/pl_bsdpm.narc,/battle/b_pl_stage/pl_bsdpm.narc!/member_00309,0,/battle/b_pl_stage/pl_bsdpm.narc,148,309,,8820,8836,4944,4960,16,d1bc98deaa7d512d27d44d24e2a0f994c7fc634812e4eec4a0313a391bc35885,b6005c0199014e00b501060228010000,,,,,False,,,,,,,,,,False,False
/battle/b_pl_stage/pl_bsdpm.narc,/battle/b_pl_stage/pl_bsdpm.narc!/member_00310,0,/battle/b_pl_stage/pl_bsdpm.narc,148,310,,8836,8852,4960,4976,16,ddb5a2cf2e7193190dc868b3fa7da92f1ba49273904d66c30b63d65026dd8593,bd0092014900710154010a03d5000000,,,,,False,,,,,,,,,,False,False
/battle/b_pl_stage/pl_bsdpm.narc,/battle/b_pl_stage/pl_bsdpm.narc!/member_00311,0,/battle/b_pl_stage/pl_bsdpm.narc,148,311,,8852,8868,4976,4992,16,307f7ae4deca6ecc82d3c983141e67fc77eb8aecb3c00d92c07ebb54fc5cc2d0,c7005e0060019801f700300fea000000,,,,,False,,,,,,,,,,False,False
/battle/b_pl_stage/pl_bsdpm.narc,/battle/b_pl_stage/pl_bsdpm.narc!/member_00312,0,/battle/b_pl_stage/pl_bsdpm.narc,148,312,,8868,8884,4992,5008,16,e6b556cc31a9f6ad57fc97c53d30e42d57e82f461c9de72ffd389358852decbd,cb00f200ac01d800f3000a039d000000,,,,,False,,,,,,,,,,False,False
/battle/b_pl_stage/pl_bsdpm.narc,/battle/b_pl_stage/pl_bsdpm.narc!/member_00313,0,/battle/b_pl_stage/pl_bsdpm.narc,148,313,,8884,8900,5008,5024,16,d806faa4253548002c1a54cc2782c6634fe9dace7503922b68e29fb441be7ca8,cd0068017301c201440003029d000000,,,,,False,,,,,,,,,,False,False
/battle/b_pl_stage/pl_bsdpm.narc,/battle/b_pl_stage/pl_bsdpm.narc!/member_00314,0,/battle/b_pl_stage/pl_bsdpm.narc,148,314,,8900,8916,5024,5040,16,54001debabc3619ee5721c5412f464ad7d0eb8f95d2eac97236711e8c191621d,d200d800f2007201bc010603e6000000,,,,,False,,,,,,,,,,False,False
/battle/b_pl_stage/pl_bsdpm.narc,/battle/b_pl_stage/pl_bsdpm.narc!/member_00315,0,/battle/b_pl_stage/pl_bsdpm.narc,148,315,,8916,8932,5040,5056,16,6cfec2d590a53557fc314ce945cf5c00edb9ee22a85314e2281a3e759d82e605,dd00a7015b00220002010603d5000000,,,,,False,,,,,,,,,,False,False
/battle/b_pl_stage/pl_bsdpm.narc,/battle/b_pl_stage/pl_bsdpm.narc!/member_00316,0,/battle/b_pl_stage/pl_bsdpm.narc,148,316,,8932,8948,5056,5072,16,d7dc7af255612b82da34d00487296242cdee3fb3a7340bb1db4d5b1bc1cc262f,e000be00b9015e0192011202e8000000,,,,,False,,,,,,,,,,False,False
/battle/b_pl_stage/pl_bsdpm.narc,/battle/b_pl_stage/pl_bsdpm.narc!/member_00317,0,/battle/b_pl_stage/pl_bsdpm.narc,148,317,,8948,8964,5072,5088,16,984bda8a6b53880672427df50f41593e5628375284a6de3b3222796d2d0f952c,e2004401590039004c0118100c010000,,,,,False,,,,,,,,,,False,False
/battle/b_pl_stage/pl_bsdpm.narc,/battle/b_pl_stage/pl_bsdpm.narc!/member_00318,0,/battle/b_pl_stage/pl_bsdpm.narc,148,318,,8964,8980,5088,5104,16,8d9b92868cd4ef9904d2050bf343d2456294405b14b760f572b754b9b4964f36,e3009d009001d30041000a0346010000,,,,,False,,,,,,,,,,False,False
/battle/b_pl_stage/pl_bsdpm.narc,/battle/b_pl_stage/pl_bsdpm.narc!/member_00319,0,/battle/b_pl_stage/pl_bsdpm.narc,148,319,,8980,8996,5104,5120,16,5b98673243d46c9b101d7106693095e45f8e530f7dcbcd6831467f52164cba4b,ea00460157000701f7001813dd000000,,,,,False,,,,,,,,,,False,False
/battle/b_pl_stage/pl_bsdpm.narc,/battle/b_pl_stage/pl_bsdpm.narc!/member_00320,0,/battle/b_pl_stage/pl_bsdpm.narc,148,320,,8996,9012,5120,5136,16,13ce5e79a747f491b94222d35fb5551c7fb110d86bb58a1e1d75b8771a9d8052,ed00a7004c01a800ef000a03cb000000,,,,,False,,,,,,,,,,False,False
/battle/b_pl_stage/pl_bsdpm.narc,/battle/b_pl_stage/pl_bsdpm.narc!/member_00321,0,/battle/b_pl_stage/pl_bsdpm.narc,148,321,,9012,9028,5136,5152,16,566646919218d6afcd90806931e09c24f4defbfdb1e9ccc9ea277afbd6fe34a0,f1002200ac016701e7000603ea000000,,,,,False,,,,,,,,,,False,False
/battle/b_pl_stage/pl_bsdpm.narc,/battle/b_pl_stage/pl_bsdpm.narc!/member_00322,0,/battle/b_pl_stage/pl_bsdpm.narc,148,322,,9028,9044,5152,5168,16,3c801504ffa18ffcb00070042b2a772b131f83c36a71c80c0a22706fdb81c3f2,1001ca006001f0003a00140fea000000,,Nintendo LZ10,Probable,,True,Nintendo LZ10,Probable,True,51713,False,,,,,False,False
/battle/b_pl_stage/pl_bsdpm.narc,/battle/b_pl_stage/pl_bsdpm.narc!/member_00323,0,/battle/b_pl_stage/pl_bsdpm.narc,148,323,,9044,9060,5168,5184,16,472f15b68695900a31563848df1744949028573404c9548c1bd889d79a6a3c4a,1301b50146018f019b01180fd6000000,,,,,False,,,,,,,,,,False,False
/battle/b_pl_stage/pl_bsdpm.narc,/battle/b_pl_stage/pl_bsdpm.narc!/member_00324,0,/battle/b_pl_stage/pl_bsdpm.narc,148,324,,9060,9076,5184,5200,16,c10de570fa55532bfc75c816ee942d9eae0aa8398446bf0dad891b4bc382ac6e,1e0147019201bc0109000a030c010000,,,,,False,,,,,,,,,,False,False
/battle/b_pl_stage/pl_bsdpm.narc,/battle/b_pl_stage/pl_bsdpm.narc!/member_00325,0,/battle/b_pl_stage/pl_bsdpm.narc,148,325,,9076,9092,5200,5216,16,60d7274c98c1c4ec5fbe8e55ee532b7f430637bd0c31e9af1bf64941f7452d5e,2001a3009001a50109000a0346010000,,Nintendo Huffman,Probable,,True,Nintendo Huffman,Probable,False,41729,,,,,,False,False
/battle/b_pl_stage/pl_bsdpm.narc,/battle/b_pl_stage/pl_bsdpm.narc!/member_00326,0,/battle/b_pl_stage/pl_bsdpm.narc,148,326,,9092,9108,5216,5232,16,56b55868c534f09942cf95292c2bed6c47ac71311888a483c37b89eed75ee840,230194014c015b00a3000603c9000000,,,,,False,,,,,,,,,,False,False
/battle/b_pl_stage/pl_bsdpm.narc,/battle/b_pl_stage/pl_bsdpm.narc!/member_00327,0,/battle/b_pl_stage/pl_bsdpm.narc,148,327,,9108,9124,5232,5248,16,f5c7de4d4e99f68f06dd1575a1719bbc1ea0e1d22dff7381e7b66c0b2880c1a5,27013001600135003a00140f15010000,,,,,False,,,,,,,,,,False,False
/battle/b_pl_stage/pl_bsdpm.narc,/battle/b_pl_stage/pl_bsdpm.narc!/member_00328,0,/battle/b_pl_stage/pl_bsdpm.narc,148,328,,9124,9140,5248,5264,16,22b6c253dd09701197309c399e9867b613df8078a24242728eb3cf8a668c7245,2901e9007301fc0009000302e6000000,,,,,False,,,,,,,,,,False,False
/battle/b_pl_stage/pl_bsdpm.narc,/battle/b_pl_stage/pl_bsdpm.narc!/member_00329,0,/battle/b_pl_stage/pl_bsdpm.narc,148,329,,9140,9156,5264,5280,16,35452cc3714b203444cd5cb7fb17b743da9493e1d33a154a76a61ab2283ecff9,36015700350081004401180f13010000,,,,,False,,,,,,,,,,False,False
/battle/b_pl_stage/pl_bsdpm.narc,/battle/b_pl_stage/pl_bsdpm.narc!/member_00330,0,/battle/b_pl_stage/pl_bsdpm.narc,148,330,,9156,9172,5280,5296,16,5f83a9b2ea87d6ba63d85027ca6e6889ba617fde4b6cc302a2324faea96d4c85,3d015c0008000700090003030c010000,,,,,False,,,,,,,,,,False,False
/battle/b_pl_stage/pl_bsdpm.narc,/battle/b_pl_stage/pl_bsdpm.narc!/member_00331,0,/battle/b_pl_stage/pl_bsdpm.narc,148,331,,9172,9188,5296,5312,16,a108f7f37bb8d91fe0cb80a6f2034ff630b5077ee36a0f984269a7f100316fbf,3f01f2007f00a701ac010a0313010000,,,,,False,,,,,,,,,,False,False
/battle/b_pl_stage/pl_bsdpm.narc,/battle/b_pl_stage/pl_bsdpm.narc!/member_00332,0,/battle/b_pl_stage/pl_bsdpm.narc,148,332,,9188,9204,5312,5328,16,54292e83c8eab6e3d9dc312eb8693b3ecb5cb0c787650a7e6f691ffbe7dc99b1,43011c019e01f6004c00300f0f010000,,,,,False,,,,,,,,,,False,False
/battle/b_pl_stage/pl_bsdpm.narc,/battle/b_pl_stage/pl_bsdpm.narc!/member_00333,0,/battle/b_pl_stage/pl_bsdpm.narc,148,333,,9204,9220,5328,5344,16,fc485ca489eb9f11c2c85192e309dafaa07b5bcf6173d7152d73f044f9e9ebfe,44013b0122009e01bc011211d6000000,,,,,False,,,,,,,,,,False,False
/battle/b_pl_stage/pl_bsdpm.narc,/battle/b_pl_stage/pl_bsdpm.narc!/member_00334,0,/battle/b_pl_stage/pl_bsdpm.narc,148,334,,9220,9236,5344,5360,16,d64ba62d908b34ab956e1f751065f52b45e6451c55a8301353a9a6ca94ddab05,46015e0098019c019b01300f0b010000,,,,,False,,,,,,,,,,False,False
/battle/b_pl_stage/pl_bsdpm.narc,/battle/b_pl_stage/pl_bsdpm.narc!/member_00335,0,/battle/b_pl_stage/pl_bsdpm.narc,148,335,,9236,9252,5360,5376,16,53abe6a74d98ce2fc47d8cdf120a09132b90031f8d32557993f08304778c4d17,4c0185012e0199010900220315010000,,,,,False,,,,,,,,,,False,False
/battle/b_pl_stage/pl_bsdpm.narc,/battle/b_pl_stage/pl_bsdpm.narc!/member_00336,0,/battle/b_pl_stage/pl_bsdpm.narc,148,336,,9252,9268,5376,5392,16,02d8ee041b4c5c78392e65f2b3b74442d0ba8a53e1fe91698bbd05081a24f7f0,4e0196013a013500d201180fea000000,,,,,False,,,,,,,,,,False,False
/battle/b_pl_stage/pl_bsdpm.narc,/battle/b_pl_stage/pl_bsdpm.narc!/member_00337,0,/battle/b_pl_stage/pl_bsdpm.narc,148,337,,9268,9284,5392,5408,16,638dd9188ff6d8376d156c18a920ea2cee2c6081888c11f26cf016bddb6f3021,4f013201a501720107000a0346010000,,,,,False,,,,,,,,,,False,False
/battle/b_pl_stage/pl_bsdpm.narc,/battle/b_pl_stage/pl_bsdpm.narc!/member_00338,0,/battle/b_pl_stage/pl_bsdpm.narc,148,338,,9284,9300,5408,5424,16,d0d2197e62ddd6c5a395a732bb9fafb56cb91be0ab17c35ff56e8402fdd0d7ae,5001310190019101e7000603ea000000,,,,,False,,,,,,,,,,False,False
/battle/b_pl_stage/pl_bsdpm.narc,/battle/b_pl_stage/pl_bsdpm.narc!/member_00339,0,/battle/b_pl_stage/pl_bsdpm.narc,148,339,,9300,9316,5424,5440,16,6d4db1e3194d1ded11fafd550306741d91cf88274dafe51235c66079e15bf517,51015e00f60044019e01180f0b010000,,,,,False,,,,,,,,,,False,False
/battle/b_pl_stage/pl_bsdpm.narc,/battle/b_pl_stage/pl_bsdpm.narc!/member_00340,0,/battle/b_pl_stage/pl_bsdpm.narc,148,340,,9316,9332,5440,5456,16,1112f2c0d6598c183f625736eeedba5f0ef96c8aaa71f6b4a61d6587d2fb1082,5201bc01ac015900ba010a030a010000,,,,,False,,,,,,,,,,False,False
/battle/b_pl_stage/pl_bsdpm.narc,/battle/b_pl_stage/pl_bsdpm.narc!/member_00341,0,/battle/b_pl_stage/pl_bsdpm.narc,148,341,,9332,9348,5456,5472,16,bfc98153151345c31207499406ed5cbe0da9eca03e639c6b4eec1d2b8998d16e,54019e016001f8003b003011ff000000,,,,,False,,,,,,,,,,False,False
/battle/b_pl_stage/pl_bsdpm.narc,/battle/b_pl_stage/pl_bsdpm.narc!/member_00342,0,/battle/b_pl_stage/pl_bsdpm.narc,148,342,,9348,9364,5472,5488,16,ffdbba99c7e62d9ed001802f8ebfb3e84c7b21d0a072ac1b370b05f864e882b9,5601f200980022004c010603d9000000,,,,,False,,,,,,,,,,False,False
/battle/b_pl_stage/pl_bsdpm.narc,/battle/b_pl_stage/pl_bsdpm.narc!/member_00343,0,/battle/b_pl_stage/pl_bsdpm.narc,148,343,,9364,9380,5488,5504,16,7b6c3a7eea098a9d1c67d17d6d5c63e37d56b4da55c522a30fd221891c4527ca,5a01f600ca00bc009e01140f28010000,,,,,False,,,,,,,,,,False,False
/battle/b_pl_stage/pl_bsdpm.narc,/battle/b_pl_stage/pl_bsdpm.narc!/member_00344,0,/battle/b_pl_stage/pl_bsdpm.narc,148,344,,9380,9396,5504,5520,16,17eb758051ef125a633d47ef2fd86689615043a8b877d33d4605743aa679ef6a,5c019401bc0191014c01060346010000,,,,,False,,,,,,,,,,False,False
/battle/b_pl_stage/pl_bsdpm.narc,/battle/b_pl_stage/pl_bsdpm.narc!/member_00345,0,/battle/b_pl_stage/pl_bsdpm.narc,148,345,,9396,9412,5520,5536,16,43c36ea8f2c6619c68c08f08b162d8e42fed5c86c8a253b7fd9261bf48eab76b,600192009901a5014c010a0d0c010000,,,,,False,,,,,,,,,,False,False
/battle/b_pl_stage/pl_bsdpm.narc,/battle/b_pl_stage/pl_bsdpm.narc!/member_00346,0,/battle/b_pl_stage/pl_bsdpm.narc,148,346,,9412,9428,5536,5552,16,fc097fb0b02b3ee274b2a5265285b76dcc88480e4d652607849c85d4013ddd7b,6201a50185015500c40012010b010000,,,,,False,,,,,,,,,,False,False
/battle/b_pl_stage/pl_bsdpm.narc,/battle/b_pl_stage/pl_bsdpm.narc!/member_00347,0,/battle/b_pl_stage/pl_bsdpm.narc,148,347,,9428,9444,5552,5568,16,0bd9606143d17ad4e5740d183765f09fa1c2cb51c55d012bd3afda248ece2386,640145010800090007000303d9000000,,,,,False,,,,,,,,,,False,False
/battle/b_pl_stage/pl_bsdpm.narc,/battle/b_pl_stage/pl_bsdpm.narc!/member_00348,0,/battle/b_pl_stage/pl_bsdpm.narc,148,348,,9444,9460,5568,5584,16,cb53a3ea88513f87462b2ad2cb8afd11fdc623acede8189ab6eca25c435c2f36,6501b5019301ef00d201110fd6000000,,,,,False,,,,,,,,,,False,False
/battle/b_pl_stage/pl_bsdpm.narc,/battle/b_pl_stage/pl_bsdpm.narc!/member_00349,0,/battle/b_pl_stage/pl_bsdpm.narc,148,349,,9460,9476,5584,5600,16,f0fd5f740300900d38773ae767fa92799e79243fa28895e80a84785169fe61c7,6701ab019001a501a3000a0d13010000,,,,,False,,,,,,,,,,False,False
/battle/b_pl_stage/pl_bsdpm.narc,/battle/b_pl_stage/pl_bsdpm.narc!/member_00350,0,/battle/b_pl_stage/pl_bsdpm.narc,148,350,,9476,9492,5600,5616,16,a1a65c482297baea4bdf175d68218a43cf6fd8f24578a0df9cfd78a733dda73b,6a013a008f0160014401180f9d000000,,,,,False,,,,,,,,,,False,False
/battle/b_pl_stage/pl_bsdpm.narc,/battle/b_pl_stage/pl_bsdpm.narc!/member_00351,0,/battle/b_pl_stage/pl_bsdpm.narc,148,351,,9492,9508,5616,5632,16,97b3d1b275d3b3d6631f95c0ba481d46c5be240be6ea4443b05b87f1c3df51b1,6f019101f2002200540122030a010000,,,,,False,,,,,,,,,,False,False
/battle/b_pl_stage/pl_bsdpm.narc,/battle/b_pl_stage/pl_bsdpm.narc!/member_00352,0,/battle/b_pl_stage/pl_bsdpm.narc,148,352,,9508,9524,5632,5648,16,1d5b8e4dab997932dffd054a07cd4629b5c62a17faeba20b5681fdf5ffce25fe,70015e006a014401f700300f0b010000,,,,,False,,,,,,,,,,False,False
/battle/b_pl_stage/pl_bsdpm.narc,/battle/b_pl_stage/pl_bsdpm.narc!/member_00353,0,/battle/b_pl_stage/pl_bsdpm.narc,148,353,,9524,9540,5648,5664,16,a9d7cd8de4673bf35a7d5ccc1c32745f312e9b0b36ea693766a171a0a04da3c0,7101c90191019e0126000302fd000000,,,,,False,,,,,,,,,,False,False
/battle/b_pl_stage/pl_bsdpm.narc,/battle/b_pl_stage/pl_bsdpm.narc!/member_00354,0,/battle/b_pl_stage/pl_bsdpm.narc,148,354,,9540,9556,5664,5680,16,ccff004933903aebb477eb229a12a46d36512c50b1fe1e15790b446654e8314f,8e019d017201620071010a03c9000000,,,,,False,,,,,,,,,,False,False
/battle/b_pl_stage/pl_bsdpm.narc,/battle/b_pl_stage/pl_bsdpm.narc!/member_00355,0,/battle/b_pl_stage/pl_bsdpm.narc,148,355,,9556,9572,5680,5696,16,7959e2b89ef607cfc229ec81eeedeb23b04a298f3cc197fcd77f0e2c28cf6053,9901c901ac01a30107000303fd000000,,,,,False,,,,,,,,,,False,False
/battle/b_pl_stage/pl_bsdpm.narc,/battle/b_pl_stage/pl_bsdpm.narc!/member_00356,0,/battle/b_pl_stage/pl_bsdpm.narc,148,356,,9572,9588,5696,5712,16,3d31eb18119f821e8d22065bad0eece8a83f89ef563b03575ac783fe991c22cb,9b0170013b0057007e001111d9000000,,,,,False,,,,,,,,,,False,False
/battle/b_pl_stage/pl_bsdpm.narc,/battle/b_pl_stage/pl_bsdpm.narc!/member_00357,0,/battle/b_pl_stage/pl_bsdpm.narc,148,357,,9588,9604,5712,5728,16,1e5c647609907694d1fb8c6e715602ad377dabd58901bdc2e3388101865f13b4,a0019801c601d2013a011202d5000000,,,,,False,,,,,,,,,,False,False
/battle/b_pl_stage/pl_bsdpm.narc,/battle/b_pl_stage/pl_bsdpm.narc!/member_00358,0,/battle/b_pl_stage/pl_bsdpm.narc,148,358,,9604,9620,5728,5744,16,06efe79ce3091575bdd610b71c07d99a46ef760f15c096279f9c0f2161202753,a3017f00f200080018010a03c9000000,,,,,False,,,,,,,,,,False,False
/battle/b_pl_stage/pl_bsdpm.narc,/battle/b_pl_stage/pl_bsdpm.narc!/member_00359,0,/battle/b_pl_stage/pl_bsdpm.narc,148,359,,9620,9636,5744,5760,16,4471d7dac6e52a62b58a4679781ce9fc2fb81f08eba16a1fb711c6ff8901bf30,a501f1004c00eb00d800180e1c010000,,,,,False,,,,,,,,,,False,False
/battle/b_pl_stage/pl_bsdpm.narc,/battle/b_pl_stage/pl_bsdpm.narc!/member_00360,0,/battle/b_pl_stage/pl_bsdpm.narc,148,360,,9636,9652,5760,5776,16,f2561b0801348521f4ff20c42661807695376a4225fdec156a355e140f0ae869,a7014a019e013b00bc00110fff000000,,,,,False,,,,,,,,,,False,False
/battle/b_pl_stage/pl_bsdpm.narc,/battle/b_pl_stage/pl_bsdpm.narc!/member_00361,0,/battle/b_pl_stage/pl_bsdpm.narc,148,361,,9652,9668,5776,5792,16,9416c7c707d164c6db0d816ae22c0ce1ef3a79e9d64c92da31ddff0dc1c742c2,a801ca015f014c01600112040c010000,,,,,False,,,,,,,,,,False,False
/battle/b_pl_stage/pl_bsdpm.narc,/battle/b_pl_stage/pl_bsdpm.narc!/member_00362,0,/battle/b_pl_stage/pl_bsdpm.narc,148,362,,9668,9684,5792,5808,16,69fb3d34b90360a3e1a8a0542b7cf4495025cc9d1f29e9eacee0a088e31242e6,aa01f7005e0055003a01180fcc000000,,,,,False,,,,,,,,,,False,False
/battle/b_pl_stage/pl_bsdpm.narc,/battle/b_pl_stage/pl_bsdpm.narc!/member_00363,0,/battle/b_pl_stage/pl_bsdpm.narc,148,363,,9684,9700,5808,5824,16,12c27f85df78a13dd8526590f8ae4446bd6ca7c441e264bd2239bea138fcbb14,ac019f0192005401b6000a0d20010000,,,,,False,,,,,,,,,,False,False
/battle/b_pl_stage/pl_bsdpm.narc,/battle/b_pl_stage/pl_bsdpm.narc!/member_00364,0,/battle/b_pl_stage/pl_bsdpm.narc,148,364,,9700,9716,5824,5840,16,42f8766e12caf554935e2e3129439fbbdb2ace142dedb5e90a426cff32d990f0,ad01f7009c0155005e00180fcc000000,,,,,False,,,,,,,,,,False,False
/battle/b_pl_stage/pl_bsdpm.narc,/battle/b_pl_stage/pl_bsdpm.narc!/member_00365,0,/battle/b_pl_stage/pl_bsdpm.narc,148,365,,9716,9732,5840,5856,16,b31baea77de94a4af8fc20227bef6234377a31db2797764b9d5b1daacb13bd2f,b0012200a5017101e7000603dd000000,,,,,False,,,,,,,,,,False,False
/battle/b_pl_stage/pl_bsdpm.narc,/battle/b_pl_stage/pl_bsdpm.narc!/member_00366,0,/battle/b_pl_stage/pl_bsdpm.narc,148,366,,9732,9748,5856,5872,16,73fa8e046c37f3426f4705235df75e17b2e6a1b60bb4f1042a997dafc1b769cd,b30135008e018f01e70012040c010000,,,,,False,,,,,,,,,,False,False
/battle/b_pl_stage/pl_bsdpm.narc,/battle/b_pl_stage/pl_bsdpm.narc!/member_00367,0,/battle/b_pl_stage/pl_bsdpm.narc,148,367,,9748,9764,5872,5888,16,a0f505cb1e393f78ce024171993cd0df3a62c7336db5380da3e0d33fe98a92a6,ba018f01d2013e01c400110fcc000000,,,,,False,,,,,,,,,,False,False
/battle/b_pl_stage/pl_bsdpm.narc,/battle/b_pl_stage/pl_bsdpm.narc!/member_00368,0,/battle/b_pl_stage/pl_bsdpm.narc,148,368,,9764,9780,5888,5904,16,1abf76c7cb4cadc3d98f488bf4f9c73758a6937e418b64a39c11af99cdfe3286,c6018e011701a20194010602c9000000,,,,,False,,,,,,,,,,False,False
/battle/b_pl_stage/pl_bsdpm.narc,/battle/b_pl_stage/pl_bsdpm.narc!/member_00369,0,/battle/b_pl_stage/pl_bsdpm.narc,148,369,,9780,9796,5904,5920,16,a42e105e8f707fec405bc17e255cb953a61f638633ab56ce2b9e1790b0bc3476,c701b601f200130149000303ea000000,,,,,False,,,,,,,,,,False,False
/battle/b_pl_stage/pl_bsdpm.narc,/battle/b_pl_stage/pl_bsdpm.narc!/member_00370,0,/battle/b_pl_stage/pl_bsdpm.narc,148,370,,9796,9812,5920,5936,16,2a201f3f6a307d0dbf79f5edb532020559706cb0a06e9d4bf707d6cd81d17a5a,c9013e01d20160013a01180ad5000000,,,,,False,,,,,,,,,,False,False
/battle/b_pl_stage/pl_bsdpm.narc,/battle/b_pl_stage/pl_bsdpm.narc!/member_00371,0,/battle/b_pl_stage/pl_bsdpm.narc,148,371,,9812,9828,5936,5952,16,2a25ce03819e49d09db33a3280465d7f240ddcc1878e968c9a6c4969ee654de6,cc01c401a3011801e70003039e000000,,,,,False,,,,,,,,,,False,False
/battle/b_pl_stage/pl_bsdpm.narc,/battle/b_pl_stage/pl_bsdpm.narc!/member_00372,0,/battle/b_pl_stage/pl_bsdpm.narc,148,372,,9828,9844,5952,5968,16,f172f501a9ffb51927c580761531f5f2c2cbb333cf40e51d2b6582a509e52af2,de0102013b00d2015e001814d5000000,,,,,False,,,,,,,,,,False,False
/battle/b_pl_stage/pl_bsdpm.narc,/battle/b_pl_stage/pl_bsdpm.narc!/member_00373,0,/battle/b_pl_stage/pl_bsdpm.narc,148,373,,9844,9860,5968,5984,16,2f07c0d9c320d257c7364317b85cba0dea833aafe33881ff8aa2ad8160e60ad7,df01f700550044018100180acc000000,,,,,False,,,,,,,,,,False,False
/battle/b_pl_stage/pl_bsdpm.narc,/battle/b_pl_stage/pl_bsdpm.narc!/member_00374,0,/battle/b_pl_stage/pl_bsdpm.narc,148,374,,9860,9876,5984,6000,16,28bef9465bcd3f5140ce3d341be36e1284ee1b187cd02856c7929d220383497c,1200d20101019301fd00180f0b010000,,,,,False,,,,,,,,,,False,False
/battle/b_pl_stage/pl_bsdpm.narc,/battle/b_pl_stage/pl_bsdpm.narc!/member_00375,0,/battle/b_pl_stage/pl_bsdpm.narc,148,375,,9876,9892,6000,6016,16,5924c6a2f080c76b12923d1dd52b1201d01665751c68683c0f09c3f2b7216d44,160041007101d300b9000a0d0a010000,,,,,False,,,,,,,,,,False,False
/battle/b_pl_stage/pl_bsdpm.narc,/battle/b_pl_stage/pl_bsdpm.narc!/member_00376,0,/battle/b_pl_stage/pl_bsdpm.narc,148,376,,9892,9908,6016,6032,16,29da7e2ea447a31682eadcc3376340dee2e35bf397eb7108ed06c6872c2e4476,090019013401d800b600301113010000,,,,,False,,,,,,,,,,False,False
/battle/b_pl_stage/pl_bsdpm.narc,/battle/b_pl_stage/pl_bsdpm.narc!/member_00377,0,/battle/b_pl_stage/pl_bsdpm.narc,148,377,,9908,9924,6032,6048,16,f376c2a4b8f14cdd95dcbfc627c54fe4f292e05636afcb749f696f2e681349ae,260005016d0062003b011810d6000000,,,,,False,,,,,,,,,,False,False
/battle/b_pl_stage/pl_bsdpm.narc,/battle/b_pl_stage/pl_bsdpm.narc!/member_00378,0,/battle/b_pl_stage/pl_bsdpm.narc,148,378,,9924,9940,6048,6064,16,2fe39b6b9b72b4aa167b8f6909bab7b58b8618b04a1f3012c60b7fe84bce529a,37006a01c5013800d8001810cc000000,,,,,False,,,,,,,,,,False,False
/battle/b_pl_stage/pl_bsdpm.narc,/battle/b_pl_stage/pl_bsdpm.narc!/member_00379,0,/battle/b_pl_stage/pl_bsdpm.narc,148,379,,9940,9956,6064,6080,16,88c51e1e0064e1c97a8f1014f2a99042eab434330d412f951c3d23661df23588,3b00f5008a01070105010a0346010000,,,,,False,,,,,,,,,,False,False
/battle/b_pl_stage/pl_bsdpm.narc,/battle/b_pl_stage/pl_bsdpm.narc!/member_00380,0,/battle/b_pl_stage/pl_bsdpm.narc,148,380,,9956,9972,6080,6096,16,2284a7acc6d8b25565c778fafbece946e9ad29a9c0c53d503b29c58a1f50b9cb,3e009b0139005f009a01141114010000,,,,,False,,,,,,,,,,False,False
/battle/b_pl_stage/pl_bsdpm.narc,/battle/b_pl_stage/pl_bsdpm.narc!/member_00381,0,/battle/b_pl_stage/pl_bsdpm.narc,148,381,,9972,9988,6096,6112,16,83b38b2851dd0240bea8339d22198febf02d935258b409f8b6a0792f069d276f,4400df009a01c10017010602e6000000,,,,,False,,,,,,,,,,False,False
/battle/b_pl_stage/pl_bsdpm.narc,/battle/b_pl_stage/pl_bsdpm.narc!/member_00382,0,/battle/b_pl_stage/pl_bsdpm.narc,148,382,,9988,10004,6112,6128,16,66eed3cb169f3950bbf425c6d1c39ded8fda5e18d0c57e6a241f77e648220c1a,49007f008e015c0023012203d5000000,,,,,False,,,,,,,,,,False,False
/battle/b_pl_stage/pl_bsdpm.narc,/battle/b_pl_stage/pl_bsdpm.narc!/member_00383,0,/battle/b_pl_stage/pl_bsdpm.narc,148,383,,10004,10020,6128,6144,16,bfe82989b20c43ee5452b43d4cd48a03d51b55a2b1572df6393f52b7a0f27fa1,4e008a01620017003b01120147010000,,,,,False,,,,,,,,,,False,False
/battle/b_pl_stage/pl_bsdpm.narc,/battle/b_pl_stage/pl_bsdpm.narc!/member_00384,0,/battle/b_pl_stage/pl_bsdpm.narc,148,384,,10020,10036,6144,6160,16,ba1b3fa16cda9da0a09814883e47ff628fd5dac2b2a06681238232ee39e7a286,5900b901da005c009700241719010000,,,,,False,,,,,,,,,,False,False
/battle/b_pl_stage/pl_bsdpm.narc,/battle/b_pl_stage/pl_bsdpm.narc!/member_00385,0,/battle/b_pl_stage/pl_bsdpm.narc,148,385,,10036,10052,6160,6176,16,2e514b90b839f36e2645b0888f8b4edd8c339c7b82c7ec5138fc2262f0af7c8a,5b003a004e0183006a011213e8000000,,,,,False,,,,,,,,,,False,False
/battle/b_pl_stage/pl_bsdpm.narc,/battle/b_pl_stage/pl_bsdpm.narc!/member_00386,0,/battle/b_pl_stage/pl_bsdpm.narc,148,386,,10052,10068,6176,6192,16,1f5109758e99a6047ffcc491fccf09ece0adb1b5653b6cc1e722e226ec339c55,5e00f700bc005f00ab00180a47010000,,,,,False,,,,,,,,,,False,False
/battle/b_pl_stage/pl_bsdpm.narc,/battle/b_pl_stage/pl_bsdpm.narc!/member_00387,0,/battle/b_pl_stage/pl_bsdpm.narc,148,387,,10068,10084,6192,6208,16,6e094cd42328479d30015215d89947a45239a4fa6b16232f632d41ddf0b6a812,6700c401ac019c00d6000303c9000000,,,,,False,,,,,,,,,,False,False
/battle/b_pl_stage/pl_bsdpm.narc,/battle/b_pl_stage/pl_bsdpm.narc!/member_00388,0,/battle/b_pl_stage/pl_bsdpm.narc,148,388,,10084,10100,6208,6224,16,192cf6a2fcbc2fd326ba2ddd0901f10330ebbd412c43792f5af777358702fc1a,790038005e0069006800180ad5000000,,,,,False,,,,,,,,,,False,False
/battle/b_pl_stage/pl_bsdpm.narc,/battle/b_pl_stage/pl_bsdpm.narc!/member_00389,0,/battle/b_pl_stage/pl_bsdpm.narc,148,389,,10100,10116,6224,6240,16,d57840aaec5652053f6a433bef82e457a66f27888f1a516af6de8a43a852b89f,7b0094014c010e0062000a0d13010000,,,,,False,,,,,,,,,,False,False
/battle/b_pl_stage/pl_bsdpm.narc,/battle/b_pl_stage/pl_bsdpm.narc!/member_00390,0,/battle/b_pl_stage/pl_bsdpm.narc,148,390,,10116,10132,6240,6256,16,3c0d0df786459f0a328bf7939be388101813b9eaa336ef0fe96268ffde0d788b,7f009401a0010e0062000a0dcb000000,,,,,False,,,,,,,,,,False,False
/battle/b_pl_stage/pl_bsdpm.narc,/battle/b_pl_stage/pl_bsdpm.narc!/member_00391,0,/battle/b_pl_stage/pl_bsdpm.narc,148,391,,10132,10148,6256,6272,16,6dee9732dab4ca853ddde8ac79984bf5a39dc9b970e0467cb2dd4dc074964697,820054017f005d016a010a010e010000,,,,,False,,,,,,,,,,False,False
/battle/b_pl_stage/pl_bsdpm.narc,/battle/b_pl_stage/pl_bsdpm.narc!/member_00392,0,/battle/b_pl_stage/pl_bsdpm.narc,148,392,,10148,10164,6272,6288,16,821801545c53dda9e87e7220e9df384a668007230cc490ba6be9a0ad3bfc4003,83003b0039009c00d600110f9d000000,,,,,False,,,,,,,,,,False,False
/battle/b_pl_stage/pl_bsdpm.narc,/battle/b_pl_stage/pl_bsdpm.narc!/member_00393,0,/battle/b_pl_stage/pl_bsdpm.narc,148,393,,10164,10180,6288,6304,16,03664aa0a345394e9c7d692e4d9f961ab9f0a6e54c1aca8e5b1ab486d3bc101d,8600390062008801190111100c010000,,,,,False,,,,,,,,,,False,False
/battle/b_pl_stage/pl_bsdpm.narc,/battle/b_pl_stage/pl_bsdpm.narc!/member_00394,0,/battle/b_pl_stage/pl_bsdpm.narc,148,394,,10180,10196,6304,6320,16,a53a02fc1242d5f6fd0ec750a31ab391bd27c467938e9c9548be829661cf5b3e,8700b30162006800560018130c010000,,,,,False,,,,,,,,,,False,False
/battle/b_pl_stage/pl_bsdpm.narc,/battle/b_pl_stage/pl_bsdpm.narc!/member_00395,0,/battle/b_pl_stage/pl_bsdpm.narc,148,395,,10196,10212,6320,6336,16,ba3ae727ac804dbdd244958aceff6369f1f37566cc1acb3b824ad27c6ccacbcb,8800b4016200b600050110100c010000,,,,,False,,,,,,,,,,False,False
/battle/b_pl_stage/pl_bsdpm.narc,/battle/b_pl_stage/pl_bsdpm.narc!/member_00396,0,/battle/b_pl_stage/pl_bsdpm.narc,148,396,,10212,10228,6336,6352,16,57490c38cfb87f6f7a3d8ef03f89f83d34fb87c5fa7e7ed1338140b047017110,8e00bc014c01c90013000a03ea000000,,,,,False,,,,,,,,,,False,False
/battle/b_pl_stage/pl_bsdpm.narc,/battle/b_pl_stage/pl_bsdpm.narc!/member_00397,0,/battle/b_pl_stage/pl_bsdpm.narc,148,397,,10228,10244,6352,6368,16,f67868101685c7eb29107f0a4346c9a989ce155608bcd18f81a6d93ce07d25ec,8f00f200a001ac0118010602dc000000,,,,,False,,,,,,,,,,False,False
/battle/b_pl_stage/pl_bsdpm.narc,/battle/b_pl_stage/pl_bsdpm.narc!/member_00398,0,/battle/b_pl_stage/pl_bsdpm.narc,148,398,,10244,10260,6368,6384,16,bd8d04e7c1f981b18149beeca638038332469e00084da2676369a06442e15cfd,90003b003a0173006301140fcd000000,,,,,False,,,,,,,,,,False,False
/battle/b_pl_stage/pl_bsdpm.narc,/battle/b_pl_stage/pl_bsdpm.narc!/member_00399,0,/battle/b_pl_stage/pl_bsdpm.narc,148,399,,10260,10276,6384,6400,16,9cc1e4fab291b7283951fdc55ec44ebca5d326131e55e653b66882ddd98172c2,910057003a0171006301300fca000000,,,,,False,,,,,,,,,,False,False
/battle/b_pl_stage/pl_bsdpm.narc,/battle/b_pl_stage/pl_bsdpm.narc!/member_00400,0,/battle/b_pl_stage/pl_bsdpm.narc,148,400,,10276,10292,6400,6416,16,c90248437cafd8a54a61b48ff4203853d8eafd5abd6fadb92567c74796c05085,92007e003a018f006301140f46010000,,,,,False,,,,,,,,,,False,False
/battle/b_pl_stage/pl_bsdpm.narc,/battle/b_pl_stage/pl_bsdpm.narc!/member_00401,0,/battle/b_pl_stage/pl_bsdpm.narc,148,401,,10292,10308,6416,6432,16,78809a1474ef4b16d1556044428f321d7d7dcac9a51eaff4c3a857f8fc05607e,95006301c8004c015d010a039d000000,,,,,False,,,,,,,,,,False,False
/battle/b_pl_stage/pl_bsdpm.narc,/battle/b_pl_stage/pl_bsdpm.narc!/member_00402,0,/battle/b_pl_stage/pl_bsdpm.narc,148,402,,10308,10324,6432,6448,16,a0bb0446b1ad854f82a2300b551b512e8d90acd74e82d2159a2691193871c76a,9a009c01590122004400111113010000,,,,,False,,,,,,,,,,False,False
/battle/b_pl_stage/pl_bsdpm.narc,/battle/b_pl_stage/pl_bsdpm.narc!/member_00403,0,/battle/b_pl_stage/pl_bsdpm.narc,148,403,,10324,10340,6448,6464,16,2a88fe61d04a8e546794540e77b8eb0727d4c8e28212da1bbef524ada62fe728,9d001c0162003b018100180ad6000000,,,,,False,,,,,,,,,,False,False
/battle/b_pl_stage/pl_bsdpm.narc,/battle/b_pl_stage/pl_bsdpm.narc!/member_00404,0,/battle/b_pl_stage/pl_bsdpm.narc,148,404,,10340,10356,6464,6480,16,693cd880bcce4ae64d8b0a0dbfd6c373a8af66d06bf2b7da77e40d0b00936e6d,a0009101a300cb00f0000a0ecb000000,,,,,False,,,,,,,,,,False,False
/battle/b_pl_stage/pl_bsdpm.narc,/battle/b_pl_stage/pl_bsdpm.narc!/member_00405,0,/battle/b_pl_stage/pl_bsdpm.narc,148,405,,10356,10372,6480,6496,16,9b0ae43b86914322b5988275cd987f2bce84b3ecbf2adac7899bc71f79cdc9f3,a9009d01b80168005c000a0dd5000000,,,,,False,,,,,,,,,,False,False
/battle/b_pl_stage/pl_bsdpm.narc,/battle/b_pl_stage/pl_bsdpm.narc!/member_00406,0,/battle/b_pl_stage/pl_bsdpm.narc,148,406,,10372,10388,6496,6512,16,f03fbe29c2ae16ff76c06b2932673737d092eea68330c18a7a354de6b2435d43,b50071009c005700ad0014110d010000,,,,,False,,,,,,,,,,False,False
/battle/b_pl_stage/pl_bsdpm.narc,/battle/b_pl_stage/pl_bsdpm.narc!/member_00407,0,/battle/b_pl_stage/pl_bsdpm.narc,148,407,,10388,10404,6512,6528,16,04425719f2c994f8c90237e951393e5cf844bca006229b1b169c04cdb7ab6db7,ba00300139009c00ad00180fff000000,,,,,False,,,,,,,,,,False,False
/battle/b_pl_stage/pl_bsdpm.narc,/battle/b_pl_stage/pl_bsdpm.narc!/member_00408,0,/battle/b_pl_stage/pl_bsdpm.narc,148,408,,10404,10420,6528,6544,16,465d1ffb35fee527099ef9e83be81411f378e60cfb7761a087297099c20b3b21,c4005e0081006800ea00180fd5000000,,,,,False,,,,,,,,,,False,False
/battle/b_pl_stage/pl_bsdpm.narc,/battle/b_pl_stage/pl_bsdpm.narc!/member_00409,0,/battle/b_pl_stage/pl_bsdpm.narc,148,409,,10420,10436,6544,6560,16,ba7d9c9890bddbec21a9792a58a7c74fd7d70bef2abdae21d989f5b42f37220e,c500070185016d00ec002407ea000000,,,,,False,,,,,,,,,,False,False
/battle/b_pl_stage/pl_bsdpm.narc,/battle/b_pl_stage/pl_bsdpm.narc!/member_00410,0,/battle/b_pl_stage/pl_bsdpm.narc,148,410,,10436,10452,6560,6576,16,a06fffe97b30f17fc0df0518d1eeb3050bafdca4dc6dc2ccdcdf4c42ead2f710,d00068015b00c900ae00060216010000,,,,,False,,,,,,,,,,False,False
/battle/b_pl_stage/pl_bsdpm.narc,/battle/b_pl_stage/pl_bsdpm.narc!/member_00411,0,/battle/b_pl_stage/pl_bsdpm.narc,148,411,,10452,10468,6576,6592,16,e83f6144261e5058c7d80093b0a0d214431e7899b24a1958a29e7e15909c068e,d4000e0094014400a201030213010000,,,,,False,,,,,,,,,,False,False
/battle/b_pl_stage/pl_bsdpm.narc,/battle/b_pl_stage/pl_bsdpm.narc!/member_00412,0,/battle/b_pl_stage/pl_bsdpm.narc,148,412,,10468,10484,6592,6608,16,4d8482a8eeb485644e21e6078403a10e5e0654065461ad7d086be36b71189c08,d500c201cd00c900b60021171b010000,,,,,False,,,,,,,,,,False,False
/battle/b_pl_stage/pl_bsdpm.narc,/battle/b_pl_stage/pl_bsdpm.narc!/member_00413,0,/battle/b_pl_stage/pl_bsdpm.narc,148,413,,10484,10500,6608,6624,16,0e2923dc272f74a9321720ae8c0ce052b4a87768b412e20aa3280b4f5f7b8a82,d600e00072010701b3000a0dcb000000,,,,,False,,,,,,,,,,False,False
/battle/b_pl_stage/pl_bsdpm.narc,/battle/b_pl_stage/pl_bsdpm.narc!/member_00414,0,/battle/b_pl_stage/pl_bsdpm.narc,148,414,,10500,10516,6624,6640,16,35e2c0af3bdd56dd6166b062c2a3d14e399941191fa3a96fd1bf42dbbb86800a,d900da009c00d60009000603e6000000,,,,,False,,,,,,,,,,False,False
/battle/b_pl_stage/pl_bsdpm.narc,/battle/b_pl_stage/pl_bsdpm.narc!/member_00415,0,/battle/b_pl_stage/pl_bsdpm.narc,148,415,,10516,10532,6640,6656,16,9b3d880baf0d7fc8674535d015824b9f79919ace8ac50ffcc71617183e1612bf,e5008f013500f200a80112101f010000,,,,,False,,,,,,,,,,False,False
/battle/b_pl_stage/pl_bsdpm.narc,/battle/b_pl_stage/pl_bsdpm.narc!/member_00416,0,/battle/b_pl_stage/pl_bsdpm.narc,148,416,,10532,10548,6656,6672,16,0885762c8617f914fc09298e802986d6235fd4b2649888f7e8c684435e2ee456,e6009601380019016a01180fe8000000,,,,,False,,,,,,,,,,False,False
/battle/b_pl_stage/pl_bsdpm.narc,/battle/b_pl_stage/pl_bsdpm.narc!/member_00417,0,/battle/b_pl_stage/pl_bsdpm.narc,148,417,,10548,10564,6672,6688,16,6a7697d522be4f99f7a0aba77e346162e715fde9d9622427cfd9799e1d0f1afb,e8005900a001b600c9000603ea000000,,,,,False,,,,,,,,,,False,False
/battle/b_pl_stage/pl_bsdpm.narc,/battle/b_pl_stage/pl_bsdpm.narc!/member_00418,0,/battle/b_pl_stage/pl_bsdpm.narc,148,418,,10564,10580,6688,6704,16,4a56d78680937446f7caa5b4ea375f7e765f8b1f30102735fbc7063d2d30c8c2,e900a100d8005e00ac011213d9000000,,,,,False,,,,,,,,,,False,False
/battle/b_pl_stage/pl_bsdpm.narc,/battle/b_pl_stage/pl_bsdpm.narc!/member_00419,0,/battle/b_pl_stage/pl_bsdpm.narc,148,419,,10580,10596,6704,6720,16,a4c6c54a4e7e861523580a04b90271354245f35c00143abbfa502e7f963d40a0,f200d80087007e006b0024169d000000,,,,,False,,,,,,,,,,False,False
/battle/b_pl_stage/pl_bsdpm.narc,/battle/b_pl_stage/pl_bsdpm.narc!/member_00420,0,/battle/b_pl_stage/pl_bsdpm.narc,148,420,,10596,10612,6720,6736,16,20e1702e06fd930353c0a3038953d0c37a1c3797d3f2d4ea7c577c04bdb3eea5,f300570062007300a601180ee8000000,,,,,False,,,,,,,,,,False,False
/battle/b_pl_stage/pl_bsdpm.narc,/battle/b_pl_stage/pl_bsdpm.narc!/member_00421,0,/battle/b_pl_stage/pl_bsdpm.narc,148,421,,10612,10628,6736,6752,16,3138a9022fa1f2c3931131562d87316a4e6a77e0a96a526c3c0f8c2a72b6da71,f4001c01af013500a8011813d9000000,,,,,False,,,,,,,,,,False,False
/battle/b_pl_stage/pl_bsdpm.narc,/battle/b_pl_stage/pl_bsdpm.narc!/member_00422,0,/battle/b_pl_stage/pl_bsdpm.narc,148,422,,10628,10644,6752,6768,16,e2e0633d49644386fb8620197ffd806593b2c320281b9182684ec93231c0ed9b,f500f30007013800730024059e000000,,,,,False,,,,,,,,,,False,False
/battle/b_pl_stage/pl_bsdpm.narc,/battle/b_pl_stage/pl_bsdpm.narc!/member_00423,0,/battle/b_pl_stage/pl_bsdpm.narc,148,423,,10644,10660,6768,6784,16,f5bed6233c0f569390769d50315464802f3ee3c67945448dc7625952663a9608,f800bc01f2008f01f6001202d9000000,,,,,False,,,,,,,,,,False,False
/battle/b_pl_stage/pl_bsdpm.narc,/battle/b_pl_stage/pl_bsdpm.narc!/member_00424,0,/battle/b_pl_stage/pl_bsdpm.narc,148,424,,10660,10676,6784,6800,16,7d41bc2d84c0cf0f101e809123d89f50d41b55091195fe8be4016f174027dcb6,fe005c016200b501bf010a04e8000000,,,,,False,,,,,,,,,,False,False
/battle/b_pl_stage/pl_bsdpm.narc,/battle/b_pl_stage/pl_bsdpm.narc!/member_00425,0,/battle/b_pl_stage/pl_bsdpm.narc,148,425,,10676,10692,6800,6816,16,15b752bdc15f762ad7d4c664585932e5759e1ca8ac44baeb22d414922c9b427f,01012b0147019b0162000a01c9000000,,,,,False,,,,,,,,,,False,False
/battle/b_pl_stage/pl_bsdpm.narc,/battle/b_pl_stage/pl_bsdpm.narc!/member_00426,0,/battle/b_pl_stage/pl_bsdpm.narc,148,426,,10692,10708,6816,6832,16,a4f5a225939e75b642573c99db4715e78f5fdd4ef58ab9f4db7a93221e7c83b7,04014a01aa01a4009c003011d5000000,,,,,False,,,,,,,,,,False,False
/battle/b_pl_stage/pl_bsdpm.narc,/battle/b_pl_stage/pl_bsdpm.narc!/member_00427,0,/battle/b_pl_stage/pl_bsdpm.narc,148,427,,10708,10724,6832,6848,16,e8270a8c6cbe4d41ff344fd42557726b561074c3232b7fc9fe953ec7cafc7ff9,1a015e000f018100b600180a20010000,,,,,False,,,,,,,,,,False,False
/battle/b_pl_stage/pl_bsdpm.narc,/battle/b_pl_stage/pl_bsdpm.narc!/member_00428,0,/battle/b_pl_stage/pl_bsdpm.narc,148,428,,10724,10740,6848,6864,16,e058534ce57d3b400b01d663e8804d1a6a0a9352367ce6a8d9e6e9b7cee0c519,2101e3004400da00b9000603ea000000,,,,,False,,,,,,,,,,False,False
/battle/b_pl_stage/pl_bsdpm.narc,/battle/b_pl_stage/pl_bsdpm.narc!/member_00429,0,/battle/b_pl_stage/pl_bsdpm.narc,148,429,,10740,10756,6864,6880,16,f279a423654aebe7ef59b616193ed8a85335efcbafa77085648c31573f0d4b54,3201bc01e7007001c900060314010000,,,,,False,,,,,,,,,,False,False
/battle/b_pl_stage/pl_bsdpm.narc,/battle/b_pl_stage/pl_bsdpm.narc!/member_00430,0,/battle/b_pl_stage/pl_bsdpm.narc,148,430,,10756,10772,6880,6896,16,74f83b7e837f2396dde1121e1e42305fc9f6e89536abcc856dd68204316bec1e,41014301d60022009c001111d5000000,,,,,False,,,,,,,,,,False,False
/battle/b_pl_stage/pl_bsdpm.narc,/battle/b_pl_stage/pl_bsdpm.narc!/member_00431,0,/battle/b_pl_stage/pl_bsdpm.narc,148,431,,10772,10788,6896,6912,16,a6c16a8c4e61359ebd3dafcfee697cd25b614477a6940f7b285e44be0555f69b,4a019e019601c9006301180f0b010000,,,,,False,,,,,,,,,,False,False
/battle/b_pl_stage/pl_bsdpm.narc,/battle/b_pl_stage/pl_bsdpm.narc!/member_00432,0,/battle/b_pl_stage/pl_bsdpm.narc,148,432,,10788,10804,6912,6928,16,f77aa4d3965ba58ded15c47da4e95bfa3a97d92ff2bfe6f85d30c1f44c0c51d8,58019e015e005900ac0112131f010000,,,,,False,,,,,,,,,,False,False
/battle/b_pl_stage/pl_bsdpm.narc,/battle/b_pl_stage/pl_bsdpm.narc!/member_00433,0,/battle/b_pl_stage/pl_bsdpm.narc,148,433,,10804,10820,6928,6944,16,3e01e603f127ba3d324d42df4f642d22c5216db56e3ccdb495b6295ccad56c4f,5e019c00d6003800070112110e010000,,,,,False,,,,,,,,,,False,False
/battle/b_pl_stage/pl_bsdpm.narc,/battle/b_pl_stage/pl_bsdpm.narc!/member_00434,0,/battle/b_pl_stage/pl_bsdpm.narc,148,434,,10820,10836,6944,6960,16,c71a548c4fbc081ed72c4760974dccce06165a1fa27e3820fa0263b98408c3bd,6d013b00230102016a0111111a010000,,,,,False,,,,,,,,,,False,False
/battle/b_pl_stage/pl_bsdpm.narc,/battle/b_pl_stage/pl_bsdpm.narc!/member_00435,0,/battle/b_pl_stage/pl_bsdpm.narc,148,435,,10836,10852,6960,6976,16,9e8ea6a3aafdfa06714d309d4e22472ce7ff2693c3d6096fa347352ff5da30e9,e8015e00ab01a30077011201ea000000,,,,,False,,,,,,,,,,False,False
/battle/b_pl_stage/pl_bsdpm.narc,/battle/b_pl_stage/pl_bsdpm.narc!/member_00436,0,/battle/b_pl_stage/pl_bsdpm.narc,148,436,,10852,10868,6976,6992,16,ec6c4a36178ec43a1e7abd0e2534fe9b7dad10550f9e1d58d03ae0135b1b4d26,750151014c01da0063010a03c9000000,,,,,False,,,,,,,,,,False,False
/battle/b_pl_stage/pl_bsdpm.narc,/battle/b_pl_stage/pl_bsdpm.narc!/member_00437,0,/battle/b_pl_stage/pl_bsdpm.narc,148,437,,10868,10884,6992,7008,16,f8b56b548116967ea56403b0681aab565c5e25b5f8fe16ec02f37c3ae9d6fd61,78013501ac01a20171000603d9000000,,,,,False,,,,,,,,,,False,False
/battle/b_pl_stage/pl_bsdpm.narc,/battle/b_pl_stage/pl_bsdpm.narc!/member_00438,0,/battle/b_pl_stage/pl_bsdpm.narc,148,438,,10884,10900,7008,7024,16,f9334e34265c961c9ff98e04fb358603a9a89cc9545457a53305b49156123541,7901bc01f600a001560012029e000000,,,,,False,,,,,,,,,,False,False
/battle/b_pl_stage/pl_bsdpm.narc,/battle/b_pl_stage/pl_bsdpm.narc!/member_00439,0,/battle/b_pl_stage/pl_bsdpm.narc,148,439,,10900,10916,7024,7040,16,f381695b9a5b499921a09308a24515b92f75f0d8b962f17491f021c7f64c7a7f,7a013b00a3013f00560012119e000000,,,,,False,,,,,,,,,,False,False
/battle/b_pl_stage/pl_bsdpm.narc,/battle/b_pl_stage/pl_bsdpm.narc!/member_00440,0,/battle/b_pl_stage/pl_bsdpm.narc,148,440,,10916,10932,7040,7056,16,e5bc13ad4dc63178f016a23e0538e907e940d1a1f37fb4d3297b1eaa735b94f3,7b01ba01ae01a001560012029e000000,,,,,False,,,,,,,,,,False,False
/battle/b_pl_stage/pl_bsdpm.narc,/battle/b_pl_stage/pl_bsdpm.narc!/member_00441,0,/battle/b_pl_stage/pl_bsdpm.narc,148,441,,10932,10948,7056,7072,16,84107f57dac9145a761a8e516066422a7fe5fffafd24f660986d3f7cef7cf936,7c01280196016900bd01300fcb000000,,,,,False,,,,,,,,,,False,False
/battle/b_pl_stage/pl_bsdpm.narc,/battle/b_pl_stage/pl_bsdpm.narc!/member_00442,0,/battle/b_pl_stage/pl_bsdpm.narc,148,442,,10948,10964,7072,7088,16,beb71f4eceda1765fcfc7a697f44254933a62fdcdf7125caf59808b4d0b67ced,7d01270196016900bd01300fcb000000,,,,,False,,,,,,,,,,False,False
/battle/b_pl_stage/pl_bsdpm.narc,/battle/b_pl_stage/pl_bsdpm.narc!/member_00443,0,/battle/b_pl_stage/pl_bsdpm.narc,148,443,,10964,10980,7088,7104,16,5c2fb01553621c02b61939541c2b3dd497b4defd7b5335bc83d2ce51bd74d071,8501c401bd009c00d6000302ff000000,,,,,False,,,,,,,,,,False,False
/battle/b_pl_stage/pl_bsdpm.narc,/battle/b_pl_stage/pl_bsdpm.narc!/member_00444,0,/battle/b_pl_stage/pl_bsdpm.narc,148,444,,10980,10996,7104,7120,16,41cfdb3feb3ff6af9e079aad8f987c51493c0206b93104b5f2a389fbf764aeda,880172018a01b700fc000a030e010000,,,,,False,,,,,,,,,,False,False
/battle/b_pl_stage/pl_bsdpm.narc,/battle/b_pl_stage/pl_bsdpm.narc!/member_00445,0,/battle/b_pl_stage/pl_bsdpm.narc,148,445,,10996,11012,7120,7136,16,94bafd57fa37f6399dfaeeeb361f1793f102fcc26d4a3dd1820757ec524c144e,8b01ae013800c50119013010cc000000,,,,,False,,,,,,,,,,False,False
/battle/b_pl_stage/pl_bsdpm.narc,/battle/b_pl_stage/pl_bsdpm.narc!/member_00446,0,/battle/b_pl_stage/pl_bsdpm.narc,148,446,,11012,11028,7136,7152,16,d5d50a87821484b6f4a524ac64ebce5a842090e413cc16c94364109bb6352d02,9501d1005500620056000a0edd000000,,,,,False,,,,,,,,,,False,False
/battle/b_pl_stage/pl_bsdpm.narc,/battle/b_pl_stage/pl_bsdpm.narc!/member_00447,0,/battle/b_pl_stage/pl_bsdpm.narc,148,447,,11028,11044,7152,7168,16,df7ebeed5b859ee84b0483b0c16786caa0188fa4fdda65d43302eb5ad90ea747,97013701b501b6005c00180fd6000000,,,,,False,,,,,,,,,,False,False
/battle/b_pl_stage/pl_bsdpm.narc,/battle/b_pl_stage/pl_bsdpm.narc!/member_00448,0,/battle/b_pl_stage/pl_bsdpm.narc,148,448,,11044,11060,7168,7184,16,c480a224598d54ec3bbf5a707802a06ed99f38bb9b2c6efec68f01911263b007,ae018f01900141003a011201d9000000,,,,,False,,,,,,,,,,False,False
/battle/b_pl_stage/pl_bsdpm.narc,/battle/b_pl_stage/pl_bsdpm.narc!/member_00449,0,/battle/b_pl_stage/pl_bsdpm.narc,148,449,,11060,11076,7184,7200,16,097fb9b80a2e1c329a385a61dd2775b2cced973ae1c5e21026e3e302855b482f,b5014601ae01b101b6001411ea000000,,,,,False,,,,,,,,,,False,False
/battle/b_pl_stage/pl_bsdpm.narc,/battle/b_pl_stage/pl_bsdpm.narc!/member_00450,0,/battle/b_pl_stage/pl_bsdpm.narc,148,450,,11076,11092,7200,7216,16,c2e65b42434d47e03df039abb067474e9dbe94f8ec4632a24ce76b82280fcccf,bd01c800c9005b00ef000a039c000000,,,,,False,,,,,,,,,,False,False
/battle/b_pl_stage/pl_bsdpm.narc,/battle/b_pl_stage/pl_bsdpm.narc!/member_00451,0,/battle/b_pl_stage/pl_bsdpm.narc,148,451,,11092,11108,7216,7232,16,a20d3262fc4152fe6a98bffd2ffc580fbf053906dd3e96e925724cadfeb1ef20,c0018c010801f500a4001202c9000000,,,,,False,,,,,,,,,,False,False
/battle/b_pl_stage/pl_bsdpm.narc,/battle/b_pl_stage/pl_bsdpm.narc!/member_00452,0,/battle/b_pl_stage/pl_bsdpm.narc,148,452,,11108,11124,7232,7248,16,ae9710b3d04de55318a5fc74318987a2b095f203a0dd923ec71583fd4b3b8ec6,c2012600590019012f010603c9000000,,,,,False,,,,,,,,,,False,False
/battle/b_pl_stage/pl_bsdpm.narc,/battle/b_pl_stage/pl_bsdpm.narc!/member_00453,0,/battle/b_pl_stage/pl_bsdpm.narc,148,453,,11124,11140,7248,7264,16,a9590bd6b00157a68b59ff01ff86119e230d81d70d0c10db2ccf14f8c759a381,c401b8019001a3006f01060346010000,,,,,False,,,,,,,,,,False,False
/battle/b_pl_stage/pl_bsdpm.narc,/battle/b_pl_stage/pl_bsdpm.narc!/member_00454,0,/battle/b_pl_stage/pl_bsdpm.narc,148,454,,11140,11156,7264,7280,16,86442c50271045733ac80b3deacce4820614c476393eb877cdf8aaacc2870dac,cd0190010800a40162000a0313010000,,,,,False,,,,,,,,,,False,False
/battle/b_pl_stage/pl_bsdpm.narc,/battle/b_pl_stage/pl_bsdpm.narc!/member_00455,0,/battle/b_pl_stage/pl_bsdpm.narc,148,455,,11156,11172,7280,7296,16,2a4e8723145fce900956c099a8c780bd7345502d8ec0caa423c964e8360d0a57,ce01ae01a1005700f3001405ca000000,,,,,False,,,,,,,,,,False,False
/battle/b_pl_stage/pl_bsdpm.narc,/battle/b_pl_stage/pl_bsdpm.narc!/member_00456,0,/battle/b_pl_stage/pl_bsdpm.narc,148,456,,11172,11188,7296,7312,16,1c25cbc0404f32d779083ff4d71fce588683f58ac42463da312703bc002fd7d5,cf01090008000700220006030c010000,,,,,False,,,,,,,,,,False,False
/battle/b_pl_stage/pl_bsdpm.narc,/battle/b_pl_stage/pl_bsdpm.narc!/member_00457,0,/battle/b_pl_stage/pl_bsdpm.narc,148,457,,11188,11204,7312,7328,16,1476743bc59373e087d256a74e8f3526a222ed188b2b381bacbaeb05fa29085a,d001b7019e01a001b3000602d9000000,,,,,False,,,,,,,,,,False,False
/battle/b_pl_stage/pl_bsdpm.narc,/battle/b_pl_stage/pl_bsdpm.narc!/member_00458,0,/battle/b_pl_stage/pl_bsdpm.narc,148,458,,11204,11220,7328,7344,16,d1c9444315f4320d000c67f022059cb3cc6d58d30c7cfab70661af0ac7cabfbf,d1017a01bf01f1004c001101ff000000,,,,,False,,,,,,,,,,False,False
/battle/b_pl_stage/pl_bsdpm.narc,/battle/b_pl_stage/pl_bsdpm.narc!/member_00459,0,/battle/b_pl_stage/pl_bsdpm.narc,148,459,,11220,11236,7344,7360,16,65ad0860b4ce193aa8e37936e1a7381a25b7659ab506ee87e1ea99ae75789ee7,d2010900a001b30162000a040e010000,,,,,False,,,,,,,,,,False,False
/battle/b_pl_stage/pl_bsdpm.narc,/battle/b_pl_stage/pl_bsdpm.narc!/member_00460,0,/battle/b_pl_stage/pl_bsdpm.narc,148,460,,11236,11252,7360,7376,16,ea5e88015f90a65c3f64937d97e93804e21a56ff6fed7cac354c3ad439a82247,d3017e003f006c00b6001810ff000000,,,,,False,,,,,,,,,,False,False
/battle/b_pl_stage/pl_bsdpm.narc,/battle/b_pl_stage/pl_bsdpm.narc!/member_00461,0,/battle/b_pl_stage/pl_bsdpm.narc,148,461,,11252,11268,7376,7392,16,878ecd5adf3d3535bbedfaf99a7bad842daf08973d5d51c97a2c3155a8fe2dbf,d40193018c0156006301300fd5000000,,,,,False,,,,,,,,,,False,False
/battle/b_pl_stage/pl_bsdpm.narc,/battle/b_pl_stage/pl_bsdpm.narc!/member_00462,0,/battle/b_pl_stage/pl_bsdpm.narc,148,462,,11268,11284,7392,7408,16,07e0c96d8325f8a24cfb20734eb5ccc0d6c34f70c7918d345b95f474c648e967,d50195019301cb00b3001413cc000000,,,,,False,,,,,,,,,,False,False
/battle/b_pl_stage/pl_bsdpm.narc,/battle/b_pl_stage/pl_bsdpm.narc!/member_00463,0,/battle/b_pl_stage/pl_bsdpm.narc,148,463,,11284,11300,7408,7424,16,c5ca4627f69c360d9e0856dc05784b67bd82c454cef38ede209649e011b3bf77,d60162005c01bf014b000a04e8000000,,,,,False,,,,,,,,,,False,False
/battle/b_pl_stage/pl_bsdpm.narc,/battle/b_pl_stage/pl_bsdpm.narc!/member_00464,0,/battle/b_pl_stage/pl_bsdpm.narc,148,464,,11300,11316,7424,7440,16,84a57d5ffe9ba079a5dfbe957e517cfdee349cc670af9a4d7b2bc9e4bee921de,d70102013b00a401810018131a010000,,,,,False,,,,,,,,,,False,False
/battle/b_pl_stage/pl_bsdpm.narc,/battle/b_pl_stage/pl_bsdpm.narc!/member_00465,0,/battle/b_pl_stage/pl_bsdpm.narc,148,465,,11316,11332,7440,7456,16,af1ff50b4f37ad722177c3dcb836bd015ee858ef1af73070db741ce963bb2ea1,d8015900c9004c0162000a03c9000000,,,,,False,,,,,,,,,,False,False
/battle/b_pl_stage/pl_bsdpm.narc,/battle/b_pl_stage/pl_bsdpm.narc!/member_00466,0,/battle/b_pl_stage/pl_bsdpm.narc,148,466,,11332,11348,7456,7472,16,2146397c8bde65bf2d9f532c8eb9d8fc2943b2d03d0708f2cf826ef1ba8f472e,d9013b0002019e018500110fea000000,,,,,False,,,,,,,,,,False,False
/battle/b_pl_stage/pl_bsdpm.narc,/battle/b_pl_stage/pl_bsdpm.narc!/member_00467,0,/battle/b_pl_stage/pl_bsdpm.narc,148,467,,11348,11364,7472,7488,16,6823be07bbe8c993e9d9c7f20b4f3070a87f702a0089da7f946b8bc6ce1abfe6,da01a1008f015e004401180f0c010000,,,,,False,,,,,,,,,,False,False
/battle/b_pl_stage/pl_bsdpm.narc,/battle/b_pl_stage/pl_bsdpm.narc!/member_00468,0,/battle/b_pl_stage/pl_bsdpm.narc,148,468,,11364,11380,7488,7504,16,9cd2f7c6e546608e4ea3325c1d40b6029a179f4a913b5dfe3fb22354988c0ddb,db01ab0172010e009a010a03cb000000,,,,,False,,,,,,,,,,False,False
/battle/b_pl_stage/pl_bsdpm.narc,/battle/b_pl_stage/pl_bsdpm.narc!/member_00469,0,/battle/b_pl_stage/pl_bsdpm.narc,148,469,,11380,11396,7504,7520,16,ff9cacee0356571f6fe8d92c02dd575916033755c283ec644cfa7d220f8ba9e7,dc01ae019801a400c9003014e6000000,,,,,False,,,,,,,,,,False,False
/battle/b_pl_stage/pl_bsdpm.narc,/battle/b_pl_stage/pl_bsdpm.narc!/member_00470,0,/battle/b_pl_stage/pl_bsdpm.narc,148,470,,11396,11412,7520,7536,16,f319852f56dc8897b7062380c59196a7d8540479a367547bb08d97ec0bf25c6d,dd019c00ae00450118012417d9000000,,,,,False,,,,,,,,,,False,False
/battle/b_pl_stage/pl_bsdpm.narc,/battle/b_pl_stage/pl_bsdpm.narc!/member_00471,0,/battle/b_pl_stage/pl_bsdpm.narc,148,471,,11412,11428,7536,7552,16,aafa74df1e9d92e512c0f96cd15b7a4e3ac7e7052d8b1aaccc5031efed8015c4,e001460119018a0081002405e6000000,,,,,False,,,,,,,,,,False,False
/battle/b_pl_stage/pl_bsdpm.narc,/battle/b_pl_stage/pl_bsdpm.narc!/member_00472,0,/battle/b_pl_stage/pl_bsdpm.narc,148,472,,11428,11444,7552,7568,16,2240e291125c6457898cbc239004415be09839fb0839dc443d70500fa25bad94,e1014601710073008100180a0d010000,,,,,False,,,,,,,,,,False,False
/battle/b_pl_stage/pl_bsdpm.narc,/battle/b_pl_stage/pl_bsdpm.narc!/member_00473,0,/battle/b_pl_stage/pl_bsdpm.narc,148,473,,11444,11460,7568,7584,16,05890928f05db4d174ca4fd136ce96bda736641de74d1e385eb74c30a4be1f2b,e201ac01d8000f0107010a0311010000,,,,,False,,,,,,,,,,False,False
/battle/b_pl_stage/pl_bsdpm.narc,/battle/b_pl_stage/pl_bsdpm.narc!/member_00474,0,/battle/b_pl_stage/pl_bsdpm.narc,148,474,,11460,11476,7584,7600,16,fba86be1239d910069b95574fd4f76a4e8aaa519f8e2c4de5d5bacfd925dadda,e501cf01ae01b4013f01300fe6000000,,,,,False,,,,,,,,,,False,False
/battle/b_pl_stage/pl_bsdpm.narc,/battle/b_pl_stage/pl_bsdpm.narc!/member_00475,0,/battle/b_pl_stage/pl_bsdpm.narc,148,475,,11476,11492,7600,7616,16,aa5c1ec301a29209acda690e4c5171fa93828dcf5baab2af1a6be46c5a6da28a,03005c0052017c00b600121113010000,,,,,False,,,,,,,,,,False,False
/battle/b_pl_stage/pl_bsdpm.narc,/battle/b_pl_stage/pl_bsdpm.narc!/member_00476,0,/battle/b_pl_stage/pl_bsdpm.narc,148,476,,11492,11508,7616,7632,16,ec026d5a9b518f6035ab9a988169785a769763ee91aa523813efb84fa06dfc56,060005019301b6003301121113010000,,,,,False,,,,,,,,,,False,False
/battle/b_pl_stage/pl_bsdpm.narc,/battle/b_pl_stage/pl_bsdpm.narc!/member_00477,0,/battle/b_pl_stage/pl_bsdpm.narc,148,477,,11508,11524,7632,7648,16,a0e7a0ce82f732760a3fb61a78cc33328e4eca2a435f81c8c80506d4fdc7dbfe,e601ac016d009901920006089d000000,,,,,False,,,,,,,,,,False,False
/battle/b_pl_tower/pl_btdpm.narc,/battle/b_pl_tower/pl_btdpm.narc!/member_00000,0,/battle/b_pl_tower/pl_btdpm.narc,149,0,,7660,7676,0,16,16,374708fff7719dd5979ec875d56cd2286f6d3cf7ec317a3b25632aab28ec37bb,00000000000000000000000000000000,,,,,False,,,,,,,,,,False,False
/battle/b_pl_tower/pl_btdpm.narc,/battle/b_pl_tower/pl_btdpm.narc!/member_00001,0,/battle/b_pl_tower/pl_btdpm.narc,149,1,,7676,7692,16,32,16,99754f0b7b707809d79ff9672ee79f39c895b97d6fe53dd5dc9d3cedb1a290fd,010059015c004900e600300fd5000000,,,,,False,,,,,,,,,,False,False
/battle/b_pl_tower/pl_btdpm.narc,/battle/b_pl_tower/pl_btdpm.narc!/member_00002,0,/battle/b_pl_tower/pl_btdpm.narc,149,2,,7692,7708,32,48,16,08090cb9b1dcf47f94df1ccbde03e96734acf852a3d0e2357afb0052df9c3f97,0400a801e8006c00b8000a03e8000000,,,,,False,,,,,,,,,,False,False
/battle/b_pl_tower/pl_btdpm.narc,/battle/b_pl_tower/pl_btdpm.narc!/member_00003,0,/battle/b_pl_tower/pl_btdpm.narc,149,3,,7708,7724,48,64,16,fd86411becdd46923090fb602f9c2197dcc0dd24a04896282a6dcb9d578a57f0,0700c5012c006e00b6000303fe000000,,,,,False,,,,,,,,,,False,False
/battle/b_pl_tower/pl_btdpm.narc,/battle/b_pl_tower/pl_btdpm.narc!/member_00004,0,/battle/b_pl_tower/pl_btdpm.narc,149,4,,7724,7740,64,80,16,ad04a70f9ae284cb9b0f53b2d4f363643945ac2d301ab01527731808027bed18,98004b0122012d0071000303ff000000,,,,,False,,,,,,,,,,False,False
/battle/b_pl_tower/pl_btdpm.narc,/battle/b_pl_tower/pl_btdpm.narc!/member_00005,0,/battle/b_pl_tower/pl_btdpm.narc,149,5,,7740,7756,80,96,16,eabc8b724cdf6fc69d44ec23516b1c55486555d6a30fdee5f9c0d1fbf92b4e92,9b00ac00180081006c002203d9000000,,,,,False,,,,,,,,,,False,False
/battle/b_pl_tower/pl_btdpm.narc,/battle/b_pl_tower/pl_btdpm.narc!/member_00006,0,/battle/b_pl_tower/pl_btdpm.narc,149,6,,7756,7772,96,112,16,9106ea736cc2b746df661d8b4d0241d87ffb9b035da2cde49d9786bfc61761c1,9e002301a3006700b800060346010000,,,,,False,,,,,,,,,,False,False
/battle/b_pl_tower/pl_btdpm.narc,/battle/b_pl_tower/pl_btdpm.narc!/member_00007,0,/battle/b_pl_tower/pl_btdpm.narc,149,7,,7772,7788,112,128,16,9e3d432da87b98b67c6615b3ffcd3b733dadfe9815156d69e9cf328f8ecf783e,fc004800810094006800180aef000000,,,,,False,,,,,,,,,,False,False
/battle/b_pl_tower/pl_btdpm.narc,/battle/b_pl_tower/pl_btdpm.narc!/member_00008,0,/battle/b_pl_tower/pl_btdpm.narc,149,8,,7788,7804,128,144,16,d882ab402d5fb9f5510e0a508e5898c575a7eefd8e5eec5b8724d93674bbfb5b,ff0034007700bd0068001206f9000000,,,,,False,,,,,,,,,,False,False
/battle/b_pl_tower/pl_btdpm.narc,/battle/b_pl_tower/pl_btdpm.narc!/member_00009,0,/battle/b_pl_tower/pl_btdpm.narc,149,9,,7804,7820,144,160,16,69777d2d1eaa29c9050f26268be3f2f9bca96941b3b10bebbde3abaec2c5e1dd,02016001c400bd002d00110ff3000000,,,,,False,,,,,,,,,,False,False
/battle/b_pl_tower/pl_btdpm.narc,/battle/b_pl_tower/pl_btdpm.narc!/member_00010,0,/battle/b_pl_tower/pl_btdpm.narc,149,10,,7820,7836,160,176,16,43a385f256e801a9b84ea130a5e0223c5961709f88465948a7edbc4e386f8a5d,83014b002c0041016e000303b8000000,,,,,False,,,,,,,,,,False,False
/battle/b_pl_tower/pl_btdpm.narc,/battle/b_pl_tower/pl_btdpm.narc!/member_00011,0,/battle/b_pl_tower/pl_btdpm.narc,149,11,,7836,7852,176,192,16,ee83038b8edb2d14283ada1d8d8c51397a765d06104ee875bcc0aa0434cae66a,8601ac0007012b00fc000a03b9000000,,,,,False,,,,,,,,,,False,False
/battle/b_pl_tower/pl_btdpm.narc,/battle/b_pl_tower/pl_btdpm.narc!/member_00012,0,/battle/b_pl_tower/pl_btdpm.narc,149,12,,7852,7868,192,208,16,ee173f6514f120dee2c6d0badcabb8f2c3c963d1c5e63e1dfb27cae571698f2f,89013d004c012d0030001212bb000000,,,,,False,,,,,,,,,,False,False
/battle/b_pl_tower/pl_btdpm.narc,/battle/b_pl_tower/pl_btdpm.narc!/member_00013,0,/battle/b_pl_tower/pl_btdpm.narc,149,13,,7868,7884,208,224,16,2f5e12045eb09616e9673a04bba311ef59ceb7fca4d92c6128e0628a548a2a7d,9101c2017500bd002d002507c9000000,,,,,False,,,,,,,,,,False,False
/battle/b_pl_tower/pl_btdpm.narc,/battle/b_pl_tower/pl_btdpm.narc!/member_00014,0,/battle/b_pl_tower/pl_btdpm.narc,149,14,,7884,7900,224,240,16,c1ae1812a3bd692425e83316ca18622065196bc74682d95fdeda01ce98f22d84,b801d900ba007f01cc0005039e000000,,,,,False,,,,,,,,,,False,False
/battle/b_pl_tower/pl_btdpm.narc,/battle/b_pl_tower/pl_btdpm.narc!/member_00015,0,/battle/b_pl_tower/pl_btdpm.narc,149,15,,7900,7916,240,256,16,d0ded2511dae19c55b761252f5f00421c877f99d58014321ac7840380c9061c3,9c01c2012100ad00b60003039e000000,,,,,False,,,,,,,,,,False,False
/battle/b_pl_tower/pl_btdpm.narc,/battle/b_pl_tower/pl_btdpm.narc!/member_00016,0,/battle/b_pl_tower/pl_btdpm.narc,149,16,,7916,7932,256,272,16,da7018697233dabd2bbb91da95b67580687a9fbda3b2a0009f77840e9fb6150f,2401a901d2006d001c000a03ff000000,,,,,True,Nintendo Huffman 4-bit,Probable,False,108801,,,,,,False,False
/battle/b_pl_tower/pl_btdpm.narc,/battle/b_pl_tower/pl_btdpm.narc!/member_00017,0,/battle/b_pl_tower/pl_btdpm.narc,149,17,,7932,7948,272,288,16,d9fcfcc24cabf7a5c1cf06fa149bbf343503f714070338a0d1886a1f79cfc127,8c01110062001b012d000a03f4000000,,,,,False,,,,,,,,,,False,False
/battle/b_pl_tower/pl_btdpm.narc,/battle/b_pl_tower/pl_btdpm.narc!/member_00018,0,/battle/b_pl_tower/pl_btdpm.narc,149,18,,7948,7964,288,304,16,769442f353ce006a41f13240dffe54717ba74c0bc96d3fa88bb1913b97e38067,9f01c2011000d201e6001a0cde000000,,,,,False,,,,,,,,,,False,False
/battle/b_pl_tower/pl_btdpm.narc,/battle/b_pl_tower/pl_btdpm.narc!/member_00019,0,/battle/b_pl_tower/pl_btdpm.narc,149,19,,7964,7980,304,320,16,2227936e274ccde2475cc5ac55b95ee9965e3b00ebb09a1b500f815b3fb0b4bb,8f011d006d012d0019010303fb000000,,,,,False,,,,,,,,,,False,False
/battle/b_pl_tower/pl_btdpm.narc,/battle/b_pl_tower/pl_btdpm.narc!/member_00020,0,/battle/b_pl_tower/pl_btdpm.narc,149,20,,7980,7996,320,336,16,11b257c9c0cca1ba7c2b0aac69f222ee0095454bcb75b1e9edf0439103a579cb,9301a6012c0050012b000303dd000000,,,,,False,,,,,,,,,,False,False
/battle/b_pl_tower/pl_btdpm.narc,/battle/b_pl_tower/pl_btdpm.narc!/member_00021,0,/battle/b_pl_tower/pl_btdpm.narc,149,21,,7996,8012,336,352,16,20e9404d68ac82e3d97f16ebd240a80959b90119bbc7c4c6a6746fe65c3c5381,a40159015c0049000e01300f3e010000,,,,,False,,,,,,,,,,False,False
/battle/b_pl_tower/pl_btdpm.narc,/battle/b_pl_tower/pl_btdpm.narc!/member_00022,0,/battle/b_pl_tower/pl_btdpm.narc,149,22,,8012,8028,352,368,16,d72d18bac595546df9c22af5d62624d5f4af70837c3c14104f53493a92db58be,960148005c004a008401301428010000,,,,,False,,,,,,,,,,False,False
/battle/b_pl_tower/pl_btdpm.narc,/battle/b_pl_tower/pl_btdpm.narc!/member_00023,0,/battle/b_pl_tower/pl_btdpm.narc,149,23,,8028,8044,368,384,16,afadb957a0c9d297674b0518a9ffb51b908d40730f0a07130cc226c59d5134b3,b1015d00810032002d00300ff8000000,,,,,False,,,,,,,,,,False,False
/battle/b_pl_tower/pl_btdpm.narc,/battle/b_pl_tower/pl_btdpm.narc!/member_00024,0,/battle/b_pl_tower/pl_btdpm.narc,149,24,,8044,8060,384,400,16,6ac3e2777b30487f7eee1f7c227400213b2869f522205eab79e3c5307033746d,bf011801a201c10044000a030c010000,,,,,False,,,,,,,,,,False,False
/battle/b_pl_tower/pl_btdpm.narc,/battle/b_pl_tower/pl_btdpm.narc!/member_00025,0,/battle/b_pl_tower/pl_btdpm.narc,149,25,,8060,8076,400,416,16,621f21b97a4a253e760b8256f9cfb16d9b9407fcf03060a278ca608827508f5d,b6019d0043007f01c90006033b010000,,,,,False,,,,,,,,,,False,False
/battle/b_pl_tower/pl_btdpm.narc,/battle/b_pl_tower/pl_btdpm.narc!/member_00026,0,/battle/b_pl_tower/pl_btdpm.narc,149,26,,8076,8092,416,432,16,a50de03c97969a85c0ef1c7e12926d9618bb5e73e8b5842742fb54a063a97ca9,6101a9011a01050120010303f7000000,,,,,False,,,,,,,,,,False,False
/battle/b_pl_tower/pl_btdpm.narc,/battle/b_pl_tower/pl_btdpm.narc!/member_00027,0,/battle/b_pl_tower/pl_btdpm.narc,149,27,,8092,8108,432,448,16,ed543dd9fc4ac13f26c98418f95e4798704e8bc80337c097a9d8227783b8df4e,6301a901dc0005016d002403f7000000,,,,,False,,,,,,,,,,False,False
/battle/b_pl_tower/pl_btdpm.narc,/battle/b_pl_tower/pl_btdpm.narc!/member_00028,0,/battle/b_pl_tower/pl_btdpm.narc,149,28,,8108,8124,448,464,16,a55f023b873c20eaefdde9a3d0356d0e257076105ad4e5a4d4eb799d38c01356,25003400810005016d003014d5000000,,,,,False,,,,,,,,,,False,False
/battle/b_pl_tower/pl_btdpm.narc,/battle/b_pl_tower/pl_btdpm.narc!/member_00029,0,/battle/b_pl_tower/pl_btdpm.narc,149,29,,8124,8140,464,480,16,d73af8e690edffb8b2415629f33d32eb7f6bf499fabdc5210a990efbd955d75c,19005400810056006800180f9e000000,,,,,False,,,,,,,,,,False,False
/battle/b_pl_tower/pl_btdpm.narc,/battle/b_pl_tower/pl_btdpm.narc!/member_00030,0,/battle/b_pl_tower/pl_btdpm.narc,149,30,,8140,8156,480,496,16,b424552aba752eb0f8f4d9a01feda52bb030db34e405e11e954bec84ad6a5e61,1b005b003d01c9001c000603ed000000,,,,,False,,,,,,,,,,False,False
/battle/b_pl_tower/pl_btdpm.narc,/battle/b_pl_tower/pl_btdpm.narc!/member_00031,0,/battle/b_pl_tower/pl_btdpm.narc,149,31,,8156,8172,496,512,16,f20557b7104c4a9fc3a068488ca659d27f23d52d51a04e063f6f17b749dcf755,4a00de005e014600b6000603e6000000,,,,,False,,,,,,,,,,False,False
/battle/b_pl_tower/pl_btdpm.narc,/battle/b_pl_tower/pl_btdpm.narc!/member_00032,0,/battle/b_pl_tower/pl_btdpm.narc,149,32,,8172,8188,512,528,16,b1733a4bdb0cc8b43a858ef940dce30c9d774e3b6a8b791a73848ebb075b420c,9300ef00600156003000300f95000000,,,,,False,,,,,,,,,,False,False
/battle/b_pl_tower/pl_btdpm.narc,/battle/b_pl_tower/pl_btdpm.narc!/member_00033,0,/battle/b_pl_tower/pl_btdpm.narc,149,33,,8188,8204,528,544,16,3db4bc958b68c1a1cb8e6b0177bd5ec470bf3f86dc76b6fa426d49f7e3814ac0,d1001d002c00cf00b800030346010000,,,,,False,,,,,,,,,,False,False
/battle/b_pl_tower/pl_btdpm.narc,/battle/b_pl_tower/pl_btdpm.narc!/member_00034,0,/battle/b_pl_tower/pl_btdpm.narc,149,34,,8204,8220,544,560,16,d057149dee6c6d9601049186e61b4f7e20586548a6c126c7948287e5851f4701,df003d003e00bd003000180fcc000000,,,,,False,,,,,,,,,,False,False
/battle/b_pl_tower/pl_btdpm.narc,/battle/b_pl_tower/pl_btdpm.narc!/member_00035,0,/battle/b_pl_tower/pl_btdpm.narc,149,35,,8220,8236,560,576,16,f18557c3b2e2b77d9a34913e6e898f977b8bcd1055535a71b43a8c5d30a5fff8,f6009d005b002c00b8000303c9000000,,,,,False,,,,,,,,,,False,False
/battle/b_pl_tower/pl_btdpm.narc,/battle/b_pl_tower/pl_btdpm.narc!/member_00036,0,/battle/b_pl_tower/pl_btdpm.narc,149,36,,8236,8252,576,592,16,3a144dcc1fe517a62d4d075cd6ff509b4ecd3b2db3b99cd1b2c44001aeaf5395,57013c00bd00f6007100300ff8000000,,,,,False,,,,,,,,,,False,False
/battle/b_pl_tower/pl_btdpm.narc,/battle/b_pl_tower/pl_btdpm.narc!/member_00037,0,/battle/b_pl_tower/pl_btdpm.narc,149,37,,8252,8268,592,608,16,5dfd9a629dc1c26ba25071a070160300ba7a6f67e272a2144125ddd32dfd67da,6901a7011d002c00b6000303dd000000,,,,,False,,,,,,,,,,False,False
/battle/b_pl_tower/pl_btdpm.narc,/battle/b_pl_tower/pl_btdpm.narc!/member_00038,0,/battle/b_pl_tower/pl_btdpm.narc,149,38,,8268,8284,608,624,16,01bafb23ed69f546f0c335a3f9dde4243e2b001423a3b573acd336303069ec9a,7301e1001d001801b8000604fa000000,,,,,False,,,,,,,,,,False,False
/battle/b_pl_tower/pl_btdpm.narc,/battle/b_pl_tower/pl_btdpm.narc!/member_00039,0,/battle/b_pl_tower/pl_btdpm.narc,149,39,,8284,8300,624,640,16,2daa48082777d9188bf9b53db72f4757402c305ca46878982f25bb5b8b961cb5,b4015d006801f6001e0112023a010000,,,,,False,,,,,,,,,,False,False
/battle/b_pl_tower/pl_btdpm.narc,/battle/b_pl_tower/pl_btdpm.narc!/member_00040,0,/battle/b_pl_tower/pl_btdpm.narc,149,40,,8300,8316,640,656,16,dabcbbceff8c03a1a969d8168cb5a4358a93679922d092dbcbe01f332707b61e,bb0152004801e800c9000303ed000000,,,,,False,,,,,,,,,,False,False
/battle/b_pl_tower/pl_btdpm.narc,/battle/b_pl_tower/pl_btdpm.narc!/member_00041,0,/battle/b_pl_tower/pl_btdpm.narc,149,41,,8316,8332,656,672,16,b1f43300af796d778afe67dbc81e52de30922b03beb1c2bb99f64c6cac85255d,c5018e0166010d01cf00030319010000,,,,,False,,,,,,,,,,False,False
/battle/b_pl_tower/pl_btdpm.narc,/battle/b_pl_tower/pl_btdpm.narc!/member_00042,0,/battle/b_pl_tower/pl_btdpm.narc,149,42,,8332,8348,672,688,16,03129696091902b11fd202457759d89e3f77adc83b2b88aa9b31c5872a8f5114,3000c2014d003c0030001107de000000,,Nintendo RLE,Probable,,True,Nintendo RLE,Probable,False,115200,,,,,,False,False
/battle/b_pl_tower/pl_btdpm.narc,/battle/b_pl_tower/pl_btdpm.narc!/member_00043,0,/battle/b_pl_tower/pl_btdpm.narc,149,43,,8348,8364,688,704,16,76da4142433c7b341998590b1a9c31173102d997899e0068bf747dc2a448eca3,420002003d01c100b8000303e8000000,,,,,False,,,,,,,,,,False,False
/battle/b_pl_tower/pl_btdpm.narc,/battle/b_pl_tower/pl_btdpm.narc!/member_00044,0,/battle/b_pl_tower/pl_btdpm.narc,149,44,,8364,8380,704,720,16,a6e4c619e5d189b88fec440038869267de0da4f02bc17f41e9f3430e54a8f488,ee005d00c400fc00ba001810d5000000,,,,,False,,,,,,,,,,False,False
/battle/b_pl_tower/pl_btdpm.narc,/battle/b_pl_tower/pl_btdpm.narc!/member_00045,0,/battle/b_pl_tower/pl_btdpm.narc,149,45,,8380,8396,720,736,16,79f0305d4285a882517049e9dd03ff16649b13fab9578ad299aef0e249119a77,3e01c5012c00b800cf00030395000000,,,,,False,,,,,,,,,,False,False
/battle/b_pl_tower/pl_btdpm.narc,/battle/b_pl_tower/pl_btdpm.narc!/member_00046,0,/battle/b_pl_tower/pl_btdpm.narc,149,46,,8396,8412,736,752,16,6c709a699efb3f0a13a7bc88535370b8c674f91448da6ef9ab161c6b9eb53b1c,4201de0034003d01c900120cff000000,,,,,False,,,,,,,,,,False,False
/battle/b_pl_tower/pl_btdpm.narc,/battle/b_pl_tower/pl_btdpm.narc!/member_00047,0,/battle/b_pl_tower/pl_btdpm.narc,149,47,,8412,8428,752,768,16,2049416beb94890780413284f75322eb6465ab5b00dd413dfe082f850faad00e,55013d000b001a01cf00110297000000,,,,,False,,,,,,,,,,False,False
/battle/b_pl_tower/pl_btdpm.narc,/battle/b_pl_tower/pl_btdpm.narc!/member_00048,0,/battle/b_pl_tower/pl_btdpm.narc,149,48,,8428,8444,768,784,16,10329a5f1f1db320fd32591fa5f6f146fd6c84c06899fc9c6d85651dfbb4592a,54004c016200b9006f010a0dc9000000,,,,,False,,,,,,,,,,False,False
/battle/b_pl_tower/pl_btdpm.narc,/battle/b_pl_tower/pl_btdpm.narc!/member_00049,0,/battle/b_pl_tower/pl_btdpm.narc,149,49,,8444,8460,784,800,16,1bae8bdef33e2ba446b4dd67937c1b6643bd0d82bb719466a82eb370ddf66f71,4d013a0181007700d500300fdb000000,,,,,False,,,,,,,,,,False,False
/battle/b_pl_tower/pl_btdpm.narc,/battle/b_pl_tower/pl_btdpm.narc!/member_00050,0,/battle/b_pl_tower/pl_btdpm.narc,149,50,,8460,8476,800,816,16,386930ed862de1e3eefc1c152c90b095b62626a401871e5b13be5000a39dd3f2,af019a00fc00b900d5000a0d46010000,,,,,False,,,,,,,,,,False,False
/battle/b_pl_tower/pl_btdpm.narc,/battle/b_pl_tower/pl_btdpm.narc!/member_00051,0,/battle/b_pl_tower/pl_btdpm.narc,149,51,,8476,8492,816,832,16,e59073ae76bae5953a05ae227c282b357b5420e075f979b8ee59fbf829523676,b7017f015d00700071003005ff000000,,,,,False,,,,,,,,,,False,False
/battle/b_pl_tower/pl_btdpm.narc,/battle/b_pl_tower/pl_btdpm.narc!/member_00052,0,/battle/b_pl_tower/pl_btdpm.narc,149,52,,8492,8508,832,848,16,103136b84c42ba47f3d32dca148aeefa4909a670ae99babe36989fa2ef80a9f1,4f0060015d0032001901110f95000000,,,,,False,,,,,,,,,,False,False
/battle/b_pl_tower/pl_btdpm.narc,/battle/b_pl_tower/pl_btdpm.narc!/member_00053,0,/battle/b_pl_tower/pl_btdpm.narc,149,53,,8508,8524,848,864,16,d03332971fd47a183de2eedbcced4d247bf24050f2b7d1bf5ab8cfd22562367b,2b0048003300e600ec0030053e010000,,,,,False,,,,,,,,,,False,False
/battle/b_pl_tower/pl_btdpm.narc,/battle/b_pl_tower/pl_btdpm.narc!/member_00054,0,/battle/b_pl_tower/pl_btdpm.narc,149,54,,8524,8540,864,880,16,f5d29d0c53ed0d072f3ca0a1135b147d65b4af08d428cb1ded0a2852a59dac34,360037005d005a013200110f96000000,,,,,False,,,,,,,,,,False,False
/battle/b_pl_tower/pl_btdpm.narc,/battle/b_pl_tower/pl_btdpm.narc!/member_00055,0,/battle/b_pl_tower/pl_btdpm.narc,149,55,,8540,8556,880,896,16,fce05c7b4020029f478c3de2a6c9a638a4beb874e71481720811ba3b3cf064de,68007d001d0018012b000603ed000000,,,,,False,,,,,,,,,,False,False
/battle/b_pl_tower/pl_btdpm.narc,/battle/b_pl_tower/pl_btdpm.narc!/member_00056,0,/battle/b_pl_tower/pl_btdpm.narc,149,56,,8556,8572,896,912,16,5a61c15dff1283357b8d7f5ffe336974db5a7d346ad02108276093da80a11b64,760060013c003000f000140fcc000000,,,,,False,,,,,,,,,,False,False
/battle/b_pl_tower/pl_btdpm.narc,/battle/b_pl_tower/pl_btdpm.narc!/member_00057,0,/battle/b_pl_tower/pl_btdpm.narc,149,57,,8572,8588,912,928,16,8211c0d9e34cdd463b91fa6a9187fa3e5723ea0fc51ae548a12fd1f01f6ee493,b10065003a01d201f800180af8000000,,,,,False,,,,,,,,,,False,False
/battle/b_pl_tower/pl_btdpm.narc,/battle/b_pl_tower/pl_btdpm.narc!/member_00058,0,/battle/b_pl_tower/pl_btdpm.narc,149,58,,8588,8604,928,944,16,97ce38ecac1f08dede0a449dedbaea7eb7e63dfbc296e2ebf5e1d9caf2faec41,230066010a01e3002f000303d5000000,,,,,False,,,,,,,,,,False,False
/battle/b_pl_tower/pl_btdpm.narc,/battle/b_pl_tower/pl_btdpm.narc!/member_00059,0,/battle/b_pl_tower/pl_btdpm.narc,149,59,,8604,8620,944,960,16,642e3c9a090411005e0b6c06079b7fe8f6fa76ecae2ef838d52112cefa5248c2,51005f01ad013f017300140598000000,,,,,False,,,,,,,,,,False,False
/battle/b_pl_tower/pl_btdpm.narc,/battle/b_pl_tower/pl_btdpm.narc!/member_00060,0,/battle/b_pl_tower/pl_btdpm.narc,149,60,,8620,8636,960,976,16,04af448a33c1fa98fc9425aba97497af297db25c39799deae035c1dcdc8cd64e,5600c501a401fc00e300220399000000,,,,,False,,,,,,,,,,False,False
/battle/b_pl_tower/pl_btdpm.narc,/battle/b_pl_tower/pl_btdpm.narc!/member_00061,0,/battle/b_pl_tower/pl_btdpm.narc,149,61,,8636,8652,976,992,16,eacd2f45aede09781881ae3240db5c699d70c33e66f9615bb394c18feb86bfe6,58005c00a90197006b00030319010000,,,,,False,,,,,,,,,,False,False
/battle/b_pl_tower/pl_btdpm.narc,/battle/b_pl_tower/pl_btdpm.narc!/member_00062,0,/battle/b_pl_tower/pl_btdpm.narc,149,62,,8652,8668,992,1008,16,8faac00b4002c01670f896315b8d1053adfb89e9a338a1f686c3feab1a71bedb,62003d000b002b00b600141197000000,,,,,False,,,,,,,,,,False,False
/battle/b_pl_tower/pl_btdpm.narc,/battle/b_pl_tower/pl_btdpm.narc!/member_00063,0,/battle/b_pl_tower/pl_btdpm.narc,149,63,,8668,8684,1008,1024,16,a614b3e651d8080508160964aee670b49b8e92ce1dcd2210cf7bcfee73adde10,66005d00bf0149007100140f3a010000,,,,,False,,,,,,,,,,False,False
/battle/b_pl_tower/pl_btdpm.narc,/battle/b_pl_tower/pl_btdpm.narc!/member_00064,0,/battle/b_pl_tower/pl_btdpm.narc,149,64,,8684,8700,1024,1040,16,72b43b8af9191b92bcbc3ecdede7850e15f8c245d73d3e4d9793b19f4e482b19,850024002c00af00cb000a0dcb000000,,,,,False,,,,,,,,,,False,False
/battle/b_pl_tower/pl_btdpm.narc,/battle/b_pl_tower/pl_btdpm.narc!/member_00065,0,/battle/b_pl_tower/pl_btdpm.narc,149,65,,8700,8716,1040,1056,16,27d361fea06b20459ecb347f9eae1f9e0b7dab622b0c9dea64cb997e18d6fb8b,a6016001bd00c4006a001105ff000000,,,,,False,,,,,,,,,,False,False
/battle/b_pl_tower/pl_btdpm.narc,/battle/b_pl_tower/pl_btdpm.narc!/member_00066,0,/battle/b_pl_tower/pl_btdpm.narc,149,66,,8716,8732,1056,1072,16,ed85e53b8954fb703ee49e13f5971ef7040fbd3d317e5b88c97b3f38707c396d,60003c00120132007000300f98000000,,,,,False,,,,,,,,,,False,False
/battle/b_pl_tower/pl_btdpm.narc,/battle/b_pl_tower/pl_btdpm.narc!/member_00067,0,/battle/b_pl_tower/pl_btdpm.narc,149,67,,8732,8748,1072,1088,16,4422881cb8154f7a7b5635d4e8f5a7b37cd1a2a6ff325c1866ac7a061191ff01,b201e4005c00a3006c000a03f0000000,,,,,False,,,,,,,,,,False,False
/battle/b_pl_tower/pl_btdpm.narc,/battle/b_pl_tower/pl_btdpm.narc!/member_00068,0,/battle/b_pl_tower/pl_btdpm.narc,149,68,,8748,8764,1088,1104,16,4108be5c651ec77ba0df22631bd962d0dddad14eab9b5a2602dfe7ed5d53a18d,64005f01810056007100180fcc000000,,,,,False,,,,,,,,,,False,False
/battle/b_pl_tower/pl_btdpm.narc,/battle/b_pl_tower/pl_btdpm.narc!/member_00069,0,/battle/b_pl_tower/pl_btdpm.narc,149,69,,8764,8780,1104,1120,16,2e2af8a0f62157f019f6a763b3bb0cdc5a7879431cbdd673ddcdc58aabe7ad8a,aa005f013d00c4005600110ff2000000,,,,,False,,,,,,,,,,False,False
/battle/b_pl_tower/pl_btdpm.narc,/battle/b_pl_tower/pl_btdpm.narc!/member_00070,0,/battle/b_pl_tower/pl_btdpm.narc,149,70,,8780,8796,1120,1136,16,e828bddee97ee8e147e1049d878729768714b9fb76eb9f24b7b506dc3d169c29,d8002201b900d5009c00030896000000,,,,,False,,,,,,,,,,False,False
/battle/b_pl_tower/pl_btdpm.narc,/battle/b_pl_tower/pl_btdpm.narc!/member_00071,0,/battle/b_pl_tower/pl_btdpm.narc,149,71,,8796,8812,1136,1152,16,ace8be236ec64073847e9fdfe543053a2c2221f8b84bf3e973a37cb9b26ca9a7,e100d9002d014c0102010a03f6000000,,,,,False,,,,,,,,,,False,False
/battle/b_pl_tower/pl_btdpm.narc,/battle/b_pl_tower/pl_btdpm.narc!/member_00072,0,/battle/b_pl_tower/pl_btdpm.narc,149,72,,8812,8828,1152,1168,16,dfa34076b461754d62d4f1758358626e1514c6fa6b387afb468083b6bc334d44,e400a8012c002e0005010a03f9000000,,,,,False,,,,,,,,,,False,False
/battle/b_pl_tower/pl_btdpm.narc,/battle/b_pl_tower/pl_btdpm.narc!/member_00073,0,/battle/b_pl_tower/pl_btdpm.narc,149,73,,8828,8844,1168,1184,16,b38647759cbbd932ed66c83cdd3ddb979adb837e2c8d6d22719078d0d03edb7d,e700cd003d016f00c900030315010000,,,,,False,,,,,,,,,,False,False
/battle/b_pl_tower/pl_btdpm.narc,/battle/b_pl_tower/pl_btdpm.narc!/member_00074,0,/battle/b_pl_tower/pl_btdpm.narc,149,74,,8844,8860,1184,1200,16,09510d66061fb0a4191589e7bf4465aa1d9ea997dc3939de4ea30d3b10752947,3001e8003d014e01b6000608e9000000,,Nintendo RLE,Probable,,True,Nintendo RLE,Probable,False,59393,,,,,,False,False
/battle/b_pl_tower/pl_btdpm.narc,/battle/b_pl_tower/pl_btdpm.narc!/member_00075,0,/battle/b_pl_tower/pl_btdpm.narc,149,75,,8860,8876,1200,1216,16,62ab9d4fcc858d4d8aa55dae9ae48d84c0bd50e5dd06708e02dcdae4544aa993,45019500810015016d00300f9e000000,,,,,False,,,,,,,,,,False,False
/battle/b_pl_tower/pl_btdpm.narc,/battle/b_pl_tower/pl_btdpm.narc!/member_00076,0,/battle/b_pl_tower/pl_btdpm.narc,149,76,,8876,8892,1216,1232,16,1a5b15053ef7acf99c7bd5b4349458cfa4af4061921125b754fa67f3c4bcef05,72016001d500ba00f000180a1d010000,,,,,False,,,,,,,,,,False,False
/battle/b_pl_tower/pl_btdpm.narc,/battle/b_pl_tower/pl_btdpm.narc!/member_00077,0,/battle/b_pl_tower/pl_btdpm.narc,149,77,,8892,8908,1232,1248,16,81b8c3e3bbe7b89a27eb6ca1a4ec75054317e2693d4906642a1e25a52ab5ae4d,a201c5016200e4002d000a0d3d010000,,,,,False,,,,,,,,,,False,False
/battle/b_pl_tower/pl_btdpm.narc,/battle/b_pl_tower/pl_btdpm.narc!/member_00078,0,/battle/b_pl_tower/pl_btdpm.narc,149,78,,8908,8924,1248,1264,16,3576417c2ef81435e7118bcb54f706b0b6356dfb6e8bece2a53344e151874434,c1015b003d0148011901030396000000,,,,,False,,,,,,,,,,False,False
/battle/b_pl_tower/pl_btdpm.narc,/battle/b_pl_tower/pl_btdpm.narc!/member_00079,0,/battle/b_pl_tower/pl_btdpm.narc,149,79,,8924,8940,1264,1280,16,c9c56692735f2c605dea59eeaa042cf3739b336e5c82ec1b5981277018e5f7c4,c3013101c2012c0086010608f5000000,,,,,False,,,,,,,,,,False,False
/battle/b_pl_tower/pl_btdpm.narc,/battle/b_pl_tower/pl_btdpm.narc!/member_00080,0,/battle/b_pl_tower/pl_btdpm.narc,149,80,,8940,8956,1280,1296,16,714acc70df2ae0bfecfe4d234e9d464b6f4cd02cc2ee16138696082eab14c47d,c80160013e01d5008801300f3d010000,,,,,False,,,,,,,,,,False,False
/battle/b_pl_tower/pl_btdpm.narc,/battle/b_pl_tower/pl_btdpm.narc!/member_00081,0,/battle/b_pl_tower/pl_btdpm.narc,149,81,,8956,8972,1296,1312,16,6700322473929b9b2c851d3996ad3eeea34ebb747ca349bfb963b24ad3f1f88a,cb0108004b00400113010303f6000000,,,,,False,,,,,,,,,,False,False
/battle/b_pl_tower/pl_btdpm.narc,/battle/b_pl_tower/pl_btdpm.narc!/member_00082,0,/battle/b_pl_tower/pl_btdpm.narc,149,82,,8972,8988,1312,1328,16,2d93e4c23e6662b89402cc46fcee95b69036f80b6da79eca842f7bc80786065b,48003d00330030007000300f95000000,,,,,False,,,,,,,,,,False,False
/battle/b_pl_tower/pl_btdpm.narc,/battle/b_pl_tower/pl_btdpm.narc!/member_00083,0,/battle/b_pl_tower/pl_btdpm.narc,149,83,,8988,9004,1328,1344,16,194a5dc5b743af62ee6a02ad58dcf940eab1f105a3745050151c20da80bfd0cf,4b012e01b900b2004001030399000000,,,,,False,,,,,,,,,,False,False
/battle/b_pl_tower/pl_btdpm.narc,/battle/b_pl_tower/pl_btdpm.narc!/member_00084,0,/battle/b_pl_tower/pl_btdpm.narc,149,84,,9004,9020,1344,1360,16,f6f897221de3363b6104cfe07f28af66a2df52db773ffa4912ecef6c63ea1fd1,6d007c003c006c00b400140ff5000000,,,,,False,,,,,,,,,,False,False
/battle/b_pl_tower/pl_btdpm.narc,/battle/b_pl_tower/pl_btdpm.narc!/member_00085,0,/battle/b_pl_tower/pl_btdpm.narc,149,85,,9020,9036,1360,1376,16,ea152443030702063774bb8a11317447091e93382145d2de85bfb31bfd83c12c,78003d00ef0081007100180a95000000,,,,,False,,,,,,,,,,False,False
/battle/b_pl_tower/pl_btdpm.narc,/battle/b_pl_tower/pl_btdpm.narc!/member_00086,0,/battle/b_pl_tower/pl_btdpm.narc,149,86,,9036,9052,1376,1392,16,e41f939f1d7ca77f7f50d4f79987ccb76c17d378e4e3aa6980fafc0510b65ec7,bc0048004c015d00b200120628010000,,,,,False,,,,,,,,,,False,False
/battle/b_pl_tower/pl_btdpm.narc,/battle/b_pl_tower/pl_btdpm.narc!/member_00087,0,/battle/b_pl_tower/pl_btdpm.narc,149,87,,9052,9068,1392,1408,16,89ef2166c035ec0805179c0d4d7869268ba466422189942e797e91db3f7cd85f,0f0160014800fc00f00030111d010000,,,,,False,,,,,,,,,,False,False
/battle/b_pl_tower/pl_btdpm.narc,/battle/b_pl_tower/pl_btdpm.narc!/member_00088,0,/battle/b_pl_tower/pl_btdpm.narc,149,88,,9068,9084,1408,1424,16,efefa4c373ffc806bc1edb4c1e03488982a4055b117ad8815c9e26338467effd,12014b00b900cf006a00030399000000,,,,,False,,,,,,,,,,False,False
/battle/b_pl_tower/pl_btdpm.narc,/battle/b_pl_tower/pl_btdpm.narc!/member_00089,0,/battle/b_pl_tower/pl_btdpm.narc,149,89,,9084,9100,1424,1440,16,859f24d581885d9f7b4ea30df7093877250a7020b31f8093d43719f1a700e924,4901e100bd00d2013000180f99000000,,,,,False,,,,,,,,,,False,False
/battle/b_pl_tower/pl_btdpm.narc,/battle/b_pl_tower/pl_btdpm.narc!/member_00090,0,/battle/b_pl_tower/pl_btdpm.narc,149,90,,9100,9116,1440,1456,16,d4b0f1934e86219221f6e2a796f2222852f6f064a834136a56e509cabbe3ee21,8d011b011100620012000a03f4000000,,,,,False,,,,,,,,,,False,False
/battle/b_pl_tower/pl_btdpm.narc,/battle/b_pl_tower/pl_btdpm.narc!/member_00091,0,/battle/b_pl_tower/pl_btdpm.narc,149,91,,9116,9132,1456,1472,16,20f46a436a582d998fd0594d053b4022e6cdcd3bb23209d9fdb913365a112d43,6f005b005e01b800270007039c000000,,,,,False,,,,,,,,,,False,False
/battle/b_pl_tower/pl_btdpm.narc,/battle/b_pl_tower/pl_btdpm.narc!/member_00092,0,/battle/b_pl_tower/pl_btdpm.narc,149,92,,9132,9148,1472,1488,16,56b5f4cce4ffd5c8f2627bc1fc5190f5d008b0be3f71553b75ad57266e24581a,6e01fa005c004e01b6000505e3000000,,,,,False,,,,,,,,,,False,False
/battle/b_pl_tower/pl_btdpm.narc,/battle/b_pl_tower/pl_btdpm.narc!/member_00093,0,/battle/b_pl_tower/pl_btdpm.narc,149,93,,9148,9164,1488,1504,16,2de883ce30652eb5cfdea1197936f1ae275692c3fdae378ad4fbff26d79317c4,ca013d004c01c40061003006f3000000,,,,,False,,,,,,,,,,False,False
/battle/b_pl_tower/pl_btdpm.narc,/battle/b_pl_tower/pl_btdpm.narc!/member_00094,0,/battle/b_pl_tower/pl_btdpm.narc,149,94,,9164,9180,1504,1520,16,32abcad168904e95368bbf8a5c5dbeca36e2677e1aa578821ce4c340a14f1e55,a901d2013a01c4000501110fcc000000,,,,,False,,,,,,,,,,False,False
/battle/b_pl_tower/pl_btdpm.narc,/battle/b_pl_tower/pl_btdpm.narc!/member_00095,0,/battle/b_pl_tower/pl_btdpm.narc,149,95,,9180,9196,1520,1536,16,84ff5f11a9d965f22f7fddf93581581a8db68ac4b102857ab9d7109c6439a636,110011006200290177000a0398000000,,Nintendo LZ11,Probable,,True,Nintendo LZ11,Probable,True,4352,False,,,,,False,False
/battle/b_pl_tower/pl_btdpm.narc,/battle/b_pl_tower/pl_btdpm.narc!/member_00096,0,/battle/b_pl_tower/pl_btdpm.narc,149,96,,9196,9212,1536,1552,16,247f05a34695d1dd7a426d6fdc2f5834e59c4a728d008b40f7c6a04b0cb09a66,3a00a8012c002e0061000303f9000000,,,,,False,,,,,,,,,,False,False
/battle/b_pl_tower/pl_btdpm.narc,/battle/b_pl_tower/pl_btdpm.narc!/member_00097,0,/battle/b_pl_tower/pl_btdpm.narc,149,97,,9212,9228,1552,1568,16,d4035b20077b204d4c5ed786cf09bb3b0c561ecf81c1eb94eb0d57cedfba30f9,98013d01e400b8002b0024173b010000,,,,,False,,,,,,,,,,False,False
/battle/b_pl_tower/pl_btdpm.narc,/battle/b_pl_tower/pl_btdpm.narc!/member_00098,0,/battle/b_pl_tower/pl_btdpm.narc,149,98,,9228,9244,1568,1584,16,638ad2405d86c3490ff467b661cae99b7af09c58da9ed23bb8f13abdcf32f7c2,9a01ba013d01cf004e010616e6000000,,,,,False,,,,,,,,,,False,False
/battle/b_pl_tower/pl_btdpm.narc,/battle/b_pl_tower/pl_btdpm.narc!/member_00099,0,/battle/b_pl_tower/pl_btdpm.narc,149,99,,9244,9260,1584,1600,16,67ae87ca8d5de1ebc792479628eb7c9b937b5fe5e12b2d988e232d28ffbbca67,ab01920099016200c1000a03f1000000,,,,,False,,,,,,,,,,False,False
/battle/b_pl_tower/pl_btdpm.narc,/battle/b_pl_tower/pl_btdpm.narc!/member_00100,0,/battle/b_pl_tower/pl_btdpm.narc,149,100,,9260,9276,1600,1616,16,f17fc431f3081361c815d6ca6357f7550aac80a925f73e4cc3717a1ccd6c6f61,5300a3003a011a010e00220303010000,,,,,False,,,,,,,,,,False,False
/battle/b_pl_tower/pl_btdpm.narc,/battle/b_pl_tower/pl_btdpm.narc!/member_00101,0,/battle/b_pl_tower/pl_btdpm.narc,149,101,,9276,9292,1616,1632,16,584995c3fb541bbd20d4a5e262060cc16f80955248c2ae81e48d901176ca02ef,8a00f60037005501b600140597000000,,,,,False,,,,,,,,,,False,False
/battle/b_pl_tower/pl_btdpm.narc,/battle/b_pl_tower/pl_btdpm.narc!/member_00102,0,/battle/b_pl_tower/pl_btdpm.narc,149,102,,9292,9308,1632,1648,16,eb7091f54f0afd566d13896ead84733f185ddc76a7d52a1b497f8a4cacda509e,8c00c5013d011a013f010603c9000000,,,,,False,,,,,,,,,,False,False
/battle/b_pl_tower/pl_btdpm.narc,/battle/b_pl_tower/pl_btdpm.narc!/member_00103,0,/battle/b_pl_tower/pl_btdpm.narc,149,103,,9308,9324,1648,1664,16,d8ccc40799e53e81ddeff5a93348893df454792fdc3c869abf90e40bd247b30b,5901f600bf0113016d002514ff000000,,,,,False,,,,,,,,,,False,False
/battle/b_pl_tower/pl_btdpm.narc,/battle/b_pl_tower/pl_btdpm.narc!/member_00104,0,/battle/b_pl_tower/pl_btdpm.narc,149,104,,9324,9340,1664,1680,16,edbd2ed69c8c478dc2fc86f281768bc116c3febc585b1b86b51d48eb3a29f31c,5b01d2005e01e800b6000a0315010000,,,,,False,,,,,,,,,,False,False
/battle/b_pl_tower/pl_btdpm.narc,/battle/b_pl_tower/pl_btdpm.narc!/member_00105,0,/battle/b_pl_tower/pl_btdpm.narc,149,105,,9340,9356,1680,1696,16,57ef4c285e11e21ceede4ddc9c35456887586457a9b9a468bae2fc04193f4a71,be00ca0171015600fc000a03fb000000,,,,,False,,,,,,,,,,False,False
/battle/b_pl_tower/pl_btdpm.narc,/battle/b_pl_tower/pl_btdpm.narc!/member_00106,0,/battle/b_pl_tower/pl_btdpm.narc,149,106,,9356,9372,1696,1712,16,e3e21a56cfdabcae0b955f75c5c3aba58524af8a955800cf74e30abbef636711,ef0009000200620071000a0d95000000,,,,,False,,,,,,,,,,False,False
/battle/b_pl_tower/pl_btdpm.narc,/battle/b_pl_tower/pl_btdpm.narc!/member_00107,0,/battle/b_pl_tower/pl_btdpm.narc,149,107,,9372,9388,1712,1728,16,3209659f0b1c89d1d18071b04cab83c17468f90eb420a64b7a467a2ca5c95271,260117002c005001300003039c000000,,,,,False,,,,,,,,,,False,False
/battle/b_pl_tower/pl_btdpm.narc,/battle/b_pl_tower/pl_btdpm.narc!/member_00108,0,/battle/b_pl_tower/pl_btdpm.narc,149,108,,9388,9404,1728,1744,16,cdb3dc2070d903744ebb99a27aa37487829d10b12d058293c2305086dee8d8b9,470192009901b9002a010303fb000000,,,,,False,,,,,,,,,,False,False
/battle/b_pl_tower/pl_btdpm.narc,/battle/b_pl_tower/pl_btdpm.narc!/member_00109,0,/battle/b_pl_tower/pl_btdpm.narc,149,109,,9404,9420,1744,1760,16,9fe7ac81440cb0b732e1cc75beec516987e8938ebd97633ce2689c741fb43f97,ce001d002c00b4008900030346010000,,,,,False,,,,,,,,,,False,False
/battle/b_pl_tower/pl_btdpm.narc,/battle/b_pl_tower/pl_btdpm.narc!/member_00110,0,/battle/b_pl_tower/pl_btdpm.narc,149,110,,9420,9436,1760,1776,16,7a0867d7ab74eee36a6dc34bcf00ad15969d8f1ad8d230c667734859657ebc17,1e00310118002c0004010303f5000000,,,,,False,,,,,,,,,,False,False
/battle/b_pl_tower/pl_btdpm.narc,/battle/b_pl_tower/pl_btdpm.narc!/member_00111,0,/battle/b_pl_tower/pl_btdpm.narc,149,111,,9436,9452,1776,1792,16,6d9570b9126f8c444a2b574a805f32d4d8d485a327e1e55cc85823938677436c,21005c001800070104010303e6000000,,,,,False,,,,,,,,,,False,False
/battle/b_pl_tower/pl_btdpm.narc,/battle/b_pl_tower/pl_btdpm.narc!/member_00112,0,/battle/b_pl_tower/pl_btdpm.narc,149,112,,9452,9468,1792,1808,16,15708fb3c31f434ae7c2efb05a017e6c35d840e449967b54964fa32518a94af3,b4005f01810056007100110f0d010000,,,,,False,,,,,,,,,,False,False
/battle/b_pl_tower/pl_btdpm.narc,/battle/b_pl_tower/pl_btdpm.narc!/member_00113,0,/battle/b_pl_tower/pl_btdpm.narc,149,113,,9468,9484,1808,1824,16,5c9beb26e884452ec0873dad85a4cc704169c5c092830360dd3a1d1ce8969d45,f0000700b7002b006c000a0397000000,,,,,False,,,,,,,,,,False,False
/battle/b_pl_tower/pl_btdpm.narc,/battle/b_pl_tower/pl_btdpm.narc!/member_00114,0,/battle/b_pl_tower/pl_btdpm.narc,149,114,,9484,9500,1824,1840,16,1665bff7fab6e3e0f72dba67e129b8f8a594bf30bf059f41c294117174205394,2b01f6005f015600c900140fee000000,,,,,False,,,,,,,,,,False,False
/battle/b_pl_tower/pl_btdpm.narc,/battle/b_pl_tower/pl_btdpm.narc!/member_00115,0,/battle/b_pl_tower/pl_btdpm.narc,149,115,,9500,9516,1840,1856,16,d53d9d1db1b84cf2eb34ff0fd360aba978f1f170d9096af9bbf08172ab89e9cb,de003d00f600f3007000300fe6000000,,,,,False,,,,,,,,,,False,False
/battle/b_pl_tower/pl_btdpm.narc,/battle/b_pl_tower/pl_btdpm.narc!/member_00116,0,/battle/b_pl_tower/pl_btdpm.narc,149,116,,9516,9532,1856,1872,16,e31d91ebdd43a1dba7f73e27d226724e180323cb76c673a7ce6ad9453ba03d3c,2d012201b900fc00c10003039e000000,,,,,False,,,,,,,,,,False,False
/battle/b_pl_tower/pl_btdpm.narc,/battle/b_pl_tower/pl_btdpm.narc!/member_00117,0,/battle/b_pl_tower/pl_btdpm.narc,149,117,,9532,9548,1872,1888,16,0d20f03ca6c805b379f8b41076e3337233329f8a202338899619afd1b48aca1e,2e01b900a901fc00c5000608f0000000,,,,,False,,,,,,,,,,False,False
/battle/b_pl_tower/pl_btdpm.narc,/battle/b_pl_tower/pl_btdpm.narc!/member_00118,0,/battle/b_pl_tower/pl_btdpm.narc,149,118,,9548,9564,1888,1904,16,514a9d89a6598c2f30da93c33466cfdbaa9bd37556ddaf64d2d218436ead4c35,2f01ba012c0041014e010508d5000000,,,,,False,,,,,,,,,,False,False
/battle/b_pl_tower/pl_btdpm.narc,/battle/b_pl_tower/pl_btdpm.narc!/member_00119,0,/battle/b_pl_tower/pl_btdpm.narc,149,119,,9564,9580,1904,1920,16,38d20fdfa497401992cde2fecffed3a72476c12bd9c9070f481e63521d46215c,9201d200f9001a017400030315010000,,,,,False,,,,,,,,,,False,False
/battle/b_pl_tower/pl_btdpm.narc,/battle/b_pl_tower/pl_btdpm.narc!/member_00120,0,/battle/b_pl_tower/pl_btdpm.narc,149,120,,9580,9596,1920,1936,16,a43c65974e10882fb116dee43db2867fadb922cd4eb8b260540e1a0c317d1885,0c003e013a013c006e01300f97000000,,,,,False,,,,,,,,,,False,False
/battle/b_pl_tower/pl_btdpm.narc,/battle/b_pl_tower/pl_btdpm.narc!/member_00121,0,/battle/b_pl_tower/pl_btdpm.narc,149,121,,9596,9612,1936,1952,16,2dd72ac0a4bb3a27a722e5c909ce1777c49cf49cc90417abfdda54d4617214c0,0f0029005c0074016100220de8000000,,,,,False,,,,,,,,,,False,False
/battle/b_pl_tower/pl_btdpm.narc,/battle/b_pl_tower/pl_btdpm.narc!/member_00122,0,/battle/b_pl_tower/pl_btdpm.narc,149,122,,9612,9628,1952,1968,16,00bf8af3647ec3b113e5cc628df0ff7121ad2f2bfc838d718be0180f56cd3168,3d003d0003003600f0001200c9000000,,,,,False,,,,,,,,,,False,False
/battle/b_pl_tower/pl_btdpm.narc,/battle/b_pl_tower/pl_btdpm.narc!/member_00123,0,/battle/b_pl_tower/pl_btdpm.narc,149,123,,9628,9644,1968,1984,16,2badedaf87849372a678e5e10add8ca8c4cc5f2abaa03d2b7104d31a75516b2e,5f009d005b006700c9000603ee000000,,,,,False,,,,,,,,,,False,False
/battle/b_pl_tower/pl_btdpm.narc,/battle/b_pl_tower/pl_btdpm.narc!/member_00124,0,/battle/b_pl_tower/pl_btdpm.narc,149,124,,9644,9660,1984,2000,16,9c93cf6ee0b2f4f42f3bbdde2b847546e2661707c425c4164ed7e7f3a97bc753,6c0022013d017a006700030396000000,,,,,False,,,,,,,,,,False,False
/battle/b_pl_tower/pl_btdpm.narc,/battle/b_pl_tower/pl_btdpm.narc!/member_00125,0,/battle/b_pl_tower/pl_btdpm.narc,149,125,,9660,9676,2000,2016,16,7bd318f3044a503972c557b6b984ce0e763f642ebe524782eca95eac55644538,0b013e013a014800d500180fde000000,,,,,False,,,,,,,,,,False,False
/battle/b_pl_tower/pl_btdpm.narc,/battle/b_pl_tower/pl_btdpm.narc!/member_00126,0,/battle/b_pl_tower/pl_btdpm.narc,149,126,,9676,9692,2016,2032,16,f24957b37fd7ab4d5c0127e5592a85aa55dc4fa908f2bccc386637d662d37426,0d013e015c003c001200300fde000000,,,,,False,,,,,,,,,,False,False
/battle/b_pl_tower/pl_btdpm.narc,/battle/b_pl_tower/pl_btdpm.narc!/member_00127,0,/battle/b_pl_tower/pl_btdpm.narc,149,127,,9692,9708,2032,2048,16,d872873927dc28ca6b41592e9b7d52bc52226a1cc5f35e6687aadc7a3a8cb786,46004b0033002300e6001211e8000000,,,,,False,,,,,,,,,,False,False
/battle/b_pl_tower/pl_btdpm.narc,/battle/b_pl_tower/pl_btdpm.narc!/member_00128,0,/battle/b_pl_tower/pl_btdpm.narc,149,128,,9708,9724,2048,2064,16,d137b6c82b0f14e8b019aa934d05f4feca79b135ba1d5223c8e02a47f0fbc934,4b00de003d01be016f000603e6000000,,,,,False,,,,,,,,,,False,False
/battle/b_pl_tower/pl_btdpm.narc,/battle/b_pl_tower/pl_btdpm.narc!/member_00129,0,/battle/b_pl_tower/pl_btdpm.narc,149,129,,9724,9740,2064,2080,16,bdf63e72d0268875acc8a4a76a26ed416644becd7ef857f78ee13d2735b4f8b8,a6003e013a016100e200300a46010000,,,,,False,,,,,,,,,,False,False
/battle/b_pl_tower/pl_btdpm.narc,/battle/b_pl_tower/pl_btdpm.narc!/member_00130,0,/battle/b_pl_tower/pl_btdpm.narc,149,130,,9740,9756,2080,2096,16,7e00bdb15634ef3fad86cfe0647173646973c7be9777fe96e9528e56f1f50eb5,a800c2015c00a901a9000303de000000,,,,,False,,,,,,,,,,False,False
/battle/b_pl_tower/pl_btdpm.narc,/battle/b_pl_tower/pl_btdpm.narc!/member_00131,0,/battle/b_pl_tower/pl_btdpm.narc,149,131,,9756,9772,2096,2112,16,6bb4a10386c1bb4a12b2c750a26088ab898fb34ccc417550237f0b730984539c,c1003e013a016800c500180aff000000,,,,,False,,,,,,,,,,False,False
/battle/b_pl_tower/pl_btdpm.narc,/battle/b_pl_tower/pl_btdpm.narc!/member_00132,0,/battle/b_pl_tower/pl_btdpm.narc,149,132,,9772,9788,2112,2128,16,b042dc0272b2ba1a41ee5c510b0fcb8f4394c89d0f682bd6626147126a7015fe,be0176001601fe00000124079e000000,,,,,False,,,,,,,,,,False,False
/battle/b_pl_tower/pl_btdpm.narc,/battle/b_pl_tower/pl_btdpm.narc!/member_00133,0,/battle/b_pl_tower/pl_btdpm.narc,149,133,,9788,9804,2128,2144,16,c054030b657b801b13eee08e4aee9edb4e929332bdac1bc4ed064c9bc18ed511,2c00480033004e00ec00110fef000000,,,,,False,,,,,,,,,,False,False
/battle/b_pl_tower/pl_btdpm.narc,/battle/b_pl_tower/pl_btdpm.narc!/member_00134,0,/battle/b_pl_tower/pl_btdpm.narc,149,134,,9804,9820,2144,2160,16,a4bd6c490867152cd55dd7cc59888ec4ec53cca89a96e5ccf82bebb4e25d7935,890081003c00c4001601110f9c000000,,,,,False,,,,,,,,,,False,False
/battle/b_pl_tower/pl_btdpm.narc,/battle/b_pl_tower/pl_btdpm.narc!/member_00135,0,/battle/b_pl_tower/pl_btdpm.narc,149,135,,9820,9836,2160,2176,16,4e58a79e60df8761806393e5eacd47a65d9fb7653281e1a737aa66050643846f,5f013701f100f0000201180a9c000000,,,,,False,,,,,,,,,,False,False
/battle/b_pl_tower/pl_btdpm.narc,/battle/b_pl_tower/pl_btdpm.narc!/member_00136,0,/battle/b_pl_tower/pl_btdpm.narc,149,136,,9836,9852,2176,2192,16,3cc86bb1cfbda39423e18430ec067185b40310e59b633df7ded74642abd18b61,3901710162006d000e010a0dc9000000,,,,,False,,,,,,,,,,False,False
/battle/b_pl_tower/pl_btdpm.narc,/battle/b_pl_tower/pl_btdpm.narc!/member_00137,0,/battle/b_pl_tower/pl_btdpm.narc,149,137,,9852,9868,2192,2208,16,aebcb581cad01aac2549802ed4d227b742993ceeb51bfaec3ac3410ac1d4f404,3a013e01810011010e01180acc000000,,,,,False,,,,,,,,,,False,False
/battle/b_pl_tower/pl_btdpm.narc,/battle/b_pl_tower/pl_btdpm.narc!/member_00138,0,/battle/b_pl_tower/pl_btdpm.narc,149,138,,9868,9884,2208,2224,16,5aa0f924195e2cfd620b0dfbfbddca39a56d724710c15d759c9d8d88d156e844,3b0148005c004001b200300f19010000,,,,,False,,,,,,,,,,False,False
/battle/b_pl_tower/pl_btdpm.narc,/battle/b_pl_tower/pl_btdpm.narc!/member_00139,0,/battle/b_pl_tower/pl_btdpm.narc,149,139,,9884,9900,2224,2240,16,b897632b257852fb20db13fc9f93bd897a6d0958193f012bb351fe9622c7b4a1,40016001c4002e003600180ffe000000,,,,,False,,,,,,,,,,False,False
/battle/b_pl_tower/pl_btdpm.narc,/battle/b_pl_tower/pl_btdpm.narc!/member_00140,0,/battle/b_pl_tower/pl_btdpm.narc,149,140,,9900,9916,2240,2256,16,8d22081ce1b2fbc63e643485a0ec34c400842d17d6ab7c304c915b0765d6788d,2f00c201bf010a004e00280d99000000,,,,,False,,,,,,,,,,False,False
/battle/b_pl_tower/pl_btdpm.narc,/battle/b_pl_tower/pl_btdpm.narc!/member_00141,0,/battle/b_pl_tower/pl_btdpm.narc,149,141,,9916,9932,2256,2272,16,72da1bf2ab981bb84d6eeea1261ebbe67d8fc9852b02fc27d5553d3823ecb218,b901c00181002f00770028149c000000,,,,,False,,,,,,,,,,False,False
/battle/b_pl_tower/pl_btdpm.narc,/battle/b_pl_tower/pl_btdpm.narc!/member_00142,0,/battle/b_pl_tower/pl_btdpm.narc,149,142,,9932,9948,2272,2288,16,5e99b3892002b9d35e6f8bb4bdcc7151499844bf721b944ee609e121f95c80c5,5d0065005c006d002001180a9c000000,,,,,False,,,,,,,,,,False,False
/battle/b_pl_tower/pl_btdpm.narc,/battle/b_pl_tower/pl_btdpm.narc!/member_00143,0,/battle/b_pl_tower/pl_btdpm.narc,149,143,,9948,9964,2288,2304,16,fa7dfdf9fc1ef773d282ea23d03df16c975d209b8aefe8d49cf8e26fa10d1ec0,b0003a01810059011101301496000000,,,,,False,,,,,,,,,,False,False
/battle/b_pl_tower/pl_btdpm.narc,/battle/b_pl_tower/pl_btdpm.narc!/member_00144,0,/battle/b_pl_tower/pl_btdpm.narc,149,144,,9964,9980,2304,2320,16,13a53114ffdbb7ad68c912845cec41947b0df3c110d4c1a3471861e475947c63,c600b900110003010d010a0df0000000,,,,,False,,,,,,,,,,False,False
/battle/b_pl_tower/pl_btdpm.narc,/battle/b_pl_tower/pl_btdpm.narc!/member_00145,0,/battle/b_pl_tower/pl_btdpm.narc,149,145,,9980,9996,2320,2336,16,ca19bdc5d8996f8cb47503e328b7aecba7fcd92e33165c01889bd2019e0c38fa,ca004400f300cc0096002c0de6000000,,,,,False,,,,,,,,,,False,False
/battle/b_pl_tower/pl_btdpm.narc,/battle/b_pl_tower/pl_btdpm.narc!/member_00146,0,/battle/b_pl_tower/pl_btdpm.narc,149,146,,9996,10012,2336,2352,16,ca25345408f29437284ef44a2d9d0d2181fcebaacc6145339ebc6fd605904c25,37015f01810039010e01180acc000000,,,,,False,,,,,,,,,,False,False
/battle/b_pl_tower/pl_btdpm.narc,/battle/b_pl_tower/pl_btdpm.narc!/member_00147,0,/battle/b_pl_tower/pl_btdpm.narc,149,147,,10012,10028,2352,2368,16,747622a9080f5584ec5c45e890ddd93b649ddc803a6ddc2baf240c8e66d9c162,38015f018100e3000e01180acb000000,,,,,False,,,,,,,,,,False,False
/battle/b_pl_tower/pl_btdpm.narc,/battle/b_pl_tower/pl_btdpm.narc!/member_00148,0,/battle/b_pl_tower/pl_btdpm.narc,149,148,,10028,10044,2368,2384,16,a4f8b7c9e90beae5e0cc2ef50c2824c13eacb017a85511cbd9cacb29db3d653f,a101d10062002c00ba000a0df2000000,,,,,False,,,,,,,,,,False,False
/battle/b_pl_tower/pl_btdpm.narc,/battle/b_pl_tower/pl_btdpm.narc!/member_00149,0,/battle/b_pl_tower/pl_btdpm.narc,149,149,,10044,10060,2384,2400,16,c2b07c4ba1397e5a906b8d84d11d0db69bdcf770d9ab049eea0c422c3e61ee7c,4d00ac001700050127000a0396000000,,,,,False,,,,,,,,,,False,False
/battle/b_pl_tower/pl_btdpm.narc,/battle/b_pl_tower/pl_btdpm.narc!/member_00150,0,/battle/b_pl_tower/pl_btdpm.narc,149,150,,10060,10076,2400,2416,16,3a832797930b60543803728b9a53da09a00014a919e548db187197cdb702d3c3,b8003d00cd006f002700301197000000,,,,,False,,,,,,,,,,False,False
/battle/b_pl_tower/pl_btdpm.narc,/battle/b_pl_tower/pl_btdpm.narc!/member_00151,0,/battle/b_pl_tower/pl_btdpm.narc,149,151,,10076,10092,2416,2432,16,deb35811aa1b813d8f0e5074f9e0a729b00b79a2356e164553412affe6abfa3c,02004b004d00240049002217cb000000,,,,,False,,,,,,,,,,False,False
/battle/b_pl_tower/pl_btdpm.narc,/battle/b_pl_tower/pl_btdpm.narc!/member_00152,0,/battle/b_pl_tower/pl_btdpm.narc,149,152,,10092,10108,2432,2448,16,8ed62cf00769d98059a9e5953c93dc4314409945e19b2530ff4bde00b3a62b10,0500a801a3006c00b8000a0446010000,,,,,False,,,,,,,,,,False,False
/battle/b_pl_tower/pl_btdpm.narc,/battle/b_pl_tower/pl_btdpm.narc!/member_00153,0,/battle/b_pl_tower/pl_btdpm.narc,149,153,,10108,10124,2448,2464,16,02badd7cd418f9143d376d752eabc9926c02b7d3d70df56468b9f38f93e37c8e,0800c5012c00e50019010303e6000000,,,,,False,,,,,,,,,,False,False
/battle/b_pl_tower/pl_btdpm.narc,/battle/b_pl_tower/pl_btdpm.narc!/member_00154,0,/battle/b_pl_tower/pl_btdpm.narc,149,154,,10124,10140,2464,2480,16,f4665c3d43cc6ab1b43d802e5053245f314467b079d8ffab9afcbf133e90b10e,99005901f600db007100110f9e000000,,,,,False,,,,,,,,,,False,False
/battle/b_pl_tower/pl_btdpm.narc,/battle/b_pl_tower/pl_btdpm.narc!/member_00155,0,/battle/b_pl_tower/pl_btdpm.narc,149,155,,10140,10156,2480,2496,16,913d898aef1e7bbf448314292a67726b19b93c83c0f4ba8d922e33a16643ccff,9c00ac00180062006c000a0396000000,,,,,False,,,,,,,,,,False,False
/battle/b_pl_tower/pl_btdpm.narc,/battle/b_pl_tower/pl_btdpm.narc!/member_00156,0,/battle/b_pl_tower/pl_btdpm.narc,149,156,,10156,10172,2496,2512,16,2246e9248f01d004d628cd15cd1c752a328c23e24dcf3b03ebc33fadd003e4b4,9f006001a3002c00b800120ce8000000,,,,,False,,,,,,,,,,False,False
/battle/b_pl_tower/pl_btdpm.narc,/battle/b_pl_tower/pl_btdpm.narc!/member_00157,0,/battle/b_pl_tower/pl_btdpm.narc,149,157,,10172,10188,2512,2528,16,0aecbebcf48b8d35f3d0d7bc4dd882bab701ac2d7979df352d9b5a7b0d1c4ccb,fd0059018100bd00c500180ac0000000,,,,,False,,,,,,,,,,False,False
/battle/b_pl_tower/pl_btdpm.narc,/battle/b_pl_tower/pl_btdpm.narc!/member_00158,0,/battle/b_pl_tower/pl_btdpm.narc,149,158,,10188,10204,2528,2544,16,5a46661442c70c61f6ac633963a6c224101269fa44ae2365c36a0c57581f0267,00010700180062001c000303c9000000,,,,,False,,,,,,,,,,False,False
/battle/b_pl_tower/pl_btdpm.narc,/battle/b_pl_tower/pl_btdpm.narc!/member_00159,0,/battle/b_pl_tower/pl_btdpm.narc,149,159,,10204,10220,2544,2560,16,33baab72c7cac603cefbce7352a9d887b12e56d3dac9340d5c5f8c40327c4b06,030155016001f6002d00300fe6000000,,,,,False,,,,,,,,,,False,False
/battle/b_pl_tower/pl_btdpm.narc,/battle/b_pl_tower/pl_btdpm.narc!/member_00160,0,/battle/b_pl_tower/pl_btdpm.narc,149,160,,10220,10236,2560,2576,16,55935393d4e28424ac9a5ebf718376f1f40334d7060f514c235cb4b96d228bf3,84014b002c004900eb00060728010000,,,,,False,,,,,,,,,,False,False
/battle/b_pl_tower/pl_btdpm.narc,/battle/b_pl_tower/pl_btdpm.narc!/member_00161,0,/battle/b_pl_tower/pl_btdpm.narc,149,161,,10236,10252,2576,2592,16,8b3d6c4772193a79209803c79082d4688f35f6abfb5728541fdf40aae4126067,8701b700ac009a000d010a03c0000000,,,,,False,,,,,,,,,,False,False
/battle/b_pl_tower/pl_btdpm.narc,/battle/b_pl_tower/pl_btdpm.narc!/member_00162,0,/battle/b_pl_tower/pl_btdpm.narc,149,162,,10252,10268,2592,2608,16,f1ded3b0a30c4b5a78e4ca6c4031481343a413460453519955028603521a418a,8a013d00e800400068003011ba000000,,,,,False,,,,,,,,,,False,False
/battle/b_pl_tower/pl_btdpm.narc,/battle/b_pl_tower/pl_btdpm.narc!/member_00163,0,/battle/b_pl_tower/pl_btdpm.narc,149,163,,10268,10284,2608,2624,16,578ef77049e4f341e80781cda42a24fcaef8d74190e02a3bee1f900213771634,b9009d00b900c9004f010608ee000000,,,,,False,,,,,,,,,,False,False
/battle/b_pl_tower/pl_btdpm.narc,/battle/b_pl_tower/pl_btdpm.narc!/member_00164,0,/battle/b_pl_tower/pl_btdpm.narc,149,164,,10284,10300,2624,2640,16,16426c35f585eb32a907f4e17913dad7747a8563eb979990db24392604d02f72,db00b401f6009700c900110fff000000,,,,,False,,,,,,,,,,False,False
/battle/b_pl_tower/pl_btdpm.narc,/battle/b_pl_tower/pl_btdpm.narc!/member_00165,0,/battle/b_pl_tower/pl_btdpm.narc,149,165,,10300,10316,2640,2656,16,6355ac8718dba8190e58b84e2bc6c1dacaf6312d3a76902df0facdc229f86fc7,f7003d015b00b800c9000303ee000000,,,,,False,,,,,,,,,,False,False
/battle/b_pl_tower/pl_btdpm.narc,/battle/b_pl_tower/pl_btdpm.narc!/member_00166,0,/battle/b_pl_tower/pl_btdpm.narc,149,166,,10316,10332,2656,2672,16,da2feba876b5241b6a2f0f362c1219b56cdb779d514cc711bb11d3966c1ad278,6c013e006001e300020111071a010000,,,,,False,,,,,,,,,,False,False
/battle/b_pl_tower/pl_btdpm.narc,/battle/b_pl_tower/pl_btdpm.narc!/member_00167,0,/battle/b_pl_tower/pl_btdpm.narc,149,167,,10332,10348,2672,2688,16,17078f93e624e548f41b33da00911ffdb5ead7c0c33c217bc47f708d8311da52,90011d00600162002d001218bd000000,,,,,False,,,,,,,,,,False,False
/battle/b_pl_tower/pl_btdpm.narc,/battle/b_pl_tower/pl_btdpm.narc!/member_00168,0,/battle/b_pl_tower/pl_btdpm.narc,149,168,,10348,10364,2688,2704,16,42b2754a0cc9c2194fc8a4ad5e16aba382b41f46909f392324200302c4a1156b,bc0152004801a3001c000a03bc000000,,,,,False,,,,,,,,,,False,False
/battle/b_pl_tower/pl_btdpm.narc,/battle/b_pl_tower/pl_btdpm.narc!/member_00169,0,/battle/b_pl_tower/pl_btdpm.narc,149,169,,10364,10380,2704,2720,16,a69ef4d5e23e196c627a5b1c84ae6e847819a83a05a18d87f5b0478872f312cb,430002003d01c100b8000303e6000000,,,,,False,,,,,,,,,,False,False
/battle/b_pl_tower/pl_btdpm.narc,/battle/b_pl_tower/pl_btdpm.narc!/member_00170,0,/battle/b_pl_tower/pl_btdpm.narc,149,170,,10380,10396,2720,2736,16,60e5c1e644fb362c9fd1965630d789f54ba5989eb25d34d7fd324b28f66e3598,14001b01e4006200b8000a0dfb000000,,,,,False,,,,,,,,,,False,False
/battle/b_pl_tower/pl_btdpm.narc,/battle/b_pl_tower/pl_btdpm.narc!/member_00171,0,/battle/b_pl_tower/pl_btdpm.narc,149,171,,10396,10412,2736,2752,16,7d79a5277727d8925dd2a24d435ddd0a45d5077b1a09f5cf6a0d178f2a25d9d7,1c013e013a01e600b8001405de000000,,,,,False,,,,,,,,,,False,False
/battle/b_pl_tower/pl_btdpm.narc,/battle/b_pl_tower/pl_btdpm.narc!/member_00172,0,/battle/b_pl_tower/pl_btdpm.narc,149,172,,10412,10428,2752,2768,16,d64edaed7036c39083f591426fb9379601c8a45d973ad220dc08fb5ce00830c0,a200a30085010e0112010a0dc9000000,,,,,False,,,,,,,,,,False,False
/battle/b_pl_tower/pl_btdpm.narc,/battle/b_pl_tower/pl_btdpm.narc!/member_00173,0,/battle/b_pl_tower/pl_btdpm.narc,149,173,,10428,10444,2768,2784,16,770cae376543506aba3fc9cf0859d67a8e36df921b8f9b867aafb4181f7fde44,9401a6012c009400cf000303f2000000,,,,,False,,,,,,,,,,False,False
/battle/b_pl_tower/pl_btdpm.narc,/battle/b_pl_tower/pl_btdpm.narc!/member_00174,0,/battle/b_pl_tower/pl_btdpm.narc,149,174,,10444,10460,2784,2800,16,813094e41aca27cca51ed0b76bef7e7828872271d85e2bc9f088043227adb970,a501590149004001eb0028059c000000,,,,,False,,,,,,,,,,False,False
/battle/b_pl_tower/pl_btdpm.narc,/battle/b_pl_tower/pl_btdpm.narc!/member_00175,0,/battle/b_pl_tower/pl_btdpm.narc,149,175,,10460,10476,2800,2816,16,e80e35ad95dca9f2b5634decd8744f9532236cf618e78829e5a53fb0224447b1,9400e10060015600db00300f95000000,,,,,False,,,,,,,,,,False,False
/battle/b_pl_tower/pl_btdpm.narc,/battle/b_pl_tower/pl_btdpm.narc!/member_00176,0,/battle/b_pl_tower/pl_btdpm.narc,149,176,,10476,10492,2816,2832,16,b401b26fdb5d044c9c12f162640c422d05aa85eeeafdf8f8d7ce16269b08fa60,06012c00310150012e000a0d47010000,,,,,False,,,,,,,,,,False,False
/battle/b_pl_tower/pl_btdpm.narc,/battle/b_pl_tower/pl_btdpm.narc!/member_00177,0,/battle/b_pl_tower/pl_btdpm.narc,149,177,,10492,10508,2832,2848,16,f0f15ad208fa086811fd87e0b267ae10a126661a383e3c3b4d4cf829467ced4a,0801a300a501570141010a0dce000000,,,,,False,,,,,,,,,,False,False
/battle/b_pl_tower/pl_btdpm.narc,/battle/b_pl_tower/pl_btdpm.narc!/member_00178,0,/battle/b_pl_tower/pl_btdpm.narc,149,178,,10508,10524,2848,2864,16,2a76236b87c028f784be526e26290bbfd102974eabbef9f718562e83c3ea167e,40005d0010013200f800280af8000000,,,,,False,,,,,,,,,,False,False
/battle/b_pl_tower/pl_btdpm.narc,/battle/b_pl_tower/pl_btdpm.narc!/member_00179,0,/battle/b_pl_tower/pl_btdpm.narc,149,179,,10524,10540,2864,2880,16,012754747a116ca9001bfc4e48a002d928c98c7052c7167515ff7fc78392e542,7401e1001d00b600b800121199000000,,,,,False,,,,,,,,,,False,False
/battle/b_pl_tower/pl_btdpm.narc,/battle/b_pl_tower/pl_btdpm.narc!/member_00180,0,/battle/b_pl_tower/pl_btdpm.narc,149,180,,10540,10556,2880,2896,16,f7a38cc47178f60461ff272dee855c3998a19bf9cdaeb1129a5ed4f4d99ad27a,7701e8005d008901b800120096000000,,,,,False,,,,,,,,,,False,False
/battle/b_pl_tower/pl_btdpm.narc,/battle/b_pl_tower/pl_btdpm.narc!/member_00181,0,/battle/b_pl_tower/pl_btdpm.narc,149,181,,10556,10572,2896,2912,16,bfc6c892dea2f03e64ae0c237c9c1dad91b88987b8846623d7977f1c6bc5c793,9d014b00c201b600bd012203c0000000,,,,,False,,,,,,,,,,False,False
/battle/b_pl_tower/pl_btdpm.narc,/battle/b_pl_tower/pl_btdpm.narc!/member_00182,0,/battle/b_pl_tower/pl_btdpm.narc,149,182,,10572,10588,2912,2928,16,0552e9ebacca49fe35a5cf163455b503fd05e49db1edf09ba867606fd99cdfc2,9e013e013a014d00bd01110fcc000000,,,,,False,,,,,,,,,,False,False
/battle/b_pl_tower/pl_btdpm.narc,/battle/b_pl_tower/pl_btdpm.narc!/member_00183,0,/battle/b_pl_tower/pl_btdpm.narc,149,183,,10588,10604,2928,2944,16,157a1a62de76a2f94a6f9fa57739e773a6083d60d586c826dfa9eea0d2dfcda1,28002201bf0111012f000303fb000000,,,,,True,Nintendo Huffman 8-bit,Probable,False,74240,,,,,,False,False
/battle/b_pl_tower/pl_btdpm.narc,/battle/b_pl_tower/pl_btdpm.narc!/member_00184,0,/battle/b_pl_tower/pl_btdpm.narc,149,184,,10604,10620,2944,2960,16,1bbf2afd9d7f4a4b766547b030751080ca7a79bf264b4ea4cb62988722e82600,c000480013014900710030149c000000,,,,,False,,,,,,,,,,False,False
/battle/b_pl_tower/pl_btdpm.narc,/battle/b_pl_tower/pl_btdpm.narc!/member_00185,0,/battle/b_pl_tower/pl_btdpm.narc,149,185,,10620,10636,2960,2976,16,29e54812bb8c606b81dda3be902b55c1412d75845f239e899ec00cfc4b866a91,66019500c400d700db00301497000000,,,,,False,,,,,,,,,,False,False
/battle/b_pl_tower/pl_btdpm.narc,/battle/b_pl_tower/pl_btdpm.narc!/member_00186,0,/battle/b_pl_tower/pl_btdpm.narc,149,186,,10636,10652,2976,2992,16,2f66e42ff33fa642753d5ee24953012951fd0a60dd75af1877cb9f513a8fb8a3,cf004c014801e8000e00060346010000,,,,,False,,,,,,,,,,False,False
/battle/b_pl_tower/pl_btdpm.narc,/battle/b_pl_tower/pl_btdpm.narc!/member_00187,0,/battle/b_pl_tower/pl_btdpm.narc,149,187,,10652,10668,2992,3008,16,5677c8f49921729150fc666e5387af871e773f522ef19b44a0a375a9e1d47dda,d3003d005c002a006a00121295000000,,,,,False,,,,,,,,,,False,False
/battle/b_pl_tower/pl_btdpm.narc,/battle/b_pl_tower/pl_btdpm.narc!/member_00188,0,/battle/b_pl_tower/pl_btdpm.narc,149,188,,10668,10684,3008,3024,16,814b9fffa2a5522d1ac8b6fca2089f5c2540ebfda75a1b780d5ce80f03782ba4,d700b900a4012b000d010a0d9c000000,,,,,False,,,,,,,,,,False,False
/battle/b_pl_tower/pl_btdpm.narc,/battle/b_pl_tower/pl_btdpm.narc!/member_00189,0,/battle/b_pl_tower/pl_btdpm.narc,149,189,,10684,10700,3024,3040,16,374377b7386e2e60a368b3a1996983594c803205a22eb709be76f8badc7a2f75,15016d01620074002d000a0ddd000000,,,,,False,,,,,,,,,,False,False
/battle/b_pl_tower/pl_btdpm.narc,/battle/b_pl_tower/pl_btdpm.narc!/member_00190,0,/battle/b_pl_tower/pl_btdpm.narc,149,190,,10700,10716,3040,3056,16,e74ce2ac9972638ae4c826be5c73497749c957e7668ccaca1faef263ccfd711e,170160013a01fe000001140f96000000,,,,,False,,,,,,,,,,False,False
/battle/b_pl_tower/pl_btdpm.narc,/battle/b_pl_tower/pl_btdpm.narc!/member_00191,0,/battle/b_pl_tower/pl_btdpm.narc,149,191,,10716,10732,3056,3072,16,f72bcc132a572af2a3187a7e5c655782dbdbff0c45ec6e88ff20c04f7ec2a4d9,3101e8003d014e01b6000608e9000000,,,,,False,,,,,,,,,,False,False
/battle/b_pl_tower/pl_btdpm.narc,/battle/b_pl_tower/pl_btdpm.narc!/member_00192,0,/battle/b_pl_tower/pl_btdpm.narc,149,192,,10732,10748,3072,3088,16,b11107be04dc078765ef4a67d9a6a5eac8fd63ceba52a0370c46162150c5ce40,72004800f6005c001400140597000000,,,,,False,,,,,,,,,,False,False
/battle/b_pl_tower/pl_btdpm.narc,/battle/b_pl_tower/pl_btdpm.narc!/member_00193,0,/battle/b_pl_tower/pl_btdpm.narc,149,193,,10748,10764,3088,3104,16,d32ad34cf3fda196a171cbed5284fa305a64365af7a9bb7daafe5aa32e4dc7bc,c800d201dc006d005600301495000000,,,,,False,,,,,,,,,,False,False
/battle/b_pl_tower/pl_btdpm.narc,/battle/b_pl_tower/pl_btdpm.narc!/member_00194,0,/battle/b_pl_tower/pl_btdpm.narc,149,194,,10764,10780,3104,3120,16,ff1f1c1dae5e2926e8acdf40d5f1cb140de13e3d56f8345075d6e6f00b77b897,180031012c007c01890003039c000000,,,,,False,,,,,,,,,,False,False
/battle/b_pl_tower/pl_btdpm.narc,/battle/b_pl_tower/pl_btdpm.narc!/member_00195,0,/battle/b_pl_tower/pl_btdpm.narc,149,195,,10780,10796,3120,3136,16,037c000f7e4bd5da605c54f62cbd998de253349ebe3937c56861d84df66e3480,3500a3007101bd01cf000a0dfb000000,,,,,False,,,,,,,,,,False,False
/battle/b_pl_tower/pl_btdpm.narc,/battle/b_pl_tower/pl_btdpm.narc!/member_00196,0,/battle/b_pl_tower/pl_btdpm.narc,149,196,,10796,10812,3136,3152,16,cf6334fa60bf6e08d65965475e27d17ca26188ff31430dc1e66e8d5161585e94,75003d003e006c00f000140546010000,,,,,False,,,,,,,,,,False,False
/battle/b_pl_tower/pl_btdpm.narc,/battle/b_pl_tower/pl_btdpm.narc!/member_00197,0,/battle/b_pl_tower/pl_btdpm.narc,149,197,,10812,10828,3152,3168,16,e7ae1b18dc83e44433901d3801f943fba9d008385f99c84767c5fe3b2a779768,2001a300e400e30044000303e6000000,,Nintendo Huffman,Probable,,True,Nintendo Huffman,Probable,False,41729,,,,,,False,False
/battle/b_pl_tower/pl_btdpm.narc,/battle/b_pl_tower/pl_btdpm.narc!/member_00198,0,/battle/b_pl_tower/pl_btdpm.narc,149,198,,10828,10844,3168,3184,16,1ee8d1cf1002480b64ee0f4f6bf6aa592bfd9ae67b8bbfc4bd3f5b672c66a615,5101f6005d0042017300300f9e000000,,,,,False,,,,,,,,,,False,False
/battle/b_pl_tower/pl_btdpm.narc,/battle/b_pl_tower/pl_btdpm.narc!/member_00199,0,/battle/b_pl_tower/pl_btdpm.narc,149,199,,10844,10860,3184,3200,16,5b458aa497b4ac575b5a300a8570185c05703def4461e4dc271a8b6834261386,520195003d014201710006039e000000,,,,,False,,,,,,,,,,False,False
/battle/b_pl_tower/pl_btdpm.narc,/battle/b_pl_tower/pl_btdpm.narc!/member_00200,0,/battle/b_pl_tower/pl_btdpm.narc,149,200,,10860,10876,3200,3216,16,79acbf28f523d14f85fd8166704ec6fcb7f1160b88c3299939ddc2407079b34f,6001a300a901270015012217ce000000,,,,,False,,,,,,,,,,False,False
/battle/b_pl_tower/pl_btdpm.narc,/battle/b_pl_tower/pl_btdpm.narc!/member_00201,0,/battle/b_pl_tower/pl_btdpm.narc,149,201,,10876,10892,3216,3232,16,de50573971ef70fde0f4b78dd79f69c2ca66c12e1f318ab13efd4af599589787,df015400360156006d00180f95000000,,,,,False,,,,,,,,,,False,False
/battle/b_pl_tower/pl_btdpm.narc,/battle/b_pl_tower/pl_btdpm.narc!/member_00202,0,/battle/b_pl_tower/pl_btdpm.narc,149,202,,10892,10908,3232,3248,16,719a4e04841c2533848999bfb43fc1560c9d60d415ecf0cae1a2b4e40262e71a,16006d0107012d002b000a03f4000000,,,,,False,,,,,,,,,,False,False
/battle/b_pl_tower/pl_btdpm.narc,/battle/b_pl_tower/pl_btdpm.narc!/member_00203,0,/battle/b_pl_tower/pl_btdpm.narc,149,203,,10908,10924,3248,3264,16,1269b884ab5548a6acfb8527defba875eca9b8153d1c744b1468662e3bb1d16a,a40022014c013000730003039c000000,,,,,False,,,,,,,,,,False,False
/battle/b_pl_tower/pl_btdpm.narc,/battle/b_pl_tower/pl_btdpm.narc!/member_00204,0,/battle/b_pl_tower/pl_btdpm.narc,149,204,,10924,10940,3264,3280,16,9c92ea23771d048c8282f8d802d4c0fc7c2b066a79326f9d1e5cfcb73fe7eb4a,1c005b003d016f00c90006039e000000,,,,,False,,,,,,,,,,False,False
/battle/b_pl_tower/pl_btdpm.narc,/battle/b_pl_tower/pl_btdpm.narc!/member_00205,0,/battle/b_pl_tower/pl_btdpm.narc,149,205,,10940,10956,3280,3296,16,3d73691a9f2879c8320e454c152c724bd1fd7b200120e8c938510dc18df71103,31003e013c004f00d500180a19010000,,,,,False,,,,,,,,,,False,False
/battle/b_pl_tower/pl_btdpm.narc,/battle/b_pl_tower/pl_btdpm.narc!/member_00206,0,/battle/b_pl_tower/pl_btdpm.narc,149,206,,10956,10972,3296,3312,16,11e392ce1812c828c9d6afc2fa096a6186f1838672aeb8dcdde78b439af5cc87,710076001f016f006b0021169e000000,,,,,False,,,,,,,,,,False,False
/battle/b_pl_tower/pl_btdpm.narc,/battle/b_pl_tower/pl_btdpm.narc!/member_00207,0,/battle/b_pl_tower/pl_btdpm.narc,149,207,,10972,10988,3312,3328,16,6cfd8d58f97e67cc8f1647dfa5f804ab4d65ccfc0666b6cc2e37d099781289e5,770060013c003000f000110f97000000,,,,,False,,,,,,,,,,False,False
/battle/b_pl_tower/pl_btdpm.narc,/battle/b_pl_tower/pl_btdpm.narc!/member_00208,0,/battle/b_pl_tower/pl_btdpm.narc,149,208,,10988,11004,3328,3344,16,1ebb287a4a664cb0c1eaa4e11c7d09d64feee8db8cb70a02d73a926c721bf87b,bd004c014b01b20027000a0d97000000,,,,,False,,,,,,,,,,False,False
/battle/b_pl_tower/pl_btdpm.narc,/battle/b_pl_tower/pl_btdpm.narc!/member_00209,0,/battle/b_pl_tower/pl_btdpm.narc,149,209,,11004,11020,3344,3360,16,370b12873ed66c20a7b350b51fa5442b14bf944f33cc5e01d5576143ae478d19,dd00c400aa0136000201110ff6000000,,,,,False,,,,,,,,,,False,False
/battle/b_pl_tower/pl_btdpm.narc,/battle/b_pl_tower/pl_btdpm.narc!/member_00210,0,/battle/b_pl_tower/pl_btdpm.narc,149,210,,11020,11036,3360,3376,16,266ae7071492b95f91c11250db1a1714e55c8ec87e018cb14a158c0848c1774e,b001a300b900d5002d000a03fb000000,,,,,False,,,,,,,,,,False,False
/battle/b_pl_tower/pl_btdpm.narc,/battle/b_pl_tower/pl_btdpm.narc!/member_00211,0,/battle/b_pl_tower/pl_btdpm.narc,149,211,,11036,11052,3376,3392,16,1b3d2b944dc8b72e521e8c089070667e8f3958c8556dfde936243539ec3dd9e7,c7014b002c00e60013010303ef000000,,,,,False,,,,,,,,,,False,False
/battle/b_pl_tower/pl_btdpm.narc,/battle/b_pl_tower/pl_btdpm.narc!/member_00212,0,/battle/b_pl_tower/pl_btdpm.narc,149,212,,11052,11068,3392,3408,16,8ebd5bfa2ab37530e85cb037878de283d9256818a3400911b27525d0e1b40c00,2a004c015c00d3006d000a0dc1000000,,,,,False,,,,,,,,,,False,False
/battle/b_pl_tower/pl_btdpm.narc,/battle/b_pl_tower/pl_btdpm.narc!/member_00213,0,/battle/b_pl_tower/pl_btdpm.narc,149,213,,11068,11084,3408,3424,16,e01783b8dbd1931e0095f7088b588a6fc07a59658d2a7c1b535a2f6461bac64d,390002009a00c10074000a0de8000000,,,,,False,,,,,,,,,,False,False
/battle/b_pl_tower/pl_btdpm.narc,/battle/b_pl_tower/pl_btdpm.narc!/member_00214,0,/battle/b_pl_tower/pl_btdpm.narc,149,214,,11084,11100,3424,3440,16,eed3554652fe62bfb89cab5f6166c45dc097a284178a4cdd329acb620c118c36,6a001b000701c10074002217f1000000,,,,,False,,,,,,,,,,False,False
/battle/b_pl_tower/pl_btdpm.narc,/battle/b_pl_tower/pl_btdpm.narc!/member_00215,0,/battle/b_pl_tower/pl_btdpm.narc,149,215,,11100,11116,3440,3456,16,990117643d87f52b252e73c8979a937d58a5f8ebc5d72d154ec3ff5c9d422f77,6b00b700a201aa0044002203dd000000,,,,,False,,,,,,,,,,False,False
/battle/b_pl_tower/pl_btdpm.narc,/battle/b_pl_tower/pl_btdpm.narc!/member_00216,0,/battle/b_pl_tower/pl_btdpm.narc,149,216,,11116,11132,3456,3472,16,89ff576bb4efe662eeed99f09f8ae6737637fc91656865e17ddbf3d0549a0524,cb003c008100e2006100180fcc000000,,,,,False,,,,,,,,,,False,False
/battle/b_pl_tower/pl_btdpm.narc,/battle/b_pl_tower/pl_btdpm.narc!/member_00217,0,/battle/b_pl_tower/pl_btdpm.narc,149,217,,11132,11148,3472,3488,16,6b49be4c62fdd83454d3ee553efd990f57e02504d518db8ffa1803af649490fc,ed00a700b700c50074000303c9000000,,,,,False,,,,,,,,,,False,False
/battle/b_pl_tower/pl_btdpm.narc,/battle/b_pl_tower/pl_btdpm.narc!/member_00218,0,/battle/b_pl_tower/pl_btdpm.narc,149,218,,11148,11164,3488,3504,16,246054ab63f01294dc02c26ba0b0cf50c1c221f9ae7e51d1762bcf80a67a692a,6201a9011a010501b400030398000000,,,,,False,,,,,,,,,,False,False
/battle/b_pl_tower/pl_btdpm.narc,/battle/b_pl_tower/pl_btdpm.narc!/member_00219,0,/battle/b_pl_tower/pl_btdpm.narc,149,219,,11164,11180,3504,3520,16,c5ac32f25b69a69e96449756ed2aa3708f7245bfc3db307097b1aeea96db054c,6401a901dc0005016d00240898000000,,,,,False,,,,,,,,,,False,False
/battle/b_pl_tower/pl_btdpm.narc,/battle/b_pl_tower/pl_btdpm.narc!/member_00220,0,/battle/b_pl_tower/pl_btdpm.narc,149,220,,11180,11196,3520,3536,16,6e3d54fa5dfc5fd1b4a4edfb9b090c3f5bc0617e7d7d6946c5b4aba86f9e002c,2301c2014c011c00e200030396000000,,,,,False,,,,,,,,,,False,False
/battle/b_pl_tower/pl_btdpm.narc,/battle/b_pl_tower/pl_btdpm.narc!/member_00221,0,/battle/b_pl_tower/pl_btdpm.narc,149,221,,11196,11212,3536,3552,16,d659566ae29520a554d8f4d3fad1bead220652ff66cefb7d19e6831f32956d75,4f010a00e400c5002b000a039c000000,,,,,False,,,,,,,,,,False,False
/battle/b_pl_tower/pl_btdpm.narc,/battle/b_pl_tower/pl_btdpm.narc!/member_00222,0,/battle/b_pl_tower/pl_btdpm.narc,149,222,,11212,11228,3552,3568,16,4e4278f3bc6734572b13e0c1d6f3de0954835571a141a49cee182f2456226c7c,500156017a001a0189000303e8000000,,,,,False,,,,,,,,,,False,False
/battle/b_pl_tower/pl_btdpm.narc,/battle/b_pl_tower/pl_btdpm.narc!/member_00223,0,/battle/b_pl_tower/pl_btdpm.narc,149,223,,11228,11244,3568,3584,16,c027e131b853b48e882cb708b4803b09956a53cc464f3db8b27bb35cfc2a88ac,55006d011f002d006f010a0d99000000,,,,,False,,,,,,,,,,False,False
/battle/b_pl_tower/pl_btdpm.narc,/battle/b_pl_tower/pl_btdpm.narc!/member_00224,0,/battle/b_pl_tower/pl_btdpm.narc,149,224,,11244,11260,3584,3600,16,70119c85dd38c0703e7970ff07de95591c019ca63ff988eef58bf280f1c15b47,3f0160012c00b8007400180095000000,,,,,False,,,,,,,,,,False,False
/battle/b_pl_tower/pl_btdpm.narc,/battle/b_pl_tower/pl_btdpm.narc!/member_00225,0,/battle/b_pl_tower/pl_btdpm.narc,149,225,,11260,11276,3600,3616,16,e04b8fc3bd99a7ff7b6674766b3e690747cdecce305c05b3aadfe73f61eb7d1e,4301de0005013d0185000302e6000000,,,,,False,,,,,,,,,,False,False
/battle/b_pl_tower/pl_btdpm.narc,/battle/b_pl_tower/pl_btdpm.narc!/member_00226,0,/battle/b_pl_tower/pl_btdpm.narc,149,226,,11276,11292,3616,3632,16,5d86911ceeca07d1bb5897159e70b1928555b489b521a8df034be71c5f9801c4,65014b004c014900bd010303ce000000,,,,,False,,,,,,,,,,False,False
/battle/b_pl_tower/pl_btdpm.narc,/battle/b_pl_tower/pl_btdpm.narc!/member_00227,0,/battle/b_pl_tower/pl_btdpm.narc,149,227,,11292,11308,3632,3648,16,ea933f76d113898468a59fe94153bef6e3d0434ed1380d8ad941a94a9c24a62c,c90137007101bd01d5001212ba000000,,,,,False,,,,,,,,,,False,False
/battle/b_pl_tower/pl_btdpm.narc,/battle/b_pl_tower/pl_btdpm.narc!/member_00228,0,/battle/b_pl_tower/pl_btdpm.narc,149,228,,11308,11324,3648,3664,16,3a0012a076531729bafb5b29f4efdab8f20ca3e71631415d161f359f642fdf91,52005f01bb01560030001218cc000000,,,,,False,,,,,,,,,,False,False
/battle/b_pl_tower/pl_btdpm.narc,/battle/b_pl_tower/pl_btdpm.narc!/member_00229,0,/battle/b_pl_tower/pl_btdpm.narc,149,229,,11324,11340,3664,3680,16,aae59a0de848b6f03ec0ae90f6995c0bb4e5ace6bfdb24b61016eb454fab6a78,e2003d001100610030001200f3000000,,,,,False,,,,,,,,,,False,False
/battle/b_pl_tower/pl_btdpm.narc,/battle/b_pl_tower/pl_btdpm.narc!/member_00230,0,/battle/b_pl_tower/pl_btdpm.narc,149,230,,11340,11356,3680,3696,16,4b0bce51151da96d83211f04c1a366a75a0b33ceee93b3ed6b457aad0d5aa4ce,ea0017002c001e016d000a03c9000000,,,,,False,,,,,,,,,,False,False
/battle/b_pl_tower/pl_btdpm.narc,/battle/b_pl_tower/pl_btdpm.narc!/member_00231,0,/battle/b_pl_tower/pl_btdpm.narc,149,231,,11356,11372,3696,3712,16,257d55c1fe37788dd89492f2cb1e29ca5a79cba1338cf8a51db1e39ebb90d0e1,3d017c00fe000001ff00250fff000000,,,,,False,,,,,,,,,,False,False
/battle/b_pl_tower/pl_btdpm.narc,/battle/b_pl_tower/pl_btdpm.narc!/member_00232,0,/battle/b_pl_tower/pl_btdpm.narc,149,232,,11372,11388,3712,3728,16,aae356d067c096d4b0daafc116876b3584a7b6421adff49fd7b2ce2680bffe2e,56013d008f016a000d01140f9c000000,,,,,False,,,,,,,,,,False,False
/battle/b_pl_tower/pl_btdpm.narc,/battle/b_pl_tower/pl_btdpm.narc!/member_00233,0,/battle/b_pl_tower/pl_btdpm.narc,149,233,,11388,11404,3728,3744,16,0d99cfe148a4c896668140055e099e7a6df3a9d09a72cd13a3c269fda2f5b609,1200110007016e011c000a0395000000,,,,,False,,,,,,,,,,False,False
/battle/b_pl_tower/pl_btdpm.narc,/battle/b_pl_tower/pl_btdpm.narc!/member_00234,0,/battle/b_pl_tower/pl_btdpm.narc,149,234,,11404,11420,3744,3760,16,3c3ada53a72aef0b87d461cf4fa4e875a91c621e7698c41ee86942ecf1af2fb0,b200ac016d016e01f8000a0df4000000,,,,,False,,,,,,,,,,False,False
/battle/b_pl_tower/pl_btdpm.narc,/battle/b_pl_tower/pl_btdpm.narc!/member_00235,0,/battle/b_pl_tower/pl_btdpm.narc,149,235,,11420,11436,3760,3776,16,29716ea3c3d52709e2f7d321e8dde363f20275dc25db2bf2b968a8d41c477f8f,44013400bd007b0085001405cc000000,,,,,False,,,,,,,,,,False,False
/battle/b_pl_tower/pl_btdpm.narc,/battle/b_pl_tower/pl_btdpm.narc!/member_00236,0,/battle/b_pl_tower/pl_btdpm.narc,149,236,,11436,11452,3776,3792,16,08e63be4cf96c685823a937ee1eb38bd6f9afe2dce9759f433fe92c12f1cf60a,46013c00bf01f8006d003014cc000000,,,,,False,,,,,,,,,,False,False
/battle/b_pl_tower/pl_btdpm.narc,/battle/b_pl_tower/pl_btdpm.narc!/member_00237,0,/battle/b_pl_tower/pl_btdpm.narc,149,237,,11452,11468,3792,3808,16,28d57e3163cfbfff55e184f441f2c8f728c0b45b6022d66318dc8a2abc9adc56,24007600680073000a01241296000000,,,,,True,Nintendo Huffman 4-bit,Probable,False,30208,,,,,,False,False
/battle/b_pl_tower/pl_btdpm.narc,/battle/b_pl_tower/pl_btdpm.narc!/member_00238,0,/battle/b_pl_tower/pl_btdpm.narc,149,238,,11468,11484,3808,3824,16,564933a608a9cfeef37155368abfd4d37b88ab73beae672831b9a677853b8a0e,63003d000b006a002c011411ba000000,,,,,False,,,,,,,,,,False,False
/battle/b_pl_tower/pl_btdpm.narc,/battle/b_pl_tower/pl_btdpm.narc!/member_00239,0,/battle/b_pl_tower/pl_btdpm.narc,149,239,,11484,11500,3824,3840,16,30a633adeb6b6534104c3b1617264c698fa1b657634efcb759afec89a91b0f8b,4c014b01b900bf0013010303bd000000,,,,,False,,,,,,,,,,False,False
/battle/b_pl_tower/pl_btdpm.narc,/battle/b_pl_tower/pl_btdpm.narc!/member_00240,0,/battle/b_pl_tower/pl_btdpm.narc,149,240,,11500,11516,3840,3856,16,7c498159e0e5b068fa8501e7cdb0d856517f4b88b0b2841b21a0f0e7d0d0402a,b6005901330041014e00110fcc000000,,,,,False,,,,,,,,,,False,False
/battle/b_pl_tower/pl_btdpm.narc,/battle/b_pl_tower/pl_btdpm.narc!/member_00241,0,/battle/b_pl_tower/pl_btdpm.narc,149,241,,11516,11532,3856,3872,16,92e1f6f906863df22ad230097eb22279646953f382345935506128e26bfdaa84,e000be00c40056007400110fba000000,,,,,False,,,,,,,,,,False,False
/battle/b_pl_tower/pl_btdpm.narc,/battle/b_pl_tower/pl_btdpm.narc!/member_00242,0,/battle/b_pl_tower/pl_btdpm.narc,149,242,,11532,11548,3872,3888,16,621c3f4d5f152dd1ef5832c454aa4a25179a3f1d4aed815e507b663525941356,6f0160012c006700f0000618f3000000,,,,,False,,,,,,,,,,False,False
/battle/b_pl_tower/pl_btdpm.narc,/battle/b_pl_tower/pl_btdpm.narc!/member_00243,0,/battle/b_pl_tower/pl_btdpm.narc,149,243,,11548,11564,3888,3904,16,13f18fdc620fab433d7d22cfa2327954635a7882229e13b85248ea256b40562a,700160015d00f000880105053d010000,,,,,False,,,,,,,,,,False,False
/battle/b_pl_tower/pl_btdpm.narc,/battle/b_pl_tower/pl_btdpm.narc!/member_00244,0,/battle/b_pl_tower/pl_btdpm.narc,149,244,,11564,11580,3904,3920,16,52b45cfc8278fece24d64c92da78cb635e7116a148c33c5106df133aec13808b,710160013d012c016a0014073d010000,,,,,False,,,,,,,,,,False,False
/battle/b_pl_tower/pl_btdpm.narc,/battle/b_pl_tower/pl_btdpm.narc!/member_00245,0,/battle/b_pl_tower/pl_btdpm.narc,149,245,,11580,11596,3920,3936,16,42b3f30826cd004dd6cca6b9382fc4417c191d50a9d5d4ae135121cf0bf35df7,7d005f01810056007100180ace000000,,,,,False,,,,,,,,,,False,False
/battle/b_pl_tower/pl_btdpm.narc,/battle/b_pl_tower/pl_btdpm.narc!/member_00246,0,/battle/b_pl_tower/pl_btdpm.narc,149,246,,11596,11612,3936,3952,16,c3084c9e7a6cf314a99ec479677f86942505a9909293a2e0e6e5dd22553deff9,7e000700b7006c0005010a0dce000000,,,,,False,,,,,,,,,,False,False
/battle/b_pl_tower/pl_btdpm.narc,/battle/b_pl_tower/pl_btdpm.narc!/member_00247,0,/battle/b_pl_tower/pl_btdpm.narc,149,247,,11612,11628,3952,3968,16,1f8a7517819223e990b08f6a41f0022e383ade7900988e09e87904b8d0863c1e,8b003700cd006e00bf00060215010000,,,,,False,,,,,,,,,,False,False
/battle/b_pl_tower/pl_btdpm.narc,/battle/b_pl_tower/pl_btdpm.narc!/member_00248,0,/battle/b_pl_tower/pl_btdpm.narc,149,248,,11628,11644,3968,3984,16,1b24c65802989f4af671ef1773171e5903d715ca37c16828dde63c4f7f799a48,8d00c5013d016a003f010608fe000000,,,,,False,,,,,,,,,,False,False
/battle/b_pl_tower/pl_btdpm.narc,/battle/b_pl_tower/pl_btdpm.narc!/member_00249,0,/battle/b_pl_tower/pl_btdpm.narc,149,249,,11644,11660,3984,4000,16,49f34d0aeff229766bde1cb9a9c8e7ca3c070bfcbf439e24972e2c4d288bd822,7b00d200110071002b00090d15010000,,,,,False,,,,,,,,,,False,False
/battle/b_pl_tower/pl_btdpm.narc,/battle/b_pl_tower/pl_btdpm.narc!/member_00250,0,/battle/b_pl_tower/pl_btdpm.narc,149,250,,11660,11676,4000,4016,16,e7a49b2fd95ea8eb962c505d4ac85ad104dec7d5c49cd0d9196002533d68d411,5b003e006001bf0030001405f6000000,,,,,False,,,,,,,,,,False,False
/battle/b_pl_tower/pl_btdpm.narc,/battle/b_pl_tower/pl_btdpm.narc!/member_00251,0,/battle/b_pl_tower/pl_btdpm.narc,149,251,,11676,11692,4016,4032,16,bdda0677bda191d1209e1fdcffc3e2d799543997dc69eedbcbf921b81cc2bf8a,0200ca00bc004f004900300f28010000,,,,,False,,,,,,,,,,False,False
/battle/b_pl_tower/pl_btdpm.narc,/battle/b_pl_tower/pl_btdpm.narc!/member_00252,0,/battle/b_pl_tower/pl_btdpm.narc,149,252,,11692,11708,4032,4048,16,b1941c6da1146dbc8f2048212c7f19d2931503665cbbf193d0c259b754f5164d,05003500a5014c016c000a1246010000,,,,,False,,,,,,,,,,False,False
/battle/b_pl_tower/pl_btdpm.narc,/battle/b_pl_tower/pl_btdpm.narc!/member_00253,0,/battle/b_pl_tower/pl_btdpm.narc,149,253,,11708,11724,4048,4064,16,8dccdc49d89fefb8a178372c53753b3cb3ea3f766f1fd8c75aff225828e81c8d,080039003a001801fc00110cfd000000,,,,,False,,,,,,,,,,False,False
/battle/b_pl_tower/pl_btdpm.narc,/battle/b_pl_tower/pl_btdpm.narc!/member_00254,0,/battle/b_pl_tower/pl_btdpm.narc,149,254,,11724,11740,4064,4080,16,26284511f6ec8de77c284272e648b1e6d926591b2de3246c33b1c9ba06d07f11,9900ca00220040019c00340696000000,,,,,False,,,,,,,,,,False,False
/battle/b_pl_tower/pl_btdpm.narc,/battle/b_pl_tower/pl_btdpm.narc!/member_00255,0,/battle/b_pl_tower/pl_btdpm.narc,149,255,,11740,11756,4080,4096,16,489c48829d911b1c29b44c00a8a6e3dbee10bf411f6a812cd2c240e6e14247da,9c003500320162006c00120ce6000000,,,,,False,,,,,,,,,,False,False
/battle/b_pl_tower/pl_btdpm.narc,/battle/b_pl_tower/pl_btdpm.narc!/member_00256,0,/battle/b_pl_tower/pl_btdpm.narc,149,256,,11756,11772,4096,4112,16,a205bc292cfea2abbe8984e7eecfec3cc9c754c794f402cf9076ff6f94b04bbc,9f009101f2009d00b8000603e6000000,,,,,False,,,,,,,,,,False,False
/battle/b_pl_tower/pl_btdpm.narc,/battle/b_pl_tower/pl_btdpm.narc!/member_00257,0,/battle/b_pl_tower/pl_btdpm.narc,149,257,,11772,11788,4112,4128,16,20c1848f9bcafb7917b1c471013c796e5dccb81c13ad1bd08d0536b49461132e,fd005c019d00f20067000a03c0000000,,,,,False,,,,,,,,,,False,False
/battle/b_pl_tower/pl_btdpm.narc,/battle/b_pl_tower/pl_btdpm.narc!/member_00258,0,/battle/b_pl_tower/pl_btdpm.narc,149,258,,11788,11804,4128,4144,16,c43cc8883780c322832a76af9315fcc0dc978e3dc080102b3f2d72a8a0c22360,000135004701a3001c001206e8000000,,,,,False,,,,,,,,,,False,False
/battle/b_pl_tower/pl_btdpm.narc,/battle/b_pl_tower/pl_btdpm.narc!/member_00259,0,/battle/b_pl_tower/pl_btdpm.narc,149,259,,11804,11820,4144,4160,16,3c7bdcf3050ff645515251d5cffd0dda855f4bec026f15a567d582994d4ee38c,03014a015900f600b60012119c000000,,,,,False,,,,,,,,,,False,False
/battle/b_pl_tower/pl_btdpm.narc,/battle/b_pl_tower/pl_btdpm.narc!/member_00260,0,/battle/b_pl_tower/pl_btdpm.narc,149,260,,11820,11836,4160,4176,16,62535e91bf6509583d479202d1464018bd5f41ca5f8cc6c0f42651fba01c7228,84019201f200ae00eb000602b8000000,,,,,False,,,,,,,,,,False,False
/battle/b_pl_tower/pl_btdpm.narc,/battle/b_pl_tower/pl_btdpm.narc!/member_00261,0,/battle/b_pl_tower/pl_btdpm.narc,149,261,,11836,11852,4176,4192,16,4bded71133b78f766e668e023561e599fed0e5efc415115179c931411d04bbc6,87012b0118019d0003010a03e8000000,,,,,False,,,,,,,,,,False,False
/battle/b_pl_tower/pl_btdpm.narc,/battle/b_pl_tower/pl_btdpm.narc!/member_00262,0,/battle/b_pl_tower/pl_btdpm.narc,149,262,,11852,11868,4192,4208,16,23220f3231116f2d29a2ee443743ac89cf3da800f31352634fc989fe5549645f,8a0139004100e800f0001212e6000000,,,,,False,,,,,,,,,,False,False
/battle/b_pl_tower/pl_btdpm.narc,/battle/b_pl_tower/pl_btdpm.narc!/member_00263,0,/battle/b_pl_tower/pl_btdpm.narc,149,263,,11868,11884,4208,4224,16,9755bdc0bfcf686e2b3080ff921b6fd35fbb60dd12f22227f58b86036474ddc5,b900bc0159006600780006030e010000,,,,,False,,,,,,,,,,False,False
/battle/b_pl_tower/pl_btdpm.narc,/battle/b_pl_tower/pl_btdpm.narc!/member_00264,0,/battle/b_pl_tower/pl_btdpm.narc,149,264,,11884,11900,4224,4240,16,2533dcdb48a16a27a178ecffc4af874683d4f23549c6ce6e8d1a6abeb679e926,db003b019d00590022001211d9000000,,,,,False,,,,,,,,,,False,False
/battle/b_pl_tower/pl_btdpm.narc,/battle/b_pl_tower/pl_btdpm.narc!/member_00265,0,/battle/b_pl_tower/pl_btdpm.narc,149,265,,11900,11916,4240,4256,16,bc8edf06c777093d8c582b0e296fa0434243873fbc7bb2f5bd7c5339c7ccd35d,f70059009d00f200b8000303ed000000,,,,,False,,,,,,,,,,False,False
/battle/b_pl_tower/pl_btdpm.narc,/battle/b_pl_tower/pl_btdpm.narc!/member_00266,0,/battle/b_pl_tower/pl_btdpm.narc,149,266,,11916,11932,4256,4272,16,59c9312d6426ac51a04fb32d59d3326e4c304541c2fc09f0ad51bdc7bf8be42f,6c013a00390044010201111196000000,,,,,False,,,,,,,,,,False,False
/battle/b_pl_tower/pl_btdpm.narc,/battle/b_pl_tower/pl_btdpm.narc!/member_00267,0,/battle/b_pl_tower/pl_btdpm.narc,149,267,,11932,11948,4272,4288,16,b4b2e5c10aa822fbd501a94792d972a865952eaf97522bc70e97dfd9a0d9e40e,90019e00a2006d01d5000303fd000000,,,,,False,,,,,,,,,,False,False
/battle/b_pl_tower/pl_btdpm.narc,/battle/b_pl_tower/pl_btdpm.narc!/member_00268,0,/battle/b_pl_tower/pl_btdpm.narc,149,268,,11948,11964,4288,4304,16,74f9df508d7c81206218720bc5a106a5307b1e19ee96be49fb6e51e228ad2055,bc0151015900a300c9000a030a010000,,,,,False,,,,,,,,,,False,False
/battle/b_pl_tower/pl_btdpm.narc,/battle/b_pl_tower/pl_btdpm.narc!/member_00269,0,/battle/b_pl_tower/pl_btdpm.narc,149,269,,11964,11980,4304,4320,16,b52fb35e970fbe1b28f00fb8e0b353c3fbecb3d60d7fa3db7bebffd510fcdb76,4300ee0007019d0044000303e8000000,,,,,False,,,,,,,,,,False,False
/battle/b_pl_tower/pl_btdpm.narc,/battle/b_pl_tower/pl_btdpm.narc!/member_00270,0,/battle/b_pl_tower/pl_btdpm.narc,149,270,,11980,11996,4320,4336,16,165e88a7db38b483bc71d8b530daa6cc122b6ef5db75a536840b306b3374dbe1,1400a2009e00f700b8001a12bd000000,,,,,False,,,,,,,,,,False,False
/battle/b_pl_tower/pl_btdpm.narc,/battle/b_pl_tower/pl_btdpm.narc!/member_00271,0,/battle/b_pl_tower/pl_btdpm.narc,149,271,,11996,12012,4336,4352,16,3444aa883f4c55060847919cb1e820aba5829a32a477e202bc67f0409359bb06,1c0195019301f7004e003011cc000000,,,,,False,,,,,,,,,,False,False
/battle/b_pl_tower/pl_btdpm.narc,/battle/b_pl_tower/pl_btdpm.narc!/member_00272,0,/battle/b_pl_tower/pl_btdpm.narc,149,272,,12012,12028,4352,4368,16,09bcd7a3dbe5f7706da9bcea2b26eee3b3ca7dbea1e41e32e3dfcb471108f429,a200da00a5010f0112010a03dc000000,,,,,False,,,,,,,,,,False,False
/battle/b_pl_tower/pl_btdpm.narc,/battle/b_pl_tower/pl_btdpm.narc!/member_00273,0,/battle/b_pl_tower/pl_btdpm.narc,149,273,,12028,12044,4368,4384,16,f7d8da1be8c9d06a05fb7729c5a00eaa99e461c70b2bfeac663354daf5c65c0b,94015500440181005600110fcc000000,,,,,False,,,,,,,,,,False,False
/battle/b_pl_tower/pl_btdpm.narc,/battle/b_pl_tower/pl_btdpm.narc!/member_00274,0,/battle/b_pl_tower/pl_btdpm.narc,149,274,,12044,12060,4384,4400,16,73131f6d56037732d23a88d356a5b378338967285a73420fdb752d82c6fcde01,a5014c004900f100eb00110f0f010000,,,,,False,,,,,,,,,,False,False
/battle/b_pl_tower/pl_btdpm.narc,/battle/b_pl_tower/pl_btdpm.narc!/member_00275,0,/battle/b_pl_tower/pl_btdpm.narc,149,275,,12060,12076,4400,4416,16,c1866e266d333c913472ecd9368d0324bb582650aaffe289a65482fc06c55bcb,94009601910115005d011218c5000000,,,,,False,,,,,,,,,,False,False
/battle/b_pl_tower/pl_btdpm.narc,/battle/b_pl_tower/pl_btdpm.narc!/member_00276,0,/battle/b_pl_tower/pl_btdpm.narc,149,276,,12076,12092,4416,4432,16,7f85fe6aee94ddce4f841e22b1f5378b35e25c54022eea6a234b95fdc82da9ef,0601f2002400850150010603bd000000,,,,,False,,,,,,,,,,False,False
/battle/b_pl_tower/pl_btdpm.narc,/battle/b_pl_tower/pl_btdpm.narc!/member_00277,0,/battle/b_pl_tower/pl_btdpm.narc,149,277,,12092,12108,4432,4448,16,8b97f3e2b05b6e075a7918328677a42dfd6e6338374ca2ad18450a4c86de5988,0801da00a5015b009f010a0d1f010000,,,,,False,,,,,,,,,,False,False
/battle/b_pl_tower/pl_btdpm.narc,/battle/b_pl_tower/pl_btdpm.narc!/member_00278,0,/battle/b_pl_tower/pl_btdpm.narc,149,278,,12108,12124,4448,4464,16,9eb05b67979981adff58842047ab73be8b272e3027e31a2e3c1cb9e1a337a553,40005e00f7005f017300180f95000000,,,,,False,,,,,,,,,,False,False
/battle/b_pl_tower/pl_btdpm.narc,/battle/b_pl_tower/pl_btdpm.narc!/member_00279,0,/battle/b_pl_tower/pl_btdpm.narc,149,279,,12124,12140,4464,4480,16,64d0b61c338ce92b323d81d68b04f3f67ddb58bc7d9f41d70f4a7dc220b079c1,74015101f2005d01b8000603e6000000,,,,,False,,,,,,,,,,False,False
/battle/b_pl_tower/pl_btdpm.narc,/battle/b_pl_tower/pl_btdpm.narc!/member_00280,0,/battle/b_pl_tower/pl_btdpm.narc,149,280,,12140,12156,4480,4496,16,43ad3e1b9280923ee847220815ad004ac077a93eb0b2fddf4c4b27276da5205d,77013501ac01a201b8000303bf000000,,,,,False,,,,,,,,,,False,False
/battle/b_pl_tower/pl_btdpm.narc,/battle/b_pl_tower/pl_btdpm.narc!/member_00281,0,/battle/b_pl_tower/pl_btdpm.narc,149,281,,12156,12172,4496,4512,16,0db97712856bca33ba941e3e30417ec89248dd1348aeddb5a0a302c68428c297,9d01ca0044015e00d500140fc0000000,,,,,False,,,,,,,,,,False,False
/battle/b_pl_tower/pl_btdpm.narc,/battle/b_pl_tower/pl_btdpm.narc!/member_00282,0,/battle/b_pl_tower/pl_btdpm.narc,149,282,,12172,12188,4512,4528,16,372c590ea46120f4fed12e346c4950980c84043380f909edefcbd5ae1cba7225,9e01950193015e004d00110fc0000000,,,,,False,,,,,,,,,,False,False
/battle/b_pl_tower/pl_btdpm.narc,/battle/b_pl_tower/pl_btdpm.narc!/member_00283,0,/battle/b_pl_tower/pl_btdpm.narc,149,283,,12188,12204,4528,4544,16,cc5a2eb457f1f990629021a42a0b2cef474109e0f225242ffab26a47ad210b9b,28003001f7002f008a00110f9e000000,,,,,True,Nintendo Huffman 8-bit,Probable,False,77824,,,,,,False,False
/battle/b_pl_tower/pl_btdpm.narc,/battle/b_pl_tower/pl_btdpm.narc!/member_00284,0,/battle/b_pl_tower/pl_btdpm.narc,149,284,,12204,12220,4544,4560,16,19081438fa398747ed8b52e52bbbf29ec89158442d920d9ced038117cfbc6380,c000ca00bc0040016800110f9e000000,,,,,False,,,,,,,,,,False,False
/battle/b_pl_tower/pl_btdpm.narc,/battle/b_pl_tower/pl_btdpm.narc!/member_00285,0,/battle/b_pl_tower/pl_btdpm.narc,149,285,,12220,12236,4560,4576,16,7fd2ea51d4bc36f84bf56a6eba7fcd25fd2682de748f65f43026923df1f07c57,66015e00f7005f008a001111f8000000,,,,,False,,,,,,,,,,False,False
/battle/b_pl_tower/pl_btdpm.narc,/battle/b_pl_tower/pl_btdpm.narc!/member_00286,0,/battle/b_pl_tower/pl_btdpm.narc,149,286,,12236,12252,4576,4592,16,270df439ac8257afbadeb2e1d2e88d04f0a4aef321a2e3d61220563249e350ba,cf0059004c019101c9000a03d9000000,,,,,False,,,,,,,,,,False,False
/battle/b_pl_tower/pl_btdpm.narc,/battle/b_pl_tower/pl_btdpm.narc!/member_00287,0,/battle/b_pl_tower/pl_btdpm.narc,149,287,,12252,12268,4592,4608,16,992611ba41ec70c7e008f0567cc85bc743024fb8c8873966aa6ac6bc3418f1b2,d30091018e011701c2000603e6000000,,,,,False,,,,,,,,,,False,False
/battle/b_pl_tower/pl_btdpm.narc,/battle/b_pl_tower/pl_btdpm.narc!/member_00288,0,/battle/b_pl_tower/pl_btdpm.narc,149,288,,12268,12284,4608,4624,16,9f9b1481d83e2a0b47fb2b6502f17d631c74d77a4658222c9292a1bebdb93e3b,d7000800b9003201b4000a0ddd000000,,,,,False,,,,,,,,,,False,False
/battle/b_pl_tower/pl_btdpm.narc,/battle/b_pl_tower/pl_btdpm.narc!/member_00289,0,/battle/b_pl_tower/pl_btdpm.narc,149,289,,12284,12300,4624,4640,16,42f0df9e71524f3d2624957916341f6104cdc50d7b7f7fd5a5525985ad863055,150107014c012d0071010a0310010000,,,,,False,,,,,,,,,,False,False
/battle/b_pl_tower/pl_btdpm.narc,/battle/b_pl_tower/pl_btdpm.narc!/member_00290,0,/battle/b_pl_tower/pl_btdpm.narc,149,290,,12300,12316,4640,4656,16,a733d2a85906e234ca37aade25636c5792ff9db39d43e0b8ec7093f30b3ac15e,170139003a013a006e01140ffd000000,,,,,False,,,,,,,,,,False,False
/battle/b_pl_tower/pl_btdpm.narc,/battle/b_pl_tower/pl_btdpm.narc!/member_00291,0,/battle/b_pl_tower/pl_btdpm.narc,149,291,,12316,12332,4656,4672,16,6b5b8b3314b958ffaf94dba35ba475544444967e6f61b11fab0867d3981efb19,3101ba019d0059002e0006089e000000,,,,,False,,,,,,,,,,False,False
/battle/b_pl_tower/pl_btdpm.narc,/battle/b_pl_tower/pl_btdpm.narc!/member_00292,0,/battle/b_pl_tower/pl_btdpm.narc,149,292,,12332,12348,4672,4688,16,ba5ce2d456cde1c2384a7f23a22c907bdef6dbb9b9f3e5216587743dbb697b55,7200ca00bc007a011301140597000000,,,,,False,,,,,,,,,,False,False
/battle/b_pl_tower/pl_btdpm.narc,/battle/b_pl_tower/pl_btdpm.narc!/member_00293,0,/battle/b_pl_tower/pl_btdpm.narc,149,293,,12348,12364,4688,4704,16,93572a9cd2d7f3d9d024c98da7afd683eacc04611754350448f1ec170aa07411,c800f7005e0056006d00180fc4000000,,,,,False,,,,,,,,,,False,False
/battle/b_pl_tower/pl_btdpm.narc,/battle/b_pl_tower/pl_btdpm.narc!/member_00294,0,/battle/b_pl_tower/pl_btdpm.narc,149,294,,12364,12380,4704,4720,16,04019ac8e5f11591a706111dae6d54e2f9556ed1a07ce2d0e876d9b8e7b3d155,1800bc00aa01f20089001218c1000000,,,,,False,,,,,,,,,,False,False
/battle/b_pl_tower/pl_btdpm.narc,/battle/b_pl_tower/pl_btdpm.narc!/member_00295,0,/battle/b_pl_tower/pl_btdpm.narc,149,295,,12380,12396,4720,4736,16,3edf8522baed8d1f473a6e09aef74ba8ae58376ff1aeff7cb736e6a690c0ad1b,3500a300a5012c00fc000a0346010000,,,,,False,,,,,,,,,,False,False
/battle/b_pl_tower/pl_btdpm.narc,/battle/b_pl_tower/pl_btdpm.narc!/member_00296,0,/battle/b_pl_tower/pl_btdpm.narc,149,296,,12396,12412,4736,4752,16,2368a32b08be9b3e70ba514af304bab941bc442f4a5ce2f8ef898340ffb3c21c,750039003a00ef006c00140ffd000000,,,,,False,,,,,,,,,,False,False
/battle/b_pl_tower/pl_btdpm.narc,/battle/b_pl_tower/pl_btdpm.narc!/member_00297,0,/battle/b_pl_tower/pl_btdpm.narc,149,297,,12412,12428,4752,4768,16,913de88a388cb708216bb524608ddb86b86f7b5df18498127ce81feffbc04b82,20013201a501b300cb000a03cb000000,,Nintendo Huffman,Probable,,True,Nintendo Huffman,Probable,False,78337,,,,,,False,False
/battle/b_pl_tower/pl_btdpm.narc,/battle/b_pl_tower/pl_btdpm.narc!/member_00298,0,/battle/b_pl_tower/pl_btdpm.narc,149,298,,12428,12444,4768,4784,16,9e744886c9d82b12f86c6328bdafa3ba6905e412fcaca204ab3f54d394a56052,51015e00f600f7004201300fb9000000,,,,,False,,,,,,,,,,False,False
/battle/b_pl_tower/pl_btdpm.narc,/battle/b_pl_tower/pl_btdpm.narc!/member_00299,0,/battle/b_pl_tower/pl_btdpm.narc,149,299,,12444,12460,4784,4800,16,48ff6d81e8f5f1ff587d611e53d266ae609191f644c393f91f43a3f336cff6e8,5201ac019d00050142010603b9000000,,,,,False,,,,,,,,,,False,False
/battle/b_pl_tower/pl_btdpm.narc,/battle/b_pl_tower/pl_btdpm.narc!/member_00300,0,/battle/b_pl_tower/pl_btdpm.narc,149,300,,12460,12476,4800,4816,16,28f850fdf6ab4dec44c4f240985fb2c3cc09b2afb549e6ff9053b2a141eebebe,6001da00a5014c010f0122171f010000,,,,,False,,,,,,,,,,False,False
/battle/b_pl_tower/pl_btdpm.narc,/battle/b_pl_tower/pl_btdpm.narc!/member_00301,0,/battle/b_pl_tower/pl_btdpm.narc,149,301,,12476,12492,4816,4832,16,ea46aed22dcd97f0fef2020d7f52335a7de1d27c932fdf23466bb3971eaf6b61,df01b301d20156006800180ff2000000,,,,,False,,,,,,,,,,False,False
/battle/b_pl_tower/pl_btdpm.narc,/battle/b_pl_tower/pl_btdpm.narc!/member_00302,0,/battle/b_pl_tower/pl_btdpm.narc,149,302,,12492,12508,4832,4848,16,3a64bdce6a6c970b61d20e40a5594abc86296032d387c32e24d3c3498e2b7611,16004100da00b90071010a0395000000,,,,,False,,,,,,,,,,False,False
/battle/b_pl_tower/pl_btdpm.narc,/battle/b_pl_tower/pl_btdpm.narc!/member_00303,0,/battle/b_pl_tower/pl_btdpm.narc,149,303,,12508,12524,4848,4864,16,24c1601f7433c5fab4015b9bf2df7bd0d06598d7fbda5170b0982af805b181d0,a400930181005e00730011119c000000,,,,,False,,,,,,,,,,False,False
/battle/b_pl_tower/pl_btdpm.narc,/battle/b_pl_tower/pl_btdpm.narc!/member_00304,0,/battle/b_pl_tower/pl_btdpm.narc,149,304,,12524,12540,4864,4880,16,c9357cc40d7f2762f4c6ad637447cee3da142f2d7ff49caa24bfc6649068feda,1c0059009d003201c9000603d9000000,,,,,False,,,,,,,,,,False,False
/battle/b_pl_tower/pl_btdpm.narc,/battle/b_pl_tower/pl_btdpm.narc!/member_00305,0,/battle/b_pl_tower/pl_btdpm.narc,149,305,,12540,12556,4880,4896,16,f1ea949002e564f40644d9dfb7a8d576fd42308fef270164029679dacc2228fc,31009501bc005e003000180fde000000,,,,,False,,,,,,,,,,False,False
/battle/b_pl_tower/pl_btdpm.narc,/battle/b_pl_tower/pl_btdpm.narc!/member_00306,0,/battle/b_pl_tower/pl_btdpm.narc,149,306,,12556,12572,4896,4912,16,dba89d2cc97eff7a8a65848c6e7d3f96e9bc76ecdf095d1449ac58854d878491,7100790008012f008700210800010000,,,,,False,,,,,,,,,,False,False
/battle/b_pl_tower/pl_btdpm.narc,/battle/b_pl_tower/pl_btdpm.narc!/member_00307,0,/battle/b_pl_tower/pl_btdpm.narc,149,307,,12572,12588,4912,4928,16,92cd0b6e7a8fa175af93f9b5a0609a6812b854b1e4e3023e3ea04158080b7b3d,770091018e01070188010303d9000000,,,,,False,,,,,,,,,,False,False
/battle/b_pl_tower/pl_btdpm.narc,/battle/b_pl_tower/pl_btdpm.narc!/member_00308,0,/battle/b_pl_tower/pl_btdpm.narc,149,308,,12588,12604,4928,4944,16,2b17fb34f20cd492c1ed8b31ffbe3bfd02e617f246e5d8f5c29acade58208ca6,bd00920154014f00eb000a039e000000,,,,,False,,,,,,,,,,False,False
/battle/b_pl_tower/pl_btdpm.narc,/battle/b_pl_tower/pl_btdpm.narc!/member_00309,0,/battle/b_pl_tower/pl_btdpm.narc,149,309,,12604,12620,4944,4960,16,a4856ea07288c5eda8ae8b8c20ed9f3fb4f3f429f8e1d73eab52415f16eb6955,dd00a7015900bc01ae0003030a010000,,,,,False,,,,,,,,,,False,False
/battle/b_pl_tower/pl_btdpm.narc,/battle/b_pl_tower/pl_btdpm.narc!/member_00310,0,/battle/b_pl_tower/pl_btdpm.narc,149,310,,12620,12636,4960,4976,16,44c88eeb276c43ea4a041b92b7ce27a2151d83544d7b324a7e75e52221ab2b78,b0012200a501d500fc000a03c9000000,,,,,False,,,,,,,,,,False,False
/battle/b_pl_tower/pl_btdpm.narc,/battle/b_pl_tower/pl_btdpm.narc!/member_00311,0,/battle/b_pl_tower/pl_btdpm.narc,149,311,,12636,12652,4976,4992,16,85297713acf96283c2961ab1ac4c198293a949ee0aa5d28863d72240d361e5ce,c70192017a01f20013010303b8000000,,,,,False,,,,,,,,,,False,False
/battle/b_pl_tower/pl_btdpm.narc,/battle/b_pl_tower/pl_btdpm.narc!/member_00312,0,/battle/b_pl_tower/pl_btdpm.narc,149,312,,12652,12668,4992,5008,16,86f79f57fe3212459244359f8b44f237e1d2acca256428d402c526790bf08105,2a0031014c01ac016d000a0319010000,,,,,False,,,,,,,,,,False,False
/battle/b_pl_tower/pl_btdpm.narc,/battle/b_pl_tower/pl_btdpm.narc!/member_00313,0,/battle/b_pl_tower/pl_btdpm.narc,149,313,,12668,12684,5008,5024,16,ff128e990865087062691cdf2903d4d1a4de1010b226cebd6e7946ea65f35cc2,3900ee0059009d00cf000a030c010000,,,,,False,,,,,,,,,,False,False
/battle/b_pl_tower/pl_btdpm.narc,/battle/b_pl_tower/pl_btdpm.narc!/member_00314,0,/battle/b_pl_tower/pl_btdpm.narc,149,314,,12684,12700,5024,5040,16,71d8dbc042c53835f3c63de5559b270c331918c6d3fd3b4040d2befac42f584b,6a0088002b011900cb002a03cb000000,,,,,False,,,,,,,,,,False,False
/battle/b_pl_tower/pl_btdpm.narc,/battle/b_pl_tower/pl_btdpm.narc!/member_00315,0,/battle/b_pl_tower/pl_btdpm.narc,149,315,,12700,12716,5040,5056,16,91c4980335a152b1b95b05ac93afbccbfa38edb7d180a67f6a99994c6cb28e39,6b0047010500a20144002a03dd000000,,,,,False,,,,,,,,,,False,False
/battle/b_pl_tower/pl_btdpm.narc,/battle/b_pl_tower/pl_btdpm.narc!/member_00316,0,/battle/b_pl_tower/pl_btdpm.narc,149,316,,12716,12732,5056,5072,16,5f7267feac440a35be7878fc12aacef63c5791e5107a1864a41b5ab186f53dcb,cb00ac01ca01f20056000a0346010000,,,,,False,,,,,,,,,,False,False
/battle/b_pl_tower/pl_btdpm.narc,/battle/b_pl_tower/pl_btdpm.narc!/member_00317,0,/battle/b_pl_tower/pl_btdpm.narc,149,317,,12732,12748,5072,5088,16,1f3f8925a67c6aeedbe28e0772921f90648b5c4c9e4a4dd1ec0ce71aa0b0a112,ed00a700a2014c01440003030a010000,,,,,False,,,,,,,,,,False,False
/battle/b_pl_tower/pl_btdpm.narc,/battle/b_pl_tower/pl_btdpm.narc!/member_00318,0,/battle/b_pl_tower/pl_btdpm.narc,149,318,,12748,12764,5088,5104,16,babaa008a48edc27f6f999a46ef2d2b67946ebc9a4d1f93fafb29cd9d08f7408,6201a501b9000501b1010303c6000000,,,,,False,,,,,,,,,,False,False
/battle/b_pl_tower/pl_btdpm.narc,/battle/b_pl_tower/pl_btdpm.narc!/member_00319,0,/battle/b_pl_tower/pl_btdpm.narc,149,319,,12764,12780,5104,5120,16,cfd8db33d4905722622aa7b8bbad6a8dc59bae27f05c8f31cc4a35a70c2b2322,64014501730118016d002508c6000000,,,,,False,,,,,,,,,,False,False
/battle/b_pl_tower/pl_btdpm.narc,/battle/b_pl_tower/pl_btdpm.narc!/member_00320,0,/battle/b_pl_tower/pl_btdpm.narc,149,320,,12780,12796,5120,5136,16,11d3e1987691be9d4538085ae21a8526f14c81c90eb9d135c1776b33ade26cd1,230194014c019001e200030347010000,,,,,False,,,,,,,,,,False,False
/battle/b_pl_tower/pl_btdpm.narc,/battle/b_pl_tower/pl_btdpm.narc!/member_00321,0,/battle/b_pl_tower/pl_btdpm.narc,149,321,,12796,12812,5136,5152,16,236c3b4c3100c6925ba30d15ba6f3f2faaf3a811292e21b76178389e6e4e6a7a,4f013201a5014c010d010a0346010000,,,,,False,,,,,,,,,,False,False
/battle/b_pl_tower/pl_btdpm.narc,/battle/b_pl_tower/pl_btdpm.narc!/member_00322,0,/battle/b_pl_tower/pl_btdpm.narc,149,322,,12812,12828,5152,5168,16,6b1d73583eae633364f78ac3f362950a5b8817e668466ebc8c1801c82711d431,5001bc00f2009101cf00030319010000,,,,,False,,,,,,,,,,False,False
/battle/b_pl_tower/pl_btdpm.narc,/battle/b_pl_tower/pl_btdpm.narc!/member_00323,0,/battle/b_pl_tower/pl_btdpm.narc,149,323,,12828,12844,5168,5184,16,cb8c659a2fc4a7c43e6ef5075a4a2db709bfc5ee97089e9ca1c95efa42702a9b,55004100da00b9006f010a0ddd000000,,,,,False,,,,,,,,,,False,False
/battle/b_pl_tower/pl_btdpm.narc,/battle/b_pl_tower/pl_btdpm.narc!/member_00324,0,/battle/b_pl_tower/pl_btdpm.narc,149,324,,12844,12860,5184,5200,16,0b0bab44550b08321e18e3a91acb20721a7b55dfc3245f186ff4bf07b4677859,3f01f2007f00a701cf000a03ba000000,,,,,False,,,,,,,,,,False,False
/battle/b_pl_tower/pl_btdpm.narc,/battle/b_pl_tower/pl_btdpm.narc!/member_00325,0,/battle/b_pl_tower/pl_btdpm.narc,149,325,,12860,12876,5200,5216,16,b1acb4db13f2c092aae7308510764d90db4d613bd6b2c21ac38a9bbfe4f69ac0,43019e011c01f600c900110fd9000000,,,,,False,,,,,,,,,,False,False
/battle/b_pl_tower/pl_btdpm.narc,/battle/b_pl_tower/pl_btdpm.narc!/member_00326,0,/battle/b_pl_tower/pl_btdpm.narc,149,326,,12876,12892,5216,5232,16,65be886240ade29dd704bcaa3a5244840b93f1e15a0ca3b67b7ec8413c60d16d,6501ca009301eb00f100110fb8000000,,,,,False,,,,,,,,,,False,False
/battle/b_pl_tower/pl_btdpm.narc,/battle/b_pl_tower/pl_btdpm.narc!/member_00327,0,/battle/b_pl_tower/pl_btdpm.narc,149,327,,12892,12908,5232,5248,16,0d3e290cb9df091b5a86ace977c591ae86998d4921363871151b561c80b5335a,c90139003e01d5008801180ffd000000,,,,,False,,,,,,,,,,False,False
/battle/b_pl_tower/pl_btdpm.narc,/battle/b_pl_tower/pl_btdpm.narc!/member_00328,0,/battle/b_pl_tower/pl_btdpm.narc,149,328,,12908,12924,5248,5264,16,40d5278eeb4c866bfb055fe3a5afb1822052b58d7322d3ea17aeeb6eb52ae552,52005500ad0156008901140fbf000000,,,,,False,,,,,,,,,,False,False
/battle/b_pl_tower/pl_btdpm.narc,/battle/b_pl_tower/pl_btdpm.narc!/member_00329,0,/battle/b_pl_tower/pl_btdpm.narc,149,329,,12924,12940,5264,5280,16,ca6a2102f6cbed531dea980941481eb5135df64ea7e5baae9fd18474bc8f5467,e20039003a013a006d00300ffd000000,,,,,False,,,,,,,,,,False,False
/battle/b_pl_tower/pl_btdpm.narc,/battle/b_pl_tower/pl_btdpm.narc!/member_00330,0,/battle/b_pl_tower/pl_btdpm.narc,149,330,,12940,12956,5280,5296,16,7ac18047072846742a9e5a506f6a762a034deb60e1f011d04ca5fb3978cc4f4a,ea00da00ac0156006d000a03bd000000,,,,,False,,,,,,,,,,False,False
/battle/b_pl_tower/pl_btdpm.narc,/battle/b_pl_tower/pl_btdpm.narc!/member_00331,0,/battle/b_pl_tower/pl_btdpm.narc,149,331,,12956,12972,5296,5312,16,4fb5cd2b87a857d4e0e55aa8cc3d3443daa46676cafe018669db28783277d020,3d01bc00f700ca001901110f19010000,,,,,False,,,,,,,,,,False,False
/battle/b_pl_tower/pl_btdpm.narc,/battle/b_pl_tower/pl_btdpm.narc!/member_00332,0,/battle/b_pl_tower/pl_btdpm.narc,149,332,,12972,12988,5312,5328,16,f227728b5a104ba4e413e9e2cad8c7af8ac7f52262db5900bd9fb84f69751ff7,56019800f20094010e000603d9000000,,,,,False,,,,,,,,,,False,False
/battle/b_pl_tower/pl_btdpm.narc,/battle/b_pl_tower/pl_btdpm.narc!/member_00333,0,/battle/b_pl_tower/pl_btdpm.narc,149,333,,12988,13004,5328,5344,16,70f1412bbd94fae1fc7ffdee619ed5f6a0353bad156fe90a2f2badd933114b64,1200d8004c01d30071010a0346010000,,,,,False,,,,,,,,,,False,False
/battle/b_pl_tower/pl_btdpm.narc,/battle/b_pl_tower/pl_btdpm.narc!/member_00334,0,/battle/b_pl_tower/pl_btdpm.narc,149,334,,13004,13020,5344,5360,16,e5b4fe4794acbdc569ed3b614155b65fc559d2eea66ae97b0359e509e30a7c11,b2005e003a01d2016d00180fc6000000,,,,,False,,,,,,,,,,False,False
/battle/b_pl_tower/pl_btdpm.narc,/battle/b_pl_tower/pl_btdpm.narc!/member_00335,0,/battle/b_pl_tower/pl_btdpm.narc,149,335,,13020,13036,5360,5376,16,47277aeafd4ee6123ab820483842e969bed03d53b6c478c31c58560699c71cae,440101014c009e01f1001405d9000000,,,,,False,,,,,,,,,,False,False
/battle/b_pl_tower/pl_btdpm.narc,/battle/b_pl_tower/pl_btdpm.narc!/member_00336,0,/battle/b_pl_tower/pl_btdpm.narc,149,336,,13036,13052,5376,5392,16,035ffbda601639dc09059965084d8a88d56d17d9973316fa83e1b30b1f7ab576,46015e009801c301f3003014c6000000,,,,,False,,,,,,,,,,False,False
/battle/b_pl_tower/pl_btdpm.narc,/battle/b_pl_tower/pl_btdpm.narc!/member_00337,0,/battle/b_pl_tower/pl_btdpm.narc,149,337,,13052,13068,5392,5408,16,c30681cce03b7c3fccf93c1ab2c3f51b667620edee10f85be62ca5628799fa6e,2400d8003501ac012f000303e6000000,,,,,True,Nintendo Huffman 4-bit,Probable,False,55296,,,,,,False,False
/battle/b_pl_tower/pl_btdpm.narc,/battle/b_pl_tower/pl_btdpm.narc!/member_00338,0,/battle/b_pl_tower/pl_btdpm.narc,149,338,,13068,13084,5408,5424,16,1b802b1a870502d231ff3a7ba669a945ae3b5bb452f1ace17e5a7fc7d28c3c5c,630098000c00af00cb000a0dcb000000,,,,,False,,,,,,,,,,False,False
/battle/b_pl_tower/pl_btdpm.narc,/battle/b_pl_tower/pl_btdpm.narc!/member_00339,0,/battle/b_pl_tower/pl_btdpm.narc,149,339,,13084,13100,5424,5440,16,634803e5c2be0b8d495a9722ca5a329e154f9ae3b085014075f2144bc62fff37,4c01ca008f013300b200110ffd000000,,,,,False,,,,,,,,,,False,False
/battle/b_pl_tower/pl_btdpm.narc,/battle/b_pl_tower/pl_btdpm.narc!/member_00340,0,/battle/b_pl_tower/pl_btdpm.narc,149,340,,13100,13116,5440,5456,16,6b989992ebccc53ced1e0347fb04163b0d80593a918fbe609d6814e711f22a6d,b6004c00bc00f100eb00110fd5000000,,,,,False,,,,,,,,,,False,False
/battle/b_pl_tower/pl_btdpm.narc,/battle/b_pl_tower/pl_btdpm.narc!/member_00341,0,/battle/b_pl_tower/pl_btdpm.narc,149,341,,13116,13132,5456,5472,16,694d45be748dc7a728092acc4970feff0a3ce3ca09fdca45374e60a4f80f210b,e000be0035005e005600110f0e010000,,,,,False,,,,,,,,,,False,False
/battle/b_pl_tower/pl_btdpm.narc,/battle/b_pl_tower/pl_btdpm.narc!/member_00342,0,/battle/b_pl_tower/pl_btdpm.narc,149,342,,13132,13148,5472,5488,16,4c2025fe371b3c19ab64cd13a1123032ebad8bc2d7fc902cd192e85687ddca81,6f019101f200a701f0000603fd000000,,,,,False,,,,,,,,,,False,False
/battle/b_pl_tower/pl_btdpm.narc,/battle/b_pl_tower/pl_btdpm.narc!/member_00343,0,/battle/b_pl_tower/pl_btdpm.narc,149,343,,13148,13164,5488,5504,16,cd80e1892608141a5de63364976767f02bd35867c2016f30b049af057d5e0e83,700139005e003a00f000140ffd000000,,,,,False,,,,,,,,,,False,False
/battle/b_pl_tower/pl_btdpm.narc,/battle/b_pl_tower/pl_btdpm.narc!/member_00344,0,/battle/b_pl_tower/pl_btdpm.narc,149,344,,13164,13180,5504,5520,16,4d49a38ccc6328be0411a7927672d7d377c84cb563ae1b968b81587b04962775,710191019d009c001901060896000000,,,,,False,,,,,,,,,,False,False
/battle/b_pl_tower/pl_btdpm.narc,/battle/b_pl_tower/pl_btdpm.narc!/member_00345,0,/battle/b_pl_tower/pl_btdpm.narc,149,345,,13180,13196,5520,5536,16,1793c587b68151be2dfcf15195ecc1474d400fa1601610ab74fe9daa30bd9e50,7d0055005e009b015600180fd5000000,,,,,False,,,,,,,,,,False,False
/battle/b_pl_tower/pl_btdpm.narc,/battle/b_pl_tower/pl_btdpm.narc!/member_00346,0,/battle/b_pl_tower/pl_btdpm.narc,149,346,,13196,13212,5536,5552,16,cb8b37877630a72b3fb0ac81b58f5c86e09d88e17da7bb5d37fa7155b5848c66,7e0035005e009b016d00180fff000000,,,,,False,,,,,,,,,,False,False
/battle/b_pl_tower/pl_btdpm.narc,/battle/b_pl_tower/pl_btdpm.narc!/member_00347,0,/battle/b_pl_tower/pl_btdpm.narc,149,347,,13212,13228,5552,5568,16,8699a1bcea57cf88a374b4f4348188b44dd86cc5b42b593ee4ddb194537441f6,8b003900bc013a008601140f9e000000,,,,,False,,,,,,,,,,False,False
/battle/b_pl_tower/pl_btdpm.narc,/battle/b_pl_tower/pl_btdpm.narc!/member_00348,0,/battle/b_pl_tower/pl_btdpm.narc,149,348,,13228,13244,5568,5584,16,afe54ebc8353917260d4d7473e612fd973b0933251f94ea91bb4737d57b5f3a3,8d007f009d00a3000e00060346010000,,,,,False,,,,,,,,,,False,False
/battle/b_pl_tower/pl_btdpm.narc,/battle/b_pl_tower/pl_btdpm.narc!/member_00349,0,/battle/b_pl_tower/pl_btdpm.narc,149,349,,13244,13260,5584,5600,16,8c0fe0a56fe4781021b1d15bf9486edbde73c350465978c5bf729c39469689ce,7b0094014c0190010e000a03d5000000,,,,,False,,,,,,,,,,False,False
/battle/b_pl_tower/pl_btdpm.narc,/battle/b_pl_tower/pl_btdpm.narc!/member_00350,0,/battle/b_pl_tower/pl_btdpm.narc,149,350,,13260,13276,5600,5616,16,f5e518eedfa3db5874b9e6a2969fc2849aeb1f58f1182c62c40d4fd8cea4dab7,5b00a30123015c00b6000608ea000000,,,,,False,,,,,,,,,,False,False
/battle/b_pl_tower/pl_btdpm.narc,/battle/b_pl_tower/pl_btdpm.narc!/member_00351,0,/battle/b_pl_tower/pl_btdpm.narc,149,351,,13276,13292,5616,5632,16,7d19da68e3032e75fe62a193b27dd032ecc86ae715b6cfbe7195ffeb93454feb,0300b501bc0085004f00300fd6000000,,,,,False,,,,,,,,,,False,False
/battle/b_pl_tower/pl_btdpm.narc,/battle/b_pl_tower/pl_btdpm.narc!/member_00352,0,/battle/b_pl_tower/pl_btdpm.narc,149,352,,13292,13308,5632,5648,16,843899ba18a52d060fbfe3f449952c3d167e1d35953439c78c68fcb0219195e7,0600350093016c00b800180fcc000000,,,,,False,,,,,,,,,,False,False
/battle/b_pl_tower/pl_btdpm.narc,/battle/b_pl_tower/pl_btdpm.narc!/member_00353,0,/battle/b_pl_tower/pl_btdpm.narc,149,353,,13308,13324,5648,5664,16,012971e3de33a8d07ca42ee0e66e6370f567fa7bfed79194ae84ad8c220fd368,090038004401c400f300340ff3000000,,,,,False,,,,,,,,,,False,False
/battle/b_pl_tower/pl_btdpm.narc,/battle/b_pl_tower/pl_btdpm.narc!/member_00354,0,/battle/b_pl_tower/pl_btdpm.narc,149,354,,13324,13340,5664,5680,16,4e5779980df1e09639a0a23378d716d6f381eb9785eba29e5ceb6e09ce65e793,9a004c00f600eb00f100240f1c010000,,,,,False,,,,,,,,,,False,False
/battle/b_pl_tower/pl_btdpm.narc,/battle/b_pl_tower/pl_btdpm.narc!/member_00355,0,/battle/b_pl_tower/pl_btdpm.narc,149,355,,13340,13356,5680,5696,16,c829d854554e4d38578e96b084b8786e5d5f8853c769936dedf7f3ef9f38e1c4,9d0007000900a50162000a03e8000000,,,,,False,,,,,,,,,,False,False
/battle/b_pl_tower/pl_btdpm.narc,/battle/b_pl_tower/pl_btdpm.narc!/member_00356,0,/battle/b_pl_tower/pl_btdpm.narc,149,356,,13356,13372,5696,5712,16,526cb0c76472abf822e2dbc48fa67cdc7823df2420468abd185832a870e13b0c,a0007f00a7019d00b8000603dd000000,,,,,False,,,,,,,,,,False,False
/battle/b_pl_tower/pl_btdpm.narc,/battle/b_pl_tower/pl_btdpm.narc!/member_00357,0,/battle/b_pl_tower/pl_btdpm.narc,149,357,,13372,13388,5712,5728,16,696b3cf2ef6f29583d350918af2bfc8edd85ccb8612a015cfa276d0efddb2a44,fe005c01f200620067000a0dc9000000,,,,,False,,,,,,,,,,False,False
/battle/b_pl_tower/pl_btdpm.narc,/battle/b_pl_tower/pl_btdpm.narc!/member_00358,0,/battle/b_pl_tower/pl_btdpm.narc,149,358,,13388,13404,5728,5744,16,b4b0c5d37bc043de3e3b9e7864263f4bc95467bc6b67d6ad346f2ab8bbd8c6c8,01012b01b3004c01cb000a03cb000000,,,,,False,,,,,,,,,,False,False
/battle/b_pl_tower/pl_btdpm.narc,/battle/b_pl_tower/pl_btdpm.narc!/member_00359,0,/battle/b_pl_tower/pl_btdpm.narc,149,359,,13404,13420,5744,5760,16,faae153cdd15e46b7eaab164775a9d4d1b81e0ca9ab230686a2707c5394bdf59,04017f0059000800b6000303fd000000,,,,,False,,,,,,,,,,False,False
/battle/b_pl_tower/pl_btdpm.narc,/battle/b_pl_tower/pl_btdpm.narc!/member_00360,0,/battle/b_pl_tower/pl_btdpm.narc,149,360,,13420,13436,5760,5776,16,69141205c39d9b3896a102a3ead47d12b483bba9a611a12cbb8d12771b2b37a1,85015900bf019d00ae000303bc000000,,,,,False,,,,,,,,,,False,False
/battle/b_pl_tower/pl_btdpm.narc,/battle/b_pl_tower/pl_btdpm.narc!/member_00361,0,/battle/b_pl_tower/pl_btdpm.narc,149,361,,13436,13452,5776,5792,16,37b771bc91df584ad1222891fbc718e3ecbfe8c9274aeb965afca933ade31b5e,8801720107007101fc000a0dc0000000,,,,,False,,,,,,,,,,False,False
/battle/b_pl_tower/pl_btdpm.narc,/battle/b_pl_tower/pl_btdpm.narc!/member_00362,0,/battle/b_pl_tower/pl_btdpm.narc,149,362,,13452,13468,5792,5808,16,8b84310c6ef95b27922b616ed6adf907410930f1ad31769fb82866e01b68bbe4,8b017f00e80018011a01220346010000,,,,,False,,,,,,,,,,False,False
/battle/b_pl_tower/pl_btdpm.narc,/battle/b_pl_tower/pl_btdpm.narc!/member_00363,0,/battle/b_pl_tower/pl_btdpm.narc,149,363,,13468,13484,5808,5824,16,402978d16ce6a58be9b67644173d4856250bb89caa6b33d21a867fa456429bf7,330059009d00360148010a0d1e010000,,,,,False,,,,,,,,,,False,False
/battle/b_pl_tower/pl_btdpm.narc,/battle/b_pl_tower/pl_btdpm.narc!/member_00364,0,/battle/b_pl_tower/pl_btdpm.narc,149,364,,13484,13500,5824,5840,16,88592cb0c261bb1faa48bdbdf0eff5065975a564d09cc4b537d20ae8546ef012,6900c6001801e700c900060346010000,,,,,False,,,,,,,,,,False,False
/battle/b_pl_tower/pl_btdpm.narc,/battle/b_pl_tower/pl_btdpm.narc!/member_00365,0,/battle/b_pl_tower/pl_btdpm.narc,149,365,,13500,13516,5840,5856,16,0bcbd75ec965e1bdd99be23cbabaf102bc823300a37cf1fbcfcd10e41823826d,3401ac01b300cb00fc000a0dcb000000,,,,,False,,,,,,,,,,False,False
/battle/b_pl_tower/pl_btdpm.narc,/battle/b_pl_tower/pl_btdpm.narc!/member_00366,0,/battle/b_pl_tower/pl_btdpm.narc,149,366,,13516,13532,5856,5872,16,7151fefff1393175ca6a36194536c3f9dfcf65582d56584ea921cf55dfc78512,c30059009101180144000303bb000000,,,,,False,,,,,,,,,,False,False
/battle/b_pl_tower/pl_btdpm.narc,/battle/b_pl_tower/pl_btdpm.narc!/member_00367,0,/battle/b_pl_tower/pl_btdpm.narc,149,367,,13532,13548,5872,5888,16,602a91e3dbb2a74be2fb91c8457e4660e9eb2e6c01d0beffc0afcae7949bfc13,d200d8009d00f2005600030346010000,,,,,False,,,,,,,,,,False,False
/battle/b_pl_tower/pl_btdpm.narc,/battle/b_pl_tower/pl_btdpm.narc!/member_00368,0,/battle/b_pl_tower/pl_btdpm.narc,149,368,,13548,13564,5888,5904,16,568d568c71b83202132d26e3f8037deb8fe8cef137f6a5214dad6683e8922cdd,7c005e003a008e003901301496000000,,,,,False,,,,,,,,,,False,False
/battle/b_pl_tower/pl_btdpm.narc,/battle/b_pl_tower/pl_btdpm.narc!/member_00369,0,/battle/b_pl_tower/pl_btdpm.narc,149,369,,13564,13580,5904,5920,16,0691ab47e950bb03b8d7ceee5ed0732eef0c1e0493b435f53fcb426df59a4ddb,7a005e0044017f016600301495000000,,,,,False,,,,,,,,,,False,False
/battle/b_pl_tower/pl_btdpm.narc,/battle/b_pl_tower/pl_btdpm.narc!/member_00370,0,/battle/b_pl_tower/pl_btdpm.narc,149,370,,13580,13596,5920,5936,16,497d684e3e4f27ef679b37b67f7143820675cc6171164a04114e62bce4746fb3,ab003900b30156008801110fbb000000,,,,,False,,,,,,,,,,False,False
/battle/b_pl_tower/pl_btdpm.narc,/battle/b_pl_tower/pl_btdpm.narc!/member_00371,0,/battle/b_pl_tower/pl_btdpm.narc,149,371,,13596,13612,5936,5952,16,2c43889c037b8becd67e8ac44760e389fd5afff8a6d875d5f7bcafc3e23ddfe7,1e01920147019d004400060813010000,,,,,False,,,,,,,,,,False,False
/battle/b_pl_tower/pl_btdpm.narc,/battle/b_pl_tower/pl_btdpm.narc!/member_00372,0,/battle/b_pl_tower/pl_btdpm.narc,149,372,,13612,13628,5952,5968,16,55df4546cbf0209906029c99d49919c2b9a79e8aa7f0284b760ff4e31c1bbad5,cd006801c201170144000602b8000000,,,,,False,,,,,,,,,,False,False
/battle/b_pl_tower/pl_btdpm.narc,/battle/b_pl_tower/pl_btdpm.narc!/member_00373,0,/battle/b_pl_tower/pl_btdpm.narc,149,373,,13628,13644,5968,5984,16,362fdade9a1a012f6965f84404141f25bf757b1df383a39fddd6f4b20988a38a,e3004100d300bf002e000608b8000000,,,,,False,,,,,,,,,,False,False
/battle/b_pl_tower/pl_btdpm.narc,/battle/b_pl_tower/pl_btdpm.narc!/member_00374,0,/battle/b_pl_tower/pl_btdpm.narc,149,374,,13644,13660,5984,6000,16,8aca312326cc4eeba998fa038a41726af5252cb45b310b7231fb74a6c18a25cd,67018501070168000d010a0dbd000000,,,,,False,,,,,,,,,,False,False
/battle/b_pl_tower/pl_btdpm.narc,/battle/b_pl_tower/pl_btdpm.narc!/member_00375,0,/battle/b_pl_tower/pl_btdpm.narc,149,375,,13660,13676,6000,6016,16,c5e824158b51c584966accd0108d3dae902c93ae4c165d24b14fc12ee4bd2a9d,540139009e01c4008500110ffd000000,,,,,False,,,,,,,,,,False,False
/battle/b_pl_tower/pl_btdpm.narc,/battle/b_pl_tower/pl_btdpm.narc!/member_00376,0,/battle/b_pl_tower/pl_btdpm.narc,149,376,,13676,13692,6016,6032,16,d43152dcab6aae7e8156aad9deb82b9cede6a3ebe0d4ef7559ee5c746242c7fe,2901240159000701fc0003039c000000,,,,,False,,,,,,,,,,False,False
/battle/b_pl_tower/pl_btdpm.narc,/battle/b_pl_tower/pl_btdpm.narc!/member_00377,0,/battle/b_pl_tower/pl_btdpm.narc,149,377,,13692,13708,6032,6048,16,43d08779f12a6d1638e6fb70fbd57e08ad86fd79fb6bede0c49b82ac45df1445,a0013e013a01d201cf00240fe8000000,,,,,False,,,,,,,,,,False,False
/battle/b_pl_tower/pl_btdpm.narc,/battle/b_pl_tower/pl_btdpm.narc!/member_00378,0,/battle/b_pl_tower/pl_btdpm.narc,149,378,,13708,13724,6048,6064,16,d4bd70fa7cb8800ef53bf5663b6e8c7c79cec0ffb578252c71f53c3f40d14e00,1a000900e700150062000a0309010000,,,,,False,,,,,,,,,,False,False
/battle/b_pl_tower/pl_btdpm.narc,/battle/b_pl_tower/pl_btdpm.narc!/member_00379,0,/battle/b_pl_tower/pl_btdpm.narc,149,379,,13724,13740,6064,6080,16,e9917e00431c635ce2c533f2698bdff94202d02bdc063d369c43dc48b294835f,57007f00a3011d00fc00221747010000,,,,,False,,,,,,,,,,False,False
/battle/b_pl_tower/pl_btdpm.narc,/battle/b_pl_tower/pl_btdpm.narc!/member_00380,0,/battle/b_pl_tower/pl_btdpm.narc,149,380,,13740,13756,6080,6096,16,ca3194ac4029d45ef33c9bed1a189f699e0eabca07b410334e9e3f3e69c4e3a5,3601a601f2002e0056000a03bf000000,,,,,False,,,,,,,,,,False,False
/battle/b_pl_tower/pl_btdpm.narc,/battle/b_pl_tower/pl_btdpm.narc!/member_00381,0,/battle/b_pl_tower/pl_btdpm.narc,149,381,,13756,13772,6096,6112,16,ac9af9ec8735ab09d6be50edacfe77c563677b9bc7709c0f00c0f8b729976878,8e01d8004c01680063010a0ddd000000,,,,,False,,,,,,,,,,False,False
/battle/b_pl_tower/pl_btdpm.narc,/battle/b_pl_tower/pl_btdpm.narc!/member_00382,0,/battle/b_pl_tower/pl_btdpm.narc,149,382,,13772,13788,6112,6128,16,d432d41a04b23f9ff9ec0e9dfe597539af157126253e6443c63d596689782331,a7017f0059006900f300211713010000,,,,,False,,,,,,,,,,False,False
/battle/b_pl_tower/pl_btdpm.narc,/battle/b_pl_tower/pl_btdpm.narc!/member_00383,0,/battle/b_pl_tower/pl_btdpm.narc,149,383,,13788,13804,6128,6144,16,f990036636efcd9bc2ff634800051cdb119ea03c9ed4eec90dc39a8e21ef3c09,b30185018e01a3006700030346010000,,,,,False,,,,,,,,,,False,False
/battle/b_pl_tower/pl_btdpm.narc,/battle/b_pl_tower/pl_btdpm.narc!/member_00384,0,/battle/b_pl_tower/pl_btdpm.narc,149,384,,13804,13820,6144,6160,16,2b621def924bb533c22f4e8617416d4bab4f2fa30b67a6b9e8f6074a8c43120a,2d00ca00bc004f001301140f28010000,,,,,False,,,,,,,,,,False,False
/battle/b_pl_tower/pl_btdpm.narc,/battle/b_pl_tower/pl_btdpm.narc!/member_00385,0,/battle/b_pl_tower/pl_btdpm.narc,149,385,,13820,13836,6160,6176,16,bf00931d4f4ced6f0cb93aa4e15d650f920009207b843c61d3e1411db210de05,4700b501bc004f007c01110fc1000000,,,,,False,,,,,,,,,,False,False
/battle/b_pl_tower/pl_btdpm.narc,/battle/b_pl_tower/pl_btdpm.narc!/member_00386,0,/battle/b_pl_tower/pl_btdpm.narc,149,386,,13836,13852,6176,6192,16,3cc4ae3c23d0eda4cdd923f2ff39fde511a646252bf99344dcc41aa6b94d21df,65005500810056007100180f96000000,,,,,False,,,,,,,,,,False,False
/battle/b_pl_tower/pl_btdpm.narc,/battle/b_pl_tower/pl_btdpm.narc!/member_00387,0,/battle/b_pl_tower/pl_btdpm.narc,149,387,,13852,13868,6192,6208,16,ed7775148b4971449d0bf425ce2f69efef4dd1630aa83b6a2ba8bbabeb09d372,10017f004b0099010e0022030a010000,,Nintendo LZ10,Probable,,True,Nintendo LZ10,Probable,True,32513,False,,,,,False,False
/battle/b_pl_tower/pl_btdpm.narc,/battle/b_pl_tower/pl_btdpm.narc!/member_00388,0,/battle/b_pl_tower/pl_btdpm.narc,149,388,,13868,13884,6208,6224,16,fd67f7817a4c59b23cb74ac815516523dfa952a05fac0d5075fba1e53bc2960e,13019201b9009401fc000a0d9c000000,,,,,False,,,,,,,,,,False,False
/battle/b_pl_tower/pl_btdpm.narc,/battle/b_pl_tower/pl_btdpm.narc!/member_00389,0,/battle/b_pl_tower/pl_btdpm.narc,149,389,,13884,13900,6224,6240,16,8dc276d3387c1f4796cb0dd0b8f7feaa4ffbf2e913e66a049eeb311458d07d87,27013001460160010301110fbd000000,,,,,False,,,,,,,,,,False,False
/battle/b_pl_tower/pl_btdpm.narc,/battle/b_pl_tower/pl_btdpm.narc!/member_00390,0,/battle/b_pl_tower/pl_btdpm.narc,149,390,,13900,13916,6240,6256,16,3d8dbc51269f7da24327ece785e42d8bf05e6aee57aae3b05058b71064a1c6ed,6a01a30173016801a401250216010000,,,,,False,,,,,,,,,,False,False
/battle/b_pl_tower/pl_btdpm.narc,/battle/b_pl_tower/pl_btdpm.narc!/member_00391,0,/battle/b_pl_tower/pl_btdpm.narc,149,391,,13916,13932,6256,6272,16,790767c89d31d79299427909fbca3bb9f57c9297f1e79314cf1fe3d5b994b164,ac01d8009901cc00f3000a0de6000000,,,,,False,,,,,,,,,,False,False
/battle/b_pl_tower/pl_btdpm.narc,/battle/b_pl_tower/pl_btdpm.narc!/member_00392,0,/battle/b_pl_tower/pl_btdpm.narc,149,392,,13932,13948,6272,6288,16,4e65f51134b6d14c9a47357efb92d03d04cc35204e5b694e9c8ee3e5461ac068,de013a00d2016d00d500180a95000000,,,,,False,,,,,,,,,,False,False
/battle/b_pl_tower/pl_btdpm.narc,/battle/b_pl_tower/pl_btdpm.narc!/member_00393,0,/battle/b_pl_tower/pl_btdpm.narc,149,393,,13948,13964,6288,6304,16,502f6d9d073e1bffd968072512ac5710548d6d481bf876b19ea6f1640c48283d,a801ca01a50118011a010a0d0a010000,,,,,False,,,,,,,,,,False,False
/battle/b_pl_tower/pl_btdpm.narc,/battle/b_pl_tower/pl_btdpm.narc!/member_00394,0,/battle/b_pl_tower/pl_btdpm.narc,149,394,,13964,13980,6304,6320,16,75def94aa854eef12f1139974e4da4a1e3ad0ad6ea33dc5e3a274bff90623cfd,6100ab0176015f00b101220216010000,,,,,False,,,,,,,,,,False,False
/battle/b_pl_tower/pl_btdpm.narc,/battle/b_pl_tower/pl_btdpm.narc!/member_00395,0,/battle/b_pl_tower/pl_btdpm.narc,149,395,,13980,13996,6320,6336,16,1428914487a4c25b784d576806415baf32c0714b46d9d05c7abc8dd0fbbf1fb8,4c0059009d008501c9000608e6000000,,,,,False,,,,,,,,,,False,False
/battle/b_pl_tower/pl_btdpm.narc,/battle/b_pl_tower/pl_btdpm.narc!/member_00396,0,/battle/b_pl_tower/pl_btdpm.narc,149,396,,13996,14012,6336,6352,16,87aafc59314922808d018f3aee78f752bf497efe44027d71040e801c030a15e3,700059009d00f200b8000603b9000000,,,,,False,,,,,,,,,,False,False
/battle/b_pl_tower/pl_btdpm.narc,/battle/b_pl_tower/pl_btdpm.narc!/member_00397,0,/battle/b_pl_tower/pl_btdpm.narc,149,397,,14012,14028,6352,6368,16,e6785e5dc269fb99029db3e3644f07f082ea7430d296ddb40b163290aa58b3e0,50005e0039005b011901140596000000,,,,,False,,,,,,,,,,False,False
/battle/b_pl_tower/pl_btdpm.narc,/battle/b_pl_tower/pl_btdpm.narc!/member_00398,0,/battle/b_pl_tower/pl_btdpm.narc,149,398,,14028,14044,6368,6384,16,aa74288ec68a273628e519910c92357b2fd9064ec5dc069d6132aa70cdf4bd98,6e00bc008f015f0120011405c1000000,,,,,False,,,,,,,,,,False,False
/battle/b_pl_tower/pl_btdpm.narc,/battle/b_pl_tower/pl_btdpm.narc!/member_00399,0,/battle/b_pl_tower/pl_btdpm.narc,149,399,,14044,14060,6384,6400,16,0991919151db5936e9062566c0866d8cace3580e93b3d3d71ec3ab1ad0aed1a1,73002600f200b300cb000a0dcb000000,,,,,False,,,,,,,,,,False,False
/battle/b_pl_tower/pl_btdpm.narc,/battle/b_pl_tower/pl_btdpm.narc!/member_00400,0,/battle/b_pl_tower/pl_btdpm.narc,149,400,,14060,14076,6400,6416,16,d1f8786fdd131ec3ce05e9c9bea75f78d6d917685c05de271348d65910b9e78a,80002500ac01e400b8000a0d9c000000,,,,,False,,,,,,,,,,False,False
/battle/b_pl_tower/pl_btdpm.narc,/battle/b_pl_tower/pl_btdpm.narc!/member_00401,0,/battle/b_pl_tower/pl_btdpm.narc,149,401,,14076,14092,6416,6432,16,d274013b89ec4c046ded0fa129562f6812bcf681680424fe012ad189c33af11f,41005e00f7005b01f800180ad5000000,,,,,False,,,,,,,,,,False,False
/battle/b_pl_tower/pl_btdpm.narc,/battle/b_pl_tower/pl_btdpm.narc!/member_00402,0,/battle/b_pl_tower/pl_btdpm.narc,149,402,,14092,14108,6432,6448,16,f6154b6f79442ab28643b1a5d36ba04045db6ec09e486ed07bff92fed395bb3d,c7005e006a011901b1012511fd000000,,,,,False,,,,,,,,,,False,False
/battle/b_pl_tower/pl_btdpm.narc,/battle/b_pl_tower/pl_btdpm.narc!/member_00403,0,/battle/b_pl_tower/pl_btdpm.narc,149,403,,14108,14124,6448,6464,16,8392b9bae7e5e94a912074c1707a7ba450bbf3bd40b7430dca8cba0e768b754b,f100d800ba015600d000060895000000,,,,,False,,,,,,,,,,False,False
/battle/b_pl_tower/pl_btdpm.narc,/battle/b_pl_tower/pl_btdpm.narc!/member_00404,0,/battle/b_pl_tower/pl_btdpm.narc,149,404,,14124,14140,6464,6480,16,95e6d76d73fd227ca37f934618eae58eacca87a4309f2844c3aeb6c1ae279d59,4e0151014c015d019c00221796000000,,,,,False,,,,,,,,,,False,False
/battle/b_pl_tower/pl_btdpm.narc,/battle/b_pl_tower/pl_btdpm.narc!/member_00405,0,/battle/b_pl_tower/pl_btdpm.narc,149,405,,14140,14156,6480,6496,16,84e5e4e3903a311adc3a717963b7b6b57d92df3539bc0ba582ea7b7b065e7cce,c6018e01180194011a010a0319010000,,,,,False,,,,,,,,,,False,False
/battle/b_pl_tower/pl_btdpm.narc,/battle/b_pl_tower/pl_btdpm.narc!/member_00406,0,/battle/b_pl_tower/pl_btdpm.narc,149,406,,14156,14172,6496,6512,16,0bc41237beb1f11549a7facabb1ffc31e229bfa88b159048bb3302c598f5c102,cc01ca003a006001400111149d000000,,,,,False,,,,,,,,,,False,False
/battle/b_pl_tower/pl_btdpm.narc,/battle/b_pl_tower/pl_btdpm.narc!/member_00407,0,/battle/b_pl_tower/pl_btdpm.narc,149,407,,14172,14188,6512,6528,16,3ecd296b74aa770e4d16acecc6167074b52073e1baaf7086d249840cf7727e58,1f00590031014c01cc000303c1000000,,,,,False,,,,,,,,,,False,False
/battle/b_pl_tower/pl_btdpm.narc,/battle/b_pl_tower/pl_btdpm.narc!/member_00408,0,/battle/b_pl_tower/pl_btdpm.narc,149,408,,14188,14204,6528,6544,16,75b78bd3bc691862e09c4831375a7652ed35a3703fa2686604ad13b66aea4451,220059008e01180044000308e6000000,,,,,False,,,,,,,,,,False,False
/battle/b_pl_tower/pl_btdpm.narc,/battle/b_pl_tower/pl_btdpm.narc!/member_00409,0,/battle/b_pl_tower/pl_btdpm.narc,149,409,,14204,14220,6544,6560,16,36edddf3c6e6047e4683410621d28e7757f1af4a73835787f72f74b5aad69e33,5a01f6009c016d00c900250846010000,,,,,False,,,,,,,,,,False,False
/battle/b_pl_tower/pl_btdpm.narc,/battle/b_pl_tower/pl_btdpm.narc!/member_00410,0,/battle/b_pl_tower/pl_btdpm.narc,149,410,,14220,14236,6560,6576,16,3de887e6b559a6446f54b4f99bd608d32dbb965628acfd27a4ec4c9863bf14aa,5c0194019d0059004e01220346010000,,,,,False,,,,,,,,,,False,False
/battle/b_pl_tower/pl_btdpm.narc,/battle/b_pl_tower/pl_btdpm.narc!/member_00411,0,/battle/b_pl_tower/pl_btdpm.narc,149,411,,14236,14252,6576,6592,16,ea4624bd8dd1f32e58e4fed53dee72bfae7db6f33e0cb3e94efdac690bd3c5e2,9b01ba01bc01cf000d012408e6000000,,,,,False,,,,,,,,,,False,False
/battle/b_pl_tower/pl_btdpm.narc,/battle/b_pl_tower/pl_btdpm.narc!/member_00412,0,/battle/b_pl_tower/pl_btdpm.narc,149,412,,14252,14268,6592,6608,16,21463a8719983bfbeed8e5fba0a7c173d619896fca2c82324cb2c3f89c0da3da,a3017f0008006200f0000a0d9e000000,,,,,False,,,,,,,,,,False,False
/battle/b_pl_tower/pl_btdpm.narc,/battle/b_pl_tower/pl_btdpm.narc!/member_00413,0,/battle/b_pl_tower/pl_btdpm.narc,149,413,,14268,14284,6608,6624,16,d141294de5eda3ac35d901ef4bf7417182d42867440b4f572489fc6f82afa4f2,ad01f700980159010601180fc4000000,,,,,False,,,,,,,,,,False,False
/battle/b_pl_tower/pl_btdpm.narc,/battle/b_pl_tower/pl_btdpm.narc!/member_00414,0,/battle/b_pl_tower/pl_btdpm.narc,149,414,,14284,14300,6624,6640,16,24309df804c828322c4ff976197857a2548494fda80a00e8d01fd41f8cccbf0d,aa01d2013a01e200cb00110fcb000000,,,,,False,,,,,,,,,,False,False
/battle/b_pl_tower/pl_btdpm.narc,/battle/b_pl_tower/pl_btdpm.narc!/member_00415,0,/battle/b_pl_tower/pl_btdpm.narc,149,415,,14300,14316,6640,6656,16,01d26fac2c70cc26b7faf2c776ffc319fba9e9dd482c1015376671a8262ecff5,370039005e006d005b01110fbb000000,,,,,False,,,,,,,,,,False,False
/battle/b_pl_tower/pl_btdpm.narc,/battle/b_pl_tower/pl_btdpm.narc!/member_00416,0,/battle/b_pl_tower/pl_btdpm.narc,149,416,,14316,14332,6656,6672,16,f0f768add07eaf563fe957ec883c0f7e88da29cfed66267b6d29e9a7de2d13b1,3e0039009a015e006800110fbb000000,,,,,False,,,,,,,,,,False,False
/battle/b_pl_tower/pl_btdpm.narc,/battle/b_pl_tower/pl_btdpm.narc!/member_00417,0,/battle/b_pl_tower/pl_btdpm.narc,149,417,,14332,14348,6672,6688,16,02dd9260b0d697de25eec93f445448204158cb281b3541ceafe99cf142eb2e73,4e007e004c00f1009c00180f96000000,,,,,False,,,,,,,,,,False,False
/battle/b_pl_tower/pl_btdpm.narc,/battle/b_pl_tower/pl_btdpm.narc!/member_00418,0,/battle/b_pl_tower/pl_btdpm.narc,149,418,,14348,14364,6688,6704,16,fecbb98e8f7cd1300446d87ab8a8125082237e945949ed67fce2ecedf00ff576,59008e01a9016b009700030319010000,,,,,False,,,,,,,,,,False,False
/battle/b_pl_tower/pl_btdpm.narc,/battle/b_pl_tower/pl_btdpm.narc!/member_00419,0,/battle/b_pl_tower/pl_btdpm.narc,149,419,,14364,14380,6704,6720,16,d3cd3a7d311ec6d1f69e7d9596348b4995f6e9064f7e5eac736551b710c30b86,5e00f700bc00b4006d00180ac1000000,,,,,False,,,,,,,,,,False,False
/battle/b_pl_tower/pl_btdpm.narc,/battle/b_pl_tower/pl_btdpm.narc!/member_00420,0,/battle/b_pl_tower/pl_btdpm.narc,149,420,,14380,14396,6720,6736,16,631acbb46f59d1a559b7dd5c57ed8f1675848c841ce4016b1132bd27d3504509,b5005500980171005600300fbf000000,,,,,False,,,,,,,,,,False,False
/battle/b_pl_tower/pl_btdpm.narc,/battle/b_pl_tower/pl_btdpm.narc!/member_00421,0,/battle/b_pl_tower/pl_btdpm.narc,149,421,,14396,14412,6736,6752,16,8319a1a560ea2c14fb520354d9482130157cf599de7dac7f4d1bfa61c689f0cc,ba0039003001aa01cf003014ff000000,,,,,False,,,,,,,,,,False,False
/battle/b_pl_tower/pl_btdpm.narc,/battle/b_pl_tower/pl_btdpm.narc!/member_00422,0,/battle/b_pl_tower/pl_btdpm.narc,149,422,,14412,14428,6752,6768,16,286f0f7da7fabd2aba33043474914427d8dea3d4152eb20c649c5dd5f7ce51bf,7f00940159009d000e000603c0000000,,,,,False,,,,,,,,,,False,False
/battle/b_pl_tower/pl_btdpm.narc,/battle/b_pl_tower/pl_btdpm.narc!/member_00423,0,/battle/b_pl_tower/pl_btdpm.narc,149,423,,14428,14444,6768,6784,16,c6d61b424a1cee155e5a6d5eb7a66a92bba587264b72b66a8f85a30488e8035c,d4009401a2010e00e2000608d5000000,,,,,False,,,,,,,,,,False,False
/battle/b_pl_tower/pl_btdpm.narc,/battle/b_pl_tower/pl_btdpm.narc!/member_00424,0,/battle/b_pl_tower/pl_btdpm.narc,149,424,,14444,14460,6784,6800,16,ced91d819bfab2833d8d755897d41169ba6dc8825204b80ce6359ef882cba6d8,d600e0000801cf00d5000a0de6000000,,,,,False,,,,,,,,,,False,False
/battle/b_pl_tower/pl_btdpm.narc,/battle/b_pl_tower/pl_btdpm.narc!/member_00425,0,/battle/b_pl_tower/pl_btdpm.narc,149,425,,14460,14476,6800,6816,16,13cf546d611d552ab031cb7b6d655ba3a6eaaaf966e2ae0b8c7545070ae177d5,d900a3007301a3014400030213010000,,,,,False,,,,,,,,,,False,False
/battle/b_pl_tower/pl_btdpm.narc,/battle/b_pl_tower/pl_btdpm.narc!/member_00426,0,/battle/b_pl_tower/pl_btdpm.narc,149,426,,14476,14492,6816,6832,16,088f6fe9097f2915dd1435bc1e85d043ec650c5e93e3e4d3a889be58ba6a1344,e500a801f2002e0044000a0d13010000,,,,,False,,,,,,,,,,False,False
/battle/b_pl_tower/pl_btdpm.narc,/battle/b_pl_tower/pl_btdpm.narc!/member_00427,0,/battle/b_pl_tower/pl_btdpm.narc,149,427,,14492,14508,6832,6848,16,db211adc08d1fac315f6406cca223611100bbdb5009bc2540f17b2a94b3998d3,e80059009d008e01c900060846010000,,,,,False,,,,,,,,,,False,False
/battle/b_pl_tower/pl_btdpm.narc,/battle/b_pl_tower/pl_btdpm.narc!/member_00428,0,/battle/b_pl_tower/pl_btdpm.narc,149,428,,14508,14524,6848,6864,16,fc4a80ee52bbc4a319cfd83af1de17e17880ec9099762c27cdf05029cf135cb4,410139003a00d5006800110f9e000000,,,,,False,,,,,,,,,,False,False
/battle/b_pl_tower/pl_btdpm.narc,/battle/b_pl_tower/pl_btdpm.narc!/member_00429,0,/battle/b_pl_tower/pl_btdpm.narc,149,429,,14524,14540,6864,6880,16,35b1f8ff909a7ed57963df593e9c23774bf737231331d7cb22e6260532168471,58015900ac01bf01b1012402c4000000,,,,,False,,,,,,,,,,False,False
/battle/b_pl_tower/pl_btdpm.narc,/battle/b_pl_tower/pl_btdpm.narc!/member_00430,0,/battle/b_pl_tower/pl_btdpm.narc,149,430,,14540,14556,6880,6896,16,0e25a8d261f80198a0c7e9864d8a019d5ce2091c701f8ede665edeb4a3486897,99019d000701f2006700030310010000,,,,,False,,,,,,,,,,False,False
/battle/b_pl_tower/pl_btdpm.narc,/battle/b_pl_tower/pl_btdpm.narc!/member_00431,0,/battle/b_pl_tower/pl_btdpm.narc,149,431,,14556,14572,6896,6912,16,aa1fb502a4df8aa54444802b408b30f8faf910ca1ddb17db85480ea1d9bc5ec3,b5014601ba019d00b1012408dd000000,,,,,False,,,,,,,,,,False,False
/battle/b_pl_tower/pl_btdpm.narc,/battle/b_pl_tower/pl_btdpm.narc!/member_00432,0,/battle/b_pl_tower/pl_btdpm.narc,149,432,,14572,14588,6912,6928,16,663e03a3b1184be45fd792881d8383900a78f02796370898e9405f5977691af5,c4018e01f20091016f0106039d000000,,,,,False,,,,,,,,,,False,False
/battle/b_pl_tower/pl_btdpm.narc,/battle/b_pl_tower/pl_btdpm.narc!/member_00433,0,/battle/b_pl_tower/pl_btdpm.narc,149,433,,14588,14604,6928,6944,16,793d0a5b45942ad15b3468d2faa92e2476332081b7686ca3cdaab6a2580e8fd1,9501a601f20050010c01030346010000,,,,,False,,,,,,,,,,False,False
/battle/b_pl_tower/pl_btdpm.narc,/battle/b_pl_tower/pl_btdpm.narc!/member_00434,0,/battle/b_pl_tower/pl_btdpm.narc,149,434,,14604,14620,6944,6960,16,2b3a2739f9f8e1f2c8822b98005d5269e15a854daba52a9e8ac778a3a4110dad,26007e004c00d500f100180ad5000000,,,,,False,,,,,,,,,,False,False
/battle/b_pl_tower/pl_btdpm.narc,/battle/b_pl_tower/pl_btdpm.narc!/member_00435,0,/battle/b_pl_tower/pl_btdpm.narc,149,435,,14620,14636,6960,6976,16,10e98bc69a26cbedc519c67ca726ff6528a07ce25c2b54f126e9b6b20e964ef5,4400ee005900a201c1000303e8000000,,,,,False,,,,,,,,,,False,False
/battle/b_pl_tower/pl_btdpm.narc,/battle/b_pl_tower/pl_btdpm.narc!/member_00436,0,/battle/b_pl_tower/pl_btdpm.narc,149,436,,14636,14652,6976,6992,16,7fda0091019aea5c03242f7a021ef2c421f747c5c248c49bbd3abb8ed763387b,d500bc01c201cf007b012508ff000000,,,,,False,,,,,,,,,,False,False
/battle/b_pl_tower/pl_btdpm.narc,/battle/b_pl_tower/pl_btdpm.narc!/member_00437,0,/battle/b_pl_tower/pl_btdpm.narc,149,437,,14652,14668,6992,7008,16,44fa040e46b9ebb723fb57a7cd845e41c7d724adab8365c2998d1995acc35496,9701bc0059014e00bd003014c0000000,,,,,False,,,,,,,,,,False,False
/battle/b_pl_tower/pl_btdpm.narc,/battle/b_pl_tower/pl_btdpm.narc!/member_00438,0,/battle/b_pl_tower/pl_btdpm.narc,149,438,,14668,14684,7008,7024,16,96e1b68a26767b909afd44fe60757fb84f9dafe74dc05ce9c54b222d6d13f22a,ae0190014c0103010d010303ba000000,,,,,False,,,,,,,,,,False,False
/battle/b_pl_tower/pl_btdpm.narc,/battle/b_pl_tower/pl_btdpm.narc!/member_00439,0,/battle/b_pl_tower/pl_btdpm.narc,149,439,,14684,14700,7024,7040,16,f6b9c352badbb02e083025d8769545b201783803083097dbcc122478d9afe007,d0005900ba01f200c9000608b9000000,,,,,False,,,,,,,,,,False,False
/battle/b_pl_tower/pl_btdpm.narc,/battle/b_pl_tower/pl_btdpm.narc!/member_00440,0,/battle/b_pl_tower/pl_btdpm.narc,149,440,,14700,14716,7040,7056,16,7fdbecbafefb832710ff9541076f7d28a1b9f8decc46e2929a95282598d69b15,cd01900108006700fc000a03bd000000,,,,,False,,,,,,,,,,False,False
/battle/b_pl_tower/pl_btdpm.narc,/battle/b_pl_tower/pl_btdpm.narc!/member_00441,0,/battle/b_pl_tower/pl_btdpm.narc,149,441,,14716,14732,7056,7072,16,bb00725350a350670587223bebab551f580f69df998f4deef5d71a3d15949ee6,d80159004c010e00e2000603bc000000,,,,,False,,,,,,,,,,False,False
/battle/b_pl_tower/pl_btdpm.narc,/battle/b_pl_tower/pl_btdpm.narc!/member_00442,0,/battle/b_pl_tower/pl_btdpm.narc,149,442,,14732,14748,7072,7088,16,5dee4e6089d59258e6ab60551414acf966bada7b353af44a2a9e8f3688906fba,49003900bc00c4007000180aba000000,,,,,False,,,,,,,,,,False,False
/battle/b_pl_tower/pl_btdpm.narc,/battle/b_pl_tower/pl_btdpm.narc!/member_00443,0,/battle/b_pl_tower/pl_btdpm.narc,149,443,,14748,14764,7088,7104,16,0b946d1bebc542d9524c60d9815f03e74485055093da3c5d731f51ff745e732a,8e009d004c0103010d010a0ddd000000,,,,,False,,,,,,,,,,False,False
/battle/b_pl_tower/pl_btdpm.narc,/battle/b_pl_tower/pl_btdpm.narc!/member_00444,0,/battle/b_pl_tower/pl_btdpm.narc,149,444,,14764,14780,7104,7120,16,a4a4a60ff13a158e74f9c51e9be7fdfb3a3bd1021bf4e5d4cbefa2191ab6d22e,e900a100c30156001601110f95000000,,,,,False,,,,,,,,,,False,False
/battle/b_pl_tower/pl_btdpm.narc,/battle/b_pl_tower/pl_btdpm.narc!/member_00445,0,/battle/b_pl_tower/pl_btdpm.narc,149,445,,14780,14796,7120,7136,16,3d7d50a765a28ac3b320ade65eaa8e76e2ed57e771fe00306aa4fb4c3a759126,cf01d8005900bb009c00031796000000,,,,,False,,,,,,,,,,False,False
/battle/b_pl_tower/pl_btdpm.narc,/battle/b_pl_tower/pl_btdpm.narc!/member_00446,0,/battle/b_pl_tower/pl_btdpm.narc,149,446,,14796,14812,7136,7152,16,f71b533f02cc4a11dcfd848c3e68b2357cfc2d5fb004fc2d4ba6fa887303c37d,d50144013a01c5006800180ac0000000,,,,,False,,,,,,,,,,False,False
/battle/b_pl_tower/pl_btdpm.narc,/battle/b_pl_tower/pl_btdpm.narc!/member_00447,0,/battle/b_pl_tower/pl_btdpm.narc,149,447,,14812,14828,7152,7168,16,b181746e8f5bfe2e9b0bb84d396f8172ec30884c9b99c901f41cc60491186407,1a015e00f70056006d0030149d000000,,,,,False,,,,,,,,,,False,False
/battle/b_pl_tower/pl_btdpm.narc,/battle/b_pl_tower/pl_btdpm.narc!/member_00448,0,/battle/b_pl_tower/pl_btdpm.narc,149,448,,14828,14844,7168,7184,16,7c9164f45826ca60f2a13ae5148f25e628e2c814fa3bf506a97bc69c074a1e60,db01ac01180156006d002217c4000000,,,,,False,,,,,,,,,,False,False
/battle/b_pl_tower/pl_btdpm.narc,/battle/b_pl_tower/pl_btdpm.narc!/member_00449,0,/battle/b_pl_tower/pl_btdpm.narc,149,449,,14844,14860,7184,7200,16,69e1da41c54fe4d9ff59461234897ffba76fca6d3f143b8efa0eb74dbeb9c131,67004c005e00eb00f100110fd5000000,,,,,False,,,,,,,,,,False,False
/battle/b_pl_tower/pl_btdpm.narc,/battle/b_pl_tower/pl_btdpm.narc!/member_00450,0,/battle/b_pl_tower/pl_btdpm.narc,149,450,,14860,14876,7200,7216,16,49965ba34530ad954533b437931add76ecc9271d89f52b587e45a3126eb54047,790039005e006d005600180a9d000000,,,,,False,,,,,,,,,,False,False
/battle/b_pl_tower/pl_btdpm.narc,/battle/b_pl_tower/pl_btdpm.narc!/member_00451,0,/battle/b_pl_tower/pl_btdpm.narc,149,451,,14876,14892,7216,7232,16,38f5a758086e6a5f3bcda808e2757c40a3af443805ae32edfe0f4a7835a77e61,4a01590051016301c9000a03bc000000,,,,,False,,,,,,,,,,False,False
/battle/b_pl_tower/pl_btdpm.narc,/battle/b_pl_tower/pl_btdpm.narc!/member_00452,0,/battle/b_pl_tower/pl_btdpm.narc,149,452,,14892,14908,7232,7248,16,baf746d846ed43c1e52ef74f9254717cf8c0ea5d758d36e2d8b49ce6cf1305ce,860039003a009700e200110fd5000000,,,,,False,,,,,,,,,,False,False
/battle/b_pl_tower/pl_btdpm.narc,/battle/b_pl_tower/pl_btdpm.narc!/member_00453,0,/battle/b_pl_tower/pl_btdpm.narc,149,453,,14908,14924,7248,7264,16,ee3f95fe61e3882320cd68b69b2d088edff350d3b22cfbf49aaed27cdf5eeb6d,8700550056006100e200180a13010000,,,,,False,,,,,,,,,,False,False
/battle/b_pl_tower/pl_btdpm.narc,/battle/b_pl_tower/pl_btdpm.narc!/member_00454,0,/battle/b_pl_tower/pl_btdpm.narc,149,454,,14924,14940,7264,7280,16,ead493c2eb2a26bcc2503535dc154a196fc8d87fa5b70ddafb9b44f86eb71dd8,8800a8011401ae00e2002203d9000000,,,,,False,,,,,,,,,,False,False
/battle/b_pl_tower/pl_btdpm.narc,/battle/b_pl_tower/pl_btdpm.narc!/member_00455,0,/battle/b_pl_tower/pl_btdpm.narc,149,455,,14940,14956,7280,7296,16,e21953342e3446db35603257080098279eb7bbb42ee1a574406cdb86fdda851f,c4005e0073005b01e200180a9d000000,,,,,False,,,,,,,,,,False,False
/battle/b_pl_tower/pl_btdpm.narc,/battle/b_pl_tower/pl_btdpm.narc!/member_00456,0,/battle/b_pl_tower/pl_btdpm.narc,149,456,,14956,14972,7296,7312,16,598d43b9e4db16604b3f10185033d37f911ca141e40fc340336cb08a3eff3a8d,c50073016d00ae00e2002417ea000000,,,,,False,,,,,,,,,,False,False
/battle/b_pl_tower/pl_btdpm.narc,/battle/b_pl_tower/pl_btdpm.narc!/member_00457,0,/battle/b_pl_tower/pl_btdpm.narc,149,457,,14972,14988,7312,7328,16,f788d1af1a5ef92bd82750de296bbae34cc5cd5dbd6131861acae266935df7c0,d6015c014c016800e2000a0de8000000,,,,,False,,,,,,,,,,False,False
/battle/b_pl_tower/pl_btdpm.narc,/battle/b_pl_tower/pl_btdpm.narc!/member_00458,0,/battle/b_pl_tower/pl_btdpm.narc,149,458,,14988,15004,7328,7344,16,1b2e09e0815d598a60ceee1e1968531486037952122fb225a892ba1205f523a2,d7013a0060016800e2003014ff000000,,,,,False,,,,,,,,,,False,False
/battle/b_pl_tower/pl_btdpm.narc,/battle/b_pl_tower/pl_btdpm.narc!/member_00459,0,/battle/b_pl_tower/pl_btdpm.narc,149,459,,15004,15020,7344,7360,16,21f2d2f8d099b8feda4fd85984050cb80a33b5330128f2f074b78b3ab46f2a99,c0018c01ae0160012e00180fd5000000,,,,,False,,,,,,,,,,False,False
/battle/b_pl_tower/pl_btdpm.narc,/battle/b_pl_tower/pl_btdpm.narc!/member_00460,0,/battle/b_pl_tower/pl_btdpm.narc,149,460,,15020,15036,7360,7376,16,6fb1237a96767ff7d1499f710eae707cd5ad6c17aeac9e04d3211c068ce9a833,c2015900f2002f01ae0006089c000000,,,,,False,,,,,,,,,,False,False
/battle/b_pl_tower/pl_btdpm.narc,/battle/b_pl_tower/pl_btdpm.narc!/member_00461,0,/battle/b_pl_tower/pl_btdpm.narc,149,461,,15036,15052,7376,7392,16,322ffca697cee7c9067ebe84e3c8e0c6077105ca891afa9f0de846712fdeb41b,dc01f600bb015600b600120295000000,,,,,False,,,,,,,,,,False,False
/battle/b_pl_tower/pl_btdpm.narc,/battle/b_pl_tower/pl_btdpm.narc!/member_00462,0,/battle/b_pl_tower/pl_btdpm.narc,149,462,,15052,15068,7392,7408,16,574728097150f95b77f6963a40183579c7532bef17ed7f62b01d3aafaa7eb336,dd01450176010501b101060216010000,,,,,False,,,,,,,,,,False,False
/battle/b_pl_tower/pl_btdpm.narc,/battle/b_pl_tower/pl_btdpm.narc!/member_00463,0,/battle/b_pl_tower/pl_btdpm.narc,149,463,,15068,15084,7408,7424,16,a72e0d00dfc312722762d8aa146501c381345df65ed749a0a043f37cb6123983,3201ba019d00c90067000603d9000000,,,,,False,,,,,,,,,,False,False
/battle/b_pl_tower/pl_btdpm.narc,/battle/b_pl_tower/pl_btdpm.narc!/member_00464,0,/battle/b_pl_tower/pl_btdpm.narc,149,464,,15084,15100,7424,7440,16,6ab42379221aaf03870a8235f696d85f19662c22228ab7e71194be02ec56d92d,6d01a7019101cf00e3000303bd000000,,,,,False,,,,,,,,,,False,False
/battle/b_pl_tower/pl_btdpm.narc,/battle/b_pl_tower/pl_btdpm.narc!/member_00465,0,/battle/b_pl_tower/pl_btdpm.narc,149,465,,15100,15116,7440,7456,16,a92133a781fc011a7e68630ccd873858e706c5cbf7d9e28e435cd63717a2a017,d9015900a7014000020103031a010000,,,,,False,,,,,,,,,,False,False
/battle/b_pl_tower/pl_btdpm.narc,/battle/b_pl_tower/pl_btdpm.narc!/member_00466,0,/battle/b_pl_tower/pl_btdpm.narc,149,466,,15116,15132,7456,7472,16,3cf26a0b9036ccd2fee02306b1d532691483f2d2b6279191eeada0f5d9653536,83009101a301a401ae000303ea000000,,,,,False,,,,,,,,,,False,False
/battle/b_pl_tower/pl_btdpm.narc,/battle/b_pl_tower/pl_btdpm.narc!/member_00467,0,/battle/b_pl_tower/pl_btdpm.narc,149,467,,15132,15148,7472,7488,16,c74c71ef2599bd202077eafc5bbe31eef9d15163e851b4cf478c4d2bd9ca5790,a900b8014c0163015f000a0dc1000000,,,,,False,,,,,,,,,,False,False
/battle/b_pl_tower/pl_btdpm.narc,/battle/b_pl_tower/pl_btdpm.narc!/member_00468,0,/battle/b_pl_tower/pl_btdpm.narc,149,468,,15148,15164,7488,7504,16,cedb205d53f9887be306e43f3439f72da4f3acd19c1bce0a548b219d6d7badcb,ce015500ad017100730014050d010000,,,,,False,,,,,,,,,,False,False
/battle/b_pl_tower/pl_btdpm.narc,/battle/b_pl_tower/pl_btdpm.narc!/member_00469,0,/battle/b_pl_tower/pl_btdpm.narc,149,469,,15164,15180,7504,7520,16,3f6ba59ec459befcf895d75e0d20281e5b2ebaae08546daa1c410b33def86224,d001b7015900f2002e000603e6000000,,,,,False,,,,,,,,,,False,False
/battle/b_pl_tower/pl_btdpm.narc,/battle/b_pl_tower/pl_btdpm.narc!/member_00470,0,/battle/b_pl_tower/pl_btdpm.narc,149,470,,15180,15196,7520,7536,16,5954b6a5d390fa676e56c74fc02d729b960637e683e4f3edcf7e35dceb08ad0d,d1019c01bc009b014f00140fc0000000,,,,,False,,,,,,,,,,False,False
/battle/b_pl_tower/pl_btdpm.narc,/battle/b_pl_tower/pl_btdpm.narc!/member_00471,0,/battle/b_pl_tower/pl_btdpm.narc,149,471,,15196,15212,7536,7552,16,9ed413a4d2886c63715da50874f0cd3b3ad030bd58efd1d4aaa4e9123050a5cc,da01a100f7001601b000110f9e000000,,,,,False,,,,,,,,,,False,False
/battle/b_pl_tower/pl_btdpm.narc,/battle/b_pl_tower/pl_btdpm.narc!/member_00472,0,/battle/b_pl_tower/pl_btdpm.narc,149,472,,15212,15228,7552,7568,16,e99f42d5bf1ecb6ed61a179ec643b63f87934038c4dd4106721537be8bfe4bc8,82009101a7012c00f000221747010000,,,,,False,,,,,,,,,,False,False
/battle/b_pl_tower/pl_btdpm.narc,/battle/b_pl_tower/pl_btdpm.narc!/member_00473,0,/battle/b_pl_tower/pl_btdpm.narc,149,473,,15228,15244,7568,7584,16,eb311750d89f9bb699caef4d4ef231e77d28658aad5afdbf3e524fae5bc86c29,8f00d8009d00ae0019010303ea000000,,,,,False,,,,,,,,,,False,False
/battle/b_pl_tower/pl_btdpm.narc,/battle/b_pl_tower/pl_btdpm.narc!/member_00474,0,/battle/b_pl_tower/pl_btdpm.narc,149,474,,15244,15260,7584,7600,16,afda73d78760d0587049742b106eda351d2b3bf8b23810e182133a54e4142200,e600390096016c00f000180a47010000,,,,,False,,,,,,,,,,False,False
/battle/b_pl_tower/pl_btdpm.narc,/battle/b_pl_tower/pl_btdpm.narc!/member_00475,0,/battle/b_pl_tower/pl_btdpm.narc,149,475,,15260,15276,7600,7616,16,7962a5932fbef74b91771fd83218a65fb23625eafc8626b956e51ad53c585852,f2003f00f70060012f00110fbd000000,,,,,False,,,,,,,,,,False,False
/battle/b_pl_tower/pl_btdpm.narc,/battle/b_pl_tower/pl_btdpm.narc!/member_00476,0,/battle/b_pl_tower/pl_btdpm.narc,149,476,,15276,15292,7616,7632,16,66305d66828a18f977a6df3a1da9abe08d7668819a2075e47deac2b935484380,5e0139003a00d5005f00110ffd000000,,,,,False,,,,,,,,,,False,False
/battle/b_pl_tower/pl_btdpm.narc,/battle/b_pl_tower/pl_btdpm.narc!/member_00477,0,/battle/b_pl_tower/pl_btdpm.narc,149,477,,15292,15308,7632,7648,16,3e2d5e54718177598c321c9d29bc39b9eec944eb2278a42614c66d4b331b924f,d2010900ee00560067000a0de8000000,,,,,False,,,,,,,,,,False,False
/battle/b_pl_tower/pl_btdpm.narc,/battle/b_pl_tower/pl_btdpm.narc!/member_00478,0,/battle/b_pl_tower/pl_btdpm.narc,149,478,,15308,15324,7648,7664,16,9894fe4b147546e870b24325f67b8b2be174e19d59fdedd920f9e9d4dc64b5dc,d3017e009b010501f100180f1c010000,,,,,False,,,,,,,,,,False,False
/battle/b_pl_tower/pl_btdpm.narc,/battle/b_pl_tower/pl_btdpm.narc!/member_00479,0,/battle/b_pl_tower/pl_btdpm.narc,149,479,,15324,15340,7664,7680,16,d67cfaa3e49305ec8066ed6ef5cbba5d704968224e14249c3af79a3e5776520b,d4018f00f5009901630122030f010000,,,,,False,,,,,,,,,,False,False
/battle/b_pl_tower/pl_btdpm.narc,/battle/b_pl_tower/pl_btdpm.narc!/member_00480,0,/battle/b_pl_tower/pl_btdpm.narc,149,480,,15340,15356,7680,7696,16,8e068d30ad968bfee0dab92515bfdb34a59dd6b7dd5f73b95ed0d3cb293e671a,3b00a801f500f20005010a0d9d000000,,,,,False,,,,,,,,,,False,False
/battle/b_pl_tower/pl_btdpm.narc,/battle/b_pl_tower/pl_btdpm.narc!/member_00481,0,/battle/b_pl_tower/pl_btdpm.narc,149,481,,15356,15372,7696,7712,16,acbc934db94aa9f513943468cc1e1f0daa3bb05acbcd458cad26ca44871fe11f,950051014c0156005d0122039d000000,,,,,False,,,,,,,,,,False,False
/battle/b_pl_tower/pl_btdpm.narc,/battle/b_pl_tower/pl_btdpm.narc!/member_00482,0,/battle/b_pl_tower/pl_btdpm.narc,149,482,,15372,15388,7712,7728,16,194472920f06591b7a87e7c66b99df21e79bd0b14b756f0c741f8d72cbc77430,f8009d007301a301ae002202e6000000,,,,,False,,,,,,,,,,False,False
/battle/b_pl_tower/pl_btdpm.narc,/battle/b_pl_tower/pl_btdpm.narc!/member_00483,0,/battle/b_pl_tower/pl_btdpm.narc,149,483,,15388,15404,7728,7744,16,bf2c69da648bd108070eb69ccd411888fb40ce13fcc0ad834be865d50dde7936,750151014c019101b8000a0395000000,,,,,False,,,,,,,,,,False,False
/battle/b_pl_tower/pl_btdpm.narc,/battle/b_pl_tower/pl_btdpm.narc!/member_00484,0,/battle/b_pl_tower/pl_btdpm.narc,149,484,,15404,15420,7744,7760,16,39bc91f911ce0bcdfd3a6f841e1c495b60a2e8501627a0fb2ea5ff7e5cf90fd3,7801ac01a201070171000603d5000000,,,,,False,,,,,,,,,,False,False
/battle/b_pl_tower/pl_btdpm.narc,/battle/b_pl_tower/pl_btdpm.narc!/member_00485,0,/battle/b_pl_tower/pl_btdpm.narc,149,485,,15420,15436,7760,7776,16,7117d34d94608154cef96ff9fd2a0abb5218e6170efebfccc68f87a6efa1954c,bd01510159006800c9000a0dd5000000,,,,,False,,,,,,,,,,False,False
/battle/b_pl_tower/pl_btdpm.narc,/battle/b_pl_tower/pl_btdpm.narc!/member_00486,0,/battle/b_pl_tower/pl_btdpm.narc,149,486,,15436,15452,7776,7792,16,1e99482416875a8e26c6e65f9190211304dbc36d7379bf882e79a8339b9b2e52,21010701a5012f0119010508ff000000,,,,,False,,,,,,,,,,False,False
/battle/b_pl_tower/pl_btdpm.narc,/battle/b_pl_tower/pl_btdpm.narc!/member_00487,0,/battle/b_pl_tower/pl_btdpm.narc,149,487,,15452,15468,7792,7808,16,048b014b431a563005a59fa67e7a5782bcd18e3d61736fc3b859d29d5065d5e3,0300ca00130149004f00250528010000,,,,,False,,,,,,,,,,False,False
/battle/b_pl_tower/pl_btdpm.narc,/battle/b_pl_tower/pl_btdpm.narc!/member_00488,0,/battle/b_pl_tower/pl_btdpm.narc,149,488,,15468,15484,7808,7824,16,042f457c829fa6ec172f4bfb2aaad8b3c1082d7857a9fab981f1e903ecd4345b,06003b014c000501f100180fd6000000,,,,,False,,,,,,,,,,False,False
/battle/b_pl_tower/pl_btdpm.narc,/battle/b_pl_tower/pl_btdpm.narc!/member_00489,0,/battle/b_pl_tower/pl_btdpm.narc,149,489,,15484,15500,7824,7840,16,7fb3f44df84d08229ecf996f0c43cbaa62f485a63aa784635e5b18adbe9dd2f6,09007f000801680088010303fd000000,,,,,False,,,,,,,,,,False,False
/battle/b_pl_tower/pl_btdpm.narc,/battle/b_pl_tower/pl_btdpm.narc!/member_00490,0,/battle/b_pl_tower/pl_btdpm.narc,149,490,,15500,15516,7840,7856,16,8a4318b6a60737ba26deca12fadff7db03717a33860fc167b252cd058f1c97be,9a00ca0049005c00a400251428010000,,,,,False,,,,,,,,,,False,False
/battle/b_pl_tower/pl_btdpm.narc,/battle/b_pl_tower/pl_btdpm.narc!/member_00491,0,/battle/b_pl_tower/pl_btdpm.narc,149,491,,15516,15532,7856,7872,16,430765113186486b1bf57fb1b113deee58a6edbf2397cccf215dc08080d2bd18,9d0033015900b300cb00120ccb000000,,,,,False,,,,,,,,,,False,False
/battle/b_pl_tower/pl_btdpm.narc,/battle/b_pl_tower/pl_btdpm.narc!/member_00492,0,/battle/b_pl_tower/pl_btdpm.narc,149,492,,15532,15548,7872,7888,16,7b321718a70d56363d91e41908f9a62ca172c51723203ad6eec12963d298b23b,a000910114015101a5010603d6000000,,,,,False,,,,,,,,,,False,False
/battle/b_pl_tower/pl_btdpm.narc,/battle/b_pl_tower/pl_btdpm.narc!/member_00493,0,/battle/b_pl_tower/pl_btdpm.narc,149,493,,15548,15564,7888,7904,16,2d09616fe1fa2ac228ab6999d2795b51549c665096e433cc1b3e6d0157770ecf,fe00ca0049005c006800180aea000000,,,,,False,,,,,,,,,,False,False
/battle/b_pl_tower/pl_btdpm.narc,/battle/b_pl_tower/pl_btdpm.narc!/member_00494,0,/battle/b_pl_tower/pl_btdpm.narc,149,494,,15564,15580,7904,7920,16,01a40025d6ef45f86c2309b6f11f66b1240ae946cefb03ae825d0945504d9a5b,010133019b014c00f100180ad5000000,,,,,False,,,,,,,,,,False,False
/battle/b_pl_tower/pl_btdpm.narc,/battle/b_pl_tower/pl_btdpm.narc!/member_00495,0,/battle/b_pl_tower/pl_btdpm.narc,149,495,,15580,15596,7920,7936,16,01e8c0605a10efa35798eea97f3fcd59d2bc940cf36f5b087744756a5dc54d44,0401910159006701ae0003039d000000,,,,,False,,,,,,,,,,False,False
/battle/b_pl_tower/pl_btdpm.narc,/battle/b_pl_tower/pl_btdpm.narc!/member_00496,0,/battle/b_pl_tower/pl_btdpm.narc,149,496,,15596,15612,7936,7952,16,df65e0d8520256cd975c6fe8fb1884414143008efdee91ef6e97b5d840e94b40,8501ca004900eb0085002516ea000000,,,,,False,,,,,,,,,,False,False
/battle/b_pl_tower/pl_btdpm.narc,/battle/b_pl_tower/pl_btdpm.narc!/member_00497,0,/battle/b_pl_tower/pl_btdpm.narc,149,497,,15612,15628,7952,7968,16,84ced83c44badeb2b7102cddb6f0695cded421f275396b78e9844a27ca3ea0a9,88012b01a5010900b9010a030a010000,,,,,False,,,,,,,,,,False,False
/battle/b_pl_tower/pl_btdpm.narc,/battle/b_pl_tower/pl_btdpm.narc!/member_00498,0,/battle/b_pl_tower/pl_btdpm.narc,149,498,,15628,15644,7968,7984,16,d2253d1d5de777b329232c0cdfa939434366be3683155540368cd73be3940835,8b014100c501a5019d00220346010000,,,,,False,,,,,,,,,,False,False
/battle/b_pl_tower/pl_btdpm.narc,/battle/b_pl_tower/pl_btdpm.narc!/member_00499,0,/battle/b_pl_tower/pl_btdpm.narc,149,499,,15644,15660,7984,8000,16,f6eb8544046bedeabae766fa881242f1d796a369fc5d14f4175458f2ac0fa46e,33009e01bc00a100c900180fff000000,,,,,False,,,,,,,,,,False,False
/battle/b_pl_tower/pl_btdpm.narc,/battle/b_pl_tower/pl_btdpm.narc!/member_00500,0,/battle/b_pl_tower/pl_btdpm.narc,149,500,,15660,15676,8000,8016,16,15aeee6139cb7187ec8cf2e23e3ad9b288f1467982f9e76c8f250b4020eb5ad8,6900c600070009009d00060302010000,,,,,False,,,,,,,,,,False,False
/battle/b_pl_tower/pl_btdpm.narc,/battle/b_pl_tower/pl_btdpm.narc!/member_00501,0,/battle/b_pl_tower/pl_btdpm.narc,149,501,,15676,15692,8016,8032,16,27f79f8eeb26d05b8550c24aa50491f3392ddfae99e5c482aef605e1a5a71dba,340199018e01c50069000a0d95000000,,,,,False,,,,,,,,,,False,False
/battle/b_pl_tower/pl_btdpm.narc,/battle/b_pl_tower/pl_btdpm.narc!/member_00502,0,/battle/b_pl_tower/pl_btdpm.narc,149,502,,15692,15708,8032,8048,16,a94b7fd61e625539e239412acc60efb4d45f53f5d4b029301ab15a7ff94d5174,c30023011901ae0085002517ea000000,,,,,False,,,,,,,,,,False,False
/battle/b_pl_tower/pl_btdpm.narc,/battle/b_pl_tower/pl_btdpm.narc!/member_00503,0,/battle/b_pl_tower/pl_btdpm.narc,149,503,,15708,15724,8048,8064,16,34ec73b50e781d3776b9b0def089f2e4ffb357e61d60ad2dab531e410ec384e2,d2000701a801a601a7010303d9000000,,,,,False,,,,,,,,,,False,False
/battle/b_pl_tower/pl_btdpm.narc,/battle/b_pl_tower/pl_btdpm.narc!/member_00504,0,/battle/b_pl_tower/pl_btdpm.narc,149,504,,15724,15740,8064,8080,16,cc5c07264e37119e73ab231b16f27b7856e8e679d5a692f994c95d07fb9c2bfa,7c008a008e00c300d4003014ff000000,,,,,False,,,,,,,,,,False,False
/battle/b_pl_tower/pl_btdpm.narc,/battle/b_pl_tower/pl_btdpm.narc!/member_00505,0,/battle/b_pl_tower/pl_btdpm.narc,149,505,,15740,15756,8080,8096,16,aacd7c3f3e63dcfaf750937fac26ae74edd527106e22fff769c600b1d9bd064e,7a008a005f007100730030140d010000,,,,,False,,,,,,,,,,False,False
/battle/b_pl_tower/pl_btdpm.narc,/battle/b_pl_tower/pl_btdpm.narc!/member_00506,0,/battle/b_pl_tower/pl_btdpm.narc,149,506,,15756,15772,8096,8112,16,fd7640ff671e4c02940856826f4063449c0d1742bf47b450d6c5c97ae7725d21,ab0023016d005600d50021149d000000,,,,,False,,,,,,,,,,False,False
/battle/b_pl_tower/pl_btdpm.narc,/battle/b_pl_tower/pl_btdpm.narc!/member_00507,0,/battle/b_pl_tower/pl_btdpm.narc,149,507,,15772,15788,8112,8128,16,82f643d031bd611adf176544aafa59ffd323a2bfd8954dde6e230d8f8f600596,1e019901ca00eb004900120228010000,,,,,False,,,,,,,,,,False,False
/battle/b_pl_tower/pl_btdpm.narc,/battle/b_pl_tower/pl_btdpm.narc!/member_00508,0,/battle/b_pl_tower/pl_btdpm.narc,149,508,,15788,15804,8128,8144,16,57f05a217acacb7f4d7fb667bd1f15213663accdecf68b10798bb08caf7b9487,cd007301be018601bf0006029e000000,,,,,False,,,,,,,,,,False,False
/battle/b_pl_tower/pl_btdpm.narc,/battle/b_pl_tower/pl_btdpm.narc!/member_00509,0,/battle/b_pl_tower/pl_btdpm.narc,149,509,,15804,15820,8144,8160,16,e4e917509fe2101cee143d5e59b250fd7ab752d697e13fdae1244f7ba81525e1,e30013005c00680063012517ea000000,,,,,False,,,,,,,,,,False,False
/battle/b_pl_tower/pl_btdpm.narc,/battle/b_pl_tower/pl_btdpm.narc!/member_00510,0,/battle/b_pl_tower/pl_btdpm.narc,149,510,,15820,15836,8160,8176,16,86c7503ad178104e8c31cfd64361933430138d8214f3b5ae6b43f7eeb3397024,67018201cf00d50056000303d9000000,,,,,False,,,,,,,,,,False,False
/battle/b_pl_tower/pl_btdpm.narc,/battle/b_pl_tower/pl_btdpm.narc!/member_00511,0,/battle/b_pl_tower/pl_btdpm.narc,149,511,,15836,15852,8176,8192,16,1f048105524b9b1d6382872105352b4fab1183a0b06d611b46f41ff5b0bcfadf,5401910159009d00250003039c000000,,,,,False,,,,,,,,,,False,False
/battle/b_pl_tower/pl_btdpm.narc,/battle/b_pl_tower/pl_btdpm.narc!/member_00512,0,/battle/b_pl_tower/pl_btdpm.narc,149,512,,15852,15868,8192,8208,16,787ded0be883dfcb10f748a8fa3351ae129a3c98b576b824038380bde7129efc,2901170173017601fc00030316010000,,,,,False,,,,,,,,,,False,False
/battle/b_pl_tower/pl_btdpm.narc,/battle/b_pl_tower/pl_btdpm.narc!/member_00513,0,/battle/b_pl_tower/pl_btdpm.narc,149,513,,15868,15884,8208,8224,16,40ceb4866f494f8efbe3c65ee15e8293db0739c365d7fd05154a6c2566b553f0,a00194015c00c801c20025179c000000,,,,,False,,,,,,,,,,False,False
/battle/b_pl_tower/pl_btdpm.narc,/battle/b_pl_tower/pl_btdpm.narc!/member_00514,0,/battle/b_pl_tower/pl_btdpm.narc,149,514,,15884,15900,8224,8240,16,10be52c38113d85988e61220e1dde8c11d934a2109de53eeb3e9cda16ffd3c1b,1a0009000801ba0056000a0de6000000,,,,,False,,,,,,,,,,False,False
/battle/b_pl_tower/pl_btdpm.narc,/battle/b_pl_tower/pl_btdpm.narc!/member_00515,0,/battle/b_pl_tower/pl_btdpm.narc,149,515,,15900,15916,8240,8256,16,9efca6fee0937a9106d7ef3988e6684678de3b443bdab4f9006f7b04e2f1983f,57003a004401e30032003014ba000000,,,,,False,,,,,,,,,,False,False
/battle/b_pl_tower/pl_btdpm.narc,/battle/b_pl_tower/pl_btdpm.narc!/member_00516,0,/battle/b_pl_tower/pl_btdpm.narc,149,516,,15916,15932,8256,8272,16,a458620b7ee9a38febff3d98ae1ece8175cb38e1e15aaf8bf1f82146bf0a35aa,360157003f005600f000180f1d010000,,,,,False,,,,,,,,,,False,False
/battle/b_pl_tower/pl_btdpm.narc,/battle/b_pl_tower/pl_btdpm.narc!/member_00517,0,/battle/b_pl_tower/pl_btdpm.narc,149,517,,15932,15948,8272,8288,16,345e4d201ff8bc1b0f699203ebb3e5dd3e8ff5d79dd715b0a076d214ef12c6c6,8e011b014c01cb0062000a0ddd000000,,,,,False,,,,,,,,,,False,False
/battle/b_pl_tower/pl_btdpm.narc,/battle/b_pl_tower/pl_btdpm.narc!/member_00518,0,/battle/b_pl_tower/pl_btdpm.narc,149,518,,15948,15964,8288,8304,16,7f0cf7abf0a80a765fd1418a3f3a6ddff81944f8aae5b76fdae2e8d01f530d3b,a7014a01aa0169001901301614010000,,,,,False,,,,,,,,,,False,False
/battle/b_pl_tower/pl_btdpm.narc,/battle/b_pl_tower/pl_btdpm.narc!/member_00519,0,/battle/b_pl_tower/pl_btdpm.narc,149,519,,15964,15980,8304,8320,16,cbf375916e6a45e9d45702d0e75b42234af281d7efc15ea7656b4ccec73e68ce,b301f2005c00cf006800090d96000000,,,,,False,,,,,,,,,,False,False
/battle/b_pl_tower/pl_btdpm.narc,/battle/b_pl_tower/pl_btdpm.narc!/member_00520,0,/battle/b_pl_tower/pl_btdpm.narc,149,520,,15980,15996,8320,8336,16,03708e2121270caa09e0bcdeb829630b2f0b2e0b8a9eb1cfa411711a73f524f8,2d005c00bf016800d500250519010000,,,,,False,,,,,,,,,,False,False
/battle/b_pl_tower/pl_btdpm.narc,/battle/b_pl_tower/pl_btdpm.narc!/member_00521,0,/battle/b_pl_tower/pl_btdpm.narc,149,521,,15996,16012,8336,8352,16,3e027ace7a7430de3a7ed2a8bc873bf8c485177e2d3630d2cc9d7ae1891bcbc0,47009201ff000001fe00030319010000,,,,,False,,,,,,,,,,False,False
/battle/b_pl_tower/pl_btdpm.narc,/battle/b_pl_tower/pl_btdpm.narc!/member_00522,0,/battle/b_pl_tower/pl_btdpm.narc,149,522,,16012,16028,8352,8368,16,75eb9e08e54e9742eedf42a8c172b7330d40a6ff7069cec9b1df31790fe809e6,6500c30156009400cf00180ad5000000,,,,,False,,,,,,,,,,False,False
/battle/b_pl_tower/pl_btdpm.narc,/battle/b_pl_tower/pl_btdpm.narc!/member_00523,0,/battle/b_pl_tower/pl_btdpm.narc,149,523,,16028,16044,8368,8384,16,df2139509bc61e3112cfcc28ed6085d79de1c44d410866fa52611925b548617c,100149005c006800f0002508ea000000,,Nintendo LZ10,Probable,,True,Nintendo LZ10,Probable,True,18689,False,,,,,False,False
/battle/b_pl_tower/pl_btdpm.narc,/battle/b_pl_tower/pl_btdpm.narc!/member_00524,0,/battle/b_pl_tower/pl_btdpm.narc,149,524,,16044,16060,8384,8400,16,1d5f46d6c8bedd3692475c46563bc1de8a50e970fab1c3f01ed7d2a48c4801a5,1301ca0049006800eb002514ea000000,,,,,False,,,,,,,,,,False,False
/battle/b_pl_tower/pl_btdpm.narc,/battle/b_pl_tower/pl_btdpm.narc!/member_00525,0,/battle/b_pl_tower/pl_btdpm.narc,149,525,,16060,16076,8400,8416,16,3d2eae068e59d91c04ed20bf25aabd5fe8a98896dad117242a5de1458fe70ea7,2701070107000900080003030e010000,,,,,False,,,,,,,,,,False,False
/battle/b_pl_tower/pl_btdpm.narc,/battle/b_pl_tower/pl_btdpm.narc!/member_00526,0,/battle/b_pl_tower/pl_btdpm.narc,149,526,,16076,16092,8416,8432,16,49d88ba98098669212c1900c641332d62ae5bebf95c2f0c4c62a6c45c1d035b3,6a01a701f2005900990003039d000000,,,,,False,,,,,,,,,,False,False
/battle/b_pl_tower/pl_btdpm.narc,/battle/b_pl_tower/pl_btdpm.narc!/member_00527,0,/battle/b_pl_tower/pl_btdpm.narc,149,527,,16092,16108,8432,8448,16,7343d76d1432bb196e8e8a8595d74447867c755305dfd34555b7a5f72eefaf8f,ac010801ba00d5005600090dd5000000,,,,,False,,,,,,,,,,False,False
/battle/b_pl_tower/pl_btdpm.narc,/battle/b_pl_tower/pl_btdpm.narc!/member_00528,0,/battle/b_pl_tower/pl_btdpm.narc,149,528,,16108,16124,8448,8464,16,2cd3fa4269308ec0510dd463678dc6f42a7b6a87276aba6f64ea34e025c02102,de0108008501cf00f4000a03e6000000,,,,,False,,,,,,,,,,False,False
/battle/b_pl_tower/pl_btdpm.narc,/battle/b_pl_tower/pl_btdpm.narc!/member_00529,0,/battle/b_pl_tower/pl_btdpm.narc,149,529,,16124,16140,8464,8480,16,a176d8b4dc046edaad113c1bd006ef5205bf57a4d9321f6b8460999e3aac1546,a80183015600b600fc000a0d15010000,,,,,False,,,,,,,,,,False,False
/battle/b_pl_tower/pl_btdpm.narc,/battle/b_pl_tower/pl_btdpm.narc!/member_00530,0,/battle/b_pl_tower/pl_btdpm.narc,149,530,,16140,16156,8480,8496,16,ed41d701762b719a67ee468ceedd0e7dd3a4500be10bc68c43322a77a8806831,61008a00ab0099015f0030009c000000,,,,,False,,,,,,,,,,False,False
/battle/b_pl_tower/pl_btdpm.narc,/battle/b_pl_tower/pl_btdpm.narc!/member_00531,0,/battle/b_pl_tower/pl_btdpm.narc,149,531,,16156,16172,8496,8512,16,58009e561898a8a16912279a938f813dca7b60edb7971c896f34d41ca3d86fe1,4c0059001401070009000603d6000000,,,,,False,,,,,,,,,,False,False
/battle/b_pl_tower/pl_btdpm.narc,/battle/b_pl_tower/pl_btdpm.narc!/member_00532,0,/battle/b_pl_tower/pl_btdpm.narc,149,532,,16172,16188,8512,8528,16,4fa7a0b0a446b112a0e6b69e011e63f72c1ee7010cbef36a52b91d44e04bd599,70005900070009000800060313010000,,,,,False,,,,,,,,,,False,False
/battle/b_pl_tower/pl_btdpm.narc,/battle/b_pl_tower/pl_btdpm.narc!/member_00533,0,/battle/b_pl_tower/pl_btdpm.narc,149,533,,16188,16204,8528,8544,16,dbfc6befe3e426e5fd0d05fbbc9a471a655712e44293eda01c62ff7ea1d3deea,5000ac0191015900a30103030c010000,,,,,False,,,,,,,,,,False,False
/battle/b_pl_tower/pl_btdpm.narc,/battle/b_pl_tower/pl_btdpm.narc!/member_00534,0,/battle/b_pl_tower/pl_btdpm.narc,149,534,,16204,16220,8544,8560,16,55515400f801fd6862d85aaf6e302e3728fe145fb5f432cf334e0e9ac7d4b4ca,6e00ca0173015c00cf0006039e000000,,,,,False,,,,,,,,,,False,False
/battle/b_pl_tower/pl_btdpm.narc,/battle/b_pl_tower/pl_btdpm.narc!/member_00535,0,/battle/b_pl_tower/pl_btdpm.narc,149,535,,16220,16236,8560,8576,16,409b5f2ea3f92882b688491d399dc8da7bb7406b69b8535a3896bede6bc98807,73009200070009000800030346010000,,,,,False,,,,,,,,,,False,False
/battle/b_pl_tower/pl_btdpm.narc,/battle/b_pl_tower/pl_btdpm.narc!/member_00536,0,/battle/b_pl_tower/pl_btdpm.narc,149,536,,16236,16252,8576,8592,16,e218d65a78cd5f3cee268acf6e4ea9f8f7668da2a8320e24809e63312b10f580,8000070159009d0073010a030e010000,,,,,False,,,,,,,,,,False,False
/battle/b_pl_tower/pl_btdpm.narc,/battle/b_pl_tower/pl_btdpm.narc!/member_00537,0,/battle/b_pl_tower/pl_btdpm.narc,149,537,,16252,16268,8592,8608,16,c11b379ed86c3d32ba684d77422e47dffe2a395862e7dad79e539d95380b1245,41005e009b01c3016900180fc6000000,,,,,False,,,,,,,,,,False,False
/battle/b_pl_tower/pl_btdpm.narc,/battle/b_pl_tower/pl_btdpm.narc!/member_00538,0,/battle/b_pl_tower/pl_btdpm.narc,149,538,,16268,16284,8608,8624,16,a379607e8d39950d965e7207bb169fb0dbf04b4e2204aaf01a541f29ad1891dc,c700ac0191015900ae000303d9000000,,,,,False,,,,,,,,,,False,False
/battle/b_pl_tower/pl_btdpm.narc,/battle/b_pl_tower/pl_btdpm.narc!/member_00539,0,/battle/b_pl_tower/pl_btdpm.narc,149,539,,16284,16300,8624,8640,16,1c7249161d9fea80f2d0e6aae2710c148a191aa8fe4e00b493f443cb2db24487,f1000701ac01b300cb000a03cb000000,,,,,False,,,,,,,,,,False,False
/battle/b_pl_tower/pl_btdpm.narc,/battle/b_pl_tower/pl_btdpm.narc!/member_00540,0,/battle/b_pl_tower/pl_btdpm.narc,149,540,,16300,16316,8640,8656,16,a4afe0d8897477e4dcc84a86c4f23d4acd97931787016f31734965381fe4c147,4e019601d2012f00c300300ffd000000,,,,,False,,,,,,,,,,False,False
/battle/b_pl_tower/pl_btdpm.narc,/battle/b_pl_tower/pl_btdpm.narc!/member_00541,0,/battle/b_pl_tower/pl_btdpm.narc,149,541,,16316,16332,8656,8672,16,a71f5302d88d6211e7a8faf4e6e537f9fdea6b7e1c54ff8bb00a6718973da472,c601df008e01090008000a0309010000,,,,,False,,,,,,,,,,False,False
/battle/b_pl_tower/pl_btdpm.narc,/battle/b_pl_tower/pl_btdpm.narc!/member_00542,0,/battle/b_pl_tower/pl_btdpm.narc,149,542,,16332,16348,8672,8688,16,90af3fc3ad9e3470f5bb1e187cfa8163e099f15781c89b385321ec9aebbaca21,cc01ca00490113014900250528010000,,,,,False,,,,,,,,,,False,False
/battle/b_pl_tower/pl_btdpm.narc,/battle/b_pl_tower/pl_btdpm.narc!/member_00543,0,/battle/b_pl_tower/pl_btdpm.narc,149,543,,16348,16364,8688,8704,16,2e1c8814090dd22292de06e026e95b501018a4195707a83539ab2ee103f15cd2,1f008e010700090008000303e8000000,,,,,False,,,,,,,,,,False,False
/battle/b_pl_tower/pl_btdpm.narc,/battle/b_pl_tower/pl_btdpm.narc!/member_00544,0,/battle/b_pl_tower/pl_btdpm.narc,149,544,,16364,16380,8704,8720,16,b8ec4683c5320613a268dd99391f6ca3953042a6fb984190bc571851d0d469d3,2200080196012000a4002517d5000000,,,,,False,,,,,,,,,,False,False
/battle/b_pl_tower/pl_btdpm.narc,/battle/b_pl_tower/pl_btdpm.narc!/member_00545,0,/battle/b_pl_tower/pl_btdpm.narc,149,545,,16380,16396,8720,8736,16,5e5bf6a1ce06e0b8f217b9b45fd05603cfd581f12716d7dcd6fd9f86a26b1c1a,5a015c00fe00680013012508ea000000,,,,,False,,,,,,,,,,False,False
/battle/b_pl_tower/pl_btdpm.narc,/battle/b_pl_tower/pl_btdpm.narc!/member_00546,0,/battle/b_pl_tower/pl_btdpm.narc,149,546,,16396,16412,8736,8752,16,dcd7374abdd192382a4c56522fe742cdb357c3a9d6d6a0e693c1522e46bcd0bf,5c01320191014c01cf002203e8000000,,,,,False,,,,,,,,,,False,False
/battle/b_pl_tower/pl_btdpm.narc,/battle/b_pl_tower/pl_btdpm.narc!/member_00547,0,/battle/b_pl_tower/pl_btdpm.narc,149,547,,16412,16428,8752,8768,16,2ac3f9879fc4e26c91c1f3e5a3b1f2fe3c548b3d60b642e5ae8e2cfd415861b6,9b01f600350055003a00110f9c000000,,,,,False,,,,,,,,,,False,False
/battle/b_pl_tower/pl_btdpm.narc,/battle/b_pl_tower/pl_btdpm.narc!/member_00548,0,/battle/b_pl_tower/pl_btdpm.narc,149,548,,16428,16444,8768,8784,16,edf5578d82dd9ad7282a8567cabb224d4efb38c5c13aa1c9e32c2325df0272c7,a3017f0008016800d5000a0d96000000,,,,,False,,,,,,,,,,False,False
/battle/b_pl_tower/pl_btdpm.narc,/battle/b_pl_tower/pl_btdpm.narc!/member_00549,0,/battle/b_pl_tower/pl_btdpm.narc,149,549,,16444,16460,8784,8800,16,0464e941ff97673b0d40755bd3d83995618662bf69126379124c7ad6c186c3b6,ad01f7006d00c300d400300f9d000000,,,,,False,,,,,,,,,,False,False
/battle/b_pl_tower/pl_btdpm.narc,/battle/b_pl_tower/pl_btdpm.narc!/member_00550,0,/battle/b_pl_tower/pl_btdpm.narc,149,550,,16460,16476,8800,8816,16,60537db4688eb55ed78a332a022e170cf065cbb15d7e3a2d76bef53f82fe07bb,aa017301070105010f01030319010000,,,,,False,,,,,,,,,,False,False
/battle/b_pl_tower/pl_btdpm.narc,/battle/b_pl_tower/pl_btdpm.narc!/member_00551,0,/battle/b_pl_tower/pl_btdpm.narc,149,551,,16476,16492,8816,8832,16,8448656c053d708cdbe59637b1b5a28ec58711be654c65e8ec796c999405b79a,37007f00aa01a5014c010a03fd000000,,,,,False,,,,,,,,,,False,False
/battle/b_pl_tower/pl_btdpm.narc,/battle/b_pl_tower/pl_btdpm.narc!/member_00552,0,/battle/b_pl_tower/pl_btdpm.narc,149,552,,16492,16508,8832,8848,16,c9a73138eb9e33edf28695ce58dae6752195af71c4474ad3b08712f562814da4,3e007f00df008e0153010303ff000000,,,,,False,,,,,,,,,,False,False
/battle/b_pl_tower/pl_btdpm.narc,/battle/b_pl_tower/pl_btdpm.narc!/member_00553,0,/battle/b_pl_tower/pl_btdpm.narc,149,553,,16508,16524,8848,8864,16,e4c4fb0e26ddb3adb1af1a5e1a085c7623f6e8e28660eb8318fabeee119c5303,4e003b014c008100f100180fd6000000,,,,,False,,,,,,,,,,False,False
/battle/b_pl_tower/pl_btdpm.narc,/battle/b_pl_tower/pl_btdpm.narc!/member_00554,0,/battle/b_pl_tower/pl_btdpm.narc,149,554,,16524,16540,8864,8880,16,100c41b22e7790f38aa2fff068d0e446824ac492f4aaf9af51e025dfcd0caf0d,59008e0107000900080003030c010000,,,,,False,,,,,,,,,,False,False
/battle/b_pl_tower/pl_btdpm.narc,/battle/b_pl_tower/pl_btdpm.narc!/member_00555,0,/battle/b_pl_tower/pl_btdpm.narc,149,555,,16540,16556,8880,8896,16,b896cbee661781ac3e0fe79b898193312d173737461ec3db23a24303f48235d6,5e00f7008a005f00a400180f0e010000,,,,,False,,,,,,,,,,False,False
/battle/b_pl_tower/pl_btdpm.narc,/battle/b_pl_tower/pl_btdpm.narc!/member_00556,0,/battle/b_pl_tower/pl_btdpm.narc,149,556,,16556,16572,8896,8912,16,d0faed8c9ab89c8a8f75f2e88358c4bd6b06c2734748d52336cec26a0a76eac3,b5000900070008015600221795000000,,,,,False,,,,,,,,,,False,False
/battle/b_pl_tower/pl_btdpm.narc,/battle/b_pl_tower/pl_btdpm.narc!/member_00557,0,/battle/b_pl_tower/pl_btdpm.narc,149,557,,16572,16588,8912,8928,16,6fe793e57bd114353e1ac348231d2e362086d948e7e497568022271feff662e9,ba00230118015f00c300030896000000,,,,,False,,,,,,,,,,False,False
/battle/b_pl_tower/pl_btdpm.narc,/battle/b_pl_tower/pl_btdpm.narc!/member_00558,0,/battle/b_pl_tower/pl_btdpm.narc,149,558,,16588,16604,8928,8944,16,286d6ffbe022620c15f501d619e832f1d4120b1c634ac52e574ea8fe86bf39e0,7f0094011701af00cb000a0dcb000000,,,,,False,,,,,,,,,,False,False
/battle/b_pl_tower/pl_btdpm.narc,/battle/b_pl_tower/pl_btdpm.narc!/member_00559,0,/battle/b_pl_tower/pl_btdpm.narc,149,559,,16604,16620,8944,8960,16,e50c94a8552721eb86efcd4500b18941f15a902504c461b3f4998b7b5e18d42a,d400e80090014e01630122179e000000,,,,,False,,,,,,,,,,False,False
/battle/b_pl_tower/pl_btdpm.narc,/battle/b_pl_tower/pl_btdpm.narc!/member_00560,0,/battle/b_pl_tower/pl_btdpm.narc,149,560,,16620,16636,8960,8976,16,898f4c8499269ca6b36181acfee252134ead2196c02e15874b7e5ccac8fa3bbc,d60072014c01900153012203e8000000,,,,,False,,,,,,,,,,False,False
/battle/b_pl_tower/pl_btdpm.narc,/battle/b_pl_tower/pl_btdpm.narc!/member_00561,0,/battle/b_pl_tower/pl_btdpm.narc,149,561,,16636,16652,8976,8992,16,5fafeb98ff6b8e98c55ac48028b9cd367021e632241caace1d2f8cef2de0e819,d900670107000900080003030e010000,,,,,False,,,,,,,,,,False,False
/battle/b_pl_tower/pl_btdpm.narc,/battle/b_pl_tower/pl_btdpm.narc!/member_00562,0,/battle/b_pl_tower/pl_btdpm.narc,149,562,,16652,16668,8992,9008,16,afb5fca36271be2af21f3050a7ad11921f3711d768e3c0a14a43d3649908b182,e500a801a601b300cb000a0d13010000,,,,,False,,,,,,,,,,False,False
/battle/b_pl_tower/pl_btdpm.narc,/battle/b_pl_tower/pl_btdpm.narc!/member_00563,0,/battle/b_pl_tower/pl_btdpm.narc,149,563,,16668,16684,9008,9024,16,2bf2f15a4c76989ff129e7b1db46e39fb5797e3a527efc3e041758febad86a57,e80059001401b90144000603d6000000,,,,,False,,,,,,,,,,False,False
/battle/b_pl_tower/pl_btdpm.narc,/battle/b_pl_tower/pl_btdpm.narc!/member_00564,0,/battle/b_pl_tower/pl_btdpm.narc,149,564,,16684,16700,9024,9040,16,d021223e6cbc6be208794afb3416f059d53c244500693bb3b5c8d45d0b98908c,4101fa005c0085009c00250896000000,,,,,False,,,,,,,,,,False,False
/battle/b_pl_tower/pl_btdpm.narc,/battle/b_pl_tower/pl_btdpm.narc!/member_00565,0,/battle/b_pl_tower/pl_btdpm.narc,149,565,,16700,16716,9040,9056,16,9d6681575d41e02b6b5736714e8d55a83cbfe82a0de531ef7b5a0406db0b8c78,58019e01f6004401f700140fbb000000,,,,,False,,,,,,,,,,False,False
/battle/b_pl_tower/pl_btdpm.narc,/battle/b_pl_tower/pl_btdpm.narc!/member_00566,0,/battle/b_pl_tower/pl_btdpm.narc,149,566,,16716,16732,9056,9072,16,f127ca5705b220ffac3c177fb8e0a3e06b20821326cbe2c3de7441dde67e8d2d,9901bc017301a3017601030216010000,,,,,False,,,,,,,,,,False,False
/battle/b_pl_tower/pl_btdpm.narc,/battle/b_pl_tower/pl_btdpm.narc!/member_00567,0,/battle/b_pl_tower/pl_btdpm.narc,149,567,,16732,16748,9072,9088,16,754efae676922a62fb3fbd444f125bc06e827547fc0583dbab488df6f4dda888,b5018a005f004401b10124149d000000,,,,,False,,,,,,,,,,False,False
/battle/b_pl_tower/pl_btdpm.narc,/battle/b_pl_tower/pl_btdpm.narc!/member_00568,0,/battle/b_pl_tower/pl_btdpm.narc,149,568,,16748,16764,9088,9104,16,7a4f84aecf5d162d43973fae9904b536576c038b912d0dc3e5ff3bdfdbc16a3e,c40173018e0176011a01060316010000,,,,,False,,,,,,,,,,False,False
/battle/b_pl_tower/pl_btdpm.narc,/battle/b_pl_tower/pl_btdpm.narc!/member_00569,0,/battle/b_pl_tower/pl_btdpm.narc,149,569,,16764,16780,9104,9120,16,168b45a0e129bc425c845304ed8e05a55045a3e55405cfc906f4c89c5e05ab58,95015500440156008901110f0b010000,,,,,False,,,,,,,,,,False,False
/battle/b_pl_tower/pl_btdpm.narc,/battle/b_pl_tower/pl_btdpm.narc!/member_00570,0,/battle/b_pl_tower/pl_btdpm.narc,149,570,,16780,16796,9120,9136,16,a2ce9d1124f59c1bf60c3e877624cb9b7e4378b9de1509125d51e762fc12fedc,26003b018f01a1016d00180ad6000000,,,,,False,,,,,,,,,,False,False
/battle/b_pl_tower/pl_btdpm.narc,/battle/b_pl_tower/pl_btdpm.narc!/member_00571,0,/battle/b_pl_tower/pl_btdpm.narc,149,571,,16796,16812,9136,9152,16,1f615a3007ef2e1d095b06394538cfd5ba9454cb57d64b541bf3a0939daa23fa,44001701590073014400240313010000,,,,,False,,,,,,,,,,False,False
/battle/b_pl_tower/pl_btdpm.narc,/battle/b_pl_tower/pl_btdpm.narc!/member_00572,0,/battle/b_pl_tower/pl_btdpm.narc,149,572,,16812,16828,9152,9168,16,e71a63f45dd9dd2ebdc2d7db77565ac964e3da0689678af5d3f285830db31645,d5002300cf00d5005c0025171e010000,,,,,False,,,,,,,,,,False,False
/battle/b_pl_tower/pl_btdpm.narc,/battle/b_pl_tower/pl_btdpm.narc!/member_00573,0,/battle/b_pl_tower/pl_btdpm.narc,149,573,,16828,16844,9168,9184,16,1617b747cde0d842ecfdff23cace5cb9efa5c15b21a9885366759f955c8ad11f,9701ca0049001301eb00301428010000,,,,,False,,,,,,,,,,False,False
/battle/b_pl_tower/pl_btdpm.narc,/battle/b_pl_tower/pl_btdpm.narc!/member_00574,0,/battle/b_pl_tower/pl_btdpm.narc,149,574,,16844,16860,9184,9200,16,22c64038f424ced60f3ff6213d123c9aa0e2c682d6b55c73caadc62a149cd291,ae0114016d016d0056000303d6000000,,,,,False,,,,,,,,,,False,False
/battle/b_pl_tower/pl_btdpm.narc,/battle/b_pl_tower/pl_btdpm.narc!/member_00575,0,/battle/b_pl_tower/pl_btdpm.narc,149,575,,16860,16876,9200,9216,16,8b9ea4e15dc757f9bb7549f44780dd7e0e1a70ea71c248cbc0f8f96d2161087a,d0005900a801a601a7010603bf000000,,,,,False,,,,,,,,,,False,False
/battle/b_pl_tower/pl_btdpm.narc,/battle/b_pl_tower/pl_btdpm.narc!/member_00576,0,/battle/b_pl_tower/pl_btdpm.narc,149,576,,16876,16892,9216,9232,16,376c9fada378b323e6e4552ece78265fb5955a8458fb4ff6750c4442bdbe3d39,cd019001d500680002010a0dd5000000,,,,,False,,,,,,,,,,False,False
/battle/b_pl_tower/pl_btdpm.narc,/battle/b_pl_tower/pl_btdpm.narc!/member_00577,0,/battle/b_pl_tower/pl_btdpm.narc,149,577,,16892,16908,9232,9248,16,9ef7e6cf771d6db84c24cc4ed475260f370013d7e8216dfa71be5e5c8f11618e,d8015900a801a601a7010a0d47010000,,,,,False,,,,,,,,,,False,False
/battle/b_pl_tower/pl_btdpm.narc,/battle/b_pl_tower/pl_btdpm.narc!/member_00578,0,/battle/b_pl_tower/pl_btdpm.narc,149,578,,16908,16924,9248,9264,16,bb76924ce6fad4c3e2c33f3309bf4c273fed776039e0afdcf09442f30fd536f6,49005c00ca00d5006d00211419010000,,,,,False,,,,,,,,,,False,False
/battle/b_pl_tower/pl_btdpm.narc,/battle/b_pl_tower/pl_btdpm.narc!/member_00579,0,/battle/b_pl_tower/pl_btdpm.narc,149,579,,16924,16940,9264,9280,16,faee803439f43660961b59537c1230d84fc579b15d843f820dd7951883e04d11,8e002c00a801a601a7010a0d47010000,,,,,False,,,,,,,,,,False,False
/battle/b_pl_tower/pl_btdpm.narc,/battle/b_pl_tower/pl_btdpm.narc!/member_00580,0,/battle/b_pl_tower/pl_btdpm.narc,149,580,,16940,16956,9280,9296,16,56aa31034b49a9e8a284c88839950d0a9785ad0ad9d8693769f76763d7247785,e900a10055006900b101111116010000,,,,,False,,,,,,,,,,False,False
/battle/b_pl_tower/pl_btdpm.narc,/battle/b_pl_tower/pl_btdpm.narc!/member_00581,0,/battle/b_pl_tower/pl_btdpm.narc,149,581,,16956,16972,9296,9312,16,c30742fca6ba45a5b7fd0c89e5a39d4f61eaacb3c6afdc2951b62e064757bf47,cf0139003a005500f700110f0c010000,,,,,False,,,,,,,,,,False,False
/battle/b_pl_tower/pl_btdpm.narc,/battle/b_pl_tower/pl_btdpm.narc!/member_00582,0,/battle/b_pl_tower/pl_btdpm.narc,149,582,,16972,16988,9312,9328,16,26f882c8ee37012d958f00ed02255cc8efa8f9c17a55015df5b8727ef6d203a8,d5014c0171019001d3000a030a010000,,,,,False,,,,,,,,,,False,False
/battle/b_pl_tower/pl_btdpm.narc,/battle/b_pl_tower/pl_btdpm.narc!/member_00583,0,/battle/b_pl_tower/pl_btdpm.narc,149,583,,16988,17004,9328,9344,16,48a625e13561e18ae656f1544c13b0307dc8aee6e874607e73f8ea5bcdcf97ba,1a015e0055005b019c00300f96000000,,,,,False,,,,,,,,,,False,False
/battle/b_pl_tower/pl_btdpm.narc,/battle/b_pl_tower/pl_btdpm.narc!/member_00584,0,/battle/b_pl_tower/pl_btdpm.narc,149,584,,17004,17020,9344,9360,16,2bfea0e87ba18845f15b9eeab7bdc01ae5c130786d24278c9c9ac9eec0e981f6,db0199010700090008000a0dd5000000,,,,,False,,,,,,,,,,False,False
/battle/b_pl_tower/pl_btdpm.narc,/battle/b_pl_tower/pl_btdpm.narc!/member_00585,0,/battle/b_pl_tower/pl_btdpm.narc,149,585,,17020,17036,9360,9376,16,a62b54ef8dd1336f8844df917e0d18fc0991c2a205084cf0a0a8cd32af13528e,67008a005f0049001301110f9d000000,,,,,False,,,,,,,,,,False,False
/battle/b_pl_tower/pl_btdpm.narc,/battle/b_pl_tower/pl_btdpm.narc!/member_00586,0,/battle/b_pl_tower/pl_btdpm.narc,149,586,,17036,17052,9376,9392,16,db1573cdd09a6e981196b5487b283858d8ca62c8e84e027a9fb63c046416688d,790038003b0057006900180a09010000,,,,,False,,,,,,,,,,False,False
/battle/b_pl_tower/pl_btdpm.narc,/battle/b_pl_tower/pl_btdpm.narc!/member_00587,0,/battle/b_pl_tower/pl_btdpm.narc,149,587,,17052,17068,9392,9408,16,cd3c2a148ec02232ef00c3ba6183a29e231ed51b49ebde311c88e5deb47ac8e2,4a015a00070009004c010a0d47010000,,,,,False,,,,,,,,,,False,False
/battle/b_pl_tower/pl_btdpm.narc,/battle/b_pl_tower/pl_btdpm.narc!/member_00588,0,/battle/b_pl_tower/pl_btdpm.narc,149,588,,17068,17084,9408,9424,16,b1d851683251f06d31b210399db0ff0f058d3ad4e7efc38f434b00a351603d78,860038003a009700f000110f1d010000,,,,,False,,,,,,,,,,False,False
/battle/b_pl_tower/pl_btdpm.narc,/battle/b_pl_tower/pl_btdpm.narc!/member_00589,0,/battle/b_pl_tower/pl_btdpm.narc,149,589,,17084,17100,9424,9440,16,5c9f1d68b4f734d085aec387192617555ea4b7a412bc5d999da6232f5968b323,8700b30118005b005600120646010000,,,,,False,,,,,,,,,,False,False
/battle/b_pl_tower/pl_btdpm.narc,/battle/b_pl_tower/pl_btdpm.narc!/member_00590,0,/battle/b_pl_tower/pl_btdpm.narc,149,590,,17100,17116,9440,9456,16,b07f79683be483405be2b54bbe3e25fbc657b9be24927d78ca58ca09018be1f4,8800a801af00cb001c000a0dcb000000,,,,,False,,,,,,,,,,False,False
/battle/b_pl_tower/pl_btdpm.narc,/battle/b_pl_tower/pl_btdpm.narc!/member_00591,0,/battle/b_pl_tower/pl_btdpm.narc,149,591,,17116,17132,9456,9472,16,7a7de40b7564c5f6c16f6d367bde3f1d64e8e8017cf077fa5b3c681e308c94f5,c4005e008100cc00d500180ad5000000,,,,,False,,,,,,,,,,False,False
/battle/b_pl_tower/pl_btdpm.narc,/battle/b_pl_tower/pl_btdpm.narc!/member_00592,0,/battle/b_pl_tower/pl_btdpm.narc,149,592,,17132,17148,9472,9488,16,27bbb2fef1ca3429cd40712044f7231b8e4ec7f9e783ae720d743a4856d55e7c,c5005c00d40068006d002408ea000000,,,,,False,,,,,,,,,,False,False
/battle/b_pl_tower/pl_btdpm.narc,/battle/b_pl_tower/pl_btdpm.narc!/member_00593,0,/battle/b_pl_tower/pl_btdpm.narc,149,593,,17148,17164,9488,9504,16,e2876d0acbd0ad626a2e497a73a8e1cbe49a7728f903bc58b42f271c1afc07d2,d6015c018301ae0040010a0dd5000000,,,,,False,,,,,,,,,,False,False
/battle/b_pl_tower/pl_btdpm.narc,/battle/b_pl_tower/pl_btdpm.narc!/member_00594,0,/battle/b_pl_tower/pl_btdpm.narc,149,594,,17164,17180,9504,9520,16,4a0140107517cadb9c81da08a9ca572adf0fd06b5e99d0ebf8ef9750e96e851c,d7013a006800190102013014ea000000,,,,,False,,,,,,,,,,False,False
/battle/b_pl_tower/pl_btdpm.narc,/battle/b_pl_tower/pl_btdpm.narc!/member_00595,0,/battle/b_pl_tower/pl_btdpm.narc,149,595,,17180,17196,9520,9536,16,471a80e8bb22228224dbf619da1d4b135cb1b355d53519c192bf5ec7ebbf912d,c001ee00bc01090008000a03e8000000,,,,,False,,,,,,,,,,False,False
/battle/b_pl_tower/pl_btdpm.narc,/battle/b_pl_tower/pl_btdpm.narc!/member_00596,0,/battle/b_pl_tower/pl_btdpm.narc,149,596,,17196,17212,9536,9552,16,ed9b8b4b5338d72426e5b9eb827eca08cc151a54fadd07d760ae8faff2be82d1,c2015900cf004801190106089e000000,,,,,False,,,,,,,,,,False,False
/battle/b_pl_tower/pl_btdpm.narc,/battle/b_pl_tower/pl_btdpm.narc!/member_00597,0,/battle/b_pl_tower/pl_btdpm.narc,149,597,,17212,17228,9552,9568,16,093f73673d4cb34cb5031347520b8cc610888c26257fd84a5afbf5b95d3525ff,dc01ba010700090008002203bd000000,,,,,False,,,,,,,,,,False,False
/battle/b_pl_tower/pl_btdpm.narc,/battle/b_pl_tower/pl_btdpm.narc!/member_00598,0,/battle/b_pl_tower/pl_btdpm.narc,149,598,,17228,17244,9568,9584,16,011b7dddee13f04cee9a63afe51441aae90711c4e1d692c815feb8ba3a4552f8,dd01ae00dc006d00d5002417ea000000,,,,,False,,,,,,,,,,False,False
/battle/b_pl_tower/pl_btdpm.narc,/battle/b_pl_tower/pl_btdpm.narc!/member_00599,0,/battle/b_pl_tower/pl_btdpm.narc,149,599,,17244,17260,9584,9600,16,75d3b53c5b2a646e54cb3c376f68cdbde0a778cf3602b91142ee73b7eb45e591,3201e8000700090008000603d9000000,,,,,False,,,,,,,,,,False,False
/battle/b_pl_tower/pl_btdpm.narc,/battle/b_pl_tower/pl_btdpm.narc!/member_00600,0,/battle/b_pl_tower/pl_btdpm.narc,149,600,,17260,17276,9600,9616,16,dc42642ffad0d8fe50cc69a87b0d4623155cea3dbd6d032d5f6acc75ba459406,6d01a3015900f200ae0003020e010000,,,,,False,,,,,,,,,,False,False
/battle/b_pl_tower/pl_btdpm.narc,/battle/b_pl_tower/pl_btdpm.narc!/member_00601,0,/battle/b_pl_tower/pl_btdpm.narc,149,601,,17276,17292,9616,9632,16,ef3878147e2920f7f245150ec1cca74b3bb5db137339902af2a61a5b7eaf7db7,d901a3015900ba01ae0003039e000000,,,,,False,,,,,,,,,,False,False
/battle/b_pl_tower/pl_btdpm.narc,/battle/b_pl_tower/pl_btdpm.narc!/member_00602,0,/battle/b_pl_tower/pl_btdpm.narc,149,602,,17292,17308,9632,9648,16,9cade88a76f5530d0a5bd9722c05c38a31340915c46eb247830e332847a8e1b2,83004901c3002f006d002408d9000000,,,,,False,,,,,,,,,,False,False
/battle/b_pl_tower/pl_btdpm.narc,/battle/b_pl_tower/pl_btdpm.narc!/member_00603,0,/battle/b_pl_tower/pl_btdpm.narc,149,603,,17308,17324,9648,9664,16,81db9b8fc6ba611334297835d76370539cf5e50f5857bffc0fdd0cec0d0d3fb5,a9009301ac012c00ef000a0647010000,,,,,False,,,,,,,,,,False,False
/battle/b_pl_tower/pl_btdpm.narc,/battle/b_pl_tower/pl_btdpm.narc!/member_00604,0,/battle/b_pl_tower/pl_btdpm.narc,149,604,,17324,17340,9664,9680,16,af162766e645ff222e6e3352d86126d4211631a16defb4f4f8c30965c4639e24,ce01ba019900cf00f40006089d000000,,,,,False,,,,,,,,,,False,False
/battle/b_pl_tower/pl_btdpm.narc,/battle/b_pl_tower/pl_btdpm.narc!/member_00605,0,/battle/b_pl_tower/pl_btdpm.narc,149,605,,17340,17356,9680,9696,16,111b606d78e3de49bf87e139c425b63ad53b7407ddaa8ec071216ffa9398fb0c,d001070009000800910106030c010000,,,,,False,,,,,,,,,,False,False
/battle/b_pl_tower/pl_btdpm.narc,/battle/b_pl_tower/pl_btdpm.narc!/member_00606,0,/battle/b_pl_tower/pl_btdpm.narc,149,606,,17356,17372,9696,9712,16,8047e98670d7308bf533daea9ffb80921975e213b9281ebcc5e2b3e7ae82135e,d101ca0049005c006800150528010000,,,,,False,,,,,,,,,,False,False
/battle/b_pl_tower/pl_btdpm.narc,/battle/b_pl_tower/pl_btdpm.narc!/member_00607,0,/battle/b_pl_tower/pl_btdpm.narc,149,607,,17372,17388,9712,9728,16,6dda5d4457186a223a51417102fce0396546d1f56def284ea44fb349cc0db510,da01a100560069000f01180a1f010000,,,,,False,,,,,,,,,,False,False
/battle/b_pl_tower/pl_btdpm.narc,/battle/b_pl_tower/pl_btdpm.narc!/member_00608,0,/battle/b_pl_tower/pl_btdpm.narc,149,608,,17388,17404,9728,9744,16,b7a1d03e9ca5c52ed8b298f016a7faa7e5dfed695016e829d9f3f0b7cf1d18fc,82007f00a701ba015d010a0d9d000000,,,,,False,,,,,,,,,,False,False
/battle/b_pl_tower/pl_btdpm.narc,/battle/b_pl_tower/pl_btdpm.narc!/member_00609,0,/battle/b_pl_tower/pl_btdpm.narc,149,609,,17404,17420,9744,9760,16,88dddf619922f9e47954c97b7cf980d727ac7eef7c748205a7cde33ba64e840e,8f000700090008009c00220396000000,,,,,False,,,,,,,,,,False,False
/battle/b_pl_tower/pl_btdpm.narc,/battle/b_pl_tower/pl_btdpm.narc!/member_00610,0,/battle/b_pl_tower/pl_btdpm.narc,149,610,,17420,17436,9760,9776,16,7ba19ea3f367912e79f847ad8d83860b71d61d62038acc290207725828d2bdae,e6006a013a00ef001901180afd000000,,,,,False,,,,,,,,,,False,False
/battle/b_pl_tower/pl_btdpm.narc,/battle/b_pl_tower/pl_btdpm.narc!/member_00611,0,/battle/b_pl_tower/pl_btdpm.narc,149,611,,17436,17452,9776,9792,16,5b3a5c02daaea79093e13a5f9fba981e1b68741db76dc28806c6cdf2b694fab7,f2005c00680087004400211496000000,,,,,False,,,,,,,,,,False,False
/battle/b_pl_tower/pl_btdpm.narc,/battle/b_pl_tower/pl_btdpm.narc!/member_00612,0,/battle/b_pl_tower/pl_btdpm.narc,149,612,,17452,17468,9792,9808,16,a16f54aff21cba201ca18603bf50e1604cdc872699d083f6f0049db97f552529,5e015c006d00680088010508ea000000,,,,,False,,,,,,,,,,False,False
/battle/b_pl_tower/pl_btdpm.narc,/battle/b_pl_tower/pl_btdpm.narc!/member_00613,0,/battle/b_pl_tower/pl_btdpm.narc,149,613,,17468,17484,9808,9824,16,cd14f74c744d01783747aea38922d41b7b7f54b72983579813ba16487409b9d5,d2015700df009d00e700120009010000,,,,,False,,,,,,,,,,False,False
/battle/b_pl_tower/pl_btdpm.narc,/battle/b_pl_tower/pl_btdpm.narc!/member_00614,0,/battle/b_pl_tower/pl_btdpm.narc,149,614,,17484,17500,9824,9840,16,dbcde150d633940a3c4f058d2b02cd992bd0c4d8efd6b466e1d5ce770b3523a0,d301070008016d006c000a03bf000000,,,,,False,,,,,,,,,,False,False
/battle/b_pl_tower/pl_btdpm.narc,/battle/b_pl_tower/pl_btdpm.narc!/member_00615,0,/battle/b_pl_tower/pl_btdpm.narc,149,615,,17500,17516,9840,9856,16,9a53642a25330d00dc954d86755c3c26dc866323f5d130c6ee41ac6a34cc344a,d4019301d2013e01f600110fe8000000,,,,,False,,,,,,,,,,False,False
/battle/b_pl_tower/pl_btdpm.narc,/battle/b_pl_tower/pl_btdpm.narc!/member_00616,0,/battle/b_pl_tower/pl_btdpm.narc,149,616,,17516,17532,9856,9872,16,590d2415561e3fd6dfbe1d071e52cb1bf4aa9ee81cb3c2e401f53604edc73ddc,3b008a01a601b300cb000a0dcb000000,,,,,False,,,,,,,,,,False,False
/battle/b_pl_tower/pl_btdpm.narc,/battle/b_pl_tower/pl_btdpm.narc!/member_00617,0,/battle/b_pl_tower/pl_btdpm.narc,149,617,,17532,17548,9872,9888,16,173d0c7c6560086ec3f27285db684f14db6b69e9fbc6a8c275f62f460b1f3482,95009701070009000800060346010000,,,,,False,,,,,,,,,,False,False
/battle/b_pl_tower/pl_btdpm.narc,/battle/b_pl_tower/pl_btdpm.narc!/member_00618,0,/battle/b_pl_tower/pl_btdpm.narc,149,618,,17548,17564,9888,9904,16,8a96c298f178bfb502936fc0488d251aa06898d8b19767595eef450c4fac1ac9,f8000700090008004c010a0d1f010000,,,,,False,,,,,,,,,,False,False
/battle/b_pl_tower/pl_btdpm.narc,/battle/b_pl_tower/pl_btdpm.narc!/member_00619,0,/battle/b_pl_tower/pl_btdpm.narc,149,619,,17564,17580,9904,9920,16,8626bafdacfaf91bdcd443bbf03656713832709e1b1ceb6d8c3f46b5857767e8,75015101a801a6015d010a0d47010000,,,,,False,,,,,,,,,,False,False
/battle/b_pl_tower/pl_btdpm.narc,/battle/b_pl_tower/pl_btdpm.narc!/member_00620,0,/battle/b_pl_tower/pl_btdpm.narc,149,620,,17580,17596,9920,9936,16,459c5902035303e4002139beeca080b18e0a8a98e57356f2e964fe3aebe08efe,78015e00ae01f700bc00140f0b010000,,,,,False,,,,,,,,,,False,False
/battle/b_pl_tower/pl_btdpm.narc,/battle/b_pl_tower/pl_btdpm.narc!/member_00621,0,/battle/b_pl_tower/pl_btdpm.narc,149,621,,17596,17612,9936,9952,16,d2df61284e4d02244557423c728e94d9de3a0bf6bc94ec410858e27a64a28bc9,bd01b2019e0135003900180fd6000000,,,,,False,,,,,,,,,,False,False
/battle/b_pl_tower/pl_btdpm.narc,/battle/b_pl_tower/pl_btdpm.narc!/member_00622,0,/battle/b_pl_tower/pl_btdpm.narc,149,622,,17612,17628,9952,9968,16,7b6618290d875d5e054f9b9a0e5a6f32b169e818e221a81d60ef7c382c5d76eb,2101320107000900080006039d000000,,,,,False,,,,,,,,,,False,False
/battle/b_pl_tower/pl_btdpm.narc,/battle/b_pl_tower/pl_btdpm.narc!/member_00623,0,/battle/b_pl_tower/pl_btdpm.narc,149,623,,17628,17644,9968,9984,16,c82629f9d475980b00c91b2b53ae493f7509ac8e23caabfbd5fb17fe019737b8,030092015900c800ae00220319010000,,,,,False,,,,,,,,,,False,False
/battle/b_pl_tower/pl_btdpm.narc,/battle/b_pl_tower/pl_btdpm.narc!/member_00624,0,/battle/b_pl_tower/pl_btdpm.narc,149,624,,17644,17660,9984,10000,16,746126595b1cceac32f7cd4fa2eb25a860574aa7b3f990869001d2840afd0975,06008a015900f20051010a03e8000000,,,,,False,,,,,,,,,,False,False
/battle/b_pl_tower/pl_btdpm.narc,/battle/b_pl_tower/pl_btdpm.narc!/member_00625,0,/battle/b_pl_tower/pl_btdpm.narc,149,625,,17660,17676,10000,10016,16,01829b5a14089f3cb7a203cfc5e22ee0731091ecb3d2a978a5eed74e0ec0c75d,090091015900a301ac0103030e010000,,,,,False,,,,,,,,,,False,False
/battle/b_pl_tower/pl_btdpm.narc,/battle/b_pl_tower/pl_btdpm.narc!/member_00626,0,/battle/b_pl_tower/pl_btdpm.narc,149,626,,17676,17692,10016,10032,16,d465e2b2db09d1acb7608e90da2d9c3702e3bcf3953921af4ae00de60dae2aeb,9a00b5017a017100730011050d010000,,,,,False,,,,,,,,,,False,False
/battle/b_pl_tower/pl_btdpm.narc,/battle/b_pl_tower/pl_btdpm.narc!/member_00627,0,/battle/b_pl_tower/pl_btdpm.narc,149,627,,17692,17708,10032,10048,16,82fb2b86360b2d9c8e00d30b76398485169715d4c663aab915efd5aa2bb4c3bc,9d008a015900a5014c010a03bf000000,,,,,False,,,,,,,,,,False,False
/battle/b_pl_tower/pl_btdpm.narc,/battle/b_pl_tower/pl_btdpm.narc!/member_00628,0,/battle/b_pl_tower/pl_btdpm.narc,149,628,,17708,17724,10048,10064,16,d7216f6c3207011e96227205262724828b9c14889f2e043a30d8bd08485ace30,a00034013a009b01f600140f0b010000,,,,,False,,,,,,,,,,False,False
/battle/b_pl_tower/pl_btdpm.narc,/battle/b_pl_tower/pl_btdpm.narc!/member_00629,0,/battle/b_pl_tower/pl_btdpm.narc,149,629,,17724,17740,10064,10080,16,46d064659b1f5d70cdf6606d631301004f61ad6b2696aa1f51b9cef86bd15f0e,fe005c01940190014c010a03e8000000,,,,,False,,,,,,,,,,False,False
/battle/b_pl_tower/pl_btdpm.narc,/battle/b_pl_tower/pl_btdpm.narc!/member_00630,0,/battle/b_pl_tower/pl_btdpm.narc,149,630,,17740,17756,10080,10096,16,1a1e2a0e016e7d8235dfbc65c38e08a519879a87c2e54b7bf9ee5f8e6dc593c8,01012b015900a501bc010a03b9000000,,,,,False,,,,,,,,,,False,False
/battle/b_pl_tower/pl_btdpm.narc,/battle/b_pl_tower/pl_btdpm.narc!/member_00631,0,/battle/b_pl_tower/pl_btdpm.narc,149,631,,17756,17772,10096,10112,16,511ed5cee052560424a6196a694ffcd46ca48b596d0c5d6fe7907ea534a0a868,04014a019e013a004400110f0c010000,,,,,False,,,,,,,,,,False,False
/battle/b_pl_tower/pl_btdpm.narc,/battle/b_pl_tower/pl_btdpm.narc!/member_00632,0,/battle/b_pl_tower/pl_btdpm.narc,149,632,,17772,17788,10112,10128,16,ceb5b61ea8292e5b438f3e5fe05dfd080c360b78943d7db3091b25562cf136aa,850152019e013f004900140fff000000,,,,,False,,,,,,,,,,False,False
/battle/b_pl_tower/pl_btdpm.narc,/battle/b_pl_tower/pl_btdpm.narc!/member_00633,0,/battle/b_pl_tower/pl_btdpm.narc,149,633,,17788,17804,10128,10144,16,12ce2b1033eb1a2b4579a022579a973d264423c2771d96b69ee9650e0cbd5ca5,880135009b014c00f100180fd5000000,,,,,False,,,,,,,,,,False,False
/battle/b_pl_tower/pl_btdpm.narc,/battle/b_pl_tower/pl_btdpm.narc!/member_00634,0,/battle/b_pl_tower/pl_btdpm.narc,149,634,,17804,17820,10144,10160,16,530f8eb19840f4476d43eefb464d597f2dc0e18f8a7b4ea33c74a6f2d7dc609d,8b01390059003b0044011202d9000000,,,,,False,,,,,,,,,,False,False
/battle/b_pl_tower/pl_btdpm.narc,/battle/b_pl_tower/pl_btdpm.narc!/member_00635,0,/battle/b_pl_tower/pl_btdpm.narc,149,635,,17820,17836,10160,10176,16,fdb4d435ca5f6d7a0ac6cecec2d41f2c37290c21b01659348c14cd5871db790f,33005a00a0014c0190010a0d46010000,,,,,False,,,,,,,,,,False,False
/battle/b_pl_tower/pl_btdpm.narc,/battle/b_pl_tower/pl_btdpm.narc!/member_00636,0,/battle/b_pl_tower/pl_btdpm.narc,149,636,,17836,17852,10176,10192,16,070a8658f4ebd2bd68098b54e90e9307b29149b77f9b7421c9d8f9292947aec6,69005900a001c8000700060302010000,,,,,False,,,,,,,,,,False,False
/battle/b_pl_tower/pl_btdpm.narc,/battle/b_pl_tower/pl_btdpm.narc!/member_00637,0,/battle/b_pl_tower/pl_btdpm.narc,149,637,,17852,17868,10192,10208,16,df50c369bf93359893db29649ed308bc33bf63614d2c1077f5276a054e3b0317,34015e009b01f7005b01180f0b010000,,,,,False,,,,,,,,,,False,False
/battle/b_pl_tower/pl_btdpm.narc,/battle/b_pl_tower/pl_btdpm.narc!/member_00638,0,/battle/b_pl_tower/pl_btdpm.narc,149,638,,17868,17884,10208,10224,16,af743bd62c5904842eded4056183ae68f4a37e392eac110a7a16831f6f1a67b4,c30039009e019b01bc00110fd9000000,,,,,False,,,,,,,,,,False,False
/battle/b_pl_tower/pl_btdpm.narc,/battle/b_pl_tower/pl_btdpm.narc!/member_00639,0,/battle/b_pl_tower/pl_btdpm.narc,149,639,,17884,17900,10224,10240,16,42eb70f8cec03c54ab1e88c3d91217970319002fa28a536b2dfa220212585677,d200070009000800730103030a010000,,,,,False,,,,,,,,,,False,False
/battle/b_pl_tower/pl_btdpm.narc,/battle/b_pl_tower/pl_btdpm.narc!/member_00640,0,/battle/b_pl_tower/pl_btdpm.narc,149,640,,17900,17916,10240,10256,16,47425b5dfa8a23d82cdf52f122bde824d50661a9413b7232c3f6e705c8bad6a6,7c003b009c0144017a01180f0c010000,,,,,False,,,,,,,,,,False,False
/battle/b_pl_tower/pl_btdpm.narc,/battle/b_pl_tower/pl_btdpm.narc!/member_00641,0,/battle/b_pl_tower/pl_btdpm.narc,149,641,,17916,17932,10256,10272,16,b572bb4c3a54f94080a194c129b44a68b3c4c8218cb8f4797cb5512acd2b79cb,7a005e0055009c013f00300fc4000000,,,,,False,,,,,,,,,,False,False
/battle/b_pl_tower/pl_btdpm.narc,/battle/b_pl_tower/pl_btdpm.narc!/member_00642,0,/battle/b_pl_tower/pl_btdpm.narc,149,642,,17932,17948,10272,10288,16,ac453ad349ad935ef8ebde04bbee84905a153a4e72807ae765cada07c930f13c,ab00380057003b00f000110f9e000000,,,,,False,,,,,,,,,,False,False
/battle/b_pl_tower/pl_btdpm.narc,/battle/b_pl_tower/pl_btdpm.narc!/member_00643,0,/battle/b_pl_tower/pl_btdpm.narc,149,643,,17948,17964,10288,10304,16,7a6f072f7b024cd4399c0e0583eee4dc5c8a551684484f098cd7d0f341396947,1e01df000900bc010701060310010000,,,,,False,,,,,,,,,,False,False
/battle/b_pl_tower/pl_btdpm.narc,/battle/b_pl_tower/pl_btdpm.narc!/member_00644,0,/battle/b_pl_tower/pl_btdpm.narc,149,644,,17964,17980,10304,10320,16,25262597aed51a6024f5e066b76e0b9cbc595a031bbee7b899c684e171a69cb3,cd005b00cf005c0068000603ea000000,,,,,False,,,,,,,,,,False,False
/battle/b_pl_tower/pl_btdpm.narc,/battle/b_pl_tower/pl_btdpm.narc!/member_00645,0,/battle/b_pl_tower/pl_btdpm.narc,149,645,,17980,17996,10320,10336,16,44b6bc199b85ed176af43e12a1df1428e0eb683db92482babfc9db84a3821428,e3004100a30073019001060846010000,,,,,False,,,,,,,,,,False,False
/battle/b_pl_tower/pl_btdpm.narc,/battle/b_pl_tower/pl_btdpm.narc!/member_00646,0,/battle/b_pl_tower/pl_btdpm.narc,149,646,,17996,18012,10336,10352,16,b545c98dbbfa35bb0aa37c862a5dea76cd2ff9e0aed01aa38817952ac4e2d9aa,67019001ab0194014c010a0d46010000,,,,,False,,,,,,,,,,False,False
/battle/b_pl_tower/pl_btdpm.narc,/battle/b_pl_tower/pl_btdpm.narc!/member_00647,0,/battle/b_pl_tower/pl_btdpm.narc,149,647,,18012,18028,10352,10368,16,55b6007f5de993864830e54140a32a2f85c86cd56a7de203c7c53a3115fe1226,540138009e013b005a00110f14010000,,,,,False,,,,,,,,,,False,False
/battle/b_pl_tower/pl_btdpm.narc,/battle/b_pl_tower/pl_btdpm.narc!/member_00648,0,/battle/b_pl_tower/pl_btdpm.narc,149,648,,18028,18044,10368,10384,16,73240c07957cb5b85a5d69d011fedee730fa4818aa3ccb4ca64ebc1c0dd5faf2,2901df0007000900080003030e010000,,,,,False,,,,,,,,,,False,False
/battle/b_pl_tower/pl_btdpm.narc,/battle/b_pl_tower/pl_btdpm.narc!/member_00649,0,/battle/b_pl_tower/pl_btdpm.narc,149,649,,18044,18060,10384,10400,16,2ff01893ef81cea58d17a1884163d02b95686aec842376d3989b93256a389a24,a00194014c01e400710103030a010000,,,,,False,,,,,,,,,,False,False
/battle/b_pl_tower/pl_btdpm.narc,/battle/b_pl_tower/pl_btdpm.narc!/member_00650,0,/battle/b_pl_tower/pl_btdpm.narc,149,650,,18060,18076,10400,10416,16,2bb9e443ecbecf7a9f1fbb2c64f6aef4eff770105839199ff7bc837ed0f9aef8,1a0055009b014401a101180acc000000,,,,,False,,,,,,,,,,False,False
/battle/b_pl_tower/pl_btdpm.narc,/battle/b_pl_tower/pl_btdpm.narc!/member_00651,0,/battle/b_pl_tower/pl_btdpm.narc,149,651,,18076,18092,10416,10432,16,8ac284631f6df10f9b7db8bcd56e45235cc15fc0dddb1e9b54385b65b3897fb0,5700490120009c00d6002514cb000000,,,,,False,,,,,,,,,,False,False
/battle/b_pl_tower/pl_btdpm.narc,/battle/b_pl_tower/pl_btdpm.narc!/member_00652,0,/battle/b_pl_tower/pl_btdpm.narc,149,652,,18092,18108,10432,10448,16,d203e0ed367de50826f75b9a96855fc5d22db8841762a1af17462d6997d94187,3601a601a801a7012c000a03d9000000,,,,,False,,,,,,,,,,False,False
/battle/b_pl_tower/pl_btdpm.narc,/battle/b_pl_tower/pl_btdpm.narc!/member_00653,0,/battle/b_pl_tower/pl_btdpm.narc,149,653,,18108,18124,10448,10464,16,3d65b06926de548146bff25e4f6776aebf5f27fd750eff1573ae3f9c7f413b58,8e019d01d800d300e4000a030a010000,,,,,False,,,,,,,,,,False,False
/battle/b_pl_tower/pl_btdpm.narc,/battle/b_pl_tower/pl_btdpm.narc!/member_00654,0,/battle/b_pl_tower/pl_btdpm.narc,149,654,,18124,18140,10464,10480,16,41d574968e97da8ea6b4de715b89e592cf6b41cc5500c7f994f0d52189181ccd,a7017f005900bc015a000303fd000000,,,,,False,,,,,,,,,,False,False
/battle/b_pl_tower/pl_btdpm.narc,/battle/b_pl_tower/pl_btdpm.narc!/member_00655,0,/battle/b_pl_tower/pl_btdpm.narc,149,655,,18140,18156,10480,10496,16,62efbbd17c6a8d96b3b1020d3cfdc5b07b4cbf161537bf5a637f2ea8a54ce1a7,b301bc008f013500f700180abf000000,,,,,False,,,,,,,,,,False,False
/battle/b_pl_tower/pl_btdpm.narc,/battle/b_pl_tower/pl_btdpm.narc!/member_00656,0,/battle/b_pl_tower/pl_btdpm.narc,149,656,,18156,18172,10496,10512,16,2b018db792e90962b4b55d2c6dcc241f34da27d34f9324314402a3fc36bb66f2,2d0092019901da000e0022039d000000,,,,,False,,,,,,,,,,False,False
/battle/b_pl_tower/pl_btdpm.narc,/battle/b_pl_tower/pl_btdpm.narc!/member_00657,0,/battle/b_pl_tower/pl_btdpm.narc,149,657,,18172,18188,10512,10528,16,d2217f421811dc9ef271d1545334f930177bcd475350718cc14a8b84503d750d,4700bc004c003f00eb00110f0f010000,,,,,False,,,,,,,,,,False,False
/battle/b_pl_tower/pl_btdpm.narc,/battle/b_pl_tower/pl_btdpm.narc!/member_00658,0,/battle/b_pl_tower/pl_btdpm.narc,149,658,,18188,18204,10528,10544,16,5a71b340a9750ecf3076cbb63dc440ebb8d30785b6d93812dd2a57923897fe31,650057003f008901f000180a1d010000,,,,,False,,,,,,,,,,False,False
/battle/b_pl_tower/pl_btdpm.narc,/battle/b_pl_tower/pl_btdpm.narc!/member_00659,0,/battle/b_pl_tower/pl_btdpm.narc,149,659,,18204,18220,10544,10560,16,49e69ba49715e2a5629bb64e172fd594c122674663acf0c06700fa0c07e07586,10013800bf013b009b01110f09010000,,Nintendo LZ10,Probable,,True,Nintendo LZ10,Probable,True,14337,False,,,,,False,False
/battle/b_pl_tower/pl_btdpm.narc,/battle/b_pl_tower/pl_btdpm.narc!/member_00660,0,/battle/b_pl_tower/pl_btdpm.narc,149,660,,18220,18236,10560,10576,16,c57bfc44fd758730356df426638f58ee267654d05537595d9471cbdcf1f0c19b,1301b5018f019b01f700110fd6000000,,,,,False,,,,,,,,,,False,False
/battle/b_pl_tower/pl_btdpm.narc,/battle/b_pl_tower/pl_btdpm.narc!/member_00661,0,/battle/b_pl_tower/pl_btdpm.narc,149,661,,18236,18252,10576,10592,16,b9d4ce2aebd17eb65a4faadf1116a507c887d4c50ee5689050d1aaf38ba6aac5,270107015900a301f20003030e010000,,,,,False,,,,,,,,,,False,False
/battle/b_pl_tower/pl_btdpm.narc,/battle/b_pl_tower/pl_btdpm.narc!/member_00662,0,/battle/b_pl_tower/pl_btdpm.narc,149,662,,18252,18268,10592,10608,16,e43dc01b58715c45fb20b1d0b7501c74f785983e9fe5f42ca958bb8c8b537b31,6a013a00f70044016001110fe8000000,,,,,False,,,,,,,,,,False,False
/battle/b_pl_tower/pl_btdpm.narc,/battle/b_pl_tower/pl_btdpm.narc!/member_00663,0,/battle/b_pl_tower/pl_btdpm.narc,149,663,,18268,18284,10608,10624,16,3ff2d512c0b146f5127b594df6a5c11e1e021b2637d2c52e8d153b3ba48cc2b6,ac01c3013a00f7009b01180f0b010000,,,,,False,,,,,,,,,,False,False
/battle/b_pl_tower/pl_btdpm.narc,/battle/b_pl_tower/pl_btdpm.narc!/member_00664,0,/battle/b_pl_tower/pl_btdpm.narc,149,664,,18284,18300,10624,10640,16,e5b3547ad05c3846afee061796ce040114250b14ac0a70403dc8ba9b1c1053d2,de013a0055004401c200180f0c010000,,,,,False,,,,,,,,,,False,False
/battle/b_pl_tower/pl_btdpm.narc,/battle/b_pl_tower/pl_btdpm.narc!/member_00665,0,/battle/b_pl_tower/pl_btdpm.narc,149,665,,18300,18316,10640,10656,16,d4348e809c780dcda6c0cbf3722081fe601114188bb3710c6864e3e8bb922b87,a801ca01b90192014c010a030e010000,,,,,False,,,,,,,,,,False,False
/battle/b_pl_tower/pl_btdpm.narc,/battle/b_pl_tower/pl_btdpm.narc!/member_00666,0,/battle/b_pl_tower/pl_btdpm.narc,149,666,,18316,18332,10656,10672,16,0daa623f9d9ca088a3010bcf3f24a8cf6f5ef0c4abeb4a0118122f36a1c2782c,6100ac0107000900080022039e000000,,,,,False,,,,,,,,,,False,False
/battle/b_pl_tower/pl_btdpm.narc,/battle/b_pl_tower/pl_btdpm.narc!/member_00667,0,/battle/b_pl_tower/pl_btdpm.narc,149,667,,18332,18348,10672,10688,16,8e96a1c16fc8552f075a77bb11cb040ef839cb666906b6afee3e785620816951,4c006801590067017601060216010000,,,,,False,,,,,,,,,,False,False
/battle/b_pl_tower/pl_btdpm.narc,/battle/b_pl_tower/pl_btdpm.narc!/member_00668,0,/battle/b_pl_tower/pl_btdpm.narc,149,668,,18348,18364,10688,10704,16,cc524b61846e05f31e4c9350bf9f5510e13f659317c0927e95aae38979ee4ebd,7000c8006701a501a30103029c000000,,,,,False,,,,,,,,,,False,False
/battle/b_pl_tower/pl_btdpm.narc,/battle/b_pl_tower/pl_btdpm.narc!/member_00669,0,/battle/b_pl_tower/pl_btdpm.narc,149,669,,18364,18380,10704,10720,16,9c755452e8d26dbc615e70bce4ec3e2b11d26373fedf253c207c27b44117c28d,50005e003500f7004401110f29010000,,,,,False,,,,,,,,,,False,False
/battle/b_pl_tower/pl_btdpm.narc,/battle/b_pl_tower/pl_btdpm.narc!/member_00670,0,/battle/b_pl_tower/pl_btdpm.narc,149,670,,18380,18396,10720,10736,16,965d8cd85e5642a8546de27f117704757618463fce939e4763113b65750f34e3,6e00bc0055008f0199003016ff000000,,,,,False,,,,,,,,,,False,False
/battle/b_pl_tower/pl_btdpm.narc,/battle/b_pl_tower/pl_btdpm.narc!/member_00671,0,/battle/b_pl_tower/pl_btdpm.narc,149,671,,18396,18412,10736,10752,16,dc11384f43e082079f3490f70d8f9dddabbcdd78e400a2d279de8411633ac619,7300ca016701a5019d000a0d0e010000,,,,,False,,,,,,,,,,False,False
/battle/b_pl_tower/pl_btdpm.narc,/battle/b_pl_tower/pl_btdpm.narc!/member_00672,0,/battle/b_pl_tower/pl_btdpm.narc,149,672,,18412,18428,10752,10768,16,64ddeeecc2f93f873aa7b536fe3b0aae2f4379e11765e683c67087a7f17f0da9,8000a0015900c800e7000a0d9d000000,,,,,False,,,,,,,,,,False,False
/battle/b_pl_tower/pl_btdpm.narc,/battle/b_pl_tower/pl_btdpm.narc!/member_00673,0,/battle/b_pl_tower/pl_btdpm.narc,149,673,,18428,18444,10768,10784,16,0132a2b67aa0a53cb49659c49ab2decad7dd452668ba9230fbc73968139cb5c3,41005e00c3014401bf01180a0b010000,,,,,False,,,,,,,,,,False,False
/battle/b_pl_tower/pl_btdpm.narc,/battle/b_pl_tower/pl_btdpm.narc!/member_00674,0,/battle/b_pl_tower/pl_btdpm.narc,149,674,,18444,18460,10784,10800,16,ac6e2486e0f7d7c33133e8adc877a3fae53c474f4f967051ee966f2b28e0440b,c7005e00f70044019b01300f9d000000,,,,,False,,,,,,,,,,False,False
/battle/b_pl_tower/pl_btdpm.narc,/battle/b_pl_tower/pl_btdpm.narc!/member_00675,0,/battle/b_pl_tower/pl_btdpm.narc,149,675,,18460,18476,10800,10816,16,c233d202337dbb0dbde0a538db2153643cec4980b4200b8298e300fdf1ab1373,f10092000700090008000603e8000000,,,,,False,,,,,,,,,,False,False
/battle/b_pl_tower/pl_btdpm.narc,/battle/b_pl_tower/pl_btdpm.narc!/member_00676,0,/battle/b_pl_tower/pl_btdpm.narc,149,676,,18476,18492,10816,10832,16,cedae1848887a49829f10db81a18114b40390d0b8b72344b54a64c3bf6767e74,4e0197018f0059005d012203d5000000,,,,,False,,,,,,,,,,False,False
/battle/b_pl_tower/pl_btdpm.narc,/battle/b_pl_tower/pl_btdpm.narc!/member_00677,0,/battle/b_pl_tower/pl_btdpm.narc,149,677,,18492,18508,10832,10848,16,91fb90a254e2b1feac31def4aff91a64d5b43195e20f4cda1bf73827194b532d,c601bc009b01f7008f01180f0b010000,,,,,False,,,,,,,,,,False,False
/battle/b_pl_tower/pl_btdpm.narc,/battle/b_pl_tower/pl_btdpm.narc!/member_00678,0,/battle/b_pl_tower/pl_btdpm.narc,149,678,,18508,18524,10848,10864,16,402bb2f7a953587e4f82aed953b693584ec810f5b90a3f8d3cc0f38a7aec57a8,cc019c013b00f7009b011111b8000000,,,,,False,,,,,,,,,,False,False
/battle/b_pl_tower/pl_btdpm.narc,/battle/b_pl_tower/pl_btdpm.narc!/member_00679,0,/battle/b_pl_tower/pl_btdpm.narc,149,679,,18524,18540,10864,10880,16,34e5c7c2503b739864da03e67236c51c837960eca02157e841b53b8307583453,1f00bc009e0135003a00110f19010000,,,,,False,,,,,,,,,,False,False
/battle/b_pl_tower/pl_btdpm.narc,/battle/b_pl_tower/pl_btdpm.narc!/member_00680,0,/battle/b_pl_tower/pl_btdpm.narc,149,680,,18540,18556,10880,10896,16,adacba2198a74549e2e8353c1bab9c3160ecea95fd4e2aa58b3052687920aca3,22009e01bc003a00f700180f0c010000,,,,,False,,,,,,,,,,False,False
/battle/b_pl_tower/pl_btdpm.narc,/battle/b_pl_tower/pl_btdpm.narc!/member_00681,0,/battle/b_pl_tower/pl_btdpm.narc,149,681,,18556,18572,10896,10912,16,c54bab79be24d1b48cf35c6900a0e76d9613bb590c24dc55d798e48d19df7ee9,5a01ca00bc0069001301251428010000,,,,,False,,,,,,,,,,False,False
/battle/b_pl_tower/pl_btdpm.narc,/battle/b_pl_tower/pl_btdpm.narc!/member_00682,0,/battle/b_pl_tower/pl_btdpm.narc,149,682,,18572,18588,10912,10928,16,4d260d6a156ac03a692de27d81674f974411361c88628df958eeae7997a7da22,5c01bc0114015900a0010603dc000000,,,,,False,,,,,,,,,,False,False
/battle/b_pl_tower/pl_btdpm.narc,/battle/b_pl_tower/pl_btdpm.narc!/member_00683,0,/battle/b_pl_tower/pl_btdpm.narc,149,683,,18588,18604,10928,10944,16,61a842ed6e8fa0ff2de27ae16f0cdc42bacf7c126c3439204b2fde521240f58a,9b01ba015a0068004e012117ea000000,,,,,False,,,,,,,,,,False,False
/battle/b_pl_tower/pl_btdpm.narc,/battle/b_pl_tower/pl_btdpm.narc!/member_00684,0,/battle/b_pl_tower/pl_btdpm.narc,149,684,,18604,18620,10944,10960,16,42a03883c86aa02d88317361072c2bb63838cdf2edb23fadba870ddfd8774c49,a30139003a009b01f000180f3d010000,,,,,False,,,,,,,,,,False,False
/battle/b_pl_tower/pl_btdpm.narc,/battle/b_pl_tower/pl_btdpm.narc!/member_00685,0,/battle/b_pl_tower/pl_btdpm.narc,149,685,,18620,18636,10960,10976,16,021bd56d87c3cbe6a22b1eb89bfab34bc725e24986b6eba1b542b71184e1bc42,ad01f7009c01c400c200180a0b010000,,,,,False,,,,,,,,,,False,False
/battle/b_pl_tower/pl_btdpm.narc,/battle/b_pl_tower/pl_btdpm.narc!/member_00686,0,/battle/b_pl_tower/pl_btdpm.narc,149,686,,18636,18652,10976,10992,16,9abd0bb474d3891d844969be6c51b83326ef9f3df865eaeaed2df578483eaf96,aa015e005500c400c200110f0b010000,,,,,False,,,,,,,,,,False,False
/battle/b_pl_tower/pl_btdpm.narc,/battle/b_pl_tower/pl_btdpm.narc!/member_00687,0,/battle/b_pl_tower/pl_btdpm.narc,149,687,,18652,18668,10992,11008,16,e5149bcc9cac89b594c82d739a1c8ffbdb501fb6638869fb79a1dd7279c37582,37009101ee000800ac010303e8000000,,,,,False,,,,,,,,,,False,False
/battle/b_pl_tower/pl_btdpm.narc,/battle/b_pl_tower/pl_btdpm.narc!/member_00688,0,/battle/b_pl_tower/pl_btdpm.narc,149,688,,18668,18684,11008,11024,16,2ba53160c74bc6cee26b349e1b47acfc68316009a7ed31ecf79a5ddeb78d6709,3e0038009b013b00aa01110f09010000,,,,,False,,,,,,,,,,False,False
/battle/b_pl_tower/pl_btdpm.narc,/battle/b_pl_tower/pl_btdpm.narc!/member_00689,0,/battle/b_pl_tower/pl_btdpm.narc,149,689,,18684,18700,11024,11040,16,7f608803b2f9d8e7bc0ca7e246a29db69ce58c3a3abe4adf39a65a45ad3dcd23,4e008a018e01e70020000a03d5000000,,,,,False,,,,,,,,,,False,False
/battle/b_pl_tower/pl_btdpm.narc,/battle/b_pl_tower/pl_btdpm.narc!/member_00690,0,/battle/b_pl_tower/pl_btdpm.narc,149,690,,18700,18716,11040,11056,16,0298bae8f08c2d43addf79957eb0ef3c3006e62873dbe4d4866389b1c30a6d27,5900b9017301a901ae00030214010000,,,,,False,,,,,,,,,,False,False
/battle/b_pl_tower/pl_btdpm.narc,/battle/b_pl_tower/pl_btdpm.narc!/member_00691,0,/battle/b_pl_tower/pl_btdpm.narc,149,691,,18716,18732,11056,11072,16,dc0ec5d501302a3006d2eb7e5d102baea9f7243115bf42e8a10e4ae9e404d858,5e005e009c019b016d00180fe8000000,,,,,False,,,,,,,,,,False,False
/battle/b_pl_tower/pl_btdpm.narc,/battle/b_pl_tower/pl_btdpm.narc!/member_00692,0,/battle/b_pl_tower/pl_btdpm.narc,149,692,,18732,18748,11072,11088,16,b85ce59b7d9e6b260aaaa4ebc2254e42dca55fd92e59dfc1db843228abe04ef0,b500c3013f0056009c00110f96000000,,,,,False,,,,,,,,,,False,False
/battle/b_pl_tower/pl_btdpm.narc,/battle/b_pl_tower/pl_btdpm.narc!/member_00693,0,/battle/b_pl_tower/pl_btdpm.narc,149,693,,18748,18764,11088,11104,16,a58d4110544b21d8dff5815587efbd1f5930bd11aca101b52ed8eab288311988,ba007f005900bb009c00221796000000,,,,,False,,,,,,,,,,False,False
/battle/b_pl_tower/pl_btdpm.narc,/battle/b_pl_tower/pl_btdpm.narc!/member_00694,0,/battle/b_pl_tower/pl_btdpm.narc,149,694,,18764,18780,11104,11120,16,4f66d8f1973bb476ef1f55982e2203e4522cb80907a681906982fe3f797c457c,7f0094011401bc01a0010603ff000000,,,,,False,,,,,,,,,,False,False
/battle/b_pl_tower/pl_btdpm.narc,/battle/b_pl_tower/pl_btdpm.narc!/member_00695,0,/battle/b_pl_tower/pl_btdpm.narc,149,695,,18780,18796,11120,11136,16,dd9b7acc7728c5cdea4a91cd25ec0eb296c1b68298261b8e1e1da00a68452e11,d40094016200b300cb000a0dcb000000,,,,,False,,,,,,,,,,False,False
/battle/b_pl_tower/pl_btdpm.narc,/battle/b_pl_tower/pl_btdpm.narc!/member_00696,0,/battle/b_pl_tower/pl_btdpm.narc,149,696,,18796,18812,11136,11152,16,8739e88c77ed48d7750229073d0e03d95d44d182e813d0755645eb956ca06d8f,d600e000bc010701a5010a03c0000000,,,,,False,,,,,,,,,,False,False
/battle/b_pl_tower/pl_btdpm.narc,/battle/b_pl_tower/pl_btdpm.narc!/member_00697,0,/battle/b_pl_tower/pl_btdpm.narc,149,697,,18812,18828,11152,11168,16,3f55b82269671fa6edb95ea94ef609ea8be1b0c6303a1d9eb70a78a256f6e054,d90007011401f200b600030310010000,,,,,False,,,,,,,,,,False,False
/battle/b_pl_tower/pl_btdpm.narc,/battle/b_pl_tower/pl_btdpm.narc!/member_00698,0,/battle/b_pl_tower/pl_btdpm.narc,149,698,,18828,18844,11168,11184,16,3f0eb8ffb89bc6c36f043c67e621adbe93bfabf3971dafbf948fd1414e65168f,e5003500f700bc000501180fb9000000,,,,,False,,,,,,,,,,False,False
/battle/b_pl_tower/pl_btdpm.narc,/battle/b_pl_tower/pl_btdpm.narc!/member_00699,0,/battle/b_pl_tower/pl_btdpm.narc,149,699,,18844,18860,11184,11200,16,df8c3412488c0ba819bdd6b597cb6d9efacc4939f9341cbb25b84e01d95d5103,e80059006801a801a6010602ff000000,,,,,False,,,,,,,,,,False,False
/battle/b_pl_tower/pl_btdpm.narc,/battle/b_pl_tower/pl_btdpm.narc!/member_00700,0,/battle/b_pl_tower/pl_btdpm.narc,149,700,,18860,18876,11200,11216,16,7dbf6278eadbc1966c5ec920f8363123531c85931f44f1c45ecc23378410eaa5,41017f00a3015900ae000303ea000000,,,,,False,,,,,,,,,,False,False
/battle/b_pl_tower/pl_btdpm.narc,/battle/b_pl_tower/pl_btdpm.narc!/member_00701,0,/battle/b_pl_tower/pl_btdpm.narc,149,701,,18876,18892,11216,11232,16,e4690015a1ed3a7e2c55a2f4db302c7f1a7e23353944e26022517d7e0bcb3a08,58019e015e00c3013a00300f0b010000,,,,,False,,,,,,,,,,False,False
/battle/b_pl_tower/pl_btdpm.narc,/battle/b_pl_tower/pl_btdpm.narc!/member_00702,0,/battle/b_pl_tower/pl_btdpm.narc,149,702,,18892,18908,11232,11248,16,f3aeea0c5dd969b7aa5f2760ad3d2192a6059d62b2f36ca8b68fc0fcf80901f3,9901c901ac010700090003030e010000,,,,,False,,,,,,,,,,False,False
/battle/b_pl_tower/pl_btdpm.narc,/battle/b_pl_tower/pl_btdpm.narc!/member_00703,0,/battle/b_pl_tower/pl_btdpm.narc,149,703,,18908,18924,11248,11264,16,e71e059e545883802ee27a90ef225ce3cb3a407b2c56fff1cb360e139c127b1a,b5015e00f700c3014401110fea000000,,,,,False,,,,,,,,,,False,False
/battle/b_pl_tower/pl_btdpm.narc,/battle/b_pl_tower/pl_btdpm.narc!/member_00704,0,/battle/b_pl_tower/pl_btdpm.narc,149,704,,18924,18940,11264,11280,16,4a577678c277f8f359a0612583edda6ccb5b661ab5f178120256b5f551fb8c7d,c401b801a801a601a7010a0de8000000,,,,,False,,,,,,,,,,False,False
/battle/b_pl_tower/pl_btdpm.narc,/battle/b_pl_tower/pl_btdpm.narc!/member_00705,0,/battle/b_pl_tower/pl_btdpm.narc,149,705,,18940,18956,11280,11296,16,f6c42e9e6e5087a58b340e4b57f2398247d8356b1d712198def81fa8fdaa1ba1,9501a601a701140156000303d6000000,,,,,False,,,,,,,,,,False,False
/battle/b_pl_tower/pl_btdpm.narc,/battle/b_pl_tower/pl_btdpm.narc!/member_00706,0,/battle/b_pl_tower/pl_btdpm.narc,149,706,,18956,18972,11296,11312,16,b50c690541407b28c2150bc9351567ad4f2abbc52b861f7712fc1e54cd45bf5b,26000101d2018a005f00280a09010000,,,,,False,,,,,,,,,,False,False
/battle/b_pl_tower/pl_btdpm.narc,/battle/b_pl_tower/pl_btdpm.narc!/member_00707,0,/battle/b_pl_tower/pl_btdpm.narc,149,707,,18972,18988,11312,11328,16,47c9bfb2e83907bef06556b5790a5c62af75bf1ce4421d1dde45794f7c067ee9,4400df005900bc0108000303d9000000,,,,,False,,,,,,,,,,False,False
/battle/b_pl_tower/pl_btdpm.narc,/battle/b_pl_tower/pl_btdpm.narc!/member_00708,0,/battle/b_pl_tower/pl_btdpm.narc,149,708,,18988,19004,11328,11344,16,b1af814877d8ed6bbeb65a8733b5192140567d973900ad17c0fea9c495bb5a25,d5006801a40068007b012508ff000000,,,,,False,,,,,,,,,,False,False
/battle/b_pl_tower/pl_btdpm.narc,/battle/b_pl_tower/pl_btdpm.narc!/member_00709,0,/battle/b_pl_tower/pl_btdpm.narc,149,709,,19004,19020,11344,11360,16,875cb625fb5d380bcfbc1a8540820435f971cac519cb528fdd116b73d0e0d8ff,9701b501bc003f004001180fd6000000,,,,,False,,,,,,,,,,False,False
/battle/b_pl_tower/pl_btdpm.narc,/battle/b_pl_tower/pl_btdpm.narc!/member_00710,0,/battle/b_pl_tower/pl_btdpm.narc,149,710,,19020,19036,11360,11376,16,e4eff857fc3f57bd33cdc6fc6a2811259eed1833f2f833264229740dbff7e34f,ae018f013a015e00f700110f0e010000,,,,,False,,,,,,,,,,False,False
/battle/b_pl_tower/pl_btdpm.narc,/battle/b_pl_tower/pl_btdpm.narc!/member_00711,0,/battle/b_pl_tower/pl_btdpm.narc,149,711,,19036,19052,11376,11392,16,dc3ff84b2efb278945d158c4bd7fbe9066ad7c024d08d3e3e377b831a6c1c88f,d00068017301cf00ae00060716010000,,,,,False,,,,,,,,,,False,False
/battle/b_pl_tower/pl_btdpm.narc,/battle/b_pl_tower/pl_btdpm.narc!/member_00712,0,/battle/b_pl_tower/pl_btdpm.narc,149,712,,19052,19068,11392,11408,16,14fd2a8eb97551d316f4b236bceac4825c3f192134e4c77cdc4320c448cd11bb,cd0190019401e80044000a0313010000,,,,,False,,,,,,,,,,False,False
/battle/b_pl_tower/pl_btdpm.narc,/battle/b_pl_tower/pl_btdpm.narc!/member_00713,0,/battle/b_pl_tower/pl_btdpm.narc,149,713,,19068,19084,11408,11424,16,061675e498dee4e6a5bdc3f83e6408811b8fd38e6b01a93336b6f0e10b30bebb,d8010c00590071014400090d13010000,,,,,False,,,,,,,,,,False,False
/battle/b_pl_tower/pl_btdpm.narc,/battle/b_pl_tower/pl_btdpm.narc!/member_00714,0,/battle/b_pl_tower/pl_btdpm.narc,149,714,,19084,19100,11424,11440,16,c6b066c38ded78a4f236a7aad60fd1abec23ef7c6fdf73aff92f86a0f083e9dc,49003900bc00ca00f300300f13010000,,,,,False,,,,,,,,,,False,False
/battle/b_pl_tower/pl_btdpm.narc,/battle/b_pl_tower/pl_btdpm.narc!/member_00715,0,/battle/b_pl_tower/pl_btdpm.narc,149,715,,19100,19116,11440,11456,16,5013f3a9e3ca1cc0c4ab9baaf58ff122f1552f8cda06263e32c6557e1aa51598,8e00a00159009d00f2000a03bc000000,,,,,False,,,,,,,,,,False,False
/battle/b_pl_tower/pl_btdpm.narc,/battle/b_pl_tower/pl_btdpm.narc!/member_00716,0,/battle/b_pl_tower/pl_btdpm.narc,149,716,,19116,19132,11456,11472,16,11d266ff69f837a716e607ee3fd0ec3c29c0cd281c61ad804c107677e96402a1,e900a10055005e003a00110f0b010000,,,,,False,,,,,,,,,,False,False
/battle/b_pl_tower/pl_btdpm.narc,/battle/b_pl_tower/pl_btdpm.narc!/member_00717,0,/battle/b_pl_tower/pl_btdpm.narc,149,717,,19132,19148,11472,11488,16,c48f5914e389c6a5d040321fbd1e7306d90e30139f1e80c9b63bc3938cc399eb,cf01d8006801ae009c0003029d000000,,,,,False,,,,,,,,,,False,False
/battle/b_pl_tower/pl_btdpm.narc,/battle/b_pl_tower/pl_btdpm.narc!/member_00718,0,/battle/b_pl_tower/pl_btdpm.narc,149,718,,19148,19164,11488,11504,16,3279bdd8f252d53f0012e54bd7cabbbfca14a62e90a92918a7d530ae94dd93cb,d5013e01f600d201ca00180f9d000000,,,,,False,,,,,,,,,,False,False
/battle/b_pl_tower/pl_btdpm.narc,/battle/b_pl_tower/pl_btdpm.narc!/member_00719,0,/battle/b_pl_tower/pl_btdpm.narc,149,719,,19164,19180,11504,11520,16,01ee19970fca54bd1ddae1c3fec99c508f383f43c3bb4ee4ffb37f9de349a0c1,1a015e00c3019c019b01300fd5000000,,,,,False,,,,,,,,,,False,False
/battle/b_pl_tower/pl_btdpm.narc,/battle/b_pl_tower/pl_btdpm.narc!/member_00720,0,/battle/b_pl_tower/pl_btdpm.narc,149,720,,19180,19196,11520,11536,16,9c967434da26eed0bb3337c65a791d475cdd96264aa1cb6ab5730ba64986cfff,db01ab01bc014c0194012203e8000000,,,,,False,,,,,,,,,,False,False
/battle/b_pl_tower/pl_btdpm.narc,/battle/b_pl_tower/pl_btdpm.narc!/member_00721,0,/battle/b_pl_tower/pl_btdpm.narc,149,721,,19196,19212,11536,11552,16,1df25bc25f34256dbf4016dab4af1ab529e3f026051159d4098ab3c3fcfed7fd,6700c401ac01b1019900030213010000,,,,,False,,,,,,,,,,False,False
/battle/b_pl_tower/pl_btdpm.narc,/battle/b_pl_tower/pl_btdpm.narc!/member_00722,0,/battle/b_pl_tower/pl_btdpm.narc,149,722,,19212,19228,11552,11568,16,4b0533ea727fcbc69dd0bdd33fdf55512ab9e26c132a01932cfee2e8a8238f73,790039005e0098014401180f0b010000,,,,,False,,,,,,,,,,False,False
/battle/b_pl_tower/pl_btdpm.narc,/battle/b_pl_tower/pl_btdpm.narc!/member_00723,0,/battle/b_pl_tower/pl_btdpm.narc,149,723,,19228,19244,11568,11584,16,25cf61db34fc89c44d6a48b68450133f769b693780cb390668b2ba4b3ecf04ed,4a01b2019e013500ca00180ad6000000,,,,,False,,,,,,,,,,False,False
/battle/b_pl_tower/pl_btdpm.narc,/battle/b_pl_tower/pl_btdpm.narc!/member_00724,0,/battle/b_pl_tower/pl_btdpm.narc,149,724,,19244,19260,11584,11600,16,f45b11356992ddd5e7fe5aee7d995b29fbeb322d4847db541ba18f33603a62df,86004a013b0088011901110fea000000,,,,,False,,,,,,,,,,False,False
/battle/b_pl_tower/pl_btdpm.narc,/battle/b_pl_tower/pl_btdpm.narc!/member_00725,0,/battle/b_pl_tower/pl_btdpm.narc,149,725,,19260,19276,11600,11616,16,c790af3abb7284a6dc2d4bee5a5f55fc9a804d742e77fc7299fe2e23401cac7d,87005700f700f0001901180aff000000,,,,,False,,,,,,,,,,False,False
/battle/b_pl_tower/pl_btdpm.narc,/battle/b_pl_tower/pl_btdpm.narc!/member_00726,0,/battle/b_pl_tower/pl_btdpm.narc,149,726,,19276,19292,11616,11632,16,c72ec7e4a87e78e85d4ced2f0ba44a9e37dd7ae91e8756303d6307ac50f00a80,88003b01f700bd000501300fd6000000,,,,,False,,,,,,,,,,False,False
/battle/b_pl_tower/pl_btdpm.narc,/battle/b_pl_tower/pl_btdpm.narc!/member_00727,0,/battle/b_pl_tower/pl_btdpm.narc,149,727,,19292,19308,11632,11648,16,eaae6ef2bc36dc6d6909d8aa6bd5ad68da36b64adae6ec67d09ad7c532458f30,c4005e00f7003f00bf01180f9d000000,,,,,False,,,,,,,,,,False,False
/battle/b_pl_tower/pl_btdpm.narc,/battle/b_pl_tower/pl_btdpm.narc!/member_00728,0,/battle/b_pl_tower/pl_btdpm.narc,149,728,,19308,19324,11648,11664,16,74debad7a4fb1c10ddadef78026478356470e202f4201746f40a85a7fdd0c0cb,c500b900cf00f40067000508ff000000,,,,,False,,,,,,,,,,False,False
/battle/b_pl_tower/pl_btdpm.narc,/battle/b_pl_tower/pl_btdpm.narc!/member_00729,0,/battle/b_pl_tower/pl_btdpm.narc,149,729,,19324,19340,11664,11680,16,38c942bd182b953c4b1f27275cc505c91622a664dcbe7e371c22f3deb22f4342,d6015c019401eb00f10006031c010000,,,,,False,,,,,,,,,,False,False
/battle/b_pl_tower/pl_btdpm.narc,/battle/b_pl_tower/pl_btdpm.narc!/member_00730,0,/battle/b_pl_tower/pl_btdpm.narc,149,730,,19340,19356,11680,11696,16,5fe4e41b6fafbfa3d567886d993d3941ca612d1cee467cdb20e1feee67d9ee11,d7013b003f000201f300140f13010000,,,,,False,,,,,,,,,,False,False
/battle/b_pl_tower/pl_btdpm.narc,/battle/b_pl_tower/pl_btdpm.narc!/member_00731,0,/battle/b_pl_tower/pl_btdpm.narc,149,731,,19356,19372,11696,11712,16,3028468440a3abb40e4c8872c07c6b73c79993782fb7ef4a83d960ffcee3f718,c001720159002b01a5010a030a010000,,,,,False,,,,,,,,,,False,False
/battle/b_pl_tower/pl_btdpm.narc,/battle/b_pl_tower/pl_btdpm.narc!/member_00732,0,/battle/b_pl_tower/pl_btdpm.narc,149,732,,19372,19388,11712,11728,16,501386ff0261b2b9e5320f92a07ae81cf7138796c5429d4256cd9723dbeacf15,c2011401a801a7015a000303d6000000,,,,,False,,,,,,,,,,False,False
/battle/b_pl_tower/pl_btdpm.narc,/battle/b_pl_tower/pl_btdpm.narc!/member_00733,0,/battle/b_pl_tower/pl_btdpm.narc,149,733,,19388,19404,11728,11744,16,3075a18492ef0d9e156c4a30f9c8463c675e2393c74f0fe30587cb7858182fbd,dc01bc01ba01590099000603e8000000,,,,,False,,,,,,,,,,False,False
/battle/b_pl_tower/pl_btdpm.narc,/battle/b_pl_tower/pl_btdpm.narc!/member_00734,0,/battle/b_pl_tower/pl_btdpm.narc,149,734,,19404,19420,11744,11760,16,1121ab5acc79b91704d4d0304b4fc56c3ab089e9a8a31341fe72664e454323cb,dd0145010700090008002203e8000000,,,,,False,,,,,,,,,,False,False
/battle/b_pl_tower/pl_btdpm.narc,/battle/b_pl_tower/pl_btdpm.narc!/member_00735,0,/battle/b_pl_tower/pl_btdpm.narc,149,735,,19420,19436,11760,11776,16,9c7e7c157756778c5b529754b4efbf4918ddac5c7d4c65334790e3e1d8b26091,3201e7009701a3014c0106030a010000,,,,,False,,,,,,,,,,False,False
/battle/b_pl_tower/pl_btdpm.narc,/battle/b_pl_tower/pl_btdpm.narc!/member_00736,0,/battle/b_pl_tower/pl_btdpm.narc,149,736,,19436,19452,11776,11792,16,e3589b8c8798d0bd97a7c4e28adc07a313c0f9b067f3ceb804e2666793a6d31e,6d0149015a009c00d6002405ff000000,,,,,False,,,,,,,,,,False,False
/battle/b_pl_tower/pl_btdpm.narc,/battle/b_pl_tower/pl_btdpm.narc!/member_00737,0,/battle/b_pl_tower/pl_btdpm.narc,149,737,,19452,19468,11792,11808,16,f6e7c2332eddf2d053d0a05fa8569242ad71cfd6fb1c660d043ac4ed573d46cc,d901590014015a0002010303ff000000,,,,,False,,,,,,,,,,False,False
/battle/b_pl_tower/pl_btdpm.narc,/battle/b_pl_tower/pl_btdpm.narc!/member_00738,0,/battle/b_pl_tower/pl_btdpm.narc,149,738,,19468,19484,11808,11824,16,8cc4482909b777ab2fa44c339d5817393aac912b33c7f73e0a51a548e1cdff2a,83007f00c800ac015d0103039d000000,,,,,False,,,,,,,,,,False,False
/battle/b_pl_tower/pl_btdpm.narc,/battle/b_pl_tower/pl_btdpm.narc!/member_00739,0,/battle/b_pl_tower/pl_btdpm.narc,149,739,,19484,19500,11824,11840,16,ddfa720bf97eb4ce31a1b488b8847e50062c8950f529741911ea53f379071572,a9009301bc0001018f01180fdd000000,,,,,False,,,,,,,,,,False,False
/battle/b_pl_tower/pl_btdpm.narc,/battle/b_pl_tower/pl_btdpm.narc!/member_00740,0,/battle/b_pl_tower/pl_btdpm.narc,149,740,,19500,19516,11840,11856,16,c9adf49b67f903b31b4b81f7b26d200c1581a195aef7303524f66b778984ea5d,ce01c301ae0189015600140f96000000,,,,,False,,,,,,,,,,False,False
/battle/b_pl_tower/pl_btdpm.narc,/battle/b_pl_tower/pl_btdpm.narc!/member_00741,0,/battle/b_pl_tower/pl_btdpm.narc,149,741,,19516,19532,11856,11872,16,6a99f740649cd3cd55ef2f557707f36e0be494f9fa1280b19c2a39378725bfc5,d0012000a30173014400050813010000,,,,,False,,,,,,,,,,False,False
/battle/b_pl_tower/pl_btdpm.narc,/battle/b_pl_tower/pl_btdpm.narc!/member_00742,0,/battle/b_pl_tower/pl_btdpm.narc,149,742,,19532,19548,11872,11888,16,4305185a91eb88598431bbbc4f6c031d09bea8e78a2f85e0674da931da091e74,d1014c007a01eb00f100140f1c010000,,,,,False,,,,,,,,,,False,False
/battle/b_pl_tower/pl_btdpm.narc,/battle/b_pl_tower/pl_btdpm.narc!/member_00743,0,/battle/b_pl_tower/pl_btdpm.narc,149,743,,19548,19564,11888,11904,16,7bec5a7b42f11f9325bf06d5bdf46e211e7c180a9953be69ab16b2ac3cb7016d,da015e003a004401c301110f0b010000,,,,,False,,,,,,,,,,False,False
/battle/b_pl_tower/pl_btdpm.narc,/battle/b_pl_tower/pl_btdpm.narc!/member_00744,0,/battle/b_pl_tower/pl_btdpm.narc,149,744,,19564,19580,11904,11920,16,f24463d54e943a962b0a8a35fb16979e9af21134f919be311f60d42f7760e418,8200c8007f00bc01a00122039c000000,,,,,False,,,,,,,,,,False,False
/battle/b_pl_tower/pl_btdpm.narc,/battle/b_pl_tower/pl_btdpm.narc!/member_00745,0,/battle/b_pl_tower/pl_btdpm.narc,149,745,,19580,19596,11920,11936,16,4b06727cfa2627a724aa65253b121c31abe1f747b50fe44b4d1765b2148b0f85,8f00c8001401b90192012203d6000000,,,,,False,,,,,,,,,,False,False
/battle/b_pl_tower/pl_btdpm.narc,/battle/b_pl_tower/pl_btdpm.narc!/member_00746,0,/battle/b_pl_tower/pl_btdpm.narc,149,746,,19596,19612,11936,11952,16,e89db34219fa2d5b1c630314a5a65fc4a8c4ab331f94d120130af42cffb0ac3e,e6007f00c800ba015d0103039d000000,,,,,False,,,,,,,,,,False,False
/battle/b_pl_tower/pl_btdpm.narc,/battle/b_pl_tower/pl_btdpm.narc!/member_00747,0,/battle/b_pl_tower/pl_btdpm.narc,149,747,,19612,19628,11952,11968,16,bb0dc96c207477664b62b76dab9435e0366a904c10bfc90b7c4b5fe32707a823,f200350055003a005b01110fd5000000,,,,,False,,,,,,,,,,False,False
/battle/b_pl_tower/pl_btdpm.narc,/battle/b_pl_tower/pl_btdpm.narc!/member_00748,0,/battle/b_pl_tower/pl_btdpm.narc,149,748,,19628,19644,11968,11984,16,d119477487f0d9c7d16cbce786e17eff5da40dda1737e8dd725ff40c1ebd98ca,5e0138003b00f3006900301409010000,,,,,False,,,,,,,,,,False,False
/battle/b_pl_tower/pl_btdpm.narc,/battle/b_pl_tower/pl_btdpm.narc!/member_00749,0,/battle/b_pl_tower/pl_btdpm.narc,149,749,,19644,19660,11984,12000,16,6d4fd33d903f39b1d5ea8a8d6ed3c921c3a871a8c09e6449e55af17df9f6926a,d20155005e009b014401180f0b010000,,,,,False,,,,,,,,,,False,False
/battle/b_pl_tower/pl_btdpm.narc,/battle/b_pl_tower/pl_btdpm.narc!/member_00750,0,/battle/b_pl_tower/pl_btdpm.narc,149,750,,19660,19676,12000,12016,16,3c2c81475f0491e18b1dbeb0b9bee4d8c357572e26d294b81105e51b9098bcfe,d3018a010900590018010a03b9000000,,,,,False,,,,,,,,,,False,False
/battle/b_pl_tower/pl_btdpm.narc,/battle/b_pl_tower/pl_btdpm.narc!/member_00751,0,/battle/b_pl_tower/pl_btdpm.narc,149,751,,19676,19692,12016,12032,16,445a59e7d2d44d6b4896c92de7cb09a435ce8127a824fd6bf2e582ead3caaf2f,d4019301010144015901180f0b010000,,,,,False,,,,,,,,,,False,False
/battle/b_pl_tower/pl_btdpm.narc,/battle/b_pl_tower/pl_btdpm.narc!/member_00752,0,/battle/b_pl_tower/pl_btdpm.narc,149,752,,19692,19708,12032,12048,16,755396977e82125de4fb6926b38abef28f3ee156dc2bf588300918de9ff7ce90,3b003b014c009601f100180fd6000000,,,,,False,,,,,,,,,,False,False
/battle/b_pl_tower/pl_btdpm.narc,/battle/b_pl_tower/pl_btdpm.narc!/member_00753,0,/battle/b_pl_tower/pl_btdpm.narc,149,753,,19708,19724,12048,12064,16,40f89e307c351664f366b15b730b55f5dcb9cf355c97835ebc940191e9bcecd0,9500b201350055003900140f0c010000,,,,,False,,,,,,,,,,False,False
/battle/b_pl_tower/pl_btdpm.narc,/battle/b_pl_tower/pl_btdpm.narc!/member_00754,0,/battle/b_pl_tower/pl_btdpm.narc,149,754,,19724,19740,12064,12080,16,985c99c82b5c5fd728dcc7bde3eccbbd7b165d79991e9bd0b3cbcfa738bfd657,f80014015101a50191010603d6000000,,,,,False,,,,,,,,,,False,False
/battle/b_pl_tower/pl_btdpm.narc,/battle/b_pl_tower/pl_btdpm.narc!/member_00755,0,/battle/b_pl_tower/pl_btdpm.narc,149,755,,19740,19756,12080,12096,16,02b7aaf873dcf0c13f4b6549862797960c6e6168314b7d2bc68859eceaf7d7a0,7501b20138003500d201180f0b010000,,,,,False,,,,,,,,,,False,False
/battle/b_pl_tower/pl_btdpm.narc,/battle/b_pl_tower/pl_btdpm.narc!/member_00756,0,/battle/b_pl_tower/pl_btdpm.narc,149,756,,19756,19772,12096,12112,16,326b5f458a4c1a1a64e89cf193820fcaf9678c6227037d14fb543610874b3ccf,78016701090008004c010603b8000000,,,,,False,,,,,,,,,,False,False
/battle/b_pl_tower/pl_btdpm.narc,/battle/b_pl_tower/pl_btdpm.narc!/member_00757,0,/battle/b_pl_tower/pl_btdpm.narc,149,757,,19772,19788,12112,12128,16,7a9a570012301aaeb69a8b22d379ac0b7e0022b7c2d21cf4b6e07211264aa858,bd019701bc0191014c010a0313010000,,,,,False,,,,,,,,,,False,False
/battle/b_pl_tower/pl_btdpm.narc,/battle/b_pl_tower/pl_btdpm.narc!/member_00758,0,/battle/b_pl_tower/pl_btdpm.narc,149,758,,19788,19804,12128,12144,16,8f2e5f9362cc1f39165ecd33eb52f2c8ee1841658f9891f96d031b46358fa229,2101d8009001b9014c010a0d0e010000,,,,,False,,,,,,,,,,False,False
/battle/b_pl_tower/pl_btdpm.narc,/battle/b_pl_tower/pl_btdpm.narc!/member_00759,0,/battle/b_pl_tower/pl_btdpm.narc,149,759,,19804,19820,12144,12160,16,b2868e26e76509d27186104577f9addc593d60ef14f969a48a5d2795d06c2f36,03005201bc003f00eb00110f0b010000,,,,,False,,,,,,,,,,False,False
/battle/b_pl_tower/pl_btdpm.narc,/battle/b_pl_tower/pl_btdpm.narc!/member_00760,0,/battle/b_pl_tower/pl_btdpm.narc,149,760,,19820,19836,12160,12176,16,2260def00bf3cc71b6dac4416cdf4a3d65ee3fefc371f85fa152c1b064d16e57,0600330193019b01f600180ad5000000,,,,,False,,,,,,,,,,False,False
/battle/b_pl_tower/pl_btdpm.narc,/battle/b_pl_tower/pl_btdpm.narc!/member_00761,0,/battle/b_pl_tower/pl_btdpm.narc,149,761,,19836,19852,12176,12192,16,bd95897988c6b8e977f3a951e8f90a66dce8b68291d303833d47d954f4564719,090034013a003f009b01110ffd000000,,,,,False,,,,,,,,,,False,False
/battle/b_pl_tower/pl_btdpm.narc,/battle/b_pl_tower/pl_btdpm.narc!/member_00762,0,/battle/b_pl_tower/pl_btdpm.narc,149,762,,19852,19868,12192,12208,16,706a8eb0ba63893f8e54cd0e3dba371c2f1432ba60f23d71ac75b5183039061d,9a005201f6003f007100110fff000000,,,,,False,,,,,,,,,,False,False
/battle/b_pl_tower/pl_btdpm.narc,/battle/b_pl_tower/pl_btdpm.narc!/member_00763,0,/battle/b_pl_tower/pl_btdpm.narc,149,763,,19868,19884,12208,12224,16,42844cda67c3dd1f0352ca565f4830d1b3fb63d4dfed6f733e2b671b86aaa9c2,9d003b014c009b01f100180fd6000000,,,,,False,,,,,,,,,,False,False
/battle/b_pl_tower/pl_btdpm.narc,/battle/b_pl_tower/pl_btdpm.narc!/member_00764,0,/battle/b_pl_tower/pl_btdpm.narc,149,764,,19884,19900,12224,12240,16,1379bdd43ab5203dbfeb26de8c096fbfd6f9fc2cf4a2ec61e8a357e0bed8b472,a0007f005900a7015d0106039d000000,,,,,False,,,,,,,,,,False,False
/battle/b_pl_tower/pl_btdpm.narc,/battle/b_pl_tower/pl_btdpm.narc!/member_00765,0,/battle/b_pl_tower/pl_btdpm.narc,149,765,,19900,19916,12240,12256,16,e114c7d41836c215bc15ae3470cd326d749e9b5983b2b45f22c8158405d03b59,fe00b50196019b013f00180ab8000000,,,,,False,,,,,,,,,,False,False
/battle/b_pl_tower/pl_btdpm.narc,/battle/b_pl_tower/pl_btdpm.narc!/member_00766,0,/battle/b_pl_tower/pl_btdpm.narc,149,766,,19916,19932,12256,12272,16,1b8294869cc9514b950683525d760c6c0e954fd003c44ee4138b72ce32223ee3,01018a011401090090010a03d6000000,,,,,False,,,,,,,,,,False,False
/battle/b_pl_tower/pl_btdpm.narc,/battle/b_pl_tower/pl_btdpm.narc!/member_00767,0,/battle/b_pl_tower/pl_btdpm.narc,149,767,,19932,19948,12272,12288,16,ea4d40f3eb8a441e34401829ebdb9569227a34336cdf21f0400c7514de139caf,040159009101a301f3000303bb000000,,,,,False,,,,,,,,,,False,False
/battle/b_pl_tower/pl_btdpm.narc,/battle/b_pl_tower/pl_btdpm.narc!/member_00768,0,/battle/b_pl_tower/pl_btdpm.narc,149,768,,19948,19964,12288,12304,16,90de82cd0519730b6da26ed9ac5c418ed7133f1adb7410d54fe87f6e56ee1dbd,8501c4015900bc01f2000303d9000000,,,,,False,,,,,,,,,,False,False
/battle/b_pl_tower/pl_btdpm.narc,/battle/b_pl_tower/pl_btdpm.narc!/member_00769,0,/battle/b_pl_tower/pl_btdpm.narc,149,769,,19964,19980,12304,12320,16,55268f312a7578002af91338f296f9e84524bf3f8ed17abc8781d138f910beeb,88018a017201590009000a0ddd000000,,,,,False,,,,,,,,,,False,False
/battle/b_pl_tower/pl_btdpm.narc,/battle/b_pl_tower/pl_btdpm.narc!/member_00770,0,/battle/b_pl_tower/pl_btdpm.narc,149,770,,19980,19996,12320,12336,16,5aee00a9d20b5d10ce4942f1c5c23c11b4dbf4479992c920f89b461561a753fe,8b013401ae01410059001202d9000000,,,,,False,,,,,,,,,,False,False
/battle/b_pl_tower/pl_btdpm.narc,/battle/b_pl_tower/pl_btdpm.narc!/member_00771,0,/battle/b_pl_tower/pl_btdpm.narc,149,771,,19996,20012,12336,12352,16,b9a63933ae66350ab0939e6009ff68359d505643ec5bad6c43e34b2b2b8acba3,33005900bc01a300a5010a030a010000,,,,,False,,,,,,,,,,False,False
/battle/b_pl_tower/pl_btdpm.narc,/battle/b_pl_tower/pl_btdpm.narc!/member_00772,0,/battle/b_pl_tower/pl_btdpm.narc,149,772,,20012,20028,12352,12368,16,47af64949c9085594222021edf6446327a82becc4d75218b7bf6ac8c6af78c1c,69005900bc01ba010900060302010000,,,,,False,,,,,,,,,,False,False
/battle/b_pl_tower/pl_btdpm.narc,/battle/b_pl_tower/pl_btdpm.narc!/member_00773,0,/battle/b_pl_tower/pl_btdpm.narc,149,773,,20028,20044,12368,12384,16,2ae54f0eccd7479e9a30ca7670c67e05ec92cf4d5df69550a6b66934afa1baac,3401ab010700090008000a03e8000000,,,,,False,,,,,,,,,,False,False
/battle/b_pl_tower/pl_btdpm.narc,/battle/b_pl_tower/pl_btdpm.narc!/member_00774,0,/battle/b_pl_tower/pl_btdpm.narc,149,774,,20044,20060,12384,12400,16,cc2b92f7589032d5029ca3e4bd42fda4ded27f762b8da618c42707a2fcaa657b,c30059007f00bc01080003030a010000,,,,,False,,,,,,,,,,False,False
/battle/b_pl_tower/pl_btdpm.narc,/battle/b_pl_tower/pl_btdpm.narc!/member_00775,0,/battle/b_pl_tower/pl_btdpm.narc,149,775,,20060,20076,12400,12416,16,2f54c4eb76c93e87842bd1c9aba55599557f143e1b321b79f2c114c48e33c637,d200a00172015900bc0103030e010000,,,,,False,,,,,,,,,,False,False
/battle/b_pl_tower/pl_btdpm.narc,/battle/b_pl_tower/pl_btdpm.narc!/member_00776,0,/battle/b_pl_tower/pl_btdpm.narc,149,776,,20076,20092,12416,12432,16,fede031e6dc77785965fe9cde48e7cb2e435df1489d6abbed9ccddbb87ce4d77,7c003a005e009b01f700180f29010000,,,,,False,,,,,,,,,,False,False
/battle/b_pl_tower/pl_btdpm.narc,/battle/b_pl_tower/pl_btdpm.narc!/member_00777,0,/battle/b_pl_tower/pl_btdpm.narc,149,777,,20092,20108,12432,12448,16,9c6f07b0d6db0d35783931c4722bda039d7a64d6bb1de9f0fec0e6b03fc8d387,7a005e00c301f7009b01300f29010000,,,,,False,,,,,,,,,,False,False
/battle/b_pl_tower/pl_btdpm.narc,/battle/b_pl_tower/pl_btdpm.narc!/member_00778,0,/battle/b_pl_tower/pl_btdpm.narc,149,778,,20108,20124,12448,12464,16,d7561611467ce3d27df426cea89c9987c648862af067a05ee137634383c1f3b9,ab00390055003a004401110f0c010000,,,,,False,,,,,,,,,,False,False
/battle/b_pl_tower/pl_btdpm.narc,/battle/b_pl_tower/pl_btdpm.narc!/member_00779,0,/battle/b_pl_tower/pl_btdpm.narc,149,779,,20124,20140,12464,12480,16,444f12ee85008209c82606a3a5734de88c7e71492abb4feab638321e444fc511,1e0108019201a00193000603fd000000,,,,,False,,,,,,,,,,False,False
/battle/b_pl_tower/pl_btdpm.narc,/battle/b_pl_tower/pl_btdpm.narc!/member_00780,0,/battle/b_pl_tower/pl_btdpm.narc,149,780,,20140,20156,12480,12496,16,073ec907ff709573c890228dd6b5f8cd9ba2d501d48f49fad2c9265d733c0897,cd009900260059009d000603ff000000,,,,,False,,,,,,,,,,False,False
/battle/b_pl_tower/pl_btdpm.narc,/battle/b_pl_tower/pl_btdpm.narc!/member_00781,0,/battle/b_pl_tower/pl_btdpm.narc,149,781,,20156,20172,12496,12512,16,79683b9a109c55a51cb3f73f12bd3ced31e969aa8f006e21ae0ce9d6e9c32bcd,e3009d01d30094019d0006030e010000,,,,,False,,,,,,,,,,False,False
/battle/b_pl_tower/pl_btdpm.narc,/battle/b_pl_tower/pl_btdpm.narc!/member_00782,0,/battle/b_pl_tower/pl_btdpm.narc,149,782,,20172,20188,12512,12528,16,0b69bb02347f910b0c37869a993686bff119cd0d8beab828eb5174f8413a6df2,670190011401a001ac010a03dc000000,,,,,False,,,,,,,,,,False,False
/battle/b_pl_tower/pl_btdpm.narc,/battle/b_pl_tower/pl_btdpm.narc!/member_00783,0,/battle/b_pl_tower/pl_btdpm.narc,149,783,,20188,20204,12528,12544,16,a3c729306f379b2ca461bd1616f2bb9e29820c356146ae42b26d6410a3250e69,540159009101ac01bc0103030a010000,,,,,False,,,,,,,,,,False,False
/battle/b_pl_tower/pl_btdpm.narc,/battle/b_pl_tower/pl_btdpm.narc!/member_00784,0,/battle/b_pl_tower/pl_btdpm.narc,149,784,,20204,20220,12544,12560,16,7ba09a83923754a3e079619f78203d666f6ce40322df59373f019be2520cdae0,2901ee005900bc018e010303e8000000,,,,,False,,,,,,,,,,False,False
/battle/b_pl_tower/pl_btdpm.narc,/battle/b_pl_tower/pl_btdpm.narc!/member_00785,0,/battle/b_pl_tower/pl_btdpm.narc,149,785,,20220,20236,12560,12576,16,891e112d21d4dffcc93b3ea82f57d70ab4eea0c4f32702c31f222fc74293c21b,a001c601c701c8016d000303fd000000,,,,,False,,,,,,,,,,False,False
/battle/b_pl_tower/pl_btdpm.narc,/battle/b_pl_tower/pl_btdpm.narc!/member_00786,0,/battle/b_pl_tower/pl_btdpm.narc,149,786,,20236,20252,12576,12592,16,a787a853a10d305f017ef45bbc009abfb4ddd870e3a5be0e6043479581aed241,1a005801d800180156000a03d5000000,,,,,False,,,,,,,,,,False,False
/battle/b_pl_tower/pl_btdpm.narc,/battle/b_pl_tower/pl_btdpm.narc!/member_00787,0,/battle/b_pl_tower/pl_btdpm.narc,149,787,,20252,20268,12592,12608,16,ab8cc1d1131be70defd4c6aa2059bfbaf266019593bb5a1e00ca30aa3c10f8f4,570039003a0044019c00301496000000,,,,,False,,,,,,,,,,False,False
/battle/b_pl_tower/pl_btdpm.narc,/battle/b_pl_tower/pl_btdpm.narc!/member_00788,0,/battle/b_pl_tower/pl_btdpm.narc,149,788,,20268,20284,12608,12624,16,1d82820504214d58a271499126b355369a50040679208cc0df89a5f436747677,36015500350044018100180ad5000000,,,,,False,,,,,,,,,,False,False
/battle/b_pl_tower/pl_btdpm.narc,/battle/b_pl_tower/pl_btdpm.narc!/member_00789,0,/battle/b_pl_tower/pl_btdpm.narc,149,789,,20284,20300,12624,12640,16,4aa8c9f561c40cffa754e9b54a28c5aa9ab14d821cb590f0be9d68671c8326d9,8e019d01a001720171010a03dc000000,,,,,False,,,,,,,,,,False,False
/battle/b_pl_tower/pl_btdpm.narc,/battle/b_pl_tower/pl_btdpm.narc!/member_00790,0,/battle/b_pl_tower/pl_btdpm.narc,149,790,,20300,20316,12640,12656,16,33ec7f3b1afe5cbfae6a105ff24b0368cf1e5458d799ca7dbfd95db57204247a,a70139009e013a00bc00110f0b010000,,,,,False,,,,,,,,,,False,False
/battle/b_pl_tower/pl_btdpm.narc,/battle/b_pl_tower/pl_btdpm.narc!/member_00791,0,/battle/b_pl_tower/pl_btdpm.narc,149,791,,20316,20332,12656,12672,16,2787f1b897cb817de422e37b08686c3498605baa438ed5c8c48d34212a952193,b3018e019001f20099000a0d0a010000,,,,,False,,,,,,,,,,False,False
/battle/b_pl_tower/pl_btdpm.narc,/battle/b_pl_tower/pl_btdpm.narc!/member_00792,0,/battle/b_pl_tower/pl_btdpm.narc,149,792,,20332,20348,12672,12688,16,5edb9a5521273213aa664f75cdc7c04dc87383b7e16250cf9f57cadfeb5dca0b,2d00bc009c013f00eb00110f0b010000,,,,,False,,,,,,,,,,False,False
/battle/b_pl_tower/pl_btdpm.narc,/battle/b_pl_tower/pl_btdpm.narc!/member_00793,0,/battle/b_pl_tower/pl_btdpm.narc,149,793,,20348,20364,12688,12704,16,32f625f8ac851bcc2ae6e8fc74ba6fadec3455020e449e0efd976fbb48f81f0a,47004c00bc007a01f100110fe6000000,,,,,False,,,,,,,,,,False,False
/battle/b_pl_tower/pl_btdpm.narc,/battle/b_pl_tower/pl_btdpm.narc!/member_00794,0,/battle/b_pl_tower/pl_btdpm.narc,149,794,,20364,20380,12704,12720,16,e2cbde5aee990452cd8de993c825d32a7d5a9f791854bf310a2ff569b60b39ef,6500550044019900f300180013010000,,,,,False,,,,,,,,,,False,False
/battle/b_pl_tower/pl_btdpm.narc,/battle/b_pl_tower/pl_btdpm.narc!/member_00795,0,/battle/b_pl_tower/pl_btdpm.narc,149,795,,20380,20396,12720,12736,16,d705ecf2f9053ed8881abc7f2c385550841bcb231be7695a3f989b4ffc16aca0,10013900ca003a00f000300f9d000000,,Nintendo LZ10,Probable,,True,Nintendo LZ10,Probable,True,14593,False,,,,,False,False
/battle/b_pl_tower/pl_btdpm.narc,/battle/b_pl_tower/pl_btdpm.narc!/member_00796,0,/battle/b_pl_tower/pl_btdpm.narc,149,796,,20396,20412,12736,12752,16,6153fbc549a715cf986d820a6b8203dca855a9d2e9b13d7a98e9b64534dd76ea,1301920185014c019900030395000000,,,,,False,,,,,,,,,,False,False
/battle/b_pl_tower/pl_btdpm.narc,/battle/b_pl_tower/pl_btdpm.narc!/member_00797,0,/battle/b_pl_tower/pl_btdpm.narc,149,797,,20412,20428,12752,12768,16,2a448da25eb6edeff668c650fa1f276db58f4d25501e2dcb546bce956c6fd72b,270130013b0139003a00110fd6000000,,,,,False,,,,,,,,,,False,False
/battle/b_pl_tower/pl_btdpm.narc,/battle/b_pl_tower/pl_btdpm.narc!/member_00798,0,/battle/b_pl_tower/pl_btdpm.narc,149,798,,20428,20444,12768,12784,16,42df8c0f1d6e0cc393ed076787d8a020cc357395d3e32d7663ef3fcfda14cbf9,6a013b008f0149010201110fff000000,,,,,False,,,,,,,,,,False,False
/battle/b_pl_tower/pl_btdpm.narc,/battle/b_pl_tower/pl_btdpm.narc!/member_00799,0,/battle/b_pl_tower/pl_btdpm.narc,149,799,,20444,20460,12784,12800,16,b3156cd256cfc8f9fe557a8de7cb69c6c27a3ba8a475448950c8caf38d65a5f9,ac0192000700090008000a0d0a010000,,,,,False,,,,,,,,,,False,False
/battle/b_pl_tower/pl_btdpm.narc,/battle/b_pl_tower/pl_btdpm.narc!/member_00800,0,/battle/b_pl_tower/pl_btdpm.narc,149,800,,20460,20476,12800,12816,16,6e6f63c1fd3b60adc74fcc86d350b74234e12f7bbd77263e5a02a432884cd792,de013b00f7005e000201180fff000000,,,,,False,,,,,,,,,,False,False
/battle/b_pl_tower/pl_btdpm.narc,/battle/b_pl_tower/pl_btdpm.narc!/member_00801,0,/battle/b_pl_tower/pl_btdpm.narc,149,801,,20476,20492,12816,12832,16,333d7595fa1a08d06399ba514290105f965b8615a08240a6bfdf3ad4a68c6c5c,a801ca010700090008000a030e010000,,,,,False,,,,,,,,,,False,False
/battle/b_pl_tower/pl_btdpm.narc,/battle/b_pl_tower/pl_btdpm.narc!/member_00802,0,/battle/b_pl_tower/pl_btdpm.narc,149,802,,20492,20508,12832,12848,16,ff7d89209b5ccc68a782210c67d59d977784c75ddada6123f10b2a2c4e85326f,61005e00f70044019b01300f29010000,,,,,False,,,,,,,,,,False,False
/battle/b_pl_tower/pl_btdpm.narc,/battle/b_pl_tower/pl_btdpm.narc!/member_00803,0,/battle/b_pl_tower/pl_btdpm.narc,149,803,,20508,20524,12848,12864,16,4138cd442c4c66fb74f83e663a2ff947a1c489aa0af1f3327c952a94fb0ff00b,4c005900bc01680199000602d9000000,,,,,False,,,,,,,,,,False,False
/battle/b_pl_tower/pl_btdpm.narc,/battle/b_pl_tower/pl_btdpm.narc!/member_00804,0,/battle/b_pl_tower/pl_btdpm.narc,149,804,,20524,20540,12864,12880,16,3d93c1af8164791dfda0d165d5fbceb72ec4b56c64173ce3eee7c2f610ee6c3c,70005900bc01e00020000303d9000000,,,,,False,,,,,,,,,,False,False
/battle/b_pl_tower/pl_btdpm.narc,/battle/b_pl_tower/pl_btdpm.narc!/member_00805,0,/battle/b_pl_tower/pl_btdpm.narc,149,805,,20540,20556,12880,12896,16,5ee0052fcaf1c16dfac59feddd6d0b94a49202093ec5b587c628a43b2eea059d,50005e0039003a00b1011111ea000000,,,,,False,,,,,,,,,,False,False
/battle/b_pl_tower/pl_btdpm.narc,/battle/b_pl_tower/pl_btdpm.narc!/member_00806,0,/battle/b_pl_tower/pl_btdpm.narc,149,806,,20556,20572,12896,12912,16,706061df1873da01adb29a50a9c648afb876e2be3b7e1b43c2b740e8b209974f,6e00bc003500f700c200140fd9000000,,,,,False,,,,,,,,,,False,False
/battle/b_pl_tower/pl_btdpm.narc,/battle/b_pl_tower/pl_btdpm.narc!/member_00807,0,/battle/b_pl_tower/pl_btdpm.narc,149,807,,20572,20588,12912,12928,16,e8db5f91b165bb2ae4ffb791cc7fc837fdba338f1976eba60b71dd6f8c47536c,7300a0015900f200c80003030a010000,,,,,False,,,,,,,,,,False,False
/battle/b_pl_tower/pl_btdpm.narc,/battle/b_pl_tower/pl_btdpm.narc!/member_00808,0,/battle/b_pl_tower/pl_btdpm.narc,149,808,,20588,20604,12928,12944,16,43f70ecf2849ee191bcf6b1d4c2f0637ec2781d2911c7c93366a0f5d537f4e97,8000d8005900bc01ac010a03dc000000,,,,,False,,,,,,,,,,False,False
/battle/b_pl_tower/pl_btdpm.narc,/battle/b_pl_tower/pl_btdpm.narc!/member_00809,0,/battle/b_pl_tower/pl_btdpm.narc,149,809,,20604,20620,12944,12960,16,26d8dd73e4d3cb0e0059fb4769c426b4981c869af4373703f30645e114cfb50d,41005e00f7009c019b01180f0c010000,,,,,False,,,,,,,,,,False,False
/battle/b_pl_tower/pl_btdpm.narc,/battle/b_pl_tower/pl_btdpm.narc!/member_00810,0,/battle/b_pl_tower/pl_btdpm.narc,149,810,,20620,20636,12960,12976,16,5a589ce6e4cbec1e7be2a4bbc423711f35be03381df8c735ce72916e30229999,c7005e0039003a003500110f0b010000,,,,,False,,,,,,,,,,False,False
/battle/b_pl_tower/pl_btdpm.narc,/battle/b_pl_tower/pl_btdpm.narc!/member_00811,0,/battle/b_pl_tower/pl_btdpm.narc,149,811,,20636,20652,12976,12992,16,ffc1035325cf448a22cc7e8ed5a0e569e9ed7c6e6778902300958c61015a0ae2,f100a00159009d00ac010a030a010000,,,,,False,,,,,,,,,,False,False
/battle/b_pl_tower/pl_btdpm.narc,/battle/b_pl_tower/pl_btdpm.narc!/member_00812,0,/battle/b_pl_tower/pl_btdpm.narc,149,812,,20652,20668,12992,13008,16,7d714028434ca5419fde1aba68505dbd1092f2febc89ea19d2bced72986f4d6c,4e01b2013a0135003a00180fd6000000,,,,,False,,,,,,,,,,False,False
/battle/b_pl_tower/pl_btdpm.narc,/battle/b_pl_tower/pl_btdpm.narc!/member_00813,0,/battle/b_pl_tower/pl_btdpm.narc,149,813,,20668,20684,13008,13024,16,c19564791e8d8914ccd8e6edfb3d9823c594aeded3f3c958a19ea36e1d6d9278,c601b901ee005900bc010a0346010000,,,,,False,,,,,,,,,,False,False
/battle/b_pl_tower/pl_btdpm.narc,/battle/b_pl_tower/pl_btdpm.narc!/member_00814,0,/battle/b_pl_tower/pl_btdpm.narc,149,814,,20684,20700,13024,13040,16,97f0fc0b60ce4f4bcd60abd88ecb9f9c7df3584f3ebbeaac78e0247980bd3658,cc01c401a30159009d000302fd000000,,,,,False,,,,,,,,,,False,False
/battle/b_pl_tower/pl_btdpm.narc,/battle/b_pl_tower/pl_btdpm.narc!/member_00815,0,/battle/b_pl_tower/pl_btdpm.narc,149,815,,20700,20716,13040,13056,16,af8864f86ca74cd940145143001e7739e982b4c99d12e0a8b287b773be65bb7a,1f0059008e011401f200030346010000,,,,,False,,,,,,,,,,False,False
/battle/b_pl_tower/pl_btdpm.narc,/battle/b_pl_tower/pl_btdpm.narc!/member_00816,0,/battle/b_pl_tower/pl_btdpm.narc,149,816,,20716,20732,13056,13072,16,79a2103f780f76632bc3112c5f735258d355d1b084ba02720211529dc612f3c1,220059008e01e000c8000a030a010000,,,,,False,,,,,,,,,,False,False
/battle/b_pl_tower/pl_btdpm.narc,/battle/b_pl_tower/pl_btdpm.narc!/member_00817,0,/battle/b_pl_tower/pl_btdpm.narc,149,817,,20732,20748,13072,13088,16,3b46863d1c3f79572c781ebd116321e31fd6e547b71784266f7d22707905f0a4,5a01bc0192015900f3002514ea000000,,,,,False,,,,,,,,,,False,False
/battle/b_pl_tower/pl_btdpm.narc,/battle/b_pl_tower/pl_btdpm.narc!/member_00818,0,/battle/b_pl_tower/pl_btdpm.narc,149,818,,20748,20764,13088,13104,16,3b6f8b0398e179055223a9417e11742254b539f6127970b3d4045d017fe1ec88,5c01bc0194015900b80106030e010000,,,,,False,,,,,,,,,,False,False
/battle/b_pl_tower/pl_btdpm.narc,/battle/b_pl_tower/pl_btdpm.narc!/member_00819,0,/battle/b_pl_tower/pl_btdpm.narc,149,819,,20764,20780,13104,13120,16,3eb54f476d90ad772ec36f8972b2dd2ca6fcc111f6d90365e69794c6000af975,9b017001bc01a301ae00030313010000,,,,,False,,,,,,,,,,False,False
/battle/b_pl_tower/pl_btdpm.narc,/battle/b_pl_tower/pl_btdpm.narc!/member_00820,0,/battle/b_pl_tower/pl_btdpm.narc,149,820,,20780,20796,13120,13136,16,ca0488f806b441760bcd9709019f7cfc84f0eb70320ccc1b0db5c95eba2c1297,a3019101a701f20018010a0347010000,,,,,False,,,,,,,,,,False,False
/battle/b_pl_tower/pl_btdpm.narc,/battle/b_pl_tower/pl_btdpm.narc!/member_00821,0,/battle/b_pl_tower/pl_btdpm.narc,149,821,,20796,20812,13136,13152,16,a604aadc716be67f344c2828991c5852c17f20db1f718ae20013fda2d9b584b4,ad01f7005e005500c200180a13010000,,,,,False,,,,,,,,,,False,False
/battle/b_pl_tower/pl_btdpm.narc,/battle/b_pl_tower/pl_btdpm.narc!/member_00822,0,/battle/b_pl_tower/pl_btdpm.narc,149,822,,20812,20828,13152,13168,16,fd7cb3a9b22cbe62c7b91439a998243ae46efe6059533b3a291c395e66203e9b,aa01f7003a013e0199000318ff000000,,,,,False,,,,,,,,,,False,False
/battle/b_pl_tower/pl_btdpm.narc,/battle/b_pl_tower/pl_btdpm.narc!/member_00823,0,/battle/b_pl_tower/pl_btdpm.narc,149,823,,20828,20844,13168,13184,16,e14a8c032014ea7bb719e6196bda00ffb284ee378990752bc25431de043db3f6,370038005e003a004401110fba000000,,,,,False,,,,,,,,,,False,False
/battle/b_pl_tower/pl_btdpm.narc,/battle/b_pl_tower/pl_btdpm.narc!/member_00824,0,/battle/b_pl_tower/pl_btdpm.narc,149,824,,20844,20860,13184,13200,16,840a41955144b36ff584ec26d2ecfdab2bd79050010b631f4cd8ef3b7020ecf4,3e007f00080159005f0003030c010000,,,,,False,,,,,,,,,,False,False
/battle/b_pl_tower/pl_btdpm.narc,/battle/b_pl_tower/pl_btdpm.narc!/member_00825,0,/battle/b_pl_tower/pl_btdpm.narc,149,825,,20860,20876,13200,13216,16,862e7f29ff5667e4655d18ad7672d2e7d9a852dd09513b7d573accc61c35bd67,4e008a01e00026005f000a0d96000000,,,,,False,,,,,,,,,,False,False
/battle/b_pl_tower/pl_btdpm.narc,/battle/b_pl_tower/pl_btdpm.narc!/member_00826,0,/battle/b_pl_tower/pl_btdpm.narc,149,826,,20876,20892,13216,13232,16,3ece11c7e33f2d23fbc10e5904e305b42ac56b31f17c4b268d35caa54c529be8,5900b901a901180199000303d9000000,,,,,False,,,,,,,,,,False,False
/battle/b_pl_tower/pl_btdpm.narc,/battle/b_pl_tower/pl_btdpm.narc!/member_00827,0,/battle/b_pl_tower/pl_btdpm.narc,149,827,,20892,20908,13232,13248,16,85de58bf6dd2caa98fe9f49178f3284ec5f65176263e4644fdf0f9ad85391618,5e00f700bc005500c200180f9d000000,,,,,False,,,,,,,,,,False,False
/battle/b_pl_tower/pl_btdpm.narc,/battle/b_pl_tower/pl_btdpm.narc!/member_00828,0,/battle/b_pl_tower/pl_btdpm.narc,149,828,,20908,20924,13248,13264,16,5789f4b42066a1eeb7ab8422d0af7927fa80a6d8b440073426d772fa959f0671,b50057009b0144019801111114010000,,,,,False,,,,,,,,,,False,False
/battle/b_pl_tower/pl_btdpm.narc,/battle/b_pl_tower/pl_btdpm.narc!/member_00829,0,/battle/b_pl_tower/pl_btdpm.narc,149,829,,20924,20940,13264,13280,16,f9a5d33c76c67c98183b1631200089bc4968f58460ae33816df020279f1fc351,ba0038003a005e005f00300fba000000,,,,,False,,,,,,,,,,False,False
/battle/b_pl_tower/pl_btdpm.narc,/battle/b_pl_tower/pl_btdpm.narc!/member_00830,0,/battle/b_pl_tower/pl_btdpm.narc,149,830,,20940,20956,13280,13296,16,2e36d81f0b11699a082c22297ef66e8ee96d49b0d3ec377e9b2f46d0b5ba9b30,7f009401590072010c000603e8000000,,,,,False,,,,,,,,,,False,False
/battle/b_pl_tower/pl_btdpm.narc,/battle/b_pl_tower/pl_btdpm.narc!/member_00831,0,/battle/b_pl_tower/pl_btdpm.narc,149,831,,20956,20972,13296,13312,16,af2ca56d92b1bd2ae89b3e40bb907b2b9c7aea948c2e6d21578b9327f1c9ca4a,d4009401ba014c0190010603b8000000,,,,,False,,,,,,,,,,False,False
/battle/b_pl_tower/pl_btdpm.narc,/battle/b_pl_tower/pl_btdpm.narc!/member_00832,0,/battle/b_pl_tower/pl_btdpm.narc,149,832,,20972,20988,13312,13328,16,7624bcfedd8010a4eb9bf435a71a49c7d106ee80e366eec05c74082322bda956,d600e0005900b300cb000a0dcb000000,,,,,False,,,,,,,,,,False,False
/battle/b_pl_tower/pl_btdpm.narc,/battle/b_pl_tower/pl_btdpm.narc!/member_00833,0,/battle/b_pl_tower/pl_btdpm.narc,149,833,,20988,21004,13328,13344,16,77a0b7ee39c664a2a5aee0911a44e579009c81934337b1662cec9d50f1423902,d900d800ee0059004c010303d9000000,,,,,False,,,,,,,,,,False,False
/battle/b_pl_tower/pl_btdpm.narc,/battle/b_pl_tower/pl_btdpm.narc!/member_00834,0,/battle/b_pl_tower/pl_btdpm.narc,149,834,,21004,21020,13344,13360,16,b101c1a2d5642544b1ab5b5ba227fd44d4507c6a31edff7549ead57fe04790ab,e5003b018f014c00f100180ad6000000,,,,,False,,,,,,,,,,False,False
/battle/b_pl_tower/pl_btdpm.narc,/battle/b_pl_tower/pl_btdpm.narc!/member_00835,0,/battle/b_pl_tower/pl_btdpm.narc,149,835,,21020,21036,13360,13376,16,3f0c83b1808fc70d71092e9c9e2ccacfcb1017e5d9256735734a31338d9e34df,e8005900bc0192015a000603d9000000,,,,,False,,,,,,,,,,False,False
/battle/b_pl_tower/pl_btdpm.narc,/battle/b_pl_tower/pl_btdpm.narc!/member_00836,0,/battle/b_pl_tower/pl_btdpm.narc,149,836,,21036,21052,13376,13392,16,ede83dea2066283d658bcce89aaa15ec57d1e823bf19da603849f271c2a2f084,410138003b003f005a00110fd9000000,,,,,False,,,,,,,,,,False,False
/battle/b_pl_tower/pl_btdpm.narc,/battle/b_pl_tower/pl_btdpm.narc!/member_00837,0,/battle/b_pl_tower/pl_btdpm.narc,149,837,,21052,21068,13392,13408,16,ad2a12cff83e8ba81592288a8d75146cf4fbba98ceb300946c06173e5ce499a9,58015900ac019d0099002203ff000000,,,,,False,,,,,,,,,,False,False
/battle/b_pl_tower/pl_btdpm.narc,/battle/b_pl_tower/pl_btdpm.narc!/member_00838,0,/battle/b_pl_tower/pl_btdpm.narc,149,838,,21068,21084,13408,13424,16,4c1f824360c1e67f4b164f24e07eb738068ce14e50d80cd95a20164b77e24a21,9901c9015900a00114010a0d1f010000,,,,,False,,,,,,,,,,False,False
/battle/b_pl_tower/pl_btdpm.narc,/battle/b_pl_tower/pl_btdpm.narc!/member_00839,0,/battle/b_pl_tower/pl_btdpm.narc,149,839,,21084,21100,13424,13440,16,04b3b994b17ecd7cfc3e1b73a09c79170a9bfeae5909e4ef4d743703010796ad,b501ac01ba01590099000303d9000000,,,,,False,,,,,,,,,,False,False
/battle/b_pl_tower/pl_btdpm.narc,/battle/b_pl_tower/pl_btdpm.narc!/member_00840,0,/battle/b_pl_tower/pl_btdpm.narc,149,840,,21100,21116,13440,13456,16,e3c72d77c431952727c6f0be27138abea0d8534e0f5a415b7bfceabdede5630a,c401b801900159004c010a0346010000,,,,,False,,,,,,,,,,False,False
/battle/b_pl_tower/pl_btdpm.narc,/battle/b_pl_tower/pl_btdpm.narc!/member_00841,0,/battle/b_pl_tower/pl_btdpm.narc,149,841,,21116,21132,13456,13472,16,6f4a826174ccb45f02d5295830c1ed3723185f49b7c8faec21f8213102c5e0de,9501a601a701f200560003030a010000,,,,,False,,,,,,,,,,False,False
/battle/b_pl_tower/pl_btdpm.narc,/battle/b_pl_tower/pl_btdpm.narc!/member_00842,0,/battle/b_pl_tower/pl_btdpm.narc,149,842,,21132,21148,13472,13488,16,13ca91ea441510e58c6cbd4d442e0881c471729ee9c9c9e58c76dcdf7c09de93,2600350046019c015b01180fb9000000,,,,,False,,,,,,,,,,False,False
/battle/b_pl_tower/pl_btdpm.narc,/battle/b_pl_tower/pl_btdpm.narc!/member_00843,0,/battle/b_pl_tower/pl_btdpm.narc,149,843,,21148,21164,13488,13504,16,a81e1e1c14e9e55d1fcf366b09c5eb6274b7c83798c62475589faf075d4e30aa,4400ee005900090007000303d9000000,,,,,False,,,,,,,,,,False,False
/battle/b_pl_tower/pl_btdpm.narc,/battle/b_pl_tower/pl_btdpm.narc!/member_00844,0,/battle/b_pl_tower/pl_btdpm.narc,149,844,,21164,21180,13504,13520,16,81d2c73f66bcd42e2a70938a135017f2b40512f4fb4bc081336e580d37ec3cef,d5005c00a4006800c9002514ea000000,,,,,False,,,,,,,,,,False,False
/battle/b_pl_tower/pl_btdpm.narc,/battle/b_pl_tower/pl_btdpm.narc!/member_00845,0,/battle/b_pl_tower/pl_btdpm.narc,149,845,,21180,21196,13520,13536,16,472a13548839ae0abd6e89660599de1e1cf00ae7996493588c4a552b3970a079,9701b501bc00f7003701180fd6000000,,,,,False,,,,,,,,,,False,False
/battle/b_pl_tower/pl_btdpm.narc,/battle/b_pl_tower/pl_btdpm.narc!/member_00846,0,/battle/b_pl_tower/pl_btdpm.narc,149,846,,21196,21212,13536,13552,16,d76c9b827b8d84894f522a0a73784c9990a85e183681a9bc2e022a8f95233d7f,ae01900141008501d3000303e8000000,,,,,False,,,,,,,,,,False,False
/battle/b_pl_tower/pl_btdpm.narc,/battle/b_pl_tower/pl_btdpm.narc!/member_00847,0,/battle/b_pl_tower/pl_btdpm.narc,149,847,,21212,21228,13552,13568,16,96079d122a83bdc66c4a57d50f05b119c5be8115a5f4b5c6496d9bad5a1bc777,d00068015900bc0199000602d9000000,,,,,False,,,,,,,,,,False,False
/battle/b_pl_tower/pl_btdpm.narc,/battle/b_pl_tower/pl_btdpm.narc!/member_00848,0,/battle/b_pl_tower/pl_btdpm.narc,149,848,,21228,21244,13568,13584,16,ae52eee5bd550f73c382292db145ac29e640f8024d0e7a90fdf50a74908d9de4,cd01900108004c0118010a0d46010000,,,,,False,,,,,,,,,,False,False
/battle/b_pl_tower/pl_btdpm.narc,/battle/b_pl_tower/pl_btdpm.narc!/member_00849,0,/battle/b_pl_tower/pl_btdpm.narc,149,849,,21244,21260,13584,13600,16,f775c091d8c9eaf1a58979f89bf569a26b8606b3e368fd1f065fff2cf813e05d,d80159004c019401bc0106030c010000,,,,,False,,,,,,,,,,False,False
/battle/b_pl_tower/pl_btdpm.narc,/battle/b_pl_tower/pl_btdpm.narc!/member_00850,0,/battle/b_pl_tower/pl_btdpm.narc,149,850,,21260,21276,13600,13616,16,f73612f807dac778f3ba39fe5ab3b51c986a8fd938d2d3e744d50ac158e21a0a,49003800bc003a007a01180ae8000000,,,,,False,,,,,,,,,,False,False
/battle/b_pl_tower/pl_btdpm.narc,/battle/b_pl_tower/pl_btdpm.narc!/member_00851,0,/battle/b_pl_tower/pl_btdpm.narc,149,851,,21276,21292,13616,13632,16,93f1de0ae5b88d5e958bb6f90ce1ade2348a195bde499f7ef46af918c0020a6f,8e00bc014c01590051010a03dc000000,,,,,False,,,,,,,,,,False,False
/battle/b_pl_tower/pl_btdpm.narc,/battle/b_pl_tower/pl_btdpm.narc!/member_00852,0,/battle/b_pl_tower/pl_btdpm.narc,149,852,,21292,21308,13632,13648,16,28baab9e718b8f0f1e38698b73ba23077bd6c5604d5b6949e049102cab5d2071,e900a1004401f7003a00110f9d000000,,,,,False,,,,,,,,,,False,False
/battle/b_pl_tower/pl_btdpm.narc,/battle/b_pl_tower/pl_btdpm.narc!/member_00853,0,/battle/b_pl_tower/pl_btdpm.narc,149,853,,21308,21324,13648,13664,16,e85fcfe8e91e7fb6fd97c620f4743927072e685276c36c803ef1e7c566b104d7,cf012200b601590099000303ff000000,,,,,False,,,,,,,,,,False,False
/battle/b_pl_tower/pl_btdpm.narc,/battle/b_pl_tower/pl_btdpm.narc!/member_00854,0,/battle/b_pl_tower/pl_btdpm.narc,149,854,,21324,21340,13664,13680,16,e0654f49b7c99bf5cf3494b48dd57ec9bb0ed8705add4b127a3a57b3f0f683f1,d501950193015e00f700180f0b010000,,,,,False,,,,,,,,,,False,False
/battle/b_pl_tower/pl_btdpm.narc,/battle/b_pl_tower/pl_btdpm.narc!/member_00855,0,/battle/b_pl_tower/pl_btdpm.narc,149,855,,21340,21356,13680,13696,16,e2ebbcffb309f7e828e6918feb5ebef2782623b1409374953548cc6e864b1cff,1a015e005500f700c200180a0b010000,,,,,False,,,,,,,,,,False,False
/battle/b_pl_tower/pl_btdpm.narc,/battle/b_pl_tower/pl_btdpm.narc!/member_00856,0,/battle/b_pl_tower/pl_btdpm.narc,149,856,,21356,21372,13696,13712,16,70d644db9f8dfaa5e03c88c954a51804977ad2f884c9d841bfb405aeda507544,db01ab0172015c0190012203e8000000,,,,,False,,,,,,,,,,False,False
/battle/b_pl_tower/pl_btdpm.narc,/battle/b_pl_tower/pl_btdpm.narc!/member_00857,0,/battle/b_pl_tower/pl_btdpm.narc,149,857,,21372,21388,13712,13728,16,3aabad2af32d133f6f55d6aed881dbdbfbb66e20266d1d633894d3d1e4de5ed2,6700b5015e00bc00f600110f0c010000,,,,,False,,,,,,,,,,False,False
/battle/b_pl_tower/pl_btdpm.narc,/battle/b_pl_tower/pl_btdpm.narc!/member_00858,0,/battle/b_pl_tower/pl_btdpm.narc,149,858,,21388,21404,13728,13744,16,6a3f3ba45ba035da1cec1b69f5551e67d0aa7f80a4ebdd8dec8b72b3ba867697,790039005e0055003a00180f0c010000,,,,,False,,,,,,,,,,False,False
/battle/b_pl_tower/pl_btdpm.narc,/battle/b_pl_tower/pl_btdpm.narc!/member_00859,0,/battle/b_pl_tower/pl_btdpm.narc,149,859,,21404,21420,13744,13760,16,e062996443800d60dca1fcafa109b1e518cb4658ab775f07793f90b4a3320652,4a015900c800f200bc010a039d000000,,,,,False,,,,,,,,,,False,False
/battle/b_pl_tower/pl_btdpm.narc,/battle/b_pl_tower/pl_btdpm.narc!/member_00860,0,/battle/b_pl_tower/pl_btdpm.narc,149,860,,21420,21436,13760,13776,16,f5462ba13357d355b7b9e5351aa1328e2c4c03a78c2f2bea8e3c4c670fcf778d,860039003a00f7004401110f0c010000,,,,,False,,,,,,,,,,False,False
/battle/b_pl_tower/pl_btdpm.narc,/battle/b_pl_tower/pl_btdpm.narc!/member_00861,0,/battle/b_pl_tower/pl_btdpm.narc,149,861,,21436,21452,13776,13792,16,a47589179c8bd05325448290f7801fda2588b9c8df093e4687fd1f6adf3b469d,870055003f00f7004401180f47010000,,,,,False,,,,,,,,,,False,False
/battle/b_pl_tower/pl_btdpm.narc,/battle/b_pl_tower/pl_btdpm.narc!/member_00862,0,/battle/b_pl_tower/pl_btdpm.narc,149,862,,21452,21468,13792,13808,16,4c2e5118e1e0a85af339d93fd92b945f1d955712e57be4fac5bc2aa407e100be,8800a801a00114012c002203d6000000,,,,,False,,,,,,,,,,False,False
/battle/b_pl_tower/pl_btdpm.narc,/battle/b_pl_tower/pl_btdpm.narc!/member_00863,0,/battle/b_pl_tower/pl_btdpm.narc,149,863,,21468,21484,13808,13824,16,121b815fad7568791b3744d33fc15c340d640b1e8874115ae4d422948e4e0483,c4005e00f7004401ea00180f0b010000,,,,,False,,,,,,,,,,False,False
/battle/b_pl_tower/pl_btdpm.narc,/battle/b_pl_tower/pl_btdpm.narc!/member_00864,0,/battle/b_pl_tower/pl_btdpm.narc,149,864,,21484,21500,13824,13840,16,5f66dd0b9ab3091390cb5688fcdfdb5c32d956ee8a861912ce229cf7ef316f63,c50073017801ae00ec002408d5000000,,,,,False,,,,,,,,,,False,False
/battle/b_pl_tower/pl_btdpm.narc,/battle/b_pl_tower/pl_btdpm.narc!/member_00865,0,/battle/b_pl_tower/pl_btdpm.narc,149,865,,21500,21516,13840,13856,16,af57f8a38edce1dc1b79f1d79ed25b6d9963e44ce7bf44ef3a3b73e27fdf090e,d6015c0194014c012c000603d9000000,,,,,False,,,,,,,,,,False,False
/battle/b_pl_tower/pl_btdpm.narc,/battle/b_pl_tower/pl_btdpm.narc!/member_00866,0,/battle/b_pl_tower/pl_btdpm.narc,149,866,,21516,21532,13856,13872,16,b45227b863e88d06d4b1021bf7b4091ae6dd5c8f8bfe039c40fda7a66cb5e983,d7013a00f70044016001140f0b010000,,,,,False,,,,,,,,,,False,False
/battle/b_pl_tower/pl_btdpm.narc,/battle/b_pl_tower/pl_btdpm.narc!/member_00867,0,/battle/b_pl_tower/pl_btdpm.narc,149,867,,21532,21548,13872,13888,16,3d6dc3cb6441ce7f79f618019ef1107841c82e88bbcaa354c83f8c7f379b9f04,c0018c015e00f7009601180f0c010000,,,,,False,,,,,,,,,,False,False
/battle/b_pl_tower/pl_btdpm.narc,/battle/b_pl_tower/pl_btdpm.narc!/member_00868,0,/battle/b_pl_tower/pl_btdpm.narc,149,868,,21548,21564,13888,13904,16,ea48d75e1ef1dc3a7096f233f45db7cb1140e450e246973d46b101ee949ead5f,c2015900bc01f200a6010303d9000000,,,,,False,,,,,,,,,,False,False
/battle/b_pl_tower/pl_btdpm.narc,/battle/b_pl_tower/pl_btdpm.narc!/member_00869,0,/battle/b_pl_tower/pl_btdpm.narc,149,869,,21564,21580,13904,13920,16,e183de33b93150e77d1ad075301ed3faad7249fc4b394246bf13c9beb9d3c57d,dc01ae0198019e015500300f0e010000,,,,,False,,,,,,,,,,False,False
/battle/b_pl_tower/pl_btdpm.narc,/battle/b_pl_tower/pl_btdpm.narc!/member_00870,0,/battle/b_pl_tower/pl_btdpm.narc,149,870,,21580,21596,13920,13936,16,444bd1c348c8462aa0cf01303b052063ece2e3d50ec33cc9817da389ec29192c,dd014501590018019d0024030a010000,,,,,False,,,,,,,,,,False,False
/battle/b_pl_tower/pl_btdpm.narc,/battle/b_pl_tower/pl_btdpm.narc!/member_00871,0,/battle/b_pl_tower/pl_btdpm.narc,149,871,,21596,21612,13936,13952,16,ee1433ec3317c1ebef0636de8a6ca91235f49aff26cd3f65269b77f6a7aeb7ec,32017001bc015900a501060313010000,,,,,False,,,,,,,,,,False,False
/battle/b_pl_tower/pl_btdpm.narc,/battle/b_pl_tower/pl_btdpm.narc!/member_00872,0,/battle/b_pl_tower/pl_btdpm.narc,149,872,,21612,21628,13952,13968,16,c676be6f74012c46a8cd213ac44351d3084cefc62226263d75126bd42a7eae11,6d0139003a0044010201110fea000000,,,,,False,,,,,,,,,,False,False
/battle/b_pl_tower/pl_btdpm.narc,/battle/b_pl_tower/pl_btdpm.narc!/member_00873,0,/battle/b_pl_tower/pl_btdpm.narc,149,873,,21628,21644,13968,13984,16,7142676a644df3a37e0a1adaad9fb691565bb813b8ca2964c1933fc2a05a6f18,d9015900a701bc01260003030e010000,,,,,False,,,,,,,,,,False,False
/battle/b_pl_tower/pl_btdpm.narc,/battle/b_pl_tower/pl_btdpm.narc!/member_00874,0,/battle/b_pl_tower/pl_btdpm.narc,149,874,,21644,21660,13984,14000,16,286a3b387368c1d26a3bc938d79a6c45342e3ee2710b558142eb71e941069204,830039003a005e005500110fd5000000,,,,,False,,,,,,,,,,False,False
/battle/b_pl_tower/pl_btdpm.narc,/battle/b_pl_tower/pl_btdpm.narc!/member_00875,0,/battle/b_pl_tower/pl_btdpm.narc,149,875,,21660,21676,14000,14016,16,917ef8da2fe39d041d25b9bb0f1e95389a0f571b9b22f0b7c4be434ac749ca9e,a900b8019d019401ac010a0346010000,,,,,False,,,,,,,,,,False,False
/battle/b_pl_tower/pl_btdpm.narc,/battle/b_pl_tower/pl_btdpm.narc!/member_00876,0,/battle/b_pl_tower/pl_btdpm.narc,149,876,,21676,21692,14016,14032,16,1f7f86d3ab7f15cc046b310bf812183e59d7cb796f688d561575ba4ba78bf292,ce015500ae01a1004401140fd5000000,,,,,False,,,,,,,,,,False,False
/battle/b_pl_tower/pl_btdpm.narc,/battle/b_pl_tower/pl_btdpm.narc!/member_00877,0,/battle/b_pl_tower/pl_btdpm.narc,149,877,,21692,21708,14032,14048,16,8a73036fb66a2a046c43a87e33779d57b36206215620971665aa2da6ea0b0c74,d001b70159006701e0000303dc000000,,,,,False,,,,,,,,,,False,False
/battle/b_pl_tower/pl_btdpm.narc,/battle/b_pl_tower/pl_btdpm.narc!/member_00878,0,/battle/b_pl_tower/pl_btdpm.narc,149,878,,21708,21724,14048,14064,16,198a269d1b6c8d9d6c4edacb1a0c2e7442e455fc6296ff4ef3b0344f06ec5710,d101b60159004c0118010603ff000000,,,,,False,,,,,,,,,,False,False
/battle/b_pl_tower/pl_btdpm.narc,/battle/b_pl_tower/pl_btdpm.narc!/member_00879,0,/battle/b_pl_tower/pl_btdpm.narc,149,879,,21724,21740,14064,14080,16,bf0739fc61a53a804996888391813062b3e5f040d54201b37419e30dee72f8c1,da01a100f70055006900180f0c010000,,,,,False,,,,,,,,,,False,False
/battle/b_pl_tower/pl_btdpm.narc,/battle/b_pl_tower/pl_btdpm.narc!/member_00880,0,/battle/b_pl_tower/pl_btdpm.narc,149,880,,21740,21756,14080,14096,16,0e8d78bc2c63ea090b65ecd713f5704239afb0e9ef41f2cde2f59f9c1656719c,82007f0059009c005d010a0396000000,,,,,False,,,,,,,,,,False,False
/battle/b_pl_tower/pl_btdpm.narc,/battle/b_pl_tower/pl_btdpm.narc!/member_00881,0,/battle/b_pl_tower/pl_btdpm.narc,149,881,,21756,21772,14096,14112,16,edac42f3e183b137fbd2a70cbb8cf7c42be9e2e0dc3f9d23f51ee26858caa88c,8f0026005900ac01f20003030e010000,,,,,False,,,,,,,,,,False,False
/battle/b_pl_tower/pl_btdpm.narc,/battle/b_pl_tower/pl_btdpm.narc!/member_00882,0,/battle/b_pl_tower/pl_btdpm.narc,149,882,,21772,21788,14112,14128,16,6823300afdd68e7bdc85f23e03b6d74da7cfcb1c2394b0eb8607198ad9b2af82,e6003800b2013b004401110f09010000,,,,,False,,,,,,,,,,False,False
/battle/b_pl_tower/pl_btdpm.narc,/battle/b_pl_tower/pl_btdpm.narc!/member_00883,0,/battle/b_pl_tower/pl_btdpm.narc,149,883,,21788,21804,14128,14144,16,90597445ec96275290a5db2f836767eea863ce62eac2baf9301c574de2668115,f2008a002f00870044002114ea000000,,,,,False,,,,,,,,,,False,False
/battle/b_pl_tower/pl_btdpm.narc,/battle/b_pl_tower/pl_btdpm.narc!/member_00884,0,/battle/b_pl_tower/pl_btdpm.narc,149,884,,21804,21820,14144,14160,16,1056ad2e0adba906c81aa45fdae50963aee705ca03e1c8ecdc1f1f0f032e4047,5e0139003a0096016900110f9d000000,,,,,False,,,,,,,,,,False,False
/battle/b_pl_tower/pl_btdpm.narc,/battle/b_pl_tower/pl_btdpm.narc!/member_00885,0,/battle/b_pl_tower/pl_btdpm.narc,149,885,,21820,21836,14160,14176,16,5568b0f2f7f21659d241659991f94c712fb438af377bfb336d602631ec1b1527,d20109000700080059000a03bf000000,,,,,False,,,,,,,,,,False,False
/battle/b_pl_tower/pl_btdpm.narc,/battle/b_pl_tower/pl_btdpm.narc!/member_00886,0,/battle/b_pl_tower/pl_btdpm.narc,149,886,,21836,21852,14176,14192,16,06958402a30fbb3533f145d9e4c154f41ed7c602f0024175df5d68d872d8cd91,d3013b015e009b016d00180fd6000000,,,,,False,,,,,,,,,,False,False
/battle/b_pl_tower/pl_btdpm.narc,/battle/b_pl_tower/pl_btdpm.narc!/member_00887,0,/battle/b_pl_tower/pl_btdpm.narc,149,887,,21852,21868,14192,14208,16,d51957b968d7286325bc3de9f9292892ec32c2b46b13aa730611ebe1816e1edc,d4013f0093018c015e00180f0c010000,,,,,False,,,,,,,,,,False,False
/battle/b_pl_tower/pl_btdpm.narc,/battle/b_pl_tower/pl_btdpm.narc!/member_00888,0,/battle/b_pl_tower/pl_btdpm.narc,149,888,,21868,21884,14208,14224,16,e8d6e205f55cc0af5f3bce2092b815ef3f088b31d734faaa854bbebd81f29df5,3b008a01f500f200a6010a03e6000000,,,,,False,,,,,,,,,,False,False
/battle/b_pl_tower/pl_btdpm.narc,/battle/b_pl_tower/pl_btdpm.narc!/member_00889,0,/battle/b_pl_tower/pl_btdpm.narc,149,889,,21884,21900,14224,14240,16,d37ca5bc6c242e67e5cd7cd88bf38489c3f8a06e29ab21e0a5d5b04daeef08b4,9500c800a001590014012203dc000000,,,,,False,,,,,,,,,,False,False
/battle/b_pl_tower/pl_btdpm.narc,/battle/b_pl_tower/pl_btdpm.narc!/member_00890,0,/battle/b_pl_tower/pl_btdpm.narc,149,890,,21900,21916,14240,14256,16,320ab3fde8e1c09ffb11b588af8e89187f1067af1c69d4927ecd4dff8f0a9d57,f800bc01f20059005d010303bd000000,,,,,False,,,,,,,,,,False,False
/battle/b_pl_tower/pl_btdpm.narc,/battle/b_pl_tower/pl_btdpm.narc!/member_00891,0,/battle/b_pl_tower/pl_btdpm.narc,149,891,,21916,21932,14256,14272,16,30159dcbf4c6fe02e96628a084c1a062c148a24cb11092fbc0ada1cfed5604b0,7501c800f2005900ac010a039d000000,,,,,False,,,,,,,,,,False,False
/battle/b_pl_tower/pl_btdpm.narc,/battle/b_pl_tower/pl_btdpm.narc!/member_00892,0,/battle/b_pl_tower/pl_btdpm.narc,149,892,,21932,21948,14272,14288,16,3b0a56c17dfd9546cdf5d5027eebad5a9eced9be45e01d68504beca2dc34578e,78013501ac01590099000303d9000000,,,,,False,,,,,,,,,,False,False
/battle/b_pl_tower/pl_btdpm.narc,/battle/b_pl_tower/pl_btdpm.narc!/member_00893,0,/battle/b_pl_tower/pl_btdpm.narc,149,893,,21948,21964,14288,14304,16,d3c467ac2bb38a5d0ecb86f44a1eafa27ea557b90245f286dc9773272aa32ccc,bd01c8005900f200a8010a039c000000,,,,,False,,,,,,,,,,False,False
/battle/b_pl_tower/pl_btdpm.narc,/battle/b_pl_tower/pl_btdpm.narc!/member_00894,0,/battle/b_pl_tower/pl_btdpm.narc,149,894,,21964,21980,14304,14320,16,41baf1d63367c1263d636fd876bae4fed9a4537b7913b85cd6899ea903636b1c,2101a00159006701a50103030a010000,,,,,False,,,,,,,,,,False,False
/battle/b_pl_tower/pl_btdpm.narc,/battle/b_pl_tower/pl_btdpm.narc!/member_00895,0,/battle/b_pl_tower/pl_btdpm.narc,149,895,,21980,21996,14320,14336,16,9aed3f40f3640d5dd86df93d59b6d4a7a86caecd2d5c7d2cf13a8c04e190be3b,90003b0013006301020112181a010000,,,,,False,,,,,,,,,,False,False
/battle/b_pl_tower/pl_btdpm.narc,/battle/b_pl_tower/pl_btdpm.narc!/member_00896,0,/battle/b_pl_tower/pl_btdpm.narc,149,896,,21996,22012,14336,14352,16,d8ab98bfdcb4bcb1bb544fe0698fbf3a981bcc26c0fe82e8cc6a35cc1d7522cd,9100570041005600f0000a0cbc000000,,,,,False,,,,,,,,,,False,False
/battle/b_pl_tower/pl_btdpm.narc,/battle/b_pl_tower/pl_btdpm.narc!/member_00897,0,/battle/b_pl_tower/pl_btdpm.narc,149,897,,22012,22028,14352,14368,16,194888c4ce69276f62a2fba4e35e8d2299db54f346969b3d0273b17ed07b1aff,920035009301f6006301180ab9000000,,,,,False,,,,,,,,,,False,False
/battle/b_pl_tower/pl_btdpm.narc,/battle/b_pl_tower/pl_btdpm.narc!/member_00898,0,/battle/b_pl_tower/pl_btdpm.narc,149,898,,22028,22044,14368,14384,16,c5bf6fabdce570daf66497630b4ba2ad6e6cb4adc6e53199636a438b0500b9d3,f3005500f70056007100180a9d000000,,,,,False,,,,,,,,,,False,False
/battle/b_pl_tower/pl_btdpm.narc,/battle/b_pl_tower/pl_btdpm.narc!/member_00899,0,/battle/b_pl_tower/pl_btdpm.narc,149,899,,22044,22060,14384,14400,16,40f797de78e253f5a87a8408f37fa83bc60917f3d5536fa59e6d6e98ee263b4d,f400a801d8002e0073000a0dbf000000,,,,,False,,,,,,,,,,False,False
/battle/b_pl_tower/pl_btdpm.narc,/battle/b_pl_tower/pl_btdpm.narc!/member_00900,0,/battle/b_pl_tower/pl_btdpm.narc,149,900,,22060,22076,14400,14416,16,4d14a9893a03cf272ba6cad69ad70bd80183c56a0a7b2ad57226f653809367a1,f5003900c400d201f300301413010000,,,,,False,,,,,,,,,,False,False
/battle/b_pl_tower/pl_btdpm.narc,/battle/b_pl_tower/pl_btdpm.narc!/member_00901,0,/battle/b_pl_tower/pl_btdpm.narc,149,901,,22076,22092,14416,14432,16,35bbb9ca74f04a99c8f62fe547c0ea3817e33cc6eeab8c42adbb4fbf63514b1e,79019d0059001801c9000608ea000000,,,,,False,,,,,,,,,,False,False
/battle/b_pl_tower/pl_btdpm.narc,/battle/b_pl_tower/pl_btdpm.narc!/member_00902,0,/battle/b_pl_tower/pl_btdpm.narc,149,902,,22092,22108,14432,14448,16,800ac586367e9ce4abf2f77f8de787e21b56eaccc3d4220aa87ccece244d8662,7a013a004401c3018500300f9d000000,,,,,False,,,,,,,,,,False,False
/battle/b_pl_tower/pl_btdpm.narc,/battle/b_pl_tower/pl_btdpm.narc!/member_00903,0,/battle/b_pl_tower/pl_btdpm.narc,149,903,,22108,22124,14448,14464,16,d21e9586186c04873b8b904f39a1e634026b55c8f6960964d8c4de6932a2cea2,7b01ae01550056008500110f9d000000,,,,,False,,,,,,,,,,False,False
/battle/b_pl_tower/pl_btdpm.narc,/battle/b_pl_tower/pl_btdpm.narc!/member_00904,0,/battle/b_pl_tower/pl_btdpm.narc,149,904,,22124,22140,14464,14480,16,7081ef13ad3a894849e6dae9902c38d6c3f0bd1d7f122adced140ed62222da8c,7c015e009601d5005b0130149d000000,,,,,False,,,,,,,,,,False,False
/battle/b_pl_tower/pl_btdpm.narc,/battle/b_pl_tower/pl_btdpm.narc!/member_00905,0,/battle/b_pl_tower/pl_btdpm.narc,149,905,,22140,22156,14480,14496,16,3ef3f7a358454d24ebea70ff61c90110c2c0010382ef837da9d8e1659e9e1cf4,7d015e00960156005b013014e6000000,,,,,False,,,,,,,,,,False,False
/battle/b_pl_tower/pl_btdpm.narc,/battle/b_pl_tower/pl_btdpm.narc!/member_00906,0,/battle/b_pl_tower/pl_btdpm.narc,149,906,,22156,22172,14496,14512,16,a2319a2ecfa639dae5153bf7f49858ed3e3cf6b2ffb7f597a769ca0dd8bfe1f3,e5010101ae01f600b800300fbf000000,,,,,False,,,,,,,,,,False,False
/battle/b_pl_tower/pl_btdpm.narc,/battle/b_pl_tower/pl_btdpm.narc!/member_00907,0,/battle/b_pl_tower/pl_btdpm.narc,149,907,,22172,22188,14512,14528,16,7c3a43a4c3c6f47c18e70cc240f27b3d8b9094d2c87de63bf2fc4460ee7ce4d0,e8015e004c00ec00f10024051c010000,,,,,False,,,,,,,,,,False,False
/battle/b_pl_tower/pl_btdpm.narc,/battle/b_pl_tower/pl_btdpm.narc!/member_00908,0,/battle/b_pl_tower/pl_btdpm.narc,149,908,,22188,22204,14528,14544,16,1b0dc2b408e1424f0a2fc1f5f88b7a46ee34c85cfcae68ef2282f2f23408d14b,e601d8004c0156006d002508ff000000,,,,,False,,,,,,,,,,False,False
/battle/b_pl_tower/pl_btdpm.narc,/battle/b_pl_tower/pl_btdpm.narc!/member_00909,0,/battle/b_pl_tower/pl_btdpm.narc,149,909,,22204,22220,14544,14560,16,748fcaf265de292b10dd3e00545aa79b3942fae8d718e0df23f0a7e40455b7cb,9000a3014c01070173000602ba000000,,,,,False,,,,,,,,,,False,False
/battle/b_pl_tower/pl_btdpm.narc,/battle/b_pl_tower/pl_btdpm.narc!/member_00910,0,/battle/b_pl_tower/pl_btdpm.narc,149,910,,22220,22236,14560,14576,16,1db0d7f7b2240c5fce789e6840a9d1131e84e90d224d446609ce84a5254cb8bf,91005500f600d2017100180ae6000000,,,,,False,,,,,,,,,,False,False
/battle/b_pl_tower/pl_btdpm.narc,/battle/b_pl_tower/pl_btdpm.narc!/member_00911,0,/battle/b_pl_tower/pl_btdpm.narc,149,911,,22236,22252,14576,14592,16,3813edc20115c69b05bcb14a29b5fdc392c67fde19d3dd30673f08ea5d1eaefd,92007e004c003f00f100110a1c010000,,,,,False,,,,,,,,,,False,False
/battle/b_pl_tower/pl_btdpm.narc,/battle/b_pl_tower/pl_btdpm.narc!/member_00912,0,/battle/b_pl_tower/pl_btdpm.narc,149,912,,22252,22268,14592,14608,16,3e613cf014748a9c1b9146e886a94249ca57cc5379488e0b6007904fd09b9184,f300a601f200ba01d8000a0ddd000000,,,,,False,,,,,,,,,,False,False
/battle/b_pl_tower/pl_btdpm.narc,/battle/b_pl_tower/pl_btdpm.narc!/member_00913,0,/battle/b_pl_tower/pl_btdpm.narc,149,913,,22268,22284,14608,14624,16,a19bd08e5403f31cd7b52236588c1e417884bd0409da0c0e11e93ec22c42c3c5,f400a8012c00ba01bc010a0ddd000000,,,,,False,,,,,,,,,,False,False
/battle/b_pl_tower/pl_btdpm.narc,/battle/b_pl_tower/pl_btdpm.narc!/member_00914,0,/battle/b_pl_tower/pl_btdpm.narc,149,914,,22284,22300,14624,14640,16,b3d8e41407fbe5b97494e2bda3057d752f61219c384d5385f5ad348ef2a8dc83,f5007f00a701ba012c000a0ddd000000,,,,,False,,,,,,,,,,False,False
/battle/b_pl_tower/pl_btdpm.narc,/battle/b_pl_tower/pl_btdpm.narc!/member_00915,0,/battle/b_pl_tower/pl_btdpm.narc,149,915,,22300,22316,14640,14656,16,19ad7b1c4728ee9d2d85f23894d0503dd58db115e77ef47b83a2246d91677127,79010700090008009901030346010000,,,,,False,,,,,,,,,,False,False
/battle/b_pl_tower/pl_btdpm.narc,/battle/b_pl_tower/pl_btdpm.narc!/member_00916,0,/battle/b_pl_tower/pl_btdpm.narc,149,916,,22316,22332,14656,14672,16,7365c885476acff168d4200d5f9900408c4cfa138601db6e95c30710300e2d3c,7a01a30167016800ae000508ea000000,,,,,False,,,,,,,,,,False,False
/battle/b_pl_tower/pl_btdpm.narc,/battle/b_pl_tower/pl_btdpm.narc!/member_00917,0,/battle/b_pl_tower/pl_btdpm.narc,149,917,,22332,22348,14672,14688,16,b1d5e231d2e0be89612a37ebdeebee5ac71751d739080f4f867487ba7180aadc,7b01ba015c0068004e012503ea000000,,,,,False,,,,,,,,,,False,False
/battle/b_pl_tower/pl_btdpm.narc,/battle/b_pl_tower/pl_btdpm.narc!/member_00918,0,/battle/b_pl_tower/pl_btdpm.narc,149,918,,22348,22364,14688,14704,16,6d37cd4a0640f0d06cac674ca6db4b612e94919f1d32c0e58435614bceb8b5c5,7c015101ac0159004c010a030c010000,,,,,False,,,,,,,,,,False,False
/battle/b_pl_tower/pl_btdpm.narc,/battle/b_pl_tower/pl_btdpm.narc!/member_00919,0,/battle/b_pl_tower/pl_btdpm.narc,149,919,,22364,22380,14704,14720,16,a20be92a8703e41555f4b087fc0b1ab8d40c18c46b6712470d565d0254c16be8,7d015101a50159005d010a039d000000,,,,,False,,,,,,,,,,False,False
/battle/b_pl_tower/pl_btdpm.narc,/battle/b_pl_tower/pl_btdpm.narc!/member_00920,0,/battle/b_pl_tower/pl_btdpm.narc,149,920,,22380,22396,14720,14736,16,41e39f56d43e3ebce614405a1c0b2571ec89a3014bfcea80de5165145505a35c,e501ba015900bc01f2000303d9000000,,,,,False,,,,,,,,,,False,False
/battle/b_pl_tower/pl_btdpm.narc,/battle/b_pl_tower/pl_btdpm.narc!/member_00921,0,/battle/b_pl_tower/pl_btdpm.narc,149,921,,22396,22412,14736,14752,16,05151058e782749c0b096e4ffd83b9b6499d172f696b2be550659641ba4eaaea,e8015e005c006800ec0025059d000000,,,,,False,,,,,,,,,,False,False
/battle/b_pl_tower/pl_btdpm.narc,/battle/b_pl_tower/pl_btdpm.narc!/member_00922,0,/battle/b_pl_tower/pl_btdpm.narc,149,922,,22412,22428,14752,14768,16,42847e96cd64cefc3b77d2f61c1528860f447470abef155dd8aa3bdf7b3f10c7,e6010701ac016800a4002517ea000000,,,,,False,,,,,,,,,,False,False
/battle/b_pl_tower/pl_btdpm.narc,/battle/b_pl_tower/pl_btdpm.narc!/member_00923,0,/battle/b_pl_tower/pl_btdpm.narc,149,923,,22428,22444,14768,14784,16,fbd8f5f4ea8950491af386b00dedc78d406d5011e34bfed316c16b7322c3d880,90003a004401d2016001140f0b010000,,,,,False,,,,,,,,,,False,False
/battle/b_pl_tower/pl_btdpm.narc,/battle/b_pl_tower/pl_btdpm.narc!/member_00924,0,/battle/b_pl_tower/pl_btdpm.narc,149,924,,22444,22460,14784,14800,16,12c076c1a9304a05f64e3e52d8888e07a03cc04c8a11bc8df1d4062f8542f13e,91004100ef00d30071010a0ddd000000,,,,,False,,,,,,,,,,False,False
/battle/b_pl_tower/pl_btdpm.narc,/battle/b_pl_tower/pl_btdpm.narc!/member_00925,0,/battle/b_pl_tower/pl_btdpm.narc,149,925,,22460,22476,14800,14816,16,f3ab13d2cf53650ef1b419533b0c734e9c9ad2b7e278f8a0fea1ef5d31576057,92008f00d800d30071010a030f010000,,,,,False,,,,,,,,,,False,False
/battle/b_pl_tower/pl_btdpm.narc,/battle/b_pl_tower/pl_btdpm.narc!/member_00926,0,/battle/b_pl_tower/pl_btdpm.narc,149,926,,22476,22492,14816,14832,16,f7432f1abd05ad3b5285818031ebcd976e4b8a2440cd653da036e1a9514e6212,f300570046014401f000180f0b010000,,,,,False,,,,,,,,,,False,False
/battle/b_pl_tower/pl_btdpm.narc,/battle/b_pl_tower/pl_btdpm.narc!/member_00927,0,/battle/b_pl_tower/pl_btdpm.narc,149,927,,22492,22508,14832,14848,16,e3580f19665d122bac511129d9d1a243869a3808b39b84339f341cb82b29d34a,f4007e004c003f00f100180fbf000000,,,,,False,,,,,,,,,,False,False
/battle/b_pl_tower/pl_btdpm.narc,/battle/b_pl_tower/pl_btdpm.narc!/member_00928,0,/battle/b_pl_tower/pl_btdpm.narc,149,928,,22508,22524,14848,14864,16,2f3e722fe55e5836639dfa5783138c6b79a9fae3c3a65aad8682f272b7071705,f50038003b00f700020114059d000000,,,,,False,,,,,,,,,,False,False
/battle/b_pl_tower/pl_btdpm.narc,/battle/b_pl_tower/pl_btdpm.narc!/member_00929,0,/battle/b_pl_tower/pl_btdpm.narc,149,929,,22524,22540,14864,14880,16,24ce1f4bdd12f7ea72aa1b73a15241761e364a410d58f12ae30371ea02e16aa5,7901bc0167019c00ae00211796000000,,,,,False,,,,,,,,,,False,False
/battle/b_pl_tower/pl_btdpm.narc,/battle/b_pl_tower/pl_btdpm.narc!/member_00930,0,/battle/b_pl_tower/pl_btdpm.narc,149,930,,22540,22556,14880,14896,16,d5d620a454f7889a876d2da468a6a13c62473c452fd8a5cda44c1d6b2cae6480,7a013a00ae01f6009c00140596000000,,,,,False,,,,,,,,,,False,False
/battle/b_pl_tower/pl_btdpm.narc,/battle/b_pl_tower/pl_btdpm.narc!/member_00931,0,/battle/b_pl_tower/pl_btdpm.narc,149,931,,22556,22572,14896,14912,16,2b9bbb8b177a83977a5974ebd22faa35fc4a7ba82bb275fea8df2ad41ffd56df,7b01a5014c0109000800030346010000,,,,,False,,,,,,,,,,False,False
/battle/b_pl_tower/pl_btdpm.narc,/battle/b_pl_tower/pl_btdpm.narc!/member_00932,0,/battle/b_pl_tower/pl_btdpm.narc,149,932,,22572,22588,14912,14928,16,198d12f04e0c6a96cea18da20075042d22eaf42e2d9ad63fee4d2c122648ce31,7c015e003a009c01f700180ad5000000,,,,,False,,,,,,,,,,False,False
/battle/b_pl_tower/pl_btdpm.narc,/battle/b_pl_tower/pl_btdpm.narc!/member_00933,0,/battle/b_pl_tower/pl_btdpm.narc,149,933,,22588,22604,14928,14944,16,704850eb0daf4be2be7d195a6f41540c7014dae62084c7bd676110759b87c515,7d015e0055003a009c01180ad5000000,,,,,False,,,,,,,,,,False,False
/battle/b_pl_tower/pl_btdpm.narc,/battle/b_pl_tower/pl_btdpm.narc!/member_00934,0,/battle/b_pl_tower/pl_btdpm.narc,149,934,,22604,22620,14944,14960,16,9d81438366dfd047ed37f1d5b573f539775d76e136cf453dfe82198b20eac4a4,e50135009e0196018f01110fd5000000,,,,,False,,,,,,,,,,False,False
/battle/b_pl_tower/pl_btdpm.narc,/battle/b_pl_tower/pl_btdpm.narc!/member_00935,0,/battle/b_pl_tower/pl_btdpm.narc,149,935,,22620,22636,14960,14976,16,892d185841fd152b7b6f545811fc4bc170e1fa92f0e59e7a293ae03e2cfaa099,e8015e00f7009c01c301110f0b010000,,,,,False,,,,,,,,,,False,False
/battle/b_pl_tower/pl_btdpm.narc,/battle/b_pl_tower/pl_btdpm.narc!/member_00936,0,/battle/b_pl_tower/pl_btdpm.narc,149,936,,22636,22652,14976,14992,16,a02608b7737ba1f7cafc8aba3a4e517f31723506672003c5c2dc64b5a0412538,e6019e019b015500f600110f0b010000,,,,,False,,,,,,,,,,False,False
/battle/b_pl_tower/pl_btdpm.narc,/battle/b_pl_tower/pl_btdpm.narc!/member_00937,0,/battle/b_pl_tower/pl_btdpm.narc,149,937,,22652,22668,14992,15008,16,9e4d3e13f067de4c2b0a3b4f824bc8fd5a86009ae44d2b3a45d671da4de93b21,90003a003a01f6004901300fc3000000,,,,,False,,,,,,,,,,False,False
/battle/b_pl_tower/pl_btdpm.narc,/battle/b_pl_tower/pl_btdpm.narc!/member_00938,0,/battle/b_pl_tower/pl_btdpm.narc,149,938,,22668,22684,15008,15024,16,89467b8f8cceeed37766807ae85f7c539d63e97bff1694ee2c2bdeab844f8acf,910055003a0101014401180fd5000000,,,,,False,,,,,,,,,,False,False
/battle/b_pl_tower/pl_btdpm.narc,/battle/b_pl_tower/pl_btdpm.narc!/member_00939,0,/battle/b_pl_tower/pl_btdpm.narc,149,939,,22684,22700,15024,15040,16,a4cafb258b19e5b472d5284173c3e307b28d8fb86e92510934bb00cc7b6f00d5,92003b019301f600d201180fd6000000,,,,,False,,,,,,,,,,False,False
/battle/b_pl_tower/pl_btdpm.narc,/battle/b_pl_tower/pl_btdpm.narc!/member_00940,0,/battle/b_pl_tower/pl_btdpm.narc,149,940,,22700,22716,15040,15056,16,b385dcb83f58a46b1c5531edd3b9507a87abb821a651f6b0b7bdd011e93513aa,f30055004601f7005b01180fbf000000,,,,,False,,,,,,,,,,False,False
/battle/b_pl_tower/pl_btdpm.narc,/battle/b_pl_tower/pl_btdpm.narc!/member_00941,0,/battle/b_pl_tower/pl_btdpm.narc,149,941,,22716,22732,15056,15072,16,3116779e0bced12ae69e282bf482ab3541113298a827f24a4155ddb41f024a12,f4003b014601f7005b01180fbf000000,,,,,False,,,,,,,,,,False,False
/battle/b_pl_tower/pl_btdpm.narc,/battle/b_pl_tower/pl_btdpm.narc!/member_00942,0,/battle/b_pl_tower/pl_btdpm.narc,149,942,,22732,22748,15072,15088,16,16b7f5c7f35c32e9d441cb084f8996e38f45f2928965488e56ae3658b6b13764,f50039003a0046015b01110fba000000,,,,,False,,,,,,,,,,False,False
/battle/b_pl_tower/pl_btdpm.narc,/battle/b_pl_tower/pl_btdpm.narc!/member_00943,0,/battle/b_pl_tower/pl_btdpm.narc,149,943,,22748,22764,15088,15104,16,b162d7ff4753844882b43fea9dab538b19bc11586345c81d8679e730d5dd6546,7901bc015900670199002217d9000000,,,,,False,,,,,,,,,,False,False
/battle/b_pl_tower/pl_btdpm.narc,/battle/b_pl_tower/pl_btdpm.narc!/member_00944,0,/battle/b_pl_tower/pl_btdpm.narc,149,944,,22764,22780,15104,15120,16,71687907d94cf87cc52e9b7453deb4d4664a869c5d5ecc7c50abb100afd497f5,7a013a0055003f009b01110ffd000000,,,,,False,,,,,,,,,,False,False
/battle/b_pl_tower/pl_btdpm.narc,/battle/b_pl_tower/pl_btdpm.narc!/member_00945,0,/battle/b_pl_tower/pl_btdpm.narc,149,945,,22780,22796,15120,15136,16,4e738d4a7e6011f8cdc386c15a8227af349b4c01a66e8e3be8d1ab0adea91271,7b01ba0167015900ae002503fd000000,,,,,False,,,,,,,,,,False,False
/battle/b_pl_tower/pl_btdpm.narc,/battle/b_pl_tower/pl_btdpm.narc!/member_00946,0,/battle/b_pl_tower/pl_btdpm.narc,149,946,,22796,22812,15136,15152,16,9c156e7cd57306a5425835ae5b6ef9b654d2bc2eed78db28563d91db5b770ad8,7c012801b20155003900180fd6000000,,,,,False,,,,,,,,,,False,False
/battle/b_pl_tower/pl_btdpm.narc,/battle/b_pl_tower/pl_btdpm.narc!/member_00947,0,/battle/b_pl_tower/pl_btdpm.narc,149,947,,22812,22828,15152,15168,16,f04c490ed7b0825733017856a0f61683281c533c461e5ddf1aa89a8aa1f907cb,7d012701b2013f003900180fd6000000,,,,,False,,,,,,,,,,False,False
/battle/b_pl_tower/pl_btdpm.narc,/battle/b_pl_tower/pl_btdpm.narc!/member_00948,0,/battle/b_pl_tower/pl_btdpm.narc,149,948,,22828,22844,15168,15184,16,b8623095177aff0ce0a267941f28a9809a56900b968b4443b4f5a2f673ada2fe,e501cf01ae019e019900121113010000,,,,,False,,,,,,,,,,False,False
/battle/b_pl_tower/pl_btdpm.narc,/battle/b_pl_tower/pl_btdpm.narc!/member_00949,0,/battle/b_pl_tower/pl_btdpm.narc,149,949,,22844,22860,15184,15200,16,e034665e86d3f9d5e7fe0eb577a63952e5738c3b776af340117be12566111b13,e8015e003a004401ec00250fea000000,,,,,False,,,,,,,,,,False,False
/battle/b_pl_tower/pl_btdpm.narc,/battle/b_pl_tower/pl_btdpm.narc!/member_00950,0,/battle/b_pl_tower/pl_btdpm.narc,149,950,,22860,22876,15200,15216,16,3714dcf81009b82731da58041ec481bd56913c33b8f283babf1df2ccae8d2538,e601ce015900bc0199010303d5000000,,,,,False,,,,,,,,,,False,False
/battle/b_pl_tower/pl_btdtr.narc,/battle/b_pl_tower/pl_btdtr.narc!/member_00000,0,/battle/b_pl_tower/pl_btdtr.narc,150,0,,2572,2676,0,104,104,a9f3f754cf2a3e7284336bee950b16352c9636fb1a28c5af82b99c081aca8a91,02003200010002000300040005000600,,,,,False,,,,,,,,,,False,False
/battle/b_pl_tower/pl_btdtr.narc,/battle/b_pl_tower/pl_btdtr.narc!/member_00001,0,/battle/b_pl_tower/pl_btdtr.narc,150,1,,2676,2780,104,208,104,a9f3f754cf2a3e7284336bee950b16352c9636fb1a28c5af82b99c081aca8a91,02003200010002000300040005000600,,,,,False,,,,,,,,,,False,False
/battle/b_pl_tower/pl_btdtr.narc,/battle/b_pl_tower/pl_btdtr.narc!/member_00002,0,/battle/b_pl_tower/pl_btdtr.narc,150,2,,2780,2884,208,312,104,a9f3f754cf2a3e7284336bee950b16352c9636fb1a28c5af82b99c081aca8a91,02003200010002000300040005000600,,,,,False,,,,,,,,,,False,False
/battle/b_pl_tower/pl_btdtr.narc,/battle/b_pl_tower/pl_btdtr.narc!/member_00003,0,/battle/b_pl_tower/pl_btdtr.narc,150,3,,2884,2988,312,416,104,0e394f78f12b5f8158b3e2f14b8220ed57bb25188d0d07a51e9b4bb8421a7fb6,03003200010002000300040005000600,,,,,False,,,,,,,,,,False,False
/battle/b_pl_tower/pl_btdtr.narc,/battle/b_pl_tower/pl_btdtr.narc!/member_00004,0,/battle/b_pl_tower/pl_btdtr.narc,150,4,,2988,3092,416,520,104,0e394f78f12b5f8158b3e2f14b8220ed57bb25188d0d07a51e9b4bb8421a7fb6,03003200010002000300040005000600,,,,,False,,,,,,,,,,False,False
/battle/b_pl_tower/pl_btdtr.narc,/battle/b_pl_tower/pl_btdtr.narc!/member_00005,0,/battle/b_pl_tower/pl_btdtr.narc,150,5,,3092,3196,520,624,104,0e394f78f12b5f8158b3e2f14b8220ed57bb25188d0d07a51e9b4bb8421a7fb6,03003200010002000300040005000600,,,,,False,,,,,,,,,,False,False
/battle/b_pl_tower/pl_btdtr.narc,/battle/b_pl_tower/pl_btdtr.narc!/member_00006,0,/battle/b_pl_tower/pl_btdtr.narc,150,6,,3196,3300,624,728,104,62919ef77f9c630a6227b4134638e5f03b11fa09412c4146256a86b9bb642cae,3c003200330034003500360037003800,,,,,False,,,,,,,,,,False,False
/battle/b_pl_tower/pl_btdtr.narc,/battle/b_pl_tower/pl_btdtr.narc!/member_00007,0,/battle/b_pl_tower/pl_btdtr.narc,150,7,,3300,3404,728,832,104,62919ef77f9c630a6227b4134638e5f03b11fa09412c4146256a86b9bb642cae,3c003200330034003500360037003800,,,,,False,,,,,,,,,,False,False
/battle/b_pl_tower/pl_btdtr.narc,/battle/b_pl_tower/pl_btdtr.narc!/member_00008,0,/battle/b_pl_tower/pl_btdtr.narc,150,8,,3404,3508,832,936,104,62919ef77f9c630a6227b4134638e5f03b11fa09412c4146256a86b9bb642cae,3c003200330034003500360037003800,,,,,False,,,,,,,,,,False,False
/battle/b_pl_tower/pl_btdtr.narc,/battle/b_pl_tower/pl_btdtr.narc!/member_00009,0,/battle/b_pl_tower/pl_btdtr.narc,150,9,,3508,3612,936,1040,104,8cdf2901240e6b22764f2837729ff9e168e18d2fe3872f64a3ca468c5eb4b122,3d003200330034003500360037003800,,,,,False,,,,,,,,,,False,False
/battle/b_pl_tower/pl_btdtr.narc,/battle/b_pl_tower/pl_btdtr.narc!/member_00010,0,/battle/b_pl_tower/pl_btdtr.narc,150,10,,3612,3716,1040,1144,104,8cdf2901240e6b22764f2837729ff9e168e18d2fe3872f64a3ca468c5eb4b122,3d003200330034003500360037003800,,,,,False,,,,,,,,,,False,False
/battle/b_pl_tower/pl_btdtr.narc,/battle/b_pl_tower/pl_btdtr.narc!/member_00011,0,/battle/b_pl_tower/pl_btdtr.narc,150,11,,3716,3820,1144,1248,104,8cdf2901240e6b22764f2837729ff9e168e18d2fe3872f64a3ca468c5eb4b122,3d003200330034003500360037003800,,,,,False,,,,,,,,,,False,False
/battle/b_pl_tower/pl_btdtr.narc,/battle/b_pl_tower/pl_btdtr.narc!/member_00012,0,/battle/b_pl_tower/pl_btdtr.narc,150,12,,3820,3924,1248,1352,104,14ad6d5f213a511ce3b3874761785e9393d1ce852c5e221e633b8ed1619bc07a,20003200330034003500360037003800,,Nintendo Huffman,Probable,,True,Nintendo Huffman,Probable,False,12800,,,,,,False,False
/battle/b_pl_tower/pl_btdtr.narc,/battle/b_pl_tower/pl_btdtr.narc!/member_00013,0,/battle/b_pl_tower/pl_btdtr.narc,150,13,,3924,4028,1352,1456,104,14ad6d5f213a511ce3b3874761785e9393d1ce852c5e221e633b8ed1619bc07a,20003200330034003500360037003800,,Nintendo Huffman,Probable,,True,Nintendo Huffman,Probable,False,12800,,,,,,False,False
/battle/b_pl_tower/pl_btdtr.narc,/battle/b_pl_tower/pl_btdtr.narc!/member_00014,0,/battle/b_pl_tower/pl_btdtr.narc,150,14,,4028,4132,1456,1560,104,14ad6d5f213a511ce3b3874761785e9393d1ce852c5e221e633b8ed1619bc07a,20003200330034003500360037003800,,Nintendo Huffman,Probable,,True,Nintendo Huffman,Probable,False,12800,,,,,,False,False
/battle/b_pl_tower/pl_btdtr.narc,/battle/b_pl_tower/pl_btdtr.narc!/member_00015,0,/battle/b_pl_tower/pl_btdtr.narc,150,15,,4132,4236,1560,1664,104,377a33aac2f7f112e1c0f158d98128cdc39a6d96d7e556b7113303407b518018,21003200330034003500360037003800,,,,,False,,,,,,,,,,False,False
/battle/b_pl_tower/pl_btdtr.narc,/battle/b_pl_tower/pl_btdtr.narc!/member_00016,0,/battle/b_pl_tower/pl_btdtr.narc,150,16,,4236,4340,1664,1768,104,377a33aac2f7f112e1c0f158d98128cdc39a6d96d7e556b7113303407b518018,21003200330034003500360037003800,,,,,False,,,,,,,,,,False,False
/battle/b_pl_tower/pl_btdtr.narc,/battle/b_pl_tower/pl_btdtr.narc!/member_00017,0,/battle/b_pl_tower/pl_btdtr.narc,150,17,,4340,4444,1768,1872,104,377a33aac2f7f112e1c0f158d98128cdc39a6d96d7e556b7113303407b518018,21003200330034003500360037003800,,,,,False,,,,,,,,,,False,False
/battle/b_pl_tower/pl_btdtr.narc,/battle/b_pl_tower/pl_btdtr.narc!/member_00018,0,/battle/b_pl_tower/pl_btdtr.narc,150,18,,4444,4548,1872,1976,104,0f2555ab59a47bd1ba936956d367ad3d745b3f9ee9862a965bc5ff6057db9b95,04003200650066006700680069006a00,,,,,False,,,,,,,,,,False,False
/battle/b_pl_tower/pl_btdtr.narc,/battle/b_pl_tower/pl_btdtr.narc!/member_00019,0,/battle/b_pl_tower/pl_btdtr.narc,150,19,,4548,4652,1976,2080,104,0f2555ab59a47bd1ba936956d367ad3d745b3f9ee9862a965bc5ff6057db9b95,04003200650066006700680069006a00,,,,,False,,,,,,,,,,False,False
/battle/b_pl_tower/pl_btdtr.narc,/battle/b_pl_tower/pl_btdtr.narc!/member_00020,0,/battle/b_pl_tower/pl_btdtr.narc,150,20,,4652,4756,2080,2184,104,0f2555ab59a47bd1ba936956d367ad3d745b3f9ee9862a965bc5ff6057db9b95,04003200650066006700680069006a00,,,,,False,,,,,,,,,,False,False
/battle/b_pl_tower/pl_btdtr.narc,/battle/b_pl_tower/pl_btdtr.narc!/member_00021,0,/battle/b_pl_tower/pl_btdtr.narc,150,21,,4756,4860,2184,2288,104,bf0f0881b3ea2a1e79766fe9c8c6f649c1d573a9f212c930b8f44f345676695e,05003200650066006700680069006a00,,,,,False,,,,,,,,,,False,False
/battle/b_pl_tower/pl_btdtr.narc,/battle/b_pl_tower/pl_btdtr.narc!/member_00022,0,/battle/b_pl_tower/pl_btdtr.narc,150,22,,4860,4964,2288,2392,104,bf0f0881b3ea2a1e79766fe9c8c6f649c1d573a9f212c930b8f44f345676695e,05003200650066006700680069006a00,,,,,False,,,,,,,,,,False,False
/battle/b_pl_tower/pl_btdtr.narc,/battle/b_pl_tower/pl_btdtr.narc!/member_00023,0,/battle/b_pl_tower/pl_btdtr.narc,150,23,,4964,5068,2392,2496,104,bf0f0881b3ea2a1e79766fe9c8c6f649c1d573a9f212c930b8f44f345676695e,05003200650066006700680069006a00,,,,,False,,,,,,,,,,False,False
/battle/b_pl_tower/pl_btdtr.narc,/battle/b_pl_tower/pl_btdtr.narc!/member_00024,0,/battle/b_pl_tower/pl_btdtr.narc,150,24,,5068,5164,2496,2592,96,7cb3789b1daab3639da91a4713ee6067ca96df3da7497cb656642ba89731c5e1,2c002d000300060009000c000e001300,,,,,False,,,,,,,,,,False,False
/battle/b_pl_tower/pl_btdtr.narc,/battle/b_pl_tower/pl_btdtr.narc!/member_00025,0,/battle/b_pl_tower/pl_btdtr.narc,150,25,,5164,5260,2592,2688,96,7cb3789b1daab3639da91a4713ee6067ca96df3da7497cb656642ba89731c5e1,2c002d000300060009000c000e001300,,,,,False,,,,,,,,,,False,False
/battle/b_pl_tower/pl_btdtr.narc,/battle/b_pl_tower/pl_btdtr.narc!/member_00026,0,/battle/b_pl_tower/pl_btdtr.narc,150,26,,5260,5356,2688,2784,96,7cb3789b1daab3639da91a4713ee6067ca96df3da7497cb656642ba89731c5e1,2c002d000300060009000c000e001300,,,,,False,,,,,,,,,,False,False
/battle/b_pl_tower/pl_btdtr.narc,/battle/b_pl_tower/pl_btdtr.narc!/member_00027,0,/battle/b_pl_tower/pl_btdtr.narc,150,27,,5356,5452,2784,2880,96,48e94e585df5d0ec5588fe55e45eb8c583fec62c678bf12063b55ed85cc143b8,2d002d000300060009000c000e001300,,,,,False,,,,,,,,,,False,False
/battle/b_pl_tower/pl_btdtr.narc,/battle/b_pl_tower/pl_btdtr.narc!/member_00028,0,/battle/b_pl_tower/pl_btdtr.narc,150,28,,5452,5548,2880,2976,96,48e94e585df5d0ec5588fe55e45eb8c583fec62c678bf12063b55ed85cc143b8,2d002d000300060009000c000e001300,,,,,False,,,,,,,,,,False,False
/battle/b_pl_tower/pl_btdtr.narc,/battle/b_pl_tower/pl_btdtr.narc!/member_00029,0,/battle/b_pl_tower/pl_btdtr.narc,150,29,,5548,5644,2976,3072,96,48e94e585df5d0ec5588fe55e45eb8c583fec62c678bf12063b55ed85cc143b8,2d002d000300060009000c000e001300,,,,,False,,,,,,,,,,False,False
/battle/b_pl_tower/pl_btdtr.narc,/battle/b_pl_tower/pl_btdtr.narc!/member_00030,0,/battle/b_pl_tower/pl_btdtr.narc,150,30,,5644,5720,3072,3148,76,5e607756b7cb08bebf71a3d762bbaf7f5357492cba14b00dd3ad5ae07cefb8d6,3400240010001400170018001a001b00,,,,,False,,,,,,,,,,False,False
/battle/b_pl_tower/pl_btdtr.narc,/battle/b_pl_tower/pl_btdtr.narc!/member_00031,0,/battle/b_pl_tower/pl_btdtr.narc,150,31,,5720,5796,3148,3224,76,5e607756b7cb08bebf71a3d762bbaf7f5357492cba14b00dd3ad5ae07cefb8d6,3400240010001400170018001a001b00,,,,,False,,,,,,,,,,False,False
/battle/b_pl_tower/pl_btdtr.narc,/battle/b_pl_tower/pl_btdtr.narc!/member_00032,0,/battle/b_pl_tower/pl_btdtr.narc,150,32,,5796,5872,3224,3300,76,5e607756b7cb08bebf71a3d762bbaf7f5357492cba14b00dd3ad5ae07cefb8d6,3400240010001400170018001a001b00,,,,,False,,,,,,,,,,False,False
/battle/b_pl_tower/pl_btdtr.narc,/battle/b_pl_tower/pl_btdtr.narc!/member_00033,0,/battle/b_pl_tower/pl_btdtr.narc,150,33,,5872,5948,3300,3376,76,faa0f5bff3ec99aedd6cfbb45e693092cdabd040b0955bb3c850afe389ab1159,550023000e001100130014001d002100,,,,,False,,,,,,,,,,False,False
/battle/b_pl_tower/pl_btdtr.narc,/battle/b_pl_tower/pl_btdtr.narc!/member_00034,0,/battle/b_pl_tower/pl_btdtr.narc,150,34,,5948,6024,3376,3452,76,faa0f5bff3ec99aedd6cfbb45e693092cdabd040b0955bb3c850afe389ab1159,550023000e001100130014001d002100,,,,,False,,,,,,,,,,False,False
/battle/b_pl_tower/pl_btdtr.narc,/battle/b_pl_tower/pl_btdtr.narc!/member_00035,0,/battle/b_pl_tower/pl_btdtr.narc,150,35,,6024,6100,3452,3528,76,faa0f5bff3ec99aedd6cfbb45e693092cdabd040b0955bb3c850afe389ab1159,550023000e001100130014001d002100,,,,,False,,,,,,,,,,False,False
/battle/b_pl_tower/pl_btdtr.narc,/battle/b_pl_tower/pl_btdtr.narc!/member_00036,0,/battle/b_pl_tower/pl_btdtr.narc,150,36,,6100,6256,3528,3684,156,085009055d0c658c635b50c924689d06caf0598faa35c059fd60f8261c212939,14004b00010002000300040005000600,,,,,False,,,,,,,,,,False,False
/battle/b_pl_tower/pl_btdtr.narc,/battle/b_pl_tower/pl_btdtr.narc!/member_00037,0,/battle/b_pl_tower/pl_btdtr.narc,150,37,,6256,6412,3684,3840,156,085009055d0c658c635b50c924689d06caf0598faa35c059fd60f8261c212939,14004b00010002000300040005000600,,,,,False,,,,,,,,,,False,False
/battle/b_pl_tower/pl_btdtr.narc,/battle/b_pl_tower/pl_btdtr.narc!/member_00038,0,/battle/b_pl_tower/pl_btdtr.narc,150,38,,6412,6568,3840,3996,156,085009055d0c658c635b50c924689d06caf0598faa35c059fd60f8261c212939,14004b00010002000300040005000600,,,,,False,,,,,,,,,,False,False
/battle/b_pl_tower/pl_btdtr.narc,/battle/b_pl_tower/pl_btdtr.narc!/member_00039,0,/battle/b_pl_tower/pl_btdtr.narc,150,39,,6568,6724,3996,4152,156,afad9c1133aa910f6cbbe0cf87a29b9d9ee8bc1c5f0bb95e61195448ebaebb92,15004b00010002000300040005000600,,,,,False,,,,,,,,,,False,False
/battle/b_pl_tower/pl_btdtr.narc,/battle/b_pl_tower/pl_btdtr.narc!/member_00040,0,/battle/b_pl_tower/pl_btdtr.narc,150,40,,6724,6880,4152,4308,156,afad9c1133aa910f6cbbe0cf87a29b9d9ee8bc1c5f0bb95e61195448ebaebb92,15004b00010002000300040005000600,,,,,False,,,,,,,,,,False,False
/battle/b_pl_tower/pl_btdtr.narc,/battle/b_pl_tower/pl_btdtr.narc!/member_00041,0,/battle/b_pl_tower/pl_btdtr.narc,150,41,,6880,7036,4308,4464,156,afad9c1133aa910f6cbbe0cf87a29b9d9ee8bc1c5f0bb95e61195448ebaebb92,15004b00010002000300040005000600,,,,,False,,,,,,,,,,False,False
/battle/b_pl_tower/pl_btdtr.narc,/battle/b_pl_tower/pl_btdtr.narc!/member_00042,0,/battle/b_pl_tower/pl_btdtr.narc,150,42,,7036,7192,4464,4620,156,9f735aa9815a16ff097b3ace375166caf9edfe60c4d6676775f9cc77db1fefc1,51004b004c004d004e004f0050005100,,,,,False,,,,,,,,,,False,False
/battle/b_pl_tower/pl_btdtr.narc,/battle/b_pl_tower/pl_btdtr.narc!/member_00043,0,/battle/b_pl_tower/pl_btdtr.narc,150,43,,7192,7348,4620,4776,156,9f735aa9815a16ff097b3ace375166caf9edfe60c4d6676775f9cc77db1fefc1,51004b004c004d004e004f0050005100,,,,,False,,,,,,,,,,False,False
/battle/b_pl_tower/pl_btdtr.narc,/battle/b_pl_tower/pl_btdtr.narc!/member_00044,0,/battle/b_pl_tower/pl_btdtr.narc,150,44,,7348,7504,4776,4932,156,9f735aa9815a16ff097b3ace375166caf9edfe60c4d6676775f9cc77db1fefc1,51004b004c004d004e004f0050005100,,,,,False,,,,,,,,,,False,False
/battle/b_pl_tower/pl_btdtr.narc,/battle/b_pl_tower/pl_btdtr.narc!/member_00045,0,/battle/b_pl_tower/pl_btdtr.narc,150,45,,7504,7660,4932,5088,156,75881b16f333e430b6a5d7e8585a593c94be924a5d3a6a2b96c2cc78224a385f,1a004b004c004d004e004f0050005100,,,,,False,,,,,,,,,,False,False
/battle/b_pl_tower/pl_btdtr.narc,/battle/b_pl_tower/pl_btdtr.narc!/member_00046,0,/battle/b_pl_tower/pl_btdtr.narc,150,46,,7660,7816,5088,5244,156,75881b16f333e430b6a5d7e8585a593c94be924a5d3a6a2b96c2cc78224a385f,1a004b004c004d004e004f0050005100,,,,,False,,,,,,,,,,False,False
/battle/b_pl_tower/pl_btdtr.narc,/battle/b_pl_tower/pl_btdtr.narc!/member_00047,0,/battle/b_pl_tower/pl_btdtr.narc,150,47,,7816,7972,5244,5400,156,75881b16f333e430b6a5d7e8585a593c94be924a5d3a6a2b96c2cc78224a385f,1a004b004c004d004e004f0050005100,,,,,False,,,,,,,,,,False,False
/battle/b_pl_tower/pl_btdtr.narc,/battle/b_pl_tower/pl_btdtr.narc!/member_00048,0,/battle/b_pl_tower/pl_btdtr.narc,150,48,,7972,8048,5400,5476,76,b7e36bf74a4300206dff0402dd0db1fa4baa78dd08523412f35a8d7a21bca9a9,060023000100040007000a000d000f00,,,,,False,,,,,,,,,,False,False
/battle/b_pl_tower/pl_btdtr.narc,/battle/b_pl_tower/pl_btdtr.narc!/member_00049,0,/battle/b_pl_tower/pl_btdtr.narc,150,49,,8048,8124,5476,5552,76,b7e36bf74a4300206dff0402dd0db1fa4baa78dd08523412f35a8d7a21bca9a9,060023000100040007000a000d000f00,,,,,False,,,,,,,,,,False,False
/battle/b_pl_tower/pl_btdtr.narc,/battle/b_pl_tower/pl_btdtr.narc!/member_00050,0,/battle/b_pl_tower/pl_btdtr.narc,150,50,,8124,8200,5552,5628,76,b7e36bf74a4300206dff0402dd0db1fa4baa78dd08523412f35a8d7a21bca9a9,060023000100040007000a000d000f00,,,,,False,,,,,,,,,,False,False
/battle/b_pl_tower/pl_btdtr.narc,/battle/b_pl_tower/pl_btdtr.narc!/member_00051,0,/battle/b_pl_tower/pl_btdtr.narc,150,51,,8200,8304,5628,5732,104,746a2910fce1b7bd7138bc2c357419ddb8f620b0a8f6c047bdfb3cce0ee560ed,1c003200010002000300040005000600,,,,,False,,,,,,,,,,False,False
/battle/b_pl_tower/pl_btdtr.narc,/battle/b_pl_tower/pl_btdtr.narc!/member_00052,0,/battle/b_pl_tower/pl_btdtr.narc,150,52,,8304,8408,5732,5836,104,746a2910fce1b7bd7138bc2c357419ddb8f620b0a8f6c047bdfb3cce0ee560ed,1c003200010002000300040005000600,,,,,False,,,,,,,,,,False,False
/battle/b_pl_tower/pl_btdtr.narc,/battle/b_pl_tower/pl_btdtr.narc!/member_00053,0,/battle/b_pl_tower/pl_btdtr.narc,150,53,,8408,8512,5836,5940,104,746a2910fce1b7bd7138bc2c357419ddb8f620b0a8f6c047bdfb3cce0ee560ed,1c003200010002000300040005000600,,,,,False,,,,,,,,,,False,False
/battle/b_pl_tower/pl_btdtr.narc,/battle/b_pl_tower/pl_btdtr.narc!/member_00054,0,/battle/b_pl_tower/pl_btdtr.narc,150,54,,8512,8616,5940,6044,104,39fd9205d376a5762078270b0d447c703de8dc76a1eff84bfaccc7e4ab5a5071,16003200010002000300040005000600,,,,,False,,,,,,,,,,False,False
/battle/b_pl_tower/pl_btdtr.narc,/battle/b_pl_tower/pl_btdtr.narc!/member_00055,0,/battle/b_pl_tower/pl_btdtr.narc,150,55,,8616,8720,6044,6148,104,39fd9205d376a5762078270b0d447c703de8dc76a1eff84bfaccc7e4ab5a5071,16003200010002000300040005000600,,,,,False,,,,,,,,,,False,False
/battle/b_pl_tower/pl_btdtr.narc,/battle/b_pl_tower/pl_btdtr.narc!/member_00056,0,/battle/b_pl_tower/pl_btdtr.narc,150,56,,8720,8824,6148,6252,104,39fd9205d376a5762078270b0d447c703de8dc76a1eff84bfaccc7e4ab5a5071,16003200010002000300040005000600,,,,,False,,,,,,,,,,False,False
/battle/b_pl_tower/pl_btdtr.narc,/battle/b_pl_tower/pl_btdtr.narc!/member_00057,0,/battle/b_pl_tower/pl_btdtr.narc,150,57,,8824,8884,6252,6312,60,eb636497eec5be5f9d8e1e2ae25a253701aad5f87746b4a8d3f5fe6003c1ece8,0b001c000300060009000c0022002d00,,,,,False,,,,,,,,,,False,False
/battle/b_pl_tower/pl_btdtr.narc,/battle/b_pl_tower/pl_btdtr.narc!/member_00058,0,/battle/b_pl_tower/pl_btdtr.narc,150,58,,8884,8944,6312,6372,60,eb636497eec5be5f9d8e1e2ae25a253701aad5f87746b4a8d3f5fe6003c1ece8,0b001c000300060009000c0022002d00,,,,,False,,,,,,,,,,False,False
/battle/b_pl_tower/pl_btdtr.narc,/battle/b_pl_tower/pl_btdtr.narc!/member_00059,0,/battle/b_pl_tower/pl_btdtr.narc,150,59,,8944,9000,6372,6428,56,d3eca64e1e34d2733cfb3ce94fb79eb829e5abf08d8d0eaabdc3ac94a72da201,30001a0019001e001f00230024002700,,Nintendo RLE,Probable,,True,Nintendo RLE,Probable,False,6656,,,,,,False,False
/battle/b_pl_tower/pl_btdtr.narc,/battle/b_pl_tower/pl_btdtr.narc!/member_00060,0,/battle/b_pl_tower/pl_btdtr.narc,150,60,,9000,9056,6428,6484,56,d3eca64e1e34d2733cfb3ce94fb79eb829e5abf08d8d0eaabdc3ac94a72da201,30001a0019001e001f00230024002700,,Nintendo RLE,Probable,,True,Nintendo RLE,Probable,False,6656,,,,,,False,False
/battle/b_pl_tower/pl_btdtr.narc,/battle/b_pl_tower/pl_btdtr.narc!/member_00061,0,/battle/b_pl_tower/pl_btdtr.narc,150,61,,9056,9160,6484,6588,104,4e4761032a0e1a0e42a7f173b33e0e572023dc187b079049cd006edbe0a50800,25003200330034003500360037003800,,,,,False,,,,,,,,,,False,False
/battle/b_pl_tower/pl_btdtr.narc,/battle/b_pl_tower/pl_btdtr.narc!/member_00062,0,/battle/b_pl_tower/pl_btdtr.narc,150,62,,9160,9264,6588,6692,104,4e4761032a0e1a0e42a7f173b33e0e572023dc187b079049cd006edbe0a50800,25003200330034003500360037003800,,,,,False,,,,,,,,,,False,False
/battle/b_pl_tower/pl_btdtr.narc,/battle/b_pl_tower/pl_btdtr.narc!/member_00063,0,/battle/b_pl_tower/pl_btdtr.narc,150,63,,9264,9368,6692,6796,104,b87ce9418488f55bb76f62f57484ff1859ede0cccf4ac3b812f6f694d3ce4083,50003200330034003500360037003800,,,,,False,,,,,,,,,,False,False
/battle/b_pl_tower/pl_btdtr.narc,/battle/b_pl_tower/pl_btdtr.narc!/member_00064,0,/battle/b_pl_tower/pl_btdtr.narc,150,64,,9368,9472,6796,6900,104,b87ce9418488f55bb76f62f57484ff1859ede0cccf4ac3b812f6f694d3ce4083,50003200330034003500360037003800,,,,,False,,,,,,,,,,False,False
/battle/b_pl_tower/pl_btdtr.narc,/battle/b_pl_tower/pl_btdtr.narc!/member_00065,0,/battle/b_pl_tower/pl_btdtr.narc,150,65,,9472,9576,6900,7004,104,b87ce9418488f55bb76f62f57484ff1859ede0cccf4ac3b812f6f694d3ce4083,50003200330034003500360037003800,,,,,False,,,,,,,,,,False,False
/battle/b_pl_tower/pl_btdtr.narc,/battle/b_pl_tower/pl_btdtr.narc!/member_00066,0,/battle/b_pl_tower/pl_btdtr.narc,150,66,,9576,9680,7004,7108,104,b18e4502113062645af00a37ac88b5234c696c60b5e96c50ae4e5bb7db9aea15,24003200650066006700680069006a00,,,,,True,Nintendo Huffman 4-bit,Probable,False,12800,,,,,,False,False
/battle/b_pl_tower/pl_btdtr.narc,/battle/b_pl_tower/pl_btdtr.narc!/member_00067,0,/battle/b_pl_tower/pl_btdtr.narc,150,67,,9680,9784,7108,7212,104,b18e4502113062645af00a37ac88b5234c696c60b5e96c50ae4e5bb7db9aea15,24003200650066006700680069006a00,,,,,True,Nintendo Huffman 4-bit,Probable,False,12800,,,,,,False,False
/battle/b_pl_tower/pl_btdtr.narc,/battle/b_pl_tower/pl_btdtr.narc!/member_00068,0,/battle/b_pl_tower/pl_btdtr.narc,150,68,,9784,9888,7212,7316,104,b18e4502113062645af00a37ac88b5234c696c60b5e96c50ae4e5bb7db9aea15,24003200650066006700680069006a00,,,,,True,Nintendo Huffman 4-bit,Probable,False,12800,,,,,,False,False
/battle/b_pl_tower/pl_btdtr.narc,/battle/b_pl_tower/pl_btdtr.narc!/member_00069,0,/battle/b_pl_tower/pl_btdtr.narc,150,69,,9888,9976,7316,7404,88,181d79f875b79e4058e10f9423768e9476b94fc45838a6b88ca83beccae97325,070029000100040007000a000e001100,,,,,False,,,,,,,,,,False,False
/battle/b_pl_tower/pl_btdtr.narc,/battle/b_pl_tower/pl_btdtr.narc!/member_00070,0,/battle/b_pl_tower/pl_btdtr.narc,150,70,,9976,10064,7404,7492,88,181d79f875b79e4058e10f9423768e9476b94fc45838a6b88ca83beccae97325,070029000100040007000a000e001100,,,,,False,,,,,,,,,,False,False
/battle/b_pl_tower/pl_btdtr.narc,/battle/b_pl_tower/pl_btdtr.narc!/member_00071,0,/battle/b_pl_tower/pl_btdtr.narc,150,71,,10064,10152,7492,7580,88,181d79f875b79e4058e10f9423768e9476b94fc45838a6b88ca83beccae97325,070029000100040007000a000e001100,,,,,False,,,,,,,,,,False,False
/battle/b_pl_tower/pl_btdtr.narc,/battle/b_pl_tower/pl_btdtr.narc!/member_00072,0,/battle/b_pl_tower/pl_btdtr.narc,150,72,,10152,10228,7580,7656,76,5e607756b7cb08bebf71a3d762bbaf7f5357492cba14b00dd3ad5ae07cefb8d6,3400240010001400170018001a001b00,,,,,False,,,,,,,,,,False,False
/battle/b_pl_tower/pl_btdtr.narc,/battle/b_pl_tower/pl_btdtr.narc!/member_00073,0,/battle/b_pl_tower/pl_btdtr.narc,150,73,,10228,10304,7656,7732,76,5e607756b7cb08bebf71a3d762bbaf7f5357492cba14b00dd3ad5ae07cefb8d6,3400240010001400170018001a001b00,,,,,False,,,,,,,,,,False,False
/battle/b_pl_tower/pl_btdtr.narc,/battle/b_pl_tower/pl_btdtr.narc!/member_00074,0,/battle/b_pl_tower/pl_btdtr.narc,150,74,,10304,10348,7732,7776,44,bd41cdf0c088a9fa46b2122969021f3c1eefff298f1990ecb94ba6e305a06fa3,1e001300110012003000310039004700,,,,,False,,,,,,,,,,False,False
/battle/b_pl_tower/pl_btdtr.narc,/battle/b_pl_tower/pl_btdtr.narc!/member_00075,0,/battle/b_pl_tower/pl_btdtr.narc,150,75,,10348,10392,7776,7820,44,bd41cdf0c088a9fa46b2122969021f3c1eefff298f1990ecb94ba6e305a06fa3,1e001300110012003000310039004700,,,,,False,,,,,,,,,,False,False
/battle/b_pl_tower/pl_btdtr.narc,/battle/b_pl_tower/pl_btdtr.narc!/member_00076,0,/battle/b_pl_tower/pl_btdtr.narc,150,76,,10392,10436,7820,7864,44,bd41cdf0c088a9fa46b2122969021f3c1eefff298f1990ecb94ba6e305a06fa3,1e001300110012003000310039004700,,,,,False,,,,,,,,,,False,False
/battle/b_pl_tower/pl_btdtr.narc,/battle/b_pl_tower/pl_btdtr.narc!/member_00077,0,/battle/b_pl_tower/pl_btdtr.narc,150,77,,10436,10524,7864,7952,88,4001e176a0e17f7c2119deb9f3db620e268dbe54ac52aeb135cc2497b4589d20,2e0029000300060009000c0011001800,,,,,False,,,,,,,,,,False,False
/battle/b_pl_tower/pl_btdtr.narc,/battle/b_pl_tower/pl_btdtr.narc!/member_00078,0,/battle/b_pl_tower/pl_btdtr.narc,150,78,,10524,10612,7952,8040,88,4001e176a0e17f7c2119deb9f3db620e268dbe54ac52aeb135cc2497b4589d20,2e0029000300060009000c0011001800,,,,,False,,,,,,,,,,False,False
/battle/b_pl_tower/pl_btdtr.narc,/battle/b_pl_tower/pl_btdtr.narc!/member_00079,0,/battle/b_pl_tower/pl_btdtr.narc,150,79,,10612,10676,8040,8104,64,583551d56e9789bfb1bc79f088108e0b524ed9b87b98cbedc8e5cdd008e2bc70,09001d00180019001e001f0023002400,,,,,False,,,,,,,,,,False,False
/battle/b_pl_tower/pl_btdtr.narc,/battle/b_pl_tower/pl_btdtr.narc!/member_00080,0,/battle/b_pl_tower/pl_btdtr.narc,150,80,,10676,10740,8104,8168,64,583551d56e9789bfb1bc79f088108e0b524ed9b87b98cbedc8e5cdd008e2bc70,09001d00180019001e001f0023002400,,,,,False,,,,,,,,,,False,False
/battle/b_pl_tower/pl_btdtr.narc,/battle/b_pl_tower/pl_btdtr.narc!/member_00081,0,/battle/b_pl_tower/pl_btdtr.narc,150,81,,10740,10816,8168,8244,76,faa0f5bff3ec99aedd6cfbb45e693092cdabd040b0955bb3c850afe389ab1159,550023000e001100130014001d002100,,,,,False,,,,,,,,,,False,False
/battle/b_pl_tower/pl_btdtr.narc,/battle/b_pl_tower/pl_btdtr.narc!/member_00082,0,/battle/b_pl_tower/pl_btdtr.narc,150,82,,10816,10892,8244,8320,76,faa0f5bff3ec99aedd6cfbb45e693092cdabd040b0955bb3c850afe389ab1159,550023000e001100130014001d002100,,,,,False,,,,,,,,,,False,False
/battle/b_pl_tower/pl_btdtr.narc,/battle/b_pl_tower/pl_btdtr.narc!/member_00083,0,/battle/b_pl_tower/pl_btdtr.narc,150,83,,10892,10968,8320,8396,76,faa0f5bff3ec99aedd6cfbb45e693092cdabd040b0955bb3c850afe389ab1159,550023000e001100130014001d002100,,,,,False,,,,,,,,,,False,False
/battle/b_pl_tower/pl_btdtr.narc,/battle/b_pl_tower/pl_btdtr.narc!/member_00084,0,/battle/b_pl_tower/pl_btdtr.narc,150,84,,10968,11072,8396,8500,104,2b843b05ee88e029bba8be0d01a067c3d69a2abd97106c29ffc7dc8005195cb8,13003200330034003500360037003800,,,,,False,,,,,,,,,,False,False
/battle/b_pl_tower/pl_btdtr.narc,/battle/b_pl_tower/pl_btdtr.narc!/member_00085,0,/battle/b_pl_tower/pl_btdtr.narc,150,85,,11072,11176,8500,8604,104,dafc9c5befa22cb2fee7b9205f1c3a8a758df61f879fcacd6e1b7086e6d0a212,13003200650066006700680069006a00,,,,,False,,,,,,,,,,False,False
/battle/b_pl_tower/pl_btdtr.narc,/battle/b_pl_tower/pl_btdtr.narc!/member_00086,0,/battle/b_pl_tower/pl_btdtr.narc,150,86,,11176,11232,8604,8660,56,f6adc6dfe8bfc47b94944aba05485e5369e0e8c1ad76a64b356bc63a9d8751c4,3b001a00180019001e001f0023002400,,,,,False,,,,,,,,,,False,False
/battle/b_pl_tower/pl_btdtr.narc,/battle/b_pl_tower/pl_btdtr.narc!/member_00087,0,/battle/b_pl_tower/pl_btdtr.narc,150,87,,11232,11288,8660,8716,56,f6adc6dfe8bfc47b94944aba05485e5369e0e8c1ad76a64b356bc63a9d8751c4,3b001a00180019001e001f0023002400,,,,,False,,,,,,,,,,False,False
/battle/b_pl_tower/pl_btdtr.narc,/battle/b_pl_tower/pl_btdtr.narc!/member_00088,0,/battle/b_pl_tower/pl_btdtr.narc,150,88,,11288,11392,8716,8820,104,c836a457a5b70d78805d3c19acccfb8edc71b63e8e776b30bb47febb6db8f23b,47003200650066006700680069006a00,,,,,False,,,,,,,,,,False,False
/battle/b_pl_tower/pl_btdtr.narc,/battle/b_pl_tower/pl_btdtr.narc!/member_00089,0,/battle/b_pl_tower/pl_btdtr.narc,150,89,,11392,11496,8820,8924,104,c836a457a5b70d78805d3c19acccfb8edc71b63e8e776b30bb47febb6db8f23b,47003200650066006700680069006a00,,,,,False,,,,,,,,,,False,False
/battle/b_pl_tower/pl_btdtr.narc,/battle/b_pl_tower/pl_btdtr.narc!/member_00090,0,/battle/b_pl_tower/pl_btdtr.narc,150,90,,11496,11600,8924,9028,104,c836a457a5b70d78805d3c19acccfb8edc71b63e8e776b30bb47febb6db8f23b,47003200650066006700680069006a00,,,,,False,,,,,,,,,,False,False
/battle/b_pl_tower/pl_btdtr.narc,/battle/b_pl_tower/pl_btdtr.narc!/member_00091,0,/battle/b_pl_tower/pl_btdtr.narc,150,91,,11600,11704,9028,9132,104,84b231e4cb16a099c4ef804817d4ae882fdc4c5a2276fe9259274396ae6e0382,12003200650066006700680069006a00,,,,,False,,,,,,,,,,False,False
/battle/b_pl_tower/pl_btdtr.narc,/battle/b_pl_tower/pl_btdtr.narc!/member_00092,0,/battle/b_pl_tower/pl_btdtr.narc,150,92,,11704,11808,9132,9236,104,84b231e4cb16a099c4ef804817d4ae882fdc4c5a2276fe9259274396ae6e0382,12003200650066006700680069006a00,,,,,False,,,,,,,,,,False,False
/battle/b_pl_tower/pl_btdtr.narc,/battle/b_pl_tower/pl_btdtr.narc!/member_00093,0,/battle/b_pl_tower/pl_btdtr.narc,150,93,,11808,11912,9236,9340,104,84b231e4cb16a099c4ef804817d4ae882fdc4c5a2276fe9259274396ae6e0382,12003200650066006700680069006a00,,,,,False,,,,,,,,,,False,False
/battle/b_pl_tower/pl_btdtr.narc,/battle/b_pl_tower/pl_btdtr.narc!/member_00094,0,/battle/b_pl_tower/pl_btdtr.narc,150,94,,11912,12016,9340,9444,104,2724037c3d1733124fa40b7ab8ba3ff61ff8450dc18270f062feac7162a037bf,53003200010002000300040005000600,,,,,False,,,,,,,,,,False,False
/battle/b_pl_tower/pl_btdtr.narc,/battle/b_pl_tower/pl_btdtr.narc!/member_00095,0,/battle/b_pl_tower/pl_btdtr.narc,150,95,,12016,12120,9444,9548,104,bba977364fad61dcbc5d9da30c885061ec64aca286a3780d9df132346ca3af20,53003200330034003500360037003800,,,,,False,,,,,,,,,,False,False
/battle/b_pl_tower/pl_btdtr.narc,/battle/b_pl_tower/pl_btdtr.narc!/member_00096,0,/battle/b_pl_tower/pl_btdtr.narc,150,96,,12120,12224,9548,9652,104,9330e5fc586287ca858d7b66a5e35b3adc0af44b8e9be1bdd264c0305d5e6ee4,53003200650066006700680069006a00,,,,,False,,,,,,,,,,False,False
/battle/b_pl_tower/pl_btdtr.narc,/battle/b_pl_tower/pl_btdtr.narc!/member_00097,0,/battle/b_pl_tower/pl_btdtr.narc,150,97,,12224,12328,9652,9756,104,d1afaed8bc9e6015c11a1426de9fa4dc4436c8da04ef1960918a92f65a9f6c57,54003200010002000300040005000600,,,,,False,,,,,,,,,,False,False
/battle/b_pl_tower/pl_btdtr.narc,/battle/b_pl_tower/pl_btdtr.narc!/member_00098,0,/battle/b_pl_tower/pl_btdtr.narc,150,98,,12328,12432,9756,9860,104,c74801a14756f9f8203e8048054f9fe38c94ac8a0dfad2d87ce64a3b14be4eea,54003200330034003500360037003800,,,,,False,,,,,,,,,,False,False
/battle/b_pl_tower/pl_btdtr.narc,/battle/b_pl_tower/pl_btdtr.narc!/member_00099,0,/battle/b_pl_tower/pl_btdtr.narc,150,99,,12432,12536,9860,9964,104,bb9e926c3eb4af08a670fcaaf991acc99e448314adcb66347a8595ca9d1899c0,54003200650066006700680069006a00,,,,,False,,,,,,,,,,False,False
/battle/b_pl_tower/pl_btdtr.narc,/battle/b_pl_tower/pl_btdtr.narc!/member_00100,0,/battle/b_pl_tower/pl_btdtr.narc,150,100,,12536,12640,9964,10068,104,79daef43979ce6846aa04b93248711dabfe4ad1668cb02a0efc9e8846a8f7a1a,0c0032009700980099009a009b009c00,,,,,False,,,,,,,,,,False,False
/battle/b_pl_tower/pl_btdtr.narc,/battle/b_pl_tower/pl_btdtr.narc!/member_00101,0,/battle/b_pl_tower/pl_btdtr.narc,150,101,,12640,12744,10068,10172,104,79daef43979ce6846aa04b93248711dabfe4ad1668cb02a0efc9e8846a8f7a1a,0c0032009700980099009a009b009c00,,,,,False,,,,,,,,,,False,False
/battle/b_pl_tower/pl_btdtr.narc,/battle/b_pl_tower/pl_btdtr.narc!/member_00102,0,/battle/b_pl_tower/pl_btdtr.narc,150,102,,12744,12848,10172,10276,104,5efe05248a03266750d164656d38d1b67487f973c2427fd34fa03cd2a2d6a104,0d0032009700980099009a009b009c00,,,,,False,,,,,,,,,,False,False
/battle/b_pl_tower/pl_btdtr.narc,/battle/b_pl_tower/pl_btdtr.narc!/member_00103,0,/battle/b_pl_tower/pl_btdtr.narc,150,103,,12848,12952,10276,10380,104,5efe05248a03266750d164656d38d1b67487f973c2427fd34fa03cd2a2d6a104,0d0032009700980099009a009b009c00,,,,,False,,,,,,,,,,False,False
/battle/b_pl_tower/pl_btdtr.narc,/battle/b_pl_tower/pl_btdtr.narc!/member_00104,0,/battle/b_pl_tower/pl_btdtr.narc,150,104,,12952,13052,10380,10480,100,10aabbd587a2ba18e5f9409ae4ea3c67dc3e58731b238ad5a143311d104932a2,0e003000980099009b009c009e009f00,,,,,False,,,,,,,,,,False,False
/battle/b_pl_tower/pl_btdtr.narc,/battle/b_pl_tower/pl_btdtr.narc!/member_00105,0,/battle/b_pl_tower/pl_btdtr.narc,150,105,,13052,13152,10480,10580,100,10aabbd587a2ba18e5f9409ae4ea3c67dc3e58731b238ad5a143311d104932a2,0e003000980099009b009c009e009f00,,,,,False,,,,,,,,,,False,False
/battle/b_pl_tower/pl_btdtr.narc,/battle/b_pl_tower/pl_btdtr.narc!/member_00106,0,/battle/b_pl_tower/pl_btdtr.narc,150,106,,13152,13252,10580,10680,100,483298753eab1c0af8bb902efde622fdf3c88b45479fe43a6c097a021d32f7cb,0a003000980099009b009c009e009f00,,,,,False,,,,,,,,,,False,False
/battle/b_pl_tower/pl_btdtr.narc,/battle/b_pl_tower/pl_btdtr.narc!/member_00107,0,/battle/b_pl_tower/pl_btdtr.narc,150,107,,13252,13352,10680,10780,100,483298753eab1c0af8bb902efde622fdf3c88b45479fe43a6c097a021d32f7cb,0a003000980099009b009c009e009f00,,,,,False,,,,,,,,,,False,False
/battle/b_pl_tower/pl_btdtr.narc,/battle/b_pl_tower/pl_btdtr.narc!/member_00108,0,/battle/b_pl_tower/pl_btdtr.narc,150,108,,13352,13452,10780,10880,100,10aabbd587a2ba18e5f9409ae4ea3c67dc3e58731b238ad5a143311d104932a2,0e003000980099009b009c009e009f00,,,,,False,,,,,,,,,,False,False
/battle/b_pl_tower/pl_btdtr.narc,/battle/b_pl_tower/pl_btdtr.narc!/member_00109,0,/battle/b_pl_tower/pl_btdtr.narc,150,109,,13452,13552,10880,10980,100,10aabbd587a2ba18e5f9409ae4ea3c67dc3e58731b238ad5a143311d104932a2,0e003000980099009b009c009e009f00,,,,,False,,,,,,,,,,False,False
/battle/b_pl_tower/pl_btdtr.narc,/battle/b_pl_tower/pl_btdtr.narc!/member_00110,0,/battle/b_pl_tower/pl_btdtr.narc,150,110,,13552,13652,10980,11080,100,10aabbd587a2ba18e5f9409ae4ea3c67dc3e58731b238ad5a143311d104932a2,0e003000980099009b009c009e009f00,,,,,False,,,,,,,,,,False,False
/battle/b_pl_tower/pl_btdtr.narc,/battle/b_pl_tower/pl_btdtr.narc!/member_00111,0,/battle/b_pl_tower/pl_btdtr.narc,150,111,,13652,13752,11080,11180,100,483298753eab1c0af8bb902efde622fdf3c88b45479fe43a6c097a021d32f7cb,0a003000980099009b009c009e009f00,,,,,False,,,,,,,,,,False,False
/battle/b_pl_tower/pl_btdtr.narc,/battle/b_pl_tower/pl_btdtr.narc!/member_00112,0,/battle/b_pl_tower/pl_btdtr.narc,150,112,,13752,13852,11180,11280,100,483298753eab1c0af8bb902efde622fdf3c88b45479fe43a6c097a021d32f7cb,0a003000980099009b009c009e009f00,,,,,False,,,,,,,,,,False,False
/battle/b_pl_tower/pl_btdtr.narc,/battle/b_pl_tower/pl_btdtr.narc!/member_00113,0,/battle/b_pl_tower/pl_btdtr.narc,150,113,,13852,13952,11280,11380,100,483298753eab1c0af8bb902efde622fdf3c88b45479fe43a6c097a021d32f7cb,0a003000980099009b009c009e009f00,,,,,False,,,,,,,,,,False,False
/battle/b_pl_tower/pl_btdtr.narc,/battle/b_pl_tower/pl_btdtr.narc!/member_00114,0,/battle/b_pl_tower/pl_btdtr.narc,150,114,,13952,14056,11380,11484,104,7435f37baf405ffd20a8c52969281e5ebb1ead17ffd427ae893059dec75cf6e5,1b003200c900ca00cb00cc00cd00ce00,,,,,False,,,,,,,,,,False,False
/battle/b_pl_tower/pl_btdtr.narc,/battle/b_pl_tower/pl_btdtr.narc!/member_00115,0,/battle/b_pl_tower/pl_btdtr.narc,150,115,,14056,14160,11484,11588,104,7435f37baf405ffd20a8c52969281e5ebb1ead17ffd427ae893059dec75cf6e5,1b003200c900ca00cb00cc00cd00ce00,,,,,False,,,,,,,,,,False,False
/battle/b_pl_tower/pl_btdtr.narc,/battle/b_pl_tower/pl_btdtr.narc!/member_00116,0,/battle/b_pl_tower/pl_btdtr.narc,150,116,,14160,14264,11588,11692,104,7435f37baf405ffd20a8c52969281e5ebb1ead17ffd427ae893059dec75cf6e5,1b003200c900ca00cb00cc00cd00ce00,,,,,False,,,,,,,,,,False,False
/battle/b_pl_tower/pl_btdtr.narc,/battle/b_pl_tower/pl_btdtr.narc!/member_00117,0,/battle/b_pl_tower/pl_btdtr.narc,150,117,,14264,14368,11692,11796,104,93cfe29b8850839735d06aa7a4a8e36780f75ac17324375d0e1a900da9fcf9d3,23003200c900ca00cb00cc00cd00ce00,,,,,False,,,,,,,,,,False,False
/battle/b_pl_tower/pl_btdtr.narc,/battle/b_pl_tower/pl_btdtr.narc!/member_00118,0,/battle/b_pl_tower/pl_btdtr.narc,150,118,,14368,14472,11796,11900,104,93cfe29b8850839735d06aa7a4a8e36780f75ac17324375d0e1a900da9fcf9d3,23003200c900ca00cb00cc00cd00ce00,,,,,False,,,,,,,,,,False,False
/battle/b_pl_tower/pl_btdtr.narc,/battle/b_pl_tower/pl_btdtr.narc!/member_00119,0,/battle/b_pl_tower/pl_btdtr.narc,150,119,,14472,14576,11900,12004,104,93cfe29b8850839735d06aa7a4a8e36780f75ac17324375d0e1a900da9fcf9d3,23003200c900ca00cb00cc00cd00ce00,,,,,False,,,,,,,,,,False,False
/battle/b_pl_tower/pl_btdtr.narc,/battle/b_pl_tower/pl_btdtr.narc!/member_00120,0,/battle/b_pl_tower/pl_btdtr.narc,150,120,,14576,14652,12004,12080,76,6846039f1d9adf32d259c9a1b700e77d8b35313b178fe06d5bb5b02ff099e359,31002300110114011601180119011a01,,,,,False,,,,,,,,,,False,False
/battle/b_pl_tower/pl_btdtr.narc,/battle/b_pl_tower/pl_btdtr.narc!/member_00121,0,/battle/b_pl_tower/pl_btdtr.narc,150,121,,14652,14728,12080,12156,76,6846039f1d9adf32d259c9a1b700e77d8b35313b178fe06d5bb5b02ff099e359,31002300110114011601180119011a01,,,,,False,,,,,,,,,,False,False
/battle/b_pl_tower/pl_btdtr.narc,/battle/b_pl_tower/pl_btdtr.narc!/member_00122,0,/battle/b_pl_tower/pl_btdtr.narc,150,122,,14728,14804,12156,12232,76,6846039f1d9adf32d259c9a1b700e77d8b35313b178fe06d5bb5b02ff099e359,31002300110114011601180119011a01,,,,,False,,,,,,,,,,False,False
/battle/b_pl_tower/pl_btdtr.narc,/battle/b_pl_tower/pl_btdtr.narc!/member_00123,0,/battle/b_pl_tower/pl_btdtr.narc,150,123,,14804,14880,12232,12308,76,bda44976d42c58279328fcf9cf80f0bb53811c8080f458e747e89e76afc89cc9,32002300110114011601180119011a01,,,,,False,,,,,,,,,,False,False
/battle/b_pl_tower/pl_btdtr.narc,/battle/b_pl_tower/pl_btdtr.narc!/member_00124,0,/battle/b_pl_tower/pl_btdtr.narc,150,124,,14880,14956,12308,12384,76,bda44976d42c58279328fcf9cf80f0bb53811c8080f458e747e89e76afc89cc9,32002300110114011601180119011a01,,,,,False,,,,,,,,,,False,False
/battle/b_pl_tower/pl_btdtr.narc,/battle/b_pl_tower/pl_btdtr.narc!/member_00125,0,/battle/b_pl_tower/pl_btdtr.narc,150,125,,14956,15032,12384,12460,76,bda44976d42c58279328fcf9cf80f0bb53811c8080f458e747e89e76afc89cc9,32002300110114011601180119011a01,,,,,False,,,,,,,,,,False,False
/battle/b_pl_tower/pl_btdtr.narc,/battle/b_pl_tower/pl_btdtr.narc!/member_00126,0,/battle/b_pl_tower/pl_btdtr.narc,150,126,,15032,15136,12460,12564,104,08ece50f6bafa9a12eea3f725cfeebae6ceadb21292d129bcda49dd519da2787,100032002d012e012f01300131013201,,Nintendo LZ10,Probable,,True,Nintendo LZ10,Probable,True,12800,False,,,,,False,False
/battle/b_pl_tower/pl_btdtr.narc,/battle/b_pl_tower/pl_btdtr.narc!/member_00127,0,/battle/b_pl_tower/pl_btdtr.narc,150,127,,15136,15240,12564,12668,104,08ece50f6bafa9a12eea3f725cfeebae6ceadb21292d129bcda49dd519da2787,100032002d012e012f01300131013201,,Nintendo LZ10,Probable,,True,Nintendo LZ10,Probable,True,12800,False,,,,,False,False
/battle/b_pl_tower/pl_btdtr.narc,/battle/b_pl_tower/pl_btdtr.narc!/member_00128,0,/battle/b_pl_tower/pl_btdtr.narc,150,128,,15240,15344,12668,12772,104,08ece50f6bafa9a12eea3f725cfeebae6ceadb21292d129bcda49dd519da2787,100032002d012e012f01300131013201,,Nintendo LZ10,Probable,,True,Nintendo LZ10,Probable,True,12800,False,,,,,False,False
/battle/b_pl_tower/pl_btdtr.narc,/battle/b_pl_tower/pl_btdtr.narc!/member_00129,0,/battle/b_pl_tower/pl_btdtr.narc,150,129,,15344,15448,12772,12876,104,867c054f96c65d480d25a3a4ad38938ec0c9b3056537b9c25814c20d847eff9a,110032002d012e012f01300131013201,,Nintendo LZ11,Probable,,True,Nintendo LZ11,Probable,True,12800,False,,,,,False,False
/battle/b_pl_tower/pl_btdtr.narc,/battle/b_pl_tower/pl_btdtr.narc!/member_00130,0,/battle/b_pl_tower/pl_btdtr.narc,150,130,,15448,15552,12876,12980,104,867c054f96c65d480d25a3a4ad38938ec0c9b3056537b9c25814c20d847eff9a,110032002d012e012f01300131013201,,Nintendo LZ11,Probable,,True,Nintendo LZ11,Probable,True,12800,False,,,,,False,False
/battle/b_pl_tower/pl_btdtr.narc,/battle/b_pl_tower/pl_btdtr.narc!/member_00131,0,/battle/b_pl_tower/pl_btdtr.narc,150,131,,15552,15656,12980,13084,104,867c054f96c65d480d25a3a4ad38938ec0c9b3056537b9c25814c20d847eff9a,110032002d012e012f01300131013201,,Nintendo LZ11,Probable,,True,Nintendo LZ11,Probable,True,12800,False,,,,,False,False
/battle/b_pl_tower/pl_btdtr.narc,/battle/b_pl_tower/pl_btdtr.narc!/member_00132,0,/battle/b_pl_tower/pl_btdtr.narc,150,132,,15656,15760,13084,13188,104,795d0a3a9352929271bcd85fcf80b1351fdbc1f17512abab7d7d1fc9ff521d42,220032002d012e012f01300131013201,,,,,False,,,,,,,,,,False,False
/battle/b_pl_tower/pl_btdtr.narc,/battle/b_pl_tower/pl_btdtr.narc!/member_00133,0,/battle/b_pl_tower/pl_btdtr.narc,150,133,,15760,15864,13188,13292,104,795d0a3a9352929271bcd85fcf80b1351fdbc1f17512abab7d7d1fc9ff521d42,220032002d012e012f01300131013201,,,,,False,,,,,,,,,,False,False
/battle/b_pl_tower/pl_btdtr.narc,/battle/b_pl_tower/pl_btdtr.narc!/member_00134,0,/battle/b_pl_tower/pl_btdtr.narc,150,134,,15864,15924,13292,13352,60,274923f61ba35f9eca594075953ffd55372a6d14c618431950503608349a0f1c,39001c00020105010701080109010d01,,,,,False,,,,,,,,,,False,False
/battle/b_pl_tower/pl_btdtr.narc,/battle/b_pl_tower/pl_btdtr.narc!/member_00135,0,/battle/b_pl_tower/pl_btdtr.narc,150,135,,15924,15984,13352,13412,60,274923f61ba35f9eca594075953ffd55372a6d14c618431950503608349a0f1c,39001c00020105010701080109010d01,,,,,False,,,,,,,,,,False,False
/battle/b_pl_tower/pl_btdtr.narc,/battle/b_pl_tower/pl_btdtr.narc!/member_00136,0,/battle/b_pl_tower/pl_btdtr.narc,150,136,,15984,16088,13412,13516,104,2e4ff95030dcd4c773e297f7ac4b32068d3c670dd2c3205b36354f555aec181f,29003200fb00fc00fd00fe00ff000001,,,,,False,,,,,,,,,,False,False
/battle/b_pl_tower/pl_btdtr.narc,/battle/b_pl_tower/pl_btdtr.narc!/member_00137,0,/battle/b_pl_tower/pl_btdtr.narc,150,137,,16088,16192,13516,13620,104,2e4ff95030dcd4c773e297f7ac4b32068d3c670dd2c3205b36354f555aec181f,29003200fb00fc00fd00fe00ff000001,,,,,False,,,,,,,,,,False,False
/battle/b_pl_tower/pl_btdtr.narc,/battle/b_pl_tower/pl_btdtr.narc!/member_00138,0,/battle/b_pl_tower/pl_btdtr.narc,150,138,,16192,16288,13620,13716,96,b10aee8813fd3fc06427c254baecd512aa3b68d36e8f833a917b797173371012,3a002e00fc00fd00ff00000102010301,,,,,False,,,,,,,,,,False,False
/battle/b_pl_tower/pl_btdtr.narc,/battle/b_pl_tower/pl_btdtr.narc!/member_00139,0,/battle/b_pl_tower/pl_btdtr.narc,150,139,,16288,16384,13716,13812,96,b10aee8813fd3fc06427c254baecd512aa3b68d36e8f833a917b797173371012,3a002e00fc00fd00ff00000102010301,,,,,False,,,,,,,,,,False,False
/battle/b_pl_tower/pl_btdtr.narc,/battle/b_pl_tower/pl_btdtr.narc!/member_00140,0,/battle/b_pl_tower/pl_btdtr.narc,150,140,,16384,16524,13812,13952,140,ee5a9d6f7c3f1f67c2acfdf0564b4939070112927d3e4f35ac4961e901d1daba,18004400a301a401a501a601a701a801,,,,,False,,,,,,,,,,False,False
/battle/b_pl_tower/pl_btdtr.narc,/battle/b_pl_tower/pl_btdtr.narc!/member_00141,0,/battle/b_pl_tower/pl_btdtr.narc,150,141,,16524,16664,13952,14092,140,ee5a9d6f7c3f1f67c2acfdf0564b4939070112927d3e4f35ac4961e901d1daba,18004400a301a401a501a601a701a801,,,,,False,,,,,,,,,,False,False
/battle/b_pl_tower/pl_btdtr.narc,/battle/b_pl_tower/pl_btdtr.narc!/member_00142,0,/battle/b_pl_tower/pl_btdtr.narc,150,142,,16664,16804,14092,14232,140,ee5a9d6f7c3f1f67c2acfdf0564b4939070112927d3e4f35ac4961e901d1daba,18004400a301a401a501a601a701a801,,,,,False,,,,,,,,,,False,False
/battle/b_pl_tower/pl_btdtr.narc,/battle/b_pl_tower/pl_btdtr.narc!/member_00143,0,/battle/b_pl_tower/pl_btdtr.narc,150,143,,16804,16944,14232,14372,140,343ce0391f53178d0c165a61287d9070955c68d43b82a880f56aee25b98313b4,19004400a301a401a501a601a701a801,,,,,False,,,,,,,,,,False,False
/battle/b_pl_tower/pl_btdtr.narc,/battle/b_pl_tower/pl_btdtr.narc!/member_00144,0,/battle/b_pl_tower/pl_btdtr.narc,150,144,,16944,17084,14372,14512,140,343ce0391f53178d0c165a61287d9070955c68d43b82a880f56aee25b98313b4,19004400a301a401a501a601a701a801,,,,,False,,,,,,,,,,False,False
/battle/b_pl_tower/pl_btdtr.narc,/battle/b_pl_tower/pl_btdtr.narc!/member_00145,0,/battle/b_pl_tower/pl_btdtr.narc,150,145,,17084,17224,14512,14652,140,343ce0391f53178d0c165a61287d9070955c68d43b82a880f56aee25b98313b4,19004400a301a401a501a601a701a801,,,,,False,,,,,,,,,,False,False
/battle/b_pl_tower/pl_btdtr.narc,/battle/b_pl_tower/pl_btdtr.narc!/member_00146,0,/battle/b_pl_tower/pl_btdtr.narc,150,146,,17224,17364,14652,14792,140,ddd136e67bcf66083a2b0fc4f8e8fd8a913377db79332d63a9a6402e5564befe,270044005f0160016101620163016401,,,,,False,,,,,,,,,,False,False
/battle/b_pl_tower/pl_btdtr.narc,/battle/b_pl_tower/pl_btdtr.narc!/member_00147,0,/battle/b_pl_tower/pl_btdtr.narc,150,147,,17364,17504,14792,14932,140,ddd136e67bcf66083a2b0fc4f8e8fd8a913377db79332d63a9a6402e5564befe,270044005f0160016101620163016401,,,,,False,,,,,,,,,,False,False
/battle/b_pl_tower/pl_btdtr.narc,/battle/b_pl_tower/pl_btdtr.narc!/member_00148,0,/battle/b_pl_tower/pl_btdtr.narc,150,148,,17504,17644,14932,15072,140,ddd136e67bcf66083a2b0fc4f8e8fd8a913377db79332d63a9a6402e5564befe,270044005f0160016101620163016401,,,,,False,,,,,,,,,,False,False
/battle/b_pl_tower/pl_btdtr.narc,/battle/b_pl_tower/pl_btdtr.narc!/member_00149,0,/battle/b_pl_tower/pl_btdtr.narc,150,149,,17644,17784,15072,15212,140,1178f15192b55179f06604c15b46c078db6e4ee1ff393b956ca07ca44b26378f,280044005f0160016101620163016401,,,,,True,Nintendo Huffman 8-bit,Probable,False,17408,,,,,,False,False
/battle/b_pl_tower/pl_btdtr.narc,/battle/b_pl_tower/pl_btdtr.narc!/member_00150,0,/battle/b_pl_tower/pl_btdtr.narc,150,150,,17784,17924,15212,15352,140,1178f15192b55179f06604c15b46c078db6e4ee1ff393b956ca07ca44b26378f,280044005f0160016101620163016401,,,,,True,Nintendo Huffman 8-bit,Probable,False,17408,,,,,,False,False
/battle/b_pl_tower/pl_btdtr.narc,/battle/b_pl_tower/pl_btdtr.narc!/member_00151,0,/battle/b_pl_tower/pl_btdtr.narc,150,151,,17924,18064,15352,15492,140,1178f15192b55179f06604c15b46c078db6e4ee1ff393b956ca07ca44b26378f,280044005f0160016101620163016401,,,,,True,Nintendo Huffman 8-bit,Probable,False,17408,,,,,,False,False
/battle/b_pl_tower/pl_btdtr.narc,/battle/b_pl_tower/pl_btdtr.narc!/member_00152,0,/battle/b_pl_tower/pl_btdtr.narc,150,152,,18064,18120,15492,15548,56,292292d77992ff5c45f763b7c20c0f762957a232238545cd8d06a31ba32aee85,1d001a00600162016301640165017501,,,,,False,,,,,,,,,,False,False
/battle/b_pl_tower/pl_btdtr.narc,/battle/b_pl_tower/pl_btdtr.narc!/member_00153,0,/battle/b_pl_tower/pl_btdtr.narc,150,153,,18120,18176,15548,15604,56,292292d77992ff5c45f763b7c20c0f762957a232238545cd8d06a31ba32aee85,1d001a00600162016301640165017501,,,,,False,,,,,,,,,,False,False
/battle/b_pl_tower/pl_btdtr.narc,/battle/b_pl_tower/pl_btdtr.narc!/member_00154,0,/battle/b_pl_tower/pl_btdtr.narc,150,154,,18176,18232,15604,15660,56,292292d77992ff5c45f763b7c20c0f762957a232238545cd8d06a31ba32aee85,1d001a00600162016301640165017501,,,,,False,,,,,,,,,,False,False
/battle/b_pl_tower/pl_btdtr.narc,/battle/b_pl_tower/pl_btdtr.narc!/member_00155,0,/battle/b_pl_tower/pl_btdtr.narc,150,155,,18232,18288,15660,15716,56,292292d77992ff5c45f763b7c20c0f762957a232238545cd8d06a31ba32aee85,1d001a00600162016301640165017501,,,,,False,,,,,,,,,,False,False
/battle/b_pl_tower/pl_btdtr.narc,/battle/b_pl_tower/pl_btdtr.narc!/member_00156,0,/battle/b_pl_tower/pl_btdtr.narc,150,156,,18288,18384,15716,15812,96,1f1d035cb8c4db430d4246865e70a30ff78ac5fbc4f05236d01db9ad9dfb6d02,35002d006101640167016a016e016f01,,,,,False,,,,,,,,,,False,False
/battle/b_pl_tower/pl_btdtr.narc,/battle/b_pl_tower/pl_btdtr.narc!/member_00157,0,/battle/b_pl_tower/pl_btdtr.narc,150,157,,18384,18480,15812,15908,96,1f1d035cb8c4db430d4246865e70a30ff78ac5fbc4f05236d01db9ad9dfb6d02,35002d006101640167016a016e016f01,,,,,False,,,,,,,,,,False,False
/battle/b_pl_tower/pl_btdtr.narc,/battle/b_pl_tower/pl_btdtr.narc!/member_00158,0,/battle/b_pl_tower/pl_btdtr.narc,150,158,,18480,18576,15908,16004,96,d7169060fbf31852f4c37b2408204a870cbbb3cc699f0da14c4a58e7ef1e02fb,36002d006101640167016a016e016f01,,,,,False,,,,,,,,,,False,False
/battle/b_pl_tower/pl_btdtr.narc,/battle/b_pl_tower/pl_btdtr.narc!/member_00159,0,/battle/b_pl_tower/pl_btdtr.narc,150,159,,18576,18672,16004,16100,96,d7169060fbf31852f4c37b2408204a870cbbb3cc699f0da14c4a58e7ef1e02fb,36002d006101640167016a016e016f01,,,,,False,,,,,,,,,,False,False
/battle/b_pl_tower/pl_btdtr.narc,/battle/b_pl_tower/pl_btdtr.narc!/member_00160,0,/battle/b_pl_tower/pl_btdtr.narc,150,160,,18672,18776,16100,16204,104,48c7ab8e53afa27198c890fa568d45a8e0af01a069c9d9d0ce3b0c81c3717b8d,02003200e701e801e901ea01eb01ec01,,,,,False,,,,,,,,,,False,False
/battle/b_pl_tower/pl_btdtr.narc,/battle/b_pl_tower/pl_btdtr.narc!/member_00161,0,/battle/b_pl_tower/pl_btdtr.narc,150,161,,18776,18880,16204,16308,104,48c7ab8e53afa27198c890fa568d45a8e0af01a069c9d9d0ce3b0c81c3717b8d,02003200e701e801e901ea01eb01ec01,,,,,False,,,,,,,,,,False,False
/battle/b_pl_tower/pl_btdtr.narc,/battle/b_pl_tower/pl_btdtr.narc!/member_00162,0,/battle/b_pl_tower/pl_btdtr.narc,150,162,,18880,18984,16308,16412,104,c9324c3663a8d69ffe80d15a3ad4eca429648755c9ff26b1fecb3f0ffc6439e7,03003200e701e801e901ea01eb01ec01,,,,,False,,,,,,,,,,False,False
/battle/b_pl_tower/pl_btdtr.narc,/battle/b_pl_tower/pl_btdtr.narc!/member_00163,0,/battle/b_pl_tower/pl_btdtr.narc,150,163,,18984,19088,16412,16516,104,c9324c3663a8d69ffe80d15a3ad4eca429648755c9ff26b1fecb3f0ffc6439e7,03003200e701e801e901ea01eb01ec01,,,,,False,,,,,,,,,,False,False
/battle/b_pl_tower/pl_btdtr.narc,/battle/b_pl_tower/pl_btdtr.narc!/member_00164,0,/battle/b_pl_tower/pl_btdtr.narc,150,164,,19088,19192,16516,16620,104,ff11094c3e56dfb5f6cc78422feaad94501f8636191426dc257488ee04e4d58a,3c00320019021a021b021c021d021e02,,,,,False,,,,,,,,,,False,False
/battle/b_pl_tower/pl_btdtr.narc,/battle/b_pl_tower/pl_btdtr.narc!/member_00165,0,/battle/b_pl_tower/pl_btdtr.narc,150,165,,19192,19296,16620,16724,104,ff11094c3e56dfb5f6cc78422feaad94501f8636191426dc257488ee04e4d58a,3c00320019021a021b021c021d021e02,,,,,False,,,,,,,,,,False,False
/battle/b_pl_tower/pl_btdtr.narc,/battle/b_pl_tower/pl_btdtr.narc!/member_00166,0,/battle/b_pl_tower/pl_btdtr.narc,150,166,,19296,19400,16724,16828,104,5a840d1cbb57424cb22cc97213f2a4cbded71c8f64a08c64df8a94b1ec9e8ee4,3d00320019021a021b021c021d021e02,,,,,False,,,,,,,,,,False,False
/battle/b_pl_tower/pl_btdtr.narc,/battle/b_pl_tower/pl_btdtr.narc!/member_00167,0,/battle/b_pl_tower/pl_btdtr.narc,150,167,,19400,19504,16828,16932,104,5a840d1cbb57424cb22cc97213f2a4cbded71c8f64a08c64df8a94b1ec9e8ee4,3d00320019021a021b021c021d021e02,,,,,False,,,,,,,,,,False,False
/battle/b_pl_tower/pl_btdtr.narc,/battle/b_pl_tower/pl_btdtr.narc!/member_00168,0,/battle/b_pl_tower/pl_btdtr.narc,150,168,,19504,19608,16932,17036,104,68f6b9a29a7d7bcd4d14f245ceabc3a9f8c96486faa14e1c9e13678db0b29941,2000320019021a021b021c021d021e02,,Nintendo Huffman,Probable,,True,Nintendo Huffman,Probable,False,12800,,,,,,False,False
/battle/b_pl_tower/pl_btdtr.narc,/battle/b_pl_tower/pl_btdtr.narc!/member_00169,0,/battle/b_pl_tower/pl_btdtr.narc,150,169,,19608,19712,17036,17140,104,68f6b9a29a7d7bcd4d14f245ceabc3a9f8c96486faa14e1c9e13678db0b29941,2000320019021a021b021c021d021e02,,Nintendo Huffman,Probable,,True,Nintendo Huffman,Probable,False,12800,,,,,,False,False
/battle/b_pl_tower/pl_btdtr.narc,/battle/b_pl_tower/pl_btdtr.narc!/member_00170,0,/battle/b_pl_tower/pl_btdtr.narc,150,170,,19712,19816,17140,17244,104,7014e4c0aea9fcad463340383e17b58b99443489bed48f29769ae6315c44ef85,2100320019021a021b021c021d021e02,,,,,False,,,,,,,,,,False,False
/battle/b_pl_tower/pl_btdtr.narc,/battle/b_pl_tower/pl_btdtr.narc!/member_00171,0,/battle/b_pl_tower/pl_btdtr.narc,150,171,,19816,19920,17244,17348,104,7014e4c0aea9fcad463340383e17b58b99443489bed48f29769ae6315c44ef85,2100320019021a021b021c021d021e02,,,,,False,,,,,,,,,,False,False
/battle/b_pl_tower/pl_btdtr.narc,/battle/b_pl_tower/pl_btdtr.narc!/member_00172,0,/battle/b_pl_tower/pl_btdtr.narc,150,172,,19920,19972,17348,17400,52,11b47a23e9fde3f9149e09c79568550f5ce28f329469dccec6049b7a0c535235,06001700e701ea01ed01f001fb01fc01,,,,,False,,,,,,,,,,False,False
/battle/b_pl_tower/pl_btdtr.narc,/battle/b_pl_tower/pl_btdtr.narc!/member_00173,0,/battle/b_pl_tower/pl_btdtr.narc,150,173,,19972,20024,17400,17452,52,11b47a23e9fde3f9149e09c79568550f5ce28f329469dccec6049b7a0c535235,06001700e701ea01ed01f001fb01fc01,,,,,False,,,,,,,,,,False,False
/battle/b_pl_tower/pl_btdtr.narc,/battle/b_pl_tower/pl_btdtr.narc!/member_00174,0,/battle/b_pl_tower/pl_btdtr.narc,150,174,,20024,20100,17452,17528,76,9be3a740029601fab3ec6805c28adf1d8e8aee44bb62532e3f4826b2c8e110e2,1c0024004b024c024d024e024f025002,,,,,False,,,,,,,,,,False,False
/battle/b_pl_tower/pl_btdtr.narc,/battle/b_pl_tower/pl_btdtr.narc!/member_00175,0,/battle/b_pl_tower/pl_btdtr.narc,150,175,,20100,20176,17528,17604,76,9be3a740029601fab3ec6805c28adf1d8e8aee44bb62532e3f4826b2c8e110e2,1c0024004b024c024d024e024f025002,,,,,False,,,,,,,,,,False,False
/battle/b_pl_tower/pl_btdtr.narc,/battle/b_pl_tower/pl_btdtr.narc!/member_00176,0,/battle/b_pl_tower/pl_btdtr.narc,150,176,,20176,20252,17604,17680,76,7118cc908244682f36a76a26600350548f8f62ae75ca0114470af354465eec87,160024004b024c024d024e024f025002,,,,,False,,,,,,,,,,False,False
/battle/b_pl_tower/pl_btdtr.narc,/battle/b_pl_tower/pl_btdtr.narc!/member_00177,0,/battle/b_pl_tower/pl_btdtr.narc,150,177,,20252,20328,17680,17756,76,7118cc908244682f36a76a26600350548f8f62ae75ca0114470af354465eec87,160024004b024c024d024e024f025002,,,,,False,,,,,,,,,,False,False
/battle/b_pl_tower/pl_btdtr.narc,/battle/b_pl_tower/pl_btdtr.narc!/member_00178,0,/battle/b_pl_tower/pl_btdtr.narc,150,178,,20328,20396,17756,17824,68,9865eedcc7e814d10ff8c5574b9c6dbeeca879e5c6d2f3cf6aea69f11c09ae06,55001f00e701ea01ed01f001f701fb01,,,,,False,,,,,,,,,,False,False
/battle/b_pl_tower/pl_btdtr.narc,/battle/b_pl_tower/pl_btdtr.narc!/member_00179,0,/battle/b_pl_tower/pl_btdtr.narc,150,179,,20396,20464,17824,17892,68,9865eedcc7e814d10ff8c5574b9c6dbeeca879e5c6d2f3cf6aea69f11c09ae06,55001f00e701ea01ed01f001f701fb01,,,,,False,,,,,,,,,,False,False
/battle/b_pl_tower/pl_btdtr.narc,/battle/b_pl_tower/pl_btdtr.narc!/member_00180,0,/battle/b_pl_tower/pl_btdtr.narc,150,180,,20464,20604,17892,18032,140,cc6003465ab06e6b73fc568b125fcc6d3a21dd8db5e9c00361e2eb89995a9609,130044006f0270027102720273027402,,,,,False,,,,,,,,,,False,False
/battle/b_pl_tower/pl_btdtr.narc,/battle/b_pl_tower/pl_btdtr.narc!/member_00181,0,/battle/b_pl_tower/pl_btdtr.narc,150,181,,20604,20744,18032,18172,140,cc6003465ab06e6b73fc568b125fcc6d3a21dd8db5e9c00361e2eb89995a9609,130044006f0270027102720273027402,,,,,False,,,,,,,,,,False,False
/battle/b_pl_tower/pl_btdtr.narc,/battle/b_pl_tower/pl_btdtr.narc!/member_00182,0,/battle/b_pl_tower/pl_btdtr.narc,150,182,,20744,20800,18172,18228,56,2057f3f1bd39e012e53efd2e40e06c83a6694f18ff2dcd3e24f72e2fc2d7d4d1,0b0019007102740277027a027e028202,,,,,False,,,,,,,,,,False,False
/battle/b_pl_tower/pl_btdtr.narc,/battle/b_pl_tower/pl_btdtr.narc!/member_00183,0,/battle/b_pl_tower/pl_btdtr.narc,150,183,,20800,20856,18228,18284,56,2057f3f1bd39e012e53efd2e40e06c83a6694f18ff2dcd3e24f72e2fc2d7d4d1,0b0019007102740277027a027e028202,,,,,False,,,,,,,,,,False,False
/battle/b_pl_tower/pl_btdtr.narc,/battle/b_pl_tower/pl_btdtr.narc!/member_00184,0,/battle/b_pl_tower/pl_btdtr.narc,150,184,,20856,20936,18284,18364,80,03563a6fa43aca25f5c14a5bb3b2dc8fdf60f2b20d8392cdaa467ef70e8f97cd,30002500770278027a027b027c027e02,,Nintendo RLE,Probable,,True,Nintendo RLE,Probable,False,9472,,,,,,False,False
/battle/b_pl_tower/pl_btdtr.narc,/battle/b_pl_tower/pl_btdtr.narc!/member_00185,0,/battle/b_pl_tower/pl_btdtr.narc,150,185,,20936,21016,18364,18444,80,03563a6fa43aca25f5c14a5bb3b2dc8fdf60f2b20d8392cdaa467ef70e8f97cd,30002500770278027a027b027c027e02,,Nintendo RLE,Probable,,True,Nintendo RLE,Probable,False,9472,,,,,,False,False
/battle/b_pl_tower/pl_btdtr.narc,/battle/b_pl_tower/pl_btdtr.narc!/member_00186,0,/battle/b_pl_tower/pl_btdtr.narc,150,186,,21016,21156,18444,18584,140,8d06ef2e9a85b0015340f12d5e66b09a5c9f24206700b41ab3b336bcd1036582,25004400b302b402b502b602b702b802,,,,,False,,,,,,,,,,False,False
/battle/b_pl_tower/pl_btdtr.narc,/battle/b_pl_tower/pl_btdtr.narc!/member_00187,0,/battle/b_pl_tower/pl_btdtr.narc,150,187,,21156,21296,18584,18724,140,8d06ef2e9a85b0015340f12d5e66b09a5c9f24206700b41ab3b336bcd1036582,25004400b302b402b502b602b702b802,,,,,False,,,,,,,,,,False,False
