container_chain,member_chain,depth,parent_narc_path,parent_file_id,member_index,name,container_relative_offset,container_relative_end,gmif_relative_offset,gmif_relative_end,size,sha256,signature_hex,extension,probable_format,format_evidence,structure_valid,compressed,compression,compression_evidence,decompression_supported,declared_decompressed_size,decompression_valid,decompressed_size,decompressed_sha256,decompressed_format,decompressed_format_evidence,nested_container,nested_after_decompression
/poketool/pokegra/height.narc,/poketool/pokegra/height.narc!/member_00448,0,/poketool/pokegra/height.narc,404,448,,17556,17557,1696,1697,1,67586e98fad27da0b9968bc039a1ef34c939b9b8e523a8bef89d478608c5ecf6,06,,,,,False,,,,,,,,,,False,False
/poketool/pokegra/height.narc,/poketool/pokegra/height.narc!/member_00449,0,/poketool/pokegra/height.narc,404,449,,17560,17561,1700,1701,1,67586e98fad27da0b9968bc039a1ef34c939b9b8e523a8bef89d478608c5ecf6,06,,,,,False,,,,,,,,,,False,False
/poketool/pokegra/height.narc,/poketool/pokegra/height.narc!/member_00450,0,/poketool/pokegra/height.narc,404,450,,17564,17565,1704,1705,1,ca358758f6d27e6cf45272937977a748fd88391db679ceda7dc7bf1f005ee879,07,,,,,False,,,,,,,,,,False,False
/poketool/pokegra/height.narc,/poketool/pokegra/height.narc!/member_00451,0,/poketool/pokegra/height.narc,404,451,,17568,17569,1708,1709,1,ca358758f6d27e6cf45272937977a748fd88391db679ceda7dc7bf1f005ee879,07,,,,,False,,,,,,,,,,False,False
/poketool/pokegra/height.narc,/poketool/pokegra/height.narc!/member_00452,0,/poketool/pokegra/height.narc,404,452,,17572,17573,1712,1713,1,4d7b3ef7300acf70c892d8327db8272f54434adbc61a4e130a563cb59a0d0f47,0e,,,,,False,,,,,,,,,,False,False
/poketool/pokegra/height.narc,/poketool/pokegra/height.narc!/member_00453,0,/poketool/pokegra/height.narc,404,453,,17576,17576,1716,1716,0,e3b0c44298fc1c149afbf4c8996fb92427ae41e4649b934ca495991b7852b855,,,,,,False,,,,,,,,,,False,False
/poketool/pokegra/height.narc,/poketool/pokegra/height.narc!/member_00454,0,/poketool/pokegra/height.narc,404,454,,17576,17577,1716,1717,1,f299791cddd3d6664f6670842812ef6053eb6501bd6282a476bbbf3ee91e750c,12,,,,,False,,,,,,,,,,False,False
/poketool/pokegra/height.narc,/poketool/pokegra/height.narc!/member_00455,0,/poketool/pokegra/height.narc,404,455,,17580,17580,1720,1720,0,e3b0c44298fc1c149afbf4c8996fb92427ae41e4649b934ca495991b7852b855,,,,,,False,,,,,,,,,,False,False
/poketool/pokegra/height.narc,/poketool/pokegra/height.narc!/member_00456,0,/poketool/pokegra/height.narc,404,456,,17580,17581,1720,1721,1,68aa2e2ee5dff96e3355e6c7ee373e3d6a4e17f75f9518d843709c0c9bc3e3d4,19,,,,,False,,,,,,,,,,False,False
/poketool/pokegra/height.narc,/poketool/pokegra/height.narc!/member_00457,0,/poketool/pokegra/height.narc,404,457,,17584,17585,1724,1725,1,68aa2e2ee5dff96e3355e6c7ee373e3d6a4e17f75f9518d843709c0c9bc3e3d4,19,,,,,False,,,,,,,,,,False,False
/poketool/pokegra/height.narc,/poketool/pokegra/height.narc!/member_00458,0,/poketool/pokegra/height.narc,404,458,,17588,17589,1728,1729,1,ab897fbdedfa502b2d839b6a56100887dccdc507555c282e59589e06300a62e2,13,,,,,False,,,,,,,,,,False,False
/poketool/pokegra/height.narc,/poketool/pokegra/height.narc!/member_00459,0,/poketool/pokegra/height.narc,404,459,,17592,17593,1732,1733,1,ab897fbdedfa502b2d839b6a56100887dccdc507555c282e59589e06300a62e2,13,,,,,False,,,,,,,,,,False,False
/poketool/pokegra/height.narc,/poketool/pokegra/height.narc!/member_00460,0,/poketool/pokegra/height.narc,404,460,,17596,17597,1736,1737,1,ca358758f6d27e6cf45272937977a748fd88391db679ceda7dc7bf1f005ee879,07,,,,,False,,,,,,,,,,False,False
/poketool/pokegra/height.narc,/poketool/pokegra/height.narc!/member_00461,0,/poketool/pokegra/height.narc,404,461,,17600,17600,1740,1740,0,e3b0c44298fc1c149afbf4c8996fb92427ae41e4649b934ca495991b7852b855,,,,,,False,,,,,,,,,,False,False
/poketool/pokegra/height.narc,/poketool/pokegra/height.narc!/member_00462,0,/poketool/pokegra/height.narc,404,462,,17600,17601,1740,1741,1,e77b9a9ae9e30b0dbdb6f510a264ef9de781501d7b6b92ae89eb059c5ab743db,05,,,,,False,,,,,,,,,,False,False
/poketool/pokegra/height.narc,/poketool/pokegra/height.narc!/member_00463,0,/poketool/pokegra/height.narc,404,463,,17604,17604,1744,1744,0,e3b0c44298fc1c149afbf4c8996fb92427ae41e4649b934ca495991b7852b855,,,,,,False,,,,,,,,,,False,False
/poketool/pokegra/height.narc,/poketool/pokegra/height.narc!/member_00464,0,/poketool/pokegra/height.narc,404,464,,17604,17605,1744,1745,1,4a64a107f0cb32536e5bce6c98c393db21cca7f4ea187ba8c4dca8b51d4ea80a,11,,Nintendo LZ11,Probable,,True,Nintendo LZ11,Probable,True,,,,,,,False,False
/poketool/pokegra/height.narc,/poketool/pokegra/height.narc!/member_00465,0,/poketool/pokegra/height.narc,404,465,,17608,17609,1748,1749,1,4a64a107f0cb32536e5bce6c98c393db21cca7f4ea187ba8c4dca8b51d4ea80a,11,,Nintendo LZ11,Probable,,True,Nintendo LZ11,Probable,True,,,,,,,False,False
/poketool/pokegra/height.narc,/poketool/pokegra/height.narc!/member_00466,0,/poketool/pokegra/height.narc,404,466,,17612,17613,1752,1753,1,7cb7c4547cf2653590d7a9ace60cc623d25148adfbc88a89aeb0ef88da7839ba,16,,,,,False,,,,,,,,,,False,False
/poketool/pokegra/height.narc,/poketool/pokegra/height.narc!/member_00467,0,/poketool/pokegra/height.narc,404,467,,17616,17617,1756,1757,1,7cb7c4547cf2653590d7a9ace60cc623d25148adfbc88a89aeb0ef88da7839ba,16,,,,,False,,,,,,,,,,False,False
/poketool/pokegra/height.narc,/poketool/pokegra/height.narc!/member_00468,0,/poketool/pokegra/height.narc,404,468,,17620,17621,1760,1761,1,ca358758f6d27e6cf45272937977a748fd88391db679ceda7dc7bf1f005ee879,07,,,,,False,,,,,,,,,,False,False
/poketool/pokegra/height.narc,/poketool/pokegra/height.narc!/member_00469,0,/poketool/pokegra/height.narc,404,469,,17624,17625,1764,1765,1,ca358758f6d27e6cf45272937977a748fd88391db679ceda7dc7bf1f005ee879,07,,,,,False,,,,,,,,,,False,False
/poketool/pokegra/height.narc,/poketool/pokegra/height.narc!/member_00470,0,/poketool/pokegra/height.narc,404,470,,17628,17629,1768,1769,1,c555eab45d08845ae9f10d452a99bfcb06f74a50b988fe7e48dd323789b88ee3,10,,Nintendo LZ10,Probable,,True,Nintendo LZ10,Probable,True,,,,,,,False,False
/poketool/pokegra/height.narc,/poketool/pokegra/height.narc!/member_00471,0,/poketool/pokegra/height.narc,404,471,,17632,17633,1772,1773,1,c555eab45d08845ae9f10d452a99bfcb06f74a50b988fe7e48dd323789b88ee3,10,,Nintendo LZ10,Probable,,True,Nintendo LZ10,Probable,True,,,,,,,False,False
/poketool/pokegra/height.narc,/poketool/pokegra/height.narc!/member_00472,0,/poketool/pokegra/height.narc,404,472,,17636,17637,1776,1777,1,e7cf46a078fed4fafd0b5e3aff144802b853f8ae459a4f0c14add3314b7cc3a6,0b,,,,,False,,,,,,,,,,False,False
/poketool/pokegra/height.narc,/poketool/pokegra/height.narc!/member_00473,0,/poketool/pokegra/height.narc,404,473,,17640,17641,1780,1781,1,e7cf46a078fed4fafd0b5e3aff144802b853f8ae459a4f0c14add3314b7cc3a6,0b,,,,,False,,,,,,,,,,False,False
/poketool/pokegra/height.narc,/poketool/pokegra/height.narc!/member_00474,0,/poketool/pokegra/height.narc,404,474,,17644,17645,1784,1785,1,7cb7c4547cf2653590d7a9ace60cc623d25148adfbc88a89aeb0ef88da7839ba,16,,,,,False,,,,,,,,,,False,False
/poketool/pokegra/height.narc,/poketool/pokegra/height.narc!/member_00475,0,/poketool/pokegra/height.narc,404,475,,17648,17649,1788,1789,1,7cb7c4547cf2653590d7a9ace60cc623d25148adfbc88a89aeb0ef88da7839ba,16,,,,,False,,,,,,,,,,False,False
/poketool/pokegra/height.narc,/poketool/pokegra/height.narc!/member_00476,0,/poketool/pokegra/height.narc,404,476,,17652,17653,1792,1793,1,beead77994cf573341ec17b58bbf7eb34d2711c993c1d976b128b3188dc1829a,08,,,,,False,,,,,,,,,,False,False
/poketool/pokegra/height.narc,/poketool/pokegra/height.narc!/member_00477,0,/poketool/pokegra/height.narc,404,477,,17656,17657,1796,1797,1,beead77994cf573341ec17b58bbf7eb34d2711c993c1d976b128b3188dc1829a,08,,,,,False,,,,,,,,,,False,False
/poketool/pokegra/height.narc,/poketool/pokegra/height.narc!/member_00478,0,/poketool/pokegra/height.narc,404,478,,17660,17661,1800,1801,1,ef6cbd2161eaea7943ce8693b9824d23d1793ffb1c0fca05b600d3899b44c977,0c,,,,,False,,,,,,,,,,False,False
/poketool/pokegra/height.narc,/poketool/pokegra/height.narc!/member_00479,0,/poketool/pokegra/height.narc,404,479,,17664,17665,1804,1805,1,ef6cbd2161eaea7943ce8693b9824d23d1793ffb1c0fca05b600d3899b44c977,0c,,,,,False,,,,,,,,,,False,False
/poketool/pokegra/height.narc,/poketool/pokegra/height.narc!/member_00480,0,/poketool/pokegra/height.narc,404,480,,17668,17668,1808,1808,0,e3b0c44298fc1c149afbf4c8996fb92427ae41e4649b934ca495991b7852b855,,,,,,False,,,,,,,,,,False,False
/poketool/pokegra/height.narc,/poketool/pokegra/height.narc!/member_00481,0,/poketool/pokegra/height.narc,404,481,,17668,17669,1808,1809,1,beead77994cf573341ec17b58bbf7eb34d2711c993c1d976b128b3188dc1829a,08,,,,,False,,,,,,,,,,False,False
/poketool/pokegra/height.narc,/poketool/pokegra/height.narc!/member_00482,0,/poketool/pokegra/height.narc,404,482,,17672,17672,1812,1812,0,e3b0c44298fc1c149afbf4c8996fb92427ae41e4649b934ca495991b7852b855,,,,,,False,,,,,,,,,,False,False
/poketool/pokegra/height.narc,/poketool/pokegra/height.narc!/member_00483,0,/poketool/pokegra/height.narc,404,483,,17672,17673,1812,1813,1,ab897fbdedfa502b2d839b6a56100887dccdc507555c282e59589e06300a62e2,13,,,,,False,,,,,,,,,,False,False
/poketool/pokegra/height.narc,/poketool/pokegra/height.narc!/member_00484,0,/poketool/pokegra/height.narc,404,484,,17676,17676,1816,1816,0,e3b0c44298fc1c149afbf4c8996fb92427ae41e4649b934ca495991b7852b855,,,,,,False,,,,,,,,,,False,False
/poketool/pokegra/height.narc,/poketool/pokegra/height.narc!/member_00485,0,/poketool/pokegra/height.narc,404,485,,17676,17677,1816,1817,1,e77b9a9ae9e30b0dbdb6f510a264ef9de781501d7b6b92ae89eb059c5ab743db,05,,,,,False,,,,,,,,,,False,False
/poketool/pokegra/height.narc,/poketool/pokegra/height.narc!/member_00486,0,/poketool/pokegra/height.narc,404,486,,17680,17680,1820,1820,0,e3b0c44298fc1c149afbf4c8996fb92427ae41e4649b934ca495991b7852b855,,,,,,False,,,,,,,,,,False,False
/poketool/pokegra/height.narc,/poketool/pokegra/height.narc!/member_00487,0,/poketool/pokegra/height.narc,404,487,,17680,17681,1820,1821,1,dc0e9c3658a1a3ed1ec94274d8b19925c93e1abb7ddba294923ad9bde30f8cb8,0f,,,,,False,,,,,,,,,,False,False
/poketool/pokegra/height.narc,/poketool/pokegra/height.narc!/member_00488,0,/poketool/pokegra/height.narc,404,488,,17684,17685,1824,1825,1,01ba4719c80b6fe911b091a7c05124b64eeece964e09c058ef8f9805daca546b,0a,,,,,False,,,,,,,,,,False,False
/poketool/pokegra/height.narc,/poketool/pokegra/height.narc!/member_00489,0,/poketool/pokegra/height.narc,404,489,,17688,17689,1828,1829,1,01ba4719c80b6fe911b091a7c05124b64eeece964e09c058ef8f9805daca546b,0a,,,,,False,,,,,,,,,,False,False
/poketool/pokegra/height.narc,/poketool/pokegra/height.narc!/member_00490,0,/poketool/pokegra/height.narc,404,490,,17692,17693,1832,1833,1,4d7b3ef7300acf70c892d8327db8272f54434adbc61a4e130a563cb59a0d0f47,0e,,,,,False,,,,,,,,,,False,False
/poketool/pokegra/height.narc,/poketool/pokegra/height.narc!/member_00491,0,/poketool/pokegra/height.narc,404,491,,17696,17697,1836,1837,1,4d7b3ef7300acf70c892d8327db8272f54434adbc61a4e130a563cb59a0d0f47,0e,,,,,False,,,,,,,,,,False,False
/poketool/pokegra/height.narc,/poketool/pokegra/height.narc!/member_00492,0,/poketool/pokegra/height.narc,404,492,,17700,17701,1840,1841,1,e52d9c508c502347344d8c07ad91cbd6068afc75ff6292f062a09ca381c89e71,04,,,,,False,,,,,,,,,,False,False
/poketool/pokegra/height.narc,/poketool/pokegra/height.narc!/member_00493,0,/poketool/pokegra/height.narc,404,493,,17704,17705,1844,1845,1,e52d9c508c502347344d8c07ad91cbd6068afc75ff6292f062a09ca381c89e71,04,,,,,False,,,,,,,,,,False,False
/poketool/pokegra/height.narc,/poketool/pokegra/height.narc!/member_00494,0,/poketool/pokegra/height.narc,404,494,,17708,17709,1848,1849,1,dc0e9c3658a1a3ed1ec94274d8b19925c93e1abb7ddba294923ad9bde30f8cb8,0f,,,,,False,,,,,,,,,,False,False
/poketool/pokegra/height.narc,/poketool/pokegra/height.narc!/member_00495,0,/poketool/pokegra/height.narc,404,495,,17712,17713,1852,1853,1,dc0e9c3658a1a3ed1ec94274d8b19925c93e1abb7ddba294923ad9bde30f8cb8,0f,,,,,False,,,,,,,,,,False,False
/poketool/pokegra/height.narc,/poketool/pokegra/height.narc!/member_00496,0,/poketool/pokegra/height.narc,404,496,,17716,17717,1856,1857,1,e52d9c508c502347344d8c07ad91cbd6068afc75ff6292f062a09ca381c89e71,04,,,,,False,,,,,,,,,,False,False
/poketool/pokegra/height.narc,/poketool/pokegra/height.narc!/member_00497,0,/poketool/pokegra/height.narc,404,497,,17720,17720,1860,1860,0,e3b0c44298fc1c149afbf4c8996fb92427ae41e4649b934ca495991b7852b855,,,,,,False,,,,,,,,,,False,False
/poketool/pokegra/height.narc,/poketool/pokegra/height.narc!/member_00498,0,/poketool/pokegra/height.narc,404,498,,17720,17721,1860,1861,1,9d1e0e2d9459d06523ad13e28a4093c2316baafe7aec5b25f30eba2e113599c4,0d,,,,,False,,,,,,,,,,False,False
/poketool/pokegra/height.narc,/poketool/pokegra/height.narc!/member_00499,0,/poketool/pokegra/height.narc,404,499,,17724,17724,1864,1864,0,e3b0c44298fc1c149afbf4c8996fb92427ae41e4649b934ca495991b7852b855,,,,,,False,,,,,,,,,,False,False
/poketool/pokegra/height.narc,/poketool/pokegra/height.narc!/member_00500,0,/poketool/pokegra/height.narc,404,500,,17724,17725,1864,1865,1,e77b9a9ae9e30b0dbdb6f510a264ef9de781501d7b6b92ae89eb059c5ab743db,05,,,,,False,,,,,,,,,,False,False
/poketool/pokegra/height.narc,/poketool/pokegra/height.narc!/member_00501,0,/poketool/pokegra/height.narc,404,501,,17728,17729,1868,1869,1,e77b9a9ae9e30b0dbdb6f510a264ef9de781501d7b6b92ae89eb059c5ab743db,05,,,,,False,,,,,,,,,,False,False
/poketool/pokegra/height.narc,/poketool/pokegra/height.narc!/member_00502,0,/poketool/pokegra/height.narc,404,502,,17732,17733,1872,1873,1,2b4c342f5433ebe591a1da77e013d1b72475562d48578dca8b84bac6651c3cb9,09,,,,,False,,,,,,,,,,False,False
/poketool/pokegra/height.narc,/poketool/pokegra/height.narc!/member_00503,0,/poketool/pokegra/height.narc,404,503,,17736,17737,1876,1877,1,2b4c342f5433ebe591a1da77e013d1b72475562d48578dca8b84bac6651c3cb9,09,,,,,False,,,,,,,,,,False,False
/poketool/pokegra/height.narc,/poketool/pokegra/height.narc!/member_00504,0,/poketool/pokegra/height.narc,404,504,,17740,17741,1880,1881,1,084fed08b978af4d7d196a7446a86b58009e636b611db16211b65a9aadff29c5,03,,,,,False,,,,,,,,,,False,False
/poketool/pokegra/height.narc,/poketool/pokegra/height.narc!/member_00505,0,/poketool/pokegra/height.narc,404,505,,17744,17745,1884,1885,1,084fed08b978af4d7d196a7446a86b58009e636b611db16211b65a9aadff29c5,03,,,,,False,,,,,,,,,,False,False
/poketool/pokegra/height.narc,/poketool/pokegra/height.narc!/member_00506,0,/poketool/pokegra/height.narc,404,506,,17748,17749,1888,1889,1,2b4c342f5433ebe591a1da77e013d1b72475562d48578dca8b84bac6651c3cb9,09,,,,,False,,,,,,,,,,False,False
/poketool/pokegra/height.narc,/poketool/pokegra/height.narc!/member_00507,0,/poketool/pokegra/height.narc,404,507,,17752,17753,1892,1893,1,2b4c342f5433ebe591a1da77e013d1b72475562d48578dca8b84bac6651c3cb9,09,,,,,False,,,,,,,,,,False,False
/poketool/pokegra/height.narc,/poketool/pokegra/height.narc!/member_00508,0,/poketool/pokegra/height.narc,404,508,,17756,17757,1896,1897,1,beead77994cf573341ec17b58bbf7eb34d2711c993c1d976b128b3188dc1829a,08,,,,,False,,,,,,,,,,False,False
/poketool/pokegra/height.narc,/poketool/pokegra/height.narc!/member_00509,0,/poketool/pokegra/height.narc,404,509,,17760,17761,1900,1901,1,beead77994cf573341ec17b58bbf7eb34d2711c993c1d976b128b3188dc1829a,08,,,,,False,,,,,,,,,,False,False
/poketool/pokegra/height.narc,/poketool/pokegra/height.narc!/member_00510,0,/poketool/pokegra/height.narc,404,510,,17764,17765,1904,1905,1,2b4c342f5433ebe591a1da77e013d1b72475562d48578dca8b84bac6651c3cb9,09,,,,,False,,,,,,,,,,False,False
/poketool/pokegra/height.narc,/poketool/pokegra/height.narc!/member_00511,0,/poketool/pokegra/height.narc,404,511,,17768,17769,1908,1909,1,2b4c342f5433ebe591a1da77e013d1b72475562d48578dca8b84bac6651c3cb9,09,,,,,False,,,,,,,,,,False,False
/poketool/pokegra/height.narc,/poketool/pokegra/height.narc!/member_00512,0,/poketool/pokegra/height.narc,404,512,,17772,17772,1912,1912,0,e3b0c44298fc1c149afbf4c8996fb92427ae41e4649b934ca495991b7852b855,,,,,,False,,,,,,,,,,False,False
/poketool/pokegra/height.narc,/poketool/pokegra/height.narc!/member_00513,0,/poketool/pokegra/height.narc,404,513,,17772,17773,1912,1913,1,c555eab45d08845ae9f10d452a99bfcb06f74a50b988fe7e48dd323789b88ee3,10,,Nintendo LZ10,Probable,,True,Nintendo LZ10,Probable,True,,,,,,,False,False
/poketool/pokegra/height.narc,/poketool/pokegra/height.narc!/member_00514,0,/poketool/pokegra/height.narc,404,514,,17776,17776,1916,1916,0,e3b0c44298fc1c149afbf4c8996fb92427ae41e4649b934ca495991b7852b855,,,,,,False,,,,,,,,,,False,False
/poketool/pokegra/height.narc,/poketool/pokegra/height.narc!/member_00515,0,/poketool/pokegra/height.narc,404,515,,17776,17777,1916,1917,1,ef6cbd2161eaea7943ce8693b9824d23d1793ffb1c0fca05b600d3899b44c977,0c,,,,,False,,,,,,,,,,False,False
/poketool/pokegra/height.narc,/poketool/pokegra/height.narc!/member_00516,0,/poketool/pokegra/height.narc,404,516,,17780,17781,1920,1921,1,ca358758f6d27e6cf45272937977a748fd88391db679ceda7dc7bf1f005ee879,07,,,,,False,,,,,,,,,,False,False
/poketool/pokegra/height.narc,/poketool/pokegra/height.narc!/member_00517,0,/poketool/pokegra/height.narc,404,517,,17784,17785,1924,1925,1,ca358758f6d27e6cf45272937977a748fd88391db679ceda7dc7bf1f005ee879,07,,,,,False,,,,,,,,,,False,False
/poketool/pokegra/height.narc,/poketool/pokegra/height.narc!/member_00518,0,/poketool/pokegra/height.narc,404,518,,17788,17789,1928,1929,1,4d7b3ef7300acf70c892d8327db8272f54434adbc61a4e130a563cb59a0d0f47,0e,,,,,False,,,,,,,,,,False,False
/poketool/pokegra/height.narc,/poketool/pokegra/height.narc!/member_00519,0,/poketool/pokegra/height.narc,404,519,,17792,17793,1932,1933,1,4d7b3ef7300acf70c892d8327db8272f54434adbc61a4e130a563cb59a0d0f47,0e,,,,,False,,,,,,,,,,False,False
/poketool/pokegra/height.narc,/poketool/pokegra/height.narc!/member_00520,0,/poketool/pokegra/height.narc,404,520,,17796,17797,1936,1937,1,67586e98fad27da0b9968bc039a1ef34c939b9b8e523a8bef89d478608c5ecf6,06,,,,,False,,,,,,,,,,False,False
/poketool/pokegra/height.narc,/poketool/pokegra/height.narc!/member_00521,0,/poketool/pokegra/height.narc,404,521,,17800,17801,1940,1941,1,67586e98fad27da0b9968bc039a1ef34c939b9b8e523a8bef89d478608c5ecf6,06,,,,,False,,,,,,,,,,False,False
/poketool/pokegra/height.narc,/poketool/pokegra/height.narc!/member_00522,0,/poketool/pokegra/height.narc,404,522,,17804,17805,1944,1945,1,4bf5122f344554c53bde2ebb8cd2b7e3d1600ad631c385a5d7cce23c7785459a,01,,,,,False,,,,,,,,,,False,False
/poketool/pokegra/height.narc,/poketool/pokegra/height.narc!/member_00523,0,/poketool/pokegra/height.narc,404,523,,17808,17809,1948,1949,1,4bf5122f344554c53bde2ebb8cd2b7e3d1600ad631c385a5d7cce23c7785459a,01,,,,,False,,,,,,,,,,False,False
/poketool/pokegra/height.narc,/poketool/pokegra/height.narc!/member_00524,0,/poketool/pokegra/height.narc,404,524,,17812,17813,1952,1953,1,e52d9c508c502347344d8c07ad91cbd6068afc75ff6292f062a09ca381c89e71,04,,,,,False,,,,,,,,,,False,False
/poketool/pokegra/height.narc,/poketool/pokegra/height.narc!/member_00525,0,/poketool/pokegra/height.narc,404,525,,17816,17817,1956,1957,1,e52d9c508c502347344d8c07ad91cbd6068afc75ff6292f062a09ca381c89e71,04,,,,,False,,,,,,,,,,False,False
/poketool/pokegra/height.narc,/poketool/pokegra/height.narc!/member_00526,0,/poketool/pokegra/height.narc,404,526,,17820,17821,1960,1961,1,e7cf46a078fed4fafd0b5e3aff144802b853f8ae459a4f0c14add3314b7cc3a6,0b,,,,,False,,,,,,,,,,False,False
/poketool/pokegra/height.narc,/poketool/pokegra/height.narc!/member_00527,0,/poketool/pokegra/height.narc,404,527,,17824,17825,1964,1965,1,e7cf46a078fed4fafd0b5e3aff144802b853f8ae459a4f0c14add3314b7cc3a6,0b,,,,,False,,,,,,,,,,False,False
/poketool/pokegra/height.narc,/poketool/pokegra/height.narc!/member_00528,0,/poketool/pokegra/height.narc,404,528,,17828,17828,1968,1968,0,e3b0c44298fc1c149afbf4c8996fb92427ae41e4649b934ca495991b7852b855,,,,,,False,,,,,,,,,,False,False
/poketool/pokegra/height.narc,/poketool/pokegra/height.narc!/member_00529,0,/poketool/pokegra/height.narc,404,529,,17828,17829,1968,1969,1,7cb7c4547cf2653590d7a9ace60cc623d25148adfbc88a89aeb0ef88da7839ba,16,,,,,False,,,,,,,,,,False,False
/poketool/pokegra/height.narc,/poketool/pokegra/height.narc!/member_00530,0,/poketool/pokegra/height.narc,404,530,,17832,17832,1972,1972,0,e3b0c44298fc1c149afbf4c8996fb92427ae41e4649b934ca495991b7852b855,,,,,,False,,,,,,,,,,False,False
/poketool/pokegra/height.narc,/poketool/pokegra/height.narc!/member_00531,0,/poketool/pokegra/height.narc,404,531,,17832,17833,1972,1973,1,58f7b0780592032e4d8602a3e8690fb2c701b2e1dd546e703445aabd6469734d,1a,,,,,False,,,,,,,,,,False,False
/poketool/pokegra/height.narc,/poketool/pokegra/height.narc!/member_00532,0,/poketool/pokegra/height.narc,404,532,,17836,17837,1976,1977,1,9d1e0e2d9459d06523ad13e28a4093c2316baafe7aec5b25f30eba2e113599c4,0d,,,,,False,,,,,,,,,,False,False
/poketool/pokegra/height.narc,/poketool/pokegra/height.narc!/member_00533,0,/poketool/pokegra/height.narc,404,533,,17840,17841,1980,1981,1,9d1e0e2d9459d06523ad13e28a4093c2316baafe7aec5b25f30eba2e113599c4,0d,,,,,False,,,,,,,,,,False,False
/poketool/pokegra/height.narc,/poketool/pokegra/height.narc!/member_00534,0,/poketool/pokegra/height.narc,404,534,,17844,17845,1984,1985,1,83891d7fe85c33e52c8b4e5814c92fb6a3b9467299200538a6babaa8b452d879,14,,,,,False,,,,,,,,,,False,False
/poketool/pokegra/height.narc,/poketool/pokegra/height.narc!/member_00535,0,/poketool/pokegra/height.narc,404,535,,17848,17849,1988,1989,1,83891d7fe85c33e52c8b4e5814c92fb6a3b9467299200538a6babaa8b452d879,14,,,,,False,,,,,,,,,,False,False
/poketool/pokegra/height.narc,/poketool/pokegra/height.narc!/member_00536,0,/poketool/pokegra/height.narc,404,536,,17852,17853,1992,1993,1,67586e98fad27da0b9968bc039a1ef34c939b9b8e523a8bef89d478608c5ecf6,06,,,,,False,,,,,,,,,,False,False
/poketool/pokegra/height.narc,/poketool/pokegra/height.narc!/member_00537,0,/poketool/pokegra/height.narc,404,537,,17856,17857,1996,1997,1,67586e98fad27da0b9968bc039a1ef34c939b9b8e523a8bef89d478608c5ecf6,06,,,,,False,,,,,,,,,,False,False
/poketool/pokegra/height.narc,/poketool/pokegra/height.narc!/member_00538,0,/poketool/pokegra/height.narc,404,538,,17860,17861,2000,2001,1,dc0e9c3658a1a3ed1ec94274d8b19925c93e1abb7ddba294923ad9bde30f8cb8,0f,,,,,False,,,,,,,,,,False,False
/poketool/pokegra/height.narc,/poketool/pokegra/height.narc!/member_00539,0,/poketool/pokegra/height.narc,404,539,,17864,17865,2004,2005,1,dc0e9c3658a1a3ed1ec94274d8b19925c93e1abb7ddba294923ad9bde30f8cb8,0f,,,,,False,,,,,,,,,,False,False
/poketool/pokegra/height.narc,/poketool/pokegra/height.narc!/member_00540,0,/poketool/pokegra/height.narc,404,540,,17868,17869,2008,2009,1,ca358758f6d27e6cf45272937977a748fd88391db679ceda7dc7bf1f005ee879,07,,,,,False,,,,,,,,,,False,False
/poketool/pokegra/height.narc,/poketool/pokegra/height.narc!/member_00541,0,/poketool/pokegra/height.narc,404,541,,17872,17873,2012,2013,1,ca358758f6d27e6cf45272937977a748fd88391db679ceda7dc7bf1f005ee879,07,,,,,False,,,,,,,,,,False,False
/poketool/pokegra/height.narc,/poketool/pokegra/height.narc!/member_00542,0,/poketool/pokegra/height.narc,404,542,,17876,17877,2016,2017,1,4a64a107f0cb32536e5bce6c98c393db21cca7f4ea187ba8c4dca8b51d4ea80a,11,,Nintendo LZ11,Probable,,True,Nintendo LZ11,Probable,True,,,,,,,False,False
/poketool/pokegra/height.narc,/poketool/pokegra/height.narc!/member_00543,0,/poketool/pokegra/height.narc,404,543,,17880,17881,2020,2021,1,4a64a107f0cb32536e5bce6c98c393db21cca7f4ea187ba8c4dca8b51d4ea80a,11,,Nintendo LZ11,Probable,,True,Nintendo LZ11,Probable,True,,,,,,,False,False
/poketool/pokegra/height.narc,/poketool/pokegra/height.narc!/member_00544,0,/poketool/pokegra/height.narc,404,544,,17884,17885,2024,2025,1,2b4c342f5433ebe591a1da77e013d1b72475562d48578dca8b84bac6651c3cb9,09,,,,,False,,,,,,,,,,False,False
/poketool/pokegra/height.narc,/poketool/pokegra/height.narc!/member_00545,0,/poketool/pokegra/height.narc,404,545,,17888,17889,2028,2029,1,2b4c342f5433ebe591a1da77e013d1b72475562d48578dca8b84bac6651c3cb9,09,,,,,False,,,,,,,,,,False,False
/poketool/pokegra/height.narc,/poketool/pokegra/height.narc!/member_00546,0,/poketool/pokegra/height.narc,404,546,,17892,17893,2032,2033,1,ab897fbdedfa502b2d839b6a56100887dccdc507555c282e59589e06300a62e2,13,,,,,False,,,,,,,,,,False,False
/poketool/pokegra/height.narc,/poketool/pokegra/height.narc!/member_00547,0,/poketool/pokegra/height.narc,404,547,,17896,17897,2036,2037,1,ab897fbdedfa502b2d839b6a56100887dccdc507555c282e59589e06300a62e2,13,,,,,False,,,,,,,,,,False,False
/poketool/pokegra/height.narc,/poketool/pokegra/height.narc!/member_00548,0,/poketool/pokegra/height.narc,404,548,,17900,17900,2040,2040,0,e3b0c44298fc1c149afbf4c8996fb92427ae41e4649b934ca495991b7852b855,,,,,,False,,,,,,,,,,False,False
/poketool/pokegra/height.narc,/poketool/pokegra/height.narc!/member_00549,0,/poketool/pokegra/height.narc,404,549,,17900,17901,2040,2041,1,c555eab45d08845ae9f10d452a99bfcb06f74a50b988fe7e48dd323789b88ee3,10,,Nintendo LZ10,Probable,,True,Nintendo LZ10,Probable,True,,,,,,,False,False
/poketool/pokegra/height.narc,/poketool/pokegra/height.narc!/member_00550,0,/poketool/pokegra/height.narc,404,550,,17904,17904,2044,2044,0,e3b0c44298fc1c149afbf4c8996fb92427ae41e4649b934ca495991b7852b855,,,,,,False,,,,,,,,,,False,False
/poketool/pokegra/height.narc,/poketool/pokegra/height.narc!/member_00551,0,/poketool/pokegra/height.narc,404,551,,17904,17905,2044,2045,1,ab897fbdedfa502b2d839b6a56100887dccdc507555c282e59589e06300a62e2,13,,,,,False,,,,,,,,,,False,False
/poketool/pokegra/height.narc,/poketool/pokegra/height.narc!/member_00552,0,/poketool/pokegra/height.narc,404,552,,17908,17909,2048,2049,1,dc0e9c3658a1a3ed1ec94274d8b19925c93e1abb7ddba294923ad9bde30f8cb8,0f,,,,,False,,,,,,,,,,False,False
/poketool/pokegra/height.narc,/poketool/pokegra/height.narc!/member_00553,0,/poketool/pokegra/height.narc,404,553,,17912,17913,2052,2053,1,dc0e9c3658a1a3ed1ec94274d8b19925c93e1abb7ddba294923ad9bde30f8cb8,0f,,,,,False,,,,,,,,,,False,False
/poketool/pokegra/height.narc,/poketool/pokegra/height.narc!/member_00554,0,/poketool/pokegra/height.narc,404,554,,17916,17917,2056,2057,1,8f11b05da785e43e713d03774c6bd3405d99cd3024af334ffd68db663aa37034,17,,,,,False,,,,,,,,,,False,False
/poketool/pokegra/height.narc,/poketool/pokegra/height.narc!/member_00555,0,/poketool/pokegra/height.narc,404,555,,17920,17921,2060,2061,1,8f11b05da785e43e713d03774c6bd3405d99cd3024af334ffd68db663aa37034,17,,,,,False,,,,,,,,,,False,False
/poketool/pokegra/height.narc,/poketool/pokegra/height.narc!/member_00556,0,/poketool/pokegra/height.narc,404,556,,17924,17925,2064,2065,1,2b4c342f5433ebe591a1da77e013d1b72475562d48578dca8b84bac6651c3cb9,09,,,,,False,,,,,,,,,,False,False
/poketool/pokegra/height.narc,/poketool/pokegra/height.narc!/member_00557,0,/poketool/pokegra/height.narc,404,557,,17928,17929,2068,2069,1,2b4c342f5433ebe591a1da77e013d1b72475562d48578dca8b84bac6651c3cb9,09,,,,,False,,,,,,,,,,False,False
/poketool/pokegra/height.narc,/poketool/pokegra/height.narc!/member_00558,0,/poketool/pokegra/height.narc,404,558,,17932,17933,2072,2073,1,c555eab45d08845ae9f10d452a99bfcb06f74a50b988fe7e48dd323789b88ee3,10,,Nintendo LZ10,Probable,,True,Nintendo LZ10,Probable,True,,,,,,,False,False
/poketool/pokegra/height.narc,/poketool/pokegra/height.narc!/member_00559,0,/poketool/pokegra/height.narc,404,559,,17936,17937,2076,2077,1,c555eab45d08845ae9f10d452a99bfcb06f74a50b988fe7e48dd323789b88ee3,10,,Nintendo LZ10,Probable,,True,Nintendo LZ10,Probable,True,,,,,,,False,False
/poketool/pokegra/height.narc,/poketool/pokegra/height.narc!/member_00560,0,/poketool/pokegra/height.narc,404,560,,17940,17941,2080,2081,1,2f0fd1e89b8de1d57292742ec380ea47066e307ad645f5bc3adad8a06ff58608,15,,,,,False,,,,,,,,,,False,False
/poketool/pokegra/height.narc,/poketool/pokegra/height.narc!/member_00561,0,/poketool/pokegra/height.narc,404,561,,17944,17945,2084,2085,1,2f0fd1e89b8de1d57292742ec380ea47066e307ad645f5bc3adad8a06ff58608,15,,,,,False,,,,,,,,,,False,False
/poketool/pokegra/height.narc,/poketool/pokegra/height.narc!/member_00562,0,/poketool/pokegra/height.narc,404,562,,17948,17949,2088,2089,1,68aa2e2ee5dff96e3355e6c7ee373e3d6a4e17f75f9518d843709c0c9bc3e3d4,19,,,,,False,,,,,,,,,,False,False
/poketool/pokegra/height.narc,/poketool/pokegra/height.narc!/member_00563,0,/poketool/pokegra/height.narc,404,563,,17952,17953,2092,2093,1,68aa2e2ee5dff96e3355e6c7ee373e3d6a4e17f75f9518d843709c0c9bc3e3d4,19,,,,,False,,,,,,,,,,False,False
/poketool/pokegra/height.narc,/poketool/pokegra/height.narc!/member_00564,0,/poketool/pokegra/height.narc,404,564,,17956,17957,2096,2097,1,ca358758f6d27e6cf45272937977a748fd88391db679ceda7dc7bf1f005ee879,07,,,,,False,,,,,,,,,,False,False
/poketool/pokegra/height.narc,/poketool/pokegra/height.narc!/member_00565,0,/poketool/pokegra/height.narc,404,565,,17960,17961,2100,2101,1,ca358758f6d27e6cf45272937977a748fd88391db679ceda7dc7bf1f005ee879,07,,,,,False,,,,,,,,,,False,False
/poketool/pokegra/height.narc,/poketool/pokegra/height.narc!/member_00566,0,/poketool/pokegra/height.narc,404,566,,17964,17965,2104,2105,1,beead77994cf573341ec17b58bbf7eb34d2711c993c1d976b128b3188dc1829a,08,,,,,False,,,,,,,,,,False,False
/poketool/pokegra/height.narc,/poketool/pokegra/height.narc!/member_00567,0,/poketool/pokegra/height.narc,404,567,,17968,17969,2108,2109,1,beead77994cf573341ec17b58bbf7eb34d2711c993c1d976b128b3188dc1829a,08,,,,,False,,,,,,,,,,False,False
/poketool/pokegra/height.narc,/poketool/pokegra/height.narc!/member_00568,0,/poketool/pokegra/height.narc,404,568,,17972,17973,2112,2113,1,ef6cbd2161eaea7943ce8693b9824d23d1793ffb1c0fca05b600d3899b44c977,0c,,,,,False,,,,,,,,,,False,False
/poketool/pokegra/height.narc,/poketool/pokegra/height.narc!/member_00569,0,/poketool/pokegra/height.narc,404,569,,17976,17977,2116,2117,1,ef6cbd2161eaea7943ce8693b9824d23d1793ffb1c0fca05b600d3899b44c977,0c,,,,,False,,,,,,,,,,False,False
/poketool/pokegra/height.narc,/poketool/pokegra/height.narc!/member_00570,0,/poketool/pokegra/height.narc,404,570,,17980,17981,2120,2121,1,e7cf46a078fed4fafd0b5e3aff144802b853f8ae459a4f0c14add3314b7cc3a6,0b,,,,,False,,,,,,,,,,False,False
/poketool/pokegra/height.narc,/poketool/pokegra/height.narc!/member_00571,0,/poketool/pokegra/height.narc,404,571,,17984,17985,2124,2125,1,e7cf46a078fed4fafd0b5e3aff144802b853f8ae459a4f0c14add3314b7cc3a6,0b,,,,,False,,,,,,,,,,False,False
/poketool/pokegra/height.narc,/poketool/pokegra/height.narc!/member_00572,0,/poketool/pokegra/height.narc,404,572,,17988,17989,2128,2129,1,c555eab45d08845ae9f10d452a99bfcb06f74a50b988fe7e48dd323789b88ee3,10,,Nintendo LZ10,Probable,,True,Nintendo LZ10,Probable,True,,,,,,,False,False
/poketool/pokegra/height.narc,/poketool/pokegra/height.narc!/member_00573,0,/poketool/pokegra/height.narc,404,573,,17992,17993,2132,2133,1,c555eab45d08845ae9f10d452a99bfcb06f74a50b988fe7e48dd323789b88ee3,10,,Nintendo LZ10,Probable,,True,Nintendo LZ10,Probable,True,,,,,,,False,False
/poketool/pokegra/height.narc,/poketool/pokegra/height.narc!/member_00574,0,/poketool/pokegra/height.narc,404,574,,17996,17997,2136,2137,1,ca358758f6d27e6cf45272937977a748fd88391db679ceda7dc7bf1f005ee879,07,,,,,False,,,,,,,,,,False,False
/poketool/pokegra/height.narc,/poketool/pokegra/height.narc!/member_00575,0,/poketool/pokegra/height.narc,404,575,,18000,18001,2140,2141,1,ca358758f6d27e6cf45272937977a748fd88391db679ceda7dc7bf1f005ee879,07,,,,,False,,,,,,,,,,False,False
/poketool/pokegra/height.narc,/poketool/pokegra/height.narc!/member_00576,0,/poketool/pokegra/height.narc,404,576,,18004,18004,2144,2144,0,e3b0c44298fc1c149afbf4c8996fb92427ae41e4649b934ca495991b7852b855,,,,,,False,,,,,,,,,,False,False
/poketool/pokegra/height.narc,/poketool/pokegra/height.narc!/member_00577,0,/poketool/pokegra/height.narc,404,577,,18004,18005,2144,2145,1,67586e98fad27da0b9968bc039a1ef34c939b9b8e523a8bef89d478608c5ecf6,06,,,,,False,,,,,,,,,,False,False
/poketool/pokegra/height.narc,/poketool/pokegra/height.narc!/member_00578,0,/poketool/pokegra/height.narc,404,578,,18008,18008,2148,2148,0,e3b0c44298fc1c149afbf4c8996fb92427ae41e4649b934ca495991b7852b855,,,,,,False,,,,,,,,,,False,False
/poketool/pokegra/height.narc,/poketool/pokegra/height.narc!/member_00579,0,/poketool/pokegra/height.narc,404,579,,18008,18009,2148,2149,1,e77b9a9ae9e30b0dbdb6f510a264ef9de781501d7b6b92ae89eb059c5ab743db,05,,,,,False,,,,,,,,,,False,False
/poketool/pokegra/height.narc,/poketool/pokegra/height.narc!/member_00580,0,/poketool/pokegra/height.narc,404,580,,18012,18012,2152,2152,0,e3b0c44298fc1c149afbf4c8996fb92427ae41e4649b934ca495991b7852b855,,,,,,False,,,,,,,,,,False,False
/poketool/pokegra/height.narc,/poketool/pokegra/height.narc!/member_00581,0,/poketool/pokegra/height.narc,404,581,,18012,18013,2152,2153,1,dc0e9c3658a1a3ed1ec94274d8b19925c93e1abb7ddba294923ad9bde30f8cb8,0f,,,,,False,,,,,,,,,,False,False
/poketool/pokegra/height.narc,/poketool/pokegra/height.narc!/member_00582,0,/poketool/pokegra/height.narc,404,582,,18016,18016,2156,2156,0,e3b0c44298fc1c149afbf4c8996fb92427ae41e4649b934ca495991b7852b855,,,,,,False,,,,,,,,,,False,False
/poketool/pokegra/height.narc,/poketool/pokegra/height.narc!/member_00583,0,/poketool/pokegra/height.narc,404,583,,18016,18017,2156,2157,1,ca358758f6d27e6cf45272937977a748fd88391db679ceda7dc7bf1f005ee879,07,,,,,False,,,,,,,,,,False,False
/poketool/pokegra/height.narc,/poketool/pokegra/height.narc!/member_00584,0,/poketool/pokegra/height.narc,404,584,,18020,18020,2160,2160,0,e3b0c44298fc1c149afbf4c8996fb92427ae41e4649b934ca495991b7852b855,,,,,,False,,,,,,,,,,False,False
/poketool/pokegra/height.narc,/poketool/pokegra/height.narc!/member_00585,0,/poketool/pokegra/height.narc,404,585,,18020,18021,2160,2161,1,67586e98fad27da0b9968bc039a1ef34c939b9b8e523a8bef89d478608c5ecf6,06,,,,,False,,,,,,,,,,False,False
/poketool/pokegra/height.narc,/poketool/pokegra/height.narc!/member_00586,0,/poketool/pokegra/height.narc,404,586,,18024,18024,2164,2164,0,e3b0c44298fc1c149afbf4c8996fb92427ae41e4649b934ca495991b7852b855,,,,,,False,,,,,,,,,,False,False
/poketool/pokegra/height.narc,/poketool/pokegra/height.narc!/member_00587,0,/poketool/pokegra/height.narc,404,587,,18024,18025,2164,2165,1,67586e98fad27da0b9968bc039a1ef34c939b9b8e523a8bef89d478608c5ecf6,06,,,,,False,,,,,,,,,,False,False
/poketool/pokegra/height.narc,/poketool/pokegra/height.narc!/member_00588,0,/poketool/pokegra/height.narc,404,588,,18028,18029,2168,2169,1,01ba4719c80b6fe911b091a7c05124b64eeece964e09c058ef8f9805daca546b,0a,,,,,False,,,,,,,,,,False,False
/poketool/pokegra/height.narc,/poketool/pokegra/height.narc!/member_00589,0,/poketool/pokegra/height.narc,404,589,,18032,18033,2172,2173,1,01ba4719c80b6fe911b091a7c05124b64eeece964e09c058ef8f9805daca546b,0a,,,,,False,,,,,,,,,,False,False
/poketool/pokegra/height.narc,/poketool/pokegra/height.narc!/member_00590,0,/poketool/pokegra/height.narc,404,590,,18036,18037,2176,2177,1,f299791cddd3d6664f6670842812ef6053eb6501bd6282a476bbbf3ee91e750c,12,,,,,False,,,,,,,,,,False,False
/poketool/pokegra/height.narc,/poketool/pokegra/height.narc!/member_00591,0,/poketool/pokegra/height.narc,404,591,,18040,18041,2180,2181,1,f299791cddd3d6664f6670842812ef6053eb6501bd6282a476bbbf3ee91e750c,12,,,,,False,,,,,,,,,,False,False
/poketool/pokegra/height.narc,/poketool/pokegra/height.narc!/member_00592,0,/poketool/pokegra/height.narc,404,592,,18044,18045,2184,2185,1,e77b9a9ae9e30b0dbdb6f510a264ef9de781501d7b6b92ae89eb059c5ab743db,05,,,,,False,,,,,,,,,,False,False
/poketool/pokegra/height.narc,/poketool/pokegra/height.narc!/member_00593,0,/poketool/pokegra/height.narc,404,593,,18048,18049,2188,2189,1,e77b9a9ae9e30b0dbdb6f510a264ef9de781501d7b6b92ae89eb059c5ab743db,05,,,,,False,,,,,,,,,,False,False
/poketool/pokegra/height.narc,/poketool/pokegra/height.narc!/member_00594,0,/poketool/pokegra/height.narc,404,594,,18052,18053,2192,2193,1,01ba4719c80b6fe911b091a7c05124b64eeece964e09c058ef8f9805daca546b,0a,,,,,False,,,,,,,,,,False,False
/poketool/pokegra/height.narc,/poketool/pokegra/height.narc!/member_00595,0,/poketool/pokegra/height.narc,404,595,,18056,18057,2196,2197,1,01ba4719c80b6fe911b091a7c05124b64eeece964e09c058ef8f9805daca546b,0a,,,,,False,,,,,,,,,,False,False
/poketool/pokegra/height.narc,/poketool/pokegra/height.narc!/member_00596,0,/poketool/pokegra/height.narc,404,596,,18060,18061,2200,2201,1,4bf5122f344554c53bde2ebb8cd2b7e3d1600ad631c385a5d7cce23c7785459a,01,,,,,False,,,,,,,,,,False,False
/poketool/pokegra/height.narc,/poketool/pokegra/height.narc!/member_00597,0,/poketool/pokegra/height.narc,404,597,,18064,18065,2204,2205,1,4bf5122f344554c53bde2ebb8cd2b7e3d1600ad631c385a5d7cce23c7785459a,01,,,,,False,,,,,,,,,,False,False
/poketool/pokegra/height.narc,/poketool/pokegra/height.narc!/member_00598,0,/poketool/pokegra/height.narc,404,598,,18068,18069,2208,2209,1,67586e98fad27da0b9968bc039a1ef34c939b9b8e523a8bef89d478608c5ecf6,06,,,,,False,,,,,,,,,,False,False
/poketool/pokegra/height.narc,/poketool/pokegra/height.narc!/member_00599,0,/poketool/pokegra/height.narc,404,599,,18072,18073,2212,2213,1,67586e98fad27da0b9968bc039a1ef34c939b9b8e523a8bef89d478608c5ecf6,06,,,,,False,,,,,,,,,,False,False
/poketool/pokegra/height.narc,/poketool/pokegra/height.narc!/member_00600,0,/poketool/pokegra/height.narc,404,600,,18076,18076,2216,2216,0,e3b0c44298fc1c149afbf4c8996fb92427ae41e4649b934ca495991b7852b855,,,,,,False,,,,,,,,,,False,False
/poketool/pokegra/height.narc,/poketool/pokegra/height.narc!/member_00601,0,/poketool/pokegra/height.narc,404,601,,18076,18077,2216,2217,1,4bf5122f344554c53bde2ebb8cd2b7e3d1600ad631c385a5d7cce23c7785459a,01,,,,,False,,,,,,,,,,False,False
/poketool/pokegra/height.narc,/poketool/pokegra/height.narc!/member_00602,0,/poketool/pokegra/height.narc,404,602,,18080,18080,2220,2220,0,e3b0c44298fc1c149afbf4c8996fb92427ae41e4649b934ca495991b7852b855,,,,,,False,,,,,,,,,,False,False
/poketool/pokegra/height.narc,/poketool/pokegra/height.narc!/member_00603,0,/poketool/pokegra/height.narc,404,603,,18080,18081,2220,2221,1,e77b9a9ae9e30b0dbdb6f510a264ef9de781501d7b6b92ae89eb059c5ab743db,05,,,,,False,,,,,,,,,,False,False
/poketool/pokegra/height.narc,/poketool/pokegra/height.narc!/member_00604,0,/poketool/pokegra/height.narc,404,604,,18084,18084,2224,2224,0,e3b0c44298fc1c149afbf4c8996fb92427ae41e4649b934ca495991b7852b855,,,,,,False,,,,,,,,,,False,False
/poketool/pokegra/height.narc,/poketool/pokegra/height.narc!/member_00605,0,/poketool/pokegra/height.narc,404,605,,18084,18085,2224,2225,1,6e340b9cffb37a989ca544e6bb780a2c78901d3fb33738768511a30617afa01d,00,,,,,False,,,,,,,,,,False,False
/poketool/pokegra/height.narc,/poketool/pokegra/height.narc!/member_00606,0,/poketool/pokegra/height.narc,404,606,,18088,18088,2228,2228,0,e3b0c44298fc1c149afbf4c8996fb92427ae41e4649b934ca495991b7852b855,,,,,,False,,,,,,,,,,False,False
/poketool/pokegra/height.narc,/poketool/pokegra/height.narc!/member_00607,0,/poketool/pokegra/height.narc,404,607,,18088,18089,2228,2229,1,ab897fbdedfa502b2d839b6a56100887dccdc507555c282e59589e06300a62e2,13,,,,,False,,,,,,,,,,False,False
/poketool/pokegra/height.narc,/poketool/pokegra/height.narc!/member_00608,0,/poketool/pokegra/height.narc,404,608,,18092,18093,2232,2233,1,ef6cbd2161eaea7943ce8693b9824d23d1793ffb1c0fca05b600d3899b44c977,0c,,,,,False,,,,,,,,,,False,False
/poketool/pokegra/height.narc,/poketool/pokegra/height.narc!/member_00609,0,/poketool/pokegra/height.narc,404,609,,18096,18097,2236,2237,1,ef6cbd2161eaea7943ce8693b9824d23d1793ffb1c0fca05b600d3899b44c977,0c,,,,,False,,,,,,,,,,False,False
/poketool/pokegra/height.narc,/poketool/pokegra/height.narc!/member_00610,0,/poketool/pokegra/height.narc,404,610,,18100,18101,2240,2241,1,c555eab45d08845ae9f10d452a99bfcb06f74a50b988fe7e48dd323789b88ee3,10,,Nintendo LZ10,Probable,,True,Nintendo LZ10,Probable,True,,,,,,,False,False
/poketool/pokegra/height.narc,/poketool/pokegra/height.narc!/member_00611,0,/poketool/pokegra/height.narc,404,611,,18104,18105,2244,2245,1,c555eab45d08845ae9f10d452a99bfcb06f74a50b988fe7e48dd323789b88ee3,10,,Nintendo LZ10,Probable,,True,Nintendo LZ10,Probable,True,,,,,,,False,False
/poketool/pokegra/height.narc,/poketool/pokegra/height.narc!/member_00612,0,/poketool/pokegra/height.narc,404,612,,18108,18109,2248,2249,1,67586e98fad27da0b9968bc039a1ef34c939b9b8e523a8bef89d478608c5ecf6,06,,,,,False,,,,,,,,,,False,False
/poketool/pokegra/height.narc,/poketool/pokegra/height.narc!/member_00613,0,/poketool/pokegra/height.narc,404,613,,18112,18113,2252,2253,1,67586e98fad27da0b9968bc039a1ef34c939b9b8e523a8bef89d478608c5ecf6,06,,,,,False,,,,,,,,,,False,False
/poketool/pokegra/height.narc,/poketool/pokegra/height.narc!/member_00614,0,/poketool/pokegra/height.narc,404,614,,18116,18117,2256,2257,1,2b4c342f5433ebe591a1da77e013d1b72475562d48578dca8b84bac6651c3cb9,09,,,,,False,,,,,,,,,,False,False
/poketool/pokegra/height.narc,/poketool/pokegra/height.narc!/member_00615,0,/poketool/pokegra/height.narc,404,615,,18120,18121,2260,2261,1,2b4c342f5433ebe591a1da77e013d1b72475562d48578dca8b84bac6651c3cb9,09,,,,,False,,,,,,,,,,False,False
/poketool/pokegra/height.narc,/poketool/pokegra/height.narc!/member_00616,0,/poketool/pokegra/height.narc,404,616,,18124,18125,2264,2265,1,dbc1b4c900ffe48d575b5da5c638040125f65db0fe3e24494b76ea986457d986,02,,,,,False,,,,,,,,,,False,False
/poketool/pokegra/height.narc,/poketool/pokegra/height.narc!/member_00617,0,/poketool/pokegra/height.narc,404,617,,18128,18129,2268,2269,1,dbc1b4c900ffe48d575b5da5c638040125f65db0fe3e24494b76ea986457d986,02,,,,,False,,,,,,,,,,False,False
/poketool/pokegra/height.narc,/poketool/pokegra/height.narc!/member_00618,0,/poketool/pokegra/height.narc,404,618,,18132,18133,2272,2273,1,084fed08b978af4d7d196a7446a86b58009e636b611db16211b65a9aadff29c5,03,,,,,False,,,,,,,,,,False,False
/poketool/pokegra/height.narc,/poketool/pokegra/height.narc!/member_00619,0,/poketool/pokegra/height.narc,404,619,,18136,18137,2276,2277,1,084fed08b978af4d7d196a7446a86b58009e636b611db16211b65a9aadff29c5,03,,,,,False,,,,,,,,,,False,False
/poketool/pokegra/height.narc,/poketool/pokegra/height.narc!/member_00620,0,/poketool/pokegra/height.narc,404,620,,18140,18141,2280,2281,1,e52d9c508c502347344d8c07ad91cbd6068afc75ff6292f062a09ca381c89e71,04,,,,,False,,,,,,,,,,False,False
/poketool/pokegra/height.narc,/poketool/pokegra/height.narc!/member_00621,0,/poketool/pokegra/height.narc,404,621,,18144,18145,2284,2285,1,e52d9c508c502347344d8c07ad91cbd6068afc75ff6292f062a09ca381c89e71,04,,,,,False,,,,,,,,,,False,False
/poketool/pokegra/height.narc,/poketool/pokegra/height.narc!/member_00622,0,/poketool/pokegra/height.narc,404,622,,18148,18149,2288,2289,1,83891d7fe85c33e52c8b4e5814c92fb6a3b9467299200538a6babaa8b452d879,14,,,,,False,,,,,,,,,,False,False
/poketool/pokegra/height.narc,/poketool/pokegra/height.narc!/member_00623,0,/poketool/pokegra/height.narc,404,623,,18152,18153,2292,2293,1,83891d7fe85c33e52c8b4e5814c92fb6a3b9467299200538a6babaa8b452d879,14,,,,,False,,,,,,,,,,False,False
/poketool/pokegra/height.narc,/poketool/pokegra/height.narc!/member_00624,0,/poketool/pokegra/height.narc,404,624,,18156,18157,2296,2297,1,6e340b9cffb37a989ca544e6bb780a2c78901d3fb33738768511a30617afa01d,00,,,,,False,,,,,,,,,,False,False
/poketool/pokegra/height.narc,/poketool/pokegra/height.narc!/member_00625,0,/poketool/pokegra/height.narc,404,625,,18160,18161,2300,2301,1,6e340b9cffb37a989ca544e6bb780a2c78901d3fb33738768511a30617afa01d,00,,,,,False,,,,,,,,,,False,False
/poketool/pokegra/height.narc,/poketool/pokegra/height.narc!/member_00626,0,/poketool/pokegra/height.narc,404,626,,18164,18165,2304,2305,1,c555eab45d08845ae9f10d452a99bfcb06f74a50b988fe7e48dd323789b88ee3,10,,Nintendo LZ10,Probable,,True,Nintendo LZ10,Probable,True,,,,,,,False,False
/poketool/pokegra/height.narc,/poketool/pokegra/height.narc!/member_00627,0,/poketool/pokegra/height.narc,404,627,,18168,18169,2308,2309,1,c555eab45d08845ae9f10d452a99bfcb06f74a50b988fe7e48dd323789b88ee3,10,,Nintendo LZ10,Probable,,True,Nintendo LZ10,Probable,True,,,,,,,False,False
/poketool/pokegra/height.narc,/poketool/pokegra/height.narc!/member_00628,0,/poketool/pokegra/height.narc,404,628,,18172,18173,2312,2313,1,e52d9c508c502347344d8c07ad91cbd6068afc75ff6292f062a09ca381c89e71,04,,,,,False,,,,,,,,,,False,False
/poketool/pokegra/height.narc,/poketool/pokegra/height.narc!/member_00629,0,/poketool/pokegra/height.narc,404,629,,18176,18177,2316,2317,1,e52d9c508c502347344d8c07ad91cbd6068afc75ff6292f062a09ca381c89e71,04,,,,,False,,,,,,,,,,False,False
/poketool/pokegra/height.narc,/poketool/pokegra/height.narc!/member_00630,0,/poketool/pokegra/height.narc,404,630,,18180,18181,2320,2321,1,e77b9a9ae9e30b0dbdb6f510a264ef9de781501d7b6b92ae89eb059c5ab743db,05,,,,,False,,,,,,,,,,False,False
/poketool/pokegra/height.narc,/poketool/pokegra/height.narc!/member_00631,0,/poketool/pokegra/height.narc,404,631,,18184,18185,2324,2325,1,e77b9a9ae9e30b0dbdb6f510a264ef9de781501d7b6b92ae89eb059c5ab743db,05,,,,,False,,,,,,,,,,False,False
/poketool/pokegra/height.narc,/poketool/pokegra/height.narc!/member_00632,0,/poketool/pokegra/height.narc,404,632,,18188,18189,2328,2329,1,ef6cbd2161eaea7943ce8693b9824d23d1793ffb1c0fca05b600d3899b44c977,0c,,,,,False,,,,,,,,,,False,False
/poketool/pokegra/height.narc,/poketool/pokegra/height.narc!/member_00633,0,/poketool/pokegra/height.narc,404,633,,18192,18193,2332,2333,1,ef6cbd2161eaea7943ce8693b9824d23d1793ffb1c0fca05b600d3899b44c977,0c,,,,,False,,,,,,,,,,False,False
/poketool/pokegra/height.narc,/poketool/pokegra/height.narc!/member_00634,0,/poketool/pokegra/height.narc,404,634,,18196,18197,2336,2337,1,7cb7c4547cf2653590d7a9ace60cc623d25148adfbc88a89aeb0ef88da7839ba,16,,,,,False,,,,,,,,,,False,False
/poketool/pokegra/height.narc,/poketool/pokegra/height.narc!/member_00635,0,/poketool/pokegra/height.narc,404,635,,18200,18201,2340,2341,1,7cb7c4547cf2653590d7a9ace60cc623d25148adfbc88a89aeb0ef88da7839ba,16,,,,,False,,,,,,,,,,False,False
/poketool/pokegra/height.narc,/poketool/pokegra/height.narc!/member_00636,0,/poketool/pokegra/height.narc,404,636,,18204,18205,2344,2345,1,084fed08b978af4d7d196a7446a86b58009e636b611db16211b65a9aadff29c5,03,,,,,False,,,,,,,,,,False,False
/poketool/pokegra/height.narc,/poketool/pokegra/height.narc!/member_00637,0,/poketool/pokegra/height.narc,404,637,,18208,18209,2348,2349,1,084fed08b978af4d7d196a7446a86b58009e636b611db16211b65a9aadff29c5,03,,,,,False,,,,,,,,,,False,False
/poketool/pokegra/height.narc,/poketool/pokegra/height.narc!/member_00638,0,/poketool/pokegra/height.narc,404,638,,18212,18213,2352,2353,1,9d1e0e2d9459d06523ad13e28a4093c2316baafe7aec5b25f30eba2e113599c4,0d,,,,,False,,,,,,,,,,False,False
/poketool/pokegra/height.narc,/poketool/pokegra/height.narc!/member_00639,0,/poketool/pokegra/height.narc,404,639,,18216,18217,2356,2357,1,9d1e0e2d9459d06523ad13e28a4093c2316baafe7aec5b25f30eba2e113599c4,0d,,,,,False,,,,,,,,,,False,False
/poketool/pokegra/height.narc,/poketool/pokegra/height.narc!/member_00640,0,/poketool/pokegra/height.narc,404,640,,18220,18221,2360,2361,1,084fed08b978af4d7d196a7446a86b58009e636b611db16211b65a9aadff29c5,03,,,,,False,,,,,,,,,,False,False
/poketool/pokegra/height.narc,/poketool/pokegra/height.narc!/member_00641,0,/poketool/pokegra/height.narc,404,641,,18224,18225,2364,2365,1,084fed08b978af4d7d196a7446a86b58009e636b611db16211b65a9aadff29c5,03,,,,,False,,,,,,,,,,False,False
/poketool/pokegra/height.narc,/poketool/pokegra/height.narc!/member_00642,0,/poketool/pokegra/height.narc,404,642,,18228,18229,2368,2369,1,e77b9a9ae9e30b0dbdb6f510a264ef9de781501d7b6b92ae89eb059c5ab743db,05,,,,,False,,,,,,,,,,False,False
/poketool/pokegra/height.narc,/poketool/pokegra/height.narc!/member_00643,0,/poketool/pokegra/height.narc,404,643,,18232,18233,2372,2373,1,e77b9a9ae9e30b0dbdb6f510a264ef9de781501d7b6b92ae89eb059c5ab743db,05,,,,,False,,,,,,,,,,False,False
/poketool/pokegra/height.narc,/poketool/pokegra/height.narc!/member_00644,0,/poketool/pokegra/height.narc,404,644,,18236,18237,2376,2377,1,4bf5122f344554c53bde2ebb8cd2b7e3d1600ad631c385a5d7cce23c7785459a,01,,,,,False,,,,,,,,,,False,False
/poketool/pokegra/height.narc,/poketool/pokegra/height.narc!/member_00645,0,/poketool/pokegra/height.narc,404,645,,18240,18241,2380,2381,1,4bf5122f344554c53bde2ebb8cd2b7e3d1600ad631c385a5d7cce23c7785459a,01,,,,,False,,,,,,,,,,False,False
/poketool/pokegra/height.narc,/poketool/pokegra/height.narc!/member_00646,0,/poketool/pokegra/height.narc,404,646,,18244,18245,2384,2385,1,2b4c342f5433ebe591a1da77e013d1b72475562d48578dca8b84bac6651c3cb9,09,,,,,False,,,,,,,,,,False,False
/poketool/pokegra/height.narc,/poketool/pokegra/height.narc!/member_00647,0,/poketool/pokegra/height.narc,404,647,,18248,18249,2388,2389,1,2b4c342f5433ebe591a1da77e013d1b72475562d48578dca8b84bac6651c3cb9,09,,,,,False,,,,,,,,,,False,False
/poketool/pokegra/height.narc,/poketool/pokegra/height.narc!/member_00648,0,/poketool/pokegra/height.narc,404,648,,18252,18253,2392,2393,1,e77b9a9ae9e30b0dbdb6f510a264ef9de781501d7b6b92ae89eb059c5ab743db,05,,,,,False,,,,,,,,,,False,False
/poketool/pokegra/height.narc,/poketool/pokegra/height.narc!/member_00649,0,/poketool/pokegra/height.narc,404,649,,18256,18257,2396,2397,1,e77b9a9ae9e30b0dbdb6f510a264ef9de781501d7b6b92ae89eb059c5ab743db,05,,,,,False,,,,,,,,,,False,False
/poketool/pokegra/height.narc,/poketool/pokegra/height.narc!/member_00650,0,/poketool/pokegra/height.narc,404,650,,18260,18261,2400,2401,1,4d7b3ef7300acf70c892d8327db8272f54434adbc61a4e130a563cb59a0d0f47,0e,,,,,False,,,,,,,,,,False,False
/poketool/pokegra/height.narc,/poketool/pokegra/height.narc!/member_00651,0,/poketool/pokegra/height.narc,404,651,,18264,18265,2404,2405,1,4d7b3ef7300acf70c892d8327db8272f54434adbc61a4e130a563cb59a0d0f47,0e,,,,,False,,,,,,,,,,False,False
/poketool/pokegra/height.narc,/poketool/pokegra/height.narc!/member_00652,0,/poketool/pokegra/height.narc,404,652,,18268,18269,2408,2409,1,e77b9a9ae9e30b0dbdb6f510a264ef9de781501d7b6b92ae89eb059c5ab743db,05,,,,,False,,,,,,,,,,False,False
/poketool/pokegra/height.narc,/poketool/pokegra/height.narc!/member_00653,0,/poketool/pokegra/height.narc,404,653,,18272,18273,2412,2413,1,e77b9a9ae9e30b0dbdb6f510a264ef9de781501d7b6b92ae89eb059c5ab743db,05,,,,,False,,,,,,,,,,False,False
/poketool/pokegra/height.narc,/poketool/pokegra/height.narc!/member_00654,0,/poketool/pokegra/height.narc,404,654,,18276,18277,2416,2417,1,ab897fbdedfa502b2d839b6a56100887dccdc507555c282e59589e06300a62e2,13,,,,,False,,,,,,,,,,False,False
/poketool/pokegra/height.narc,/poketool/pokegra/height.narc!/member_00655,0,/poketool/pokegra/height.narc,404,655,,18280,18281,2420,2421,1,ab897fbdedfa502b2d839b6a56100887dccdc507555c282e59589e06300a62e2,13,,,,,False,,,,,,,,,,False,False
/poketool/pokegra/height.narc,/poketool/pokegra/height.narc!/member_00656,0,/poketool/pokegra/height.narc,404,656,,18284,18285,2424,2425,1,e52d9c508c502347344d8c07ad91cbd6068afc75ff6292f062a09ca381c89e71,04,,,,,False,,,,,,,,,,False,False
/poketool/pokegra/height.narc,/poketool/pokegra/height.narc!/member_00657,0,/poketool/pokegra/height.narc,404,657,,18288,18289,2428,2429,1,e52d9c508c502347344d8c07ad91cbd6068afc75ff6292f062a09ca381c89e71,04,,,,,False,,,,,,,,,,False,False
/poketool/pokegra/height.narc,/poketool/pokegra/height.narc!/member_00658,0,/poketool/pokegra/height.narc,404,658,,18292,18293,2432,2433,1,beead77994cf573341ec17b58bbf7eb34d2711c993c1d976b128b3188dc1829a,08,,,,,False,,,,,,,,,,False,False
/poketool/pokegra/height.narc,/poketool/pokegra/height.narc!/member_00659,0,/poketool/pokegra/height.narc,404,659,,18296,18297,2436,2437,1,beead77994cf573341ec17b58bbf7eb34d2711c993c1d976b128b3188dc1829a,08,,,,,False,,,,,,,,,,False,False
/poketool/pokegra/height.narc,/poketool/pokegra/height.narc!/member_00660,0,/poketool/pokegra/height.narc,404,660,,18300,18301,2440,2441,1,01ba4719c80b6fe911b091a7c05124b64eeece964e09c058ef8f9805daca546b,0a,,,,,False,,,,,,,,,,False,False
/poketool/pokegra/height.narc,/poketool/pokegra/height.narc!/member_00661,0,/poketool/pokegra/height.narc,404,661,,18304,18305,2444,2445,1,01ba4719c80b6fe911b091a7c05124b64eeece964e09c058ef8f9805daca546b,0a,,,,,False,,,,,,,,,,False,False
/poketool/pokegra/height.narc,/poketool/pokegra/height.narc!/member_00662,0,/poketool/pokegra/height.narc,404,662,,18308,18309,2448,2449,1,c555eab45d08845ae9f10d452a99bfcb06f74a50b988fe7e48dd323789b88ee3,10,,Nintendo LZ10,Probable,,True,Nintendo LZ10,Probable,True,,,,,,,False,False
/poketool/pokegra/height.narc,/poketool/pokegra/height.narc!/member_00663,0,/poketool/pokegra/height.narc,404,663,,18312,18313,2452,2453,1,c555eab45d08845ae9f10d452a99bfcb06f74a50b988fe7e48dd323789b88ee3,10,,Nintendo LZ10,Probable,,True,Nintendo LZ10,Probable,True,,,,,,,False,False
/poketool/pokegra/height.narc,/poketool/pokegra/height.narc!/member_00664,0,/poketool/pokegra/height.narc,404,664,,18316,18317,2456,2457,1,e52d9c508c502347344d8c07ad91cbd6068afc75ff6292f062a09ca381c89e71,04,,,,,False,,,,,,,,,,False,False
/poketool/pokegra/height.narc,/poketool/pokegra/height.narc!/member_00665,0,/poketool/pokegra/height.narc,404,665,,18320,18321,2460,2461,1,e52d9c508c502347344d8c07ad91cbd6068afc75ff6292f062a09ca381c89e71,04,,,,,False,,,,,,,,,,False,False
/poketool/pokegra/height.narc,/poketool/pokegra/height.narc!/member_00666,0,/poketool/pokegra/height.narc,404,666,,18324,18325,2464,2465,1,4d7b3ef7300acf70c892d8327db8272f54434adbc61a4e130a563cb59a0d0f47,0e,,,,,False,,,,,,,,,,False,False
/poketool/pokegra/height.narc,/poketool/pokegra/height.narc!/member_00667,0,/poketool/pokegra/height.narc,404,667,,18328,18329,2468,2469,1,4d7b3ef7300acf70c892d8327db8272f54434adbc61a4e130a563cb59a0d0f47,0e,,,,,False,,,,,,,,,,False,False
/poketool/pokegra/height.narc,/poketool/pokegra/height.narc!/member_00668,0,/poketool/pokegra/height.narc,404,668,,18332,18333,2472,2473,1,7cb7c4547cf2653590d7a9ace60cc623d25148adfbc88a89aeb0ef88da7839ba,16,,,,,False,,,,,,,,,,False,False
/poketool/pokegra/height.narc,/poketool/pokegra/height.narc!/member_00669,0,/poketool/pokegra/height.narc,404,669,,18336,18337,2476,2477,1,7cb7c4547cf2653590d7a9ace60cc623d25148adfbc88a89aeb0ef88da7839ba,16,,,,,False,,,,,,,,,,False,False
/poketool/pokegra/height.narc,/poketool/pokegra/height.narc!/member_00670,0,/poketool/pokegra/height.narc,404,670,,18340,18341,2480,2481,1,58f7b0780592032e4d8602a3e8690fb2c701b2e1dd546e703445aabd6469734d,1a,,,,,False,,,,,,,,,,False,False
/poketool/pokegra/height.narc,/poketool/pokegra/height.narc!/member_00671,0,/poketool/pokegra/height.narc,404,671,,18344,18345,2484,2485,1,58f7b0780592032e4d8602a3e8690fb2c701b2e1dd546e703445aabd6469734d,1a,,,,,False,,,,,,,,,,False,False
/poketool/pokegra/height.narc,/poketool/pokegra/height.narc!/member_00672,0,/poketool/pokegra/height.narc,404,672,,18348,18349,2488,2489,1,e7cf46a078fed4fafd0b5e3aff144802b853f8ae459a4f0c14add3314b7cc3a6,0b,,,,,False,,,,,,,,,,False,False
/poketool/pokegra/height.narc,/poketool/pokegra/height.narc!/member_00673,0,/poketool/pokegra/height.narc,404,673,,18352,18353,2492,2493,1,e7cf46a078fed4fafd0b5e3aff144802b853f8ae459a4f0c14add3314b7cc3a6,0b,,,,,False,,,,,,,,,,False,False
/poketool/pokegra/height.narc,/poketool/pokegra/height.narc!/member_00674,0,/poketool/pokegra/height.narc,404,674,,18356,18357,2496,2497,1,dc0e9c3658a1a3ed1ec94274d8b19925c93e1abb7ddba294923ad9bde30f8cb8,0f,,,,,False,,,,,,,,,,False,False
/poketool/pokegra/height.narc,/poketool/pokegra/height.narc!/member_00675,0,/poketool/pokegra/height.narc,404,675,,18360,18361,2500,2501,1,dc0e9c3658a1a3ed1ec94274d8b19925c93e1abb7ddba294923ad9bde30f8cb8,0f,,,,,False,,,,,,,,,,False,False
/poketool/pokegra/height.narc,/poketool/pokegra/height.narc!/member_00676,0,/poketool/pokegra/height.narc,404,676,,18364,18365,2504,2505,1,4bf5122f344554c53bde2ebb8cd2b7e3d1600ad631c385a5d7cce23c7785459a,01,,,,,False,,,,,,,,,,False,False
/poketool/pokegra/height.narc,/poketool/pokegra/height.narc!/member_00677,0,/poketool/pokegra/height.narc,404,677,,18368,18369,2508,2509,1,4bf5122f344554c53bde2ebb8cd2b7e3d1600ad631c385a5d7cce23c7785459a,01,,,,,False,,,,,,,,,,False,False
/poketool/pokegra/height.narc,/poketool/pokegra/height.narc!/member_00678,0,/poketool/pokegra/height.narc,404,678,,18372,18373,2512,2513,1,beead77994cf573341ec17b58bbf7eb34d2711c993c1d976b128b3188dc1829a,08,,,,,False,,,,,,,,,,False,False
/poketool/pokegra/height.narc,/poketool/pokegra/height.narc!/member_00679,0,/poketool/pokegra/height.narc,404,679,,18376,18377,2516,2517,1,beead77994cf573341ec17b58bbf7eb34d2711c993c1d976b128b3188dc1829a,08,,,,,False,,,,,,,,,,False,False
/poketool/pokegra/height.narc,/poketool/pokegra/height.narc!/member_00680,0,/poketool/pokegra/height.narc,404,680,,18380,18381,2520,2521,1,4d7b3ef7300acf70c892d8327db8272f54434adbc61a4e130a563cb59a0d0f47,0e,,,,,False,,,,,,,,,,False,False
/poketool/pokegra/height.narc,/poketool/pokegra/height.narc!/member_00681,0,/poketool/pokegra/height.narc,404,681,,18384,18385,2524,2525,1,4d7b3ef7300acf70c892d8327db8272f54434adbc61a4e130a563cb59a0d0f47,0e,,,,,False,,,,,,,,,,False,False
/poketool/pokegra/height.narc,/poketool/pokegra/height.narc!/member_00682,0,/poketool/pokegra/height.narc,404,682,,18388,18389,2528,2529,1,452ba1ddef80246c48be7690193c76c1d61185906be9401014fe14f1be64b74f,18,,,,,False,,,,,,,,,,False,False
/poketool/pokegra/height.narc,/poketool/pokegra/height.narc!/member_00683,0,/poketool/pokegra/height.narc,404,683,,18392,18393,2532,2533,1,452ba1ddef80246c48be7690193c76c1d61185906be9401014fe14f1be64b74f,18,,,,,False,,,,,,,,,,False,False
/poketool/pokegra/height.narc,/poketool/pokegra/height.narc!/member_00684,0,/poketool/pokegra/height.narc,404,684,,18396,18397,2536,2537,1,beead77994cf573341ec17b58bbf7eb34d2711c993c1d976b128b3188dc1829a,08,,,,,False,,,,,,,,,,False,False
/poketool/pokegra/height.narc,/poketool/pokegra/height.narc!/member_00685,0,/poketool/pokegra/height.narc,404,685,,18400,18401,2540,2541,1,beead77994cf573341ec17b58bbf7eb34d2711c993c1d976b128b3188dc1829a,08,,,,,False,,,,,,,,,,False,False
/poketool/pokegra/height.narc,/poketool/pokegra/height.narc!/member_00686,0,/poketool/pokegra/height.narc,404,686,,18404,18405,2544,2545,1,c555eab45d08845ae9f10d452a99bfcb06f74a50b988fe7e48dd323789b88ee3,10,,Nintendo LZ10,Probable,,True,Nintendo LZ10,Probable,True,,,,,,,False,False
/poketool/pokegra/height.narc,/poketool/pokegra/height.narc!/member_00687,0,/poketool/pokegra/height.narc,404,687,,18408,18409,2548,2549,1,c555eab45d08845ae9f10d452a99bfcb06f74a50b988fe7e48dd323789b88ee3,10,,Nintendo LZ10,Probable,,True,Nintendo LZ10,Probable,True,,,,,,,False,False
/poketool/pokegra/height.narc,/poketool/pokegra/height.narc!/member_00688,0,/poketool/pokegra/height.narc,404,688,,18412,18413,2552,2553,1,beead77994cf573341ec17b58bbf7eb34d2711c993c1d976b128b3188dc1829a,08,,,,,False,,,,,,,,,,False,False
/poketool/pokegra/height.narc,/poketool/pokegra/height.narc!/member_00689,0,/poketool/pokegra/height.narc,404,689,,18416,18417,2556,2557,1,beead77994cf573341ec17b58bbf7eb34d2711c993c1d976b128b3188dc1829a,08,,,,,False,,,,,,,,,,False,False
/poketool/pokegra/height.narc,/poketool/pokegra/height.narc!/member_00690,0,/poketool/pokegra/height.narc,404,690,,18420,18421,2560,2561,1,7cb7c4547cf2653590d7a9ace60cc623d25148adfbc88a89aeb0ef88da7839ba,16,,,,,False,,,,,,,,,,False,False
/poketool/pokegra/height.narc,/poketool/pokegra/height.narc!/member_00691,0,/poketool/pokegra/height.narc,404,691,,18424,18425,2564,2565,1,7cb7c4547cf2653590d7a9ace60cc623d25148adfbc88a89aeb0ef88da7839ba,16,,,,,False,,,,,,,,,,False,False
/poketool/pokegra/height.narc,/poketool/pokegra/height.narc!/member_00692,0,/poketool/pokegra/height.narc,404,692,,18428,18429,2568,2569,1,01ba4719c80b6fe911b091a7c05124b64eeece964e09c058ef8f9805daca546b,0a,,,,,False,,,,,,,,,,False,False
/poketool/pokegra/height.narc,/poketool/pokegra/height.narc!/member_00693,0,/poketool/pokegra/height.narc,404,693,,18432,18433,2572,2573,1,01ba4719c80b6fe911b091a7c05124b64eeece964e09c058ef8f9805daca546b,0a,,,,,False,,,,,,,,,,False,False
/poketool/pokegra/height.narc,/poketool/pokegra/height.narc!/member_00694,0,/poketool/pokegra/height.narc,404,694,,18436,18437,2576,2577,1,58f7b0780592032e4d8602a3e8690fb2c701b2e1dd546e703445aabd6469734d,1a,,,,,False,,,,,,,,,,False,False
/poketool/pokegra/height.narc,/poketool/pokegra/height.narc!/member_00695,0,/poketool/pokegra/height.narc,404,695,,18440,18441,2580,2581,1,58f7b0780592032e4d8602a3e8690fb2c701b2e1dd546e703445aabd6469734d,1a,,,,,False,,,,,,,,,,False,False
/poketool/pokegra/height.narc,/poketool/pokegra/height.narc!/member_00696,0,/poketool/pokegra/height.narc,404,696,,18444,18445,2584,2585,1,c555eab45d08845ae9f10d452a99bfcb06f74a50b988fe7e48dd323789b88ee3,10,,Nintendo LZ10,Probable,,True,Nintendo LZ10,Probable,True,,,,,,,False,False
/poketool/pokegra/height.narc,/poketool/pokegra/height.narc!/member_00697,0,/poketool/pokegra/height.narc,404,697,,18448,18449,2588,2589,1,c555eab45d08845ae9f10d452a99bfcb06f74a50b988fe7e48dd323789b88ee3,10,,Nintendo LZ10,Probable,,True,Nintendo LZ10,Probable,True,,,,,,,False,False
/poketool/pokegra/height.narc,/poketool/pokegra/height.narc!/member_00698,0,/poketool/pokegra/height.narc,404,698,,18452,18453,2592,2593,1,68aa2e2ee5dff96e3355e6c7ee373e3d6a4e17f75f9518d843709c0c9bc3e3d4,19,,,,,False,,,,,,,,,,False,False
/poketool/pokegra/height.narc,/poketool/pokegra/height.narc!/member_00699,0,/poketool/pokegra/height.narc,404,699,,18456,18457,2596,2597,1,68aa2e2ee5dff96e3355e6c7ee373e3d6a4e17f75f9518d843709c0c9bc3e3d4,19,,,,,False,,,,,,,,,,False,False
/poketool/pokegra/height.narc,/poketool/pokegra/height.narc!/member_00700,0,/poketool/pokegra/height.narc,404,700,,18460,18461,2600,2601,1,c555eab45d08845ae9f10d452a99bfcb06f74a50b988fe7e48dd323789b88ee3,10,,Nintendo LZ10,Probable,,True,Nintendo LZ10,Probable,True,,,,,,,False,False
/poketool/pokegra/height.narc,/poketool/pokegra/height.narc!/member_00701,0,/poketool/pokegra/height.narc,404,701,,18464,18465,2604,2605,1,c555eab45d08845ae9f10d452a99bfcb06f74a50b988fe7e48dd323789b88ee3,10,,Nintendo LZ10,Probable,,True,Nintendo LZ10,Probable,True,,,,,,,False,False
/poketool/pokegra/height.narc,/poketool/pokegra/height.narc!/member_00702,0,/poketool/pokegra/height.narc,404,702,,18468,18469,2608,2609,1,58f7b0780592032e4d8602a3e8690fb2c701b2e1dd546e703445aabd6469734d,1a,,,,,False,,,,,,,,,,False,False
/poketool/pokegra/height.narc,/poketool/pokegra/height.narc!/member_00703,0,/poketool/pokegra/height.narc,404,703,,18472,18473,2612,2613,1,58f7b0780592032e4d8602a3e8690fb2c701b2e1dd546e703445aabd6469734d,1a,,,,,False,,,,,,,,,,False,False
/poketool/pokegra/height.narc,/poketool/pokegra/height.narc!/member_00704,0,/poketool/pokegra/height.narc,404,704,,18476,18477,2616,2617,1,beead77994cf573341ec17b58bbf7eb34d2711c993c1d976b128b3188dc1829a,08,,,,,False,,,,,,,,,,False,False
/poketool/pokegra/height.narc,/poketool/pokegra/height.narc!/member_00705,0,/poketool/pokegra/height.narc,404,705,,18480,18481,2620,2621,1,beead77994cf573341ec17b58bbf7eb34d2711c993c1d976b128b3188dc1829a,08,,,,,False,,,,,,,,,,False,False
/poketool/pokegra/height.narc,/poketool/pokegra/height.narc!/member_00706,0,/poketool/pokegra/height.narc,404,706,,18484,18485,2624,2625,1,f299791cddd3d6664f6670842812ef6053eb6501bd6282a476bbbf3ee91e750c,12,,,,,False,,,,,,,,,,False,False
/poketool/pokegra/height.narc,/poketool/pokegra/height.narc!/member_00707,0,/poketool/pokegra/height.narc,404,707,,18488,18489,2628,2629,1,f299791cddd3d6664f6670842812ef6053eb6501bd6282a476bbbf3ee91e750c,12,,,,,False,,,,,,,,,,False,False
/poketool/pokegra/height.narc,/poketool/pokegra/height.narc!/member_00708,0,/poketool/pokegra/height.narc,404,708,,18492,18493,2632,2633,1,ab897fbdedfa502b2d839b6a56100887dccdc507555c282e59589e06300a62e2,13,,,,,False,,,,,,,,,,False,False
/poketool/pokegra/height.narc,/poketool/pokegra/height.narc!/member_00709,0,/poketool/pokegra/height.narc,404,709,,18496,18497,2636,2637,1,ab897fbdedfa502b2d839b6a56100887dccdc507555c282e59589e06300a62e2,13,,,,,False,,,,,,,,,,False,False
/poketool/pokegra/height.narc,/poketool/pokegra/height.narc!/member_00710,0,/poketool/pokegra/height.narc,404,710,,18500,18501,2640,2641,1,58f7b0780592032e4d8602a3e8690fb2c701b2e1dd546e703445aabd6469734d,1a,,,,,False,,,,,,,,,,False,False
/poketool/pokegra/height.narc,/poketool/pokegra/height.narc!/member_00711,0,/poketool/pokegra/height.narc,404,711,,18504,18505,2644,2645,1,58f7b0780592032e4d8602a3e8690fb2c701b2e1dd546e703445aabd6469734d,1a,,,,,False,,,,,,,,,,False,False
/poketool/pokegra/height.narc,/poketool/pokegra/height.narc!/member_00712,0,/poketool/pokegra/height.narc,404,712,,18508,18509,2648,2649,1,beead77994cf573341ec17b58bbf7eb34d2711c993c1d976b128b3188dc1829a,08,,,,,False,,,,,,,,,,False,False
/poketool/pokegra/height.narc,/poketool/pokegra/height.narc!/member_00713,0,/poketool/pokegra/height.narc,404,713,,18512,18513,2652,2653,1,beead77994cf573341ec17b58bbf7eb34d2711c993c1d976b128b3188dc1829a,08,,,,,False,,,,,,,,,,False,False
/poketool/pokegra/height.narc,/poketool/pokegra/height.narc!/member_00714,0,/poketool/pokegra/height.narc,404,714,,18516,18517,2656,2657,1,9d1e0e2d9459d06523ad13e28a4093c2316baafe7aec5b25f30eba2e113599c4,0d,,,,,False,,,,,,,,,,False,False
/poketool/pokegra/height.narc,/poketool/pokegra/height.narc!/member_00715,0,/poketool/pokegra/height.narc,404,715,,18520,18521,2660,2661,1,9d1e0e2d9459d06523ad13e28a4093c2316baafe7aec5b25f30eba2e113599c4,0d,,,,,False,,,,,,,,,,False,False
/poketool/pokegra/height.narc,/poketool/pokegra/height.narc!/member_00716,0,/poketool/pokegra/height.narc,404,716,,18524,18525,2664,2665,1,ca358758f6d27e6cf45272937977a748fd88391db679ceda7dc7bf1f005ee879,07,,,,,False,,,,,,,,,,False,False
/poketool/pokegra/height.narc,/poketool/pokegra/height.narc!/member_00717,0,/poketool/pokegra/height.narc,404,717,,18528,18529,2668,2669,1,ca358758f6d27e6cf45272937977a748fd88391db679ceda7dc7bf1f005ee879,07,,,,,False,,,,,,,,,,False,False
/poketool/pokegra/height.narc,/poketool/pokegra/height.narc!/member_00718,0,/poketool/pokegra/height.narc,404,718,,18532,18533,2672,2673,1,ab897fbdedfa502b2d839b6a56100887dccdc507555c282e59589e06300a62e2,13,,,,,False,,,,,,,,,,False,False
/poketool/pokegra/height.narc,/poketool/pokegra/height.narc!/member_00719,0,/poketool/pokegra/height.narc,404,719,,18536,18537,2676,2677,1,ab897fbdedfa502b2d839b6a56100887dccdc507555c282e59589e06300a62e2,13,,,,,False,,,,,,,,,,False,False
/poketool/pokegra/height.narc,/poketool/pokegra/height.narc!/member_00720,0,/poketool/pokegra/height.narc,404,720,,18540,18541,2680,2681,1,2b4c342f5433ebe591a1da77e013d1b72475562d48578dca8b84bac6651c3cb9,09,,,,,False,,,,,,,,,,False,False
/poketool/pokegra/height.narc,/poketool/pokegra/height.narc!/member_00721,0,/poketool/pokegra/height.narc,404,721,,18544,18545,2684,2685,1,2b4c342f5433ebe591a1da77e013d1b72475562d48578dca8b84bac6651c3cb9,09,,,,,False,,,,,,,,,,False,False
/poketool/pokegra/height.narc,/poketool/pokegra/height.narc!/member_00722,0,/poketool/pokegra/height.narc,404,722,,18548,18549,2688,2689,1,4a64a107f0cb32536e5bce6c98c393db21cca7f4ea187ba8c4dca8b51d4ea80a,11,,Nintendo LZ11,Probable,,True,Nintendo LZ11,Probable,True,,,,,,,False,False
/poketool/pokegra/height.narc,/poketool/pokegra/height.narc!/member_00723,0,/poketool/pokegra/height.narc,404,723,,18552,18553,2692,2693,1,4a64a107f0cb32536e5bce6c98c393db21cca7f4ea187ba8c4dca8b51d4ea80a,11,,Nintendo LZ11,Probable,,True,Nintendo LZ11,Probable,True,,,,,,,False,False
/poketool/pokegra/height.narc,/poketool/pokegra/height.narc!/member_00724,0,/poketool/pokegra/height.narc,404,724,,18556,18557,2696,2697,1,e52d9c508c502347344d8c07ad91cbd6068afc75ff6292f062a09ca381c89e71,04,,,,,False,,,,,,,,,,False,False
/poketool/pokegra/height.narc,/poketool/pokegra/height.narc!/member_00725,0,/poketool/pokegra/height.narc,404,725,,18560,18561,2700,2701,1,e52d9c508c502347344d8c07ad91cbd6068afc75ff6292f062a09ca381c89e71,04,,,,,False,,,,,,,,,,False,False
/poketool/pokegra/height.narc,/poketool/pokegra/height.narc!/member_00726,0,/poketool/pokegra/height.narc,404,726,,18564,18565,2704,2705,1,2b4c342f5433ebe591a1da77e013d1b72475562d48578dca8b84bac6651c3cb9,09,,,,,False,,,,,,,,,,False,False
/poketool/pokegra/height.narc,/poketool/pokegra/height.narc!/member_00727,0,/poketool/pokegra/height.narc,404,727,,18568,18569,2708,2709,1,2b4c342f5433ebe591a1da77e013d1b72475562d48578dca8b84bac6651c3cb9,09,,,,,False,,,,,,,,,,False,False
/poketool/pokegra/height.narc,/poketool/pokegra/height.narc!/member_00728,0,/poketool/pokegra/height.narc,404,728,,18572,18573,2712,2713,1,dc0e9c3658a1a3ed1ec94274d8b19925c93e1abb7ddba294923ad9bde30f8cb8,0f,,,,,False,,,,,,,,,,False,False
/poketool/pokegra/height.narc,/poketool/pokegra/height.narc!/member_00729,0,/poketool/pokegra/height.narc,404,729,,18576,18577,2716,2717,1,dc0e9c3658a1a3ed1ec94274d8b19925c93e1abb7ddba294923ad9bde30f8cb8,0f,,,,,False,,,,,,,,,,False,False
/poketool/pokegra/height.narc,/poketool/pokegra/height.narc!/member_00730,0,/poketool/pokegra/height.narc,404,730,,18580,18581,2720,2721,1,8f11b05da785e43e713d03774c6bd3405d99cd3024af334ffd68db663aa37034,17,,,,,False,,,,,,,,,,False,False
/poketool/pokegra/height.narc,/poketool/pokegra/height.narc!/member_00731,0,/poketool/pokegra/height.narc,404,731,,18584,18585,2724,2725,1,8f11b05da785e43e713d03774c6bd3405d99cd3024af334ffd68db663aa37034,17,,,,,False,,,,,,,,,,False,False
/poketool/pokegra/height.narc,/poketool/pokegra/height.narc!/member_00732,0,/poketool/pokegra/height.narc,404,732,,18588,18589,2728,2729,1,c555eab45d08845ae9f10d452a99bfcb06f74a50b988fe7e48dd323789b88ee3,10,,Nintendo LZ10,Probable,,True,Nintendo LZ10,Probable,True,,,,,,,False,False
/poketool/pokegra/height.narc,/poketool/pokegra/height.narc!/member_00733,0,/poketool/pokegra/height.narc,404,733,,18592,18593,2732,2733,1,c555eab45d08845ae9f10d452a99bfcb06f74a50b988fe7e48dd323789b88ee3,10,,Nintendo LZ10,Probable,,True,Nintendo LZ10,Probable,True,,,,,,,False,False
/poketool/pokegra/height.narc,/poketool/pokegra/height.narc!/member_00734,0,/poketool/pokegra/height.narc,404,734,,18596,18597,2736,2737,1,7cb7c4547cf2653590d7a9ace60cc623d25148adfbc88a89aeb0ef88da7839ba,16,,,,,False,,,,,,,,,,False,False
/poketool/pokegra/height.narc,/poketool/pokegra/height.narc!/member_00735,0,/poketool/pokegra/height.narc,404,735,,18600,18601,2740,2741,1,7cb7c4547cf2653590d7a9ace60cc623d25148adfbc88a89aeb0ef88da7839ba,16,,,,,False,,,,,,,,,,False,False
/poketool/pokegra/height.narc,/poketool/pokegra/height.narc!/member_00736,0,/poketool/pokegra/height.narc,404,736,,18604,18605,2744,2745,1,6e340b9cffb37a989ca544e6bb780a2c78901d3fb33738768511a30617afa01d,00,,,,,False,,,,,,,,,,False,False
/poketool/pokegra/height.narc,/poketool/pokegra/height.narc!/member_00737,0,/poketool/pokegra/height.narc,404,737,,18608,18609,2748,2749,1,6e340b9cffb37a989ca544e6bb780a2c78901d3fb33738768511a30617afa01d,00,,,,,False,,,,,,,,,,False,False
/poketool/pokegra/height.narc,/poketool/pokegra/height.narc!/member_00738,0,/poketool/pokegra/height.narc,404,738,,18612,18613,2752,2753,1,4a64a107f0cb32536e5bce6c98c393db21cca7f4ea187ba8c4dca8b51d4ea80a,11,,Nintendo LZ11,Probable,,True,Nintendo LZ11,Probable,True,,,,,,,False,False
/poketool/pokegra/height.narc,/poketool/pokegra/height.narc!/member_00739,0,/poketool/pokegra/height.narc,404,739,,18616,18617,2756,2757,1,4a64a107f0cb32536e5bce6c98c393db21cca7f4ea187ba8c4dca8b51d4ea80a,11,,Nintendo LZ11,Probable,,True,Nintendo LZ11,Probable,True,,,,,,,False,False
/poketool/pokegra/height.narc,/poketool/pokegra/height.narc!/member_00740,0,/poketool/pokegra/height.narc,404,740,,18620,18621,2760,2761,1,67586e98fad27da0b9968bc039a1ef34c939b9b8e523a8bef89d478608c5ecf6,06,,,,,False,,,,,,,,,,False,False
/poketool/pokegra/height.narc,/poketool/pokegra/height.narc!/member_00741,0,/poketool/pokegra/height.narc,404,741,,18624,18625,2764,2765,1,67586e98fad27da0b9968bc039a1ef34c939b9b8e523a8bef89d478608c5ecf6,06,,,,,False,,,,,,,,,,False,False
/poketool/pokegra/height.narc,/poketool/pokegra/height.narc!/member_00742,0,/poketool/pokegra/height.narc,404,742,,18628,18629,2768,2769,1,4d7b3ef7300acf70c892d8327db8272f54434adbc61a4e130a563cb59a0d0f47,0e,,,,,False,,,,,,,,,,False,False
/poketool/pokegra/height.narc,/poketool/pokegra/height.narc!/member_00743,0,/poketool/pokegra/height.narc,404,743,,18632,18633,2772,2773,1,4d7b3ef7300acf70c892d8327db8272f54434adbc61a4e130a563cb59a0d0f47,0e,,,,,False,,,,,,,,,,False,False
/poketool/pokegra/height.narc,/poketool/pokegra/height.narc!/member_00744,0,/poketool/pokegra/height.narc,404,744,,18636,18637,2776,2777,1,67586e98fad27da0b9968bc039a1ef34c939b9b8e523a8bef89d478608c5ecf6,06,,,,,False,,,,,,,,,,False,False
/poketool/pokegra/height.narc,/poketool/pokegra/height.narc!/member_00745,0,/poketool/pokegra/height.narc,404,745,,18640,18641,2780,2781,1,67586e98fad27da0b9968bc039a1ef34c939b9b8e523a8bef89d478608c5ecf6,06,,,,,False,,,,,,,,,,False,False
/poketool/pokegra/height.narc,/poketool/pokegra/height.narc!/member_00746,0,/poketool/pokegra/height.narc,404,746,,18644,18645,2784,2785,1,4d7b3ef7300acf70c892d8327db8272f54434adbc61a4e130a563cb59a0d0f47,0e,,,,,False,,,,,,,,,,False,False
/poketool/pokegra/height.narc,/poketool/pokegra/height.narc!/member_00747,0,/poketool/pokegra/height.narc,404,747,,18648,18649,2788,2789,1,4d7b3ef7300acf70c892d8327db8272f54434adbc61a4e130a563cb59a0d0f47,0e,,,,,False,,,,,,,,,,False,False
/poketool/pokegra/height.narc,/poketool/pokegra/height.narc!/member_00748,0,/poketool/pokegra/height.narc,404,748,,18652,18653,2792,2793,1,01ba4719c80b6fe911b091a7c05124b64eeece964e09c058ef8f9805daca546b,0a,,,,,False,,,,,,,,,,False,False
/poketool/pokegra/height.narc,/poketool/pokegra/height.narc!/member_00749,0,/poketool/pokegra/height.narc,404,749,,18656,18657,2796,2797,1,01ba4719c80b6fe911b091a7c05124b64eeece964e09c058ef8f9805daca546b,0a,,,,,False,,,,,,,,,,False,False
/poketool/pokegra/height.narc,/poketool/pokegra/height.narc!/member_00750,0,/poketool/pokegra/height.narc,404,750,,18660,18661,2800,2801,1,68aa2e2ee5dff96e3355e6c7ee373e3d6a4e17f75f9518d843709c0c9bc3e3d4,19,,,,,False,,,,,,,,,,False,False
/poketool/pokegra/height.narc,/poketool/pokegra/height.narc!/member_00751,0,/poketool/pokegra/height.narc,404,751,,18664,18665,2804,2805,1,68aa2e2ee5dff96e3355e6c7ee373e3d6a4e17f75f9518d843709c0c9bc3e3d4,19,,,,,False,,,,,,,,,,False,False
/poketool/pokegra/height.narc,/poketool/pokegra/height.narc!/member_00752,0,/poketool/pokegra/height.narc,404,752,,18668,18669,2808,2809,1,e52d9c508c502347344d8c07ad91cbd6068afc75ff6292f062a09ca381c89e71,04,,,,,False,,,,,,,,,,False,False
/poketool/pokegra/height.narc,/poketool/pokegra/height.narc!/member_00753,0,/poketool/pokegra/height.narc,404,753,,18672,18673,2812,2813,1,e52d9c508c502347344d8c07ad91cbd6068afc75ff6292f062a09ca381c89e71,04,,,,,False,,,,,,,,,,False,False
/poketool/pokegra/height.narc,/poketool/pokegra/height.narc!/member_00754,0,/poketool/pokegra/height.narc,404,754,,18676,18677,2816,2817,1,452ba1ddef80246c48be7690193c76c1d61185906be9401014fe14f1be64b74f,18,,,,,False,,,,,,,,,,False,False
/poketool/pokegra/height.narc,/poketool/pokegra/height.narc!/member_00755,0,/poketool/pokegra/height.narc,404,755,,18680,18681,2820,2821,1,452ba1ddef80246c48be7690193c76c1d61185906be9401014fe14f1be64b74f,18,,,,,False,,,,,,,,,,False,False
/poketool/pokegra/height.narc,/poketool/pokegra/height.narc!/member_00756,0,/poketool/pokegra/height.narc,404,756,,18684,18685,2824,2825,1,e52d9c508c502347344d8c07ad91cbd6068afc75ff6292f062a09ca381c89e71,04,,,,,False,,,,,,,,,,False,False
/poketool/pokegra/height.narc,/poketool/pokegra/height.narc!/member_00757,0,/poketool/pokegra/height.narc,404,757,,18688,18689,2828,2829,1,e52d9c508c502347344d8c07ad91cbd6068afc75ff6292f062a09ca381c89e71,04,,,,,False,,,,,,,,,,False,False
/poketool/pokegra/height.narc,/poketool/pokegra/height.narc!/member_00758,0,/poketool/pokegra/height.narc,404,758,,18692,18693,2832,2833,1,4d7b3ef7300acf70c892d8327db8272f54434adbc61a4e130a563cb59a0d0f47,0e,,,,,False,,,,,,,,,,False,False
/poketool/pokegra/height.narc,/poketool/pokegra/height.narc!/member_00759,0,/poketool/pokegra/height.narc,404,759,,18696,18697,2836,2837,1,4d7b3ef7300acf70c892d8327db8272f54434adbc61a4e130a563cb59a0d0f47,0e,,,,,False,,,,,,,,,,False,False
/poketool/pokegra/height.narc,/poketool/pokegra/height.narc!/member_00760,0,/poketool/pokegra/height.narc,404,760,,18700,18701,2840,2841,1,e52d9c508c502347344d8c07ad91cbd6068afc75ff6292f062a09ca381c89e71,04,,,,,False,,,,,,,,,,False,False
/poketool/pokegra/height.narc,/poketool/pokegra/height.narc!/member_00761,0,/poketool/pokegra/height.narc,404,761,,18704,18705,2844,2845,1,e52d9c508c502347344d8c07ad91cbd6068afc75ff6292f062a09ca381c89e71,04,,,,,False,,,,,,,,,,False,False
/poketool/pokegra/height.narc,/poketool/pokegra/height.narc!/member_00762,0,/poketool/pokegra/height.narc,404,762,,18708,18709,2848,2849,1,e7cf46a078fed4fafd0b5e3aff144802b853f8ae459a4f0c14add3314b7cc3a6,0b,,,,,False,,,,,,,,,,False,False
/poketool/pokegra/height.narc,/poketool/pokegra/height.narc!/member_00763,0,/poketool/pokegra/height.narc,404,763,,18712,18713,2852,2853,1,e7cf46a078fed4fafd0b5e3aff144802b853f8ae459a4f0c14add3314b7cc3a6,0b,,,,,False,,,,,,,,,,False,False
/poketool/pokegra/height.narc,/poketool/pokegra/height.narc!/member_00764,0,/poketool/pokegra/height.narc,404,764,,18716,18717,2856,2857,1,9d1e0e2d9459d06523ad13e28a4093c2316baafe7aec5b25f30eba2e113599c4,0d,,,,,False,,,,,,,,,,False,False
/poketool/pokegra/height.narc,/poketool/pokegra/height.narc!/member_00765,0,/poketool/pokegra/height.narc,404,765,,18720,18721,2860,2861,1,9d1e0e2d9459d06523ad13e28a4093c2316baafe7aec5b25f30eba2e113599c4,0d,,,,,False,,,,,,,,,,False,False
/poketool/pokegra/height.narc,/poketool/pokegra/height.narc!/member_00766,0,/poketool/pokegra/height.narc,404,766,,18724,18725,2864,2865,1,8f11b05da785e43e713d03774c6bd3405d99cd3024af334ffd68db663aa37034,17,,,,,False,,,,,,,,,,False,False
/poketool/pokegra/height.narc,/poketool/pokegra/height.narc!/member_00767,0,/poketool/pokegra/height.narc,404,767,,18728,18729,2868,2869,1,8f11b05da785e43e713d03774c6bd3405d99cd3024af334ffd68db663aa37034,17,,,,,False,,,,,,,,,,False,False
/poketool/pokegra/height.narc,/poketool/pokegra/height.narc!/member_00768,0,/poketool/pokegra/height.narc,404,768,,18732,18733,2872,2873,1,2b4c342f5433ebe591a1da77e013d1b72475562d48578dca8b84bac6651c3cb9,09,,,,,False,,,,,,,,,,False,False
/poketool/pokegra/height.narc,/poketool/pokegra/height.narc!/member_00769,0,/poketool/pokegra/height.narc,404,769,,18736,18737,2876,2877,1,2b4c342f5433ebe591a1da77e013d1b72475562d48578dca8b84bac6651c3cb9,09,,,,,False,,,,,,,,,,False,False
/poketool/pokegra/height.narc,/poketool/pokegra/height.narc!/member_00770,0,/poketool/pokegra/height.narc,404,770,,18740,18741,2880,2881,1,c555eab45d08845ae9f10d452a99bfcb06f74a50b988fe7e48dd323789b88ee3,10,,Nintendo LZ10,Probable,,True,Nintendo LZ10,Probable,True,,,,,,,False,False
/poketool/pokegra/height.narc,/poketool/pokegra/height.narc!/member_00771,0,/poketool/pokegra/height.narc,404,771,,18744,18745,2884,2885,1,c555eab45d08845ae9f10d452a99bfcb06f74a50b988fe7e48dd323789b88ee3,10,,Nintendo LZ10,Probable,,True,Nintendo LZ10,Probable,True,,,,,,,False,False
/poketool/pokegra/height.narc,/poketool/pokegra/height.narc!/member_00772,0,/poketool/pokegra/height.narc,404,772,,18748,18749,2888,2889,1,6e340b9cffb37a989ca544e6bb780a2c78901d3fb33738768511a30617afa01d,00,,,,,False,,,,,,,,,,False,False
/poketool/pokegra/height.narc,/poketool/pokegra/height.narc!/member_00773,0,/poketool/pokegra/height.narc,404,773,,18752,18753,2892,2893,1,6e340b9cffb37a989ca544e6bb780a2c78901d3fb33738768511a30617afa01d,00,,,,,False,,,,,,,,,,False,False
/poketool/pokegra/height.narc,/poketool/pokegra/height.narc!/member_00774,0,/poketool/pokegra/height.narc,404,774,,18756,18757,2896,2897,1,dc0e9c3658a1a3ed1ec94274d8b19925c93e1abb7ddba294923ad9bde30f8cb8,0f,,,,,False,,,,,,,,,,False,False
/poketool/pokegra/height.narc,/poketool/pokegra/height.narc!/member_00775,0,/poketool/pokegra/height.narc,404,775,,18760,18761,2900,2901,1,dc0e9c3658a1a3ed1ec94274d8b19925c93e1abb7ddba294923ad9bde30f8cb8,0f,,,,,False,,,,,,,,,,False,False
/poketool/pokegra/height.narc,/poketool/pokegra/height.narc!/member_00776,0,/poketool/pokegra/height.narc,404,776,,18764,18765,2904,2905,1,c555eab45d08845ae9f10d452a99bfcb06f74a50b988fe7e48dd323789b88ee3,10,,Nintendo LZ10,Probable,,True,Nintendo LZ10,Probable,True,,,,,,,False,False
/poketool/pokegra/height.narc,/poketool/pokegra/height.narc!/member_00777,0,/poketool/pokegra/height.narc,404,777,,18768,18769,2908,2909,1,c555eab45d08845ae9f10d452a99bfcb06f74a50b988fe7e48dd323789b88ee3,10,,Nintendo LZ10,Probable,,True,Nintendo LZ10,Probable,True,,,,,,,False,False
/poketool/pokegra/height.narc,/poketool/pokegra/height.narc!/member_00778,0,/poketool/pokegra/height.narc,404,778,,18772,18773,2912,2913,1,452ba1ddef80246c48be7690193c76c1d61185906be9401014fe14f1be64b74f,18,,,,,False,,,,,,,,,,False,False
/poketool/pokegra/height.narc,/poketool/pokegra/height.narc!/member_00779,0,/poketool/pokegra/height.narc,404,779,,18776,18777,2916,2917,1,452ba1ddef80246c48be7690193c76c1d61185906be9401014fe14f1be64b74f,18,,,,,False,,,,,,,,,,False,False
/poketool/pokegra/height.narc,/poketool/pokegra/height.narc!/member_00780,0,/poketool/pokegra/height.narc,404,780,,18780,18781,2920,2921,1,67586e98fad27da0b9968bc039a1ef34c939b9b8e523a8bef89d478608c5ecf6,06,,,,,False,,,,,,,,,,False,False
/poketool/pokegra/height.narc,/poketool/pokegra/height.narc!/member_00781,0,/poketool/pokegra/height.narc,404,781,,18784,18785,2924,2925,1,67586e98fad27da0b9968bc039a1ef34c939b9b8e523a8bef89d478608c5ecf6,06,,,,,False,,,,,,,,,,False,False
/poketool/pokegra/height.narc,/poketool/pokegra/height.narc!/member_00782,0,/poketool/pokegra/height.narc,404,782,,18788,18789,2928,2929,1,ef6cbd2161eaea7943ce8693b9824d23d1793ffb1c0fca05b600d3899b44c977,0c,,,,,False,,,,,,,,,,False,False
/poketool/pokegra/height.narc,/poketool/pokegra/height.narc!/member_00783,0,/poketool/pokegra/height.narc,404,783,,18792,18793,2932,2933,1,ef6cbd2161eaea7943ce8693b9824d23d1793ffb1c0fca05b600d3899b44c977,0c,,,,,False,,,,,,,,,,False,False
/poketool/pokegra/height.narc,/poketool/pokegra/height.narc!/member_00784,0,/poketool/pokegra/height.narc,404,784,,18796,18797,2936,2937,1,beead77994cf573341ec17b58bbf7eb34d2711c993c1d976b128b3188dc1829a,08,,,,,False,,,,,,,,,,False,False
/poketool/pokegra/height.narc,/poketool/pokegra/height.narc!/member_00785,0,/poketool/pokegra/height.narc,404,785,,18800,18801,2940,2941,1,beead77994cf573341ec17b58bbf7eb34d2711c993c1d976b128b3188dc1829a,08,,,,,False,,,,,,,,,,False,False
/poketool/pokegra/height.narc,/poketool/pokegra/height.narc!/member_00786,0,/poketool/pokegra/height.narc,404,786,,18804,18805,2944,2945,1,9d1e0e2d9459d06523ad13e28a4093c2316baafe7aec5b25f30eba2e113599c4,0d,,,,,False,,,,,,,,,,False,False
/poketool/pokegra/height.narc,/poketool/pokegra/height.narc!/member_00787,0,/poketool/pokegra/height.narc,404,787,,18808,18809,2948,2949,1,9d1e0e2d9459d06523ad13e28a4093c2316baafe7aec5b25f30eba2e113599c4,0d,,,,,False,,,,,,,,,,False,False
/poketool/pokegra/height.narc,/poketool/pokegra/height.narc!/member_00788,0,/poketool/pokegra/height.narc,404,788,,18812,18813,2952,2953,1,084fed08b978af4d7d196a7446a86b58009e636b611db16211b65a9aadff29c5,03,,,,,False,,,,,,,,,,False,False
/poketool/pokegra/height.narc,/poketool/pokegra/height.narc!/member_00789,0,/poketool/pokegra/height.narc,404,789,,18816,18817,2956,2957,1,084fed08b978af4d7d196a7446a86b58009e636b611db16211b65a9aadff29c5,03,,,,,False,,,,,,,,,,False,False
/poketool/pokegra/height.narc,/poketool/pokegra/height.narc!/member_00790,0,/poketool/pokegra/height.narc,404,790,,18820,18821,2960,2961,1,4d7b3ef7300acf70c892d8327db8272f54434adbc61a4e130a563cb59a0d0f47,0e,,,,,False,,,,,,,,,,False,False
/poketool/pokegra/height.narc,/poketool/pokegra/height.narc!/member_00791,0,/poketool/pokegra/height.narc,404,791,,18824,18825,2964,2965,1,4d7b3ef7300acf70c892d8327db8272f54434adbc61a4e130a563cb59a0d0f47,0e,,,,,False,,,,,,,,,,False,False
/poketool/pokegra/height.narc,/poketool/pokegra/height.narc!/member_00792,0,/poketool/pokegra/height.narc,404,792,,18828,18829,2968,2969,1,ef6cbd2161eaea7943ce8693b9824d23d1793ffb1c0fca05b600d3899b44c977,0c,,,,,False,,,,,,,,,,False,False
/poketool/pokegra/height.narc,/poketool/pokegra/height.narc!/member_00793,0,/poketool/pokegra/height.narc,404,793,,18832,18833,2972,2973,1,ef6cbd2161eaea7943ce8693b9824d23d1793ffb1c0fca05b600d3899b44c977,0c,,,,,False,,,,,,,,,,False,False
/poketool/pokegra/height.narc,/poketool/pokegra/height.narc!/member_00794,0,/poketool/pokegra/height.narc,404,794,,18836,18837,2976,2977,1,ab897fbdedfa502b2d839b6a56100887dccdc507555c282e59589e06300a62e2,13,,,,,False,,,,,,,,,,False,False
/poketool/pokegra/height.narc,/poketool/pokegra/height.narc!/member_00795,0,/poketool/pokegra/height.narc,404,795,,18840,18841,2980,2981,1,ab897fbdedfa502b2d839b6a56100887dccdc507555c282e59589e06300a62e2,13,,,,,False,,,,,,,,,,False,False
/poketool/pokegra/height.narc,/poketool/pokegra/height.narc!/member_00796,0,/poketool/pokegra/height.narc,404,796,,18844,18845,2984,2985,1,e52d9c508c502347344d8c07ad91cbd6068afc75ff6292f062a09ca381c89e71,04,,,,,False,,,,,,,,,,False,False
/poketool/pokegra/height.narc,/poketool/pokegra/height.narc!/member_00797,0,/poketool/pokegra/height.narc,404,797,,18848,18849,2988,2989,1,e52d9c508c502347344d8c07ad91cbd6068afc75ff6292f062a09ca381c89e71,04,,,,,False,,,,,,,,,,False,False
/poketool/pokegra/height.narc,/poketool/pokegra/height.narc!/member_00798,0,/poketool/pokegra/height.narc,404,798,,18852,18853,2992,2993,1,67586e98fad27da0b9968bc039a1ef34c939b9b8e523a8bef89d478608c5ecf6,06,,,,,False,,,,,,,,,,False,False
/poketool/pokegra/height.narc,/poketool/pokegra/height.narc!/member_00799,0,/poketool/pokegra/height.narc,404,799,,18856,18857,2996,2997,1,67586e98fad27da0b9968bc039a1ef34c939b9b8e523a8bef89d478608c5ecf6,06,,,,,False,,,,,,,,,,False,False
/poketool/pokegra/height.narc,/poketool/pokegra/height.narc!/member_00800,0,/poketool/pokegra/height.narc,404,800,,18860,18861,3000,3001,1,e7cf46a078fed4fafd0b5e3aff144802b853f8ae459a4f0c14add3314b7cc3a6,0b,,,,,False,,,,,,,,,,False,False
/poketool/pokegra/height.narc,/poketool/pokegra/height.narc!/member_00801,0,/poketool/pokegra/height.narc,404,801,,18864,18865,3004,3005,1,e7cf46a078fed4fafd0b5e3aff144802b853f8ae459a4f0c14add3314b7cc3a6,0b,,,,,False,,,,,,,,,,False,False
/poketool/pokegra/height.narc,/poketool/pokegra/height.narc!/member_00802,0,/poketool/pokegra/height.narc,404,802,,18868,18869,3008,3009,1,e7cf46a078fed4fafd0b5e3aff144802b853f8ae459a4f0c14add3314b7cc3a6,0b,,,,,False,,,,,,,,,,False,False
/poketool/pokegra/height.narc,/poketool/pokegra/height.narc!/member_00803,0,/poketool/pokegra/height.narc,404,803,,18872,18873,3012,3013,1,e7cf46a078fed4fafd0b5e3aff144802b853f8ae459a4f0c14add3314b7cc3a6,0b,,,,,False,,,,,,,,,,False,False
/poketool/pokegra/height.narc,/poketool/pokegra/height.narc!/member_00804,0,/poketool/pokegra/height.narc,404,804,,18876,18876,3016,3016,0,e3b0c44298fc1c149afbf4c8996fb92427ae41e4649b934ca495991b7852b855,,,,,,False,,,,,,,,,,False,False
/poketool/pokegra/height.narc,/poketool/pokegra/height.narc!/member_00805,0,/poketool/pokegra/height.narc,404,805,,18876,18877,3016,3017,1,c555eab45d08845ae9f10d452a99bfcb06f74a50b988fe7e48dd323789b88ee3,10,,Nintendo LZ10,Probable,,True,Nintendo LZ10,Probable,True,,,,,,,False,False
/poketool/pokegra/height.narc,/poketool/pokegra/height.narc!/member_00806,0,/poketool/pokegra/height.narc,404,806,,18880,18880,3020,3020,0,e3b0c44298fc1c149afbf4c8996fb92427ae41e4649b934ca495991b7852b855,,,,,,False,,,,,,,,,,False,False
/poketool/pokegra/height.narc,/poketool/pokegra/height.narc!/member_00807,0,/poketool/pokegra/height.narc,404,807,,18880,18881,3020,3021,1,8f11b05da785e43e713d03774c6bd3405d99cd3024af334ffd68db663aa37034,17,,,,,False,,,,,,,,,,False,False
/poketool/pokegra/height.narc,/poketool/pokegra/height.narc!/member_00808,0,/poketool/pokegra/height.narc,404,808,,18884,18885,3024,3025,1,ef6cbd2161eaea7943ce8693b9824d23d1793ffb1c0fca05b600d3899b44c977,0c,,,,,False,,,,,,,,,,False,False
/poketool/pokegra/height.narc,/poketool/pokegra/height.narc!/member_00809,0,/poketool/pokegra/height.narc,404,809,,18888,18889,3028,3029,1,ef6cbd2161eaea7943ce8693b9824d23d1793ffb1c0fca05b600d3899b44c977,0c,,,,,False,,,,,,,,,,False,False
/poketool/pokegra/height.narc,/poketool/pokegra/height.narc!/member_00810,0,/poketool/pokegra/height.narc,404,810,,18892,18893,3032,3033,1,4d7b3ef7300acf70c892d8327db8272f54434adbc61a4e130a563cb59a0d0f47,0e,,,,,False,,,,,,,,,,False,False
/poketool/pokegra/height.narc,/poketool/pokegra/height.narc!/member_00811,0,/poketool/pokegra/height.narc,404,811,,18896,18897,3036,3037,1,4d7b3ef7300acf70c892d8327db8272f54434adbc61a4e130a563cb59a0d0f47,0e,,,,,False,,,,,,,,,,False,False
/poketool/pokegra/height.narc,/poketool/pokegra/height.narc!/member_00812,0,/poketool/pokegra/height.narc,404,812,,18900,18901,3040,3041,1,4bf5122f344554c53bde2ebb8cd2b7e3d1600ad631c385a5d7cce23c7785459a,01,,,,,False,,,,,,,,,,False,False
/poketool/pokegra/height.narc,/poketool/pokegra/height.narc!/member_00813,0,/poketool/pokegra/height.narc,404,813,,18904,18905,3044,3045,1,4bf5122f344554c53bde2ebb8cd2b7e3d1600ad631c385a5d7cce23c7785459a,01,,,,,False,,,,,,,,,,False,False
/poketool/pokegra/height.narc,/poketool/pokegra/height.narc!/member_00814,0,/poketool/pokegra/height.narc,404,814,,18908,18909,3048,3049,1,e77b9a9ae9e30b0dbdb6f510a264ef9de781501d7b6b92ae89eb059c5ab743db,05,,,,,False,,,,,,,,,,False,False
/poketool/pokegra/height.narc,/poketool/pokegra/height.narc!/member_00815,0,/poketool/pokegra/height.narc,404,815,,18912,18913,3052,3053,1,e77b9a9ae9e30b0dbdb6f510a264ef9de781501d7b6b92ae89eb059c5ab743db,05,,,,,False,,,,,,,,,,False,False
/poketool/pokegra/height.narc,/poketool/pokegra/height.narc!/member_00816,0,/poketool/pokegra/height.narc,404,816,,18916,18917,3056,3057,1,c555eab45d08845ae9f10d452a99bfcb06f74a50b988fe7e48dd323789b88ee3,10,,Nintendo LZ10,Probable,,True,Nintendo LZ10,Probable,True,,,,,,,False,False
/poketool/pokegra/height.narc,/poketool/pokegra/height.narc!/member_00817,0,/poketool/pokegra/height.narc,404,817,,18920,18921,3060,3061,1,c555eab45d08845ae9f10d452a99bfcb06f74a50b988fe7e48dd323789b88ee3,10,,Nintendo LZ10,Probable,,True,Nintendo LZ10,Probable,True,,,,,,,False,False
/poketool/pokegra/height.narc,/poketool/pokegra/height.narc!/member_00818,0,/poketool/pokegra/height.narc,404,818,,18924,18925,3064,3065,1,83891d7fe85c33e52c8b4e5814c92fb6a3b9467299200538a6babaa8b452d879,14,,,,,False,,,,,,,,,,False,False
/poketool/pokegra/height.narc,/poketool/pokegra/height.narc!/member_00819,0,/poketool/pokegra/height.narc,404,819,,18928,18929,3068,3069,1,83891d7fe85c33e52c8b4e5814c92fb6a3b9467299200538a6babaa8b452d879,14,,,,,False,,,,,,,,,,False,False
/poketool/pokegra/height.narc,/poketool/pokegra/height.narc!/member_00820,0,/poketool/pokegra/height.narc,404,820,,18932,18933,3072,3073,1,83891d7fe85c33e52c8b4e5814c92fb6a3b9467299200538a6babaa8b452d879,14,,,,,False,,,,,,,,,,False,False
/poketool/pokegra/height.narc,/poketool/pokegra/height.narc!/member_00821,0,/poketool/pokegra/height.narc,404,821,,18936,18937,3076,3077,1,83891d7fe85c33e52c8b4e5814c92fb6a3b9467299200538a6babaa8b452d879,14,,,,,False,,,,,,,,,,False,False
/poketool/pokegra/height.narc,/poketool/pokegra/height.narc!/member_00822,0,/poketool/pokegra/height.narc,404,822,,18940,18941,3080,3081,1,4a64a107f0cb32536e5bce6c98c393db21cca7f4ea187ba8c4dca8b51d4ea80a,11,,Nintendo LZ11,Probable,,True,Nintendo LZ11,Probable,True,,,,,,,False,False
/poketool/pokegra/height.narc,/poketool/pokegra/height.narc!/member_00823,0,/poketool/pokegra/height.narc,404,823,,18944,18945,3084,3085,1,4a64a107f0cb32536e5bce6c98c393db21cca7f4ea187ba8c4dca8b51d4ea80a,11,,Nintendo LZ11,Probable,,True,Nintendo LZ11,Probable,True,,,,,,,False,False
/poketool/pokegra/height.narc,/poketool/pokegra/height.narc!/member_00824,0,/poketool/pokegra/height.narc,404,824,,18948,18949,3088,3089,1,2f0fd1e89b8de1d57292742ec380ea47066e307ad645f5bc3adad8a06ff58608,15,,,,,False,,,,,,,,,,False,False
/poketool/pokegra/height.narc,/poketool/pokegra/height.narc!/member_00825,0,/poketool/pokegra/height.narc,404,825,,18952,18953,3092,3093,1,2f0fd1e89b8de1d57292742ec380ea47066e307ad645f5bc3adad8a06ff58608,15,,,,,False,,,,,,,,,,False,False
/poketool/pokegra/height.narc,/poketool/pokegra/height.narc!/member_00826,0,/poketool/pokegra/height.narc,404,826,,18956,18957,3096,3097,1,c555eab45d08845ae9f10d452a99bfcb06f74a50b988fe7e48dd323789b88ee3,10,,Nintendo LZ10,Probable,,True,Nintendo LZ10,Probable,True,,,,,,,False,False
/poketool/pokegra/height.narc,/poketool/pokegra/height.narc!/member_00827,0,/poketool/pokegra/height.narc,404,827,,18960,18961,3100,3101,1,c555eab45d08845ae9f10d452a99bfcb06f74a50b988fe7e48dd323789b88ee3,10,,Nintendo LZ10,Probable,,True,Nintendo LZ10,Probable,True,,,,,,,False,False
/poketool/pokegra/height.narc,/poketool/pokegra/height.narc!/member_00828,0,/poketool/pokegra/height.narc,404,828,,18964,18965,3104,3105,1,6e340b9cffb37a989ca544e6bb780a2c78901d3fb33738768511a30617afa01d,00,,,,,False,,,,,,,,,,False,False
/poketool/pokegra/height.narc,/poketool/pokegra/height.narc!/member_00829,0,/poketool/pokegra/height.narc,404,829,,18968,18969,3108,3109,1,6e340b9cffb37a989ca544e6bb780a2c78901d3fb33738768511a30617afa01d,00,,,,,False,,,,,,,,,,False,False
/poketool/pokegra/height.narc,/poketool/pokegra/height.narc!/member_00830,0,/poketool/pokegra/height.narc,404,830,,18972,18973,3112,3113,1,9d1e0e2d9459d06523ad13e28a4093c2316baafe7aec5b25f30eba2e113599c4,0d,,,,,False,,,,,,,,,,False,False
/poketool/pokegra/height.narc,/poketool/pokegra/height.narc!/member_00831,0,/poketool/pokegra/height.narc,404,831,,18976,18977,3116,3117,1,e7cf46a078fed4fafd0b5e3aff144802b853f8ae459a4f0c14add3314b7cc3a6,0b,,,,,False,,,,,,,,,,False,False
/poketool/pokegra/height.narc,/poketool/pokegra/height.narc!/member_00832,0,/poketool/pokegra/height.narc,404,832,,18980,18981,3120,3121,1,6e340b9cffb37a989ca544e6bb780a2c78901d3fb33738768511a30617afa01d,00,,,,,False,,,,,,,,,,False,False
/poketool/pokegra/height.narc,/poketool/pokegra/height.narc!/member_00833,0,/poketool/pokegra/height.narc,404,833,,18984,18985,3124,3125,1,6e340b9cffb37a989ca544e6bb780a2c78901d3fb33738768511a30617afa01d,00,,,,,False,,,,,,,,,,False,False
/poketool/pokegra/height.narc,/poketool/pokegra/height.narc!/member_00834,0,/poketool/pokegra/height.narc,404,834,,18988,18989,3128,3129,1,ca358758f6d27e6cf45272937977a748fd88391db679ceda7dc7bf1f005ee879,07,,,,,False,,,,,,,,,,False,False
/poketool/pokegra/height.narc,/poketool/pokegra/height.narc!/member_00835,0,/poketool/pokegra/height.narc,404,835,,18992,18993,3132,3133,1,ca358758f6d27e6cf45272937977a748fd88391db679ceda7dc7bf1f005ee879,07,,,,,False,,,,,,,,,,False,False
/poketool/pokegra/height.narc,/poketool/pokegra/height.narc!/member_00836,0,/poketool/pokegra/height.narc,404,836,,18996,18997,3136,3137,1,4a64a107f0cb32536e5bce6c98c393db21cca7f4ea187ba8c4dca8b51d4ea80a,11,,Nintendo LZ11,Probable,,True,Nintendo LZ11,Probable,True,,,,,,,False,False
/poketool/pokegra/height.narc,/poketool/pokegra/height.narc!/member_00837,0,/poketool/pokegra/height.narc,404,837,,19000,19001,3140,3141,1,4a64a107f0cb32536e5bce6c98c393db21cca7f4ea187ba8c4dca8b51d4ea80a,11,,Nintendo LZ11,Probable,,True,Nintendo LZ11,Probable,True,,,,,,,False,False
/poketool/pokegra/height.narc,/poketool/pokegra/height.narc!/member_00838,0,/poketool/pokegra/height.narc,404,838,,19004,19005,3144,3145,1,ab897fbdedfa502b2d839b6a56100887dccdc507555c282e59589e06300a62e2,13,,,,,False,,,,,,,,,,False,False
/poketool/pokegra/height.narc,/poketool/pokegra/height.narc!/member_00839,0,/poketool/pokegra/height.narc,404,839,,19008,19009,3148,3149,1,ab897fbdedfa502b2d839b6a56100887dccdc507555c282e59589e06300a62e2,13,,,,,False,,,,,,,,,,False,False
/poketool/pokegra/height.narc,/poketool/pokegra/height.narc!/member_00840,0,/poketool/pokegra/height.narc,404,840,,19012,19013,3152,3153,1,01ba4719c80b6fe911b091a7c05124b64eeece964e09c058ef8f9805daca546b,0a,,,,,False,,,,,,,,,,False,False
/poketool/pokegra/height.narc,/poketool/pokegra/height.narc!/member_00841,0,/poketool/pokegra/height.narc,404,841,,19016,19017,3156,3157,1,01ba4719c80b6fe911b091a7c05124b64eeece964e09c058ef8f9805daca546b,0a,,,,,False,,,,,,,,,,False,False
/poketool/pokegra/height.narc,/poketool/pokegra/height.narc!/member_00842,0,/poketool/pokegra/height.narc,404,842,,19020,19021,3160,3161,1,9d1e0e2d9459d06523ad13e28a4093c2316baafe7aec5b25f30eba2e113599c4,0d,,,,,False,,,,,,,,,,False,False
/poketool/pokegra/height.narc,/poketool/pokegra/height.narc!/member_00843,0,/poketool/pokegra/height.narc,404,843,,19024,19025,3164,3165,1,9d1e0e2d9459d06523ad13e28a4093c2316baafe7aec5b25f30eba2e113599c4,0d,,,,,False,,,,,,,,,,False,False
/poketool/pokegra/height.narc,/poketool/pokegra/height.narc!/member_00844,0,/poketool/pokegra/height.narc,404,844,,19028,19029,3168,3169,1,beead77994cf573341ec17b58bbf7eb34d2711c993c1d976b128b3188dc1829a,08,,,,,False,,,,,,,,,,False,False
/poketool/pokegra/height.narc,/poketool/pokegra/height.narc!/member_00845,0,/poketool/pokegra/height.narc,404,845,,19032,19033,3172,3173,1,beead77994cf573341ec17b58bbf7eb34d2711c993c1d976b128b3188dc1829a,08,,,,,False,,,,,,,,,,False,False
/poketool/pokegra/height.narc,/poketool/pokegra/height.narc!/member_00846,0,/poketool/pokegra/height.narc,404,846,,19036,19037,3176,3177,1,83891d7fe85c33e52c8b4e5814c92fb6a3b9467299200538a6babaa8b452d879,14,,,,,False,,,,,,,,,,False,False
/poketool/pokegra/height.narc,/poketool/pokegra/height.narc!/member_00847,0,/poketool/pokegra/height.narc,404,847,,19040,19041,3180,3181,1,83891d7fe85c33e52c8b4e5814c92fb6a3b9467299200538a6babaa8b452d879,14,,,,,False,,,,,,,,,,False,False
/poketool/pokegra/height.narc,/poketool/pokegra/height.narc!/member_00848,0,/poketool/pokegra/height.narc,404,848,,19044,19045,3184,3185,1,67586e98fad27da0b9968bc039a1ef34c939b9b8e523a8bef89d478608c5ecf6,06,,,,,False,,,,,,,,,,False,False
/poketool/pokegra/height.narc,/poketool/pokegra/height.narc!/member_00849,0,/poketool/pokegra/height.narc,404,849,,19048,19049,3188,3189,1,67586e98fad27da0b9968bc039a1ef34c939b9b8e523a8bef89d478608c5ecf6,06,,,,,False,,,,,,,,,,False,False
/poketool/pokegra/height.narc,/poketool/pokegra/height.narc!/member_00850,0,/poketool/pokegra/height.narc,404,850,,19052,19053,3192,3193,1,4bf5122f344554c53bde2ebb8cd2b7e3d1600ad631c385a5d7cce23c7785459a,01,,,,,False,,,,,,,,,,False,False
/poketool/pokegra/height.narc,/poketool/pokegra/height.narc!/member_00851,0,/poketool/pokegra/height.narc,404,851,,19056,19057,3196,3197,1,4bf5122f344554c53bde2ebb8cd2b7e3d1600ad631c385a5d7cce23c7785459a,01,,,,,False,,,,,,,,,,False,False
/poketool/pokegra/height.narc,/poketool/pokegra/height.narc!/member_00852,0,/poketool/pokegra/height.narc,404,852,,19060,19061,3200,3201,1,4d7b3ef7300acf70c892d8327db8272f54434adbc61a4e130a563cb59a0d0f47,0e,,,,,False,,,,,,,,,,False,False
/poketool/pokegra/height.narc,/poketool/pokegra/height.narc!/member_00853,0,/poketool/pokegra/height.narc,404,853,,19064,19065,3204,3205,1,4d7b3ef7300acf70c892d8327db8272f54434adbc61a4e130a563cb59a0d0f47,0e,,,,,False,,,,,,,,,,False,False
/poketool/pokegra/height.narc,/poketool/pokegra/height.narc!/member_00854,0,/poketool/pokegra/height.narc,404,854,,19068,19069,3208,3209,1,ab897fbdedfa502b2d839b6a56100887dccdc507555c282e59589e06300a62e2,13,,,,,False,,,,,,,,,,False,False
/poketool/pokegra/height.narc,/poketool/pokegra/height.narc!/member_00855,0,/poketool/pokegra/height.narc,404,855,,19072,19073,3212,3213,1,ab897fbdedfa502b2d839b6a56100887dccdc507555c282e59589e06300a62e2,13,,,,,False,,,,,,,,,,False,False
/poketool/pokegra/height.narc,/poketool/pokegra/height.narc!/member_00856,0,/poketool/pokegra/height.narc,404,856,,19076,19077,3216,3217,1,084fed08b978af4d7d196a7446a86b58009e636b611db16211b65a9aadff29c5,03,,,,,False,,,,,,,,,,False,False
/poketool/pokegra/height.narc,/poketool/pokegra/height.narc!/member_00857,0,/poketool/pokegra/height.narc,404,857,,19080,19081,3220,3221,1,084fed08b978af4d7d196a7446a86b58009e636b611db16211b65a9aadff29c5,03,,,,,False,,,,,,,,,,False,False
/poketool/pokegra/height.narc,/poketool/pokegra/height.narc!/member_00858,0,/poketool/pokegra/height.narc,404,858,,19084,19085,3224,3225,1,9d1e0e2d9459d06523ad13e28a4093c2316baafe7aec5b25f30eba2e113599c4,0d,,,,,False,,,,,,,,,,False,False
/poketool/pokegra/height.narc,/poketool/pokegra/height.narc!/member_00859,0,/poketool/pokegra/height.narc,404,859,,19088,19089,3228,3229,1,9d1e0e2d9459d06523ad13e28a4093c2316baafe7aec5b25f30eba2e113599c4,0d,,,,,False,,,,,,,,,,False,False
/poketool/pokegra/height.narc,/poketool/pokegra/height.narc!/member_00860,0,/poketool/pokegra/height.narc,404,860,,19092,19093,3232,3233,1,084fed08b978af4d7d196a7446a86b58009e636b611db16211b65a9aadff29c5,03,,,,,False,,,,,,,,,,False,False
/poketool/pokegra/height.narc,/poketool/pokegra/height.narc!/member_00861,0,/poketool/pokegra/height.narc,404,861,,19096,19097,3236,3237,1,084fed08b978af4d7d196a7446a86b58009e636b611db16211b65a9aadff29c5,03,,,,,False,,,,,,,,,,False,False
/poketool/pokegra/height.narc,/poketool/pokegra/height.narc!/member_00862,0,/poketool/pokegra/height.narc,404,862,,19100,19101,3240,3241,1,2b4c342f5433ebe591a1da77e013d1b72475562d48578dca8b84bac6651c3cb9,09,,,,,False,,,,,,,,,,False,False
/poketool/pokegra/height.narc,/poketool/pokegra/height.narc!/member_00863,0,/poketool/pokegra/height.narc,404,863,,19104,19105,3244,3245,1,2b4c342f5433ebe591a1da77e013d1b72475562d48578dca8b84bac6651c3cb9,09,,,,,False,,,,,,,,,,False,False
/poketool/pokegra/height.narc,/poketool/pokegra/height.narc!/member_00864,0,/poketool/pokegra/height.narc,404,864,,19108,19109,3248,3249,1,e7cf46a078fed4fafd0b5e3aff144802b853f8ae459a4f0c14add3314b7cc3a6,0b,,,,,False,,,,,,,,,,False,False
/poketool/pokegra/height.narc,/poketool/pokegra/height.narc!/member_00865,0,/poketool/pokegra/height.narc,404,865,,19112,19113,3252,3253,1,e7cf46a078fed4fafd0b5e3aff144802b853f8ae459a4f0c14add3314b7cc3a6,0b,,,,,False,,,,,,,,,,False,False
/poketool/pokegra/height.narc,/poketool/pokegra/height.narc!/member_00866,0,/poketool/pokegra/height.narc,404,866,,19116,19117,3256,3257,1,7cb7c4547cf2653590d7a9ace60cc623d25148adfbc88a89aeb0ef88da7839ba,16,,,,,False,,,,,,,,,,False,False
/poketool/pokegra/height.narc,/poketool/pokegra/height.narc!/member_00867,0,/poketool/pokegra/height.narc,404,867,,19120,19121,3260,3261,1,7cb7c4547cf2653590d7a9ace60cc623d25148adfbc88a89aeb0ef88da7839ba,16,,,,,False,,,,,,,,,,False,False
/poketool/pokegra/height.narc,/poketool/pokegra/height.narc!/member_00868,0,/poketool/pokegra/height.narc,404,868,,19124,19125,3264,3265,1,084fed08b978af4d7d196a7446a86b58009e636b611db16211b65a9aadff29c5,03,,,,,False,,,,,,,,,,False,False
/poketool/pokegra/height.narc,/poketool/pokegra/height.narc!/member_00869,0,/poketool/pokegra/height.narc,404,869,,19128,19129,3268,3269,1,084fed08b978af4d7d196a7446a86b58009e636b611db16211b65a9aadff29c5,03,,,,,False,,,,,,,,,,False,False
/poketool/pokegra/height.narc,/poketool/pokegra/height.narc!/member_00870,0,/poketool/pokegra/height.narc,404,870,,19132,19133,3272,3273,1,ca358758f6d27e6cf45272937977a748fd88391db679ceda7dc7bf1f005ee879,07,,,,,False,,,,,,,,,,False,False
/poketool/pokegra/height.narc,/poketool/pokegra/height.narc!/member_00871,0,/poketool/pokegra/height.narc,404,871,,19136,19137,3276,3277,1,ca358758f6d27e6cf45272937977a748fd88391db679ceda7dc7bf1f005ee879,07,,,,,False,,,,,,,,,,False,False
/poketool/pokegra/height.narc,/poketool/pokegra/height.narc!/member_00872,0,/poketool/pokegra/height.narc,404,872,,19140,19141,3280,3281,1,beead77994cf573341ec17b58bbf7eb34d2711c993c1d976b128b3188dc1829a,08,,,,,False,,,,,,,,,,False,False
/poketool/pokegra/height.narc,/poketool/pokegra/height.narc!/member_00873,0,/poketool/pokegra/height.narc,404,873,,19144,19145,3284,3285,1,beead77994cf573341ec17b58bbf7eb34d2711c993c1d976b128b3188dc1829a,08,,,,,False,,,,,,,,,,False,False
/poketool/pokegra/height.narc,/poketool/pokegra/height.narc!/member_00874,0,/poketool/pokegra/height.narc,404,874,,19148,19149,3288,3289,1,ab897fbdedfa502b2d839b6a56100887dccdc507555c282e59589e06300a62e2,13,,,,,False,,,,,,,,,,False,False
/poketool/pokegra/height.narc,/poketool/pokegra/height.narc!/member_00875,0,/poketool/pokegra/height.narc,404,875,,19152,19153,3292,3293,1,ab897fbdedfa502b2d839b6a56100887dccdc507555c282e59589e06300a62e2,13,,,,,False,,,,,,,,,,False,False
/poketool/pokegra/height.narc,/poketool/pokegra/height.narc!/member_00876,0,/poketool/pokegra/height.narc,404,876,,19156,19157,3296,3297,1,2b4c342f5433ebe591a1da77e013d1b72475562d48578dca8b84bac6651c3cb9,09,,,,,False,,,,,,,,,,False,False
/poketool/pokegra/height.narc,/poketool/pokegra/height.narc!/member_00877,0,/poketool/pokegra/height.narc,404,877,,19160,19161,3300,3301,1,2b4c342f5433ebe591a1da77e013d1b72475562d48578dca8b84bac6651c3cb9,09,,,,,False,,,,,,,,,,False,False
/poketool/pokegra/height.narc,/poketool/pokegra/height.narc!/member_00878,0,/poketool/pokegra/height.narc,404,878,,19164,19165,3304,3305,1,4d7b3ef7300acf70c892d8327db8272f54434adbc61a4e130a563cb59a0d0f47,0e,,,,,False,,,,,,,,,,False,False
/poketool/pokegra/height.narc,/poketool/pokegra/height.narc!/member_00879,0,/poketool/pokegra/height.narc,404,879,,19168,19169,3308,3309,1,4d7b3ef7300acf70c892d8327db8272f54434adbc61a4e130a563cb59a0d0f47,0e,,,,,False,,,,,,,,,,False,False
/poketool/pokegra/height.narc,/poketool/pokegra/height.narc!/member_00880,0,/poketool/pokegra/height.narc,404,880,,19172,19173,3312,3313,1,8f11b05da785e43e713d03774c6bd3405d99cd3024af334ffd68db663aa37034,17,,,,,False,,,,,,,,,,False,False
/poketool/pokegra/height.narc,/poketool/pokegra/height.narc!/member_00881,0,/poketool/pokegra/height.narc,404,881,,19176,19177,3316,3317,1,8f11b05da785e43e713d03774c6bd3405d99cd3024af334ffd68db663aa37034,17,,,,,False,,,,,,,,,,False,False
/poketool/pokegra/height.narc,/poketool/pokegra/height.narc!/member_00882,0,/poketool/pokegra/height.narc,404,882,,19180,19181,3320,3321,1,77adfc95029e73b173f60e556f915b0cd8850848111358b1c370fb7c154e61fd,1b,,,,,False,,,,,,,,,,False,False
/poketool/pokegra/height.narc,/poketool/pokegra/height.narc!/member_00883,0,/poketool/pokegra/height.narc,404,883,,19184,19185,3324,3325,1,77adfc95029e73b173f60e556f915b0cd8850848111358b1c370fb7c154e61fd,1b,,,,,False,,,,,,,,,,False,False
/poketool/pokegra/height.narc,/poketool/pokegra/height.narc!/member_00884,0,/poketool/pokegra/height.narc,404,884,,19188,19189,3328,3329,1,01ba4719c80b6fe911b091a7c05124b64eeece964e09c058ef8f9805daca546b,0a,,,,,False,,,,,,,,,,False,False
/poketool/pokegra/height.narc,/poketool/pokegra/height.narc!/member_00885,0,/poketool/pokegra/height.narc,404,885,,19192,19193,3332,3333,1,01ba4719c80b6fe911b091a7c05124b64eeece964e09c058ef8f9805daca546b,0a,,,,,False,,,,,,,,,,False,False
/poketool/pokegra/height.narc,/poketool/pokegra/height.narc!/member_00886,0,/poketool/pokegra/height.narc,404,886,,19196,19197,3336,3337,1,4d7b3ef7300acf70c892d8327db8272f54434adbc61a4e130a563cb59a0d0f47,0e,,,,,False,,,,,,,,,,False,False
/poketool/pokegra/height.narc,/poketool/pokegra/height.narc!/member_00887,0,/poketool/pokegra/height.narc,404,887,,19200,19201,3340,3341,1,9d1e0e2d9459d06523ad13e28a4093c2316baafe7aec5b25f30eba2e113599c4,0d,,,,,False,,,,,,,,,,False,False
/poketool/pokegra/height.narc,/poketool/pokegra/height.narc!/member_00888,0,/poketool/pokegra/height.narc,404,888,,19204,19205,3344,3345,1,01ba4719c80b6fe911b091a7c05124b64eeece964e09c058ef8f9805daca546b,0a,,,,,False,,,,,,,,,,False,False
/poketool/pokegra/height.narc,/poketool/pokegra/height.narc!/member_00889,0,/poketool/pokegra/height.narc,404,889,,19208,19209,3348,3349,1,01ba4719c80b6fe911b091a7c05124b64eeece964e09c058ef8f9805daca546b,0a,,,,,False,,,,,,,,,,False,False
/poketool/pokegra/height.narc,/poketool/pokegra/height.narc!/member_00890,0,/poketool/pokegra/height.narc,404,890,,19212,19213,3352,3353,1,ab897fbdedfa502b2d839b6a56100887dccdc507555c282e59589e06300a62e2,13,,,,,False,,,,,,,,,,False,False
/poketool/pokegra/height.narc,/poketool/pokegra/height.narc!/member_00891,0,/poketool/pokegra/height.narc,404,891,,19216,19217,3356,3357,1,ab897fbdedfa502b2d839b6a56100887dccdc507555c282e59589e06300a62e2,13,,,,,False,,,,,,,,,,False,False
/poketool/pokegra/height.narc,/poketool/pokegra/height.narc!/member_00892,0,/poketool/pokegra/height.narc,404,892,,19220,19221,3360,3361,1,dc0e9c3658a1a3ed1ec94274d8b19925c93e1abb7ddba294923ad9bde30f8cb8,0f,,,,,False,,,,,,,,,,False,False
/poketool/pokegra/height.narc,/poketool/pokegra/height.narc!/member_00893,0,/poketool/pokegra/height.narc,404,893,,19224,19225,3364,3365,1,dc0e9c3658a1a3ed1ec94274d8b19925c93e1abb7ddba294923ad9bde30f8cb8,0f,,,,,False,,,,,,,,,,False,False
/poketool/pokegra/height.narc,/poketool/pokegra/height.narc!/member_00894,0,/poketool/pokegra/height.narc,404,894,,19228,19229,3368,3369,1,8f11b05da785e43e713d03774c6bd3405d99cd3024af334ffd68db663aa37034,17,,,,,False,,,,,,,,,,False,False
/poketool/pokegra/height.narc,/poketool/pokegra/height.narc!/member_00895,0,/poketool/pokegra/height.narc,404,895,,19232,19233,3372,3373,1,8f11b05da785e43e713d03774c6bd3405d99cd3024af334ffd68db663aa37034,17,,,,,False,,,,,,,,,,False,False
/poketool/pokegra/height.narc,/poketool/pokegra/height.narc!/member_00896,0,/poketool/pokegra/height.narc,404,896,,19236,19237,3376,3377,1,01ba4719c80b6fe911b091a7c05124b64eeece964e09c058ef8f9805daca546b,0a,,,,,False,,,,,,,,,,False,False
/poketool/pokegra/height.narc,/poketool/pokegra/height.narc!/member_00897,0,/poketool/pokegra/height.narc,404,897,,19240,19241,3380,3381,1,2b4c342f5433ebe591a1da77e013d1b72475562d48578dca8b84bac6651c3cb9,09,,,,,False,,,,,,,,,,False,False
/poketool/pokegra/height.narc,/poketool/pokegra/height.narc!/member_00898,0,/poketool/pokegra/height.narc,404,898,,19244,19245,3384,3385,1,01ba4719c80b6fe911b091a7c05124b64eeece964e09c058ef8f9805daca546b,0a,,,,,False,,,,,,,,,,False,False
/poketool/pokegra/height.narc,/poketool/pokegra/height.narc!/member_00899,0,/poketool/pokegra/height.narc,404,899,,19248,19249,3388,3389,1,01ba4719c80b6fe911b091a7c05124b64eeece964e09c058ef8f9805daca546b,0a,,,,,False,,,,,,,,,,False,False
/poketool/pokegra/height.narc,/poketool/pokegra/height.narc!/member_00900,0,/poketool/pokegra/height.narc,404,900,,19252,19253,3392,3393,1,01ba4719c80b6fe911b091a7c05124b64eeece964e09c058ef8f9805daca546b,0a,,,,,False,,,,,,,,,,False,False
/poketool/pokegra/height.narc,/poketool/pokegra/height.narc!/member_00901,0,/poketool/pokegra/height.narc,404,901,,19256,19257,3396,3397,1,01ba4719c80b6fe911b091a7c05124b64eeece964e09c058ef8f9805daca546b,0a,,,,,False,,,,,,,,,,False,False
/poketool/pokegra/height.narc,/poketool/pokegra/height.narc!/member_00902,0,/poketool/pokegra/height.narc,404,902,,19260,19261,3400,3401,1,dc0e9c3658a1a3ed1ec94274d8b19925c93e1abb7ddba294923ad9bde30f8cb8,0f,,,,,False,,,,,,,,,,False,False
/poketool/pokegra/height.narc,/poketool/pokegra/height.narc!/member_00903,0,/poketool/pokegra/height.narc,404,903,,19264,19265,3404,3405,1,dc0e9c3658a1a3ed1ec94274d8b19925c93e1abb7ddba294923ad9bde30f8cb8,0f,,,,,False,,,,,,,,,,False,False
/poketool/pokegra/height.narc,/poketool/pokegra/height.narc!/member_00904,0,/poketool/pokegra/height.narc,404,904,,19268,19269,3408,3409,1,67586e98fad27da0b9968bc039a1ef34c939b9b8e523a8bef89d478608c5ecf6,06,,,,,False,,,,,,,,,,False,False
/poketool/pokegra/height.narc,/poketool/pokegra/height.narc!/member_00905,0,/poketool/pokegra/height.narc,404,905,,19272,19273,3412,3413,1,67586e98fad27da0b9968bc039a1ef34c939b9b8e523a8bef89d478608c5ecf6,06,,,,,False,,,,,,,,,,False,False
/poketool/pokegra/height.narc,/poketool/pokegra/height.narc!/member_00906,0,/poketool/pokegra/height.narc,404,906,,19276,19277,3416,3417,1,9d1e0e2d9459d06523ad13e28a4093c2316baafe7aec5b25f30eba2e113599c4,0d,,,,,False,,,,,,,,,,False,False
/poketool/pokegra/height.narc,/poketool/pokegra/height.narc!/member_00907,0,/poketool/pokegra/height.narc,404,907,,19280,19281,3420,3421,1,9d1e0e2d9459d06523ad13e28a4093c2316baafe7aec5b25f30eba2e113599c4,0d,,,,,False,,,,,,,,,,False,False
/poketool/pokegra/height.narc,/poketool/pokegra/height.narc!/member_00908,0,/poketool/pokegra/height.narc,404,908,,19284,19285,3424,3425,1,4bf5122f344554c53bde2ebb8cd2b7e3d1600ad631c385a5d7cce23c7785459a,01,,,,,False,,,,,,,,,,False,False
/poketool/pokegra/height.narc,/poketool/pokegra/height.narc!/member_00909,0,/poketool/pokegra/height.narc,404,909,,19288,19289,3428,3429,1,4bf5122f344554c53bde2ebb8cd2b7e3d1600ad631c385a5d7cce23c7785459a,01,,,,,False,,,,,,,,,,False,False
/poketool/pokegra/height.narc,/poketool/pokegra/height.narc!/member_00910,0,/poketool/pokegra/height.narc,404,910,,19292,19293,3432,3433,1,ca358758f6d27e6cf45272937977a748fd88391db679ceda7dc7bf1f005ee879,07,,,,,False,,,,,,,,,,False,False
/poketool/pokegra/height.narc,/poketool/pokegra/height.narc!/member_00911,0,/poketool/pokegra/height.narc,404,911,,19296,19297,3436,3437,1,ca358758f6d27e6cf45272937977a748fd88391db679ceda7dc7bf1f005ee879,07,,,,,False,,,,,,,,,,False,False
/poketool/pokegra/height.narc,/poketool/pokegra/height.narc!/member_00912,0,/poketool/pokegra/height.narc,404,912,,19300,19301,3440,3441,1,ef6cbd2161eaea7943ce8693b9824d23d1793ffb1c0fca05b600d3899b44c977,0c,,,,,False,,,,,,,,,,False,False
/poketool/pokegra/height.narc,/poketool/pokegra/height.narc!/member_00913,0,/poketool/pokegra/height.narc,404,913,,19304,19305,3444,3445,1,ef6cbd2161eaea7943ce8693b9824d23d1793ffb1c0fca05b600d3899b44c977,0c,,,,,False,,,,,,,,,,False,False
/poketool/pokegra/height.narc,/poketool/pokegra/height.narc!/member_00914,0,/poketool/pokegra/height.narc,404,914,,19308,19309,3448,3449,1,ab897fbdedfa502b2d839b6a56100887dccdc507555c282e59589e06300a62e2,13,,,,,False,,,,,,,,,,False,False
/poketool/pokegra/height.narc,/poketool/pokegra/height.narc!/member_00915,0,/poketool/pokegra/height.narc,404,915,,19312,19313,3452,3453,1,ab897fbdedfa502b2d839b6a56100887dccdc507555c282e59589e06300a62e2,13,,,,,False,,,,,,,,,,False,False
/poketool/pokegra/height.narc,/poketool/pokegra/height.narc!/member_00916,0,/poketool/pokegra/height.narc,404,916,,19316,19317,3456,3457,1,beead77994cf573341ec17b58bbf7eb34d2711c993c1d976b128b3188dc1829a,08,,,,,False,,,,,,,,,,False,False
/poketool/pokegra/height.narc,/poketool/pokegra/height.narc!/member_00917,0,/poketool/pokegra/height.narc,404,917,,19320,19321,3460,3461,1,beead77994cf573341ec17b58bbf7eb34d2711c993c1d976b128b3188dc1829a,08,,,,,False,,,,,,,,,,False,False
/poketool/pokegra/height.narc,/poketool/pokegra/height.narc!/member_00918,0,/poketool/pokegra/height.narc,404,918,,19324,19325,3464,3465,1,2b4c342f5433ebe591a1da77e013d1b72475562d48578dca8b84bac6651c3cb9,09,,,,,False,,,,,,,,,,False,False
/poketool/pokegra/height.narc,/poketool/pokegra/height.narc!/member_00919,0,/poketool/pokegra/height.narc,404,919,,19328,19329,3468,3469,1,2b4c342f5433ebe591a1da77e013d1b72475562d48578dca8b84bac6651c3cb9,09,,,,,False,,,,,,,,,,False,False
/poketool/pokegra/height.narc,/poketool/pokegra/height.narc!/member_00920,0,/poketool/pokegra/height.narc,404,920,,19332,19333,3472,3473,1,ca358758f6d27e6cf45272937977a748fd88391db679ceda7dc7bf1f005ee879,07,,,,,False,,,,,,,,,,False,False
/poketool/pokegra/height.narc,/poketool/pokegra/height.narc!/member_00921,0,/poketool/pokegra/height.narc,404,921,,19336,19337,3476,3477,1,ca358758f6d27e6cf45272937977a748fd88391db679ceda7dc7bf1f005ee879,07,,,,,False,,,,,,,,,,False,False
/poketool/pokegra/height.narc,/poketool/pokegra/height.narc!/member_00922,0,/poketool/pokegra/height.narc,404,922,,19340,19341,3480,3481,1,ca358758f6d27e6cf45272937977a748fd88391db679ceda7dc7bf1f005ee879,07,,,,,False,,,,,,,,,,False,False
/poketool/pokegra/height.narc,/poketool/pokegra/height.narc!/member_00923,0,/poketool/pokegra/height.narc,404,923,,19344,19345,3484,3485,1,ca358758f6d27e6cf45272937977a748fd88391db679ceda7dc7bf1f005ee879,07,,,,,False,,,,,,,,,,False,False
/poketool/pokegra/height.narc,/poketool/pokegra/height.narc!/member_00924,0,/poketool/pokegra/height.narc,404,924,,19348,19349,3488,3489,1,c555eab45d08845ae9f10d452a99bfcb06f74a50b988fe7e48dd323789b88ee3,10,,Nintendo LZ10,Probable,,True,Nintendo LZ10,Probable,True,,,,,,,False,False
/poketool/pokegra/height.narc,/poketool/pokegra/height.narc!/member_00925,0,/poketool/pokegra/height.narc,404,925,,19352,19353,3492,3493,1,c555eab45d08845ae9f10d452a99bfcb06f74a50b988fe7e48dd323789b88ee3,10,,Nintendo LZ10,Probable,,True,Nintendo LZ10,Probable,True,,,,,,,False,False
/poketool/pokegra/height.narc,/poketool/pokegra/height.narc!/member_00926,0,/poketool/pokegra/height.narc,404,926,,19356,19357,3496,3497,1,7cb7c4547cf2653590d7a9ace60cc623d25148adfbc88a89aeb0ef88da7839ba,16,,,,,False,,,,,,,,,,False,False
/poketool/pokegra/height.narc,/poketool/pokegra/height.narc!/member_00927,0,/poketool/pokegra/height.narc,404,927,,19360,19361,3500,3501,1,7cb7c4547cf2653590d7a9ace60cc623d25148adfbc88a89aeb0ef88da7839ba,16,,,,,False,,,,,,,,,,False,False
/poketool/pokegra/height.narc,/poketool/pokegra/height.narc!/member_00928,0,/poketool/pokegra/height.narc,404,928,,19364,19365,3504,3505,1,ef6cbd2161eaea7943ce8693b9824d23d1793ffb1c0fca05b600d3899b44c977,0c,,,,,False,,,,,,,,,,False,False
/poketool/pokegra/height.narc,/poketool/pokegra/height.narc!/member_00929,0,/poketool/pokegra/height.narc,404,929,,19368,19369,3508,3509,1,ef6cbd2161eaea7943ce8693b9824d23d1793ffb1c0fca05b600d3899b44c977,0c,,,,,False,,,,,,,,,,False,False
/poketool/pokegra/height.narc,/poketool/pokegra/height.narc!/member_00930,0,/poketool/pokegra/height.narc,404,930,,19372,19373,3512,3513,1,f299791cddd3d6664f6670842812ef6053eb6501bd6282a476bbbf3ee91e750c,12,,,,,False,,,,,,,,,,False,False
/poketool/pokegra/height.narc,/poketool/pokegra/height.narc!/member_00931,0,/poketool/pokegra/height.narc,404,931,,19376,19377,3516,3517,1,f299791cddd3d6664f6670842812ef6053eb6501bd6282a476bbbf3ee91e750c,12,,,,,False,,,,,,,,,,False,False
/poketool/pokegra/height.narc,/poketool/pokegra/height.narc!/member_00932,0,/poketool/pokegra/height.narc,404,932,,19380,19380,3520,3520,0,e3b0c44298fc1c149afbf4c8996fb92427ae41e4649b934ca495991b7852b855,,,,,,False,,,,,,,,,,False,False
/poketool/pokegra/height.narc,/poketool/pokegra/height.narc!/member_00933,0,/poketool/pokegra/height.narc,404,933,,19380,19381,3520,3521,1,4d7b3ef7300acf70c892d8327db8272f54434adbc61a4e130a563cb59a0d0f47,0e,,,,,False,,,,,,,,,,False,False
/poketool/pokegra/height.narc,/poketool/pokegra/height.narc!/member_00934,0,/poketool/pokegra/height.narc,404,934,,19384,19384,3524,3524,0,e3b0c44298fc1c149afbf4c8996fb92427ae41e4649b934ca495991b7852b855,,,,,,False,,,,,,,,,,False,False
/poketool/pokegra/height.narc,/poketool/pokegra/height.narc!/member_00935,0,/poketool/pokegra/height.narc,404,935,,19384,19385,3524,3525,1,8f11b05da785e43e713d03774c6bd3405d99cd3024af334ffd68db663aa37034,17,,,,,False,,,,,,,,,,False,False
/poketool/pokegra/height.narc,/poketool/pokegra/height.narc!/member_00936,0,/poketool/pokegra/height.narc,404,936,,19388,19389,3528,3529,1,4bf5122f344554c53bde2ebb8cd2b7e3d1600ad631c385a5d7cce23c7785459a,01,,,,,False,,,,,,,,,,False,False
/poketool/pokegra/height.narc,/poketool/pokegra/height.narc!/member_00937,0,/poketool/pokegra/height.narc,404,937,,19392,19393,3532,3533,1,4bf5122f344554c53bde2ebb8cd2b7e3d1600ad631c385a5d7cce23c7785459a,01,,,,,False,,,,,,,,,,False,False
/poketool/pokegra/height.narc,/poketool/pokegra/height.narc!/member_00938,0,/poketool/pokegra/height.narc,404,938,,19396,19397,3536,3537,1,ef6cbd2161eaea7943ce8693b9824d23d1793ffb1c0fca05b600d3899b44c977,0c,,,,,False,,,,,,,,,,False,False
/poketool/pokegra/height.narc,/poketool/pokegra/height.narc!/member_00939,0,/poketool/pokegra/height.narc,404,939,,19400,19401,3540,3541,1,ef6cbd2161eaea7943ce8693b9824d23d1793ffb1c0fca05b600d3899b44c977,0c,,,,,False,,,,,,,,,,False,False
/poketool/pokegra/height.narc,/poketool/pokegra/height.narc!/member_00940,0,/poketool/pokegra/height.narc,404,940,,19404,19405,3544,3545,1,e7cf46a078fed4fafd0b5e3aff144802b853f8ae459a4f0c14add3314b7cc3a6,0b,,,,,False,,,,,,,,,,False,False
/poketool/pokegra/height.narc,/poketool/pokegra/height.narc!/member_00941,0,/poketool/pokegra/height.narc,404,941,,19408,19409,3548,3549,1,e7cf46a078fed4fafd0b5e3aff144802b853f8ae459a4f0c14add3314b7cc3a6,0b,,,,,False,,,,,,,,,,False,False
/poketool/pokegra/height.narc,/poketool/pokegra/height.narc!/member_00942,0,/poketool/pokegra/height.narc,404,942,,19412,19413,3552,3553,1,ef6cbd2161eaea7943ce8693b9824d23d1793ffb1c0fca05b600d3899b44c977,0c,,,,,False,,,,,,,,,,False,False
/poketool/pokegra/height.narc,/poketool/pokegra/height.narc!/member_00943,0,/poketool/pokegra/height.narc,404,943,,19416,19417,3556,3557,1,ef6cbd2161eaea7943ce8693b9824d23d1793ffb1c0fca05b600d3899b44c977,0c,,,,,False,,,,,,,,,,False,False
/poketool/pokegra/height.narc,/poketool/pokegra/height.narc!/member_00944,0,/poketool/pokegra/height.narc,404,944,,19420,19420,3560,3560,0,e3b0c44298fc1c149afbf4c8996fb92427ae41e4649b934ca495991b7852b855,,,,,,False,,,,,,,,,,False,False
/poketool/pokegra/height.narc,/poketool/pokegra/height.narc!/member_00945,0,/poketool/pokegra/height.narc,404,945,,19420,19421,3560,3561,1,ef6cbd2161eaea7943ce8693b9824d23d1793ffb1c0fca05b600d3899b44c977,0c,,,,,False,,,,,,,,,,False,False
/poketool/pokegra/height.narc,/poketool/pokegra/height.narc!/member_00946,0,/poketool/pokegra/height.narc,404,946,,19424,19424,3564,3564,0,e3b0c44298fc1c149afbf4c8996fb92427ae41e4649b934ca495991b7852b855,,,,,,False,,,,,,,,,,False,False
/poketool/pokegra/height.narc,/poketool/pokegra/height.narc!/member_00947,0,/poketool/pokegra/height.narc,404,947,,19424,19425,3564,3565,1,4d7b3ef7300acf70c892d8327db8272f54434adbc61a4e130a563cb59a0d0f47,0e,,,,,False,,,,,,,,,,False,False
/poketool/pokegra/height.narc,/poketool/pokegra/height.narc!/member_00948,0,/poketool/pokegra/height.narc,404,948,,19428,19428,3568,3568,0,e3b0c44298fc1c149afbf4c8996fb92427ae41e4649b934ca495991b7852b855,,,,,,False,,,,,,,,,,False,False
/poketool/pokegra/height.narc,/poketool/pokegra/height.narc!/member_00949,0,/poketool/pokegra/height.narc,404,949,,19428,19429,3568,3569,1,ca358758f6d27e6cf45272937977a748fd88391db679ceda7dc7bf1f005ee879,07,,,,,False,,,,,,,,,,False,False
/poketool/pokegra/height.narc,/poketool/pokegra/height.narc!/member_00950,0,/poketool/pokegra/height.narc,404,950,,19432,19432,3572,3572,0,e3b0c44298fc1c149afbf4c8996fb92427ae41e4649b934ca495991b7852b855,,,,,,False,,,,,,,,,,False,False
/poketool/pokegra/height.narc,/poketool/pokegra/height.narc!/member_00951,0,/poketool/pokegra/height.narc,404,951,,19432,19433,3572,3573,1,4d7b3ef7300acf70c892d8327db8272f54434adbc61a4e130a563cb59a0d0f47,0e,,,,,False,,,,,,,,,,False,False
/poketool/pokegra/height.narc,/poketool/pokegra/height.narc!/member_00952,0,/poketool/pokegra/height.narc,404,952,,19436,19437,3576,3577,1,e7cf46a078fed4fafd0b5e3aff144802b853f8ae459a4f0c14add3314b7cc3a6,0b,,,,,False,,,,,,,,,,False,False
/poketool/pokegra/height.narc,/poketool/pokegra/height.narc!/member_00953,0,/poketool/pokegra/height.narc,404,953,,19440,19440,3580,3580,0,e3b0c44298fc1c149afbf4c8996fb92427ae41e4649b934ca495991b7852b855,,,,,,False,,,,,,,,,,False,False
/poketool/pokegra/height.narc,/poketool/pokegra/height.narc!/member_00954,0,/poketool/pokegra/height.narc,404,954,,19440,19441,3580,3581,1,8f11b05da785e43e713d03774c6bd3405d99cd3024af334ffd68db663aa37034,17,,,,,False,,,,,,,,,,False,False
/poketool/pokegra/height.narc,/poketool/pokegra/height.narc!/member_00955,0,/poketool/pokegra/height.narc,404,955,,19444,19444,3584,3584,0,e3b0c44298fc1c149afbf4c8996fb92427ae41e4649b934ca495991b7852b855,,,,,,False,,,,,,,,,,False,False
/poketool/pokegra/height.narc,/poketool/pokegra/height.narc!/member_00956,0,/poketool/pokegra/height.narc,404,956,,19444,19445,3584,3585,1,9d1e0e2d9459d06523ad13e28a4093c2316baafe7aec5b25f30eba2e113599c4,0d,,,,,False,,,,,,,,,,False,False
/poketool/pokegra/height.narc,/poketool/pokegra/height.narc!/member_00957,0,/poketool/pokegra/height.narc,404,957,,19448,19449,3588,3589,1,9d1e0e2d9459d06523ad13e28a4093c2316baafe7aec5b25f30eba2e113599c4,0d,,,,,False,,,,,,,,,,False,False
/poketool/pokegra/height.narc,/poketool/pokegra/height.narc!/member_00958,0,/poketool/pokegra/height.narc,404,958,,19452,19453,3592,3593,1,f299791cddd3d6664f6670842812ef6053eb6501bd6282a476bbbf3ee91e750c,12,,,,,False,,,,,,,,,,False,False
/poketool/pokegra/height.narc,/poketool/pokegra/height.narc!/member_00959,0,/poketool/pokegra/height.narc,404,959,,19456,19457,3596,3597,1,f299791cddd3d6664f6670842812ef6053eb6501bd6282a476bbbf3ee91e750c,12,,,,,False,,,,,,,,,,False,False
/poketool/pokegra/height.narc,/poketool/pokegra/height.narc!/member_00960,0,/poketool/pokegra/height.narc,404,960,,19460,19461,3600,3601,1,9d1e0e2d9459d06523ad13e28a4093c2316baafe7aec5b25f30eba2e113599c4,0d,,,,,False,,,,,,,,,,False,False
/poketool/pokegra/height.narc,/poketool/pokegra/height.narc!/member_00961,0,/poketool/pokegra/height.narc,404,961,,19464,19465,3604,3605,1,9d1e0e2d9459d06523ad13e28a4093c2316baafe7aec5b25f30eba2e113599c4,0d,,,,,False,,,,,,,,,,False,False
/poketool/pokegra/height.narc,/poketool/pokegra/height.narc!/member_00962,0,/poketool/pokegra/height.narc,404,962,,19468,19469,3608,3609,1,2f0fd1e89b8de1d57292742ec380ea47066e307ad645f5bc3adad8a06ff58608,15,,,,,False,,,,,,,,,,False,False
/poketool/pokegra/height.narc,/poketool/pokegra/height.narc!/member_00963,0,/poketool/pokegra/height.narc,404,963,,19472,19473,3612,3613,1,2f0fd1e89b8de1d57292742ec380ea47066e307ad645f5bc3adad8a06ff58608,15,,,,,False,,,,,,,,,,False,False
/poketool/pokegra/height.narc,/poketool/pokegra/height.narc!/member_00964,0,/poketool/pokegra/height.narc,404,964,,19476,19477,3616,3617,1,ca358758f6d27e6cf45272937977a748fd88391db679ceda7dc7bf1f005ee879,07,,,,,False,,,,,,,,,,False,False
/poketool/pokegra/height.narc,/poketool/pokegra/height.narc!/member_00965,0,/poketool/pokegra/height.narc,404,965,,19480,19480,3620,3620,0,e3b0c44298fc1c149afbf4c8996fb92427ae41e4649b934ca495991b7852b855,,,,,,False,,,,,,,,,,False,False
/poketool/pokegra/height.narc,/poketool/pokegra/height.narc!/member_00966,0,/poketool/pokegra/height.narc,404,966,,19480,19481,3620,3621,1,9d1e0e2d9459d06523ad13e28a4093c2316baafe7aec5b25f30eba2e113599c4,0d,,,,,False,,,,,,,,,,False,False
/poketool/pokegra/height.narc,/poketool/pokegra/height.narc!/member_00967,0,/poketool/pokegra/height.narc,404,967,,19484,19484,3624,3624,0,e3b0c44298fc1c149afbf4c8996fb92427ae41e4649b934ca495991b7852b855,,,,,,False,,,,,,,,,,False,False
/poketool/pokegra/height.narc,/poketool/pokegra/height.narc!/member_00968,0,/poketool/pokegra/height.narc,404,968,,19484,19485,3624,3625,1,83891d7fe85c33e52c8b4e5814c92fb6a3b9467299200538a6babaa8b452d879,14,,,,,False,,,,,,,,,,False,False
/poketool/pokegra/height.narc,/poketool/pokegra/height.narc!/member_00969,0,/poketool/pokegra/height.narc,404,969,,19488,19488,3628,3628,0,e3b0c44298fc1c149afbf4c8996fb92427ae41e4649b934ca495991b7852b855,,,,,,False,,,,,,,,,,False,False
/poketool/pokegra/height.narc,/poketool/pokegra/height.narc!/member_00970,0,/poketool/pokegra/height.narc,404,970,,19488,19489,3628,3629,1,dc0e9c3658a1a3ed1ec94274d8b19925c93e1abb7ddba294923ad9bde30f8cb8,0f,,,,,False,,,,,,,,,,False,False
/poketool/pokegra/height.narc,/poketool/pokegra/height.narc!/member_00971,0,/poketool/pokegra/height.narc,404,971,,19492,19492,3632,3632,0,e3b0c44298fc1c149afbf4c8996fb92427ae41e4649b934ca495991b7852b855,,,,,,False,,,,,,,,,,False,False
/poketool/pokegra/height.narc,/poketool/pokegra/height.narc!/member_00972,0,/poketool/pokegra/height.narc,404,972,,19492,19492,3632,3632,0,e3b0c44298fc1c149afbf4c8996fb92427ae41e4649b934ca495991b7852b855,,,,,,False,,,,,,,,,,False,False
/poketool/pokegra/height.narc,/poketool/pokegra/height.narc!/member_00973,0,/poketool/pokegra/height.narc,404,973,,19492,19493,3632,3633,1,beead77994cf573341ec17b58bbf7eb34d2711c993c1d976b128b3188dc1829a,08,,,,,False,,,,,,,,,,False,False
/poketool/pokegra/height.narc,/poketool/pokegra/height.narc!/member_00974,0,/poketool/pokegra/height.narc,404,974,,19496,19496,3636,3636,0,e3b0c44298fc1c149afbf4c8996fb92427ae41e4649b934ca495991b7852b855,,,,,,False,,,,,,,,,,False,False
/poketool/pokegra/height.narc,/poketool/pokegra/height.narc!/member_00975,0,/poketool/pokegra/height.narc,404,975,,19496,19497,3636,3637,1,67586e98fad27da0b9968bc039a1ef34c939b9b8e523a8bef89d478608c5ecf6,06,,,,,False,,,,,,,,,,False,False
/poketool/pokegra/height.narc,/poketool/pokegra/height.narc!/member_00976,0,/poketool/pokegra/height.narc,404,976,,19500,19500,3640,3640,0,e3b0c44298fc1c149afbf4c8996fb92427ae41e4649b934ca495991b7852b855,,,,,,False,,,,,,,,,,False,False
/poketool/pokegra/height.narc,/poketool/pokegra/height.narc!/member_00977,0,/poketool/pokegra/height.narc,404,977,,19500,19501,3640,3641,1,9d1e0e2d9459d06523ad13e28a4093c2316baafe7aec5b25f30eba2e113599c4,0d,,,,,False,,,,,,,,,,False,False
/poketool/pokegra/height.narc,/poketool/pokegra/height.narc!/member_00978,0,/poketool/pokegra/height.narc,404,978,,19504,19504,3644,3644,0,e3b0c44298fc1c149afbf4c8996fb92427ae41e4649b934ca495991b7852b855,,,,,,False,,,,,,,,,,False,False
/poketool/pokegra/height.narc,/poketool/pokegra/height.narc!/member_00979,0,/poketool/pokegra/height.narc,404,979,,19504,19505,3644,3645,1,67586e98fad27da0b9968bc039a1ef34c939b9b8e523a8bef89d478608c5ecf6,06,,,,,False,,,,,,,,,,False,False
/poketool/pokegra/height.narc,/poketool/pokegra/height.narc!/member_00980,0,/poketool/pokegra/height.narc,404,980,,19508,19508,3648,3648,0,e3b0c44298fc1c149afbf4c8996fb92427ae41e4649b934ca495991b7852b855,,,,,,False,,,,,,,,,,False,False
/poketool/pokegra/height.narc,/poketool/pokegra/height.narc!/member_00981,0,/poketool/pokegra/height.narc,404,981,,19508,19509,3648,3649,1,6e340b9cffb37a989ca544e6bb780a2c78901d3fb33738768511a30617afa01d,00,,,,,False,,,,,,,,,,False,False
/poketool/pokegra/height.narc,/poketool/pokegra/height.narc!/member_00982,0,/poketool/pokegra/height.narc,404,982,,19512,19512,3652,3652,0,e3b0c44298fc1c149afbf4c8996fb92427ae41e4649b934ca495991b7852b855,,,,,,False,,,,,,,,,,False,False
/poketool/pokegra/height.narc,/poketool/pokegra/height.narc!/member_00983,0,/poketool/pokegra/height.narc,404,983,,19512,19513,3652,3653,1,e7cf46a078fed4fafd0b5e3aff144802b853f8ae459a4f0c14add3314b7cc3a6,0b,,,,,False,,,,,,,,,,False,False
/poketool/pokegra/height.narc,/poketool/pokegra/height.narc!/member_00984,0,/poketool/pokegra/height.narc,404,984,,19516,19517,3656,3657,1,ca358758f6d27e6cf45272937977a748fd88391db679ceda7dc7bf1f005ee879,07,,,,,False,,,,,,,,,,False,False
/poketool/pokegra/height.narc,/poketool/pokegra/height.narc!/member_00985,0,/poketool/pokegra/height.narc,404,985,,19520,19521,3660,3661,1,ca358758f6d27e6cf45272937977a748fd88391db679ceda7dc7bf1f005ee879,07,,,,,False,,,,,,,,,,False,False
/poketool/pokegra/height.narc,/poketool/pokegra/height.narc!/member_00986,0,/poketool/pokegra/height.narc,404,986,,19524,19525,3664,3665,1,4a64a107f0cb32536e5bce6c98c393db21cca7f4ea187ba8c4dca8b51d4ea80a,11,,Nintendo LZ11,Probable,,True,Nintendo LZ11,Probable,True,,,,,,,False,False
/poketool/pokegra/height.narc,/poketool/pokegra/height.narc!/member_00987,0,/poketool/pokegra/height.narc,404,987,,19528,19529,3668,3669,1,4a64a107f0cb32536e5bce6c98c393db21cca7f4ea187ba8c4dca8b51d4ea80a,11,,Nintendo LZ11,Probable,,True,Nintendo LZ11,Probable,True,,,,,,,False,False
/poketool/pokegra/height.narc,/poketool/pokegra/height.narc!/member_00988,0,/poketool/pokegra/height.narc,404,988,,19532,19533,3672,3673,1,2b4c342f5433ebe591a1da77e013d1b72475562d48578dca8b84bac6651c3cb9,09,,,,,False,,,,,,,,,,False,False
/poketool/pokegra/height.narc,/poketool/pokegra/height.narc!/member_00989,0,/poketool/pokegra/height.narc,404,989,,19536,19537,3676,3677,1,2b4c342f5433ebe591a1da77e013d1b72475562d48578dca8b84bac6651c3cb9,09,,,,,False,,,,,,,,,,False,False
/poketool/pokegra/height.narc,/poketool/pokegra/height.narc!/member_00990,0,/poketool/pokegra/height.narc,404,990,,19540,19541,3680,3681,1,4a64a107f0cb32536e5bce6c98c393db21cca7f4ea187ba8c4dca8b51d4ea80a,11,,Nintendo LZ11,Probable,,True,Nintendo LZ11,Probable,True,,,,,,,False,False
/poketool/pokegra/height.narc,/poketool/pokegra/height.narc!/member_00991,0,/poketool/pokegra/height.narc,404,991,,19544,19545,3684,3685,1,4a64a107f0cb32536e5bce6c98c393db21cca7f4ea187ba8c4dca8b51d4ea80a,11,,Nintendo LZ11,Probable,,True,Nintendo LZ11,Probable,True,,,,,,,False,False
/poketool/pokegra/height.narc,/poketool/pokegra/height.narc!/member_00992,0,/poketool/pokegra/height.narc,404,992,,19548,19549,3688,3689,1,dbc1b4c900ffe48d575b5da5c638040125f65db0fe3e24494b76ea986457d986,02,,,,,False,,,,,,,,,,False,False
/poketool/pokegra/height.narc,/poketool/pokegra/height.narc!/member_00993,0,/poketool/pokegra/height.narc,404,993,,19552,19553,3692,3693,1,dbc1b4c900ffe48d575b5da5c638040125f65db0fe3e24494b76ea986457d986,02,,,,,False,,,,,,,,,,False,False
/poketool/pokegra/height.narc,/poketool/pokegra/height.narc!/member_00994,0,/poketool/pokegra/height.narc,404,994,,19556,19557,3696,3697,1,e52d9c508c502347344d8c07ad91cbd6068afc75ff6292f062a09ca381c89e71,04,,,,,False,,,,,,,,,,False,False
/poketool/pokegra/height.narc,/poketool/pokegra/height.narc!/member_00995,0,/poketool/pokegra/height.narc,404,995,,19560,19561,3700,3701,1,e52d9c508c502347344d8c07ad91cbd6068afc75ff6292f062a09ca381c89e71,04,,,,,False,,,,,,,,,,False,False
/poketool/pokegra/height.narc,/poketool/pokegra/height.narc!/member_00996,0,/poketool/pokegra/height.narc,404,996,,19564,19564,3704,3704,0,e3b0c44298fc1c149afbf4c8996fb92427ae41e4649b934ca495991b7852b855,,,,,,False,,,,,,,,,,False,False
/poketool/pokegra/height.narc,/poketool/pokegra/height.narc!/member_00997,0,/poketool/pokegra/height.narc,404,997,,19564,19565,3704,3705,1,6e340b9cffb37a989ca544e6bb780a2c78901d3fb33738768511a30617afa01d,00,,,,,False,,,,,,,,,,False,False
/poketool/pokegra/height.narc,/poketool/pokegra/height.narc!/member_00998,0,/poketool/pokegra/height.narc,404,998,,19568,19568,3708,3708,0,e3b0c44298fc1c149afbf4c8996fb92427ae41e4649b934ca495991b7852b855,,,,,,False,,,,,,,,,,False,False
/poketool/pokegra/height.narc,/poketool/pokegra/height.narc!/member_00999,0,/poketool/pokegra/height.narc,404,999,,19568,19569,3708,3709,1,6e340b9cffb37a989ca544e6bb780a2c78901d3fb33738768511a30617afa01d,00,,,,,False,,,,,,,,,,False,False
/poketool/pokegra/height.narc,/poketool/pokegra/height.narc!/member_01000,0,/poketool/pokegra/height.narc,404,1000,,19572,19572,3712,3712,0,e3b0c44298fc1c149afbf4c8996fb92427ae41e4649b934ca495991b7852b855,,,,,,False,,,,,,,,,,False,False
/poketool/pokegra/height.narc,/poketool/pokegra/height.narc!/member_01001,0,/poketool/pokegra/height.narc,404,1001,,19572,19573,3712,3713,1,dbc1b4c900ffe48d575b5da5c638040125f65db0fe3e24494b76ea986457d986,02,,,,,False,,,,,,,,,,False,False
/poketool/pokegra/height.narc,/poketool/pokegra/height.narc!/member_01002,0,/poketool/pokegra/height.narc,404,1002,,19576,19576,3716,3716,0,e3b0c44298fc1c149afbf4c8996fb92427ae41e4649b934ca495991b7852b855,,,,,,False,,,,,,,,,,False,False
/poketool/pokegra/height.narc,/poketool/pokegra/height.narc!/member_01003,0,/poketool/pokegra/height.narc,404,1003,,19576,19577,3716,3717,1,6e340b9cffb37a989ca544e6bb780a2c78901d3fb33738768511a30617afa01d,00,,,,,False,,,,,,,,,,False,False
/poketool/pokegra/height.narc,/poketool/pokegra/height.narc!/member_01004,0,/poketool/pokegra/height.narc,404,1004,,19580,19580,3720,3720,0,e3b0c44298fc1c149afbf4c8996fb92427ae41e4649b934ca495991b7852b855,,,,,,False,,,,,,,,,,False,False
/poketool/pokegra/height.narc,/poketool/pokegra/height.narc!/member_01005,0,/poketool/pokegra/height.narc,404,1005,,19580,19581,3720,3721,1,2b4c342f5433ebe591a1da77e013d1b72475562d48578dca8b84bac6651c3cb9,09,,,,,False,,,,,,,,,,False,False
/poketool/pokegra/height.narc,/poketool/pokegra/height.narc!/member_01006,0,/poketool/pokegra/height.narc,404,1006,,19584,19584,3724,3724,0,e3b0c44298fc1c149afbf4c8996fb92427ae41e4649b934ca495991b7852b855,,,,,,False,,,,,,,,,,False,False
/poketool/pokegra/height.narc,/poketool/pokegra/height.narc!/member_01007,0,/poketool/pokegra/height.narc,404,1007,,19584,19585,3724,3725,1,2f0fd1e89b8de1d57292742ec380ea47066e307ad645f5bc3adad8a06ff58608,15,,,,,False,,,,,,,,,,False,False
/poketool/pokegra/height.narc,/poketool/pokegra/height.narc!/member_01008,0,/poketool/pokegra/height.narc,404,1008,,19588,19589,3728,3729,1,ef6cbd2161eaea7943ce8693b9824d23d1793ffb1c0fca05b600d3899b44c977,0c,,,,,False,,,,,,,,,,False,False
/poketool/pokegra/height.narc,/poketool/pokegra/height.narc!/member_01009,0,/poketool/pokegra/height.narc,404,1009,,19592,19593,3732,3733,1,ef6cbd2161eaea7943ce8693b9824d23d1793ffb1c0fca05b600d3899b44c977,0c,,,,,False,,,,,,,,,,False,False
/poketool/pokegra/height.narc,/poketool/pokegra/height.narc!/member_01010,0,/poketool/pokegra/height.narc,404,1010,,19596,19597,3736,3737,1,dc0e9c3658a1a3ed1ec94274d8b19925c93e1abb7ddba294923ad9bde30f8cb8,0f,,,,,False,,,,,,,,,,False,False
/poketool/pokegra/height.narc,/poketool/pokegra/height.narc!/member_01011,0,/poketool/pokegra/height.narc,404,1011,,19600,19601,3740,3741,1,dc0e9c3658a1a3ed1ec94274d8b19925c93e1abb7ddba294923ad9bde30f8cb8,0f,,,,,False,,,,,,,,,,False,False
/poketool/pokegra/height.narc,/poketool/pokegra/height.narc!/member_01012,0,/poketool/pokegra/height.narc,404,1012,,19604,19605,3744,3745,1,beead77994cf573341ec17b58bbf7eb34d2711c993c1d976b128b3188dc1829a,08,,,,,False,,,,,,,,,,False,False
/poketool/pokegra/height.narc,/poketool/pokegra/height.narc!/member_01013,0,/poketool/pokegra/height.narc,404,1013,,19608,19609,3748,3749,1,beead77994cf573341ec17b58bbf7eb34d2711c993c1d976b128b3188dc1829a,08,,,,,False,,,,,,,,,,False,False
/poketool/pokegra/height.narc,/poketool/pokegra/height.narc!/member_01014,0,/poketool/pokegra/height.narc,404,1014,,19612,19613,3752,3753,1,e7cf46a078fed4fafd0b5e3aff144802b853f8ae459a4f0c14add3314b7cc3a6,0b,,,,,False,,,,,,,,,,False,False
/poketool/pokegra/height.narc,/poketool/pokegra/height.narc!/member_01015,0,/poketool/pokegra/height.narc,404,1015,,19616,19617,3756,3757,1,e7cf46a078fed4fafd0b5e3aff144802b853f8ae459a4f0c14add3314b7cc3a6,0b,,,,,False,,,,,,,,,,False,False
/poketool/pokegra/height.narc,/poketool/pokegra/height.narc!/member_01016,0,/poketool/pokegra/height.narc,404,1016,,19620,19621,3760,3761,1,beead77994cf573341ec17b58bbf7eb34d2711c993c1d976b128b3188dc1829a,08,,,,,False,,,,,,,,,,False,False
/poketool/pokegra/height.narc,/poketool/pokegra/height.narc!/member_01017,0,/poketool/pokegra/height.narc,404,1017,,19624,19625,3764,3765,1,beead77994cf573341ec17b58bbf7eb34d2711c993c1d976b128b3188dc1829a,08,,,,,False,,,,,,,,,,False,False
/poketool/pokegra/height.narc,/poketool/pokegra/height.narc!/member_01018,0,/poketool/pokegra/height.narc,404,1018,,19628,19629,3768,3769,1,ca358758f6d27e6cf45272937977a748fd88391db679ceda7dc7bf1f005ee879,07,,,,,False,,,,,,,,,,False,False
/poketool/pokegra/height.narc,/poketool/pokegra/height.narc!/member_01019,0,/poketool/pokegra/height.narc,404,1019,,19632,19633,3772,3773,1,ca358758f6d27e6cf45272937977a748fd88391db679ceda7dc7bf1f005ee879,07,,,,,False,,,,,,,,,,False,False
/poketool/pokegra/height.narc,/poketool/pokegra/height.narc!/member_01020,0,/poketool/pokegra/height.narc,404,1020,,19636,19637,3776,3777,1,9d1e0e2d9459d06523ad13e28a4093c2316baafe7aec5b25f30eba2e113599c4,0d,,,,,False,,,,,,,,,,False,False
/poketool/pokegra/height.narc,/poketool/pokegra/height.narc!/member_01021,0,/poketool/pokegra/height.narc,404,1021,,19640,19641,3780,3781,1,9d1e0e2d9459d06523ad13e28a4093c2316baafe7aec5b25f30eba2e113599c4,0d,,,,,False,,,,,,,,,,False,False
/poketool/pokegra/height.narc,/poketool/pokegra/height.narc!/member_01022,0,/poketool/pokegra/height.narc,404,1022,,19644,19645,3784,3785,1,f299791cddd3d6664f6670842812ef6053eb6501bd6282a476bbbf3ee91e750c,12,,,,,False,,,,,,,,,,False,False
/poketool/pokegra/height.narc,/poketool/pokegra/height.narc!/member_01023,0,/poketool/pokegra/height.narc,404,1023,,19648,19649,3788,3789,1,f299791cddd3d6664f6670842812ef6053eb6501bd6282a476bbbf3ee91e750c,12,,,,,False,,,,,,,,,,False,False
/poketool/pokegra/height.narc,/poketool/pokegra/height.narc!/member_01024,0,/poketool/pokegra/height.narc,404,1024,,19652,19653,3792,3793,1,6e340b9cffb37a989ca544e6bb780a2c78901d3fb33738768511a30617afa01d,00,,,,,False,,,,,,,,,,False,False
/poketool/pokegra/height.narc,/poketool/pokegra/height.narc!/member_01025,0,/poketool/pokegra/height.narc,404,1025,,19656,19657,3796,3797,1,6e340b9cffb37a989ca544e6bb780a2c78901d3fb33738768511a30617afa01d,00,,,,,False,,,,,,,,,,False,False
/poketool/pokegra/height.narc,/poketool/pokegra/height.narc!/member_01026,0,/poketool/pokegra/height.narc,404,1026,,19660,19661,3800,3801,1,e7cf46a078fed4fafd0b5e3aff144802b853f8ae459a4f0c14add3314b7cc3a6,0b,,,,,False,,,,,,,,,,False,False
/poketool/pokegra/height.narc,/poketool/pokegra/height.narc!/member_01027,0,/poketool/pokegra/height.narc,404,1027,,19664,19665,3804,3805,1,2b4c342f5433ebe591a1da77e013d1b72475562d48578dca8b84bac6651c3cb9,09,,,,,False,,,,,,,,,,False,False
/poketool/pokegra/height.narc,/poketool/pokegra/height.narc!/member_01028,0,/poketool/pokegra/height.narc,404,1028,,19668,19669,3808,3809,1,6e340b9cffb37a989ca544e6bb780a2c78901d3fb33738768511a30617afa01d,00,,,,,False,,,,,,,,,,False,False
/poketool/pokegra/height.narc,/poketool/pokegra/height.narc!/member_01029,0,/poketool/pokegra/height.narc,404,1029,,19672,19673,3812,3813,1,6e340b9cffb37a989ca544e6bb780a2c78901d3fb33738768511a30617afa01d,00,,,,,False,,,,,,,,,,False,False
/poketool/pokegra/height.narc,/poketool/pokegra/height.narc!/member_01030,0,/poketool/pokegra/height.narc,404,1030,,19676,19677,3816,3817,1,e77b9a9ae9e30b0dbdb6f510a264ef9de781501d7b6b92ae89eb059c5ab743db,05,,,,,False,,,,,,,,,,False,False
/poketool/pokegra/height.narc,/poketool/pokegra/height.narc!/member_01031,0,/poketool/pokegra/height.narc,404,1031,,19680,19681,3820,3821,1,e52d9c508c502347344d8c07ad91cbd6068afc75ff6292f062a09ca381c89e71,04,,,,,False,,,,,,,,,,False,False
/poketool/pokegra/height.narc,/poketool/pokegra/height.narc!/member_01032,0,/poketool/pokegra/height.narc,404,1032,,19684,19685,3824,3825,1,9d1e0e2d9459d06523ad13e28a4093c2316baafe7aec5b25f30eba2e113599c4,0d,,,,,False,,,,,,,,,,False,False
/poketool/pokegra/height.narc,/poketool/pokegra/height.narc!/member_01033,0,/poketool/pokegra/height.narc,404,1033,,19688,19689,3828,3829,1,9d1e0e2d9459d06523ad13e28a4093c2316baafe7aec5b25f30eba2e113599c4,0d,,,,,False,,,,,,,,,,False,False
/poketool/pokegra/height.narc,/poketool/pokegra/height.narc!/member_01034,0,/poketool/pokegra/height.narc,404,1034,,19692,19693,3832,3833,1,83891d7fe85c33e52c8b4e5814c92fb6a3b9467299200538a6babaa8b452d879,14,,,,,False,,,,,,,,,,False,False
/poketool/pokegra/height.narc,/poketool/pokegra/height.narc!/member_01035,0,/poketool/pokegra/height.narc,404,1035,,19696,19697,3836,3837,1,83891d7fe85c33e52c8b4e5814c92fb6a3b9467299200538a6babaa8b452d879,14,,,,,False,,,,,,,,,,False,False
/poketool/pokegra/height.narc,/poketool/pokegra/height.narc!/member_01036,0,/poketool/pokegra/height.narc,404,1036,,19700,19701,3840,3841,1,6e340b9cffb37a989ca544e6bb780a2c78901d3fb33738768511a30617afa01d,00,,,,,False,,,,,,,,,,False,False
/poketool/pokegra/height.narc,/poketool/pokegra/height.narc!/member_01037,0,/poketool/pokegra/height.narc,404,1037,,19704,19705,3844,3845,1,6e340b9cffb37a989ca544e6bb780a2c78901d3fb33738768511a30617afa01d,00,,,,,False,,,,,,,,,,False,False
/poketool/pokegra/height.narc,/poketool/pokegra/height.narc!/member_01038,0,/poketool/pokegra/height.narc,404,1038,,19708,19709,3848,3849,1,4d7b3ef7300acf70c892d8327db8272f54434adbc61a4e130a563cb59a0d0f47,0e,,,,,False,,,,,,,,,,False,False
/poketool/pokegra/height.narc,/poketool/pokegra/height.narc!/member_01039,0,/poketool/pokegra/height.narc,404,1039,,19712,19713,3852,3853,1,4d7b3ef7300acf70c892d8327db8272f54434adbc61a4e130a563cb59a0d0f47,0e,,,,,False,,,,,,,,,,False,False
/poketool/pokegra/height.narc,/poketool/pokegra/height.narc!/member_01040,0,/poketool/pokegra/height.narc,404,1040,,19716,19717,3856,3857,1,beead77994cf573341ec17b58bbf7eb34d2711c993c1d976b128b3188dc1829a,08,,,,,False,,,,,,,,,,False,False
/poketool/pokegra/height.narc,/poketool/pokegra/height.narc!/member_01041,0,/poketool/pokegra/height.narc,404,1041,,19720,19721,3860,3861,1,beead77994cf573341ec17b58bbf7eb34d2711c993c1d976b128b3188dc1829a,08,,,,,False,,,,,,,,,,False,False
/poketool/pokegra/height.narc,/poketool/pokegra/height.narc!/member_01042,0,/poketool/pokegra/height.narc,404,1042,,19724,19725,3864,3865,1,beead77994cf573341ec17b58bbf7eb34d2711c993c1d976b128b3188dc1829a,08,,,,,False,,,,,,,,,,False,False
/poketool/pokegra/height.narc,/poketool/pokegra/height.narc!/member_01043,0,/poketool/pokegra/height.narc,404,1043,,19728,19729,3868,3869,1,beead77994cf573341ec17b58bbf7eb34d2711c993c1d976b128b3188dc1829a,08,,,,,False,,,,,,,,,,False,False
/poketool/pokegra/height.narc,/poketool/pokegra/height.narc!/member_01044,0,/poketool/pokegra/height.narc,404,1044,,19732,19733,3872,3873,1,6e340b9cffb37a989ca544e6bb780a2c78901d3fb33738768511a30617afa01d,00,,,,,False,,,,,,,,,,False,False
/poketool/pokegra/height.narc,/poketool/pokegra/height.narc!/member_01045,0,/poketool/pokegra/height.narc,404,1045,,19736,19737,3876,3877,1,6e340b9cffb37a989ca544e6bb780a2c78901d3fb33738768511a30617afa01d,00,,,,,False,,,,,,,,,,False,False
/poketool/pokegra/height.narc,/poketool/pokegra/height.narc!/member_01046,0,/poketool/pokegra/height.narc,404,1046,,19740,19741,3880,3881,1,83891d7fe85c33e52c8b4e5814c92fb6a3b9467299200538a6babaa8b452d879,14,,,,,False,,,,,,,,,,False,False
/poketool/pokegra/height.narc,/poketool/pokegra/height.narc!/member_01047,0,/poketool/pokegra/height.narc,404,1047,,19744,19745,3884,3885,1,83891d7fe85c33e52c8b4e5814c92fb6a3b9467299200538a6babaa8b452d879,14,,,,,False,,,,,,,,,,False,False
/poketool/pokegra/height.narc,/poketool/pokegra/height.narc!/member_01048,0,/poketool/pokegra/height.narc,404,1048,,19748,19749,3888,3889,1,6e340b9cffb37a989ca544e6bb780a2c78901d3fb33738768511a30617afa01d,00,,,,,False,,,,,,,,,,False,False
/poketool/pokegra/height.narc,/poketool/pokegra/height.narc!/member_01049,0,/poketool/pokegra/height.narc,404,1049,,19752,19753,3892,3893,1,6e340b9cffb37a989ca544e6bb780a2c78901d3fb33738768511a30617afa01d,00,,,,,False,,,,,,,,,,False,False
/poketool/pokegra/height.narc,/poketool/pokegra/height.narc!/member_01050,0,/poketool/pokegra/height.narc,404,1050,,19756,19757,3896,3897,1,e7cf46a078fed4fafd0b5e3aff144802b853f8ae459a4f0c14add3314b7cc3a6,0b,,,,,False,,,,,,,,,,False,False
/poketool/pokegra/height.narc,/poketool/pokegra/height.narc!/member_01051,0,/poketool/pokegra/height.narc,404,1051,,19760,19761,3900,3901,1,e7cf46a078fed4fafd0b5e3aff144802b853f8ae459a4f0c14add3314b7cc3a6,0b,,,,,False,,,,,,,,,,False,False
/poketool/pokegra/height.narc,/poketool/pokegra/height.narc!/member_01052,0,/poketool/pokegra/height.narc,404,1052,,19764,19765,3904,3905,1,beead77994cf573341ec17b58bbf7eb34d2711c993c1d976b128b3188dc1829a,08,,,,,False,,,,,,,,,,False,False
/poketool/pokegra/height.narc,/poketool/pokegra/height.narc!/member_01053,0,/poketool/pokegra/height.narc,404,1053,,19768,19769,3908,3909,1,beead77994cf573341ec17b58bbf7eb34d2711c993c1d976b128b3188dc1829a,08,,,,,False,,,,,,,,,,False,False
/poketool/pokegra/height.narc,/poketool/pokegra/height.narc!/member_01054,0,/poketool/pokegra/height.narc,404,1054,,19772,19773,3912,3913,1,ab897fbdedfa502b2d839b6a56100887dccdc507555c282e59589e06300a62e2,13,,,,,False,,,,,,,,,,False,False
/poketool/pokegra/height.narc,/poketool/pokegra/height.narc!/member_01055,0,/poketool/pokegra/height.narc,404,1055,,19776,19777,3916,3917,1,ab897fbdedfa502b2d839b6a56100887dccdc507555c282e59589e06300a62e2,13,,,,,False,,,,,,,,,,False,False
/poketool/pokegra/height.narc,/poketool/pokegra/height.narc!/member_01056,0,/poketool/pokegra/height.narc,404,1056,,19780,19781,3920,3921,1,beead77994cf573341ec17b58bbf7eb34d2711c993c1d976b128b3188dc1829a,08,,,,,False,,,,,,,,,,False,False
/poketool/pokegra/height.narc,/poketool/pokegra/height.narc!/member_01057,0,/poketool/pokegra/height.narc,404,1057,,19784,19785,3924,3925,1,beead77994cf573341ec17b58bbf7eb34d2711c993c1d976b128b3188dc1829a,08,,,,,False,,,,,,,,,,False,False
/poketool/pokegra/height.narc,/poketool/pokegra/height.narc!/member_01058,0,/poketool/pokegra/height.narc,404,1058,,19788,19789,3928,3929,1,01ba4719c80b6fe911b091a7c05124b64eeece964e09c058ef8f9805daca546b,0a,,,,,False,,,,,,,,,,False,False
/poketool/pokegra/height.narc,/poketool/pokegra/height.narc!/member_01059,0,/poketool/pokegra/height.narc,404,1059,,19792,19793,3932,3933,1,01ba4719c80b6fe911b091a7c05124b64eeece964e09c058ef8f9805daca546b,0a,,,,,False,,,,,,,,,,False,False
/poketool/pokegra/height.narc,/poketool/pokegra/height.narc!/member_01060,0,/poketool/pokegra/height.narc,404,1060,,19796,19797,3936,3937,1,beead77994cf573341ec17b58bbf7eb34d2711c993c1d976b128b3188dc1829a,08,,,,,False,,,,,,,,,,False,False
/poketool/pokegra/height.narc,/poketool/pokegra/height.narc!/member_01061,0,/poketool/pokegra/height.narc,404,1061,,19800,19801,3940,3941,1,beead77994cf573341ec17b58bbf7eb34d2711c993c1d976b128b3188dc1829a,08,,,,,False,,,,,,,,,,False,False
/poketool/pokegra/height.narc,/poketool/pokegra/height.narc!/member_01062,0,/poketool/pokegra/height.narc,404,1062,,19804,19805,3944,3945,1,8f11b05da785e43e713d03774c6bd3405d99cd3024af334ffd68db663aa37034,17,,,,,False,,,,,,,,,,False,False
/poketool/pokegra/height.narc,/poketool/pokegra/height.narc!/member_01063,0,/poketool/pokegra/height.narc,404,1063,,19808,19809,3948,3949,1,8f11b05da785e43e713d03774c6bd3405d99cd3024af334ffd68db663aa37034,17,,,,,False,,,,,,,,,,False,False
/poketool/pokegra/height.narc,/poketool/pokegra/height.narc!/member_01064,0,/poketool/pokegra/height.narc,404,1064,,19812,19813,3952,3953,1,c555eab45d08845ae9f10d452a99bfcb06f74a50b988fe7e48dd323789b88ee3,10,,Nintendo LZ10,Probable,,True,Nintendo LZ10,Probable,True,,,,,,,False,False
/poketool/pokegra/height.narc,/poketool/pokegra/height.narc!/member_01065,0,/poketool/pokegra/height.narc,404,1065,,19816,19817,3956,3957,1,c555eab45d08845ae9f10d452a99bfcb06f74a50b988fe7e48dd323789b88ee3,10,,Nintendo LZ10,Probable,,True,Nintendo LZ10,Probable,True,,,,,,,False,False
/poketool/pokegra/height.narc,/poketool/pokegra/height.narc!/member_01066,0,/poketool/pokegra/height.narc,404,1066,,19820,19821,3960,3961,1,2f0fd1e89b8de1d57292742ec380ea47066e307ad645f5bc3adad8a06ff58608,15,,,,,False,,,,,,,,,,False,False
/poketool/pokegra/height.narc,/poketool/pokegra/height.narc!/member_01067,0,/poketool/pokegra/height.narc,404,1067,,19824,19825,3964,3965,1,2f0fd1e89b8de1d57292742ec380ea47066e307ad645f5bc3adad8a06ff58608,15,,,,,False,,,,,,,,,,False,False
/poketool/pokegra/height.narc,/poketool/pokegra/height.narc!/member_01068,0,/poketool/pokegra/height.narc,404,1068,,19828,19829,3968,3969,1,6e340b9cffb37a989ca544e6bb780a2c78901d3fb33738768511a30617afa01d,00,,,,,False,,,,,,,,,,False,False
/poketool/pokegra/height.narc,/poketool/pokegra/height.narc!/member_01069,0,/poketool/pokegra/height.narc,404,1069,,19832,19833,3972,3973,1,6e340b9cffb37a989ca544e6bb780a2c78901d3fb33738768511a30617afa01d,00,,,,,False,,,,,,,,,,False,False
/poketool/pokegra/height.narc,/poketool/pokegra/height.narc!/member_01070,0,/poketool/pokegra/height.narc,404,1070,,19836,19837,3976,3977,1,4a64a107f0cb32536e5bce6c98c393db21cca7f4ea187ba8c4dca8b51d4ea80a,11,,Nintendo LZ11,Probable,,True,Nintendo LZ11,Probable,True,,,,,,,False,False
/poketool/pokegra/height.narc,/poketool/pokegra/height.narc!/member_01071,0,/poketool/pokegra/height.narc,404,1071,,19840,19841,3980,3981,1,4a64a107f0cb32536e5bce6c98c393db21cca7f4ea187ba8c4dca8b51d4ea80a,11,,Nintendo LZ11,Probable,,True,Nintendo LZ11,Probable,True,,,,,,,False,False
/poketool/pokegra/height.narc,/poketool/pokegra/height.narc!/member_01072,0,/poketool/pokegra/height.narc,404,1072,,19844,19845,3984,3985,1,beead77994cf573341ec17b58bbf7eb34d2711c993c1d976b128b3188dc1829a,08,,,,,False,,,,,,,,,,False,False
/poketool/pokegra/height.narc,/poketool/pokegra/height.narc!/member_01073,0,/poketool/pokegra/height.narc,404,1073,,19848,19849,3988,3989,1,beead77994cf573341ec17b58bbf7eb34d2711c993c1d976b128b3188dc1829a,08,,,,,False,,,,,,,,,,False,False
/poketool/pokegra/height.narc,/poketool/pokegra/height.narc!/member_01074,0,/poketool/pokegra/height.narc,404,1074,,19852,19853,3992,3993,1,f299791cddd3d6664f6670842812ef6053eb6501bd6282a476bbbf3ee91e750c,12,,,,,False,,,,,,,,,,False,False
/poketool/pokegra/height.narc,/poketool/pokegra/height.narc!/member_01075,0,/poketool/pokegra/height.narc,404,1075,,19856,19857,3996,3997,1,f299791cddd3d6664f6670842812ef6053eb6501bd6282a476bbbf3ee91e750c,12,,,,,False,,,,,,,,,,False,False
/poketool/pokegra/height.narc,/poketool/pokegra/height.narc!/member_01076,0,/poketool/pokegra/height.narc,404,1076,,19860,19861,4000,4001,1,6e340b9cffb37a989ca544e6bb780a2c78901d3fb33738768511a30617afa01d,00,,,,,False,,,,,,,,,,False,False
/poketool/pokegra/height.narc,/poketool/pokegra/height.narc!/member_01077,0,/poketool/pokegra/height.narc,404,1077,,19864,19865,4004,4005,1,6e340b9cffb37a989ca544e6bb780a2c78901d3fb33738768511a30617afa01d,00,,,,,False,,,,,,,,,,False,False
/poketool/pokegra/height.narc,/poketool/pokegra/height.narc!/member_01078,0,/poketool/pokegra/height.narc,404,1078,,19868,19869,4008,4009,1,4a64a107f0cb32536e5bce6c98c393db21cca7f4ea187ba8c4dca8b51d4ea80a,11,,Nintendo LZ11,Probable,,True,Nintendo LZ11,Probable,True,,,,,,,False,False
/poketool/pokegra/height.narc,/poketool/pokegra/height.narc!/member_01079,0,/poketool/pokegra/height.narc,404,1079,,19872,19873,4012,4013,1,4a64a107f0cb32536e5bce6c98c393db21cca7f4ea187ba8c4dca8b51d4ea80a,11,,Nintendo LZ11,Probable,,True,Nintendo LZ11,Probable,True,,,,,,,False,False
/poketool/pokegra/height.narc,/poketool/pokegra/height.narc!/member_01080,0,/poketool/pokegra/height.narc,404,1080,,19876,19877,4016,4017,1,c555eab45d08845ae9f10d452a99bfcb06f74a50b988fe7e48dd323789b88ee3,10,,Nintendo LZ10,Probable,,True,Nintendo LZ10,Probable,True,,,,,,,False,False
/poketool/pokegra/height.narc,/poketool/pokegra/height.narc!/member_01081,0,/poketool/pokegra/height.narc,404,1081,,19880,19881,4020,4021,1,c555eab45d08845ae9f10d452a99bfcb06f74a50b988fe7e48dd323789b88ee3,10,,Nintendo LZ10,Probable,,True,Nintendo LZ10,Probable,True,,,,,,,False,False
/poketool/pokegra/height.narc,/poketool/pokegra/height.narc!/member_01082,0,/poketool/pokegra/height.narc,404,1082,,19884,19885,4024,4025,1,68aa2e2ee5dff96e3355e6c7ee373e3d6a4e17f75f9518d843709c0c9bc3e3d4,19,,,,,False,,,,,,,,,,False,False
/poketool/pokegra/height.narc,/poketool/pokegra/height.narc!/member_01083,0,/poketool/pokegra/height.narc,404,1083,,19888,19889,4028,4029,1,68aa2e2ee5dff96e3355e6c7ee373e3d6a4e17f75f9518d843709c0c9bc3e3d4,19,,,,,False,,,,,,,,,,False,False
/poketool/pokegra/height.narc,/poketool/pokegra/height.narc!/member_01084,0,/poketool/pokegra/height.narc,404,1084,,19892,19893,4032,4033,1,beead77994cf573341ec17b58bbf7eb34d2711c993c1d976b128b3188dc1829a,08,,,,,False,,,,,,,,,,False,False
/poketool/pokegra/height.narc,/poketool/pokegra/height.narc!/member_01085,0,/poketool/pokegra/height.narc,404,1085,,19896,19897,4036,4037,1,beead77994cf573341ec17b58bbf7eb34d2711c993c1d976b128b3188dc1829a,08,,,,,False,,,,,,,,,,False,False
/poketool/pokegra/height.narc,/poketool/pokegra/height.narc!/member_01086,0,/poketool/pokegra/height.narc,404,1086,,19900,19901,4040,4041,1,ab897fbdedfa502b2d839b6a56100887dccdc507555c282e59589e06300a62e2,13,,,,,False,,,,,,,,,,False,False
/poketool/pokegra/height.narc,/poketool/pokegra/height.narc!/member_01087,0,/poketool/pokegra/height.narc,404,1087,,19904,19905,4044,4045,1,ab897fbdedfa502b2d839b6a56100887dccdc507555c282e59589e06300a62e2,13,,,,,False,,,,,,,,,,False,False
/poketool/pokegra/height.narc,/poketool/pokegra/height.narc!/member_01088,0,/poketool/pokegra/height.narc,404,1088,,19908,19909,4048,4049,1,beead77994cf573341ec17b58bbf7eb34d2711c993c1d976b128b3188dc1829a,08,,,,,False,,,,,,,,,,False,False
/poketool/pokegra/height.narc,/poketool/pokegra/height.narc!/member_01089,0,/poketool/pokegra/height.narc,404,1089,,19912,19913,4052,4053,1,beead77994cf573341ec17b58bbf7eb34d2711c993c1d976b128b3188dc1829a,08,,,,,False,,,,,,,,,,False,False
/poketool/pokegra/height.narc,/poketool/pokegra/height.narc!/member_01090,0,/poketool/pokegra/height.narc,404,1090,,19916,19917,4056,4057,1,ca358758f6d27e6cf45272937977a748fd88391db679ceda7dc7bf1f005ee879,07,,,,,False,,,,,,,,,,False,False
/poketool/pokegra/height.narc,/poketool/pokegra/height.narc!/member_01091,0,/poketool/pokegra/height.narc,404,1091,,19920,19921,4060,4061,1,ca358758f6d27e6cf45272937977a748fd88391db679ceda7dc7bf1f005ee879,07,,,,,False,,,,,,,,,,False,False
/poketool/pokegra/height.narc,/poketool/pokegra/height.narc!/member_01092,0,/poketool/pokegra/height.narc,404,1092,,19924,19925,4064,4065,1,beead77994cf573341ec17b58bbf7eb34d2711c993c1d976b128b3188dc1829a,08,,,,,False,,,,,,,,,,False,False
/poketool/pokegra/height.narc,/poketool/pokegra/height.narc!/member_01093,0,/poketool/pokegra/height.narc,404,1093,,19928,19929,4068,4069,1,beead77994cf573341ec17b58bbf7eb34d2711c993c1d976b128b3188dc1829a,08,,,,,False,,,,,,,,,,False,False
/poketool/pokegra/height.narc,/poketool/pokegra/height.narc!/member_01094,0,/poketool/pokegra/height.narc,404,1094,,19932,19933,4072,4073,1,7cb7c4547cf2653590d7a9ace60cc623d25148adfbc88a89aeb0ef88da7839ba,16,,,,,False,,,,,,,,,,False,False
/poketool/pokegra/height.narc,/poketool/pokegra/height.narc!/member_01095,0,/poketool/pokegra/height.narc,404,1095,,19936,19937,4076,4077,1,7cb7c4547cf2653590d7a9ace60cc623d25148adfbc88a89aeb0ef88da7839ba,16,,,,,False,,,,,,,,,,False,False
/poketool/pokegra/height.narc,/poketool/pokegra/height.narc!/member_01096,0,/poketool/pokegra/height.narc,404,1096,,19940,19941,4080,4081,1,beead77994cf573341ec17b58bbf7eb34d2711c993c1d976b128b3188dc1829a,08,,,,,False,,,,,,,,,,False,False
/poketool/pokegra/height.narc,/poketool/pokegra/height.narc!/member_01097,0,/poketool/pokegra/height.narc,404,1097,,19944,19945,4084,4085,1,beead77994cf573341ec17b58bbf7eb34d2711c993c1d976b128b3188dc1829a,08,,,,,False,,,,,,,,,,False,False
/poketool/pokegra/height.narc,/poketool/pokegra/height.narc!/member_01098,0,/poketool/pokegra/height.narc,404,1098,,19948,19949,4088,4089,1,c555eab45d08845ae9f10d452a99bfcb06f74a50b988fe7e48dd323789b88ee3,10,,Nintendo LZ10,Probable,,True,Nintendo LZ10,Probable,True,,,,,,,False,False
/poketool/pokegra/height.narc,/poketool/pokegra/height.narc!/member_01099,0,/poketool/pokegra/height.narc,404,1099,,19952,19953,4092,4093,1,c555eab45d08845ae9f10d452a99bfcb06f74a50b988fe7e48dd323789b88ee3,10,,Nintendo LZ10,Probable,,True,Nintendo LZ10,Probable,True,,,,,,,False,False
/poketool/pokegra/height.narc,/poketool/pokegra/height.narc!/member_01100,0,/poketool/pokegra/height.narc,404,1100,,19956,19957,4096,4097,1,dbc1b4c900ffe48d575b5da5c638040125f65db0fe3e24494b76ea986457d986,02,,,,,False,,,,,,,,,,False,False
/poketool/pokegra/height.narc,/poketool/pokegra/height.narc!/member_01101,0,/poketool/pokegra/height.narc,404,1101,,19960,19961,4100,4101,1,dbc1b4c900ffe48d575b5da5c638040125f65db0fe3e24494b76ea986457d986,02,,,,,False,,,,,,,,,,False,False
/poketool/pokegra/height.narc,/poketool/pokegra/height.narc!/member_01102,0,/poketool/pokegra/height.narc,404,1102,,19964,19965,4104,4105,1,01ba4719c80b6fe911b091a7c05124b64eeece964e09c058ef8f9805daca546b,0a,,,,,False,,,,,,,,,,False,False
/poketool/pokegra/height.narc,/poketool/pokegra/height.narc!/member_01103,0,/poketool/pokegra/height.narc,404,1103,,19968,19969,4108,4109,1,01ba4719c80b6fe911b091a7c05124b64eeece964e09c058ef8f9805daca546b,0a,,,,,False,,,,,,,,,,False,False
/poketool/pokegra/height.narc,/poketool/pokegra/height.narc!/member_01104,0,/poketool/pokegra/height.narc,404,1104,,19972,19973,4112,4113,1,c555eab45d08845ae9f10d452a99bfcb06f74a50b988fe7e48dd323789b88ee3,10,,Nintendo LZ10,Probable,,True,Nintendo LZ10,Probable,True,,,,,,,False,False
/poketool/pokegra/height.narc,/poketool/pokegra/height.narc!/member_01105,0,/poketool/pokegra/height.narc,404,1105,,19976,19977,4116,4117,1,c555eab45d08845ae9f10d452a99bfcb06f74a50b988fe7e48dd323789b88ee3,10,,Nintendo LZ10,Probable,,True,Nintendo LZ10,Probable,True,,,,,,,False,False
/poketool/pokegra/height.narc,/poketool/pokegra/height.narc!/member_01106,0,/poketool/pokegra/height.narc,404,1106,,19980,19981,4120,4121,1,452ba1ddef80246c48be7690193c76c1d61185906be9401014fe14f1be64b74f,18,,,,,False,,,,,,,,,,False,False
/poketool/pokegra/height.narc,/poketool/pokegra/height.narc!/member_01107,0,/poketool/pokegra/height.narc,404,1107,,19984,19985,4124,4125,1,452ba1ddef80246c48be7690193c76c1d61185906be9401014fe14f1be64b74f,18,,,,,False,,,,,,,,,,False,False
/poketool/pokegra/height.narc,/poketool/pokegra/height.narc!/member_01108,0,/poketool/pokegra/height.narc,404,1108,,19988,19989,4128,4129,1,beead77994cf573341ec17b58bbf7eb34d2711c993c1d976b128b3188dc1829a,08,,,,,False,,,,,,,,,,False,False
/poketool/pokegra/height.narc,/poketool/pokegra/height.narc!/member_01109,0,/poketool/pokegra/height.narc,404,1109,,19992,19993,4132,4133,1,beead77994cf573341ec17b58bbf7eb34d2711c993c1d976b128b3188dc1829a,08,,,,,False,,,,,,,,,,False,False
/poketool/pokegra/height.narc,/poketool/pokegra/height.narc!/member_01110,0,/poketool/pokegra/height.narc,404,1110,,19996,19997,4136,4137,1,beead77994cf573341ec17b58bbf7eb34d2711c993c1d976b128b3188dc1829a,08,,,,,False,,,,,,,,,,False,False
/poketool/pokegra/height.narc,/poketool/pokegra/height.narc!/member_01111,0,/poketool/pokegra/height.narc,404,1111,,20000,20001,4140,4141,1,beead77994cf573341ec17b58bbf7eb34d2711c993c1d976b128b3188dc1829a,08,,,,,False,,,,,,,,,,False,False
/poketool/pokegra/height.narc,/poketool/pokegra/height.narc!/member_01112,0,/poketool/pokegra/height.narc,404,1112,,20004,20005,4144,4145,1,c555eab45d08845ae9f10d452a99bfcb06f74a50b988fe7e48dd323789b88ee3,10,,Nintendo LZ10,Probable,,True,Nintendo LZ10,Probable,True,,,,,,,False,False
/poketool/pokegra/height.narc,/poketool/pokegra/height.narc!/member_01113,0,/poketool/pokegra/height.narc,404,1113,,20008,20009,4148,4149,1,c555eab45d08845ae9f10d452a99bfcb06f74a50b988fe7e48dd323789b88ee3,10,,Nintendo LZ10,Probable,,True,Nintendo LZ10,Probable,True,,,,,,,False,False
/poketool/pokegra/height.narc,/poketool/pokegra/height.narc!/member_01114,0,/poketool/pokegra/height.narc,404,1114,,20012,20013,4152,4153,1,dc0e9c3658a1a3ed1ec94274d8b19925c93e1abb7ddba294923ad9bde30f8cb8,0f,,,,,False,,,,,,,,,,False,False
/poketool/pokegra/height.narc,/poketool/pokegra/height.narc!/member_01115,0,/poketool/pokegra/height.narc,404,1115,,20016,20017,4156,4157,1,dc0e9c3658a1a3ed1ec94274d8b19925c93e1abb7ddba294923ad9bde30f8cb8,0f,,,,,False,,,,,,,,,,False,False
/poketool/pokegra/height.narc,/poketool/pokegra/height.narc!/member_01116,0,/poketool/pokegra/height.narc,404,1116,,20020,20021,4160,4161,1,ca358758f6d27e6cf45272937977a748fd88391db679ceda7dc7bf1f005ee879,07,,,,,False,,,,,,,,,,False,False
/poketool/pokegra/height.narc,/poketool/pokegra/height.narc!/member_01117,0,/poketool/pokegra/height.narc,404,1117,,20024,20025,4164,4165,1,ca358758f6d27e6cf45272937977a748fd88391db679ceda7dc7bf1f005ee879,07,,,,,False,,,,,,,,,,False,False
/poketool/pokegra/height.narc,/poketool/pokegra/height.narc!/member_01118,0,/poketool/pokegra/height.narc,404,1118,,20028,20029,4168,4169,1,e77b9a9ae9e30b0dbdb6f510a264ef9de781501d7b6b92ae89eb059c5ab743db,05,,,,,False,,,,,,,,,,False,False
/poketool/pokegra/height.narc,/poketool/pokegra/height.narc!/member_01119,0,/poketool/pokegra/height.narc,404,1119,,20032,20033,4172,4173,1,e77b9a9ae9e30b0dbdb6f510a264ef9de781501d7b6b92ae89eb059c5ab743db,05,,,,,False,,,,,,,,,,False,False
/poketool/pokegra/height.narc,/poketool/pokegra/height.narc!/member_01120,0,/poketool/pokegra/height.narc,404,1120,,20036,20037,4176,4177,1,c555eab45d08845ae9f10d452a99bfcb06f74a50b988fe7e48dd323789b88ee3,10,,Nintendo LZ10,Probable,,True,Nintendo LZ10,Probable,True,,,,,,,False,False
/poketool/pokegra/height.narc,/poketool/pokegra/height.narc!/member_01121,0,/poketool/pokegra/height.narc,404,1121,,20040,20041,4180,4181,1,c555eab45d08845ae9f10d452a99bfcb06f74a50b988fe7e48dd323789b88ee3,10,,Nintendo LZ10,Probable,,True,Nintendo LZ10,Probable,True,,,,,,,False,False
/poketool/pokegra/height.narc,/poketool/pokegra/height.narc!/member_01122,0,/poketool/pokegra/height.narc,404,1122,,20044,20045,4184,4185,1,2f0fd1e89b8de1d57292742ec380ea47066e307ad645f5bc3adad8a06ff58608,15,,,,,False,,,,,,,,,,False,False
/poketool/pokegra/height.narc,/poketool/pokegra/height.narc!/member_01123,0,/poketool/pokegra/height.narc,404,1123,,20048,20049,4188,4189,1,2f0fd1e89b8de1d57292742ec380ea47066e307ad645f5bc3adad8a06ff58608,15,,,,,False,,,,,,,,,,False,False
/poketool/pokegra/height.narc,/poketool/pokegra/height.narc!/member_01124,0,/poketool/pokegra/height.narc,404,1124,,20052,20053,4192,4193,1,ca358758f6d27e6cf45272937977a748fd88391db679ceda7dc7bf1f005ee879,07,,,,,False,,,,,,,,,,False,False
/poketool/pokegra/height.narc,/poketool/pokegra/height.narc!/member_01125,0,/poketool/pokegra/height.narc,404,1125,,20056,20057,4196,4197,1,ca358758f6d27e6cf45272937977a748fd88391db679ceda7dc7bf1f005ee879,07,,,,,False,,,,,,,,,,False,False
/poketool/pokegra/height.narc,/poketool/pokegra/height.narc!/member_01126,0,/poketool/pokegra/height.narc,404,1126,,20060,20061,4200,4201,1,4d7b3ef7300acf70c892d8327db8272f54434adbc61a4e130a563cb59a0d0f47,0e,,,,,False,,,,,,,,,,False,False
/poketool/pokegra/height.narc,/poketool/pokegra/height.narc!/member_01127,0,/poketool/pokegra/height.narc,404,1127,,20064,20065,4204,4205,1,4d7b3ef7300acf70c892d8327db8272f54434adbc61a4e130a563cb59a0d0f47,0e,,,,,False,,,,,,,,,,False,False
/poketool/pokegra/height.narc,/poketool/pokegra/height.narc!/member_01128,0,/poketool/pokegra/height.narc,404,1128,,20068,20069,4208,4209,1,ca358758f6d27e6cf45272937977a748fd88391db679ceda7dc7bf1f005ee879,07,,,,,False,,,,,,,,,,False,False
/poketool/pokegra/height.narc,/poketool/pokegra/height.narc!/member_01129,0,/poketool/pokegra/height.narc,404,1129,,20072,20073,4212,4213,1,ca358758f6d27e6cf45272937977a748fd88391db679ceda7dc7bf1f005ee879,07,,,,,False,,,,,,,,,,False,False
/poketool/pokegra/height.narc,/poketool/pokegra/height.narc!/member_01130,0,/poketool/pokegra/height.narc,404,1130,,20076,20077,4216,4217,1,084fed08b978af4d7d196a7446a86b58009e636b611db16211b65a9aadff29c5,03,,,,,False,,,,,,,,,,False,False
/poketool/pokegra/height.narc,/poketool/pokegra/height.narc!/member_01131,0,/poketool/pokegra/height.narc,404,1131,,20080,20081,4220,4221,1,084fed08b978af4d7d196a7446a86b58009e636b611db16211b65a9aadff29c5,03,,,,,False,,,,,,,,,,False,False
/poketool/pokegra/height.narc,/poketool/pokegra/height.narc!/member_01132,0,/poketool/pokegra/height.narc,404,1132,,20084,20085,4224,4225,1,2b4c342f5433ebe591a1da77e013d1b72475562d48578dca8b84bac6651c3cb9,09,,,,,False,,,,,,,,,,False,False
/poketool/pokegra/height.narc,/poketool/pokegra/height.narc!/member_01133,0,/poketool/pokegra/height.narc,404,1133,,20088,20089,4228,4229,1,2b4c342f5433ebe591a1da77e013d1b72475562d48578dca8b84bac6651c3cb9,09,,,,,False,,,,,,,,,,False,False
/poketool/pokegra/height.narc,/poketool/pokegra/height.narc!/member_01134,0,/poketool/pokegra/height.narc,404,1134,,20092,20093,4232,4233,1,83891d7fe85c33e52c8b4e5814c92fb6a3b9467299200538a6babaa8b452d879,14,,,,,False,,,,,,,,,,False,False
/poketool/pokegra/height.narc,/poketool/pokegra/height.narc!/member_01135,0,/poketool/pokegra/height.narc,404,1135,,20096,20097,4236,4237,1,83891d7fe85c33e52c8b4e5814c92fb6a3b9467299200538a6babaa8b452d879,14,,,,,False,,,,,,,,,,False,False
/poketool/pokegra/height.narc,/poketool/pokegra/height.narc!/member_01136,0,/poketool/pokegra/height.narc,404,1136,,20100,20101,4240,4241,1,6e340b9cffb37a989ca544e6bb780a2c78901d3fb33738768511a30617afa01d,00,,,,,False,,,,,,,,,,False,False
/poketool/pokegra/height.narc,/poketool/pokegra/height.narc!/member_01137,0,/poketool/pokegra/height.narc,404,1137,,20104,20105,4244,4245,1,6e340b9cffb37a989ca544e6bb780a2c78901d3fb33738768511a30617afa01d,00,,,,,False,,,,,,,,,,False,False
/poketool/pokegra/height.narc,/poketool/pokegra/height.narc!/member_01138,0,/poketool/pokegra/height.narc,404,1138,,20108,20109,4248,4249,1,e77b9a9ae9e30b0dbdb6f510a264ef9de781501d7b6b92ae89eb059c5ab743db,05,,,,,False,,,,,,,,,,False,False
/poketool/pokegra/height.narc,/poketool/pokegra/height.narc!/member_01139,0,/poketool/pokegra/height.narc,404,1139,,20112,20113,4252,4253,1,e77b9a9ae9e30b0dbdb6f510a264ef9de781501d7b6b92ae89eb059c5ab743db,05,,,,,False,,,,,,,,,,False,False
/poketool/pokegra/height.narc,/poketool/pokegra/height.narc!/member_01140,0,/poketool/pokegra/height.narc,404,1140,,20116,20117,4256,4257,1,6e340b9cffb37a989ca544e6bb780a2c78901d3fb33738768511a30617afa01d,00,,,,,False,,,,,,,,,,False,False
/poketool/pokegra/height.narc,/poketool/pokegra/height.narc!/member_01141,0,/poketool/pokegra/height.narc,404,1141,,20120,20121,4260,4261,1,6e340b9cffb37a989ca544e6bb780a2c78901d3fb33738768511a30617afa01d,00,,,,,False,,,,,,,,,,False,False
/poketool/pokegra/height.narc,/poketool/pokegra/height.narc!/member_01142,0,/poketool/pokegra/height.narc,404,1142,,20124,20125,4264,4265,1,452ba1ddef80246c48be7690193c76c1d61185906be9401014fe14f1be64b74f,18,,,,,False,,,,,,,,,,False,False
/poketool/pokegra/height.narc,/poketool/pokegra/height.narc!/member_01143,0,/poketool/pokegra/height.narc,404,1143,,20128,20129,4268,4269,1,452ba1ddef80246c48be7690193c76c1d61185906be9401014fe14f1be64b74f,18,,,,,False,,,,,,,,,,False,False
/poketool/pokegra/height.narc,/poketool/pokegra/height.narc!/member_01144,0,/poketool/pokegra/height.narc,404,1144,,20132,20133,4272,4273,1,beead77994cf573341ec17b58bbf7eb34d2711c993c1d976b128b3188dc1829a,08,,,,,False,,,,,,,,,,False,False
/poketool/pokegra/height.narc,/poketool/pokegra/height.narc!/member_01145,0,/poketool/pokegra/height.narc,404,1145,,20136,20137,4276,4277,1,beead77994cf573341ec17b58bbf7eb34d2711c993c1d976b128b3188dc1829a,08,,,,,False,,,,,,,,,,False,False
/poketool/pokegra/height.narc,/poketool/pokegra/height.narc!/member_01146,0,/poketool/pokegra/height.narc,404,1146,,20140,20141,4280,4281,1,2b4c342f5433ebe591a1da77e013d1b72475562d48578dca8b84bac6651c3cb9,09,,,,,False,,,,,,,,,,False,False
/poketool/pokegra/height.narc,/poketool/pokegra/height.narc!/member_01147,0,/poketool/pokegra/height.narc,404,1147,,20144,20145,4284,4285,1,2b4c342f5433ebe591a1da77e013d1b72475562d48578dca8b84bac6651c3cb9,09,,,,,False,,,,,,,,,,False,False
/poketool/pokegra/height.narc,/poketool/pokegra/height.narc!/member_01148,0,/poketool/pokegra/height.narc,404,1148,,20148,20149,4288,4289,1,c555eab45d08845ae9f10d452a99bfcb06f74a50b988fe7e48dd323789b88ee3,10,,Nintendo LZ10,Probable,,True,Nintendo LZ10,Probable,True,,,,,,,False,False
/poketool/pokegra/height.narc,/poketool/pokegra/height.narc!/member_01149,0,/poketool/pokegra/height.narc,404,1149,,20152,20153,4292,4293,1,c555eab45d08845ae9f10d452a99bfcb06f74a50b988fe7e48dd323789b88ee3,10,,Nintendo LZ10,Probable,,True,Nintendo LZ10,Probable,True,,,,,,,False,False
/poketool/pokegra/height.narc,/poketool/pokegra/height.narc!/member_01150,0,/poketool/pokegra/height.narc,404,1150,,20156,20157,4296,4297,1,68aa2e2ee5dff96e3355e6c7ee373e3d6a4e17f75f9518d843709c0c9bc3e3d4,19,,,,,False,,,,,,,,,,False,False
/poketool/pokegra/height.narc,/poketool/pokegra/height.narc!/member_01151,0,/poketool/pokegra/height.narc,404,1151,,20160,20161,4300,4301,1,68aa2e2ee5dff96e3355e6c7ee373e3d6a4e17f75f9518d843709c0c9bc3e3d4,19,,,,,False,,,,,,,,,,False,False
/poketool/pokegra/height.narc,/poketool/pokegra/height.narc!/member_01152,0,/poketool/pokegra/height.narc,404,1152,,20164,20165,4304,4305,1,6e340b9cffb37a989ca544e6bb780a2c78901d3fb33738768511a30617afa01d,00,,,,,False,,,,,,,,,,False,False
/poketool/pokegra/height.narc,/poketool/pokegra/height.narc!/member_01153,0,/poketool/pokegra/height.narc,404,1153,,20168,20169,4308,4309,1,6e340b9cffb37a989ca544e6bb780a2c78901d3fb33738768511a30617afa01d,00,,,,,False,,,,,,,,,,False,False
/poketool/pokegra/height.narc,/poketool/pokegra/height.narc!/member_01154,0,/poketool/pokegra/height.narc,404,1154,,20172,20173,4312,4313,1,ca358758f6d27e6cf45272937977a748fd88391db679ceda7dc7bf1f005ee879,07,,,,,False,,,,,,,,,,False,False
/poketool/pokegra/height.narc,/poketool/pokegra/height.narc!/member_01155,0,/poketool/pokegra/height.narc,404,1155,,20176,20177,4316,4317,1,ca358758f6d27e6cf45272937977a748fd88391db679ceda7dc7bf1f005ee879,07,,,,,False,,,,,,,,,,False,False
/poketool/pokegra/height.narc,/poketool/pokegra/height.narc!/member_01156,0,/poketool/pokegra/height.narc,404,1156,,20180,20181,4320,4321,1,beead77994cf573341ec17b58bbf7eb34d2711c993c1d976b128b3188dc1829a,08,,,,,False,,,,,,,,,,False,False
/poketool/pokegra/height.narc,/poketool/pokegra/height.narc!/member_01157,0,/poketool/pokegra/height.narc,404,1157,,20184,20185,4324,4325,1,beead77994cf573341ec17b58bbf7eb34d2711c993c1d976b128b3188dc1829a,08,,,,,False,,,,,,,,,,False,False
/poketool/pokegra/height.narc,/poketool/pokegra/height.narc!/member_01158,0,/poketool/pokegra/height.narc,404,1158,,20188,20189,4328,4329,1,2b4c342f5433ebe591a1da77e013d1b72475562d48578dca8b84bac6651c3cb9,09,,,,,False,,,,,,,,,,False,False
/poketool/pokegra/height.narc,/poketool/pokegra/height.narc!/member_01159,0,/poketool/pokegra/height.narc,404,1159,,20192,20193,4332,4333,1,2b4c342f5433ebe591a1da77e013d1b72475562d48578dca8b84bac6651c3cb9,09,,,,,False,,,,,,,,,,False,False
/poketool/pokegra/height.narc,/poketool/pokegra/height.narc!/member_01160,0,/poketool/pokegra/height.narc,404,1160,,20196,20197,4336,4337,1,c555eab45d08845ae9f10d452a99bfcb06f74a50b988fe7e48dd323789b88ee3,10,,Nintendo LZ10,Probable,,True,Nintendo LZ10,Probable,True,,,,,,,False,False
/poketool/pokegra/height.narc,/poketool/pokegra/height.narc!/member_01161,0,/poketool/pokegra/height.narc,404,1161,,20200,20201,4340,4341,1,c555eab45d08845ae9f10d452a99bfcb06f74a50b988fe7e48dd323789b88ee3,10,,Nintendo LZ10,Probable,,True,Nintendo LZ10,Probable,True,,,,,,,False,False
/poketool/pokegra/height.narc,/poketool/pokegra/height.narc!/member_01162,0,/poketool/pokegra/height.narc,404,1162,,20204,20205,4344,4345,1,77adfc95029e73b173f60e556f915b0cd8850848111358b1c370fb7c154e61fd,1b,,,,,False,,,,,,,,,,False,False
/poketool/pokegra/height.narc,/poketool/pokegra/height.narc!/member_01163,0,/poketool/pokegra/height.narc,404,1163,,20208,20209,4348,4349,1,77adfc95029e73b173f60e556f915b0cd8850848111358b1c370fb7c154e61fd,1b,,,,,False,,,,,,,,,,False,False
/poketool/pokegra/height.narc,/poketool/pokegra/height.narc!/member_01164,0,/poketool/pokegra/height.narc,404,1164,,20212,20213,4352,4353,1,c555eab45d08845ae9f10d452a99bfcb06f74a50b988fe7e48dd323789b88ee3,10,,Nintendo LZ10,Probable,,True,Nintendo LZ10,Probable,True,,,,,,,False,False
/poketool/pokegra/height.narc,/poketool/pokegra/height.narc!/member_01165,0,/poketool/pokegra/height.narc,404,1165,,20216,20217,4356,4357,1,c555eab45d08845ae9f10d452a99bfcb06f74a50b988fe7e48dd323789b88ee3,10,,Nintendo LZ10,Probable,,True,Nintendo LZ10,Probable,True,,,,,,,False,False
/poketool/pokegra/height.narc,/poketool/pokegra/height.narc!/member_01166,0,/poketool/pokegra/height.narc,404,1166,,20220,20221,4360,4361,1,ab897fbdedfa502b2d839b6a56100887dccdc507555c282e59589e06300a62e2,13,,,,,False,,,,,,,,,,False,False
/poketool/pokegra/height.narc,/poketool/pokegra/height.narc!/member_01167,0,/poketool/pokegra/height.narc,404,1167,,20224,20225,4364,4365,1,ab897fbdedfa502b2d839b6a56100887dccdc507555c282e59589e06300a62e2,13,,,,,False,,,,,,,,,,False,False
/poketool/pokegra/height.narc,/poketool/pokegra/height.narc!/member_01168,0,/poketool/pokegra/height.narc,404,1168,,20228,20228,4368,4368,0,e3b0c44298fc1c149afbf4c8996fb92427ae41e4649b934ca495991b7852b855,,,,,,False,,,,,,,,,,False,False
/poketool/pokegra/height.narc,/poketool/pokegra/height.narc!/member_01169,0,/poketool/pokegra/height.narc,404,1169,,20228,20229,4368,4369,1,beead77994cf573341ec17b58bbf7eb34d2711c993c1d976b128b3188dc1829a,08,,,,,False,,,,,,,,,,False,False
/poketool/pokegra/height.narc,/poketool/pokegra/height.narc!/member_01170,0,/poketool/pokegra/height.narc,404,1170,,20232,20232,4372,4372,0,e3b0c44298fc1c149afbf4c8996fb92427ae41e4649b934ca495991b7852b855,,,,,,False,,,,,,,,,,False,False
/poketool/pokegra/height.narc,/poketool/pokegra/height.narc!/member_01171,0,/poketool/pokegra/height.narc,404,1171,,20232,20233,4372,4373,1,f299791cddd3d6664f6670842812ef6053eb6501bd6282a476bbbf3ee91e750c,12,,,,,False,,,,,,,,,,False,False
/poketool/pokegra/height.narc,/poketool/pokegra/height.narc!/member_01172,0,/poketool/pokegra/height.narc,404,1172,,20236,20237,4376,4377,1,beead77994cf573341ec17b58bbf7eb34d2711c993c1d976b128b3188dc1829a,08,,,,,False,,,,,,,,,,False,False
/poketool/pokegra/height.narc,/poketool/pokegra/height.narc!/member_01173,0,/poketool/pokegra/height.narc,404,1173,,20240,20241,4380,4381,1,beead77994cf573341ec17b58bbf7eb34d2711c993c1d976b128b3188dc1829a,08,,,,,False,,,,,,,,,,False,False
/poketool/pokegra/height.narc,/poketool/pokegra/height.narc!/member_01174,0,/poketool/pokegra/height.narc,404,1174,,20244,20245,4384,4385,1,2f0fd1e89b8de1d57292742ec380ea47066e307ad645f5bc3adad8a06ff58608,15,,,,,False,,,,,,,,,,False,False
/poketool/pokegra/height.narc,/poketool/pokegra/height.narc!/member_01175,0,/poketool/pokegra/height.narc,404,1175,,20248,20249,4388,4389,1,2f0fd1e89b8de1d57292742ec380ea47066e307ad645f5bc3adad8a06ff58608,15,,,,,False,,,,,,,,,,False,False
/poketool/pokegra/height.narc,/poketool/pokegra/height.narc!/member_01176,0,/poketool/pokegra/height.narc,404,1176,,20252,20253,4392,4393,1,beead77994cf573341ec17b58bbf7eb34d2711c993c1d976b128b3188dc1829a,08,,,,,False,,,,,,,,,,False,False
/poketool/pokegra/height.narc,/poketool/pokegra/height.narc!/member_01177,0,/poketool/pokegra/height.narc,404,1177,,20256,20257,4396,4397,1,beead77994cf573341ec17b58bbf7eb34d2711c993c1d976b128b3188dc1829a,08,,,,,False,,,,,,,,,,False,False
/poketool/pokegra/height.narc,/poketool/pokegra/height.narc!/member_01178,0,/poketool/pokegra/height.narc,404,1178,,20260,20261,4400,4401,1,2b4c342f5433ebe591a1da77e013d1b72475562d48578dca8b84bac6651c3cb9,09,,,,,False,,,,,,,,,,False,False
/poketool/pokegra/height.narc,/poketool/pokegra/height.narc!/member_01179,0,/poketool/pokegra/height.narc,404,1179,,20264,20265,4404,4405,1,2b4c342f5433ebe591a1da77e013d1b72475562d48578dca8b84bac6651c3cb9,09,,,,,False,,,,,,,,,,False,False
/poketool/pokegra/height.narc,/poketool/pokegra/height.narc!/member_01180,0,/poketool/pokegra/height.narc,404,1180,,20268,20269,4408,4409,1,6e340b9cffb37a989ca544e6bb780a2c78901d3fb33738768511a30617afa01d,00,,,,,False,,,,,,,,,,False,False
/poketool/pokegra/height.narc,/poketool/pokegra/height.narc!/member_01181,0,/poketool/pokegra/height.narc,404,1181,,20272,20273,4412,4413,1,6e340b9cffb37a989ca544e6bb780a2c78901d3fb33738768511a30617afa01d,00,,,,,False,,,,,,,,,,False,False
/poketool/pokegra/height.narc,/poketool/pokegra/height.narc!/member_01182,0,/poketool/pokegra/height.narc,404,1182,,20276,20277,4416,4417,1,beead77994cf573341ec17b58bbf7eb34d2711c993c1d976b128b3188dc1829a,08,,,,,False,,,,,,,,,,False,False
/poketool/pokegra/height.narc,/poketool/pokegra/height.narc!/member_01183,0,/poketool/pokegra/height.narc,404,1183,,20280,20281,4420,4421,1,beead77994cf573341ec17b58bbf7eb34d2711c993c1d976b128b3188dc1829a,08,,,,,False,,,,,,,,,,False,False
/poketool/pokegra/height.narc,/poketool/pokegra/height.narc!/member_01184,0,/poketool/pokegra/height.narc,404,1184,,20284,20285,4424,4425,1,beead77994cf573341ec17b58bbf7eb34d2711c993c1d976b128b3188dc1829a,08,,,,,False,,,,,,,,,,False,False
/poketool/pokegra/height.narc,/poketool/pokegra/height.narc!/member_01185,0,/poketool/pokegra/height.narc,404,1185,,20288,20289,4428,4429,1,beead77994cf573341ec17b58bbf7eb34d2711c993c1d976b128b3188dc1829a,08,,,,,False,,,,,,,,,,False,False
/poketool/pokegra/height.narc,/poketool/pokegra/height.narc!/member_01186,0,/poketool/pokegra/height.narc,404,1186,,20292,20293,4432,4433,1,c555eab45d08845ae9f10d452a99bfcb06f74a50b988fe7e48dd323789b88ee3,10,,Nintendo LZ10,Probable,,True,Nintendo LZ10,Probable,True,,,,,,,False,False
/poketool/pokegra/height.narc,/poketool/pokegra/height.narc!/member_01187,0,/poketool/pokegra/height.narc,404,1187,,20296,20297,4436,4437,1,c555eab45d08845ae9f10d452a99bfcb06f74a50b988fe7e48dd323789b88ee3,10,,Nintendo LZ10,Probable,,True,Nintendo LZ10,Probable,True,,,,,,,False,False
/poketool/pokegra/height.narc,/poketool/pokegra/height.narc!/member_01188,0,/poketool/pokegra/height.narc,404,1188,,20300,20301,4440,4441,1,beead77994cf573341ec17b58bbf7eb34d2711c993c1d976b128b3188dc1829a,08,,,,,False,,,,,,,,,,False,False
/poketool/pokegra/height.narc,/poketool/pokegra/height.narc!/member_01189,0,/poketool/pokegra/height.narc,404,1189,,20304,20305,4444,4445,1,beead77994cf573341ec17b58bbf7eb34d2711c993c1d976b128b3188dc1829a,08,,,,,False,,,,,,,,,,False,False
/poketool/pokegra/height.narc,/poketool/pokegra/height.narc!/member_01190,0,/poketool/pokegra/height.narc,404,1190,,20308,20309,4448,4449,1,67586e98fad27da0b9968bc039a1ef34c939b9b8e523a8bef89d478608c5ecf6,06,,,,,False,,,,,,,,,,False,False
/poketool/pokegra/height.narc,/poketool/pokegra/height.narc!/member_01191,0,/poketool/pokegra/height.narc,404,1191,,20312,20313,4452,4453,1,67586e98fad27da0b9968bc039a1ef34c939b9b8e523a8bef89d478608c5ecf6,06,,,,,False,,,,,,,,,,False,False
/poketool/pokegra/height.narc,/poketool/pokegra/height.narc!/member_01192,0,/poketool/pokegra/height.narc,404,1192,,20316,20317,4456,4457,1,beead77994cf573341ec17b58bbf7eb34d2711c993c1d976b128b3188dc1829a,08,,,,,False,,,,,,,,,,False,False
/poketool/pokegra/height.narc,/poketool/pokegra/height.narc!/member_01193,0,/poketool/pokegra/height.narc,404,1193,,20320,20321,4460,4461,1,beead77994cf573341ec17b58bbf7eb34d2711c993c1d976b128b3188dc1829a,08,,,,,False,,,,,,,,,,False,False
/poketool/pokegra/height.narc,/poketool/pokegra/height.narc!/member_01194,0,/poketool/pokegra/height.narc,404,1194,,20324,20325,4464,4465,1,83891d7fe85c33e52c8b4e5814c92fb6a3b9467299200538a6babaa8b452d879,14,,,,,False,,,,,,,,,,False,False
/poketool/pokegra/height.narc,/poketool/pokegra/height.narc!/member_01195,0,/poketool/pokegra/height.narc,404,1195,,20328,20329,4468,4469,1,83891d7fe85c33e52c8b4e5814c92fb6a3b9467299200538a6babaa8b452d879,14,,,,,False,,,,,,,,,,False,False
/poketool/pokegra/height.narc,/poketool/pokegra/height.narc!/member_01196,0,/poketool/pokegra/height.narc,404,1196,,20332,20333,4472,4473,1,beead77994cf573341ec17b58bbf7eb34d2711c993c1d976b128b3188dc1829a,08,,,,,False,,,,,,,,,,False,False
/poketool/pokegra/height.narc,/poketool/pokegra/height.narc!/member_01197,0,/poketool/pokegra/height.narc,404,1197,,20336,20337,4476,4477,1,beead77994cf573341ec17b58bbf7eb34d2711c993c1d976b128b3188dc1829a,08,,,,,False,,,,,,,,,,False,False
/poketool/pokegra/height.narc,/poketool/pokegra/height.narc!/member_01198,0,/poketool/pokegra/height.narc,404,1198,,20340,20341,4480,4481,1,c555eab45d08845ae9f10d452a99bfcb06f74a50b988fe7e48dd323789b88ee3,10,,Nintendo LZ10,Probable,,True,Nintendo LZ10,Probable,True,,,,,,,False,False
/poketool/pokegra/height.narc,/poketool/pokegra/height.narc!/member_01199,0,/poketool/pokegra/height.narc,404,1199,,20344,20345,4484,4485,1,c555eab45d08845ae9f10d452a99bfcb06f74a50b988fe7e48dd323789b88ee3,10,,Nintendo LZ10,Probable,,True,Nintendo LZ10,Probable,True,,,,,,,False,False
/poketool/pokegra/height.narc,/poketool/pokegra/height.narc!/member_01200,0,/poketool/pokegra/height.narc,404,1200,,20348,20349,4488,4489,1,ca358758f6d27e6cf45272937977a748fd88391db679ceda7dc7bf1f005ee879,07,,,,,False,,,,,,,,,,False,False
/poketool/pokegra/height.narc,/poketool/pokegra/height.narc!/member_01201,0,/poketool/pokegra/height.narc,404,1201,,20352,20353,4492,4493,1,ca358758f6d27e6cf45272937977a748fd88391db679ceda7dc7bf1f005ee879,07,,,,,False,,,,,,,,,,False,False
/poketool/pokegra/height.narc,/poketool/pokegra/height.narc!/member_01202,0,/poketool/pokegra/height.narc,404,1202,,20356,20357,4496,4497,1,83891d7fe85c33e52c8b4e5814c92fb6a3b9467299200538a6babaa8b452d879,14,,,,,False,,,,,,,,,,False,False
/poketool/pokegra/height.narc,/poketool/pokegra/height.narc!/member_01203,0,/poketool/pokegra/height.narc,404,1203,,20360,20361,4500,4501,1,83891d7fe85c33e52c8b4e5814c92fb6a3b9467299200538a6babaa8b452d879,14,,,,,False,,,,,,,,,,False,False
/poketool/pokegra/height.narc,/poketool/pokegra/height.narc!/member_01204,0,/poketool/pokegra/height.narc,404,1204,,20364,20365,4504,4505,1,6e340b9cffb37a989ca544e6bb780a2c78901d3fb33738768511a30617afa01d,00,,,,,False,,,,,,,,,,False,False
/poketool/pokegra/height.narc,/poketool/pokegra/height.narc!/member_01205,0,/poketool/pokegra/height.narc,404,1205,,20368,20369,4508,4509,1,6e340b9cffb37a989ca544e6bb780a2c78901d3fb33738768511a30617afa01d,00,,,,,False,,,,,,,,,,False,False
/poketool/pokegra/height.narc,/poketool/pokegra/height.narc!/member_01206,0,/poketool/pokegra/height.narc,404,1206,,20372,20373,4512,4513,1,ef6cbd2161eaea7943ce8693b9824d23d1793ffb1c0fca05b600d3899b44c977,0c,,,,,False,,,,,,,,,,False,False
/poketool/pokegra/height.narc,/poketool/pokegra/height.narc!/member_01207,0,/poketool/pokegra/height.narc,404,1207,,20376,20377,4516,4517,1,ef6cbd2161eaea7943ce8693b9824d23d1793ffb1c0fca05b600d3899b44c977,0c,,,,,False,,,,,,,,,,False,False
/poketool/pokegra/height.narc,/poketool/pokegra/height.narc!/member_01208,0,/poketool/pokegra/height.narc,404,1208,,20380,20381,4520,4521,1,c555eab45d08845ae9f10d452a99bfcb06f74a50b988fe7e48dd323789b88ee3,10,,Nintendo LZ10,Probable,,True,Nintendo LZ10,Probable,True,,,,,,,False,False
/poketool/pokegra/height.narc,/poketool/pokegra/height.narc!/member_01209,0,/poketool/pokegra/height.narc,404,1209,,20384,20385,4524,4525,1,c555eab45d08845ae9f10d452a99bfcb06f74a50b988fe7e48dd323789b88ee3,10,,Nintendo LZ10,Probable,,True,Nintendo LZ10,Probable,True,,,,,,,False,False
/poketool/pokegra/height.narc,/poketool/pokegra/height.narc!/member_01210,0,/poketool/pokegra/height.narc,404,1210,,20388,20389,4528,4529,1,f299791cddd3d6664f6670842812ef6053eb6501bd6282a476bbbf3ee91e750c,12,,,,,False,,,,,,,,,,False,False
/poketool/pokegra/height.narc,/poketool/pokegra/height.narc!/member_01211,0,/poketool/pokegra/height.narc,404,1211,,20392,20393,4532,4533,1,f299791cddd3d6664f6670842812ef6053eb6501bd6282a476bbbf3ee91e750c,12,,,,,False,,,,,,,,,,False,False
/poketool/pokegra/height.narc,/poketool/pokegra/height.narc!/member_01212,0,/poketool/pokegra/height.narc,404,1212,,20396,20397,4536,4537,1,beead77994cf573341ec17b58bbf7eb34d2711c993c1d976b128b3188dc1829a,08,,,,,False,,,,,,,,,,False,False
/poketool/pokegra/height.narc,/poketool/pokegra/height.narc!/member_01213,0,/poketool/pokegra/height.narc,404,1213,,20400,20401,4540,4541,1,beead77994cf573341ec17b58bbf7eb34d2711c993c1d976b128b3188dc1829a,08,,,,,False,,,,,,,,,,False,False
/poketool/pokegra/height.narc,/poketool/pokegra/height.narc!/member_01214,0,/poketool/pokegra/height.narc,404,1214,,20404,20405,4544,4545,1,4a64a107f0cb32536e5bce6c98c393db21cca7f4ea187ba8c4dca8b51d4ea80a,11,,Nintendo LZ11,Probable,,True,Nintendo LZ11,Probable,True,,,,,,,False,False
/poketool/pokegra/height.narc,/poketool/pokegra/height.narc!/member_01215,0,/poketool/pokegra/height.narc,404,1215,,20408,20409,4548,4549,1,4a64a107f0cb32536e5bce6c98c393db21cca7f4ea187ba8c4dca8b51d4ea80a,11,,Nintendo LZ11,Probable,,True,Nintendo LZ11,Probable,True,,,,,,,False,False
/poketool/pokegra/height.narc,/poketool/pokegra/height.narc!/member_01216,0,/poketool/pokegra/height.narc,404,1216,,20412,20413,4552,4553,1,beead77994cf573341ec17b58bbf7eb34d2711c993c1d976b128b3188dc1829a,08,,,,,False,,,,,,,,,,False,False
/poketool/pokegra/height.narc,/poketool/pokegra/height.narc!/member_01217,0,/poketool/pokegra/height.narc,404,1217,,20416,20417,4556,4557,1,beead77994cf573341ec17b58bbf7eb34d2711c993c1d976b128b3188dc1829a,08,,,,,False,,,,,,,,,,False,False
/poketool/pokegra/height.narc,/poketool/pokegra/height.narc!/member_01218,0,/poketool/pokegra/height.narc,404,1218,,20420,20421,4560,4561,1,68aa2e2ee5dff96e3355e6c7ee373e3d6a4e17f75f9518d843709c0c9bc3e3d4,19,,,,,False,,,,,,,,,,False,False
/poketool/pokegra/height.narc,/poketool/pokegra/height.narc!/member_01219,0,/poketool/pokegra/height.narc,404,1219,,20424,20425,4564,4565,1,68aa2e2ee5dff96e3355e6c7ee373e3d6a4e17f75f9518d843709c0c9bc3e3d4,19,,,,,False,,,,,,,,,,False,False
/poketool/pokegra/height.narc,/poketool/pokegra/height.narc!/member_01220,0,/poketool/pokegra/height.narc,404,1220,,20428,20429,4568,4569,1,beead77994cf573341ec17b58bbf7eb34d2711c993c1d976b128b3188dc1829a,08,,,,,False,,,,,,,,,,False,False
/poketool/pokegra/height.narc,/poketool/pokegra/height.narc!/member_01221,0,/poketool/pokegra/height.narc,404,1221,,20432,20433,4572,4573,1,beead77994cf573341ec17b58bbf7eb34d2711c993c1d976b128b3188dc1829a,08,,,,,False,,,,,,,,,,False,False
/poketool/pokegra/height.narc,/poketool/pokegra/height.narc!/member_01222,0,/poketool/pokegra/height.narc,404,1222,,20436,20437,4576,4577,1,f299791cddd3d6664f6670842812ef6053eb6501bd6282a476bbbf3ee91e750c,12,,,,,False,,,,,,,,,,False,False
/poketool/pokegra/height.narc,/poketool/pokegra/height.narc!/member_01223,0,/poketool/pokegra/height.narc,404,1223,,20440,20441,4580,4581,1,f299791cddd3d6664f6670842812ef6053eb6501bd6282a476bbbf3ee91e750c,12,,,,,False,,,,,,,,,,False,False
/poketool/pokegra/height.narc,/poketool/pokegra/height.narc!/member_01224,0,/poketool/pokegra/height.narc,404,1224,,20444,20445,4584,4585,1,beead77994cf573341ec17b58bbf7eb34d2711c993c1d976b128b3188dc1829a,08,,,,,False,,,,,,,,,,False,False
/poketool/pokegra/height.narc,/poketool/pokegra/height.narc!/member_01225,0,/poketool/pokegra/height.narc,404,1225,,20448,20449,4588,4589,1,beead77994cf573341ec17b58bbf7eb34d2711c993c1d976b128b3188dc1829a,08,,,,,False,,,,,,,,,,False,False
/poketool/pokegra/height.narc,/poketool/pokegra/height.narc!/member_01226,0,/poketool/pokegra/height.narc,404,1226,,20452,20453,4592,4593,1,67586e98fad27da0b9968bc039a1ef34c939b9b8e523a8bef89d478608c5ecf6,06,,,,,False,,,,,,,,,,False,False
/poketool/pokegra/height.narc,/poketool/pokegra/height.narc!/member_01227,0,/poketool/pokegra/height.narc,404,1227,,20456,20457,4596,4597,1,67586e98fad27da0b9968bc039a1ef34c939b9b8e523a8bef89d478608c5ecf6,06,,,,,False,,,,,,,,,,False,False
/poketool/pokegra/height.narc,/poketool/pokegra/height.narc!/member_01228,0,/poketool/pokegra/height.narc,404,1228,,20460,20461,4600,4601,1,beead77994cf573341ec17b58bbf7eb34d2711c993c1d976b128b3188dc1829a,08,,,,,False,,,,,,,,,,False,False
/poketool/pokegra/height.narc,/poketool/pokegra/height.narc!/member_01229,0,/poketool/pokegra/height.narc,404,1229,,20464,20465,4604,4605,1,beead77994cf573341ec17b58bbf7eb34d2711c993c1d976b128b3188dc1829a,08,,,,,False,,,,,,,,,,False,False
/poketool/pokegra/height.narc,/poketool/pokegra/height.narc!/member_01230,0,/poketool/pokegra/height.narc,404,1230,,20468,20469,4608,4609,1,83891d7fe85c33e52c8b4e5814c92fb6a3b9467299200538a6babaa8b452d879,14,,,,,False,,,,,,,,,,False,False
/poketool/pokegra/height.narc,/poketool/pokegra/height.narc!/member_01231,0,/poketool/pokegra/height.narc,404,1231,,20472,20473,4612,4613,1,83891d7fe85c33e52c8b4e5814c92fb6a3b9467299200538a6babaa8b452d879,14,,,,,False,,,,,,,,,,False,False
/poketool/pokegra/height.narc,/poketool/pokegra/height.narc!/member_01232,0,/poketool/pokegra/height.narc,404,1232,,20476,20477,4616,4617,1,6e340b9cffb37a989ca544e6bb780a2c78901d3fb33738768511a30617afa01d,00,,,,,False,,,,,,,,,,False,False
/poketool/pokegra/height.narc,/poketool/pokegra/height.narc!/member_01233,0,/poketool/pokegra/height.narc,404,1233,,20480,20481,4620,4621,1,6e340b9cffb37a989ca544e6bb780a2c78901d3fb33738768511a30617afa01d,00,,,,,False,,,,,,,,,,False,False
/poketool/pokegra/height.narc,/poketool/pokegra/height.narc!/member_01234,0,/poketool/pokegra/height.narc,404,1234,,20484,20485,4624,4625,1,ca358758f6d27e6cf45272937977a748fd88391db679ceda7dc7bf1f005ee879,07,,,,,False,,,,,,,,,,False,False
/poketool/pokegra/height.narc,/poketool/pokegra/height.narc!/member_01235,0,/poketool/pokegra/height.narc,404,1235,,20488,20489,4628,4629,1,ca358758f6d27e6cf45272937977a748fd88391db679ceda7dc7bf1f005ee879,07,,,,,False,,,,,,,,,,False,False
/poketool/pokegra/height.narc,/poketool/pokegra/height.narc!/member_01236,0,/poketool/pokegra/height.narc,404,1236,,20492,20493,4632,4633,1,c555eab45d08845ae9f10d452a99bfcb06f74a50b988fe7e48dd323789b88ee3,10,,Nintendo LZ10,Probable,,True,Nintendo LZ10,Probable,True,,,,,,,False,False
/poketool/pokegra/height.narc,/poketool/pokegra/height.narc!/member_01237,0,/poketool/pokegra/height.narc,404,1237,,20496,20497,4636,4637,1,c555eab45d08845ae9f10d452a99bfcb06f74a50b988fe7e48dd323789b88ee3,10,,Nintendo LZ10,Probable,,True,Nintendo LZ10,Probable,True,,,,,,,False,False
/poketool/pokegra/height.narc,/poketool/pokegra/height.narc!/member_01238,0,/poketool/pokegra/height.narc,404,1238,,20500,20501,4640,4641,1,8f11b05da785e43e713d03774c6bd3405d99cd3024af334ffd68db663aa37034,17,,,,,False,,,,,,,,,,False,False
/poketool/pokegra/height.narc,/poketool/pokegra/height.narc!/member_01239,0,/poketool/pokegra/height.narc,404,1239,,20504,20505,4644,4645,1,8f11b05da785e43e713d03774c6bd3405d99cd3024af334ffd68db663aa37034,17,,,,,False,,,,,,,,,,False,False
/poketool/pokegra/height.narc,/poketool/pokegra/height.narc!/member_01240,0,/poketool/pokegra/height.narc,404,1240,,20508,20509,4648,4649,1,6e340b9cffb37a989ca544e6bb780a2c78901d3fb33738768511a30617afa01d,00,,,,,False,,,,,,,,,,False,False
/poketool/pokegra/height.narc,/poketool/pokegra/height.narc!/member_01241,0,/poketool/pokegra/height.narc,404,1241,,20512,20513,4652,4653,1,6e340b9cffb37a989ca544e6bb780a2c78901d3fb33738768511a30617afa01d,00,,,,,False,,,,,,,,,,False,False
/poketool/pokegra/height.narc,/poketool/pokegra/height.narc!/member_01242,0,/poketool/pokegra/height.narc,404,1242,,20516,20517,4656,4657,1,beead77994cf573341ec17b58bbf7eb34d2711c993c1d976b128b3188dc1829a,08,,,,,False,,,,,,,,,,False,False
/poketool/pokegra/height.narc,/poketool/pokegra/height.narc!/member_01243,0,/poketool/pokegra/height.narc,404,1243,,20520,20521,4660,4661,1,beead77994cf573341ec17b58bbf7eb34d2711c993c1d976b128b3188dc1829a,08,,,,,False,,,,,,,,,,False,False
/poketool/pokegra/height.narc,/poketool/pokegra/height.narc!/member_01244,0,/poketool/pokegra/height.narc,404,1244,,20524,20525,4664,4665,1,67586e98fad27da0b9968bc039a1ef34c939b9b8e523a8bef89d478608c5ecf6,06,,,,,False,,,,,,,,,,False,False
/poketool/pokegra/height.narc,/poketool/pokegra/height.narc!/member_01245,0,/poketool/pokegra/height.narc,404,1245,,20528,20529,4668,4669,1,67586e98fad27da0b9968bc039a1ef34c939b9b8e523a8bef89d478608c5ecf6,06,,,,,False,,,,,,,,,,False,False
/poketool/pokegra/height.narc,/poketool/pokegra/height.narc!/member_01246,0,/poketool/pokegra/height.narc,404,1246,,20532,20533,4672,4673,1,83891d7fe85c33e52c8b4e5814c92fb6a3b9467299200538a6babaa8b452d879,14,,,,,False,,,,,,,,,,False,False
/poketool/pokegra/height.narc,/poketool/pokegra/height.narc!/member_01247,0,/poketool/pokegra/height.narc,404,1247,,20536,20537,4676,4677,1,83891d7fe85c33e52c8b4e5814c92fb6a3b9467299200538a6babaa8b452d879,14,,,,,False,,,,,,,,,,False,False
/poketool/pokegra/height.narc,/poketool/pokegra/height.narc!/member_01248,0,/poketool/pokegra/height.narc,404,1248,,20540,20541,4680,4681,1,e77b9a9ae9e30b0dbdb6f510a264ef9de781501d7b6b92ae89eb059c5ab743db,05,,,,,False,,,,,,,,,,False,False
/poketool/pokegra/height.narc,/poketool/pokegra/height.narc!/member_01249,0,/poketool/pokegra/height.narc,404,1249,,20544,20545,4684,4685,1,e77b9a9ae9e30b0dbdb6f510a264ef9de781501d7b6b92ae89eb059c5ab743db,05,,,,,False,,,,,,,,,,False,False
/poketool/pokegra/height.narc,/poketool/pokegra/height.narc!/member_01250,0,/poketool/pokegra/height.narc,404,1250,,20548,20549,4688,4689,1,83891d7fe85c33e52c8b4e5814c92fb6a3b9467299200538a6babaa8b452d879,14,,,,,False,,,,,,,,,,False,False
/poketool/pokegra/height.narc,/poketool/pokegra/height.narc!/member_01251,0,/poketool/pokegra/height.narc,404,1251,,20552,20553,4692,4693,1,83891d7fe85c33e52c8b4e5814c92fb6a3b9467299200538a6babaa8b452d879,14,,,,,False,,,,,,,,,,False,False
/poketool/pokegra/height.narc,/poketool/pokegra/height.narc!/member_01252,0,/poketool/pokegra/height.narc,404,1252,,20556,20556,4696,4696,0,e3b0c44298fc1c149afbf4c8996fb92427ae41e4649b934ca495991b7852b855,,,,,,False,,,,,,,,,,False,False
/poketool/pokegra/height.narc,/poketool/pokegra/height.narc!/member_01253,0,/poketool/pokegra/height.narc,404,1253,,20556,20557,4696,4697,1,e52d9c508c502347344d8c07ad91cbd6068afc75ff6292f062a09ca381c89e71,04,,,,,False,,,,,,,,,,False,False
/poketool/pokegra/height.narc,/poketool/pokegra/height.narc!/member_01254,0,/poketool/pokegra/height.narc,404,1254,,20560,20560,4700,4700,0,e3b0c44298fc1c149afbf4c8996fb92427ae41e4649b934ca495991b7852b855,,,,,,False,,,,,,,,,,False,False
/poketool/pokegra/height.narc,/poketool/pokegra/height.narc!/member_01255,0,/poketool/pokegra/height.narc,404,1255,,20560,20561,4700,4701,1,4a64a107f0cb32536e5bce6c98c393db21cca7f4ea187ba8c4dca8b51d4ea80a,11,,Nintendo LZ11,Probable,,True,Nintendo LZ11,Probable,True,,,,,,,False,False
/poketool/pokegra/height.narc,/poketool/pokegra/height.narc!/member_01256,0,/poketool/pokegra/height.narc,404,1256,,20564,20565,4704,4705,1,01ba4719c80b6fe911b091a7c05124b64eeece964e09c058ef8f9805daca546b,0a,,,,,False,,,,,,,,,,False,False
/poketool/pokegra/height.narc,/poketool/pokegra/height.narc!/member_01257,0,/poketool/pokegra/height.narc,404,1257,,20568,20568,4708,4708,0,e3b0c44298fc1c149afbf4c8996fb92427ae41e4649b934ca495991b7852b855,,,,,,False,,,,,,,,,,False,False
/poketool/pokegra/height.narc,/poketool/pokegra/height.narc!/member_01258,0,/poketool/pokegra/height.narc,404,1258,,20568,20569,4708,4709,1,f299791cddd3d6664f6670842812ef6053eb6501bd6282a476bbbf3ee91e750c,12,,,,,False,,,,,,,,,,False,False
/poketool/pokegra/height.narc,/poketool/pokegra/height.narc!/member_01259,0,/poketool/pokegra/height.narc,404,1259,,20572,20572,4712,4712,0,e3b0c44298fc1c149afbf4c8996fb92427ae41e4649b934ca495991b7852b855,,,,,,False,,,,,,,,,,False,False
/poketool/pokegra/height.narc,/poketool/pokegra/height.narc!/member_01260,0,/poketool/pokegra/height.narc,404,1260,,20572,20573,4712,4713,1,beead77994cf573341ec17b58bbf7eb34d2711c993c1d976b128b3188dc1829a,08,,,,,False,,,,,,,,,,False,False
/poketool/pokegra/height.narc,/poketool/pokegra/height.narc!/member_01261,0,/poketool/pokegra/height.narc,404,1261,,20576,20577,4716,4717,1,beead77994cf573341ec17b58bbf7eb34d2711c993c1d976b128b3188dc1829a,08,,,,,False,,,,,,,,,,False,False
/poketool/pokegra/height.narc,/poketool/pokegra/height.narc!/member_01262,0,/poketool/pokegra/height.narc,404,1262,,20580,20581,4720,4721,1,f299791cddd3d6664f6670842812ef6053eb6501bd6282a476bbbf3ee91e750c,12,,,,,False,,,,,,,,,,False,False
/poketool/pokegra/height.narc,/poketool/pokegra/height.narc!/member_01263,0,/poketool/pokegra/height.narc,404,1263,,20584,20585,4724,4725,1,f299791cddd3d6664f6670842812ef6053eb6501bd6282a476bbbf3ee91e750c,12,,,,,False,,,,,,,,,,False,False
/poketool/pokegra/height.narc,/poketool/pokegra/height.narc!/member_01264,0,/poketool/pokegra/height.narc,404,1264,,20588,20589,4728,4729,1,beead77994cf573341ec17b58bbf7eb34d2711c993c1d976b128b3188dc1829a,08,,,,,False,,,,,,,,,,False,False
/poketool/pokegra/height.narc,/poketool/pokegra/height.narc!/member_01265,0,/poketool/pokegra/height.narc,404,1265,,20592,20593,4732,4733,1,beead77994cf573341ec17b58bbf7eb34d2711c993c1d976b128b3188dc1829a,08,,,,,False,,,,,,,,,,False,False
/poketool/pokegra/height.narc,/poketool/pokegra/height.narc!/member_01266,0,/poketool/pokegra/height.narc,404,1266,,20596,20597,4736,4737,1,452ba1ddef80246c48be7690193c76c1d61185906be9401014fe14f1be64b74f,18,,,,,False,,,,,,,,,,False,False
/poketool/pokegra/height.narc,/poketool/pokegra/height.narc!/member_01267,0,/poketool/pokegra/height.narc,404,1267,,20600,20601,4740,4741,1,452ba1ddef80246c48be7690193c76c1d61185906be9401014fe14f1be64b74f,18,,,,,False,,,,,,,,,,False,False
/poketool/pokegra/height.narc,/poketool/pokegra/height.narc!/member_01268,0,/poketool/pokegra/height.narc,404,1268,,20604,20605,4744,4745,1,e77b9a9ae9e30b0dbdb6f510a264ef9de781501d7b6b92ae89eb059c5ab743db,05,,,,,False,,,,,,,,,,False,False
/poketool/pokegra/height.narc,/poketool/pokegra/height.narc!/member_01269,0,/poketool/pokegra/height.narc,404,1269,,20608,20609,4748,4749,1,e77b9a9ae9e30b0dbdb6f510a264ef9de781501d7b6b92ae89eb059c5ab743db,05,,,,,False,,,,,,,,,,False,False
/poketool/pokegra/height.narc,/poketool/pokegra/height.narc!/member_01270,0,/poketool/pokegra/height.narc,404,1270,,20612,20613,4752,4753,1,ef6cbd2161eaea7943ce8693b9824d23d1793ffb1c0fca05b600d3899b44c977,0c,,,,,False,,,,,,,,,,False,False
/poketool/pokegra/height.narc,/poketool/pokegra/height.narc!/member_01271,0,/poketool/pokegra/height.narc,404,1271,,20616,20617,4756,4757,1,ef6cbd2161eaea7943ce8693b9824d23d1793ffb1c0fca05b600d3899b44c977,0c,,,,,False,,,,,,,,,,False,False
/poketool/pokegra/height.narc,/poketool/pokegra/height.narc!/member_01272,0,/poketool/pokegra/height.narc,404,1272,,20620,20621,4760,4761,1,9d1e0e2d9459d06523ad13e28a4093c2316baafe7aec5b25f30eba2e113599c4,0d,,,,,False,,,,,,,,,,False,False
/poketool/pokegra/height.narc,/poketool/pokegra/height.narc!/member_01273,0,/poketool/pokegra/height.narc,404,1273,,20624,20625,4764,4765,1,9d1e0e2d9459d06523ad13e28a4093c2316baafe7aec5b25f30eba2e113599c4,0d,,,,,False,,,,,,,,,,False,False
/poketool/pokegra/height.narc,/poketool/pokegra/height.narc!/member_01274,0,/poketool/pokegra/height.narc,404,1274,,20628,20629,4768,4769,1,dc0e9c3658a1a3ed1ec94274d8b19925c93e1abb7ddba294923ad9bde30f8cb8,0f,,,,,False,,,,,,,,,,False,False
/poketool/pokegra/height.narc,/poketool/pokegra/height.narc!/member_01275,0,/poketool/pokegra/height.narc,404,1275,,20632,20633,4772,4773,1,dc0e9c3658a1a3ed1ec94274d8b19925c93e1abb7ddba294923ad9bde30f8cb8,0f,,,,,False,,,,,,,,,,False,False
/poketool/pokegra/height.narc,/poketool/pokegra/height.narc!/member_01276,0,/poketool/pokegra/height.narc,404,1276,,20636,20637,4776,4777,1,e52d9c508c502347344d8c07ad91cbd6068afc75ff6292f062a09ca381c89e71,04,,,,,False,,,,,,,,,,False,False
/poketool/pokegra/height.narc,/poketool/pokegra/height.narc!/member_01277,0,/poketool/pokegra/height.narc,404,1277,,20640,20641,4780,4781,1,e52d9c508c502347344d8c07ad91cbd6068afc75ff6292f062a09ca381c89e71,04,,,,,False,,,,,,,,,,False,False
/poketool/pokegra/height.narc,/poketool/pokegra/height.narc!/member_01278,0,/poketool/pokegra/height.narc,404,1278,,20644,20645,4784,4785,1,e77b9a9ae9e30b0dbdb6f510a264ef9de781501d7b6b92ae89eb059c5ab743db,05,,,,,False,,,,,,,,,,False,False
/poketool/pokegra/height.narc,/poketool/pokegra/height.narc!/member_01279,0,/poketool/pokegra/height.narc,404,1279,,20648,20649,4788,4789,1,e77b9a9ae9e30b0dbdb6f510a264ef9de781501d7b6b92ae89eb059c5ab743db,05,,,,,False,,,,,,,,,,False,False
/poketool/pokegra/height.narc,/poketool/pokegra/height.narc!/member_01280,0,/poketool/pokegra/height.narc,404,1280,,20652,20653,4792,4793,1,beead77994cf573341ec17b58bbf7eb34d2711c993c1d976b128b3188dc1829a,08,,,,,False,,,,,,,,,,False,False
/poketool/pokegra/height.narc,/poketool/pokegra/height.narc!/member_01281,0,/poketool/pokegra/height.narc,404,1281,,20656,20657,4796,4797,1,beead77994cf573341ec17b58bbf7eb34d2711c993c1d976b128b3188dc1829a,08,,,,,False,,,,,,,,,,False,False
/poketool/pokegra/height.narc,/poketool/pokegra/height.narc!/member_01282,0,/poketool/pokegra/height.narc,404,1282,,20660,20661,4800,4801,1,2f0fd1e89b8de1d57292742ec380ea47066e307ad645f5bc3adad8a06ff58608,15,,,,,False,,,,,,,,,,False,False
/poketool/pokegra/height.narc,/poketool/pokegra/height.narc!/member_01283,0,/poketool/pokegra/height.narc,404,1283,,20664,20665,4804,4805,1,2f0fd1e89b8de1d57292742ec380ea47066e307ad645f5bc3adad8a06ff58608,15,,,,,False,,,,,,,,,,False,False
/poketool/pokegra/height.narc,/poketool/pokegra/height.narc!/member_01284,0,/poketool/pokegra/height.narc,404,1284,,20668,20669,4808,4809,1,bd4fc42a21f1f860a1030e6eba23d53ecab71bd19297ab6c074381d4ecee0018,1c,,,,,False,,,,,,,,,,False,False
/poketool/pokegra/height.narc,/poketool/pokegra/height.narc!/member_01285,0,/poketool/pokegra/height.narc,404,1285,,20672,20673,4812,4813,1,bd4fc42a21f1f860a1030e6eba23d53ecab71bd19297ab6c074381d4ecee0018,1c,,,,,False,,,,,,,,,,False,False
/poketool/pokegra/height.narc,/poketool/pokegra/height.narc!/member_01286,0,/poketool/pokegra/height.narc,404,1286,,20676,20677,4816,4817,1,67586e98fad27da0b9968bc039a1ef34c939b9b8e523a8bef89d478608c5ecf6,06,,,,,False,,,,,,,,,,False,False
/poketool/pokegra/height.narc,/poketool/pokegra/height.narc!/member_01287,0,/poketool/pokegra/height.narc,404,1287,,20680,20681,4820,4821,1,67586e98fad27da0b9968bc039a1ef34c939b9b8e523a8bef89d478608c5ecf6,06,,,,,False,,,,,,,,,,False,False
/poketool/pokegra/height.narc,/poketool/pokegra/height.narc!/member_01288,0,/poketool/pokegra/height.narc,404,1288,,20684,20685,4824,4825,1,beead77994cf573341ec17b58bbf7eb34d2711c993c1d976b128b3188dc1829a,08,,,,,False,,,,,,,,,,False,False
/poketool/pokegra/height.narc,/poketool/pokegra/height.narc!/member_01289,0,/poketool/pokegra/height.narc,404,1289,,20688,20689,4828,4829,1,beead77994cf573341ec17b58bbf7eb34d2711c993c1d976b128b3188dc1829a,08,,,,,False,,,,,,,,,,False,False
/poketool/pokegra/height.narc,/poketool/pokegra/height.narc!/member_01290,0,/poketool/pokegra/height.narc,404,1290,,20692,20693,4832,4833,1,4a64a107f0cb32536e5bce6c98c393db21cca7f4ea187ba8c4dca8b51d4ea80a,11,,Nintendo LZ11,Probable,,True,Nintendo LZ11,Probable,True,,,,,,,False,False
/poketool/pokegra/height.narc,/poketool/pokegra/height.narc!/member_01291,0,/poketool/pokegra/height.narc,404,1291,,20696,20697,4836,4837,1,4a64a107f0cb32536e5bce6c98c393db21cca7f4ea187ba8c4dca8b51d4ea80a,11,,Nintendo LZ11,Probable,,True,Nintendo LZ11,Probable,True,,,,,,,False,False
/poketool/pokegra/height.narc,/poketool/pokegra/height.narc!/member_01292,0,/poketool/pokegra/height.narc,404,1292,,20700,20701,4840,4841,1,c555eab45d08845ae9f10d452a99bfcb06f74a50b988fe7e48dd323789b88ee3,10,,Nintendo LZ10,Probable,,True,Nintendo LZ10,Probable,True,,,,,,,False,False
/poketool/pokegra/height.narc,/poketool/pokegra/height.narc!/member_01293,0,/poketool/pokegra/height.narc,404,1293,,20704,20705,4844,4845,1,c555eab45d08845ae9f10d452a99bfcb06f74a50b988fe7e48dd323789b88ee3,10,,Nintendo LZ10,Probable,,True,Nintendo LZ10,Probable,True,,,,,,,False,False
/poketool/pokegra/height.narc,/poketool/pokegra/height.narc!/member_01294,0,/poketool/pokegra/height.narc,404,1294,,20708,20709,4848,4849,1,01ba4719c80b6fe911b091a7c05124b64eeece964e09c058ef8f9805daca546b,0a,,,,,False,,,,,,,,,,False,False
/poketool/pokegra/height.narc,/poketool/pokegra/height.narc!/member_01295,0,/poketool/pokegra/height.narc,404,1295,,20712,20713,4852,4853,1,e7cf46a078fed4fafd0b5e3aff144802b853f8ae459a4f0c14add3314b7cc3a6,0b,,,,,False,,,,,,,,,,False,False
/poketool/pokegra/height.narc,/poketool/pokegra/height.narc!/member_01296,0,/poketool/pokegra/height.narc,404,1296,,20716,20717,4856,4857,1,01ba4719c80b6fe911b091a7c05124b64eeece964e09c058ef8f9805daca546b,0a,,,,,False,,,,,,,,,,False,False
/poketool/pokegra/height.narc,/poketool/pokegra/height.narc!/member_01297,0,/poketool/pokegra/height.narc,404,1297,,20720,20721,4860,4861,1,01ba4719c80b6fe911b091a7c05124b64eeece964e09c058ef8f9805daca546b,0a,,,,,False,,,,,,,,,,False,False
/poketool/pokegra/height.narc,/poketool/pokegra/height.narc!/member_01298,0,/poketool/pokegra/height.narc,404,1298,,20724,20725,4864,4865,1,01ba4719c80b6fe911b091a7c05124b64eeece964e09c058ef8f9805daca546b,0a,,,,,False,,,,,,,,,,False,False
/poketool/pokegra/height.narc,/poketool/pokegra/height.narc!/member_01299,0,/poketool/pokegra/height.narc,404,1299,,20728,20729,4868,4869,1,01ba4719c80b6fe911b091a7c05124b64eeece964e09c058ef8f9805daca546b,0a,,,,,False,,,,,,,,,,False,False
/poketool/pokegra/height.narc,/poketool/pokegra/height.narc!/member_01300,0,/poketool/pokegra/height.narc,404,1300,,20732,20733,4872,4873,1,e52d9c508c502347344d8c07ad91cbd6068afc75ff6292f062a09ca381c89e71,04,,,,,False,,,,,,,,,,False,False
/poketool/pokegra/height.narc,/poketool/pokegra/height.narc!/member_01301,0,/poketool/pokegra/height.narc,404,1301,,20736,20737,4876,4877,1,e52d9c508c502347344d8c07ad91cbd6068afc75ff6292f062a09ca381c89e71,04,,,,,False,,,,,,,,,,False,False
/poketool/pokegra/height.narc,/poketool/pokegra/height.narc!/member_01302,0,/poketool/pokegra/height.narc,404,1302,,20740,20741,4880,4881,1,c555eab45d08845ae9f10d452a99bfcb06f74a50b988fe7e48dd323789b88ee3,10,,Nintendo LZ10,Probable,,True,Nintendo LZ10,Probable,True,,,,,,,False,False
/poketool/pokegra/height.narc,/poketool/pokegra/height.narc!/member_01303,0,/poketool/pokegra/height.narc,404,1303,,20744,20745,4884,4885,1,c555eab45d08845ae9f10d452a99bfcb06f74a50b988fe7e48dd323789b88ee3,10,,Nintendo LZ10,Probable,,True,Nintendo LZ10,Probable,True,,,,,,,False,False
/poketool/pokegra/height.narc,/poketool/pokegra/height.narc!/member_01304,0,/poketool/pokegra/height.narc,404,1304,,20748,20749,4888,4889,1,084fed08b978af4d7d196a7446a86b58009e636b611db16211b65a9aadff29c5,03,,,,,False,,,,,,,,,,False,False
/poketool/pokegra/height.narc,/poketool/pokegra/height.narc!/member_01305,0,/poketool/pokegra/height.narc,404,1305,,20752,20753,4892,4893,1,084fed08b978af4d7d196a7446a86b58009e636b611db16211b65a9aadff29c5,03,,,,,False,,,,,,,,,,False,False
/poketool/pokegra/height.narc,/poketool/pokegra/height.narc!/member_01306,0,/poketool/pokegra/height.narc,404,1306,,20756,20757,4896,4897,1,e7cf46a078fed4fafd0b5e3aff144802b853f8ae459a4f0c14add3314b7cc3a6,0b,,,,,False,,,,,,,,,,False,False
/poketool/pokegra/height.narc,/poketool/pokegra/height.narc!/member_01307,0,/poketool/pokegra/height.narc,404,1307,,20760,20761,4900,4901,1,e7cf46a078fed4fafd0b5e3aff144802b853f8ae459a4f0c14add3314b7cc3a6,0b,,,,,False,,,,,,,,,,False,False
/poketool/pokegra/height.narc,/poketool/pokegra/height.narc!/member_01308,0,/poketool/pokegra/height.narc,404,1308,,20764,20765,4904,4905,1,beead77994cf573341ec17b58bbf7eb34d2711c993c1d976b128b3188dc1829a,08,,,,,False,,,,,,,,,,False,False
/poketool/pokegra/height.narc,/poketool/pokegra/height.narc!/member_01309,0,/poketool/pokegra/height.narc,404,1309,,20768,20769,4908,4909,1,beead77994cf573341ec17b58bbf7eb34d2711c993c1d976b128b3188dc1829a,08,,,,,False,,,,,,,,,,False,False
/poketool/pokegra/height.narc,/poketool/pokegra/height.narc!/member_01310,0,/poketool/pokegra/height.narc,404,1310,,20772,20773,4912,4913,1,dc0e9c3658a1a3ed1ec94274d8b19925c93e1abb7ddba294923ad9bde30f8cb8,0f,,,,,False,,,,,,,,,,False,False
/poketool/pokegra/height.narc,/poketool/pokegra/height.narc!/member_01311,0,/poketool/pokegra/height.narc,404,1311,,20776,20777,4916,4917,1,dc0e9c3658a1a3ed1ec94274d8b19925c93e1abb7ddba294923ad9bde30f8cb8,0f,,,,,False,,,,,,,,,,False,False
/poketool/pokegra/height.narc,/poketool/pokegra/height.narc!/member_01312,0,/poketool/pokegra/height.narc,404,1312,,20780,20781,4920,4921,1,9d1e0e2d9459d06523ad13e28a4093c2316baafe7aec5b25f30eba2e113599c4,0d,,,,,False,,,,,,,,,,False,False
/poketool/pokegra/height.narc,/poketool/pokegra/height.narc!/member_01313,0,/poketool/pokegra/height.narc,404,1313,,20784,20785,4924,4925,1,9d1e0e2d9459d06523ad13e28a4093c2316baafe7aec5b25f30eba2e113599c4,0d,,,,,False,,,,,,,,,,False,False
/poketool/pokegra/height.narc,/poketool/pokegra/height.narc!/member_01314,0,/poketool/pokegra/height.narc,404,1314,,20788,20789,4928,4929,1,8f11b05da785e43e713d03774c6bd3405d99cd3024af334ffd68db663aa37034,17,,,,,False,,,,,,,,,,False,False
/poketool/pokegra/height.narc,/poketool/pokegra/height.narc!/member_01315,0,/poketool/pokegra/height.narc,404,1315,,20792,20793,4932,4933,1,8f11b05da785e43e713d03774c6bd3405d99cd3024af334ffd68db663aa37034,17,,,,,False,,,,,,,,,,False,False
/poketool/pokegra/height.narc,/poketool/pokegra/height.narc!/member_01316,0,/poketool/pokegra/height.narc,404,1316,,20796,20797,4936,4937,1,c555eab45d08845ae9f10d452a99bfcb06f74a50b988fe7e48dd323789b88ee3,10,,Nintendo LZ10,Probable,,True,Nintendo LZ10,Probable,True,,,,,,,False,False
/poketool/pokegra/height.narc,/poketool/pokegra/height.narc!/member_01317,0,/poketool/pokegra/height.narc,404,1317,,20800,20801,4940,4941,1,c555eab45d08845ae9f10d452a99bfcb06f74a50b988fe7e48dd323789b88ee3,10,,Nintendo LZ10,Probable,,True,Nintendo LZ10,Probable,True,,,,,,,False,False
/poketool/pokegra/height.narc,/poketool/pokegra/height.narc!/member_01318,0,/poketool/pokegra/height.narc,404,1318,,20804,20805,4944,4945,1,c555eab45d08845ae9f10d452a99bfcb06f74a50b988fe7e48dd323789b88ee3,10,,Nintendo LZ10,Probable,,True,Nintendo LZ10,Probable,True,,,,,,,False,False
/poketool/pokegra/height.narc,/poketool/pokegra/height.narc!/member_01319,0,/poketool/pokegra/height.narc,404,1319,,20808,20809,4948,4949,1,c555eab45d08845ae9f10d452a99bfcb06f74a50b988fe7e48dd323789b88ee3,10,,Nintendo LZ10,Probable,,True,Nintendo LZ10,Probable,True,,,,,,,False,False
/poketool/pokegra/height.narc,/poketool/pokegra/height.narc!/member_01320,0,/poketool/pokegra/height.narc,404,1320,,20812,20813,4952,4953,1,e52d9c508c502347344d8c07ad91cbd6068afc75ff6292f062a09ca381c89e71,04,,,,,False,,,,,,,,,,False,False
/poketool/pokegra/height.narc,/poketool/pokegra/height.narc!/member_01321,0,/poketool/pokegra/height.narc,404,1321,,20816,20817,4956,4957,1,e52d9c508c502347344d8c07ad91cbd6068afc75ff6292f062a09ca381c89e71,04,,,,,False,,,,,,,,,,False,False
/poketool/pokegra/height.narc,/poketool/pokegra/height.narc!/member_01322,0,/poketool/pokegra/height.narc,404,1322,,20820,20821,4960,4961,1,67586e98fad27da0b9968bc039a1ef34c939b9b8e523a8bef89d478608c5ecf6,06,,,,,False,,,,,,,,,,False,False
/poketool/pokegra/height.narc,/poketool/pokegra/height.narc!/member_01323,0,/poketool/pokegra/height.narc,404,1323,,20824,20825,4964,4965,1,67586e98fad27da0b9968bc039a1ef34c939b9b8e523a8bef89d478608c5ecf6,06,,,,,False,,,,,,,,,,False,False
/poketool/pokegra/height.narc,/poketool/pokegra/height.narc!/member_01324,0,/poketool/pokegra/height.narc,404,1324,,20828,20829,4968,4969,1,c555eab45d08845ae9f10d452a99bfcb06f74a50b988fe7e48dd323789b88ee3,10,,Nintendo LZ10,Probable,,True,Nintendo LZ10,Probable,True,,,,,,,False,False
/poketool/pokegra/height.narc,/poketool/pokegra/height.narc!/member_01325,0,/poketool/pokegra/height.narc,404,1325,,20832,20833,4972,4973,1,c555eab45d08845ae9f10d452a99bfcb06f74a50b988fe7e48dd323789b88ee3,10,,Nintendo LZ10,Probable,,True,Nintendo LZ10,Probable,True,,,,,,,False,False
/poketool/pokegra/height.narc,/poketool/pokegra/height.narc!/member_01326,0,/poketool/pokegra/height.narc,404,1326,,20836,20837,4976,4977,1,8f11b05da785e43e713d03774c6bd3405d99cd3024af334ffd68db663aa37034,17,,,,,False,,,,,,,,,,False,False
/poketool/pokegra/height.narc,/poketool/pokegra/height.narc!/member_01327,0,/poketool/pokegra/height.narc,404,1327,,20840,20841,4980,4981,1,8f11b05da785e43e713d03774c6bd3405d99cd3024af334ffd68db663aa37034,17,,,,,False,,,,,,,,,,False,False
/poketool/pokegra/height.narc,/poketool/pokegra/height.narc!/member_01328,0,/poketool/pokegra/height.narc,404,1328,,20844,20845,4984,4985,1,6e340b9cffb37a989ca544e6bb780a2c78901d3fb33738768511a30617afa01d,00,,,,,False,,,,,,,,,,False,False
/poketool/pokegra/height.narc,/poketool/pokegra/height.narc!/member_01329,0,/poketool/pokegra/height.narc,404,1329,,20848,20849,4988,4989,1,6e340b9cffb37a989ca544e6bb780a2c78901d3fb33738768511a30617afa01d,00,,,,,False,,,,,,,,,,False,False
/poketool/pokegra/height.narc,/poketool/pokegra/height.narc!/member_01330,0,/poketool/pokegra/height.narc,404,1330,,20852,20853,4992,4993,1,e77b9a9ae9e30b0dbdb6f510a264ef9de781501d7b6b92ae89eb059c5ab743db,05,,,,,False,,,,,,,,,,False,False
/poketool/pokegra/height.narc,/poketool/pokegra/height.narc!/member_01331,0,/poketool/pokegra/height.narc,404,1331,,20856,20857,4996,4997,1,e77b9a9ae9e30b0dbdb6f510a264ef9de781501d7b6b92ae89eb059c5ab743db,05,,,,,False,,,,,,,,,,False,False
/poketool/pokegra/height.narc,/poketool/pokegra/height.narc!/member_01332,0,/poketool/pokegra/height.narc,404,1332,,20860,20861,5000,5001,1,4d7b3ef7300acf70c892d8327db8272f54434adbc61a4e130a563cb59a0d0f47,0e,,,,,False,,,,,,,,,,False,False
/poketool/pokegra/height.narc,/poketool/pokegra/height.narc!/member_01333,0,/poketool/pokegra/height.narc,404,1333,,20864,20865,5004,5005,1,4d7b3ef7300acf70c892d8327db8272f54434adbc61a4e130a563cb59a0d0f47,0e,,,,,False,,,,,,,,,,False,False
/poketool/pokegra/height.narc,/poketool/pokegra/height.narc!/member_01334,0,/poketool/pokegra/height.narc,404,1334,,20868,20869,5008,5009,1,68aa2e2ee5dff96e3355e6c7ee373e3d6a4e17f75f9518d843709c0c9bc3e3d4,19,,,,,False,,,,,,,,,,False,False
/poketool/pokegra/height.narc,/poketool/pokegra/height.narc!/member_01335,0,/poketool/pokegra/height.narc,404,1335,,20872,20873,5012,5013,1,68aa2e2ee5dff96e3355e6c7ee373e3d6a4e17f75f9518d843709c0c9bc3e3d4,19,,,,,False,,,,,,,,,,False,False
/poketool/pokegra/height.narc,/poketool/pokegra/height.narc!/member_01336,0,/poketool/pokegra/height.narc,404,1336,,20876,20877,5016,5017,1,9d1e0e2d9459d06523ad13e28a4093c2316baafe7aec5b25f30eba2e113599c4,0d,,,,,False,,,,,,,,,,False,False
/poketool/pokegra/height.narc,/poketool/pokegra/height.narc!/member_01337,0,/poketool/pokegra/height.narc,404,1337,,20880,20881,5020,5021,1,9d1e0e2d9459d06523ad13e28a4093c2316baafe7aec5b25f30eba2e113599c4,0d,,,,,False,,,,,,,,,,False,False
/poketool/pokegra/height.narc,/poketool/pokegra/height.narc!/member_01338,0,/poketool/pokegra/height.narc,404,1338,,20884,20885,5024,5025,1,ef6cbd2161eaea7943ce8693b9824d23d1793ffb1c0fca05b600d3899b44c977,0c,,,,,False,,,,,,,,,,False,False
/poketool/pokegra/height.narc,/poketool/pokegra/height.narc!/member_01339,0,/poketool/pokegra/height.narc,404,1339,,20888,20889,5028,5029,1,ef6cbd2161eaea7943ce8693b9824d23d1793ffb1c0fca05b600d3899b44c977,0c,,,,,False,,,,,,,,,,False,False
/poketool/pokegra/height.narc,/poketool/pokegra/height.narc!/member_01340,0,/poketool/pokegra/height.narc,404,1340,,20892,20893,5032,5033,1,beead77994cf573341ec17b58bbf7eb34d2711c993c1d976b128b3188dc1829a,08,,,,,False,,,,,,,,,,False,False
/poketool/pokegra/height.narc,/poketool/pokegra/height.narc!/member_01341,0,/poketool/pokegra/height.narc,404,1341,,20896,20897,5036,5037,1,beead77994cf573341ec17b58bbf7eb34d2711c993c1d976b128b3188dc1829a,08,,,,,False,,,,,,,,,,False,False
/poketool/pokegra/height.narc,/poketool/pokegra/height.narc!/member_01342,0,/poketool/pokegra/height.narc,404,1342,,20900,20901,5040,5041,1,2b4c342f5433ebe591a1da77e013d1b72475562d48578dca8b84bac6651c3cb9,09,,,,,False,,,,,,,,,,False,False
/poketool/pokegra/height.narc,/poketool/pokegra/height.narc!/member_01343,0,/poketool/pokegra/height.narc,404,1343,,20904,20905,5044,5045,1,2b4c342f5433ebe591a1da77e013d1b72475562d48578dca8b84bac6651c3cb9,09,,,,,False,,,,,,,,,,False,False
/poketool/pokegra/height.narc,/poketool/pokegra/height.narc!/member_01344,0,/poketool/pokegra/height.narc,404,1344,,20908,20909,5048,5049,1,6e340b9cffb37a989ca544e6bb780a2c78901d3fb33738768511a30617afa01d,00,,,,,False,,,,,,,,,,False,False
/poketool/pokegra/height.narc,/poketool/pokegra/height.narc!/member_01345,0,/poketool/pokegra/height.narc,404,1345,,20912,20913,5052,5053,1,6e340b9cffb37a989ca544e6bb780a2c78901d3fb33738768511a30617afa01d,00,,,,,False,,,,,,,,,,False,False
/poketool/pokegra/height.narc,/poketool/pokegra/height.narc!/member_01346,0,/poketool/pokegra/height.narc,404,1346,,20916,20917,5056,5057,1,beead77994cf573341ec17b58bbf7eb34d2711c993c1d976b128b3188dc1829a,08,,,,,False,,,,,,,,,,False,False
/poketool/pokegra/height.narc,/poketool/pokegra/height.narc!/member_01347,0,/poketool/pokegra/height.narc,404,1347,,20920,20921,5060,5061,1,beead77994cf573341ec17b58bbf7eb34d2711c993c1d976b128b3188dc1829a,08,,,,,False,,,,,,,,,,False,False
/poketool/pokegra/height.narc,/poketool/pokegra/height.narc!/member_01348,0,/poketool/pokegra/height.narc,404,1348,,20924,20924,5064,5064,0,e3b0c44298fc1c149afbf4c8996fb92427ae41e4649b934ca495991b7852b855,,,,,,False,,,,,,,,,,False,False
/poketool/pokegra/height.narc,/poketool/pokegra/height.narc!/member_01349,0,/poketool/pokegra/height.narc,404,1349,,20924,20925,5064,5065,1,beead77994cf573341ec17b58bbf7eb34d2711c993c1d976b128b3188dc1829a,08,,,,,False,,,,,,,,,,False,False
/poketool/pokegra/height.narc,/poketool/pokegra/height.narc!/member_01350,0,/poketool/pokegra/height.narc,404,1350,,20928,20928,5068,5068,0,e3b0c44298fc1c149afbf4c8996fb92427ae41e4649b934ca495991b7852b855,,,,,,False,,,,,,,,,,False,False
/poketool/pokegra/height.narc,/poketool/pokegra/height.narc!/member_01351,0,/poketool/pokegra/height.narc,404,1351,,20928,20929,5068,5069,1,4a64a107f0cb32536e5bce6c98c393db21cca7f4ea187ba8c4dca8b51d4ea80a,11,,Nintendo LZ11,Probable,,True,Nintendo LZ11,Probable,True,,,,,,,False,False
/poketool/pokegra/height.narc,/poketool/pokegra/height.narc!/member_01352,0,/poketool/pokegra/height.narc,404,1352,,20932,20932,5072,5072,0,e3b0c44298fc1c149afbf4c8996fb92427ae41e4649b934ca495991b7852b855,,,,,,False,,,,,,,,,,False,False
/poketool/pokegra/height.narc,/poketool/pokegra/height.narc!/member_01353,0,/poketool/pokegra/height.narc,404,1353,,20932,20933,5072,5073,1,084fed08b978af4d7d196a7446a86b58009e636b611db16211b65a9aadff29c5,03,,,,,False,,,,,,,,,,False,False
/poketool/pokegra/height.narc,/poketool/pokegra/height.narc!/member_01354,0,/poketool/pokegra/height.narc,404,1354,,20936,20936,5076,5076,0,e3b0c44298fc1c149afbf4c8996fb92427ae41e4649b934ca495991b7852b855,,,,,,False,,,,,,,,,,False,False
/poketool/pokegra/height.narc,/poketool/pokegra/height.narc!/member_01355,0,/poketool/pokegra/height.narc,404,1355,,20936,20937,5076,5077,1,ca358758f6d27e6cf45272937977a748fd88391db679ceda7dc7bf1f005ee879,07,,,,,False,,,,,,,,,,False,False
/poketool/pokegra/height.narc,/poketool/pokegra/height.narc!/member_01356,0,/poketool/pokegra/height.narc,404,1356,,20940,20941,5080,5081,1,e7cf46a078fed4fafd0b5e3aff144802b853f8ae459a4f0c14add3314b7cc3a6,0b,,,,,False,,,,,,,,,,False,False
/poketool/pokegra/height.narc,/poketool/pokegra/height.narc!/member_01357,0,/poketool/pokegra/height.narc,404,1357,,20944,20945,5084,5085,1,e7cf46a078fed4fafd0b5e3aff144802b853f8ae459a4f0c14add3314b7cc3a6,0b,,,,,False,,,,,,,,,,False,False
/poketool/pokegra/height.narc,/poketool/pokegra/height.narc!/member_01358,0,/poketool/pokegra/height.narc,404,1358,,20948,20949,5088,5089,1,452ba1ddef80246c48be7690193c76c1d61185906be9401014fe14f1be64b74f,18,,,,,False,,,,,,,,,,False,False
/poketool/pokegra/height.narc,/poketool/pokegra/height.narc!/member_01359,0,/poketool/pokegra/height.narc,404,1359,,20952,20953,5092,5093,1,452ba1ddef80246c48be7690193c76c1d61185906be9401014fe14f1be64b74f,18,,,,,False,,,,,,,,,,False,False
/poketool/pokegra/height.narc,/poketool/pokegra/height.narc!/member_01360,0,/poketool/pokegra/height.narc,404,1360,,20956,20957,5096,5097,1,4d7b3ef7300acf70c892d8327db8272f54434adbc61a4e130a563cb59a0d0f47,0e,,,,,False,,,,,,,,,,False,False
/poketool/pokegra/height.narc,/poketool/pokegra/height.narc!/member_01361,0,/poketool/pokegra/height.narc,404,1361,,20960,20961,5100,5101,1,4d7b3ef7300acf70c892d8327db8272f54434adbc61a4e130a563cb59a0d0f47,0e,,,,,False,,,,,,,,,,False,False
/poketool/pokegra/height.narc,/poketool/pokegra/height.narc!/member_01362,0,/poketool/pokegra/height.narc,404,1362,,20964,20965,5104,5105,1,83891d7fe85c33e52c8b4e5814c92fb6a3b9467299200538a6babaa8b452d879,14,,,,,False,,,,,,,,,,False,False
/poketool/pokegra/height.narc,/poketool/pokegra/height.narc!/member_01363,0,/poketool/pokegra/height.narc,404,1363,,20968,20969,5108,5109,1,83891d7fe85c33e52c8b4e5814c92fb6a3b9467299200538a6babaa8b452d879,14,,,,,False,,,,,,,,,,False,False
/poketool/pokegra/height.narc,/poketool/pokegra/height.narc!/member_01364,0,/poketool/pokegra/height.narc,404,1364,,20972,20973,5112,5113,1,2b4c342f5433ebe591a1da77e013d1b72475562d48578dca8b84bac6651c3cb9,09,,,,,False,,,,,,,,,,False,False
/poketool/pokegra/height.narc,/poketool/pokegra/height.narc!/member_01365,0,/poketool/pokegra/height.narc,404,1365,,20976,20977,5116,5117,1,2b4c342f5433ebe591a1da77e013d1b72475562d48578dca8b84bac6651c3cb9,09,,,,,False,,,,,,,,,,False,False
/poketool/pokegra/height.narc,/poketool/pokegra/height.narc!/member_01366,0,/poketool/pokegra/height.narc,404,1366,,20980,20981,5120,5121,1,f299791cddd3d6664f6670842812ef6053eb6501bd6282a476bbbf3ee91e750c,12,,,,,False,,,,,,,,,,False,False
/poketool/pokegra/height.narc,/poketool/pokegra/height.narc!/member_01367,0,/poketool/pokegra/height.narc,404,1367,,20984,20985,5124,5125,1,f299791cddd3d6664f6670842812ef6053eb6501bd6282a476bbbf3ee91e750c,12,,,,,False,,,,,,,,,,False,False
/poketool/pokegra/height.narc,/poketool/pokegra/height.narc!/member_01368,0,/poketool/pokegra/height.narc,404,1368,,20988,20989,5128,5129,1,ca358758f6d27e6cf45272937977a748fd88391db679ceda7dc7bf1f005ee879,07,,,,,False,,,,,,,,,,False,False
/poketool/pokegra/height.narc,/poketool/pokegra/height.narc!/member_01369,0,/poketool/pokegra/height.narc,404,1369,,20992,20993,5132,5133,1,ca358758f6d27e6cf45272937977a748fd88391db679ceda7dc7bf1f005ee879,07,,,,,False,,,,,,,,,,False,False
/poketool/pokegra/height.narc,/poketool/pokegra/height.narc!/member_01370,0,/poketool/pokegra/height.narc,404,1370,,20996,20997,5136,5137,1,01ba4719c80b6fe911b091a7c05124b64eeece964e09c058ef8f9805daca546b,0a,,,,,False,,,,,,,,,,False,False
/poketool/pokegra/height.narc,/poketool/pokegra/height.narc!/member_01371,0,/poketool/pokegra/height.narc,404,1371,,21000,21001,5140,5141,1,01ba4719c80b6fe911b091a7c05124b64eeece964e09c058ef8f9805daca546b,0a,,,,,False,,,,,,,,,,False,False
/poketool/pokegra/height.narc,/poketool/pokegra/height.narc!/member_01372,0,/poketool/pokegra/height.narc,404,1372,,21004,21004,5144,5144,0,e3b0c44298fc1c149afbf4c8996fb92427ae41e4649b934ca495991b7852b855,,,,,,False,,,,,,,,,,False,False
/poketool/pokegra/height.narc,/poketool/pokegra/height.narc!/member_01373,0,/poketool/pokegra/height.narc,404,1373,,21004,21005,5144,5145,1,ef6cbd2161eaea7943ce8693b9824d23d1793ffb1c0fca05b600d3899b44c977,0c,,,,,False,,,,,,,,,,False,False
/poketool/pokegra/height.narc,/poketool/pokegra/height.narc!/member_01374,0,/poketool/pokegra/height.narc,404,1374,,21008,21008,5148,5148,0,e3b0c44298fc1c149afbf4c8996fb92427ae41e4649b934ca495991b7852b855,,,,,,False,,,,,,,,,,False,False
/poketool/pokegra/height.narc,/poketool/pokegra/height.narc!/member_01375,0,/poketool/pokegra/height.narc,404,1375,,21008,21009,5148,5149,1,8f11b05da785e43e713d03774c6bd3405d99cd3024af334ffd68db663aa37034,17,,,,,False,,,,,,,,,,False,False
/poketool/pokegra/height.narc,/poketool/pokegra/height.narc!/member_01376,0,/poketool/pokegra/height.narc,404,1376,,21012,21012,5152,5152,0,e3b0c44298fc1c149afbf4c8996fb92427ae41e4649b934ca495991b7852b855,,,,,,False,,,,,,,,,,False,False
/poketool/pokegra/height.narc,/poketool/pokegra/height.narc!/member_01377,0,/poketool/pokegra/height.narc,404,1377,,21012,21013,5152,5153,1,beead77994cf573341ec17b58bbf7eb34d2711c993c1d976b128b3188dc1829a,08,,,,,False,,,,,,,,,,False,False
/poketool/pokegra/height.narc,/poketool/pokegra/height.narc!/member_01378,0,/poketool/pokegra/height.narc,404,1378,,21016,21016,5156,5156,0,e3b0c44298fc1c149afbf4c8996fb92427ae41e4649b934ca495991b7852b855,,,,,,False,,,,,,,,,,False,False
/poketool/pokegra/height.narc,/poketool/pokegra/height.narc!/member_01379,0,/poketool/pokegra/height.narc,404,1379,,21016,21017,5156,5157,1,01ba4719c80b6fe911b091a7c05124b64eeece964e09c058ef8f9805daca546b,0a,,,,,False,,,,,,,,,,False,False
/poketool/pokegra/height.narc,/poketool/pokegra/height.narc!/member_01380,0,/poketool/pokegra/height.narc,404,1380,,21020,21021,5160,5161,1,e7cf46a078fed4fafd0b5e3aff144802b853f8ae459a4f0c14add3314b7cc3a6,0b,,,,,False,,,,,,,,,,False,False
/poketool/pokegra/height.narc,/poketool/pokegra/height.narc!/member_01381,0,/poketool/pokegra/height.narc,404,1381,,21024,21025,5164,5165,1,e7cf46a078fed4fafd0b5e3aff144802b853f8ae459a4f0c14add3314b7cc3a6,0b,,,,,False,,,,,,,,,,False,False
/poketool/pokegra/height.narc,/poketool/pokegra/height.narc!/member_01382,0,/poketool/pokegra/height.narc,404,1382,,21028,21029,5168,5169,1,c555eab45d08845ae9f10d452a99bfcb06f74a50b988fe7e48dd323789b88ee3,10,,Nintendo LZ10,Probable,,True,Nintendo LZ10,Probable,True,,,,,,,False,False
/poketool/pokegra/height.narc,/poketool/pokegra/height.narc!/member_01383,0,/poketool/pokegra/height.narc,404,1383,,21032,21033,5172,5173,1,c555eab45d08845ae9f10d452a99bfcb06f74a50b988fe7e48dd323789b88ee3,10,,Nintendo LZ10,Probable,,True,Nintendo LZ10,Probable,True,,,,,,,False,False
/poketool/pokegra/height.narc,/poketool/pokegra/height.narc!/member_01384,0,/poketool/pokegra/height.narc,404,1384,,21036,21037,5176,5177,1,6e340b9cffb37a989ca544e6bb780a2c78901d3fb33738768511a30617afa01d,00,,,,,False,,,,,,,,,,False,False
/poketool/pokegra/height.narc,/poketool/pokegra/height.narc!/member_01385,0,/poketool/pokegra/height.narc,404,1385,,21040,21041,5180,5181,1,6e340b9cffb37a989ca544e6bb780a2c78901d3fb33738768511a30617afa01d,00,,,,,False,,,,,,,,,,False,False
/poketool/pokegra/height.narc,/poketool/pokegra/height.narc!/member_01386,0,/poketool/pokegra/height.narc,404,1386,,21044,21045,5184,5185,1,67586e98fad27da0b9968bc039a1ef34c939b9b8e523a8bef89d478608c5ecf6,06,,,,,False,,,,,,,,,,False,False
/poketool/pokegra/height.narc,/poketool/pokegra/height.narc!/member_01387,0,/poketool/pokegra/height.narc,404,1387,,21048,21049,5188,5189,1,67586e98fad27da0b9968bc039a1ef34c939b9b8e523a8bef89d478608c5ecf6,06,,,,,False,,,,,,,,,,False,False
/poketool/pokegra/height.narc,/poketool/pokegra/height.narc!/member_01388,0,/poketool/pokegra/height.narc,404,1388,,21052,21053,5192,5193,1,452ba1ddef80246c48be7690193c76c1d61185906be9401014fe14f1be64b74f,18,,,,,False,,,,,,,,,,False,False
/poketool/pokegra/height.narc,/poketool/pokegra/height.narc!/member_01389,0,/poketool/pokegra/height.narc,404,1389,,21056,21057,5196,5197,1,452ba1ddef80246c48be7690193c76c1d61185906be9401014fe14f1be64b74f,18,,,,,False,,,,,,,,,,False,False
/poketool/pokegra/height.narc,/poketool/pokegra/height.narc!/member_01390,0,/poketool/pokegra/height.narc,404,1390,,21060,21061,5200,5201,1,c555eab45d08845ae9f10d452a99bfcb06f74a50b988fe7e48dd323789b88ee3,10,,Nintendo LZ10,Probable,,True,Nintendo LZ10,Probable,True,,,,,,,False,False
/poketool/pokegra/height.narc,/poketool/pokegra/height.narc!/member_01391,0,/poketool/pokegra/height.narc,404,1391,,21064,21065,5204,5205,1,c555eab45d08845ae9f10d452a99bfcb06f74a50b988fe7e48dd323789b88ee3,10,,Nintendo LZ10,Probable,,True,Nintendo LZ10,Probable,True,,,,,,,False,False
/poketool/pokegra/height.narc,/poketool/pokegra/height.narc!/member_01392,0,/poketool/pokegra/height.narc,404,1392,,21068,21069,5208,5209,1,e77b9a9ae9e30b0dbdb6f510a264ef9de781501d7b6b92ae89eb059c5ab743db,05,,,,,False,,,,,,,,,,False,False
/poketool/pokegra/height.narc,/poketool/pokegra/height.narc!/member_01393,0,/poketool/pokegra/height.narc,404,1393,,21072,21073,5212,5213,1,e77b9a9ae9e30b0dbdb6f510a264ef9de781501d7b6b92ae89eb059c5ab743db,05,,,,,False,,,,,,,,,,False,False
/poketool/pokegra/height.narc,/poketool/pokegra/height.narc!/member_01394,0,/poketool/pokegra/height.narc,404,1394,,21076,21077,5216,5217,1,beead77994cf573341ec17b58bbf7eb34d2711c993c1d976b128b3188dc1829a,08,,,,,False,,,,,,,,,,False,False
/poketool/pokegra/height.narc,/poketool/pokegra/height.narc!/member_01395,0,/poketool/pokegra/height.narc,404,1395,,21080,21081,5220,5221,1,beead77994cf573341ec17b58bbf7eb34d2711c993c1d976b128b3188dc1829a,08,,,,,False,,,,,,,,,,False,False
/poketool/pokegra/height.narc,/poketool/pokegra/height.narc!/member_01396,0,/poketool/pokegra/height.narc,404,1396,,21084,21085,5224,5225,1,beead77994cf573341ec17b58bbf7eb34d2711c993c1d976b128b3188dc1829a,08,,,,,False,,,,,,,,,,False,False
/poketool/pokegra/height.narc,/poketool/pokegra/height.narc!/member_01397,0,/poketool/pokegra/height.narc,404,1397,,21088,21089,5228,5229,1,beead77994cf573341ec17b58bbf7eb34d2711c993c1d976b128b3188dc1829a,08,,,,,False,,,,,,,,,,False,False
/poketool/pokegra/height.narc,/poketool/pokegra/height.narc!/member_01398,0,/poketool/pokegra/height.narc,404,1398,,21092,21093,5232,5233,1,ab897fbdedfa502b2d839b6a56100887dccdc507555c282e59589e06300a62e2,13,,,,,False,,,,,,,,,,False,False
/poketool/pokegra/height.narc,/poketool/pokegra/height.narc!/member_01399,0,/poketool/pokegra/height.narc,404,1399,,21096,21097,5236,5237,1,ab897fbdedfa502b2d839b6a56100887dccdc507555c282e59589e06300a62e2,13,,,,,False,,,,,,,,,,False,False
/poketool/pokegra/height.narc,/poketool/pokegra/height.narc!/member_01400,0,/poketool/pokegra/height.narc,404,1400,,21100,21101,5240,5241,1,6e340b9cffb37a989ca544e6bb780a2c78901d3fb33738768511a30617afa01d,00,,,,,False,,,,,,,,,,False,False
/poketool/pokegra/height.narc,/poketool/pokegra/height.narc!/member_01401,0,/poketool/pokegra/height.narc,404,1401,,21104,21105,5244,5245,1,6e340b9cffb37a989ca544e6bb780a2c78901d3fb33738768511a30617afa01d,00,,,,,False,,,,,,,,,,False,False
/poketool/pokegra/height.narc,/poketool/pokegra/height.narc!/member_01402,0,/poketool/pokegra/height.narc,404,1402,,21108,21109,5248,5249,1,ca358758f6d27e6cf45272937977a748fd88391db679ceda7dc7bf1f005ee879,07,,,,,False,,,,,,,,,,False,False
/poketool/pokegra/height.narc,/poketool/pokegra/height.narc!/member_01403,0,/poketool/pokegra/height.narc,404,1403,,21112,21113,5252,5253,1,ca358758f6d27e6cf45272937977a748fd88391db679ceda7dc7bf1f005ee879,07,,,,,False,,,,,,,,,,False,False
/poketool/pokegra/height.narc,/poketool/pokegra/height.narc!/member_01404,0,/poketool/pokegra/height.narc,404,1404,,21116,21117,5256,5257,1,beead77994cf573341ec17b58bbf7eb34d2711c993c1d976b128b3188dc1829a,08,,,,,False,,,,,,,,,,False,False
/poketool/pokegra/height.narc,/poketool/pokegra/height.narc!/member_01405,0,/poketool/pokegra/height.narc,404,1405,,21120,21121,5260,5261,1,beead77994cf573341ec17b58bbf7eb34d2711c993c1d976b128b3188dc1829a,08,,,,,False,,,,,,,,,,False,False
/poketool/pokegra/height.narc,/poketool/pokegra/height.narc!/member_01406,0,/poketool/pokegra/height.narc,404,1406,,21124,21125,5264,5265,1,68aa2e2ee5dff96e3355e6c7ee373e3d6a4e17f75f9518d843709c0c9bc3e3d4,19,,,,,False,,,,,,,,,,False,False
/poketool/pokegra/height.narc,/poketool/pokegra/height.narc!/member_01407,0,/poketool/pokegra/height.narc,404,1407,,21128,21129,5268,5269,1,68aa2e2ee5dff96e3355e6c7ee373e3d6a4e17f75f9518d843709c0c9bc3e3d4,19,,,,,False,,,,,,,,,,False,False
/poketool/pokegra/height.narc,/poketool/pokegra/height.narc!/member_01408,0,/poketool/pokegra/height.narc,404,1408,,21132,21133,5272,5273,1,beead77994cf573341ec17b58bbf7eb34d2711c993c1d976b128b3188dc1829a,08,,,,,False,,,,,,,,,,False,False
/poketool/pokegra/height.narc,/poketool/pokegra/height.narc!/member_01409,0,/poketool/pokegra/height.narc,404,1409,,21136,21137,5276,5277,1,beead77994cf573341ec17b58bbf7eb34d2711c993c1d976b128b3188dc1829a,08,,,,,False,,,,,,,,,,False,False
/poketool/pokegra/height.narc,/poketool/pokegra/height.narc!/member_01410,0,/poketool/pokegra/height.narc,404,1410,,21140,21141,5280,5281,1,dc0e9c3658a1a3ed1ec94274d8b19925c93e1abb7ddba294923ad9bde30f8cb8,0f,,,,,False,,,,,,,,,,False,False
/poketool/pokegra/height.narc,/poketool/pokegra/height.narc!/member_01411,0,/poketool/pokegra/height.narc,404,1411,,21144,21145,5284,5285,1,dc0e9c3658a1a3ed1ec94274d8b19925c93e1abb7ddba294923ad9bde30f8cb8,0f,,,,,False,,,,,,,,,,False,False
/poketool/pokegra/height.narc,/poketool/pokegra/height.narc!/member_01412,0,/poketool/pokegra/height.narc,404,1412,,21148,21149,5288,5289,1,01ba4719c80b6fe911b091a7c05124b64eeece964e09c058ef8f9805daca546b,0a,,,,,False,,,,,,,,,,False,False
/poketool/pokegra/height.narc,/poketool/pokegra/height.narc!/member_01413,0,/poketool/pokegra/height.narc,404,1413,,21152,21153,5292,5293,1,01ba4719c80b6fe911b091a7c05124b64eeece964e09c058ef8f9805daca546b,0a,,,,,False,,,,,,,,,,False,False
/poketool/pokegra/height.narc,/poketool/pokegra/height.narc!/member_01414,0,/poketool/pokegra/height.narc,404,1414,,21156,21157,5296,5297,1,2f0fd1e89b8de1d57292742ec380ea47066e307ad645f5bc3adad8a06ff58608,15,,,,,False,,,,,,,,,,False,False
/poketool/pokegra/height.narc,/poketool/pokegra/height.narc!/member_01415,0,/poketool/pokegra/height.narc,404,1415,,21160,21161,5300,5301,1,2f0fd1e89b8de1d57292742ec380ea47066e307ad645f5bc3adad8a06ff58608,15,,,,,False,,,,,,,,,,False,False
/poketool/pokegra/height.narc,/poketool/pokegra/height.narc!/member_01416,0,/poketool/pokegra/height.narc,404,1416,,21164,21165,5304,5305,1,e52d9c508c502347344d8c07ad91cbd6068afc75ff6292f062a09ca381c89e71,04,,,,,False,,,,,,,,,,False,False
/poketool/pokegra/height.narc,/poketool/pokegra/height.narc!/member_01417,0,/poketool/pokegra/height.narc,404,1417,,21168,21169,5308,5309,1,e52d9c508c502347344d8c07ad91cbd6068afc75ff6292f062a09ca381c89e71,04,,,,,False,,,,,,,,,,False,False
/poketool/pokegra/height.narc,/poketool/pokegra/height.narc!/member_01418,0,/poketool/pokegra/height.narc,404,1418,,21172,21173,5312,5313,1,4d7b3ef7300acf70c892d8327db8272f54434adbc61a4e130a563cb59a0d0f47,0e,,,,,False,,,,,,,,,,False,False
/poketool/pokegra/height.narc,/poketool/pokegra/height.narc!/member_01419,0,/poketool/pokegra/height.narc,404,1419,,21176,21177,5316,5317,1,4d7b3ef7300acf70c892d8327db8272f54434adbc61a4e130a563cb59a0d0f47,0e,,,,,False,,,,,,,,,,False,False
/poketool/pokegra/height.narc,/poketool/pokegra/height.narc!/member_01420,0,/poketool/pokegra/height.narc,404,1420,,21180,21181,5320,5321,1,beead77994cf573341ec17b58bbf7eb34d2711c993c1d976b128b3188dc1829a,08,,,,,False,,,,,,,,,,False,False
/poketool/pokegra/height.narc,/poketool/pokegra/height.narc!/member_01421,0,/poketool/pokegra/height.narc,404,1421,,21184,21185,5324,5325,1,beead77994cf573341ec17b58bbf7eb34d2711c993c1d976b128b3188dc1829a,08,,,,,False,,,,,,,,,,False,False
/poketool/pokegra/height.narc,/poketool/pokegra/height.narc!/member_01422,0,/poketool/pokegra/height.narc,404,1422,,21188,21189,5328,5329,1,452ba1ddef80246c48be7690193c76c1d61185906be9401014fe14f1be64b74f,18,,,,,False,,,,,,,,,,False,False
/poketool/pokegra/height.narc,/poketool/pokegra/height.narc!/member_01423,0,/poketool/pokegra/height.narc,404,1423,,21192,21193,5332,5333,1,452ba1ddef80246c48be7690193c76c1d61185906be9401014fe14f1be64b74f,18,,,,,False,,,,,,,,,,False,False
/poketool/pokegra/height.narc,/poketool/pokegra/height.narc!/member_01424,0,/poketool/pokegra/height.narc,404,1424,,21196,21197,5336,5337,1,084fed08b978af4d7d196a7446a86b58009e636b611db16211b65a9aadff29c5,03,,,,,False,,,,,,,,,,False,False
/poketool/pokegra/height.narc,/poketool/pokegra/height.narc!/member_01425,0,/poketool/pokegra/height.narc,404,1425,,21200,21201,5340,5341,1,084fed08b978af4d7d196a7446a86b58009e636b611db16211b65a9aadff29c5,03,,,,,False,,,,,,,,,,False,False
/poketool/pokegra/height.narc,/poketool/pokegra/height.narc!/member_01426,0,/poketool/pokegra/height.narc,404,1426,,21204,21205,5344,5345,1,e77b9a9ae9e30b0dbdb6f510a264ef9de781501d7b6b92ae89eb059c5ab743db,05,,,,,False,,,,,,,,,,False,False
/poketool/pokegra/height.narc,/poketool/pokegra/height.narc!/member_01427,0,/poketool/pokegra/height.narc,404,1427,,21208,21209,5348,5349,1,e77b9a9ae9e30b0dbdb6f510a264ef9de781501d7b6b92ae89eb059c5ab743db,05,,,,,False,,,,,,,,,,False,False
/poketool/pokegra/height.narc,/poketool/pokegra/height.narc!/member_01428,0,/poketool/pokegra/height.narc,404,1428,,21212,21213,5352,5353,1,6e340b9cffb37a989ca544e6bb780a2c78901d3fb33738768511a30617afa01d,00,,,,,False,,,,,,,,,,False,False
/poketool/pokegra/height.narc,/poketool/pokegra/height.narc!/member_01429,0,/poketool/pokegra/height.narc,404,1429,,21216,21217,5356,5357,1,6e340b9cffb37a989ca544e6bb780a2c78901d3fb33738768511a30617afa01d,00,,,,,False,,,,,,,,,,False,False
/poketool/pokegra/height.narc,/poketool/pokegra/height.narc!/member_01430,0,/poketool/pokegra/height.narc,404,1430,,21220,21221,5360,5361,1,6e340b9cffb37a989ca544e6bb780a2c78901d3fb33738768511a30617afa01d,00,,,,,False,,,,,,,,,,False,False
/poketool/pokegra/height.narc,/poketool/pokegra/height.narc!/member_01431,0,/poketool/pokegra/height.narc,404,1431,,21224,21225,5364,5365,1,6e340b9cffb37a989ca544e6bb780a2c78901d3fb33738768511a30617afa01d,00,,,,,False,,,,,,,,,,False,False
/poketool/pokegra/height.narc,/poketool/pokegra/height.narc!/member_01432,0,/poketool/pokegra/height.narc,404,1432,,21228,21229,5368,5369,1,beead77994cf573341ec17b58bbf7eb34d2711c993c1d976b128b3188dc1829a,08,,,,,False,,,,,,,,,,False,False
/poketool/pokegra/height.narc,/poketool/pokegra/height.narc!/member_01433,0,/poketool/pokegra/height.narc,404,1433,,21232,21233,5372,5373,1,beead77994cf573341ec17b58bbf7eb34d2711c993c1d976b128b3188dc1829a,08,,,,,False,,,,,,,,,,False,False
/poketool/pokegra/height.narc,/poketool/pokegra/height.narc!/member_01434,0,/poketool/pokegra/height.narc,404,1434,,21236,21237,5376,5377,1,ef6cbd2161eaea7943ce8693b9824d23d1793ffb1c0fca05b600d3899b44c977,0c,,,,,False,,,,,,,,,,False,False
/poketool/pokegra/height.narc,/poketool/pokegra/height.narc!/member_01435,0,/poketool/pokegra/height.narc,404,1435,,21240,21241,5380,5381,1,ef6cbd2161eaea7943ce8693b9824d23d1793ffb1c0fca05b600d3899b44c977,0c,,,,,False,,,,,,,,,,False,False
/poketool/pokegra/height.narc,/poketool/pokegra/height.narc!/member_01436,0,/poketool/pokegra/height.narc,404,1436,,21244,21245,5384,5385,1,e52d9c508c502347344d8c07ad91cbd6068afc75ff6292f062a09ca381c89e71,04,,,,,False,,,,,,,,,,False,False
/poketool/pokegra/height.narc,/poketool/pokegra/height.narc!/member_01437,0,/poketool/pokegra/height.narc,404,1437,,21248,21249,5388,5389,1,e52d9c508c502347344d8c07ad91cbd6068afc75ff6292f062a09ca381c89e71,04,,,,,False,,,,,,,,,,False,False
/poketool/pokegra/height.narc,/poketool/pokegra/height.narc!/member_01438,0,/poketool/pokegra/height.narc,404,1438,,21252,21253,5392,5393,1,ef6cbd2161eaea7943ce8693b9824d23d1793ffb1c0fca05b600d3899b44c977,0c,,,,,False,,,,,,,,,,False,False
/poketool/pokegra/height.narc,/poketool/pokegra/height.narc!/member_01439,0,/poketool/pokegra/height.narc,404,1439,,21256,21257,5396,5397,1,ef6cbd2161eaea7943ce8693b9824d23d1793ffb1c0fca05b600d3899b44c977,0c,,,,,False,,,,,,,,,,False,False
/poketool/pokegra/height.narc,/poketool/pokegra/height.narc!/member_01440,0,/poketool/pokegra/height.narc,404,1440,,21260,21261,5400,5401,1,dc0e9c3658a1a3ed1ec94274d8b19925c93e1abb7ddba294923ad9bde30f8cb8,0f,,,,,False,,,,,,,,,,False,False
/poketool/pokegra/height.narc,/poketool/pokegra/height.narc!/member_01441,0,/poketool/pokegra/height.narc,404,1441,,21264,21265,5404,5405,1,dc0e9c3658a1a3ed1ec94274d8b19925c93e1abb7ddba294923ad9bde30f8cb8,0f,,,,,False,,,,,,,,,,False,False
/poketool/pokegra/height.narc,/poketool/pokegra/height.narc!/member_01442,0,/poketool/pokegra/height.narc,404,1442,,21268,21269,5408,5409,1,2f0fd1e89b8de1d57292742ec380ea47066e307ad645f5bc3adad8a06ff58608,15,,,,,False,,,,,,,,,,False,False
/poketool/pokegra/height.narc,/poketool/pokegra/height.narc!/member_01443,0,/poketool/pokegra/height.narc,404,1443,,21272,21273,5412,5413,1,2f0fd1e89b8de1d57292742ec380ea47066e307ad645f5bc3adad8a06ff58608,15,,,,,False,,,,,,,,,,False,False
/poketool/pokegra/height.narc,/poketool/pokegra/height.narc!/member_01444,0,/poketool/pokegra/height.narc,404,1444,,21276,21277,5416,5417,1,9d1e0e2d9459d06523ad13e28a4093c2316baafe7aec5b25f30eba2e113599c4,0d,,,,,False,,,,,,,,,,False,False
/poketool/pokegra/height.narc,/poketool/pokegra/height.narc!/member_01445,0,/poketool/pokegra/height.narc,404,1445,,21280,21281,5420,5421,1,9d1e0e2d9459d06523ad13e28a4093c2316baafe7aec5b25f30eba2e113599c4,0d,,,,,False,,,,,,,,,,False,False
/poketool/pokegra/height.narc,/poketool/pokegra/height.narc!/member_01446,0,/poketool/pokegra/height.narc,404,1446,,21284,21285,5424,5425,1,ab897fbdedfa502b2d839b6a56100887dccdc507555c282e59589e06300a62e2,13,,,,,False,,,,,,,,,,False,False
/poketool/pokegra/height.narc,/poketool/pokegra/height.narc!/member_01447,0,/poketool/pokegra/height.narc,404,1447,,21288,21289,5428,5429,1,ab897fbdedfa502b2d839b6a56100887dccdc507555c282e59589e06300a62e2,13,,,,,False,,,,,,,,,,False,False
/poketool/pokegra/height.narc,/poketool/pokegra/height.narc!/member_01448,0,/poketool/pokegra/height.narc,404,1448,,21292,21293,5432,5433,1,9d1e0e2d9459d06523ad13e28a4093c2316baafe7aec5b25f30eba2e113599c4,0d,,,,,False,,,,,,,,,,False,False
/poketool/pokegra/height.narc,/poketool/pokegra/height.narc!/member_01449,0,/poketool/pokegra/height.narc,404,1449,,21296,21297,5436,5437,1,9d1e0e2d9459d06523ad13e28a4093c2316baafe7aec5b25f30eba2e113599c4,0d,,,,,False,,,,,,,,,,False,False
/poketool/pokegra/height.narc,/poketool/pokegra/height.narc!/member_01450,0,/poketool/pokegra/height.narc,404,1450,,21300,21301,5440,5441,1,dc0e9c3658a1a3ed1ec94274d8b19925c93e1abb7ddba294923ad9bde30f8cb8,0f,,,,,False,,,,,,,,,,False,False
/poketool/pokegra/height.narc,/poketool/pokegra/height.narc!/member_01451,0,/poketool/pokegra/height.narc,404,1451,,21304,21305,5444,5445,1,dc0e9c3658a1a3ed1ec94274d8b19925c93e1abb7ddba294923ad9bde30f8cb8,0f,,,,,False,,,,,,,,,,False,False
/poketool/pokegra/height.narc,/poketool/pokegra/height.narc!/member_01452,0,/poketool/pokegra/height.narc,404,1452,,21308,21309,5448,5449,1,2f0fd1e89b8de1d57292742ec380ea47066e307ad645f5bc3adad8a06ff58608,15,,,,,False,,,,,,,,,,False,False
/poketool/pokegra/height.narc,/poketool/pokegra/height.narc!/member_01453,0,/poketool/pokegra/height.narc,404,1453,,21312,21313,5452,5453,1,2f0fd1e89b8de1d57292742ec380ea47066e307ad645f5bc3adad8a06ff58608,15,,,,,False,,,,,,,,,,False,False
/poketool/pokegra/height.narc,/poketool/pokegra/height.narc!/member_01454,0,/poketool/pokegra/height.narc,404,1454,,21316,21317,5456,5457,1,7cb7c4547cf2653590d7a9ace60cc623d25148adfbc88a89aeb0ef88da7839ba,16,,,,,False,,,,,,,,,,False,False
/poketool/pokegra/height.narc,/poketool/pokegra/height.narc!/member_01455,0,/poketool/pokegra/height.narc,404,1455,,21320,21321,5460,5461,1,7cb7c4547cf2653590d7a9ace60cc623d25148adfbc88a89aeb0ef88da7839ba,16,,,,,False,,,,,,,,,,False,False
/poketool/pokegra/height.narc,/poketool/pokegra/height.narc!/member_01456,0,/poketool/pokegra/height.narc,404,1456,,21324,21325,5464,5465,1,c555eab45d08845ae9f10d452a99bfcb06f74a50b988fe7e48dd323789b88ee3,10,,Nintendo LZ10,Probable,,True,Nintendo LZ10,Probable,True,,,,,,,False,False
/poketool/pokegra/height.narc,/poketool/pokegra/height.narc!/member_01457,0,/poketool/pokegra/height.narc,404,1457,,21328,21329,5468,5469,1,c555eab45d08845ae9f10d452a99bfcb06f74a50b988fe7e48dd323789b88ee3,10,,Nintendo LZ10,Probable,,True,Nintendo LZ10,Probable,True,,,,,,,False,False
/poketool/pokegra/height.narc,/poketool/pokegra/height.narc!/member_01458,0,/poketool/pokegra/height.narc,404,1458,,21332,21333,5472,5473,1,4a64a107f0cb32536e5bce6c98c393db21cca7f4ea187ba8c4dca8b51d4ea80a,11,,Nintendo LZ11,Probable,,True,Nintendo LZ11,Probable,True,,,,,,,False,False
/poketool/pokegra/height.narc,/poketool/pokegra/height.narc!/member_01459,0,/poketool/pokegra/height.narc,404,1459,,21336,21337,5476,5477,1,4a64a107f0cb32536e5bce6c98c393db21cca7f4ea187ba8c4dca8b51d4ea80a,11,,Nintendo LZ11,Probable,,True,Nintendo LZ11,Probable,True,,,,,,,False,False
/poketool/pokegra/height.narc,/poketool/pokegra/height.narc!/member_01460,0,/poketool/pokegra/height.narc,404,1460,,21340,21341,5480,5481,1,6e340b9cffb37a989ca544e6bb780a2c78901d3fb33738768511a30617afa01d,00,,,,,False,,,,,,,,,,False,False
/poketool/pokegra/height.narc,/poketool/pokegra/height.narc!/member_01461,0,/poketool/pokegra/height.narc,404,1461,,21344,21345,5484,5485,1,6e340b9cffb37a989ca544e6bb780a2c78901d3fb33738768511a30617afa01d,00,,,,,False,,,,,,,,,,False,False
/poketool/pokegra/height.narc,/poketool/pokegra/height.narc!/member_01462,0,/poketool/pokegra/height.narc,404,1462,,21348,21349,5488,5489,1,2b4c342f5433ebe591a1da77e013d1b72475562d48578dca8b84bac6651c3cb9,09,,,,,False,,,,,,,,,,False,False
/poketool/pokegra/height.narc,/poketool/pokegra/height.narc!/member_01463,0,/poketool/pokegra/height.narc,404,1463,,21352,21353,5492,5493,1,2b4c342f5433ebe591a1da77e013d1b72475562d48578dca8b84bac6651c3cb9,09,,,,,False,,,,,,,,,,False,False
/poketool/pokegra/height.narc,/poketool/pokegra/height.narc!/member_01464,0,/poketool/pokegra/height.narc,404,1464,,21356,21357,5496,5497,1,ab897fbdedfa502b2d839b6a56100887dccdc507555c282e59589e06300a62e2,13,,,,,False,,,,,,,,,,False,False
/poketool/pokegra/height.narc,/poketool/pokegra/height.narc!/member_01465,0,/poketool/pokegra/height.narc,404,1465,,21360,21361,5500,5501,1,ab897fbdedfa502b2d839b6a56100887dccdc507555c282e59589e06300a62e2,13,,,,,False,,,,,,,,,,False,False
/poketool/pokegra/height.narc,/poketool/pokegra/height.narc!/member_01466,0,/poketool/pokegra/height.narc,404,1466,,21364,21365,5504,5505,1,83891d7fe85c33e52c8b4e5814c92fb6a3b9467299200538a6babaa8b452d879,14,,,,,False,,,,,,,,,,False,False
/poketool/pokegra/height.narc,/poketool/pokegra/height.narc!/member_01467,0,/poketool/pokegra/height.narc,404,1467,,21368,21369,5508,5509,1,83891d7fe85c33e52c8b4e5814c92fb6a3b9467299200538a6babaa8b452d879,14,,,,,False,,,,,,,,,,False,False
/poketool/pokegra/height.narc,/poketool/pokegra/height.narc!/member_01468,0,/poketool/pokegra/height.narc,404,1468,,21372,21373,5512,5513,1,e77b9a9ae9e30b0dbdb6f510a264ef9de781501d7b6b92ae89eb059c5ab743db,05,,,,,False,,,,,,,,,,False,False
/poketool/pokegra/height.narc,/poketool/pokegra/height.narc!/member_01469,0,/poketool/pokegra/height.narc,404,1469,,21376,21377,5516,5517,1,e77b9a9ae9e30b0dbdb6f510a264ef9de781501d7b6b92ae89eb059c5ab743db,05,,,,,False,,,,,,,,,,False,False
/poketool/pokegra/height.narc,/poketool/pokegra/height.narc!/member_01470,0,/poketool/pokegra/height.narc,404,1470,,21380,21381,5520,5521,1,ef6cbd2161eaea7943ce8693b9824d23d1793ffb1c0fca05b600d3899b44c977,0c,,,,,False,,,,,,,,,,False,False
/poketool/pokegra/height.narc,/poketool/pokegra/height.narc!/member_01471,0,/poketool/pokegra/height.narc,404,1471,,21384,21385,5524,5525,1,ef6cbd2161eaea7943ce8693b9824d23d1793ffb1c0fca05b600d3899b44c977,0c,,,,,False,,,,,,,,,,False,False
/poketool/pokegra/height.narc,/poketool/pokegra/height.narc!/member_01472,0,/poketool/pokegra/height.narc,404,1472,,21388,21389,5528,5529,1,e7cf46a078fed4fafd0b5e3aff144802b853f8ae459a4f0c14add3314b7cc3a6,0b,,,,,False,,,,,,,,,,False,False
/poketool/pokegra/height.narc,/poketool/pokegra/height.narc!/member_01473,0,/poketool/pokegra/height.narc,404,1473,,21392,21393,5532,5533,1,e7cf46a078fed4fafd0b5e3aff144802b853f8ae459a4f0c14add3314b7cc3a6,0b,,,,,False,,,,,,,,,,False,False
/poketool/pokegra/height.narc,/poketool/pokegra/height.narc!/member_01474,0,/poketool/pokegra/height.narc,404,1474,,21396,21397,5536,5537,1,01ba4719c80b6fe911b091a7c05124b64eeece964e09c058ef8f9805daca546b,0a,,,,,False,,,,,,,,,,False,False
/poketool/pokegra/height.narc,/poketool/pokegra/height.narc!/member_01475,0,/poketool/pokegra/height.narc,404,1475,,21400,21401,5540,5541,1,01ba4719c80b6fe911b091a7c05124b64eeece964e09c058ef8f9805daca546b,0a,,,,,False,,,,,,,,,,False,False
/poketool/pokegra/height.narc,/poketool/pokegra/height.narc!/member_01476,0,/poketool/pokegra/height.narc,404,1476,,21404,21405,5544,5545,1,dc0e9c3658a1a3ed1ec94274d8b19925c93e1abb7ddba294923ad9bde30f8cb8,0f,,,,,False,,,,,,,,,,False,False
/poketool/pokegra/height.narc,/poketool/pokegra/height.narc!/member_01477,0,/poketool/pokegra/height.narc,404,1477,,21408,21409,5548,5549,1,dc0e9c3658a1a3ed1ec94274d8b19925c93e1abb7ddba294923ad9bde30f8cb8,0f,,,,,False,,,,,,,,,,False,False
/poketool/pokegra/height.narc,/poketool/pokegra/height.narc!/member_01478,0,/poketool/pokegra/height.narc,404,1478,,21412,21413,5552,5553,1,dc0e9c3658a1a3ed1ec94274d8b19925c93e1abb7ddba294923ad9bde30f8cb8,0f,,,,,False,,,,,,,,,,False,False
/poketool/pokegra/height.narc,/poketool/pokegra/height.narc!/member_01479,0,/poketool/pokegra/height.narc,404,1479,,21416,21417,5556,5557,1,4d7b3ef7300acf70c892d8327db8272f54434adbc61a4e130a563cb59a0d0f47,0e,,,,,False,,,,,,,,,,False,False
/poketool/pokegra/height.narc,/poketool/pokegra/height.narc!/member_01480,0,/poketool/pokegra/height.narc,404,1480,,21420,21421,5560,5561,1,9d1e0e2d9459d06523ad13e28a4093c2316baafe7aec5b25f30eba2e113599c4,0d,,,,,False,,,,,,,,,,False,False
/poketool/pokegra/height.narc,/poketool/pokegra/height.narc!/member_01481,0,/poketool/pokegra/height.narc,404,1481,,21424,21425,5564,5565,1,9d1e0e2d9459d06523ad13e28a4093c2316baafe7aec5b25f30eba2e113599c4,0d,,,,,False,,,,,,,,,,False,False
/poketool/pokegra/height.narc,/poketool/pokegra/height.narc!/member_01482,0,/poketool/pokegra/height.narc,404,1482,,21428,21429,5568,5569,1,8f11b05da785e43e713d03774c6bd3405d99cd3024af334ffd68db663aa37034,17,,,,,False,,,,,,,,,,False,False
/poketool/pokegra/height.narc,/poketool/pokegra/height.narc!/member_01483,0,/poketool/pokegra/height.narc,404,1483,,21432,21433,5572,5573,1,8f11b05da785e43e713d03774c6bd3405d99cd3024af334ffd68db663aa37034,17,,,,,False,,,,,,,,,,False,False
/poketool/pokegra/height.narc,/poketool/pokegra/height.narc!/member_01484,0,/poketool/pokegra/height.narc,404,1484,,21436,21437,5576,5577,1,beead77994cf573341ec17b58bbf7eb34d2711c993c1d976b128b3188dc1829a,08,,,,,False,,,,,,,,,,False,False
/poketool/pokegra/height.narc,/poketool/pokegra/height.narc!/member_01485,0,/poketool/pokegra/height.narc,404,1485,,21440,21441,5580,5581,1,beead77994cf573341ec17b58bbf7eb34d2711c993c1d976b128b3188dc1829a,08,,,,,False,,,,,,,,,,False,False
/poketool/pokegra/height.narc,/poketool/pokegra/height.narc!/member_01486,0,/poketool/pokegra/height.narc,404,1486,,21444,21445,5584,5585,1,4a64a107f0cb32536e5bce6c98c393db21cca7f4ea187ba8c4dca8b51d4ea80a,11,,Nintendo LZ11,Probable,,True,Nintendo LZ11,Probable,True,,,,,,,False,False
/poketool/pokegra/height.narc,/poketool/pokegra/height.narc!/member_01487,0,/poketool/pokegra/height.narc,404,1487,,21448,21449,5588,5589,1,4a64a107f0cb32536e5bce6c98c393db21cca7f4ea187ba8c4dca8b51d4ea80a,11,,Nintendo LZ11,Probable,,True,Nintendo LZ11,Probable,True,,,,,,,False,False
/poketool/pokegra/height.narc,/poketool/pokegra/height.narc!/member_01488,0,/poketool/pokegra/height.narc,404,1488,,21452,21453,5592,5593,1,4a64a107f0cb32536e5bce6c98c393db21cca7f4ea187ba8c4dca8b51d4ea80a,11,,Nintendo LZ11,Probable,,True,Nintendo LZ11,Probable,True,,,,,,,False,False
/poketool/pokegra/height.narc,/poketool/pokegra/height.narc!/member_01489,0,/poketool/pokegra/height.narc,404,1489,,21456,21457,5596,5597,1,4a64a107f0cb32536e5bce6c98c393db21cca7f4ea187ba8c4dca8b51d4ea80a,11,,Nintendo LZ11,Probable,,True,Nintendo LZ11,Probable,True,,,,,,,False,False
/poketool/pokegra/height.narc,/poketool/pokegra/height.narc!/member_01490,0,/poketool/pokegra/height.narc,404,1490,,21460,21461,5600,5601,1,f299791cddd3d6664f6670842812ef6053eb6501bd6282a476bbbf3ee91e750c,12,,,,,False,,,,,,,,,,False,False
/poketool/pokegra/height.narc,/poketool/pokegra/height.narc!/member_01491,0,/poketool/pokegra/height.narc,404,1491,,21464,21465,5604,5605,1,f299791cddd3d6664f6670842812ef6053eb6501bd6282a476bbbf3ee91e750c,12,,,,,False,,,,,,,,,,False,False
/poketool/pokegra/height.narc,/poketool/pokegra/height.narc!/member_01492,0,/poketool/pokegra/height.narc,404,1492,,21468,21469,5608,5609,1,e52d9c508c502347344d8c07ad91cbd6068afc75ff6292f062a09ca381c89e71,04,,,,,False,,,,,,,,,,False,False
/poketool/pokegra/height.narc,/poketool/pokegra/height.narc!/member_01493,0,/poketool/pokegra/height.narc,404,1493,,21472,21473,5612,5613,1,e52d9c508c502347344d8c07ad91cbd6068afc75ff6292f062a09ca381c89e71,04,,,,,False,,,,,,,,,,False,False
/poketool/pokegra/height.narc,/poketool/pokegra/height.narc!/member_01494,0,/poketool/pokegra/height.narc,404,1494,,21476,21477,5616,5617,1,e77b9a9ae9e30b0dbdb6f510a264ef9de781501d7b6b92ae89eb059c5ab743db,05,,,,,False,,,,,,,,,,False,False
/poketool/pokegra/height.narc,/poketool/pokegra/height.narc!/member_01495,0,/poketool/pokegra/height.narc,404,1495,,21480,21481,5620,5621,1,e77b9a9ae9e30b0dbdb6f510a264ef9de781501d7b6b92ae89eb059c5ab743db,05,,,,,False,,,,,,,,,,False,False
/poketool/pokegra/height.narc,/poketool/pokegra/height.narc!/member_01496,0,/poketool/pokegra/height.narc,404,1496,,21484,21484,5624,5624,0,e3b0c44298fc1c149afbf4c8996fb92427ae41e4649b934ca495991b7852b855,,,,,,False,,,,,,,,,,False,False
/poketool/pokegra/height.narc,/poketool/pokegra/height.narc!/member_01497,0,/poketool/pokegra/height.narc,404,1497,,21484,21485,5624,5625,1,9d1e0e2d9459d06523ad13e28a4093c2316baafe7aec5b25f30eba2e113599c4,0d,,,,,False,,,,,,,,,,False,False
/poketool/pokegra/height.narc,/poketool/pokegra/height.narc!/member_01498,0,/poketool/pokegra/height.narc,404,1498,,21488,21488,5628,5628,0,e3b0c44298fc1c149afbf4c8996fb92427ae41e4649b934ca495991b7852b855,,,,,,False,,,,,,,,,,False,False
/poketool/pokegra/height.narc,/poketool/pokegra/height.narc!/member_01499,0,/poketool/pokegra/height.narc,404,1499,,21488,21489,5628,5629,1,7cb7c4547cf2653590d7a9ace60cc623d25148adfbc88a89aeb0ef88da7839ba,16,,,,,False,,,,,,,,,,False,False
/poketool/pokegra/height.narc,/poketool/pokegra/height.narc!/member_01500,0,/poketool/pokegra/height.narc,404,1500,,21492,21492,5632,5632,0,e3b0c44298fc1c149afbf4c8996fb92427ae41e4649b934ca495991b7852b855,,,,,,False,,,,,,,,,,False,False
/poketool/pokegra/height.narc,/poketool/pokegra/height.narc!/member_01501,0,/poketool/pokegra/height.narc,404,1501,,21492,21493,5632,5633,1,c555eab45d08845ae9f10d452a99bfcb06f74a50b988fe7e48dd323789b88ee3,10,,Nintendo LZ10,Probable,,True,Nintendo LZ10,Probable,True,,,,,,,False,False
/poketool/pokegra/height.narc,/poketool/pokegra/height.narc!/member_01502,0,/poketool/pokegra/height.narc,404,1502,,21496,21496,5636,5636,0,e3b0c44298fc1c149afbf4c8996fb92427ae41e4649b934ca495991b7852b855,,,,,,False,,,,,,,,,,False,False
/poketool/pokegra/height.narc,/poketool/pokegra/height.narc!/member_01503,0,/poketool/pokegra/height.narc,404,1503,,21496,21497,5636,5637,1,4d7b3ef7300acf70c892d8327db8272f54434adbc61a4e130a563cb59a0d0f47,0e,,,,,False,,,,,,,,,,False,False
/poketool/pokegra/height.narc,/poketool/pokegra/height.narc!/member_01504,0,/poketool/pokegra/height.narc,404,1504,,21500,21500,5640,5640,0,e3b0c44298fc1c149afbf4c8996fb92427ae41e4649b934ca495991b7852b855,,,,,,False,,,,,,,,,,False,False
/poketool/pokegra/height.narc,/poketool/pokegra/height.narc!/member_01505,0,/poketool/pokegra/height.narc,404,1505,,21500,21501,5640,5641,1,beead77994cf573341ec17b58bbf7eb34d2711c993c1d976b128b3188dc1829a,08,,,,,False,,,,,,,,,,False,False
/poketool/pokegra/height.narc,/poketool/pokegra/height.narc!/member_01506,0,/poketool/pokegra/height.narc,404,1506,,21504,21504,5644,5644,0,e3b0c44298fc1c149afbf4c8996fb92427ae41e4649b934ca495991b7852b855,,,,,,False,,,,,,,,,,False,False
/poketool/pokegra/height.narc,/poketool/pokegra/height.narc!/member_01507,0,/poketool/pokegra/height.narc,404,1507,,21504,21505,5644,5645,1,dc0e9c3658a1a3ed1ec94274d8b19925c93e1abb7ddba294923ad9bde30f8cb8,0f,,,,,False,,,,,,,,,,False,False
/poketool/pokegra/height.narc,/poketool/pokegra/height.narc!/member_01508,0,/poketool/pokegra/height.narc,404,1508,,21508,21508,5648,5648,0,e3b0c44298fc1c149afbf4c8996fb92427ae41e4649b934ca495991b7852b855,,,,,,False,,,,,,,,,,False,False
/poketool/pokegra/height.narc,/poketool/pokegra/height.narc!/member_01509,0,/poketool/pokegra/height.narc,404,1509,,21508,21509,5648,5649,1,beead77994cf573341ec17b58bbf7eb34d2711c993c1d976b128b3188dc1829a,08,,,,,False,,,,,,,,,,False,False
/poketool/pokegra/height.narc,/poketool/pokegra/height.narc!/member_01510,0,/poketool/pokegra/height.narc,404,1510,,21512,21512,5652,5652,0,e3b0c44298fc1c149afbf4c8996fb92427ae41e4649b934ca495991b7852b855,,,,,,False,,,,,,,,,,False,False
/poketool/pokegra/height.narc,/poketool/pokegra/height.narc!/member_01511,0,/poketool/pokegra/height.narc,404,1511,,21512,21513,5652,5653,1,ca358758f6d27e6cf45272937977a748fd88391db679ceda7dc7bf1f005ee879,07,,,,,False,,,,,,,,,,False,False
/poketool/pokegra/height.narc,/poketool/pokegra/height.narc!/member_01512,0,/poketool/pokegra/height.narc,404,1512,,21516,21516,5656,5656,0,e3b0c44298fc1c149afbf4c8996fb92427ae41e4649b934ca495991b7852b855,,,,,,False,,,,,,,,,,False,False
/poketool/pokegra/height.narc,/poketool/pokegra/height.narc!/member_01513,0,/poketool/pokegra/height.narc,404,1513,,21516,21517,5656,5657,1,c555eab45d08845ae9f10d452a99bfcb06f74a50b988fe7e48dd323789b88ee3,10,,Nintendo LZ10,Probable,,True,Nintendo LZ10,Probable,True,,,,,,,False,False
/poketool/pokegra/height.narc,/poketool/pokegra/height.narc!/member_01514,0,/poketool/pokegra/height.narc,404,1514,,21520,21520,5660,5660,0,e3b0c44298fc1c149afbf4c8996fb92427ae41e4649b934ca495991b7852b855,,,,,,False,,,,,,,,,,False,False
/poketool/pokegra/height.narc,/poketool/pokegra/height.narc!/member_01515,0,/poketool/pokegra/height.narc,404,1515,,21520,21521,5660,5661,1,e7cf46a078fed4fafd0b5e3aff144802b853f8ae459a4f0c14add3314b7cc3a6,0b,,,,,False,,,,,,,,,,False,False
/poketool/pokegra/height.narc,/poketool/pokegra/height.narc!/member_01516,0,/poketool/pokegra/height.narc,404,1516,,21524,21524,5664,5664,0,e3b0c44298fc1c149afbf4c8996fb92427ae41e4649b934ca495991b7852b855,,,,,,False,,,,,,,,,,False,False
/poketool/pokegra/height.narc,/poketool/pokegra/height.narc!/member_01517,0,/poketool/pokegra/height.narc,404,1517,,21524,21525,5664,5665,1,4d7b3ef7300acf70c892d8327db8272f54434adbc61a4e130a563cb59a0d0f47,0e,,,,,False,,,,,,,,,,False,False
/poketool/pokegra/height.narc,/poketool/pokegra/height.narc!/member_01518,0,/poketool/pokegra/height.narc,404,1518,,21528,21528,5668,5668,0,e3b0c44298fc1c149afbf4c8996fb92427ae41e4649b934ca495991b7852b855,,,,,,False,,,,,,,,,,False,False
/poketool/pokegra/height.narc,/poketool/pokegra/height.narc!/member_01519,0,/poketool/pokegra/height.narc,404,1519,,21528,21529,5668,5669,1,01ba4719c80b6fe911b091a7c05124b64eeece964e09c058ef8f9805daca546b,0a,,,,,False,,,,,,,,,,False,False
/poketool/pokegra/height.narc,/poketool/pokegra/height.narc!/member_01520,0,/poketool/pokegra/height.narc,404,1520,,21532,21533,5672,5673,1,6e340b9cffb37a989ca544e6bb780a2c78901d3fb33738768511a30617afa01d,00,,,,,False,,,,,,,,,,False,False
/poketool/pokegra/height.narc,/poketool/pokegra/height.narc!/member_01521,0,/poketool/pokegra/height.narc,404,1521,,21536,21536,5676,5676,0,e3b0c44298fc1c149afbf4c8996fb92427ae41e4649b934ca495991b7852b855,,,,,,False,,,,,,,,,,False,False
/poketool/pokegra/height.narc,/poketool/pokegra/height.narc!/member_01522,0,/poketool/pokegra/height.narc,404,1522,,21536,21537,5676,5677,1,ca358758f6d27e6cf45272937977a748fd88391db679ceda7dc7bf1f005ee879,07,,,,,False,,,,,,,,,,False,False
/poketool/pokegra/height.narc,/poketool/pokegra/height.narc!/member_01523,0,/poketool/pokegra/height.narc,404,1523,,21540,21540,5680,5680,0,e3b0c44298fc1c149afbf4c8996fb92427ae41e4649b934ca495991b7852b855,,,,,,False,,,,,,,,,,False,False
/poketool/pokegra/height.narc,/poketool/pokegra/height.narc!/member_01524,0,/poketool/pokegra/height.narc,404,1524,,21540,21540,5680,5680,0,e3b0c44298fc1c149afbf4c8996fb92427ae41e4649b934ca495991b7852b855,,,,,,False,,,,,,,,,,False,False
/poketool/pokegra/height.narc,/poketool/pokegra/height.narc!/member_01525,0,/poketool/pokegra/height.narc,404,1525,,21540,21541,5680,5681,1,6e340b9cffb37a989ca544e6bb780a2c78901d3fb33738768511a30617afa01d,00,,,,,False,,,,,,,,,,False,False
/poketool/pokegra/height.narc,/poketool/pokegra/height.narc!/member_01526,0,/poketool/pokegra/height.narc,404,1526,,21544,21544,5684,5684,0,e3b0c44298fc1c149afbf4c8996fb92427ae41e4649b934ca495991b7852b855,,,,,,False,,,,,,,,,,False,False
/poketool/pokegra/height.narc,/poketool/pokegra/height.narc!/member_01527,0,/poketool/pokegra/height.narc,404,1527,,21544,21545,5684,5685,1,e77b9a9ae9e30b0dbdb6f510a264ef9de781501d7b6b92ae89eb059c5ab743db,05,,,,,False,,,,,,,,,,False,False
/poketool/pokegra/height.narc,/poketool/pokegra/height.narc!/member_01528,0,/poketool/pokegra/height.narc,404,1528,,21548,21548,5688,5688,0,e3b0c44298fc1c149afbf4c8996fb92427ae41e4649b934ca495991b7852b855,,,,,,False,,,,,,,,,,False,False
/poketool/pokegra/height.narc,/poketool/pokegra/height.narc!/member_01529,0,/poketool/pokegra/height.narc,404,1529,,21548,21549,5688,5689,1,7cb7c4547cf2653590d7a9ace60cc623d25148adfbc88a89aeb0ef88da7839ba,16,,,,,False,,,,,,,,,,False,False
/poketool/pokegra/height.narc,/poketool/pokegra/height.narc!/member_01530,0,/poketool/pokegra/height.narc,404,1530,,21552,21552,5692,5692,0,e3b0c44298fc1c149afbf4c8996fb92427ae41e4649b934ca495991b7852b855,,,,,,False,,,,,,,,,,False,False
/poketool/pokegra/height.narc,/poketool/pokegra/height.narc!/member_01531,0,/poketool/pokegra/height.narc,404,1531,,21552,21553,5692,5693,1,dbc1b4c900ffe48d575b5da5c638040125f65db0fe3e24494b76ea986457d986,02,,,,,False,,,,,,,,,,False,False
/poketool/pokegra/height.narc,/poketool/pokegra/height.narc!/member_01532,0,/poketool/pokegra/height.narc,404,1532,,21556,21556,5696,5696,0,e3b0c44298fc1c149afbf4c8996fb92427ae41e4649b934ca495991b7852b855,,,,,,False,,,,,,,,,,False,False
/poketool/pokegra/height.narc,/poketool/pokegra/height.narc!/member_01533,0,/poketool/pokegra/height.narc,404,1533,,21556,21557,5696,5697,1,01ba4719c80b6fe911b091a7c05124b64eeece964e09c058ef8f9805daca546b,0a,,,,,False,,,,,,,,,,False,False
/poketool/pokegra/height.narc,/poketool/pokegra/height.narc!/member_01534,0,/poketool/pokegra/height.narc,404,1534,,21560,21560,5700,5700,0,e3b0c44298fc1c149afbf4c8996fb92427ae41e4649b934ca495991b7852b855,,,,,,False,,,,,,,,,,False,False
/poketool/pokegra/height.narc,/poketool/pokegra/height.narc!/member_01535,0,/poketool/pokegra/height.narc,404,1535,,21560,21561,5700,5701,1,e52d9c508c502347344d8c07ad91cbd6068afc75ff6292f062a09ca381c89e71,04,,,,,False,,,,,,,,,,False,False
/poketool/pokegra/height.narc,/poketool/pokegra/height.narc!/member_01536,0,/poketool/pokegra/height.narc,404,1536,,21564,21564,5704,5704,0,e3b0c44298fc1c149afbf4c8996fb92427ae41e4649b934ca495991b7852b855,,,,,,False,,,,,,,,,,False,False
/poketool/pokegra/height.narc,/poketool/pokegra/height.narc!/member_01537,0,/poketool/pokegra/height.narc,404,1537,,21564,21565,5704,5705,1,6e340b9cffb37a989ca544e6bb780a2c78901d3fb33738768511a30617afa01d,00,,,,,False,,,,,,,,,,False,False
/poketool/pokegra/height.narc,/poketool/pokegra/height.narc!/member_01538,0,/poketool/pokegra/height.narc,404,1538,,21568,21568,5708,5708,0,e3b0c44298fc1c149afbf4c8996fb92427ae41e4649b934ca495991b7852b855,,,,,,False,,,,,,,,,,False,False
/poketool/pokegra/height.narc,/poketool/pokegra/height.narc!/member_01539,0,/poketool/pokegra/height.narc,404,1539,,21568,21569,5708,5709,1,6e340b9cffb37a989ca544e6bb780a2c78901d3fb33738768511a30617afa01d,00,,,,,False,,,,,,,,,,False,False
/poketool/pokegra/height.narc,/poketool/pokegra/height.narc!/member_01540,0,/poketool/pokegra/height.narc,404,1540,,21572,21572,5712,5712,0,e3b0c44298fc1c149afbf4c8996fb92427ae41e4649b934ca495991b7852b855,,,,,,False,,,,,,,,,,False,False
/poketool/pokegra/height.narc,/poketool/pokegra/height.narc!/member_01541,0,/poketool/pokegra/height.narc,404,1541,,21572,21573,5712,5713,1,beead77994cf573341ec17b58bbf7eb34d2711c993c1d976b128b3188dc1829a,08,,,,,False,,,,,,,,,,False,False
/poketool/pokegra/height.narc,/poketool/pokegra/height.narc!/member_01542,0,/poketool/pokegra/height.narc,404,1542,,21576,21576,5716,5716,0,e3b0c44298fc1c149afbf4c8996fb92427ae41e4649b934ca495991b7852b855,,,,,,False,,,,,,,,,,False,False
/poketool/pokegra/height.narc,/poketool/pokegra/height.narc!/member_01543,0,/poketool/pokegra/height.narc,404,1543,,21576,21577,5716,5717,1,83891d7fe85c33e52c8b4e5814c92fb6a3b9467299200538a6babaa8b452d879,14,,,,,False,,,,,,,,,,False,False
/poketool/pokegra/height.narc,/poketool/pokegra/height.narc!/member_01544,0,/poketool/pokegra/height.narc,404,1544,,21580,21580,5720,5720,0,e3b0c44298fc1c149afbf4c8996fb92427ae41e4649b934ca495991b7852b855,,,,,,False,,,,,,,,,,False,False
/poketool/pokegra/height.narc,/poketool/pokegra/height.narc!/member_01545,0,/poketool/pokegra/height.narc,404,1545,,21580,21581,5720,5721,1,beead77994cf573341ec17b58bbf7eb34d2711c993c1d976b128b3188dc1829a,08,,,,,False,,,,,,,,,,False,False
/poketool/pokegra/height.narc,/poketool/pokegra/height.narc!/member_01546,0,/poketool/pokegra/height.narc,404,1546,,21584,21584,5724,5724,0,e3b0c44298fc1c149afbf4c8996fb92427ae41e4649b934ca495991b7852b855,,,,,,False,,,,,,,,,,False,False
/poketool/pokegra/height.narc,/poketool/pokegra/height.narc!/member_01547,0,/poketool/pokegra/height.narc,404,1547,,21584,21585,5724,5725,1,e52d9c508c502347344d8c07ad91cbd6068afc75ff6292f062a09ca381c89e71,04,,,,,False,,,,,,,,,,False,False
/poketool/pokegra/height.narc,/poketool/pokegra/height.narc!/member_01548,0,/poketool/pokegra/height.narc,404,1548,,21588,21589,5728,5729,1,beead77994cf573341ec17b58bbf7eb34d2711c993c1d976b128b3188dc1829a,08,,,,,False,,,,,,,,,,False,False
/poketool/pokegra/height.narc,/poketool/pokegra/height.narc!/member_01549,0,/poketool/pokegra/height.narc,404,1549,,21592,21593,5732,5733,1,beead77994cf573341ec17b58bbf7eb34d2711c993c1d976b128b3188dc1829a,08,,,,,False,,,,,,,,,,False,False
/poketool/pokegra/height.narc,/poketool/pokegra/height.narc!/member_01550,0,/poketool/pokegra/height.narc,404,1550,,21596,21597,5736,5737,1,ab897fbdedfa502b2d839b6a56100887dccdc507555c282e59589e06300a62e2,13,,,,,False,,,,,,,,,,False,False
/poketool/pokegra/height.narc,/poketool/pokegra/height.narc!/member_01551,0,/poketool/pokegra/height.narc,404,1551,,21600,21601,5740,5741,1,ab897fbdedfa502b2d839b6a56100887dccdc507555c282e59589e06300a62e2,13,,,,,False,,,,,,,,,,False,False
/poketool/pokegra/height.narc,/poketool/pokegra/height.narc!/member_01552,0,/poketool/pokegra/height.narc,404,1552,,21604,21605,5744,5745,1,9d1e0e2d9459d06523ad13e28a4093c2316baafe7aec5b25f30eba2e113599c4,0d,,,,,False,,,,,,,,,,False,False
/poketool/pokegra/height.narc,/poketool/pokegra/height.narc!/member_01553,0,/poketool/pokegra/height.narc,404,1553,,21608,21609,5748,5749,1,9d1e0e2d9459d06523ad13e28a4093c2316baafe7aec5b25f30eba2e113599c4,0d,,,,,False,,,,,,,,,,False,False
/poketool/pokegra/height.narc,/poketool/pokegra/height.narc!/member_01554,0,/poketool/pokegra/height.narc,404,1554,,21612,21613,5752,5753,1,e7cf46a078fed4fafd0b5e3aff144802b853f8ae459a4f0c14add3314b7cc3a6,0b,,,,,False,,,,,,,,,,False,False
/poketool/pokegra/height.narc,/poketool/pokegra/height.narc!/member_01555,0,/poketool/pokegra/height.narc,404,1555,,21616,21617,5756,5757,1,e7cf46a078fed4fafd0b5e3aff144802b853f8ae459a4f0c14add3314b7cc3a6,0b,,,,,False,,,,,,,,,,False,False
/poketool/pokegra/height.narc,/poketool/pokegra/height.narc!/member_01556,0,/poketool/pokegra/height.narc,404,1556,,21620,21621,5760,5761,1,e77b9a9ae9e30b0dbdb6f510a264ef9de781501d7b6b92ae89eb059c5ab743db,05,,,,,False,,,,,,,,,,False,False
/poketool/pokegra/height.narc,/poketool/pokegra/height.narc!/member_01557,0,/poketool/pokegra/height.narc,404,1557,,21624,21625,5764,5765,1,e77b9a9ae9e30b0dbdb6f510a264ef9de781501d7b6b92ae89eb059c5ab743db,05,,,,,False,,,,,,,,,,False,False
/poketool/pokegra/height.narc,/poketool/pokegra/height.narc!/member_01558,0,/poketool/pokegra/height.narc,404,1558,,21628,21629,5768,5769,1,4bf5122f344554c53bde2ebb8cd2b7e3d1600ad631c385a5d7cce23c7785459a,01,,,,,False,,,,,,,,,,False,False
/poketool/pokegra/height.narc,/poketool/pokegra/height.narc!/member_01559,0,/poketool/pokegra/height.narc,404,1559,,21632,21633,5772,5773,1,4bf5122f344554c53bde2ebb8cd2b7e3d1600ad631c385a5d7cce23c7785459a,01,,,,,False,,,,,,,,,,False,False
/poketool/pokegra/height.narc,/poketool/pokegra/height.narc!/member_01560,0,/poketool/pokegra/height.narc,404,1560,,21636,21637,5776,5777,1,beead77994cf573341ec17b58bbf7eb34d2711c993c1d976b128b3188dc1829a,08,,,,,False,,,,,,,,,,False,False
/poketool/pokegra/height.narc,/poketool/pokegra/height.narc!/member_01561,0,/poketool/pokegra/height.narc,404,1561,,21640,21641,5780,5781,1,beead77994cf573341ec17b58bbf7eb34d2711c993c1d976b128b3188dc1829a,08,,,,,False,,,,,,,,,,False,False
/poketool/pokegra/height.narc,/poketool/pokegra/height.narc!/member_01562,0,/poketool/pokegra/height.narc,404,1562,,21644,21645,5784,5785,1,f299791cddd3d6664f6670842812ef6053eb6501bd6282a476bbbf3ee91e750c,12,,,,,False,,,,,,,,,,False,False
/poketool/pokegra/height.narc,/poketool/pokegra/height.narc!/member_01563,0,/poketool/pokegra/height.narc,404,1563,,21648,21649,5788,5789,1,f299791cddd3d6664f6670842812ef6053eb6501bd6282a476bbbf3ee91e750c,12,,,,,False,,,,,,,,,,False,False
/poketool/pokegra/height.narc,/poketool/pokegra/height.narc!/member_01564,0,/poketool/pokegra/height.narc,404,1564,,21652,21653,5792,5793,1,6e340b9cffb37a989ca544e6bb780a2c78901d3fb33738768511a30617afa01d,00,,,,,False,,,,,,,,,,False,False
/poketool/pokegra/height.narc,/poketool/pokegra/height.narc!/member_01565,0,/poketool/pokegra/height.narc,404,1565,,21656,21657,5796,5797,1,6e340b9cffb37a989ca544e6bb780a2c78901d3fb33738768511a30617afa01d,00,,,,,False,,,,,,,,,,False,False
/poketool/pokegra/height.narc,/poketool/pokegra/height.narc!/member_01566,0,/poketool/pokegra/height.narc,404,1566,,21660,21661,5800,5801,1,9d1e0e2d9459d06523ad13e28a4093c2316baafe7aec5b25f30eba2e113599c4,0d,,,,,False,,,,,,,,,,False,False
/poketool/pokegra/height.narc,/poketool/pokegra/height.narc!/member_01567,0,/poketool/pokegra/height.narc,404,1567,,21664,21665,5804,5805,1,9d1e0e2d9459d06523ad13e28a4093c2316baafe7aec5b25f30eba2e113599c4,0d,,,,,False,,,,,,,,,,False,False
/poketool/pokegra/height.narc,/poketool/pokegra/height.narc!/member_01568,0,/poketool/pokegra/height.narc,404,1568,,21668,21669,5808,5809,1,6e340b9cffb37a989ca544e6bb780a2c78901d3fb33738768511a30617afa01d,00,,,,,False,,,,,,,,,,False,False
/poketool/pokegra/height.narc,/poketool/pokegra/height.narc!/member_01569,0,/poketool/pokegra/height.narc,404,1569,,21672,21673,5812,5813,1,6e340b9cffb37a989ca544e6bb780a2c78901d3fb33738768511a30617afa01d,00,,,,,False,,,,,,,,,,False,False
/poketool/pokegra/height.narc,/poketool/pokegra/height.narc!/member_01570,0,/poketool/pokegra/height.narc,404,1570,,21676,21677,5816,5817,1,2b4c342f5433ebe591a1da77e013d1b72475562d48578dca8b84bac6651c3cb9,09,,,,,False,,,,,,,,,,False,False
/poketool/pokegra/height.narc,/poketool/pokegra/height.narc!/member_01571,0,/poketool/pokegra/height.narc,404,1571,,21680,21681,5820,5821,1,2b4c342f5433ebe591a1da77e013d1b72475562d48578dca8b84bac6651c3cb9,09,,,,,False,,,,,,,,,,False,False
/poketool/pokegra/height.narc,/poketool/pokegra/height.narc!/member_01572,0,/poketool/pokegra/height.narc,404,1572,,21684,21685,5824,5825,1,beead77994cf573341ec17b58bbf7eb34d2711c993c1d976b128b3188dc1829a,08,,,,,False,,,,,,,,,,False,False
/poketool/pokegra/height.narc,/poketool/pokegra/height.narc!/member_01573,0,/poketool/pokegra/height.narc,404,1573,,21688,21689,5828,5829,1,beead77994cf573341ec17b58bbf7eb34d2711c993c1d976b128b3188dc1829a,08,,,,,False,,,,,,,,,,False,False
/poketool/pokegra/height.narc,/poketool/pokegra/height.narc!/member_01574,0,/poketool/pokegra/height.narc,404,1574,,21692,21693,5832,5833,1,8f11b05da785e43e713d03774c6bd3405d99cd3024af334ffd68db663aa37034,17,,,,,False,,,,,,,,,,False,False
/poketool/pokegra/height.narc,/poketool/pokegra/height.narc!/member_01575,0,/poketool/pokegra/height.narc,404,1575,,21696,21697,5836,5837,1,8f11b05da785e43e713d03774c6bd3405d99cd3024af334ffd68db663aa37034,17,,,,,False,,,,,,,,,,False,False
/poketool/pokegra/height.narc,/poketool/pokegra/height.narc!/member_01576,0,/poketool/pokegra/height.narc,404,1576,,21700,21701,5840,5841,1,2b4c342f5433ebe591a1da77e013d1b72475562d48578dca8b84bac6651c3cb9,09,,,,,False,,,,,,,,,,False,False
/poketool/pokegra/height.narc,/poketool/pokegra/height.narc!/member_01577,0,/poketool/pokegra/height.narc,404,1577,,21704,21705,5844,5845,1,2b4c342f5433ebe591a1da77e013d1b72475562d48578dca8b84bac6651c3cb9,09,,,,,False,,,,,,,,,,False,False
/poketool/pokegra/height.narc,/poketool/pokegra/height.narc!/member_01578,0,/poketool/pokegra/height.narc,404,1578,,21708,21709,5848,5849,1,e7cf46a078fed4fafd0b5e3aff144802b853f8ae459a4f0c14add3314b7cc3a6,0b,,,,,False,,,,,,,,,,False,False
/poketool/pokegra/height.narc,/poketool/pokegra/height.narc!/member_01579,0,/poketool/pokegra/height.narc,404,1579,,21712,21713,5852,5853,1,e7cf46a078fed4fafd0b5e3aff144802b853f8ae459a4f0c14add3314b7cc3a6,0b,,,,,False,,,,,,,,,,False,False
/poketool/pokegra/height.narc,/poketool/pokegra/height.narc!/member_01580,0,/poketool/pokegra/height.narc,404,1580,,21716,21717,5856,5857,1,6e340b9cffb37a989ca544e6bb780a2c78901d3fb33738768511a30617afa01d,00,,,,,False,,,,,,,,,,False,False
/poketool/pokegra/height.narc,/poketool/pokegra/height.narc!/member_01581,0,/poketool/pokegra/height.narc,404,1581,,21720,21721,5860,5861,1,6e340b9cffb37a989ca544e6bb780a2c78901d3fb33738768511a30617afa01d,00,,,,,False,,,,,,,,,,False,False
/poketool/pokegra/height.narc,/poketool/pokegra/height.narc!/member_01582,0,/poketool/pokegra/height.narc,404,1582,,21724,21725,5864,5865,1,dbc1b4c900ffe48d575b5da5c638040125f65db0fe3e24494b76ea986457d986,02,,,,,False,,,,,,,,,,False,False
/poketool/pokegra/height.narc,/poketool/pokegra/height.narc!/member_01583,0,/poketool/pokegra/height.narc,404,1583,,21728,21729,5868,5869,1,dbc1b4c900ffe48d575b5da5c638040125f65db0fe3e24494b76ea986457d986,02,,,,,False,,,,,,,,,,False,False
/poketool/pokegra/height.narc,/poketool/pokegra/height.narc!/member_01584,0,/poketool/pokegra/height.narc,404,1584,,21732,21733,5872,5873,1,beead77994cf573341ec17b58bbf7eb34d2711c993c1d976b128b3188dc1829a,08,,,,,False,,,,,,,,,,False,False
/poketool/pokegra/height.narc,/poketool/pokegra/height.narc!/member_01585,0,/poketool/pokegra/height.narc,404,1585,,21736,21737,5876,5877,1,beead77994cf573341ec17b58bbf7eb34d2711c993c1d976b128b3188dc1829a,08,,,,,False,,,,,,,,,,False,False
/poketool/pokegra/height.narc,/poketool/pokegra/height.narc!/member_01586,0,/poketool/pokegra/height.narc,404,1586,,21740,21741,5880,5881,1,83891d7fe85c33e52c8b4e5814c92fb6a3b9467299200538a6babaa8b452d879,14,,,,,False,,,,,,,,,,False,False
/poketool/pokegra/height.narc,/poketool/pokegra/height.narc!/member_01587,0,/poketool/pokegra/height.narc,404,1587,,21744,21745,5884,5885,1,83891d7fe85c33e52c8b4e5814c92fb6a3b9467299200538a6babaa8b452d879,14,,,,,False,,,,,,,,,,False,False
/poketool/pokegra/height.narc,/poketool/pokegra/height.narc!/member_01588,0,/poketool/pokegra/height.narc,404,1588,,21748,21749,5888,5889,1,beead77994cf573341ec17b58bbf7eb34d2711c993c1d976b128b3188dc1829a,08,,,,,False,,,,,,,,,,False,False
/poketool/pokegra/height.narc,/poketool/pokegra/height.narc!/member_01589,0,/poketool/pokegra/height.narc,404,1589,,21752,21753,5892,5893,1,beead77994cf573341ec17b58bbf7eb34d2711c993c1d976b128b3188dc1829a,08,,,,,False,,,,,,,,,,False,False
/poketool/pokegra/height.narc,/poketool/pokegra/height.narc!/member_01590,0,/poketool/pokegra/height.narc,404,1590,,21756,21757,5896,5897,1,4d7b3ef7300acf70c892d8327db8272f54434adbc61a4e130a563cb59a0d0f47,0e,,,,,False,,,,,,,,,,False,False
/poketool/pokegra/height.narc,/poketool/pokegra/height.narc!/member_01591,0,/poketool/pokegra/height.narc,404,1591,,21760,21761,5900,5901,1,4d7b3ef7300acf70c892d8327db8272f54434adbc61a4e130a563cb59a0d0f47,0e,,,,,False,,,,,,,,,,False,False
/poketool/pokegra/height.narc,/poketool/pokegra/height.narc!/member_01592,0,/poketool/pokegra/height.narc,404,1592,,21764,21765,5904,5905,1,6e340b9cffb37a989ca544e6bb780a2c78901d3fb33738768511a30617afa01d,00,,,,,False,,,,,,,,,,False,False
/poketool/pokegra/height.narc,/poketool/pokegra/height.narc!/member_01593,0,/poketool/pokegra/height.narc,404,1593,,21768,21769,5908,5909,1,6e340b9cffb37a989ca544e6bb780a2c78901d3fb33738768511a30617afa01d,00,,,,,False,,,,,,,,,,False,False
/poketool/pokegra/height.narc,/poketool/pokegra/height.narc!/member_01594,0,/poketool/pokegra/height.narc,404,1594,,21772,21773,5912,5913,1,beead77994cf573341ec17b58bbf7eb34d2711c993c1d976b128b3188dc1829a,08,,,,,False,,,,,,,,,,False,False
/poketool/pokegra/height.narc,/poketool/pokegra/height.narc!/member_01595,0,/poketool/pokegra/height.narc,404,1595,,21776,21777,5916,5917,1,beead77994cf573341ec17b58bbf7eb34d2711c993c1d976b128b3188dc1829a,08,,,,,False,,,,,,,,,,False,False
/poketool/pokegra/height.narc,/poketool/pokegra/height.narc!/member_01596,0,/poketool/pokegra/height.narc,404,1596,,21780,21781,5920,5921,1,c555eab45d08845ae9f10d452a99bfcb06f74a50b988fe7e48dd323789b88ee3,10,,Nintendo LZ10,Probable,,True,Nintendo LZ10,Probable,True,,,,,,,False,False
/poketool/pokegra/height.narc,/poketool/pokegra/height.narc!/member_01597,0,/poketool/pokegra/height.narc,404,1597,,21784,21785,5924,5925,1,c555eab45d08845ae9f10d452a99bfcb06f74a50b988fe7e48dd323789b88ee3,10,,Nintendo LZ10,Probable,,True,Nintendo LZ10,Probable,True,,,,,,,False,False
/poketool/pokegra/height.narc,/poketool/pokegra/height.narc!/member_01598,0,/poketool/pokegra/height.narc,404,1598,,21788,21789,5928,5929,1,83891d7fe85c33e52c8b4e5814c92fb6a3b9467299200538a6babaa8b452d879,14,,,,,False,,,,,,,,,,False,False
/poketool/pokegra/height.narc,/poketool/pokegra/height.narc!/member_01599,0,/poketool/pokegra/height.narc,404,1599,,21792,21793,5932,5933,1,83891d7fe85c33e52c8b4e5814c92fb6a3b9467299200538a6babaa8b452d879,14,,,,,False,,,,,,,,,,False,False
/poketool/pokegra/height.narc,/poketool/pokegra/height.narc!/member_01600,0,/poketool/pokegra/height.narc,404,1600,,21796,21797,5936,5937,1,beead77994cf573341ec17b58bbf7eb34d2711c993c1d976b128b3188dc1829a,08,,,,,False,,,,,,,,,,False,False
/poketool/pokegra/height.narc,/poketool/pokegra/height.narc!/member_01601,0,/poketool/pokegra/height.narc,404,1601,,21800,21801,5940,5941,1,beead77994cf573341ec17b58bbf7eb34d2711c993c1d976b128b3188dc1829a,08,,,,,False,,,,,,,,,,False,False
/poketool/pokegra/height.narc,/poketool/pokegra/height.narc!/member_01602,0,/poketool/pokegra/height.narc,404,1602,,21804,21805,5944,5945,1,ef6cbd2161eaea7943ce8693b9824d23d1793ffb1c0fca05b600d3899b44c977,0c,,,,,False,,,,,,,,,,False,False
/poketool/pokegra/height.narc,/poketool/pokegra/height.narc!/member_01603,0,/poketool/pokegra/height.narc,404,1603,,21808,21809,5948,5949,1,ef6cbd2161eaea7943ce8693b9824d23d1793ffb1c0fca05b600d3899b44c977,0c,,,,,False,,,,,,,,,,False,False
/poketool/pokegra/height.narc,/poketool/pokegra/height.narc!/member_01604,0,/poketool/pokegra/height.narc,404,1604,,21812,21813,5952,5953,1,beead77994cf573341ec17b58bbf7eb34d2711c993c1d976b128b3188dc1829a,08,,,,,False,,,,,,,,,,False,False
/poketool/pokegra/height.narc,/poketool/pokegra/height.narc!/member_01605,0,/poketool/pokegra/height.narc,404,1605,,21816,21817,5956,5957,1,beead77994cf573341ec17b58bbf7eb34d2711c993c1d976b128b3188dc1829a,08,,,,,False,,,,,,,,,,False,False
/poketool/pokegra/height.narc,/poketool/pokegra/height.narc!/member_01606,0,/poketool/pokegra/height.narc,404,1606,,21820,21821,5960,5961,1,4a64a107f0cb32536e5bce6c98c393db21cca7f4ea187ba8c4dca8b51d4ea80a,11,,Nintendo LZ11,Probable,,True,Nintendo LZ11,Probable,True,,,,,,,False,False
/poketool/pokegra/height.narc,/poketool/pokegra/height.narc!/member_01607,0,/poketool/pokegra/height.narc,404,1607,,21824,21825,5964,5965,1,4a64a107f0cb32536e5bce6c98c393db21cca7f4ea187ba8c4dca8b51d4ea80a,11,,Nintendo LZ11,Probable,,True,Nintendo LZ11,Probable,True,,,,,,,False,False
/poketool/pokegra/height.narc,/poketool/pokegra/height.narc!/member_01608,0,/poketool/pokegra/height.narc,404,1608,,21828,21829,5968,5969,1,6e340b9cffb37a989ca544e6bb780a2c78901d3fb33738768511a30617afa01d,00,,,,,False,,,,,,,,,,False,False
/poketool/pokegra/height.narc,/poketool/pokegra/height.narc!/member_01609,0,/poketool/pokegra/height.narc,404,1609,,21832,21833,5972,5973,1,6e340b9cffb37a989ca544e6bb780a2c78901d3fb33738768511a30617afa01d,00,,,,,False,,,,,,,,,,False,False
/poketool/pokegra/height.narc,/poketool/pokegra/height.narc!/member_01610,0,/poketool/pokegra/height.narc,404,1610,,21836,21837,5976,5977,1,01ba4719c80b6fe911b091a7c05124b64eeece964e09c058ef8f9805daca546b,0a,,,,,False,,,,,,,,,,False,False
/poketool/pokegra/height.narc,/poketool/pokegra/height.narc!/member_01611,0,/poketool/pokegra/height.narc,404,1611,,21840,21841,5980,5981,1,01ba4719c80b6fe911b091a7c05124b64eeece964e09c058ef8f9805daca546b,0a,,,,,False,,,,,,,,,,False,False
/poketool/pokegra/height.narc,/poketool/pokegra/height.narc!/member_01612,0,/poketool/pokegra/height.narc,404,1612,,21844,21845,5984,5985,1,2b4c342f5433ebe591a1da77e013d1b72475562d48578dca8b84bac6651c3cb9,09,,,,,False,,,,,,,,,,False,False
/poketool/pokegra/height.narc,/poketool/pokegra/height.narc!/member_01613,0,/poketool/pokegra/height.narc,404,1613,,21848,21849,5988,5989,1,2b4c342f5433ebe591a1da77e013d1b72475562d48578dca8b84bac6651c3cb9,09,,,,,False,,,,,,,,,,False,False
/poketool/pokegra/height.narc,/poketool/pokegra/height.narc!/member_01614,0,/poketool/pokegra/height.narc,404,1614,,21852,21853,5992,5993,1,7cb7c4547cf2653590d7a9ace60cc623d25148adfbc88a89aeb0ef88da7839ba,16,,,,,False,,,,,,,,,,False,False
/poketool/pokegra/height.narc,/poketool/pokegra/height.narc!/member_01615,0,/poketool/pokegra/height.narc,404,1615,,21856,21857,5996,5997,1,7cb7c4547cf2653590d7a9ace60cc623d25148adfbc88a89aeb0ef88da7839ba,16,,,,,False,,,,,,,,,,False,False
/poketool/pokegra/height.narc,/poketool/pokegra/height.narc!/member_01616,0,/poketool/pokegra/height.narc,404,1616,,21860,21861,6000,6001,1,6e340b9cffb37a989ca544e6bb780a2c78901d3fb33738768511a30617afa01d,00,,,,,False,,,,,,,,,,False,False
/poketool/pokegra/height.narc,/poketool/pokegra/height.narc!/member_01617,0,/poketool/pokegra/height.narc,404,1617,,21864,21865,6004,6005,1,6e340b9cffb37a989ca544e6bb780a2c78901d3fb33738768511a30617afa01d,00,,,,,False,,,,,,,,,,False,False
/poketool/pokegra/height.narc,/poketool/pokegra/height.narc!/member_01618,0,/poketool/pokegra/height.narc,404,1618,,21868,21869,6008,6009,1,9d1e0e2d9459d06523ad13e28a4093c2316baafe7aec5b25f30eba2e113599c4,0d,,,,,False,,,,,,,,,,False,False
/poketool/pokegra/height.narc,/poketool/pokegra/height.narc!/member_01619,0,/poketool/pokegra/height.narc,404,1619,,21872,21873,6012,6013,1,9d1e0e2d9459d06523ad13e28a4093c2316baafe7aec5b25f30eba2e113599c4,0d,,,,,False,,,,,,,,,,False,False
/poketool/pokegra/height.narc,/poketool/pokegra/height.narc!/member_01620,0,/poketool/pokegra/height.narc,404,1620,,21876,21877,6016,6017,1,6e340b9cffb37a989ca544e6bb780a2c78901d3fb33738768511a30617afa01d,00,,,,,False,,,,,,,,,,False,False
/poketool/pokegra/height.narc,/poketool/pokegra/height.narc!/member_01621,0,/poketool/pokegra/height.narc,404,1621,,21880,21881,6020,6021,1,6e340b9cffb37a989ca544e6bb780a2c78901d3fb33738768511a30617afa01d,00,,,,,False,,,,,,,,,,False,False
/poketool/pokegra/height.narc,/poketool/pokegra/height.narc!/member_01622,0,/poketool/pokegra/height.narc,404,1622,,21884,21885,6024,6025,1,2b4c342f5433ebe591a1da77e013d1b72475562d48578dca8b84bac6651c3cb9,09,,,,,False,,,,,,,,,,False,False
/poketool/pokegra/height.narc,/poketool/pokegra/height.narc!/member_01623,0,/poketool/pokegra/height.narc,404,1623,,21888,21889,6028,6029,1,2b4c342f5433ebe591a1da77e013d1b72475562d48578dca8b84bac6651c3cb9,09,,,,,False,,,,,,,,,,False,False
/poketool/pokegra/height.narc,/poketool/pokegra/height.narc!/member_01624,0,/poketool/pokegra/height.narc,404,1624,,21892,21893,6032,6033,1,c555eab45d08845ae9f10d452a99bfcb06f74a50b988fe7e48dd323789b88ee3,10,,Nintendo LZ10,Probable,,True,Nintendo LZ10,Probable,True,,,,,,,False,False
/poketool/pokegra/height.narc,/poketool/pokegra/height.narc!/member_01625,0,/poketool/pokegra/height.narc,404,1625,,21896,21897,6036,6037,1,c555eab45d08845ae9f10d452a99bfcb06f74a50b988fe7e48dd323789b88ee3,10,,Nintendo LZ10,Probable,,True,Nintendo LZ10,Probable,True,,,,,,,False,False
/poketool/pokegra/height.narc,/poketool/pokegra/height.narc!/member_01626,0,/poketool/pokegra/height.narc,404,1626,,21900,21901,6040,6041,1,83891d7fe85c33e52c8b4e5814c92fb6a3b9467299200538a6babaa8b452d879,14,,,,,False,,,,,,,,,,False,False
/poketool/pokegra/height.narc,/poketool/pokegra/height.narc!/member_01627,0,/poketool/pokegra/height.narc,404,1627,,21904,21905,6044,6045,1,83891d7fe85c33e52c8b4e5814c92fb6a3b9467299200538a6babaa8b452d879,14,,,,,False,,,,,,,,,,False,False
/poketool/pokegra/height.narc,/poketool/pokegra/height.narc!/member_01628,0,/poketool/pokegra/height.narc,404,1628,,21908,21909,6048,6049,1,beead77994cf573341ec17b58bbf7eb34d2711c993c1d976b128b3188dc1829a,08,,,,,False,,,,,,,,,,False,False
/poketool/pokegra/height.narc,/poketool/pokegra/height.narc!/member_01629,0,/poketool/pokegra/height.narc,404,1629,,21912,21913,6052,6053,1,beead77994cf573341ec17b58bbf7eb34d2711c993c1d976b128b3188dc1829a,08,,,,,False,,,,,,,,,,False,False
/poketool/pokegra/height.narc,/poketool/pokegra/height.narc!/member_01630,0,/poketool/pokegra/height.narc,404,1630,,21916,21917,6056,6057,1,e7cf46a078fed4fafd0b5e3aff144802b853f8ae459a4f0c14add3314b7cc3a6,0b,,,,,False,,,,,,,,,,False,False
/poketool/pokegra/height.narc,/poketool/pokegra/height.narc!/member_01631,0,/poketool/pokegra/height.narc,404,1631,,21920,21921,6060,6061,1,e7cf46a078fed4fafd0b5e3aff144802b853f8ae459a4f0c14add3314b7cc3a6,0b,,,,,False,,,,,,,,,,False,False
/poketool/pokegra/height.narc,/poketool/pokegra/height.narc!/member_01632,0,/poketool/pokegra/height.narc,404,1632,,21924,21925,6064,6065,1,beead77994cf573341ec17b58bbf7eb34d2711c993c1d976b128b3188dc1829a,08,,,,,False,,,,,,,,,,False,False
/poketool/pokegra/height.narc,/poketool/pokegra/height.narc!/member_01633,0,/poketool/pokegra/height.narc,404,1633,,21928,21929,6068,6069,1,beead77994cf573341ec17b58bbf7eb34d2711c993c1d976b128b3188dc1829a,08,,,,,False,,,,,,,,,,False,False
/poketool/pokegra/height.narc,/poketool/pokegra/height.narc!/member_01634,0,/poketool/pokegra/height.narc,404,1634,,21932,21933,6072,6073,1,9d1e0e2d9459d06523ad13e28a4093c2316baafe7aec5b25f30eba2e113599c4,0d,,,,,False,,,,,,,,,,False,False
/poketool/pokegra/height.narc,/poketool/pokegra/height.narc!/member_01635,0,/poketool/pokegra/height.narc,404,1635,,21936,21937,6076,6077,1,9d1e0e2d9459d06523ad13e28a4093c2316baafe7aec5b25f30eba2e113599c4,0d,,,,,False,,,,,,,,,,False,False
/poketool/pokegra/height.narc,/poketool/pokegra/height.narc!/member_01636,0,/poketool/pokegra/height.narc,404,1636,,21940,21941,6080,6081,1,beead77994cf573341ec17b58bbf7eb34d2711c993c1d976b128b3188dc1829a,08,,,,,False,,,,,,,,,,False,False
/poketool/pokegra/height.narc,/poketool/pokegra/height.narc!/member_01637,0,/poketool/pokegra/height.narc,404,1637,,21944,21945,6084,6085,1,beead77994cf573341ec17b58bbf7eb34d2711c993c1d976b128b3188dc1829a,08,,,,,False,,,,,,,,,,False,False
/poketool/pokegra/height.narc,/poketool/pokegra/height.narc!/member_01638,0,/poketool/pokegra/height.narc,404,1638,,21948,21949,6088,6089,1,6e340b9cffb37a989ca544e6bb780a2c78901d3fb33738768511a30617afa01d,00,,,,,False,,,,,,,,,,False,False
/poketool/pokegra/height.narc,/poketool/pokegra/height.narc!/member_01639,0,/poketool/pokegra/height.narc,404,1639,,21952,21953,6092,6093,1,6e340b9cffb37a989ca544e6bb780a2c78901d3fb33738768511a30617afa01d,00,,,,,False,,,,,,,,,,False,False
/poketool/pokegra/height.narc,/poketool/pokegra/height.narc!/member_01640,0,/poketool/pokegra/height.narc,404,1640,,21956,21957,6096,6097,1,beead77994cf573341ec17b58bbf7eb34d2711c993c1d976b128b3188dc1829a,08,,,,,False,,,,,,,,,,False,False
/poketool/pokegra/height.narc,/poketool/pokegra/height.narc!/member_01641,0,/poketool/pokegra/height.narc,404,1641,,21960,21961,6100,6101,1,beead77994cf573341ec17b58bbf7eb34d2711c993c1d976b128b3188dc1829a,08,,,,,False,,,,,,,,,,False,False
/poketool/pokegra/height.narc,/poketool/pokegra/height.narc!/member_01642,0,/poketool/pokegra/height.narc,404,1642,,21964,21965,6104,6105,1,2f0fd1e89b8de1d57292742ec380ea47066e307ad645f5bc3adad8a06ff58608,15,,,,,False,,,,,,,,,,False,False
/poketool/pokegra/height.narc,/poketool/pokegra/height.narc!/member_01643,0,/poketool/pokegra/height.narc,404,1643,,21968,21969,6108,6109,1,2f0fd1e89b8de1d57292742ec380ea47066e307ad645f5bc3adad8a06ff58608,15,,,,,False,,,,,,,,,,False,False
/poketool/pokegra/height.narc,/poketool/pokegra/height.narc!/member_01644,0,/poketool/pokegra/height.narc,404,1644,,21972,21973,6112,6113,1,2b4c342f5433ebe591a1da77e013d1b72475562d48578dca8b84bac6651c3cb9,09,,,,,False,,,,,,,,,,False,False
/poketool/pokegra/height.narc,/poketool/pokegra/height.narc!/member_01645,0,/poketool/pokegra/height.narc,404,1645,,21976,21977,6116,6117,1,2b4c342f5433ebe591a1da77e013d1b72475562d48578dca8b84bac6651c3cb9,09,,,,,False,,,,,,,,,,False,False
/poketool/pokegra/height.narc,/poketool/pokegra/height.narc!/member_01646,0,/poketool/pokegra/height.narc,404,1646,,21980,21981,6120,6121,1,ef6cbd2161eaea7943ce8693b9824d23d1793ffb1c0fca05b600d3899b44c977,0c,,,,,False,,,,,,,,,,False,False
/poketool/pokegra/height.narc,/poketool/pokegra/height.narc!/member_01647,0,/poketool/pokegra/height.narc,404,1647,,21984,21985,6124,6125,1,ef6cbd2161eaea7943ce8693b9824d23d1793ffb1c0fca05b600d3899b44c977,0c,,,,,False,,,,,,,,,,False,False
/poketool/pokegra/height.narc,/poketool/pokegra/height.narc!/member_01648,0,/poketool/pokegra/height.narc,404,1648,,21988,21989,6128,6129,1,6e340b9cffb37a989ca544e6bb780a2c78901d3fb33738768511a30617afa01d,00,,,,,False,,,,,,,,,,False,False
/poketool/pokegra/height.narc,/poketool/pokegra/height.narc!/member_01649,0,/poketool/pokegra/height.narc,404,1649,,21992,21993,6132,6133,1,6e340b9cffb37a989ca544e6bb780a2c78901d3fb33738768511a30617afa01d,00,,,,,False,,,,,,,,,,False,False
/poketool/pokegra/height.narc,/poketool/pokegra/height.narc!/member_01650,0,/poketool/pokegra/height.narc,404,1650,,21996,21997,6136,6137,1,ab897fbdedfa502b2d839b6a56100887dccdc507555c282e59589e06300a62e2,13,,,,,False,,,,,,,,,,False,False
/poketool/pokegra/height.narc,/poketool/pokegra/height.narc!/member_01651,0,/poketool/pokegra/height.narc,404,1651,,22000,22001,6140,6141,1,ab897fbdedfa502b2d839b6a56100887dccdc507555c282e59589e06300a62e2,13,,,,,False,,,,,,,,,,False,False
/poketool/pokegra/height.narc,/poketool/pokegra/height.narc!/member_01652,0,/poketool/pokegra/height.narc,404,1652,,22004,22005,6144,6145,1,6e340b9cffb37a989ca544e6bb780a2c78901d3fb33738768511a30617afa01d,00,,,,,False,,,,,,,,,,False,False
/poketool/pokegra/height.narc,/poketool/pokegra/height.narc!/member_01653,0,/poketool/pokegra/height.narc,404,1653,,22008,22008,6148,6148,0,e3b0c44298fc1c149afbf4c8996fb92427ae41e4649b934ca495991b7852b855,,,,,,False,,,,,,,,,,False,False
/poketool/pokegra/height.narc,/poketool/pokegra/height.narc!/member_01654,0,/poketool/pokegra/height.narc,404,1654,,22008,22009,6148,6149,1,dc0e9c3658a1a3ed1ec94274d8b19925c93e1abb7ddba294923ad9bde30f8cb8,0f,,,,,False,,,,,,,,,,False,False
/poketool/pokegra/height.narc,/poketool/pokegra/height.narc!/member_01655,0,/poketool/pokegra/height.narc,404,1655,,22012,22012,6152,6152,0,e3b0c44298fc1c149afbf4c8996fb92427ae41e4649b934ca495991b7852b855,,,,,,False,,,,,,,,,,False,False
/poketool/pokegra/height.narc,/poketool/pokegra/height.narc!/member_01656,0,/poketool/pokegra/height.narc,404,1656,,22012,22012,6152,6152,0,e3b0c44298fc1c149afbf4c8996fb92427ae41e4649b934ca495991b7852b855,,,,,,False,,,,,,,,,,False,False
/poketool/pokegra/height.narc,/poketool/pokegra/height.narc!/member_01657,0,/poketool/pokegra/height.narc,404,1657,,22012,22013,6152,6153,1,beead77994cf573341ec17b58bbf7eb34d2711c993c1d976b128b3188dc1829a,08,,,,,False,,,,,,,,,,False,False
/poketool/pokegra/height.narc,/poketool/pokegra/height.narc!/member_01658,0,/poketool/pokegra/height.narc,404,1658,,22016,22016,6156,6156,0,e3b0c44298fc1c149afbf4c8996fb92427ae41e4649b934ca495991b7852b855,,,,,,False,,,,,,,,,,False,False
/poketool/pokegra/height.narc,/poketool/pokegra/height.narc!/member_01659,0,/poketool/pokegra/height.narc,404,1659,,22016,22017,6156,6157,1,2f0fd1e89b8de1d57292742ec380ea47066e307ad645f5bc3adad8a06ff58608,15,,,,,False,,,,,,,,,,False,False
/poketool/pokegra/height.narc,/poketool/pokegra/height.narc!/member_01660,0,/poketool/pokegra/height.narc,404,1660,,22020,22021,6160,6161,1,8f11b05da785e43e713d03774c6bd3405d99cd3024af334ffd68db663aa37034,17,,,,,False,,,,,,,,,,False,False
/poketool/pokegra/height.narc,/poketool/pokegra/height.narc!/member_01661,0,/poketool/pokegra/height.narc,404,1661,,22024,22025,6164,6165,1,77adfc95029e73b173f60e556f915b0cd8850848111358b1c370fb7c154e61fd,1b,,,,,False,,,,,,,,,,False,False
/poketool/pokegra/height.narc,/poketool/pokegra/height.narc!/member_01662,0,/poketool/pokegra/height.narc,404,1662,,22028,22029,6168,6169,1,58f7b0780592032e4d8602a3e8690fb2c701b2e1dd546e703445aabd6469734d,1a,,,,,False,,,,,,,,,,False,False
/poketool/pokegra/height.narc,/poketool/pokegra/height.narc!/member_01663,0,/poketool/pokegra/height.narc,404,1663,,22032,22033,6172,6173,1,58f7b0780592032e4d8602a3e8690fb2c701b2e1dd546e703445aabd6469734d,1a,,,,,False,,,,,,,,,,False,False
/poketool/pokegra/height.narc,/poketool/pokegra/height.narc!/member_01664,0,/poketool/pokegra/height.narc,404,1664,,22036,22037,6176,6177,1,6e340b9cffb37a989ca544e6bb780a2c78901d3fb33738768511a30617afa01d,00,,,,,False,,,,,,,,,,False,False
/poketool/pokegra/height.narc,/poketool/pokegra/height.narc!/member_01665,0,/poketool/pokegra/height.narc,404,1665,,22040,22040,6180,6180,0,e3b0c44298fc1c149afbf4c8996fb92427ae41e4649b934ca495991b7852b855,,,,,,False,,,,,,,,,,False,False
/poketool/pokegra/height.narc,/poketool/pokegra/height.narc!/member_01666,0,/poketool/pokegra/height.narc,404,1666,,22040,22041,6180,6181,1,4d7b3ef7300acf70c892d8327db8272f54434adbc61a4e130a563cb59a0d0f47,0e,,,,,False,,,,,,,,,,False,False
/poketool/pokegra/height.narc,/poketool/pokegra/height.narc!/member_01667,0,/poketool/pokegra/height.narc,404,1667,,22044,22044,6184,6184,0,e3b0c44298fc1c149afbf4c8996fb92427ae41e4649b934ca495991b7852b855,,,,,,False,,,,,,,,,,False,False
/poketool/pokegra/height.narc,/poketool/pokegra/height.narc!/member_01668,0,/poketool/pokegra/height.narc,404,1668,,22044,22045,6184,6185,1,dbc1b4c900ffe48d575b5da5c638040125f65db0fe3e24494b76ea986457d986,02,,,,,False,,,,,,,,,,False,False
/poketool/pokegra/height.narc,/poketool/pokegra/height.narc!/member_01669,0,/poketool/pokegra/height.narc,404,1669,,22048,22049,6188,6189,1,dbc1b4c900ffe48d575b5da5c638040125f65db0fe3e24494b76ea986457d986,02,,,,,False,,,,,,,,,,False,False
/poketool/pokegra/height.narc,/poketool/pokegra/height.narc!/member_01670,0,/poketool/pokegra/height.narc,404,1670,,22052,22053,6192,6193,1,dc0e9c3658a1a3ed1ec94274d8b19925c93e1abb7ddba294923ad9bde30f8cb8,0f,,,,,False,,,,,,,,,,False,False
/poketool/pokegra/height.narc,/poketool/pokegra/height.narc!/member_01671,0,/poketool/pokegra/height.narc,404,1671,,22056,22057,6196,6197,1,dc0e9c3658a1a3ed1ec94274d8b19925c93e1abb7ddba294923ad9bde30f8cb8,0f,,,,,False,,,,,,,,,,False,False
/poketool/pokegra/height.narc,/poketool/pokegra/height.narc!/member_01672,0,/poketool/pokegra/height.narc,404,1672,,22060,22061,6200,6201,1,beead77994cf573341ec17b58bbf7eb34d2711c993c1d976b128b3188dc1829a,08,,,,,False,,,,,,,,,,False,False
/poketool/pokegra/height.narc,/poketool/pokegra/height.narc!/member_01673,0,/poketool/pokegra/height.narc,404,1673,,22064,22065,6204,6205,1,beead77994cf573341ec17b58bbf7eb34d2711c993c1d976b128b3188dc1829a,08,,,,,False,,,,,,,,,,False,False
/poketool/pokegra/height.narc,/poketool/pokegra/height.narc!/member_01674,0,/poketool/pokegra/height.narc,404,1674,,22068,22069,6208,6209,1,f299791cddd3d6664f6670842812ef6053eb6501bd6282a476bbbf3ee91e750c,12,,,,,False,,,,,,,,,,False,False
/poketool/pokegra/height.narc,/poketool/pokegra/height.narc!/member_01675,0,/poketool/pokegra/height.narc,404,1675,,22072,22073,6212,6213,1,f299791cddd3d6664f6670842812ef6053eb6501bd6282a476bbbf3ee91e750c,12,,,,,False,,,,,,,,,,False,False
/poketool/pokegra/height.narc,/poketool/pokegra/height.narc!/member_01676,0,/poketool/pokegra/height.narc,404,1676,,22076,22077,6216,6217,1,beead77994cf573341ec17b58bbf7eb34d2711c993c1d976b128b3188dc1829a,08,,,,,False,,,,,,,,,,False,False
/poketool/pokegra/height.narc,/poketool/pokegra/height.narc!/member_01677,0,/poketool/pokegra/height.narc,404,1677,,22080,22081,6220,6221,1,beead77994cf573341ec17b58bbf7eb34d2711c993c1d976b128b3188dc1829a,08,,,,,False,,,,,,,,,,False,False
/poketool/pokegra/height.narc,/poketool/pokegra/height.narc!/member_01678,0,/poketool/pokegra/height.narc,404,1678,,22084,22085,6224,6225,1,084fed08b978af4d7d196a7446a86b58009e636b611db16211b65a9aadff29c5,03,,,,,False,,,,,,,,,,False,False
/poketool/pokegra/height.narc,/poketool/pokegra/height.narc!/member_01679,0,/poketool/pokegra/height.narc,404,1679,,22088,22089,6228,6229,1,084fed08b978af4d7d196a7446a86b58009e636b611db16211b65a9aadff29c5,03,,,,,False,,,,,,,,,,False,False
/poketool/pokegra/height.narc,/poketool/pokegra/height.narc!/member_01680,0,/poketool/pokegra/height.narc,404,1680,,22092,22093,6232,6233,1,c555eab45d08845ae9f10d452a99bfcb06f74a50b988fe7e48dd323789b88ee3,10,,Nintendo LZ10,Probable,,True,Nintendo LZ10,Probable,True,,,,,,,False,False
/poketool/pokegra/height.narc,/poketool/pokegra/height.narc!/member_01681,0,/poketool/pokegra/height.narc,404,1681,,22096,22097,6236,6237,1,c555eab45d08845ae9f10d452a99bfcb06f74a50b988fe7e48dd323789b88ee3,10,,Nintendo LZ10,Probable,,True,Nintendo LZ10,Probable,True,,,,,,,False,False
/poketool/pokegra/height.narc,/poketool/pokegra/height.narc!/member_01682,0,/poketool/pokegra/height.narc,404,1682,,22100,22101,6240,6241,1,68aa2e2ee5dff96e3355e6c7ee373e3d6a4e17f75f9518d843709c0c9bc3e3d4,19,,,,,False,,,,,,,,,,False,False
/poketool/pokegra/height.narc,/poketool/pokegra/height.narc!/member_01683,0,/poketool/pokegra/height.narc,404,1683,,22104,22105,6244,6245,1,68aa2e2ee5dff96e3355e6c7ee373e3d6a4e17f75f9518d843709c0c9bc3e3d4,19,,,,,False,,,,,,,,,,False,False
/poketool/pokegra/height.narc,/poketool/pokegra/height.narc!/member_01684,0,/poketool/pokegra/height.narc,404,1684,,22108,22109,6248,6249,1,9d1e0e2d9459d06523ad13e28a4093c2316baafe7aec5b25f30eba2e113599c4,0d,,,,,False,,,,,,,,,,False,False
/poketool/pokegra/height.narc,/poketool/pokegra/height.narc!/member_01685,0,/poketool/pokegra/height.narc,404,1685,,22112,22113,6252,6253,1,9d1e0e2d9459d06523ad13e28a4093c2316baafe7aec5b25f30eba2e113599c4,0d,,,,,False,,,,,,,,,,False,False
/poketool/pokegra/height.narc,/poketool/pokegra/height.narc!/member_01686,0,/poketool/pokegra/height.narc,404,1686,,22116,22117,6256,6257,1,2f0fd1e89b8de1d57292742ec380ea47066e307ad645f5bc3adad8a06ff58608,15,,,,,False,,,,,,,,,,False,False
/poketool/pokegra/height.narc,/poketool/pokegra/height.narc!/member_01687,0,/poketool/pokegra/height.narc,404,1687,,22120,22121,6260,6261,1,2f0fd1e89b8de1d57292742ec380ea47066e307ad645f5bc3adad8a06ff58608,15,,,,,False,,,,,,,,,,False,False
/poketool/pokegra/height.narc,/poketool/pokegra/height.narc!/member_01688,0,/poketool/pokegra/height.narc,404,1688,,22124,22125,6264,6265,1,6e340b9cffb37a989ca544e6bb780a2c78901d3fb33738768511a30617afa01d,00,,,,,False,,,,,,,,,,False,False
/poketool/pokegra/height.narc,/poketool/pokegra/height.narc!/member_01689,0,/poketool/pokegra/height.narc,404,1689,,22128,22129,6268,6269,1,6e340b9cffb37a989ca544e6bb780a2c78901d3fb33738768511a30617afa01d,00,,,,,False,,,,,,,,,,False,False
/poketool/pokegra/height.narc,/poketool/pokegra/height.narc!/member_01690,0,/poketool/pokegra/height.narc,404,1690,,22132,22133,6272,6273,1,4a64a107f0cb32536e5bce6c98c393db21cca7f4ea187ba8c4dca8b51d4ea80a,11,,Nintendo LZ11,Probable,,True,Nintendo LZ11,Probable,True,,,,,,,False,False
/poketool/pokegra/height.narc,/poketool/pokegra/height.narc!/member_01691,0,/poketool/pokegra/height.narc,404,1691,,22136,22137,6276,6277,1,4a64a107f0cb32536e5bce6c98c393db21cca7f4ea187ba8c4dca8b51d4ea80a,11,,Nintendo LZ11,Probable,,True,Nintendo LZ11,Probable,True,,,,,,,False,False
/poketool/pokegra/height.narc,/poketool/pokegra/height.narc!/member_01692,0,/poketool/pokegra/height.narc,404,1692,,22140,22141,6280,6281,1,6e340b9cffb37a989ca544e6bb780a2c78901d3fb33738768511a30617afa01d,00,,,,,False,,,,,,,,,,False,False
/poketool/pokegra/height.narc,/poketool/pokegra/height.narc!/member_01693,0,/poketool/pokegra/height.narc,404,1693,,22144,22145,6284,6285,1,6e340b9cffb37a989ca544e6bb780a2c78901d3fb33738768511a30617afa01d,00,,,,,False,,,,,,,,,,False,False
/poketool/pokegra/height.narc,/poketool/pokegra/height.narc!/member_01694,0,/poketool/pokegra/height.narc,404,1694,,22148,22149,6288,6289,1,9d1e0e2d9459d06523ad13e28a4093c2316baafe7aec5b25f30eba2e113599c4,0d,,,,,False,,,,,,,,,,False,False
/poketool/pokegra/height.narc,/poketool/pokegra/height.narc!/member_01695,0,/poketool/pokegra/height.narc,404,1695,,22152,22153,6292,6293,1,9d1e0e2d9459d06523ad13e28a4093c2316baafe7aec5b25f30eba2e113599c4,0d,,,,,False,,,,,,,,,,False,False
/poketool/pokegra/height.narc,/poketool/pokegra/height.narc!/member_01696,0,/poketool/pokegra/height.narc,404,1696,,22156,22157,6296,6297,1,6e340b9cffb37a989ca544e6bb780a2c78901d3fb33738768511a30617afa01d,00,,,,,False,,,,,,,,,,False,False
/poketool/pokegra/height.narc,/poketool/pokegra/height.narc!/member_01697,0,/poketool/pokegra/height.narc,404,1697,,22160,22161,6300,6301,1,6e340b9cffb37a989ca544e6bb780a2c78901d3fb33738768511a30617afa01d,00,,,,,False,,,,,,,,,,False,False
/poketool/pokegra/height.narc,/poketool/pokegra/height.narc!/member_01698,0,/poketool/pokegra/height.narc,404,1698,,22164,22165,6304,6305,1,ca358758f6d27e6cf45272937977a748fd88391db679ceda7dc7bf1f005ee879,07,,,,,False,,,,,,,,,,False,False
/poketool/pokegra/height.narc,/poketool/pokegra/height.narc!/member_01699,0,/poketool/pokegra/height.narc,404,1699,,22168,22169,6308,6309,1,ca358758f6d27e6cf45272937977a748fd88391db679ceda7dc7bf1f005ee879,07,,,,,False,,,,,,,,,,False,False
/poketool/pokegra/height.narc,/poketool/pokegra/height.narc!/member_01700,0,/poketool/pokegra/height.narc,404,1700,,22172,22173,6312,6313,1,6e340b9cffb37a989ca544e6bb780a2c78901d3fb33738768511a30617afa01d,00,,,,,False,,,,,,,,,,False,False
/poketool/pokegra/height.narc,/poketool/pokegra/height.narc!/member_01701,0,/poketool/pokegra/height.narc,404,1701,,22176,22177,6316,6317,1,6e340b9cffb37a989ca544e6bb780a2c78901d3fb33738768511a30617afa01d,00,,,,,False,,,,,,,,,,False,False
/poketool/pokegra/height.narc,/poketool/pokegra/height.narc!/member_01702,0,/poketool/pokegra/height.narc,404,1702,,22180,22181,6320,6321,1,9d1e0e2d9459d06523ad13e28a4093c2316baafe7aec5b25f30eba2e113599c4,0d,,,,,False,,,,,,,,,,False,False
/poketool/pokegra/height.narc,/poketool/pokegra/height.narc!/member_01703,0,/poketool/pokegra/height.narc,404,1703,,22184,22185,6324,6325,1,9d1e0e2d9459d06523ad13e28a4093c2316baafe7aec5b25f30eba2e113599c4,0d,,,,,False,,,,,,,,,,False,False
/poketool/pokegra/height.narc,/poketool/pokegra/height.narc!/member_01704,0,/poketool/pokegra/height.narc,404,1704,,22188,22189,6328,6329,1,beead77994cf573341ec17b58bbf7eb34d2711c993c1d976b128b3188dc1829a,08,,,,,False,,,,,,,,,,False,False
/poketool/pokegra/height.narc,/poketool/pokegra/height.narc!/member_01705,0,/poketool/pokegra/height.narc,404,1705,,22192,22193,6332,6333,1,beead77994cf573341ec17b58bbf7eb34d2711c993c1d976b128b3188dc1829a,08,,,,,False,,,,,,,,,,False,False
/poketool/pokegra/height.narc,/poketool/pokegra/height.narc!/member_01706,0,/poketool/pokegra/height.narc,404,1706,,22196,22197,6336,6337,1,4a64a107f0cb32536e5bce6c98c393db21cca7f4ea187ba8c4dca8b51d4ea80a,11,,Nintendo LZ11,Probable,,True,Nintendo LZ11,Probable,True,,,,,,,False,False
/poketool/pokegra/height.narc,/poketool/pokegra/height.narc!/member_01707,0,/poketool/pokegra/height.narc,404,1707,,22200,22201,6340,6341,1,4a64a107f0cb32536e5bce6c98c393db21cca7f4ea187ba8c4dca8b51d4ea80a,11,,Nintendo LZ11,Probable,,True,Nintendo LZ11,Probable,True,,,,,,,False,False
/poketool/pokegra/height.narc,/poketool/pokegra/height.narc!/member_01708,0,/poketool/pokegra/height.narc,404,1708,,22204,22205,6344,6345,1,6e340b9cffb37a989ca544e6bb780a2c78901d3fb33738768511a30617afa01d,00,,,,,False,,,,,,,,,,False,False
/poketool/pokegra/height.narc,/poketool/pokegra/height.narc!/member_01709,0,/poketool/pokegra/height.narc,404,1709,,22208,22209,6348,6349,1,6e340b9cffb37a989ca544e6bb780a2c78901d3fb33738768511a30617afa01d,00,,,,,False,,,,,,,,,,False,False
/poketool/pokegra/height.narc,/poketool/pokegra/height.narc!/member_01710,0,/poketool/pokegra/height.narc,404,1710,,22212,22213,6352,6353,1,ca358758f6d27e6cf45272937977a748fd88391db679ceda7dc7bf1f005ee879,07,,,,,False,,,,,,,,,,False,False
/poketool/pokegra/height.narc,/poketool/pokegra/height.narc!/member_01711,0,/poketool/pokegra/height.narc,404,1711,,22216,22217,6356,6357,1,ca358758f6d27e6cf45272937977a748fd88391db679ceda7dc7bf1f005ee879,07,,,,,False,,,,,,,,,,False,False
/poketool/pokegra/height.narc,/poketool/pokegra/height.narc!/member_01712,0,/poketool/pokegra/height.narc,404,1712,,22220,22221,6360,6361,1,6e340b9cffb37a989ca544e6bb780a2c78901d3fb33738768511a30617afa01d,00,,,,,False,,,,,,,,,,False,False
/poketool/pokegra/height.narc,/poketool/pokegra/height.narc!/member_01713,0,/poketool/pokegra/height.narc,404,1713,,22224,22225,6364,6365,1,6e340b9cffb37a989ca544e6bb780a2c78901d3fb33738768511a30617afa01d,00,,,,,False,,,,,,,,,,False,False
/poketool/pokegra/height.narc,/poketool/pokegra/height.narc!/member_01714,0,/poketool/pokegra/height.narc,404,1714,,22228,22229,6368,6369,1,01ba4719c80b6fe911b091a7c05124b64eeece964e09c058ef8f9805daca546b,0a,,,,,False,,,,,,,,,,False,False
/poketool/pokegra/height.narc,/poketool/pokegra/height.narc!/member_01715,0,/poketool/pokegra/height.narc,404,1715,,22232,22233,6372,6373,1,01ba4719c80b6fe911b091a7c05124b64eeece964e09c058ef8f9805daca546b,0a,,,,,False,,,,,,,,,,False,False
/poketool/pokegra/height.narc,/poketool/pokegra/height.narc!/member_01716,0,/poketool/pokegra/height.narc,404,1716,,22236,22237,6376,6377,1,6e340b9cffb37a989ca544e6bb780a2c78901d3fb33738768511a30617afa01d,00,,,,,False,,,,,,,,,,False,False
/poketool/pokegra/height.narc,/poketool/pokegra/height.narc!/member_01717,0,/poketool/pokegra/height.narc,404,1717,,22240,22241,6380,6381,1,6e340b9cffb37a989ca544e6bb780a2c78901d3fb33738768511a30617afa01d,00,,,,,False,,,,,,,,,,False,False
/poketool/pokegra/height.narc,/poketool/pokegra/height.narc!/member_01718,0,/poketool/pokegra/height.narc,404,1718,,22244,22245,6384,6385,1,beead77994cf573341ec17b58bbf7eb34d2711c993c1d976b128b3188dc1829a,08,,,,,False,,,,,,,,,,False,False
/poketool/pokegra/height.narc,/poketool/pokegra/height.narc!/member_01719,0,/poketool/pokegra/height.narc,404,1719,,22248,22249,6388,6389,1,beead77994cf573341ec17b58bbf7eb34d2711c993c1d976b128b3188dc1829a,08,,,,,False,,,,,,,,,,False,False
/poketool/pokegra/height.narc,/poketool/pokegra/height.narc!/member_01720,0,/poketool/pokegra/height.narc,404,1720,,22252,22253,6392,6393,1,01ba4719c80b6fe911b091a7c05124b64eeece964e09c058ef8f9805daca546b,0a,,,,,False,,,,,,,,,,False,False
/poketool/pokegra/height.narc,/poketool/pokegra/height.narc!/member_01721,0,/poketool/pokegra/height.narc,404,1721,,22256,22257,6396,6397,1,01ba4719c80b6fe911b091a7c05124b64eeece964e09c058ef8f9805daca546b,0a,,,,,False,,,,,,,,,,False,False
/poketool/pokegra/height.narc,/poketool/pokegra/height.narc!/member_01722,0,/poketool/pokegra/height.narc,404,1722,,22260,22261,6400,6401,1,ef6cbd2161eaea7943ce8693b9824d23d1793ffb1c0fca05b600d3899b44c977,0c,,,,,False,,,,,,,,,,False,False
/poketool/pokegra/height.narc,/poketool/pokegra/height.narc!/member_01723,0,/poketool/pokegra/height.narc,404,1723,,22264,22265,6404,6405,1,ef6cbd2161eaea7943ce8693b9824d23d1793ffb1c0fca05b600d3899b44c977,0c,,,,,False,,,,,,,,,,False,False
/poketool/pokegra/height.narc,/poketool/pokegra/height.narc!/member_01724,0,/poketool/pokegra/height.narc,404,1724,,22268,22269,6408,6409,1,beead77994cf573341ec17b58bbf7eb34d2711c993c1d976b128b3188dc1829a,08,,,,,False,,,,,,,,,,False,False
/poketool/pokegra/height.narc,/poketool/pokegra/height.narc!/member_01725,0,/poketool/pokegra/height.narc,404,1725,,22272,22273,6412,6413,1,beead77994cf573341ec17b58bbf7eb34d2711c993c1d976b128b3188dc1829a,08,,,,,False,,,,,,,,,,False,False
/poketool/pokegra/height.narc,/poketool/pokegra/height.narc!/member_01726,0,/poketool/pokegra/height.narc,404,1726,,22276,22277,6416,6417,1,ef6cbd2161eaea7943ce8693b9824d23d1793ffb1c0fca05b600d3899b44c977,0c,,,,,False,,,,,,,,,,False,False
/poketool/pokegra/height.narc,/poketool/pokegra/height.narc!/member_01727,0,/poketool/pokegra/height.narc,404,1727,,22280,22281,6420,6421,1,ef6cbd2161eaea7943ce8693b9824d23d1793ffb1c0fca05b600d3899b44c977,0c,,,,,False,,,,,,,,,,False,False
/poketool/pokegra/height.narc,/poketool/pokegra/height.narc!/member_01728,0,/poketool/pokegra/height.narc,404,1728,,22284,22285,6424,6425,1,6e340b9cffb37a989ca544e6bb780a2c78901d3fb33738768511a30617afa01d,00,,,,,False,,,,,,,,,,False,False
/poketool/pokegra/height.narc,/poketool/pokegra/height.narc!/member_01729,0,/poketool/pokegra/height.narc,404,1729,,22288,22289,6428,6429,1,6e340b9cffb37a989ca544e6bb780a2c78901d3fb33738768511a30617afa01d,00,,,,,False,,,,,,,,,,False,False
/poketool/pokegra/height.narc,/poketool/pokegra/height.narc!/member_01730,0,/poketool/pokegra/height.narc,404,1730,,22292,22293,6432,6433,1,e7cf46a078fed4fafd0b5e3aff144802b853f8ae459a4f0c14add3314b7cc3a6,0b,,,,,False,,,,,,,,,,False,False
/poketool/pokegra/height.narc,/poketool/pokegra/height.narc!/member_01731,0,/poketool/pokegra/height.narc,404,1731,,22296,22297,6436,6437,1,e7cf46a078fed4fafd0b5e3aff144802b853f8ae459a4f0c14add3314b7cc3a6,0b,,,,,False,,,,,,,,,,False,False
/poketool/pokegra/height.narc,/poketool/pokegra/height.narc!/member_01732,0,/poketool/pokegra/height.narc,404,1732,,22300,22301,6440,6441,1,beead77994cf573341ec17b58bbf7eb34d2711c993c1d976b128b3188dc1829a,08,,,,,False,,,,,,,,,,False,False
/poketool/pokegra/height.narc,/poketool/pokegra/height.narc!/member_01733,0,/poketool/pokegra/height.narc,404,1733,,22304,22305,6444,6445,1,beead77994cf573341ec17b58bbf7eb34d2711c993c1d976b128b3188dc1829a,08,,,,,False,,,,,,,,,,False,False
/poketool/pokegra/height.narc,/poketool/pokegra/height.narc!/member_01734,0,/poketool/pokegra/height.narc,404,1734,,22308,22309,6448,6449,1,f299791cddd3d6664f6670842812ef6053eb6501bd6282a476bbbf3ee91e750c,12,,,,,False,,,,,,,,,,False,False
/poketool/pokegra/height.narc,/poketool/pokegra/height.narc!/member_01735,0,/poketool/pokegra/height.narc,404,1735,,22312,22313,6452,6453,1,f299791cddd3d6664f6670842812ef6053eb6501bd6282a476bbbf3ee91e750c,12,,,,,False,,,,,,,,,,False,False
/poketool/pokegra/height.narc,/poketool/pokegra/height.narc!/member_01736,0,/poketool/pokegra/height.narc,404,1736,,22316,22317,6456,6457,1,beead77994cf573341ec17b58bbf7eb34d2711c993c1d976b128b3188dc1829a,08,,,,,False,,,,,,,,,,False,False
/poketool/pokegra/height.narc,/poketool/pokegra/height.narc!/member_01737,0,/poketool/pokegra/height.narc,404,1737,,22320,22321,6460,6461,1,beead77994cf573341ec17b58bbf7eb34d2711c993c1d976b128b3188dc1829a,08,,,,,False,,,,,,,,,,False,False
/poketool/pokegra/height.narc,/poketool/pokegra/height.narc!/member_01738,0,/poketool/pokegra/height.narc,404,1738,,22324,22325,6464,6465,1,e7cf46a078fed4fafd0b5e3aff144802b853f8ae459a4f0c14add3314b7cc3a6,0b,,,,,False,,,,,,,,,,False,False
/poketool/pokegra/height.narc,/poketool/pokegra/height.narc!/member_01739,0,/poketool/pokegra/height.narc,404,1739,,22328,22329,6468,6469,1,e7cf46a078fed4fafd0b5e3aff144802b853f8ae459a4f0c14add3314b7cc3a6,0b,,,,,False,,,,,,,,,,False,False
/poketool/pokegra/height.narc,/poketool/pokegra/height.narc!/member_01740,0,/poketool/pokegra/height.narc,404,1740,,22332,22333,6472,6473,1,6e340b9cffb37a989ca544e6bb780a2c78901d3fb33738768511a30617afa01d,00,,,,,False,,,,,,,,,,False,False
/poketool/pokegra/height.narc,/poketool/pokegra/height.narc!/member_01741,0,/poketool/pokegra/height.narc,404,1741,,22336,22337,6476,6477,1,6e340b9cffb37a989ca544e6bb780a2c78901d3fb33738768511a30617afa01d,00,,,,,False,,,,,,,,,,False,False
/poketool/pokegra/height.narc,/poketool/pokegra/height.narc!/member_01742,0,/poketool/pokegra/height.narc,404,1742,,22340,22341,6480,6481,1,e7cf46a078fed4fafd0b5e3aff144802b853f8ae459a4f0c14add3314b7cc3a6,0b,,,,,False,,,,,,,,,,False,False
/poketool/pokegra/height.narc,/poketool/pokegra/height.narc!/member_01743,0,/poketool/pokegra/height.narc,404,1743,,22344,22345,6484,6485,1,e7cf46a078fed4fafd0b5e3aff144802b853f8ae459a4f0c14add3314b7cc3a6,0b,,,,,False,,,,,,,,,,False,False
/poketool/pokegra/height.narc,/poketool/pokegra/height.narc!/member_01744,0,/poketool/pokegra/height.narc,404,1744,,22348,22348,6488,6488,0,e3b0c44298fc1c149afbf4c8996fb92427ae41e4649b934ca495991b7852b855,,,,,,False,,,,,,,,,,False,False
/poketool/pokegra/height.narc,/poketool/pokegra/height.narc!/member_01745,0,/poketool/pokegra/height.narc,404,1745,,22348,22349,6488,6489,1,ef6cbd2161eaea7943ce8693b9824d23d1793ffb1c0fca05b600d3899b44c977,0c,,,,,False,,,,,,,,,,False,False
/poketool/pokegra/height.narc,/poketool/pokegra/height.narc!/member_01746,0,/poketool/pokegra/height.narc,404,1746,,22352,22352,6492,6492,0,e3b0c44298fc1c149afbf4c8996fb92427ae41e4649b934ca495991b7852b855,,,,,,False,,,,,,,,,,False,False
/poketool/pokegra/height.narc,/poketool/pokegra/height.narc!/member_01747,0,/poketool/pokegra/height.narc,404,1747,,22352,22353,6492,6493,1,452ba1ddef80246c48be7690193c76c1d61185906be9401014fe14f1be64b74f,18,,,,,False,,,,,,,,,,False,False
/poketool/pokegra/height.narc,/poketool/pokegra/height.narc!/member_01748,0,/poketool/pokegra/height.narc,404,1748,,22356,22356,6496,6496,0,e3b0c44298fc1c149afbf4c8996fb92427ae41e4649b934ca495991b7852b855,,,,,,False,,,,,,,,,,False,False
/poketool/pokegra/height.narc,/poketool/pokegra/height.narc!/member_01749,0,/poketool/pokegra/height.narc,404,1749,,22356,22357,6496,6497,1,beead77994cf573341ec17b58bbf7eb34d2711c993c1d976b128b3188dc1829a,08,,,,,False,,,,,,,,,,False,False
/poketool/pokegra/height.narc,/poketool/pokegra/height.narc!/member_01750,0,/poketool/pokegra/height.narc,404,1750,,22360,22360,6500,6500,0,e3b0c44298fc1c149afbf4c8996fb92427ae41e4649b934ca495991b7852b855,,,,,,False,,,,,,,,,,False,False
/poketool/pokegra/height.narc,/poketool/pokegra/height.narc!/member_01751,0,/poketool/pokegra/height.narc,404,1751,,22360,22361,6500,6501,1,01ba4719c80b6fe911b091a7c05124b64eeece964e09c058ef8f9805daca546b,0a,,,,,False,,,,,,,,,,False,False
/poketool/pokegra/height.narc,/poketool/pokegra/height.narc!/member_01752,0,/poketool/pokegra/height.narc,404,1752,,22364,22365,6504,6505,1,beead77994cf573341ec17b58bbf7eb34d2711c993c1d976b128b3188dc1829a,08,,,,,False,,,,,,,,,,False,False
/poketool/pokegra/height.narc,/poketool/pokegra/height.narc!/member_01753,0,/poketool/pokegra/height.narc,404,1753,,22368,22369,6508,6509,1,beead77994cf573341ec17b58bbf7eb34d2711c993c1d976b128b3188dc1829a,08,,,,,False,,,,,,,,,,False,False
/poketool/pokegra/height.narc,/poketool/pokegra/height.narc!/member_01754,0,/poketool/pokegra/height.narc,404,1754,,22372,22373,6512,6513,1,4a64a107f0cb32536e5bce6c98c393db21cca7f4ea187ba8c4dca8b51d4ea80a,11,,Nintendo LZ11,Probable,,True,Nintendo LZ11,Probable,True,,,,,,,False,False
/poketool/pokegra/height.narc,/poketool/pokegra/height.narc!/member_01755,0,/poketool/pokegra/height.narc,404,1755,,22376,22377,6516,6517,1,4a64a107f0cb32536e5bce6c98c393db21cca7f4ea187ba8c4dca8b51d4ea80a,11,,Nintendo LZ11,Probable,,True,Nintendo LZ11,Probable,True,,,,,,,False,False
/poketool/pokegra/height.narc,/poketool/pokegra/height.narc!/member_01756,0,/poketool/pokegra/height.narc,404,1756,,22380,22381,6520,6521,1,4bf5122f344554c53bde2ebb8cd2b7e3d1600ad631c385a5d7cce23c7785459a,01,,,,,False,,,,,,,,,,False,False
/poketool/pokegra/height.narc,/poketool/pokegra/height.narc!/member_01757,0,/poketool/pokegra/height.narc,404,1757,,22384,22385,6524,6525,1,4bf5122f344554c53bde2ebb8cd2b7e3d1600ad631c385a5d7cce23c7785459a,01,,,,,False,,,,,,,,,,False,False
/poketool/pokegra/height.narc,/poketool/pokegra/height.narc!/member_01758,0,/poketool/pokegra/height.narc,404,1758,,22388,22389,6528,6529,1,dc0e9c3658a1a3ed1ec94274d8b19925c93e1abb7ddba294923ad9bde30f8cb8,0f,,,,,False,,,,,,,,,,False,False
/poketool/pokegra/height.narc,/poketool/pokegra/height.narc!/member_01759,0,/poketool/pokegra/height.narc,404,1759,,22392,22393,6532,6533,1,dc0e9c3658a1a3ed1ec94274d8b19925c93e1abb7ddba294923ad9bde30f8cb8,0f,,,,,False,,,,,,,,,,False,False
/poketool/pokegra/height.narc,/poketool/pokegra/height.narc!/member_01760,0,/poketool/pokegra/height.narc,404,1760,,22396,22397,6536,6537,1,beead77994cf573341ec17b58bbf7eb34d2711c993c1d976b128b3188dc1829a,08,,,,,False,,,,,,,,,,False,False
/poketool/pokegra/height.narc,/poketool/pokegra/height.narc!/member_01761,0,/poketool/pokegra/height.narc,404,1761,,22400,22400,6540,6540,0,e3b0c44298fc1c149afbf4c8996fb92427ae41e4649b934ca495991b7852b855,,,,,,False,,,,,,,,,,False,False
/poketool/pokegra/height.narc,/poketool/pokegra/height.narc!/member_01762,0,/poketool/pokegra/height.narc,404,1762,,22400,22401,6540,6541,1,83891d7fe85c33e52c8b4e5814c92fb6a3b9467299200538a6babaa8b452d879,14,,,,,False,,,,,,,,,,False,False
/poketool/pokegra/height.narc,/poketool/pokegra/height.narc!/member_01763,0,/poketool/pokegra/height.narc,404,1763,,22404,22404,6544,6544,0,e3b0c44298fc1c149afbf4c8996fb92427ae41e4649b934ca495991b7852b855,,,,,,False,,,,,,,,,,False,False
/poketool/pokegra/height.narc,/poketool/pokegra/height.narc!/member_01764,0,/poketool/pokegra/height.narc,404,1764,,22404,22405,6544,6545,1,beead77994cf573341ec17b58bbf7eb34d2711c993c1d976b128b3188dc1829a,08,,,,,False,,,,,,,,,,False,False
/poketool/pokegra/height.narc,/poketool/pokegra/height.narc!/member_01765,0,/poketool/pokegra/height.narc,404,1765,,22408,22409,6548,6549,1,beead77994cf573341ec17b58bbf7eb34d2711c993c1d976b128b3188dc1829a,08,,,,,False,,,,,,,,,,False,False
/poketool/pokegra/height.narc,/poketool/pokegra/height.narc!/member_01766,0,/poketool/pokegra/height.narc,404,1766,,22412,22413,6552,6553,1,4d7b3ef7300acf70c892d8327db8272f54434adbc61a4e130a563cb59a0d0f47,0e,,,,,False,,,,,,,,,,False,False
/poketool/pokegra/height.narc,/poketool/pokegra/height.narc!/member_01767,0,/poketool/pokegra/height.narc,404,1767,,22416,22417,6556,6557,1,4d7b3ef7300acf70c892d8327db8272f54434adbc61a4e130a563cb59a0d0f47,0e,,,,,False,,,,,,,,,,False,False
/poketool/pokegra/height.narc,/poketool/pokegra/height.narc!/member_01768,0,/poketool/pokegra/height.narc,404,1768,,22420,22421,6560,6561,1,67586e98fad27da0b9968bc039a1ef34c939b9b8e523a8bef89d478608c5ecf6,06,,,,,False,,,,,,,,,,False,False
/poketool/pokegra/height.narc,/poketool/pokegra/height.narc!/member_01769,0,/poketool/pokegra/height.narc,404,1769,,22424,22425,6564,6565,1,67586e98fad27da0b9968bc039a1ef34c939b9b8e523a8bef89d478608c5ecf6,06,,,,,False,,,,,,,,,,False,False
/poketool/pokegra/height.narc,/poketool/pokegra/height.narc!/member_01770,0,/poketool/pokegra/height.narc,404,1770,,22428,22429,6568,6569,1,4d7b3ef7300acf70c892d8327db8272f54434adbc61a4e130a563cb59a0d0f47,0e,,,,,False,,,,,,,,,,False,False
/poketool/pokegra/height.narc,/poketool/pokegra/height.narc!/member_01771,0,/poketool/pokegra/height.narc,404,1771,,22432,22433,6572,6573,1,4d7b3ef7300acf70c892d8327db8272f54434adbc61a4e130a563cb59a0d0f47,0e,,,,,False,,,,,,,,,,False,False
/poketool/pokegra/height.narc,/poketool/pokegra/height.narc!/member_01772,0,/poketool/pokegra/height.narc,404,1772,,22436,22437,6576,6577,1,c555eab45d08845ae9f10d452a99bfcb06f74a50b988fe7e48dd323789b88ee3,10,,Nintendo LZ10,Probable,,True,Nintendo LZ10,Probable,True,,,,,,,False,False
/poketool/pokegra/height.narc,/poketool/pokegra/height.narc!/member_01773,0,/poketool/pokegra/height.narc,404,1773,,22440,22441,6580,6581,1,c555eab45d08845ae9f10d452a99bfcb06f74a50b988fe7e48dd323789b88ee3,10,,Nintendo LZ10,Probable,,True,Nintendo LZ10,Probable,True,,,,,,,False,False
/poketool/pokegra/height.narc,/poketool/pokegra/height.narc!/member_01774,0,/poketool/pokegra/height.narc,404,1774,,22444,22445,6584,6585,1,4a64a107f0cb32536e5bce6c98c393db21cca7f4ea187ba8c4dca8b51d4ea80a,11,,Nintendo LZ11,Probable,,True,Nintendo LZ11,Probable,True,,,,,,,False,False
/poketool/pokegra/height.narc,/poketool/pokegra/height.narc!/member_01775,0,/poketool/pokegra/height.narc,404,1775,,22448,22449,6588,6589,1,4a64a107f0cb32536e5bce6c98c393db21cca7f4ea187ba8c4dca8b51d4ea80a,11,,Nintendo LZ11,Probable,,True,Nintendo LZ11,Probable,True,,,,,,,False,False
/poketool/pokegra/height.narc,/poketool/pokegra/height.narc!/member_01776,0,/poketool/pokegra/height.narc,404,1776,,22452,22453,6592,6593,1,6e340b9cffb37a989ca544e6bb780a2c78901d3fb33738768511a30617afa01d,00,,,,,False,,,,,,,,,,False,False
/poketool/pokegra/height.narc,/poketool/pokegra/height.narc!/member_01777,0,/poketool/pokegra/height.narc,404,1777,,22456,22457,6596,6597,1,6e340b9cffb37a989ca544e6bb780a2c78901d3fb33738768511a30617afa01d,00,,,,,False,,,,,,,,,,False,False
/poketool/pokegra/height.narc,/poketool/pokegra/height.narc!/member_01778,0,/poketool/pokegra/height.narc,404,1778,,22460,22461,6600,6601,1,beead77994cf573341ec17b58bbf7eb34d2711c993c1d976b128b3188dc1829a,08,,,,,False,,,,,,,,,,False,False
/poketool/pokegra/height.narc,/poketool/pokegra/height.narc!/member_01779,0,/poketool/pokegra/height.narc,404,1779,,22464,22465,6604,6605,1,beead77994cf573341ec17b58bbf7eb34d2711c993c1d976b128b3188dc1829a,08,,,,,False,,,,,,,,,,False,False
/poketool/pokegra/height.narc,/poketool/pokegra/height.narc!/member_01780,0,/poketool/pokegra/height.narc,404,1780,,22468,22469,6608,6609,1,6e340b9cffb37a989ca544e6bb780a2c78901d3fb33738768511a30617afa01d,00,,,,,False,,,,,,,,,,False,False
/poketool/pokegra/height.narc,/poketool/pokegra/height.narc!/member_01781,0,/poketool/pokegra/height.narc,404,1781,,22472,22473,6612,6613,1,6e340b9cffb37a989ca544e6bb780a2c78901d3fb33738768511a30617afa01d,00,,,,,False,,,,,,,,,,False,False
/poketool/pokegra/height.narc,/poketool/pokegra/height.narc!/member_01782,0,/poketool/pokegra/height.narc,404,1782,,22476,22477,6616,6617,1,6e340b9cffb37a989ca544e6bb780a2c78901d3fb33738768511a30617afa01d,00,,,,,False,,,,,,,,,,False,False
/poketool/pokegra/height.narc,/poketool/pokegra/height.narc!/member_01783,0,/poketool/pokegra/height.narc,404,1783,,22480,22481,6620,6621,1,6e340b9cffb37a989ca544e6bb780a2c78901d3fb33738768511a30617afa01d,00,,,,,False,,,,,,,,,,False,False
/poketool/pokegra/height.narc,/poketool/pokegra/height.narc!/member_01784,0,/poketool/pokegra/height.narc,404,1784,,22484,22485,6624,6625,1,2b4c342f5433ebe591a1da77e013d1b72475562d48578dca8b84bac6651c3cb9,09,,,,,False,,,,,,,,,,False,False
/poketool/pokegra/height.narc,/poketool/pokegra/height.narc!/member_01785,0,/poketool/pokegra/height.narc,404,1785,,22488,22489,6628,6629,1,2b4c342f5433ebe591a1da77e013d1b72475562d48578dca8b84bac6651c3cb9,09,,,,,False,,,,,,,,,,False,False
/poketool/pokegra/height.narc,/poketool/pokegra/height.narc!/member_01786,0,/poketool/pokegra/height.narc,404,1786,,22492,22493,6632,6633,1,2f0fd1e89b8de1d57292742ec380ea47066e307ad645f5bc3adad8a06ff58608,15,,,,,False,,,,,,,,,,False,False
/poketool/pokegra/height.narc,/poketool/pokegra/height.narc!/member_01787,0,/poketool/pokegra/height.narc,404,1787,,22496,22497,6636,6637,1,2f0fd1e89b8de1d57292742ec380ea47066e307ad645f5bc3adad8a06ff58608,15,,,,,False,,,,,,,,,,False,False
/poketool/pokegra/height.narc,/poketool/pokegra/height.narc!/member_01788,0,/poketool/pokegra/height.narc,404,1788,,22500,22501,6640,6641,1,01ba4719c80b6fe911b091a7c05124b64eeece964e09c058ef8f9805daca546b,0a,,,,,False,,,,,,,,,,False,False
/poketool/pokegra/height.narc,/poketool/pokegra/height.narc!/member_01789,0,/poketool/pokegra/height.narc,404,1789,,22504,22505,6644,6645,1,01ba4719c80b6fe911b091a7c05124b64eeece964e09c058ef8f9805daca546b,0a,,,,,False,,,,,,,,,,False,False
/poketool/pokegra/height.narc,/poketool/pokegra/height.narc!/member_01790,0,/poketool/pokegra/height.narc,404,1790,,22508,22509,6648,6649,1,4a64a107f0cb32536e5bce6c98c393db21cca7f4ea187ba8c4dca8b51d4ea80a,11,,Nintendo LZ11,Probable,,True,Nintendo LZ11,Probable,True,,,,,,,False,False
/poketool/pokegra/height.narc,/poketool/pokegra/height.narc!/member_01791,0,/poketool/pokegra/height.narc,404,1791,,22512,22513,6652,6653,1,4a64a107f0cb32536e5bce6c98c393db21cca7f4ea187ba8c4dca8b51d4ea80a,11,,Nintendo LZ11,Probable,,True,Nintendo LZ11,Probable,True,,,,,,,False,False
/poketool/pokegra/height.narc,/poketool/pokegra/height.narc!/member_01792,0,/poketool/pokegra/height.narc,404,1792,,22516,22517,6656,6657,1,6e340b9cffb37a989ca544e6bb780a2c78901d3fb33738768511a30617afa01d,00,,,,,False,,,,,,,,,,False,False
/poketool/pokegra/height.narc,/poketool/pokegra/height.narc!/member_01793,0,/poketool/pokegra/height.narc,404,1793,,22520,22521,6660,6661,1,6e340b9cffb37a989ca544e6bb780a2c78901d3fb33738768511a30617afa01d,00,,,,,False,,,,,,,,,,False,False
/poketool/pokegra/height.narc,/poketool/pokegra/height.narc!/member_01794,0,/poketool/pokegra/height.narc,404,1794,,22524,22525,6664,6665,1,01ba4719c80b6fe911b091a7c05124b64eeece964e09c058ef8f9805daca546b,0a,,,,,False,,,,,,,,,,False,False
/poketool/pokegra/height.narc,/poketool/pokegra/height.narc!/member_01795,0,/poketool/pokegra/height.narc,404,1795,,22528,22529,6668,6669,1,01ba4719c80b6fe911b091a7c05124b64eeece964e09c058ef8f9805daca546b,0a,,,,,False,,,,,,,,,,False,False
/poketool/pokegra/height.narc,/poketool/pokegra/height.narc!/member_01796,0,/poketool/pokegra/height.narc,404,1796,,22532,22533,6672,6673,1,beead77994cf573341ec17b58bbf7eb34d2711c993c1d976b128b3188dc1829a,08,,,,,False,,,,,,,,,,False,False
/poketool/pokegra/height.narc,/poketool/pokegra/height.narc!/member_01797,0,/poketool/pokegra/height.narc,404,1797,,22536,22537,6676,6677,1,beead77994cf573341ec17b58bbf7eb34d2711c993c1d976b128b3188dc1829a,08,,,,,False,,,,,,,,,,False,False
/poketool/pokegra/height.narc,/poketool/pokegra/height.narc!/member_01798,0,/poketool/pokegra/height.narc,404,1798,,22540,22541,6680,6681,1,f299791cddd3d6664f6670842812ef6053eb6501bd6282a476bbbf3ee91e750c,12,,,,,False,,,,,,,,,,False,False
/poketool/pokegra/height.narc,/poketool/pokegra/height.narc!/member_01799,0,/poketool/pokegra/height.narc,404,1799,,22544,22545,6684,6685,1,f299791cddd3d6664f6670842812ef6053eb6501bd6282a476bbbf3ee91e750c,12,,,,,False,,,,,,,,,,False,False
/poketool/pokegra/height.narc,/poketool/pokegra/height.narc!/member_01800,0,/poketool/pokegra/height.narc,404,1800,,22548,22549,6688,6689,1,beead77994cf573341ec17b58bbf7eb34d2711c993c1d976b128b3188dc1829a,08,,,,,False,,,,,,,,,,False,False
/poketool/pokegra/height.narc,/poketool/pokegra/height.narc!/member_01801,0,/poketool/pokegra/height.narc,404,1801,,22552,22553,6692,6693,1,beead77994cf573341ec17b58bbf7eb34d2711c993c1d976b128b3188dc1829a,08,,,,,False,,,,,,,,,,False,False
/poketool/pokegra/height.narc,/poketool/pokegra/height.narc!/member_01802,0,/poketool/pokegra/height.narc,404,1802,,22556,22557,6696,6697,1,ca358758f6d27e6cf45272937977a748fd88391db679ceda7dc7bf1f005ee879,07,,,,,False,,,,,,,,,,False,False
/poketool/pokegra/height.narc,/poketool/pokegra/height.narc!/member_01803,0,/poketool/pokegra/height.narc,404,1803,,22560,22561,6700,6701,1,ca358758f6d27e6cf45272937977a748fd88391db679ceda7dc7bf1f005ee879,07,,,,,False,,,,,,,,,,False,False
/poketool/pokegra/height.narc,/poketool/pokegra/height.narc!/member_01804,0,/poketool/pokegra/height.narc,404,1804,,22564,22565,6704,6705,1,beead77994cf573341ec17b58bbf7eb34d2711c993c1d976b128b3188dc1829a,08,,,,,False,,,,,,,,,,False,False
/poketool/pokegra/height.narc,/poketool/pokegra/height.narc!/member_01805,0,/poketool/pokegra/height.narc,404,1805,,22568,22569,6708,6709,1,beead77994cf573341ec17b58bbf7eb34d2711c993c1d976b128b3188dc1829a,08,,,,,False,,,,,,,,,,False,False
/poketool/pokegra/height.narc,/poketool/pokegra/height.narc!/member_01806,0,/poketool/pokegra/height.narc,404,1806,,22572,22573,6712,6713,1,dc0e9c3658a1a3ed1ec94274d8b19925c93e1abb7ddba294923ad9bde30f8cb8,0f,,,,,False,,,,,,,,,,False,False
/poketool/pokegra/height.narc,/poketool/pokegra/height.narc!/member_01807,0,/poketool/pokegra/height.narc,404,1807,,22576,22577,6716,6717,1,dc0e9c3658a1a3ed1ec94274d8b19925c93e1abb7ddba294923ad9bde30f8cb8,0f,,,,,False,,,,,,,,,,False,False
/poketool/pokegra/height.narc,/poketool/pokegra/height.narc!/member_01808,0,/poketool/pokegra/height.narc,404,1808,,22580,22581,6720,6721,1,beead77994cf573341ec17b58bbf7eb34d2711c993c1d976b128b3188dc1829a,08,,,,,False,,,,,,,,,,False,False
/poketool/pokegra/height.narc,/poketool/pokegra/height.narc!/member_01809,0,/poketool/pokegra/height.narc,404,1809,,22584,22585,6724,6725,1,beead77994cf573341ec17b58bbf7eb34d2711c993c1d976b128b3188dc1829a,08,,,,,False,,,,,,,,,,False,False
/poketool/pokegra/height.narc,/poketool/pokegra/height.narc!/member_01810,0,/poketool/pokegra/height.narc,404,1810,,22588,22589,6728,6729,1,e7cf46a078fed4fafd0b5e3aff144802b853f8ae459a4f0c14add3314b7cc3a6,0b,,,,,False,,,,,,,,,,False,False
/poketool/pokegra/height.narc,/poketool/pokegra/height.narc!/member_01811,0,/poketool/pokegra/height.narc,404,1811,,22592,22593,6732,6733,1,e7cf46a078fed4fafd0b5e3aff144802b853f8ae459a4f0c14add3314b7cc3a6,0b,,,,,False,,,,,,,,,,False,False
/poketool/pokegra/height.narc,/poketool/pokegra/height.narc!/member_01812,0,/poketool/pokegra/height.narc,404,1812,,22596,22597,6736,6737,1,beead77994cf573341ec17b58bbf7eb34d2711c993c1d976b128b3188dc1829a,08,,,,,False,,,,,,,,,,False,False
/poketool/pokegra/height.narc,/poketool/pokegra/height.narc!/member_01813,0,/poketool/pokegra/height.narc,404,1813,,22600,22601,6740,6741,1,beead77994cf573341ec17b58bbf7eb34d2711c993c1d976b128b3188dc1829a,08,,,,,False,,,,,,,,,,False,False
/poketool/pokegra/height.narc,/poketool/pokegra/height.narc!/member_01814,0,/poketool/pokegra/height.narc,404,1814,,22604,22605,6744,6745,1,ab897fbdedfa502b2d839b6a56100887dccdc507555c282e59589e06300a62e2,13,,,,,False,,,,,,,,,,False,False
/poketool/pokegra/height.narc,/poketool/pokegra/height.narc!/member_01815,0,/poketool/pokegra/height.narc,404,1815,,22608,22609,6748,6749,1,ab897fbdedfa502b2d839b6a56100887dccdc507555c282e59589e06300a62e2,13,,,,,False,,,,,,,,,,False,False
/poketool/pokegra/height.narc,/poketool/pokegra/height.narc!/member_01816,0,/poketool/pokegra/height.narc,404,1816,,22612,22613,6752,6753,1,beead77994cf573341ec17b58bbf7eb34d2711c993c1d976b128b3188dc1829a,08,,,,,False,,,,,,,,,,False,False
/poketool/pokegra/height.narc,/poketool/pokegra/height.narc!/member_01817,0,/poketool/pokegra/height.narc,404,1817,,22616,22617,6756,6757,1,beead77994cf573341ec17b58bbf7eb34d2711c993c1d976b128b3188dc1829a,08,,,,,False,,,,,,,,,,False,False
/poketool/pokegra/height.narc,/poketool/pokegra/height.narc!/member_01818,0,/poketool/pokegra/height.narc,404,1818,,22620,22621,6760,6761,1,e7cf46a078fed4fafd0b5e3aff144802b853f8ae459a4f0c14add3314b7cc3a6,0b,,,,,False,,,,,,,,,,False,False
/poketool/pokegra/height.narc,/poketool/pokegra/height.narc!/member_01819,0,/poketool/pokegra/height.narc,404,1819,,22624,22625,6764,6765,1,e7cf46a078fed4fafd0b5e3aff144802b853f8ae459a4f0c14add3314b7cc3a6,0b,,,,,False,,,,,,,,,,False,False
/poketool/pokegra/height.narc,/poketool/pokegra/height.narc!/member_01820,0,/poketool/pokegra/height.narc,404,1820,,22628,22629,6768,6769,1,beead77994cf573341ec17b58bbf7eb34d2711c993c1d976b128b3188dc1829a,08,,,,,False,,,,,,,,,,False,False
/poketool/pokegra/height.narc,/poketool/pokegra/height.narc!/member_01821,0,/poketool/pokegra/height.narc,404,1821,,22632,22633,6772,6773,1,beead77994cf573341ec17b58bbf7eb34d2711c993c1d976b128b3188dc1829a,08,,,,,False,,,,,,,,,,False,False
/poketool/pokegra/height.narc,/poketool/pokegra/height.narc!/member_01822,0,/poketool/pokegra/height.narc,404,1822,,22636,22637,6776,6777,1,ef6cbd2161eaea7943ce8693b9824d23d1793ffb1c0fca05b600d3899b44c977,0c,,,,,False,,,,,,,,,,False,False
/poketool/pokegra/height.narc,/poketool/pokegra/height.narc!/member_01823,0,/poketool/pokegra/height.narc,404,1823,,22640,22641,6780,6781,1,ef6cbd2161eaea7943ce8693b9824d23d1793ffb1c0fca05b600d3899b44c977,0c,,,,,False,,,,,,,,,,False,False
/poketool/pokegra/height.narc,/poketool/pokegra/height.narc!/member_01824,0,/poketool/pokegra/height.narc,404,1824,,22644,22645,6784,6785,1,c555eab45d08845ae9f10d452a99bfcb06f74a50b988fe7e48dd323789b88ee3,10,,Nintendo LZ10,Probable,,True,Nintendo LZ10,Probable,True,,,,,,,False,False
/poketool/pokegra/height.narc,/poketool/pokegra/height.narc!/member_01825,0,/poketool/pokegra/height.narc,404,1825,,22648,22649,6788,6789,1,c555eab45d08845ae9f10d452a99bfcb06f74a50b988fe7e48dd323789b88ee3,10,,Nintendo LZ10,Probable,,True,Nintendo LZ10,Probable,True,,,,,,,False,False
/poketool/pokegra/height.narc,/poketool/pokegra/height.narc!/member_01826,0,/poketool/pokegra/height.narc,404,1826,,22652,22653,6792,6793,1,2f0fd1e89b8de1d57292742ec380ea47066e307ad645f5bc3adad8a06ff58608,15,,,,,False,,,,,,,,,,False,False
/poketool/pokegra/height.narc,/poketool/pokegra/height.narc!/member_01827,0,/poketool/pokegra/height.narc,404,1827,,22656,22657,6796,6797,1,2f0fd1e89b8de1d57292742ec380ea47066e307ad645f5bc3adad8a06ff58608,15,,,,,False,,,,,,,,,,False,False
/poketool/pokegra/height.narc,/poketool/pokegra/height.narc!/member_01828,0,/poketool/pokegra/height.narc,404,1828,,22660,22661,6800,6801,1,6e340b9cffb37a989ca544e6bb780a2c78901d3fb33738768511a30617afa01d,00,,,,,False,,,,,,,,,,False,False
/poketool/pokegra/height.narc,/poketool/pokegra/height.narc!/member_01829,0,/poketool/pokegra/height.narc,404,1829,,22664,22665,6804,6805,1,6e340b9cffb37a989ca544e6bb780a2c78901d3fb33738768511a30617afa01d,00,,,,,False,,,,,,,,,,False,False
/poketool/pokegra/height.narc,/poketool/pokegra/height.narc!/member_01830,0,/poketool/pokegra/height.narc,404,1830,,22668,22669,6808,6809,1,e7cf46a078fed4fafd0b5e3aff144802b853f8ae459a4f0c14add3314b7cc3a6,0b,,,,,False,,,,,,,,,,False,False
/poketool/pokegra/height.narc,/poketool/pokegra/height.narc!/member_01831,0,/poketool/pokegra/height.narc,404,1831,,22672,22673,6812,6813,1,e7cf46a078fed4fafd0b5e3aff144802b853f8ae459a4f0c14add3314b7cc3a6,0b,,,,,False,,,,,,,,,,False,False
/poketool/pokegra/height.narc,/poketool/pokegra/height.narc!/member_01832,0,/poketool/pokegra/height.narc,404,1832,,22676,22677,6816,6817,1,beead77994cf573341ec17b58bbf7eb34d2711c993c1d976b128b3188dc1829a,08,,,,,False,,,,,,,,,,False,False
/poketool/pokegra/height.narc,/poketool/pokegra/height.narc!/member_01833,0,/poketool/pokegra/height.narc,404,1833,,22680,22681,6820,6821,1,beead77994cf573341ec17b58bbf7eb34d2711c993c1d976b128b3188dc1829a,08,,,,,False,,,,,,,,,,False,False
/poketool/pokegra/height.narc,/poketool/pokegra/height.narc!/member_01834,0,/poketool/pokegra/height.narc,404,1834,,22684,22685,6824,6825,1,ab897fbdedfa502b2d839b6a56100887dccdc507555c282e59589e06300a62e2,13,,,,,False,,,,,,,,,,False,False
/poketool/pokegra/height.narc,/poketool/pokegra/height.narc!/member_01835,0,/poketool/pokegra/height.narc,404,1835,,22688,22689,6828,6829,1,ab897fbdedfa502b2d839b6a56100887dccdc507555c282e59589e06300a62e2,13,,,,,False,,,,,,,,,,False,False
/poketool/pokegra/height.narc,/poketool/pokegra/height.narc!/member_01836,0,/poketool/pokegra/height.narc,404,1836,,22692,22693,6832,6833,1,beead77994cf573341ec17b58bbf7eb34d2711c993c1d976b128b3188dc1829a,08,,,,,False,,,,,,,,,,False,False
/poketool/pokegra/height.narc,/poketool/pokegra/height.narc!/member_01837,0,/poketool/pokegra/height.narc,404,1837,,22696,22697,6836,6837,1,beead77994cf573341ec17b58bbf7eb34d2711c993c1d976b128b3188dc1829a,08,,,,,False,,,,,,,,,,False,False
/poketool/pokegra/height.narc,/poketool/pokegra/height.narc!/member_01838,0,/poketool/pokegra/height.narc,404,1838,,22700,22701,6840,6841,1,c555eab45d08845ae9f10d452a99bfcb06f74a50b988fe7e48dd323789b88ee3,10,,Nintendo LZ10,Probable,,True,Nintendo LZ10,Probable,True,,,,,,,False,False
/poketool/pokegra/height.narc,/poketool/pokegra/height.narc!/member_01839,0,/poketool/pokegra/height.narc,404,1839,,22704,22705,6844,6845,1,c555eab45d08845ae9f10d452a99bfcb06f74a50b988fe7e48dd323789b88ee3,10,,Nintendo LZ10,Probable,,True,Nintendo LZ10,Probable,True,,,,,,,False,False
/poketool/pokegra/height.narc,/poketool/pokegra/height.narc!/member_01840,0,/poketool/pokegra/height.narc,404,1840,,22708,22709,6848,6849,1,6e340b9cffb37a989ca544e6bb780a2c78901d3fb33738768511a30617afa01d,00,,,,,False,,,,,,,,,,False,False
/poketool/pokegra/height.narc,/poketool/pokegra/height.narc!/member_01841,0,/poketool/pokegra/height.narc,404,1841,,22712,22713,6852,6853,1,6e340b9cffb37a989ca544e6bb780a2c78901d3fb33738768511a30617afa01d,00,,,,,False,,,,,,,,,,False,False
/poketool/pokegra/height.narc,/poketool/pokegra/height.narc!/member_01842,0,/poketool/pokegra/height.narc,404,1842,,22716,22717,6856,6857,1,e77b9a9ae9e30b0dbdb6f510a264ef9de781501d7b6b92ae89eb059c5ab743db,05,,,,,False,,,,,,,,,,False,False
/poketool/pokegra/height.narc,/poketool/pokegra/height.narc!/member_01843,0,/poketool/pokegra/height.narc,404,1843,,22720,22721,6860,6861,1,e77b9a9ae9e30b0dbdb6f510a264ef9de781501d7b6b92ae89eb059c5ab743db,05,,,,,False,,,,,,,,,,False,False
/poketool/pokegra/height.narc,/poketool/pokegra/height.narc!/member_01844,0,/poketool/pokegra/height.narc,404,1844,,22724,22725,6864,6865,1,beead77994cf573341ec17b58bbf7eb34d2711c993c1d976b128b3188dc1829a,08,,,,,False,,,,,,,,,,False,False
/poketool/pokegra/height.narc,/poketool/pokegra/height.narc!/member_01845,0,/poketool/pokegra/height.narc,404,1845,,22728,22729,6868,6869,1,beead77994cf573341ec17b58bbf7eb34d2711c993c1d976b128b3188dc1829a,08,,,,,False,,,,,,,,,,False,False
/poketool/pokegra/height.narc,/poketool/pokegra/height.narc!/member_01846,0,/poketool/pokegra/height.narc,404,1846,,22732,22733,6872,6873,1,2b4c342f5433ebe591a1da77e013d1b72475562d48578dca8b84bac6651c3cb9,09,,,,,False,,,,,,,,,,False,False
/poketool/pokegra/height.narc,/poketool/pokegra/height.narc!/member_01847,0,/poketool/pokegra/height.narc,404,1847,,22736,22737,6876,6877,1,2b4c342f5433ebe591a1da77e013d1b72475562d48578dca8b84bac6651c3cb9,09,,,,,False,,,,,,,,,,False,False
/poketool/pokegra/height.narc,/poketool/pokegra/height.narc!/member_01848,0,/poketool/pokegra/height.narc,404,1848,,22740,22740,6880,6880,0,e3b0c44298fc1c149afbf4c8996fb92427ae41e4649b934ca495991b7852b855,,,,,,False,,,,,,,,,,False,False
/poketool/pokegra/height.narc,/poketool/pokegra/height.narc!/member_01849,0,/poketool/pokegra/height.narc,404,1849,,22740,22741,6880,6881,1,c555eab45d08845ae9f10d452a99bfcb06f74a50b988fe7e48dd323789b88ee3,10,,Nintendo LZ10,Probable,,True,Nintendo LZ10,Probable,True,,,,,,,False,False
/poketool/pokegra/height.narc,/poketool/pokegra/height.narc!/member_01850,0,/poketool/pokegra/height.narc,404,1850,,22744,22744,6884,6884,0,e3b0c44298fc1c149afbf4c8996fb92427ae41e4649b934ca495991b7852b855,,,,,,False,,,,,,,,,,False,False
/poketool/pokegra/height.narc,/poketool/pokegra/height.narc!/member_01851,0,/poketool/pokegra/height.narc,404,1851,,22744,22745,6884,6885,1,2b4c342f5433ebe591a1da77e013d1b72475562d48578dca8b84bac6651c3cb9,09,,,,,False,,,,,,,,,,False,False
/poketool/pokegra/height.narc,/poketool/pokegra/height.narc!/member_01852,0,/poketool/pokegra/height.narc,404,1852,,22748,22749,6888,6889,1,6e340b9cffb37a989ca544e6bb780a2c78901d3fb33738768511a30617afa01d,00,,,,,False,,,,,,,,,,False,False
/poketool/pokegra/height.narc,/poketool/pokegra/height.narc!/member_01853,0,/poketool/pokegra/height.narc,404,1853,,22752,22753,6892,6893,1,6e340b9cffb37a989ca544e6bb780a2c78901d3fb33738768511a30617afa01d,00,,,,,False,,,,,,,,,,False,False
/poketool/pokegra/height.narc,/poketool/pokegra/height.narc!/member_01854,0,/poketool/pokegra/height.narc,404,1854,,22756,22757,6896,6897,1,e77b9a9ae9e30b0dbdb6f510a264ef9de781501d7b6b92ae89eb059c5ab743db,05,,,,,False,,,,,,,,,,False,False
/poketool/pokegra/height.narc,/poketool/pokegra/height.narc!/member_01855,0,/poketool/pokegra/height.narc,404,1855,,22760,22761,6900,6901,1,e77b9a9ae9e30b0dbdb6f510a264ef9de781501d7b6b92ae89eb059c5ab743db,05,,,,,False,,,,,,,,,,False,False
/poketool/pokegra/height.narc,/poketool/pokegra/height.narc!/member_01856,0,/poketool/pokegra/height.narc,404,1856,,22764,22765,6904,6905,1,6e340b9cffb37a989ca544e6bb780a2c78901d3fb33738768511a30617afa01d,00,,,,,False,,,,,,,,,,False,False
/poketool/pokegra/height.narc,/poketool/pokegra/height.narc!/member_01857,0,/poketool/pokegra/height.narc,404,1857,,22768,22769,6908,6909,1,6e340b9cffb37a989ca544e6bb780a2c78901d3fb33738768511a30617afa01d,00,,,,,False,,,,,,,,,,False,False
/poketool/pokegra/height.narc,/poketool/pokegra/height.narc!/member_01858,0,/poketool/pokegra/height.narc,404,1858,,22772,22773,6912,6913,1,e52d9c508c502347344d8c07ad91cbd6068afc75ff6292f062a09ca381c89e71,04,,,,,False,,,,,,,,,,False,False
/poketool/pokegra/height.narc,/poketool/pokegra/height.narc!/member_01859,0,/poketool/pokegra/height.narc,404,1859,,22776,22777,6916,6917,1,e52d9c508c502347344d8c07ad91cbd6068afc75ff6292f062a09ca381c89e71,04,,,,,False,,,,,,,,,,False,False
/poketool/pokegra/height.narc,/poketool/pokegra/height.narc!/member_01860,0,/poketool/pokegra/height.narc,404,1860,,22780,22781,6920,6921,1,beead77994cf573341ec17b58bbf7eb34d2711c993c1d976b128b3188dc1829a,08,,,,,False,,,,,,,,,,False,False
/poketool/pokegra/height.narc,/poketool/pokegra/height.narc!/member_01861,0,/poketool/pokegra/height.narc,404,1861,,22784,22785,6924,6925,1,beead77994cf573341ec17b58bbf7eb34d2711c993c1d976b128b3188dc1829a,08,,,,,False,,,,,,,,,,False,False
/poketool/pokegra/height.narc,/poketool/pokegra/height.narc!/member_01862,0,/poketool/pokegra/height.narc,404,1862,,22788,22789,6928,6929,1,e52d9c508c502347344d8c07ad91cbd6068afc75ff6292f062a09ca381c89e71,04,,,,,False,,,,,,,,,,False,False
/poketool/pokegra/height.narc,/poketool/pokegra/height.narc!/member_01863,0,/poketool/pokegra/height.narc,404,1863,,22792,22793,6932,6933,1,e52d9c508c502347344d8c07ad91cbd6068afc75ff6292f062a09ca381c89e71,04,,,,,False,,,,,,,,,,False,False
/poketool/pokegra/height.narc,/poketool/pokegra/height.narc!/member_01864,0,/poketool/pokegra/height.narc,404,1864,,22796,22797,6936,6937,1,beead77994cf573341ec17b58bbf7eb34d2711c993c1d976b128b3188dc1829a,08,,,,,False,,,,,,,,,,False,False
/poketool/pokegra/height.narc,/poketool/pokegra/height.narc!/member_01865,0,/poketool/pokegra/height.narc,404,1865,,22800,22801,6940,6941,1,beead77994cf573341ec17b58bbf7eb34d2711c993c1d976b128b3188dc1829a,08,,,,,False,,,,,,,,,,False,False
/poketool/pokegra/height.narc,/poketool/pokegra/height.narc!/member_01866,0,/poketool/pokegra/height.narc,404,1866,,22804,22805,6944,6945,1,ca358758f6d27e6cf45272937977a748fd88391db679ceda7dc7bf1f005ee879,07,,,,,False,,,,,,,,,,False,False
/poketool/pokegra/height.narc,/poketool/pokegra/height.narc!/member_01867,0,/poketool/pokegra/height.narc,404,1867,,22808,22809,6948,6949,1,ca358758f6d27e6cf45272937977a748fd88391db679ceda7dc7bf1f005ee879,07,,,,,False,,,,,,,,,,False,False
/poketool/pokegra/height.narc,/poketool/pokegra/height.narc!/member_01868,0,/poketool/pokegra/height.narc,404,1868,,22812,22813,6952,6953,1,beead77994cf573341ec17b58bbf7eb34d2711c993c1d976b128b3188dc1829a,08,,,,,False,,,,,,,,,,False,False
/poketool/pokegra/height.narc,/poketool/pokegra/height.narc!/member_01869,0,/poketool/pokegra/height.narc,404,1869,,22816,22817,6956,6957,1,beead77994cf573341ec17b58bbf7eb34d2711c993c1d976b128b3188dc1829a,08,,,,,False,,,,,,,,,,False,False
/poketool/pokegra/height.narc,/poketool/pokegra/height.narc!/member_01870,0,/poketool/pokegra/height.narc,404,1870,,22820,22821,6960,6961,1,4bf5122f344554c53bde2ebb8cd2b7e3d1600ad631c385a5d7cce23c7785459a,01,,,,,False,,,,,,,,,,False,False
/poketool/pokegra/height.narc,/poketool/pokegra/height.narc!/member_01871,0,/poketool/pokegra/height.narc,404,1871,,22824,22825,6964,6965,1,4bf5122f344554c53bde2ebb8cd2b7e3d1600ad631c385a5d7cce23c7785459a,01,,,,,False,,,,,,,,,,False,False
/poketool/pokegra/height.narc,/poketool/pokegra/height.narc!/member_01872,0,/poketool/pokegra/height.narc,404,1872,,22828,22829,6968,6969,1,ef6cbd2161eaea7943ce8693b9824d23d1793ffb1c0fca05b600d3899b44c977,0c,,,,,False,,,,,,,,,,False,False
/poketool/pokegra/height.narc,/poketool/pokegra/height.narc!/member_01873,0,/poketool/pokegra/height.narc,404,1873,,22832,22833,6972,6973,1,ef6cbd2161eaea7943ce8693b9824d23d1793ffb1c0fca05b600d3899b44c977,0c,,,,,False,,,,,,,,,,False,False
/poketool/pokegra/height.narc,/poketool/pokegra/height.narc!/member_01874,0,/poketool/pokegra/height.narc,404,1874,,22836,22837,6976,6977,1,ab897fbdedfa502b2d839b6a56100887dccdc507555c282e59589e06300a62e2,13,,,,,False,,,,,,,,,,False,False
/poketool/pokegra/height.narc,/poketool/pokegra/height.narc!/member_01875,0,/poketool/pokegra/height.narc,404,1875,,22840,22841,6980,6981,1,ab897fbdedfa502b2d839b6a56100887dccdc507555c282e59589e06300a62e2,13,,,,,False,,,,,,,,,,False,False
/poketool/pokegra/height.narc,/poketool/pokegra/height.narc!/member_01876,0,/poketool/pokegra/height.narc,404,1876,,22844,22845,6984,6985,1,beead77994cf573341ec17b58bbf7eb34d2711c993c1d976b128b3188dc1829a,08,,,,,False,,,,,,,,,,False,False
/poketool/pokegra/height.narc,/poketool/pokegra/height.narc!/member_01877,0,/poketool/pokegra/height.narc,404,1877,,22848,22849,6988,6989,1,beead77994cf573341ec17b58bbf7eb34d2711c993c1d976b128b3188dc1829a,08,,,,,False,,,,,,,,,,False,False
/poketool/pokegra/height.narc,/poketool/pokegra/height.narc!/member_01878,0,/poketool/pokegra/height.narc,404,1878,,22852,22853,6992,6993,1,e77b9a9ae9e30b0dbdb6f510a264ef9de781501d7b6b92ae89eb059c5ab743db,05,,,,,False,,,,,,,,,,False,False
/poketool/pokegra/height.narc,/poketool/pokegra/height.narc!/member_01879,0,/poketool/pokegra/height.narc,404,1879,,22856,22857,6996,6997,1,e77b9a9ae9e30b0dbdb6f510a264ef9de781501d7b6b92ae89eb059c5ab743db,05,,,,,False,,,,,,,,,,False,False
/poketool/pokegra/height.narc,/poketool/pokegra/height.narc!/member_01880,0,/poketool/pokegra/height.narc,404,1880,,22860,22861,7000,7001,1,6e340b9cffb37a989ca544e6bb780a2c78901d3fb33738768511a30617afa01d,00,,,,,False,,,,,,,,,,False,False
/poketool/pokegra/height.narc,/poketool/pokegra/height.narc!/member_01881,0,/poketool/pokegra/height.narc,404,1881,,22864,22865,7004,7005,1,6e340b9cffb37a989ca544e6bb780a2c78901d3fb33738768511a30617afa01d,00,,,,,False,,,,,,,,,,False,False
/poketool/pokegra/height.narc,/poketool/pokegra/height.narc!/member_01882,0,/poketool/pokegra/height.narc,404,1882,,22868,22869,7008,7009,1,dc0e9c3658a1a3ed1ec94274d8b19925c93e1abb7ddba294923ad9bde30f8cb8,0f,,,,,False,,,,,,,,,,False,False
/poketool/pokegra/height.narc,/poketool/pokegra/height.narc!/member_01883,0,/poketool/pokegra/height.narc,404,1883,,22872,22873,7012,7013,1,dc0e9c3658a1a3ed1ec94274d8b19925c93e1abb7ddba294923ad9bde30f8cb8,0f,,,,,False,,,,,,,,,,False,False
/poketool/pokegra/height.narc,/poketool/pokegra/height.narc!/member_01884,0,/poketool/pokegra/height.narc,404,1884,,22876,22877,7016,7017,1,beead77994cf573341ec17b58bbf7eb34d2711c993c1d976b128b3188dc1829a,08,,,,,False,,,,,,,,,,False,False
/poketool/pokegra/height.narc,/poketool/pokegra/height.narc!/member_01885,0,/poketool/pokegra/height.narc,404,1885,,22880,22881,7020,7021,1,beead77994cf573341ec17b58bbf7eb34d2711c993c1d976b128b3188dc1829a,08,,,,,False,,,,,,,,,,False,False
/poketool/pokegra/height.narc,/poketool/pokegra/height.narc!/member_01886,0,/poketool/pokegra/height.narc,404,1886,,22884,22885,7024,7025,1,4d7b3ef7300acf70c892d8327db8272f54434adbc61a4e130a563cb59a0d0f47,0e,,,,,False,,,,,,,,,,False,False
/poketool/pokegra/height.narc,/poketool/pokegra/height.narc!/member_01887,0,/poketool/pokegra/height.narc,404,1887,,22888,22889,7028,7029,1,4d7b3ef7300acf70c892d8327db8272f54434adbc61a4e130a563cb59a0d0f47,0e,,,,,False,,,,,,,,,,False,False
/poketool/pokegra/height.narc,/poketool/pokegra/height.narc!/member_01888,0,/poketool/pokegra/height.narc,404,1888,,22892,22893,7032,7033,1,9d1e0e2d9459d06523ad13e28a4093c2316baafe7aec5b25f30eba2e113599c4,0d,,,,,False,,,,,,,,,,False,False
/poketool/pokegra/height.narc,/poketool/pokegra/height.narc!/member_01889,0,/poketool/pokegra/height.narc,404,1889,,22896,22897,7036,7037,1,9d1e0e2d9459d06523ad13e28a4093c2316baafe7aec5b25f30eba2e113599c4,0d,,,,,False,,,,,,,,,,False,False
/poketool/pokegra/height.narc,/poketool/pokegra/height.narc!/member_01890,0,/poketool/pokegra/height.narc,404,1890,,22900,22901,7040,7041,1,f299791cddd3d6664f6670842812ef6053eb6501bd6282a476bbbf3ee91e750c,12,,,,,False,,,,,,,,,,False,False
/poketool/pokegra/height.narc,/poketool/pokegra/height.narc!/member_01891,0,/poketool/pokegra/height.narc,404,1891,,22904,22905,7044,7045,1,f299791cddd3d6664f6670842812ef6053eb6501bd6282a476bbbf3ee91e750c,12,,,,,False,,,,,,,,,,False,False
/poketool/pokegra/height.narc,/poketool/pokegra/height.narc!/member_01892,0,/poketool/pokegra/height.narc,404,1892,,22908,22909,7048,7049,1,beead77994cf573341ec17b58bbf7eb34d2711c993c1d976b128b3188dc1829a,08,,,,,False,,,,,,,,,,False,False
/poketool/pokegra/height.narc,/poketool/pokegra/height.narc!/member_01893,0,/poketool/pokegra/height.narc,404,1893,,22912,22913,7052,7053,1,beead77994cf573341ec17b58bbf7eb34d2711c993c1d976b128b3188dc1829a,08,,,,,False,,,,,,,,,,False,False
/poketool/pokegra/height.narc,/poketool/pokegra/height.narc!/member_01894,0,/poketool/pokegra/height.narc,404,1894,,22916,22917,7056,7057,1,beead77994cf573341ec17b58bbf7eb34d2711c993c1d976b128b3188dc1829a,08,,,,,False,,,,,,,,,,False,False
/poketool/pokegra/height.narc,/poketool/pokegra/height.narc!/member_01895,0,/poketool/pokegra/height.narc,404,1895,,22920,22921,7060,7061,1,beead77994cf573341ec17b58bbf7eb34d2711c993c1d976b128b3188dc1829a,08,,,,,False,,,,,,,,,,False,False
/poketool/pokegra/height.narc,/poketool/pokegra/height.narc!/member_01896,0,/poketool/pokegra/height.narc,404,1896,,22924,22924,7064,7064,0,e3b0c44298fc1c149afbf4c8996fb92427ae41e4649b934ca495991b7852b855,,,,,,False,,,,,,,,,,False,False
/poketool/pokegra/height.narc,/poketool/pokegra/height.narc!/member_01897,0,/poketool/pokegra/height.narc,404,1897,,22924,22925,7064,7065,1,beead77994cf573341ec17b58bbf7eb34d2711c993c1d976b128b3188dc1829a,08,,,,,False,,,,,,,,,,False,False
/poketool/pokegra/height.narc,/poketool/pokegra/height.narc!/member_01898,0,/poketool/pokegra/height.narc,404,1898,,22928,22928,7068,7068,0,e3b0c44298fc1c149afbf4c8996fb92427ae41e4649b934ca495991b7852b855,,,,,,False,,,,,,,,,,False,False
/poketool/pokegra/height.narc,/poketool/pokegra/height.narc!/member_01899,0,/poketool/pokegra/height.narc,404,1899,,22928,22929,7068,7069,1,4d7b3ef7300acf70c892d8327db8272f54434adbc61a4e130a563cb59a0d0f47,0e,,,,,False,,,,,,,,,,False,False
/poketool/pokegra/height.narc,/poketool/pokegra/height.narc!/member_01900,0,/poketool/pokegra/height.narc,404,1900,,22932,22932,7072,7072,0,e3b0c44298fc1c149afbf4c8996fb92427ae41e4649b934ca495991b7852b855,,,,,,False,,,,,,,,,,False,False
/poketool/pokegra/height.narc,/poketool/pokegra/height.narc!/member_01901,0,/poketool/pokegra/height.narc,404,1901,,22932,22933,7072,7073,1,e52d9c508c502347344d8c07ad91cbd6068afc75ff6292f062a09ca381c89e71,04,,,,,False,,,,,,,,,,False,False
/poketool/pokegra/height.narc,/poketool/pokegra/height.narc!/member_01902,0,/poketool/pokegra/height.narc,404,1902,,22936,22936,7076,7076,0,e3b0c44298fc1c149afbf4c8996fb92427ae41e4649b934ca495991b7852b855,,,,,,False,,,,,,,,,,False,False
/poketool/pokegra/height.narc,/poketool/pokegra/height.narc!/member_01903,0,/poketool/pokegra/height.narc,404,1903,,22936,22937,7076,7077,1,e77b9a9ae9e30b0dbdb6f510a264ef9de781501d7b6b92ae89eb059c5ab743db,05,,,,,False,,,,,,,,,,False,False
/poketool/pokegra/height.narc,/poketool/pokegra/height.narc!/member_01904,0,/poketool/pokegra/height.narc,404,1904,,22940,22941,7080,7081,1,67586e98fad27da0b9968bc039a1ef34c939b9b8e523a8bef89d478608c5ecf6,06,,,,,False,,,,,,,,,,False,False
/poketool/pokegra/height.narc,/poketool/pokegra/height.narc!/member_01905,0,/poketool/pokegra/height.narc,404,1905,,22944,22945,7084,7085,1,67586e98fad27da0b9968bc039a1ef34c939b9b8e523a8bef89d478608c5ecf6,06,,,,,False,,,,,,,,,,False,False
/poketool/pokegra/height.narc,/poketool/pokegra/height.narc!/member_01906,0,/poketool/pokegra/height.narc,404,1906,,22948,22949,7088,7089,1,67586e98fad27da0b9968bc039a1ef34c939b9b8e523a8bef89d478608c5ecf6,06,,,,,False,,,,,,,,,,False,False
/poketool/pokegra/height.narc,/poketool/pokegra/height.narc!/member_01907,0,/poketool/pokegra/height.narc,404,1907,,22952,22953,7092,7093,1,67586e98fad27da0b9968bc039a1ef34c939b9b8e523a8bef89d478608c5ecf6,06,,,,,False,,,,,,,,,,False,False
/poketool/pokegra/height.narc,/poketool/pokegra/height.narc!/member_01908,0,/poketool/pokegra/height.narc,404,1908,,22956,22957,7096,7097,1,beead77994cf573341ec17b58bbf7eb34d2711c993c1d976b128b3188dc1829a,08,,,,,False,,,,,,,,,,False,False
/poketool/pokegra/height.narc,/poketool/pokegra/height.narc!/member_01909,0,/poketool/pokegra/height.narc,404,1909,,22960,22961,7100,7101,1,beead77994cf573341ec17b58bbf7eb34d2711c993c1d976b128b3188dc1829a,08,,,,,False,,,,,,,,,,False,False
/poketool/pokegra/height.narc,/poketool/pokegra/height.narc!/member_01910,0,/poketool/pokegra/height.narc,404,1910,,22964,22965,7104,7105,1,e7cf46a078fed4fafd0b5e3aff144802b853f8ae459a4f0c14add3314b7cc3a6,0b,,,,,False,,,,,,,,,,False,False
/poketool/pokegra/height.narc,/poketool/pokegra/height.narc!/member_01911,0,/poketool/pokegra/height.narc,404,1911,,22968,22969,7108,7109,1,e7cf46a078fed4fafd0b5e3aff144802b853f8ae459a4f0c14add3314b7cc3a6,0b,,,,,False,,,,,,,,,,False,False
/poketool/pokegra/height.narc,/poketool/pokegra/height.narc!/member_01912,0,/poketool/pokegra/height.narc,404,1912,,22972,22973,7112,7113,1,6e340b9cffb37a989ca544e6bb780a2c78901d3fb33738768511a30617afa01d,00,,,,,False,,,,,,,,,,False,False
/poketool/pokegra/height.narc,/poketool/pokegra/height.narc!/member_01913,0,/poketool/pokegra/height.narc,404,1913,,22976,22976,7116,7116,0,e3b0c44298fc1c149afbf4c8996fb92427ae41e4649b934ca495991b7852b855,,,,,,False,,,,,,,,,,False,False
/poketool/pokegra/height.narc,/poketool/pokegra/height.narc!/member_01914,0,/poketool/pokegra/height.narc,404,1914,,22976,22977,7116,7117,1,9d1e0e2d9459d06523ad13e28a4093c2316baafe7aec5b25f30eba2e113599c4,0d,,,,,False,,,,,,,,,,False,False
/poketool/pokegra/height.narc,/poketool/pokegra/height.narc!/member_01915,0,/poketool/pokegra/height.narc,404,1915,,22980,22980,7120,7120,0,e3b0c44298fc1c149afbf4c8996fb92427ae41e4649b934ca495991b7852b855,,,,,,False,,,,,,,,,,False,False
/poketool/pokegra/height.narc,/poketool/pokegra/height.narc!/member_01916,0,/poketool/pokegra/height.narc,404,1916,,22980,22980,7120,7120,0,e3b0c44298fc1c149afbf4c8996fb92427ae41e4649b934ca495991b7852b855,,,,,,False,,,,,,,,,,False,False
/poketool/pokegra/height.narc,/poketool/pokegra/height.narc!/member_01917,0,/poketool/pokegra/height.narc,404,1917,,22980,22981,7120,7121,1,67586e98fad27da0b9968bc039a1ef34c939b9b8e523a8bef89d478608c5ecf6,06,,,,,False,,,,,,,,,,False,False
/poketool/pokegra/height.narc,/poketool/pokegra/height.narc!/member_01918,0,/poketool/pokegra/height.narc,404,1918,,22984,22984,7124,7124,0,e3b0c44298fc1c149afbf4c8996fb92427ae41e4649b934ca495991b7852b855,,,,,,False,,,,,,,,,,False,False
/poketool/pokegra/height.narc,/poketool/pokegra/height.narc!/member_01919,0,/poketool/pokegra/height.narc,404,1919,,22984,22985,7124,7125,1,dc0e9c3658a1a3ed1ec94274d8b19925c93e1abb7ddba294923ad9bde30f8cb8,0f,,,,,False,,,,,,,,,,False,False
/poketool/pokegra/height.narc,/poketool/pokegra/height.narc!/member_01920,0,/poketool/pokegra/height.narc,404,1920,,22988,22988,7128,7128,0,e3b0c44298fc1c149afbf4c8996fb92427ae41e4649b934ca495991b7852b855,,,,,,False,,,,,,,,,,False,False
/poketool/pokegra/height.narc,/poketool/pokegra/height.narc!/member_01921,0,/poketool/pokegra/height.narc,404,1921,,22988,22989,7128,7129,1,beead77994cf573341ec17b58bbf7eb34d2711c993c1d976b128b3188dc1829a,08,,,,,False,,,,,,,,,,False,False
/poketool/pokegra/height.narc,/poketool/pokegra/height.narc!/member_01922,0,/poketool/pokegra/height.narc,404,1922,,22992,22992,7132,7132,0,e3b0c44298fc1c149afbf4c8996fb92427ae41e4649b934ca495991b7852b855,,,,,,False,,,,,,,,,,False,False
/poketool/pokegra/height.narc,/poketool/pokegra/height.narc!/member_01923,0,/poketool/pokegra/height.narc,404,1923,,22992,22993,7132,7133,1,dc0e9c3658a1a3ed1ec94274d8b19925c93e1abb7ddba294923ad9bde30f8cb8,0f,,,,,False,,,,,,,,,,False,False
/poketool/pokegra/height.narc,/poketool/pokegra/height.narc!/member_01924,0,/poketool/pokegra/height.narc,404,1924,,22996,22996,7136,7136,0,e3b0c44298fc1c149afbf4c8996fb92427ae41e4649b934ca495991b7852b855,,,,,,False,,,,,,,,,,False,False
/poketool/pokegra/height.narc,/poketool/pokegra/height.narc!/member_01925,0,/poketool/pokegra/height.narc,404,1925,,22996,22997,7136,7137,1,beead77994cf573341ec17b58bbf7eb34d2711c993c1d976b128b3188dc1829a,08,,,,,False,,,,,,,,,,False,False
/poketool/pokegra/height.narc,/poketool/pokegra/height.narc!/member_01926,0,/poketool/pokegra/height.narc,404,1926,,23000,23000,7140,7140,0,e3b0c44298fc1c149afbf4c8996fb92427ae41e4649b934ca495991b7852b855,,,,,,False,,,,,,,,,,False,False
/poketool/pokegra/height.narc,/poketool/pokegra/height.narc!/member_01927,0,/poketool/pokegra/height.narc,404,1927,,23000,23001,7140,7141,1,ab897fbdedfa502b2d839b6a56100887dccdc507555c282e59589e06300a62e2,13,,,,,False,,,,,,,,,,False,False
/poketool/pokegra/height.narc,/poketool/pokegra/height.narc!/member_01928,0,/poketool/pokegra/height.narc,404,1928,,23004,23004,7144,7144,0,e3b0c44298fc1c149afbf4c8996fb92427ae41e4649b934ca495991b7852b855,,,,,,False,,,,,,,,,,False,False
/poketool/pokegra/height.narc,/poketool/pokegra/height.narc!/member_01929,0,/poketool/pokegra/height.narc,404,1929,,23004,23005,7144,7145,1,beead77994cf573341ec17b58bbf7eb34d2711c993c1d976b128b3188dc1829a,08,,,,,False,,,,,,,,,,False,False
/poketool/pokegra/height.narc,/poketool/pokegra/height.narc!/member_01930,0,/poketool/pokegra/height.narc,404,1930,,23008,23008,7148,7148,0,e3b0c44298fc1c149afbf4c8996fb92427ae41e4649b934ca495991b7852b855,,,,,,False,,,,,,,,,,False,False
/poketool/pokegra/height.narc,/poketool/pokegra/height.narc!/member_01931,0,/poketool/pokegra/height.narc,404,1931,,23008,23009,7148,7149,1,084fed08b978af4d7d196a7446a86b58009e636b611db16211b65a9aadff29c5,03,,,,,False,,,,,,,,,,False,False
/poketool/pokegra/height.narc,/poketool/pokegra/height.narc!/member_01932,0,/poketool/pokegra/height.narc,404,1932,,23012,23012,7152,7152,0,e3b0c44298fc1c149afbf4c8996fb92427ae41e4649b934ca495991b7852b855,,,,,,False,,,,,,,,,,False,False
/poketool/pokegra/height.narc,/poketool/pokegra/height.narc!/member_01933,0,/poketool/pokegra/height.narc,404,1933,,23012,23013,7152,7153,1,6e340b9cffb37a989ca544e6bb780a2c78901d3fb33738768511a30617afa01d,00,,,,,False,,,,,,,,,,False,False
/poketool/pokegra/height.narc,/poketool/pokegra/height.narc!/member_01934,0,/poketool/pokegra/height.narc,404,1934,,23016,23016,7156,7156,0,e3b0c44298fc1c149afbf4c8996fb92427ae41e4649b934ca495991b7852b855,,,,,,False,,,,,,,,,,False,False
/poketool/pokegra/height.narc,/poketool/pokegra/height.narc!/member_01935,0,/poketool/pokegra/height.narc,404,1935,,23016,23017,7156,7157,1,6e340b9cffb37a989ca544e6bb780a2c78901d3fb33738768511a30617afa01d,00,,,,,False,,,,,,,,,,False,False
/poketool/pokegra/height.narc,/poketool/pokegra/height.narc!/member_01936,0,/poketool/pokegra/height.narc,404,1936,,23020,23020,7160,7160,0,e3b0c44298fc1c149afbf4c8996fb92427ae41e4649b934ca495991b7852b855,,,,,,False,,,,,,,,,,False,False
/poketool/pokegra/height.narc,/poketool/pokegra/height.narc!/member_01937,0,/poketool/pokegra/height.narc,404,1937,,23020,23021,7160,7161,1,beead77994cf573341ec17b58bbf7eb34d2711c993c1d976b128b3188dc1829a,08,,,,,False,,,,,,,,,,False,False
/poketool/pokegra/height.narc,/poketool/pokegra/height.narc!/member_01938,0,/poketool/pokegra/height.narc,404,1938,,23024,23024,7164,7164,0,e3b0c44298fc1c149afbf4c8996fb92427ae41e4649b934ca495991b7852b855,,,,,,False,,,,,,,,,,False,False
/poketool/pokegra/height.narc,/poketool/pokegra/height.narc!/member_01939,0,/poketool/pokegra/height.narc,404,1939,,23024,23025,7164,7165,1,dbc1b4c900ffe48d575b5da5c638040125f65db0fe3e24494b76ea986457d986,02,,,,,False,,,,,,,,,,False,False
/poketool/pokegra/height.narc,/poketool/pokegra/height.narc!/member_01940,0,/poketool/pokegra/height.narc,404,1940,,23028,23029,7168,7169,1,beead77994cf573341ec17b58bbf7eb34d2711c993c1d976b128b3188dc1829a,08,,,,,False,,,,,,,,,,False,False
/poketool/pokegra/height.narc,/poketool/pokegra/height.narc!/member_01941,0,/poketool/pokegra/height.narc,404,1941,,23032,23033,7172,7173,1,beead77994cf573341ec17b58bbf7eb34d2711c993c1d976b128b3188dc1829a,08,,,,,False,,,,,,,,,,False,False
/poketool/pokegra/height.narc,/poketool/pokegra/height.narc!/member_01942,0,/poketool/pokegra/height.narc,404,1942,,23036,23037,7176,7177,1,ef6cbd2161eaea7943ce8693b9824d23d1793ffb1c0fca05b600d3899b44c977,0c,,,,,False,,,,,,,,,,False,False
/poketool/pokegra/height.narc,/poketool/pokegra/height.narc!/member_01943,0,/poketool/pokegra/height.narc,404,1943,,23040,23041,7180,7181,1,ef6cbd2161eaea7943ce8693b9824d23d1793ffb1c0fca05b600d3899b44c977,0c,,,,,False,,,,,,,,,,False,False
/poketool/pokegra/height.narc,/poketool/pokegra/height.narc!/member_01944,0,/poketool/pokegra/height.narc,404,1944,,23044,23044,7184,7184,0,e3b0c44298fc1c149afbf4c8996fb92427ae41e4649b934ca495991b7852b855,,,,,,False,,,,,,,,,,False,False
/poketool/pokegra/height.narc,/poketool/pokegra/height.narc!/member_01945,0,/poketool/pokegra/height.narc,404,1945,,23044,23045,7184,7185,1,6e340b9cffb37a989ca544e6bb780a2c78901d3fb33738768511a30617afa01d,00,,,,,False,,,,,,,,,,False,False
/poketool/pokegra/height.narc,/poketool/pokegra/height.narc!/member_01946,0,/poketool/pokegra/height.narc,404,1946,,23048,23048,7188,7188,0,e3b0c44298fc1c149afbf4c8996fb92427ae41e4649b934ca495991b7852b855,,,,,,False,,,,,,,,,,False,False
/poketool/pokegra/height.narc,/poketool/pokegra/height.narc!/member_01947,0,/poketool/pokegra/height.narc,404,1947,,23048,23049,7188,7189,1,dbc1b4c900ffe48d575b5da5c638040125f65db0fe3e24494b76ea986457d986,02,,,,,False,,,,,,,,,,False,False
/poketool/pokegra/height.narc,/poketool/pokegra/height.narc!/member_01948,0,/poketool/pokegra/height.narc,404,1948,,23052,23052,7192,7192,0,e3b0c44298fc1c149afbf4c8996fb92427ae41e4649b934ca495991b7852b855,,,,,,False,,,,,,,,,,False,False
/poketool/pokegra/height.narc,/poketool/pokegra/height.narc!/member_01949,0,/poketool/pokegra/height.narc,404,1949,,23052,23053,7192,7193,1,6e340b9cffb37a989ca544e6bb780a2c78901d3fb33738768511a30617afa01d,00,,,,,False,,,,,,,,,,False,False
/poketool/pokegra/height.narc,/poketool/pokegra/height.narc!/member_01950,0,/poketool/pokegra/height.narc,404,1950,,23056,23056,7196,7196,0,e3b0c44298fc1c149afbf4c8996fb92427ae41e4649b934ca495991b7852b855,,,,,,False,,,,,,,,,,False,False
/poketool/pokegra/height.narc,/poketool/pokegra/height.narc!/member_01951,0,/poketool/pokegra/height.narc,404,1951,,23056,23057,7196,7197,1,4bf5122f344554c53bde2ebb8cd2b7e3d1600ad631c385a5d7cce23c7785459a,01,,,,,False,,,,,,,,,,False,False
/poketool/pokegra/height.narc,/poketool/pokegra/height.narc!/member_01952,0,/poketool/pokegra/height.narc,404,1952,,23060,23061,7200,7201,1,6e340b9cffb37a989ca544e6bb780a2c78901d3fb33738768511a30617afa01d,00,,,,,False,,,,,,,,,,False,False
/poketool/pokegra/height.narc,/poketool/pokegra/height.narc!/member_01953,0,/poketool/pokegra/height.narc,404,1953,,23064,23064,7204,7204,0,e3b0c44298fc1c149afbf4c8996fb92427ae41e4649b934ca495991b7852b855,,,,,,False,,,,,,,,,,False,False
/poketool/pokegra/height.narc,/poketool/pokegra/height.narc!/member_01954,0,/poketool/pokegra/height.narc,404,1954,,23064,23065,7204,7205,1,e7cf46a078fed4fafd0b5e3aff144802b853f8ae459a4f0c14add3314b7cc3a6,0b,,,,,False,,,,,,,,,,False,False
/poketool/pokegra/height.narc,/poketool/pokegra/height.narc!/member_01955,0,/poketool/pokegra/height.narc,404,1955,,23068,23068,7208,7208,0,e3b0c44298fc1c149afbf4c8996fb92427ae41e4649b934ca495991b7852b855,,,,,,False,,,,,,,,,,False,False
/poketool/pokegra/height.narc,/poketool/pokegra/height.narc!/member_01956,0,/poketool/pokegra/height.narc,404,1956,,23068,23068,7208,7208,0,e3b0c44298fc1c149afbf4c8996fb92427ae41e4649b934ca495991b7852b855,,,,,,False,,,,,,,,,,False,False
/poketool/pokegra/height.narc,/poketool/pokegra/height.narc!/member_01957,0,/poketool/pokegra/height.narc,404,1957,,23068,23069,7208,7209,1,e7cf46a078fed4fafd0b5e3aff144802b853f8ae459a4f0c14add3314b7cc3a6,0b,,,,,False,,,,,,,,,,False,False
/poketool/pokegra/height.narc,/poketool/pokegra/height.narc!/member_01958,0,/poketool/pokegra/height.narc,404,1958,,23072,23072,7212,7212,0,e3b0c44298fc1c149afbf4c8996fb92427ae41e4649b934ca495991b7852b855,,,,,,False,,,,,,,,,,False,False
/poketool/pokegra/height.narc,/poketool/pokegra/height.narc!/member_01959,0,/poketool/pokegra/height.narc,404,1959,,23072,23073,7212,7213,1,2f0fd1e89b8de1d57292742ec380ea47066e307ad645f5bc3adad8a06ff58608,15,,,,,False,,,,,,,,,,False,False
/poketool/pokegra/height.narc,/poketool/pokegra/height.narc!/member_01960,0,/poketool/pokegra/height.narc,404,1960,,23076,23076,7216,7216,0,e3b0c44298fc1c149afbf4c8996fb92427ae41e4649b934ca495991b7852b855,,,,,,False,,,,,,,,,,False,False
/poketool/pokegra/height.narc,/poketool/pokegra/height.narc!/member_01961,0,/poketool/pokegra/height.narc,404,1961,,23076,23077,7216,7217,1,ef6cbd2161eaea7943ce8693b9824d23d1793ffb1c0fca05b600d3899b44c977,0c,,,,,False,,,,,,,,,,False,False
/poketool/pokegra/height.narc,/poketool/pokegra/height.narc!/member_01962,0,/poketool/pokegra/height.narc,404,1962,,23080,23080,7220,7220,0,e3b0c44298fc1c149afbf4c8996fb92427ae41e4649b934ca495991b7852b855,,,,,,False,,,,,,,,,,False,False
/poketool/pokegra/height.narc,/poketool/pokegra/height.narc!/member_01963,0,/poketool/pokegra/height.narc,404,1963,,23080,23081,7220,7221,1,7cb7c4547cf2653590d7a9ace60cc623d25148adfbc88a89aeb0ef88da7839ba,16,,,,,False,,,,,,,,,,False,False
/poketool/pokegra/height.narc,/poketool/pokegra/height.narc!/member_01964,0,/poketool/pokegra/height.narc,404,1964,,23084,23084,7224,7224,0,e3b0c44298fc1c149afbf4c8996fb92427ae41e4649b934ca495991b7852b855,,,,,,False,,,,,,,,,,False,False
/poketool/pokegra/height.narc,/poketool/pokegra/height.narc!/member_01965,0,/poketool/pokegra/height.narc,404,1965,,23084,23085,7224,7225,1,6e340b9cffb37a989ca544e6bb780a2c78901d3fb33738768511a30617afa01d,00,,,,,False,,,,,,,,,,False,False
/poketool/pokegra/height.narc,/poketool/pokegra/height.narc!/member_01966,0,/poketool/pokegra/height.narc,404,1966,,23088,23088,7228,7228,0,e3b0c44298fc1c149afbf4c8996fb92427ae41e4649b934ca495991b7852b855,,,,,,False,,,,,,,,,,False,False
/poketool/pokegra/height.narc,/poketool/pokegra/height.narc!/member_01967,0,/poketool/pokegra/height.narc,404,1967,,23088,23089,7228,7229,1,01ba4719c80b6fe911b091a7c05124b64eeece964e09c058ef8f9805daca546b,0a,,,,,False,,,,,,,,,,False,False
/poketool/pokegra/height.narc,/poketool/pokegra/height.narc!/member_01968,0,/poketool/pokegra/height.narc,404,1968,,23092,23092,7232,7232,0,e3b0c44298fc1c149afbf4c8996fb92427ae41e4649b934ca495991b7852b855,,,,,,False,,,,,,,,,,False,False
/poketool/pokegra/height.narc,/poketool/pokegra/height.narc!/member_01969,0,/poketool/pokegra/height.narc,404,1969,,23092,23093,7232,7233,1,beead77994cf573341ec17b58bbf7eb34d2711c993c1d976b128b3188dc1829a,08,,,,,False,,,,,,,,,,False,False
/poketool/pokegra/height.narc,/poketool/pokegra/height.narc!/member_01970,0,/poketool/pokegra/height.narc,404,1970,,23096,23096,7236,7236,0,e3b0c44298fc1c149afbf4c8996fb92427ae41e4649b934ca495991b7852b855,,,,,,False,,,,,,,,,,False,False
/poketool/pokegra/height.narc,/poketool/pokegra/height.narc!/member_01971,0,/poketool/pokegra/height.narc,404,1971,,23096,23097,7236,7237,1,68aa2e2ee5dff96e3355e6c7ee373e3d6a4e17f75f9518d843709c0c9bc3e3d4,19,,,,,False,,,,,,,,,,False,False
/poketool/pokegra/height.narc,/poketool/pokegra/height.narc!/member_01972,0,/poketool/pokegra/height.narc,404,1972,,23100,23100,7240,7240,0,e3b0c44298fc1c149afbf4c8996fb92427ae41e4649b934ca495991b7852b855,,,,,,False,,,,,,,,,,False,False
/poketool/pokegra/height.narc,/poketool/pokegra/height.narc!/member_01973,0,/poketool/pokegra/height.narc,404,1973,,23100,23101,7240,7241,1,6e340b9cffb37a989ca544e6bb780a2c78901d3fb33738768511a30617afa01d,00,,,,,False,,,,,,,,,,False,False
/poketool/pokegra/height.narc,/poketool/pokegra/height.narc!/member_01974,0,/poketool/pokegra/height.narc,404,1974,,23104,23104,7244,7244,0,e3b0c44298fc1c149afbf4c8996fb92427ae41e4649b934ca495991b7852b855,,,,,,False,,,,,,,,,,False,False
/poketool/pokegra/height.narc,/poketool/pokegra/height.narc!/member_01975,0,/poketool/pokegra/height.narc,404,1975,,23104,23105,7244,7245,1,6e340b9cffb37a989ca544e6bb780a2c78901d3fb33738768511a30617afa01d,00,,,,,False,,,,,,,,,,False,False
/poketool/pokegra/height_o.narc,/poketool/pokegra/height_o.narc!/member_00000,0,/poketool/pokegra/height_o.narc,405,0,,1300,1301,0,1,1,beead77994cf573341ec17b58bbf7eb34d2711c993c1d976b128b3188dc1829a,08,,,,,False,,,,,,,,,,False,False
/poketool/pokegra/height_o.narc,/poketool/pokegra/height_o.narc!/member_00001,0,/poketool/pokegra/height_o.narc,405,1,,1304,1305,4,5,1,e52d9c508c502347344d8c07ad91cbd6068afc75ff6292f062a09ca381c89e71,04,,,,,False,,,,,,,,,,False,False
/poketool/pokegra/height_o.narc,/poketool/pokegra/height_o.narc!/member_00002,0,/poketool/pokegra/height_o.narc,405,2,,1308,1309,8,9,1,4bf5122f344554c53bde2ebb8cd2b7e3d1600ad631c385a5d7cce23c7785459a,01,,,,,False,,,,,,,,,,False,False
/poketool/pokegra/height_o.narc,/poketool/pokegra/height_o.narc!/member_00003,0,/poketool/pokegra/height_o.narc,405,3,,1312,1313,12,13,1,e52d9c508c502347344d8c07ad91cbd6068afc75ff6292f062a09ca381c89e71,04,,,,,False,,,,,,,,,,False,False
/poketool/pokegra/height_o.narc,/poketool/pokegra/height_o.narc!/member_00004,0,/poketool/pokegra/height_o.narc,405,4,,1316,1317,16,17,1,01ba4719c80b6fe911b091a7c05124b64eeece964e09c058ef8f9805daca546b,0a,,,,,False,,,,,,,,,,False,False
/poketool/pokegra/height_o.narc,/poketool/pokegra/height_o.narc!/member_00005,0,/poketool/pokegra/height_o.narc,405,5,,1320,1321,20,21,1,e52d9c508c502347344d8c07ad91cbd6068afc75ff6292f062a09ca381c89e71,04,,,,,False,,,,,,,,,,False,False
/poketool/pokegra/height_o.narc,/poketool/pokegra/height_o.narc!/member_00006,0,/poketool/pokegra/height_o.narc,405,6,,1324,1325,24,25,1,6e340b9cffb37a989ca544e6bb780a2c78901d3fb33738768511a30617afa01d,00,,,,,False,,,,,,,,,,False,False
/poketool/pokegra/height_o.narc,/poketool/pokegra/height_o.narc!/member_00007,0,/poketool/pokegra/height_o.narc,405,7,,1328,1329,28,29,1,084fed08b978af4d7d196a7446a86b58009e636b611db16211b65a9aadff29c5,03,,,,,False,,,,,,,,,,False,False
/poketool/pokegra/height_o.narc,/poketool/pokegra/height_o.narc!/member_00008,0,/poketool/pokegra/height_o.narc,405,8,,1332,1333,32,33,1,c555eab45d08845ae9f10d452a99bfcb06f74a50b988fe7e48dd323789b88ee3,10,,Nintendo LZ10,Probable,,True,Nintendo LZ10,Probable,True,,,,,,,False,False
/poketool/pokegra/height_o.narc,/poketool/pokegra/height_o.narc!/member_00009,0,/poketool/pokegra/height_o.narc,405,9,,1336,1337,36,37,1,8f11b05da785e43e713d03774c6bd3405d99cd3024af334ffd68db663aa37034,17,,,,,False,,,,,,,,,,False,False
/poketool/pokegra/height_o.narc,/poketool/pokegra/height_o.narc!/member_00010,0,/poketool/pokegra/height_o.narc,405,10,,1340,1341,40,41,1,4a64a107f0cb32536e5bce6c98c393db21cca7f4ea187ba8c4dca8b51d4ea80a,11,,Nintendo LZ11,Probable,,True,Nintendo LZ11,Probable,True,,,,,,,False,False
/poketool/pokegra/height_o.narc,/poketool/pokegra/height_o.narc!/member_00011,0,/poketool/pokegra/height_o.narc,405,11,,1344,1345,44,45,1,452ba1ddef80246c48be7690193c76c1d61185906be9401014fe14f1be64b74f,18,,,,,False,,,,,,,,,,False,False
/poketool/pokegra/height_o.narc,/poketool/pokegra/height_o.narc!/member_00012,0,/poketool/pokegra/height_o.narc,405,12,,1348,1349,48,49,1,4d7b3ef7300acf70c892d8327db8272f54434adbc61a4e130a563cb59a0d0f47,0e,,,,,False,,,,,,,,,,False,False
/poketool/pokegra/height_o.narc,/poketool/pokegra/height_o.narc!/member_00013,0,/poketool/pokegra/height_o.narc,405,13,,1352,1353,52,53,1,452ba1ddef80246c48be7690193c76c1d61185906be9401014fe14f1be64b74f,18,,,,,False,,,,,,,,,,False,False
/poketool/pokegra/height_o.narc,/poketool/pokegra/height_o.narc!/member_00014,0,/poketool/pokegra/height_o.narc,405,14,,1356,1357,56,57,1,c555eab45d08845ae9f10d452a99bfcb06f74a50b988fe7e48dd323789b88ee3,10,,Nintendo LZ10,Probable,,True,Nintendo LZ10,Probable,True,,,,,,,False,False
/poketool/pokegra/height_o.narc,/poketool/pokegra/height_o.narc!/member_00015,0,/poketool/pokegra/height_o.narc,405,15,,1360,1361,60,61,1,452ba1ddef80246c48be7690193c76c1d61185906be9401014fe14f1be64b74f,18,,,,,False,,,,,,,,,,False,False
/poketool/pokegra/height_o.narc,/poketool/pokegra/height_o.narc!/member_00016,0,/poketool/pokegra/height_o.narc,405,16,,1364,1365,64,65,1,f299791cddd3d6664f6670842812ef6053eb6501bd6282a476bbbf3ee91e750c,12,,,,,False,,,,,,,,,,False,False
/poketool/pokegra/height_o.narc,/poketool/pokegra/height_o.narc!/member_00017,0,/poketool/pokegra/height_o.narc,405,17,,1368,1369,68,69,1,68aa2e2ee5dff96e3355e6c7ee373e3d6a4e17f75f9518d843709c0c9bc3e3d4,19,,,,,False,,,,,,,,,,False,False
/poketool/pokegra/height_o.narc,/poketool/pokegra/height_o.narc!/member_00018,0,/poketool/pokegra/height_o.narc,405,18,,1372,1373,72,73,1,f299791cddd3d6664f6670842812ef6053eb6501bd6282a476bbbf3ee91e750c,12,,,,,False,,,,,,,,,,False,False
/poketool/pokegra/height_o.narc,/poketool/pokegra/height_o.narc!/member_00019,0,/poketool/pokegra/height_o.narc,405,19,,1376,1377,76,77,1,68aa2e2ee5dff96e3355e6c7ee373e3d6a4e17f75f9518d843709c0c9bc3e3d4,19,,,,,False,,,,,,,,,,False,False
/poketool/pokegra/height_o.narc,/poketool/pokegra/height_o.narc!/member_00020,0,/poketool/pokegra/height_o.narc,405,20,,1380,1381,80,81,1,9d1e0e2d9459d06523ad13e28a4093c2316baafe7aec5b25f30eba2e113599c4,0d,,,,,False,,,,,,,,,,False,False
/poketool/pokegra/height_o.narc,/poketool/pokegra/height_o.narc!/member_00021,0,/poketool/pokegra/height_o.narc,405,21,,1384,1385,84,85,1,7cb7c4547cf2653590d7a9ace60cc623d25148adfbc88a89aeb0ef88da7839ba,16,,,,,False,,,,,,,,,,False,False
/poketool/pokegra/height_o.narc,/poketool/pokegra/height_o.narc!/member_00022,0,/poketool/pokegra/height_o.narc,405,22,,1388,1389,88,89,1,c555eab45d08845ae9f10d452a99bfcb06f74a50b988fe7e48dd323789b88ee3,10,,Nintendo LZ10,Probable,,True,Nintendo LZ10,Probable,True,,,,,,,False,False
/poketool/pokegra/height_o.narc,/poketool/pokegra/height_o.narc!/member_00023,0,/poketool/pokegra/height_o.narc,405,23,,1392,1393,92,93,1,452ba1ddef80246c48be7690193c76c1d61185906be9401014fe14f1be64b74f,18,,,,,False,,,,,,,,,,False,False
/poketool/pokegra/height_o.narc,/poketool/pokegra/height_o.narc!/member_00024,0,/poketool/pokegra/height_o.narc,405,24,,1396,1397,96,97,1,dc0e9c3658a1a3ed1ec94274d8b19925c93e1abb7ddba294923ad9bde30f8cb8,0f,,,,,False,,,,,,,,,,False,False
/poketool/pokegra/height_o.narc,/poketool/pokegra/height_o.narc!/member_00025,0,/poketool/pokegra/height_o.narc,405,25,,1400,1401,100,101,1,452ba1ddef80246c48be7690193c76c1d61185906be9401014fe14f1be64b74f,18,,,,,False,,,,,,,,,,False,False
/poketool/pokegra/height_o.narc,/poketool/pokegra/height_o.narc!/member_00026,0,/poketool/pokegra/height_o.narc,405,26,,1404,1405,104,105,1,4a64a107f0cb32536e5bce6c98c393db21cca7f4ea187ba8c4dca8b51d4ea80a,11,,Nintendo LZ11,Probable,,True,Nintendo LZ11,Probable,True,,,,,,,False,False
/poketool/pokegra/height_o.narc,/poketool/pokegra/height_o.narc!/member_00027,0,/poketool/pokegra/height_o.narc,405,27,,1408,1409,108,109,1,68aa2e2ee5dff96e3355e6c7ee373e3d6a4e17f75f9518d843709c0c9bc3e3d4,19,,,,,False,,,,,,,,,,False,False
/poketool/pokegra/height_o.narc,/poketool/pokegra/height_o.narc!/member_00028,0,/poketool/pokegra/height_o.narc,405,28,,1412,1413,112,113,1,dc0e9c3658a1a3ed1ec94274d8b19925c93e1abb7ddba294923ad9bde30f8cb8,0f,,,,,False,,,,,,,,,,False,False
/poketool/pokegra/height_o.narc,/poketool/pokegra/height_o.narc!/member_00029,0,/poketool/pokegra/height_o.narc,405,29,,1416,1417,116,117,1,68aa2e2ee5dff96e3355e6c7ee373e3d6a4e17f75f9518d843709c0c9bc3e3d4,19,,,,,False,,,,,,,,,,False,False
/poketool/pokegra/height_o.narc,/poketool/pokegra/height_o.narc!/member_00030,0,/poketool/pokegra/height_o.narc,405,30,,1420,1421,120,121,1,f299791cddd3d6664f6670842812ef6053eb6501bd6282a476bbbf3ee91e750c,12,,,,,False,,,,,,,,,,False,False
/poketool/pokegra/height_o.narc,/poketool/pokegra/height_o.narc!/member_00031,0,/poketool/pokegra/height_o.narc,405,31,,1424,1425,124,125,1,77adfc95029e73b173f60e556f915b0cd8850848111358b1c370fb7c154e61fd,1b,,,,,False,,,,,,,,,,False,False
/poketool/pokegra/height_o.narc,/poketool/pokegra/height_o.narc!/member_00032,0,/poketool/pokegra/height_o.narc,405,32,,1428,1429,128,129,1,2f0fd1e89b8de1d57292742ec380ea47066e307ad645f5bc3adad8a06ff58608,15,,,,,False,,,,,,,,,,False,False
/poketool/pokegra/height_o.narc,/poketool/pokegra/height_o.narc!/member_00033,0,/poketool/pokegra/height_o.narc,405,33,,1432,1433,132,133,1,77adfc95029e73b173f60e556f915b0cd8850848111358b1c370fb7c154e61fd,1b,,,,,False,,,,,,,,,,False,False
/poketool/pokegra/height_o.narc,/poketool/pokegra/height_o.narc!/member_00034,0,/poketool/pokegra/height_o.narc,405,34,,1436,1437,136,137,1,2f0fd1e89b8de1d57292742ec380ea47066e307ad645f5bc3adad8a06ff58608,15,,,,,False,,,,,,,,,,False,False
/poketool/pokegra/height_o.narc,/poketool/pokegra/height_o.narc!/member_00035,0,/poketool/pokegra/height_o.narc,405,35,,1440,1441,140,141,1,bd4fc42a21f1f860a1030e6eba23d53ecab71bd19297ab6c074381d4ecee0018,1c,,,,,False,,,,,,,,,,False,False
/poketool/pokegra/height_o.narc,/poketool/pokegra/height_o.narc!/member_00036,0,/poketool/pokegra/height_o.narc,405,36,,1444,1445,144,145,1,c555eab45d08845ae9f10d452a99bfcb06f74a50b988fe7e48dd323789b88ee3,10,,Nintendo LZ10,Probable,,True,Nintendo LZ10,Probable,True,,,,,,,False,False
/poketool/pokegra/height_o.narc,/poketool/pokegra/height_o.narc!/member_00037,0,/poketool/pokegra/height_o.narc,405,37,,1448,1449,148,149,1,452ba1ddef80246c48be7690193c76c1d61185906be9401014fe14f1be64b74f,18,,,,,False,,,,,,,,,,False,False
/poketool/pokegra/height_o.narc,/poketool/pokegra/height_o.narc!/member_00038,0,/poketool/pokegra/height_o.narc,405,38,,1452,1453,152,153,1,f299791cddd3d6664f6670842812ef6053eb6501bd6282a476bbbf3ee91e750c,12,,,,,False,,,,,,,,,,False,False
/poketool/pokegra/height_o.narc,/poketool/pokegra/height_o.narc!/member_00039,0,/poketool/pokegra/height_o.narc,405,39,,1456,1457,156,157,1,77adfc95029e73b173f60e556f915b0cd8850848111358b1c370fb7c154e61fd,1b,,,,,False,,,,,,,,,,False,False
/poketool/pokegra/height_o.narc,/poketool/pokegra/height_o.narc!/member_00040,0,/poketool/pokegra/height_o.narc,405,40,,1460,1461,160,161,1,8f11b05da785e43e713d03774c6bd3405d99cd3024af334ffd68db663aa37034,17,,,,,False,,,,,,,,,,False,False
/poketool/pokegra/height_o.narc,/poketool/pokegra/height_o.narc!/member_00041,0,/poketool/pokegra/height_o.narc,405,41,,1464,1465,164,165,1,1f18d650d205d71d934c3646ff5fac1c096ba52eba4cf758b865364f4167d3cd,1d,,,,,False,,,,,,,,,,False,False
/poketool/pokegra/height_o.narc,/poketool/pokegra/height_o.narc!/member_00042,0,/poketool/pokegra/height_o.narc,405,42,,1468,1469,168,169,1,83891d7fe85c33e52c8b4e5814c92fb6a3b9467299200538a6babaa8b452d879,14,,,,,False,,,,,,,,,,False,False
/poketool/pokegra/height_o.narc,/poketool/pokegra/height_o.narc!/member_00043,0,/poketool/pokegra/height_o.narc,405,43,,1472,1473,172,173,1,77adfc95029e73b173f60e556f915b0cd8850848111358b1c370fb7c154e61fd,1b,,,,,False,,,,,,,,,,False,False
/poketool/pokegra/height_o.narc,/poketool/pokegra/height_o.narc!/member_00044,0,/poketool/pokegra/height_o.narc,405,44,,1476,1477,176,177,1,ef6cbd2161eaea7943ce8693b9824d23d1793ffb1c0fca05b600d3899b44c977,0c,,,,,False,,,,,,,,,,False,False
/poketool/pokegra/height_o.narc,/poketool/pokegra/height_o.narc!/member_00045,0,/poketool/pokegra/height_o.narc,405,45,,1480,1481,180,181,1,83891d7fe85c33e52c8b4e5814c92fb6a3b9467299200538a6babaa8b452d879,14,,,,,False,,,,,,,,,,False,False
/poketool/pokegra/height_o.narc,/poketool/pokegra/height_o.narc!/member_00046,0,/poketool/pokegra/height_o.narc,405,46,,1484,1485,184,185,1,2f0fd1e89b8de1d57292742ec380ea47066e307ad645f5bc3adad8a06ff58608,15,,,,,False,,,,,,,,,,False,False
/poketool/pokegra/height_o.narc,/poketool/pokegra/height_o.narc!/member_00047,0,/poketool/pokegra/height_o.narc,405,47,,1488,1489,188,189,1,58f7b0780592032e4d8602a3e8690fb2c701b2e1dd546e703445aabd6469734d,1a,,,,,False,,,,,,,,,,False,False
/poketool/pokegra/height_o.narc,/poketool/pokegra/height_o.narc!/member_00048,0,/poketool/pokegra/height_o.narc,405,48,,1492,1493,192,193,1,2f0fd1e89b8de1d57292742ec380ea47066e307ad645f5bc3adad8a06ff58608,15,,,,,False,,,,,,,,,,False,False
/poketool/pokegra/height_o.narc,/poketool/pokegra/height_o.narc!/member_00049,0,/poketool/pokegra/height_o.narc,405,49,,1496,1497,196,197,1,58f7b0780592032e4d8602a3e8690fb2c701b2e1dd546e703445aabd6469734d,1a,,,,,False,,,,,,,,,,False,False
/poketool/pokegra/height_o.narc,/poketool/pokegra/height_o.narc!/member_00050,0,/poketool/pokegra/height_o.narc,405,50,,1500,1501,200,201,1,ab897fbdedfa502b2d839b6a56100887dccdc507555c282e59589e06300a62e2,13,,,,,False,,,,,,,,,,False,False
/poketool/pokegra/height_o.narc,/poketool/pokegra/height_o.narc!/member_00051,0,/poketool/pokegra/height_o.narc,405,51,,1504,1505,204,205,1,58f7b0780592032e4d8602a3e8690fb2c701b2e1dd546e703445aabd6469734d,1a,,,,,False,,,,,,,,,,False,False
/poketool/pokegra/height_o.narc,/poketool/pokegra/height_o.narc!/member_00052,0,/poketool/pokegra/height_o.narc,405,52,,1508,1509,208,209,1,2f0fd1e89b8de1d57292742ec380ea47066e307ad645f5bc3adad8a06ff58608,15,,,,,False,,,,,,,,,,False,False
/poketool/pokegra/height_o.narc,/poketool/pokegra/height_o.narc!/member_00053,0,/poketool/pokegra/height_o.narc,405,53,,1512,1513,212,213,1,77adfc95029e73b173f60e556f915b0cd8850848111358b1c370fb7c154e61fd,1b,,,,,False,,,,,,,,,,False,False
/poketool/pokegra/height_o.narc,/poketool/pokegra/height_o.narc!/member_00054,0,/poketool/pokegra/height_o.narc,405,54,,1516,1517,216,217,1,8f11b05da785e43e713d03774c6bd3405d99cd3024af334ffd68db663aa37034,17,,,,,False,,,,,,,,,,False,False
/poketool/pokegra/height_o.narc,/poketool/pokegra/height_o.narc!/member_00055,0,/poketool/pokegra/height_o.narc,405,55,,1520,1521,220,221,1,1f18d650d205d71d934c3646ff5fac1c096ba52eba4cf758b865364f4167d3cd,1d,,,,,False,,,,,,,,,,False,False
/poketool/pokegra/height_o.narc,/poketool/pokegra/height_o.narc!/member_00056,0,/poketool/pokegra/height_o.narc,405,56,,1524,1525,224,225,1,f299791cddd3d6664f6670842812ef6053eb6501bd6282a476bbbf3ee91e750c,12,,,,,False,,,,,,,,,,False,False
/poketool/pokegra/height_o.narc,/poketool/pokegra/height_o.narc!/member_00057,0,/poketool/pokegra/height_o.narc,405,57,,1528,1529,228,229,1,68aa2e2ee5dff96e3355e6c7ee373e3d6a4e17f75f9518d843709c0c9bc3e3d4,19,,,,,False,,,,,,,,,,False,False
/poketool/pokegra/height_o.narc,/poketool/pokegra/height_o.narc!/member_00058,0,/poketool/pokegra/height_o.narc,405,58,,1532,1533,232,233,1,f299791cddd3d6664f6670842812ef6053eb6501bd6282a476bbbf3ee91e750c,12,,,,,False,,,,,,,,,,False,False
/poketool/pokegra/height_o.narc,/poketool/pokegra/height_o.narc!/member_00059,0,/poketool/pokegra/height_o.narc,405,59,,1536,1537,236,237,1,452ba1ddef80246c48be7690193c76c1d61185906be9401014fe14f1be64b74f,18,,,,,False,,,,,,,,,,False,False
/poketool/pokegra/height_o.narc,/poketool/pokegra/height_o.narc!/member_00060,0,/poketool/pokegra/height_o.narc,405,60,,1540,1541,240,241,1,4d7b3ef7300acf70c892d8327db8272f54434adbc61a4e130a563cb59a0d0f47,0e,,,,,False,,,,,,,,,,False,False
/poketool/pokegra/height_o.narc,/poketool/pokegra/height_o.narc!/member_00061,0,/poketool/pokegra/height_o.narc,405,61,,1544,1545,244,245,1,8f11b05da785e43e713d03774c6bd3405d99cd3024af334ffd68db663aa37034,17,,,,,False,,,,,,,,,,False,False
/poketool/pokegra/height_o.narc,/poketool/pokegra/height_o.narc!/member_00062,0,/poketool/pokegra/height_o.narc,405,62,,1548,1549,248,249,1,4d7b3ef7300acf70c892d8327db8272f54434adbc61a4e130a563cb59a0d0f47,0e,,,,,False,,,,,,,,,,False,False
/poketool/pokegra/height_o.narc,/poketool/pokegra/height_o.narc!/member_00063,0,/poketool/pokegra/height_o.narc,405,63,,1552,1553,252,253,1,2f0fd1e89b8de1d57292742ec380ea47066e307ad645f5bc3adad8a06ff58608,15,,,,,False,,,,,,,,,,False,False
/poketool/pokegra/height_o.narc,/poketool/pokegra/height_o.narc!/member_00064,0,/poketool/pokegra/height_o.narc,405,64,,1556,1557,256,257,1,beead77994cf573341ec17b58bbf7eb34d2711c993c1d976b128b3188dc1829a,08,,,,,False,,,,,,,,,,False,False
/poketool/pokegra/height_o.narc,/poketool/pokegra/height_o.narc!/member_00065,0,/poketool/pokegra/height_o.narc,405,65,,1560,1561,260,261,1,ca358758f6d27e6cf45272937977a748fd88391db679ceda7dc7bf1f005ee879,07,,,,,False,,,,,,,,,,False,False
/poketool/pokegra/height_o.narc,/poketool/pokegra/height_o.narc!/member_00066,0,/poketool/pokegra/height_o.narc,405,66,,1564,1565,264,265,1,beead77994cf573341ec17b58bbf7eb34d2711c993c1d976b128b3188dc1829a,08,,,,,False,,,,,,,,,,False,False
/poketool/pokegra/height_o.narc,/poketool/pokegra/height_o.narc!/member_00067,0,/poketool/pokegra/height_o.narc,405,67,,1568,1569,268,269,1,ef6cbd2161eaea7943ce8693b9824d23d1793ffb1c0fca05b600d3899b44c977,0c,,,,,False,,,,,,,,,,False,False
/poketool/pokegra/height_o.narc,/poketool/pokegra/height_o.narc!/member_00068,0,/poketool/pokegra/height_o.narc,405,68,,1572,1573,272,273,1,68aa2e2ee5dff96e3355e6c7ee373e3d6a4e17f75f9518d843709c0c9bc3e3d4,19,,,,,False,,,,,,,,,,False,False
/poketool/pokegra/height_o.narc,/poketool/pokegra/height_o.narc!/member_00069,0,/poketool/pokegra/height_o.narc,405,69,,1576,1577,276,277,1,4a64a107f0cb32536e5bce6c98c393db21cca7f4ea187ba8c4dca8b51d4ea80a,11,,Nintendo LZ11,Probable,,True,Nintendo LZ11,Probable,True,,,,,,,False,False
/poketool/pokegra/height_o.narc,/poketool/pokegra/height_o.narc!/member_00070,0,/poketool/pokegra/height_o.narc,405,70,,1580,1581,280,281,1,4a64a107f0cb32536e5bce6c98c393db21cca7f4ea187ba8c4dca8b51d4ea80a,11,,Nintendo LZ11,Probable,,True,Nintendo LZ11,Probable,True,,,,,,,False,False
/poketool/pokegra/height_o.narc,/poketool/pokegra/height_o.narc!/member_00071,0,/poketool/pokegra/height_o.narc,405,71,,1584,1585,284,285,1,c555eab45d08845ae9f10d452a99bfcb06f74a50b988fe7e48dd323789b88ee3,10,,Nintendo LZ10,Probable,,True,Nintendo LZ10,Probable,True,,,,,,,False,False
/poketool/pokegra/height_o.narc,/poketool/pokegra/height_o.narc!/member_00072,0,/poketool/pokegra/height_o.narc,405,72,,1588,1589,288,289,1,67586e98fad27da0b9968bc039a1ef34c939b9b8e523a8bef89d478608c5ecf6,06,,,,,False,,,,,,,,,,False,False
/poketool/pokegra/height_o.narc,/poketool/pokegra/height_o.narc!/member_00073,0,/poketool/pokegra/height_o.narc,405,73,,1592,1593,292,293,1,f299791cddd3d6664f6670842812ef6053eb6501bd6282a476bbbf3ee91e750c,12,,,,,False,,,,,,,,,,False,False
/poketool/pokegra/height_o.narc,/poketool/pokegra/height_o.narc!/member_00074,0,/poketool/pokegra/height_o.narc,405,74,,1596,1597,296,297,1,67586e98fad27da0b9968bc039a1ef34c939b9b8e523a8bef89d478608c5ecf6,06,,,,,False,,,,,,,,,,False,False
/poketool/pokegra/height_o.narc,/poketool/pokegra/height_o.narc!/member_00075,0,/poketool/pokegra/height_o.narc,405,75,,1600,1601,300,301,1,f299791cddd3d6664f6670842812ef6053eb6501bd6282a476bbbf3ee91e750c,12,,,,,False,,,,,,,,,,False,False
/poketool/pokegra/height_o.narc,/poketool/pokegra/height_o.narc!/member_00076,0,/poketool/pokegra/height_o.narc,405,76,,1604,1605,304,305,1,dbc1b4c900ffe48d575b5da5c638040125f65db0fe3e24494b76ea986457d986,02,,,,,False,,,,,,,,,,False,False
/poketool/pokegra/height_o.narc,/poketool/pokegra/height_o.narc!/member_00077,0,/poketool/pokegra/height_o.narc,405,77,,1608,1609,308,309,1,4d7b3ef7300acf70c892d8327db8272f54434adbc61a4e130a563cb59a0d0f47,0e,,,,,False,,,,,,,,,,False,False
/poketool/pokegra/height_o.narc,/poketool/pokegra/height_o.narc!/member_00078,0,/poketool/pokegra/height_o.narc,405,78,,1612,1613,312,313,1,084fed08b978af4d7d196a7446a86b58009e636b611db16211b65a9aadff29c5,03,,,,,False,,,,,,,,,,False,False
/poketool/pokegra/height_o.narc,/poketool/pokegra/height_o.narc!/member_00079,0,/poketool/pokegra/height_o.narc,405,79,,1616,1617,316,317,1,dc0e9c3658a1a3ed1ec94274d8b19925c93e1abb7ddba294923ad9bde30f8cb8,0f,,,,,False,,,,,,,,,,False,False
/poketool/pokegra/height_o.narc,/poketool/pokegra/height_o.narc!/member_00080,0,/poketool/pokegra/height_o.narc,405,80,,1620,1621,320,321,1,084fed08b978af4d7d196a7446a86b58009e636b611db16211b65a9aadff29c5,03,,,,,False,,,,,,,,,,False,False
/poketool/pokegra/height_o.narc,/poketool/pokegra/height_o.narc!/member_00081,0,/poketool/pokegra/height_o.narc,405,81,,1624,1625,324,325,1,dc0e9c3658a1a3ed1ec94274d8b19925c93e1abb7ddba294923ad9bde30f8cb8,0f,,,,,False,,,,,,,,,,False,False
/poketool/pokegra/height_o.narc,/poketool/pokegra/height_o.narc!/member_00082,0,/poketool/pokegra/height_o.narc,405,82,,1628,1629,328,329,1,084fed08b978af4d7d196a7446a86b58009e636b611db16211b65a9aadff29c5,03,,,,,False,,,,,,,,,,False,False
/poketool/pokegra/height_o.narc,/poketool/pokegra/height_o.narc!/member_00083,0,/poketool/pokegra/height_o.narc,405,83,,1632,1633,332,333,1,dc0e9c3658a1a3ed1ec94274d8b19925c93e1abb7ddba294923ad9bde30f8cb8,0f,,,,,False,,,,,,,,,,False,False
/poketool/pokegra/height_o.narc,/poketool/pokegra/height_o.narc!/member_00084,0,/poketool/pokegra/height_o.narc,405,84,,1636,1637,336,337,1,beead77994cf573341ec17b58bbf7eb34d2711c993c1d976b128b3188dc1829a,08,,,,,False,,,,,,,,,,False,False
/poketool/pokegra/height_o.narc,/poketool/pokegra/height_o.narc!/member_00085,0,/poketool/pokegra/height_o.narc,405,85,,1640,1641,340,341,1,beead77994cf573341ec17b58bbf7eb34d2711c993c1d976b128b3188dc1829a,08,,,,,False,,,,,,,,,,False,False
/poketool/pokegra/height_o.narc,/poketool/pokegra/height_o.narc!/member_00086,0,/poketool/pokegra/height_o.narc,405,86,,1644,1645,344,345,1,4a64a107f0cb32536e5bce6c98c393db21cca7f4ea187ba8c4dca8b51d4ea80a,11,,Nintendo LZ11,Probable,,True,Nintendo LZ11,Probable,True,,,,,,,False,False
/poketool/pokegra/height_o.narc,/poketool/pokegra/height_o.narc!/member_00087,0,/poketool/pokegra/height_o.narc,405,87,,1648,1649,348,349,1,4a64a107f0cb32536e5bce6c98c393db21cca7f4ea187ba8c4dca8b51d4ea80a,11,,Nintendo LZ11,Probable,,True,Nintendo LZ11,Probable,True,,,,,,,False,False
/poketool/pokegra/height_o.narc,/poketool/pokegra/height_o.narc!/member_00088,0,/poketool/pokegra/height_o.narc,405,88,,1652,1653,352,353,1,084fed08b978af4d7d196a7446a86b58009e636b611db16211b65a9aadff29c5,03,,,,,False,,,,,,,,,,False,False
/poketool/pokegra/height_o.narc,/poketool/pokegra/height_o.narc!/member_00089,0,/poketool/pokegra/height_o.narc,405,89,,1656,1657,356,357,1,e52d9c508c502347344d8c07ad91cbd6068afc75ff6292f062a09ca381c89e71,04,,,,,False,,,,,,,,,,False,False
/poketool/pokegra/height_o.narc,/poketool/pokegra/height_o.narc!/member_00090,0,/poketool/pokegra/height_o.narc,405,90,,1660,1661,360,361,1,9d1e0e2d9459d06523ad13e28a4093c2316baafe7aec5b25f30eba2e113599c4,0d,,,,,False,,,,,,,,,,False,False
/poketool/pokegra/height_o.narc,/poketool/pokegra/height_o.narc!/member_00091,0,/poketool/pokegra/height_o.narc,405,91,,1664,1665,364,365,1,9d1e0e2d9459d06523ad13e28a4093c2316baafe7aec5b25f30eba2e113599c4,0d,,,,,False,,,,,,,,,,False,False
/poketool/pokegra/height_o.narc,/poketool/pokegra/height_o.narc!/member_00092,0,/poketool/pokegra/height_o.narc,405,92,,1668,1669,368,369,1,beead77994cf573341ec17b58bbf7eb34d2711c993c1d976b128b3188dc1829a,08,,,,,False,,,,,,,,,,False,False
/poketool/pokegra/height_o.narc,/poketool/pokegra/height_o.narc!/member_00093,0,/poketool/pokegra/height_o.narc,405,93,,1672,1673,372,373,1,beead77994cf573341ec17b58bbf7eb34d2711c993c1d976b128b3188dc1829a,08,,,,,False,,,,,,,,,,False,False
/poketool/pokegra/height_o.narc,/poketool/pokegra/height_o.narc!/member_00094,0,/poketool/pokegra/height_o.narc,405,94,,1676,1677,376,377,1,4a64a107f0cb32536e5bce6c98c393db21cca7f4ea187ba8c4dca8b51d4ea80a,11,,Nintendo LZ11,Probable,,True,Nintendo LZ11,Probable,True,,,,,,,False,False
/poketool/pokegra/height_o.narc,/poketool/pokegra/height_o.narc!/member_00095,0,/poketool/pokegra/height_o.narc,405,95,,1680,1681,380,381,1,2f0fd1e89b8de1d57292742ec380ea47066e307ad645f5bc3adad8a06ff58608,15,,,,,False,,,,,,,,,,False,False
/poketool/pokegra/height_o.narc,/poketool/pokegra/height_o.narc!/member_00096,0,/poketool/pokegra/height_o.narc,405,96,,1684,1685,384,385,1,6e340b9cffb37a989ca544e6bb780a2c78901d3fb33738768511a30617afa01d,00,,,,,False,,,,,,,,,,False,False
/poketool/pokegra/height_o.narc,/poketool/pokegra/height_o.narc!/member_00097,0,/poketool/pokegra/height_o.narc,405,97,,1688,1689,388,389,1,6e340b9cffb37a989ca544e6bb780a2c78901d3fb33738768511a30617afa01d,00,,,,,False,,,,,,,,,,False,False
/poketool/pokegra/height_o.narc,/poketool/pokegra/height_o.narc!/member_00098,0,/poketool/pokegra/height_o.narc,405,98,,1692,1693,392,393,1,6e340b9cffb37a989ca544e6bb780a2c78901d3fb33738768511a30617afa01d,00,,,,,False,,,,,,,,,,False,False
/poketool/pokegra/height_o.narc,/poketool/pokegra/height_o.narc!/member_00099,0,/poketool/pokegra/height_o.narc,405,99,,1696,1697,396,397,1,6e340b9cffb37a989ca544e6bb780a2c78901d3fb33738768511a30617afa01d,00,,,,,False,,,,,,,,,,False,False
/poketool/pokegra/height_o.narc,/poketool/pokegra/height_o.narc!/member_00100,0,/poketool/pokegra/height_o.narc,405,100,,1700,1701,400,401,1,6e340b9cffb37a989ca544e6bb780a2c78901d3fb33738768511a30617afa01d,00,,,,,False,,,,,,,,,,False,False
/poketool/pokegra/height_o.narc,/poketool/pokegra/height_o.narc!/member_00101,0,/poketool/pokegra/height_o.narc,405,101,,1704,1705,404,405,1,6e340b9cffb37a989ca544e6bb780a2c78901d3fb33738768511a30617afa01d,00,,,,,False,,,,,,,,,,False,False
/poketool/pokegra/height_o.narc,/poketool/pokegra/height_o.narc!/member_00102,0,/poketool/pokegra/height_o.narc,405,102,,1708,1709,408,409,1,6e340b9cffb37a989ca544e6bb780a2c78901d3fb33738768511a30617afa01d,00,,,,,False,,,,,,,,,,False,False
/poketool/pokegra/height_o.narc,/poketool/pokegra/height_o.narc!/member_00103,0,/poketool/pokegra/height_o.narc,405,103,,1712,1713,412,413,1,6e340b9cffb37a989ca544e6bb780a2c78901d3fb33738768511a30617afa01d,00,,,,,False,,,,,,,,,,False,False
/poketool/pokegra/height_o.narc,/poketool/pokegra/height_o.narc!/member_00104,0,/poketool/pokegra/height_o.narc,405,104,,1716,1717,416,417,1,6e340b9cffb37a989ca544e6bb780a2c78901d3fb33738768511a30617afa01d,00,,,,,False,,,,,,,,,,False,False
/poketool/pokegra/height_o.narc,/poketool/pokegra/height_o.narc!/member_00105,0,/poketool/pokegra/height_o.narc,405,105,,1720,1721,420,421,1,6e340b9cffb37a989ca544e6bb780a2c78901d3fb33738768511a30617afa01d,00,,,,,False,,,,,,,,,,False,False
/poketool/pokegra/height_o.narc,/poketool/pokegra/height_o.narc!/member_00106,0,/poketool/pokegra/height_o.narc,405,106,,1724,1725,424,425,1,6e340b9cffb37a989ca544e6bb780a2c78901d3fb33738768511a30617afa01d,00,,,,,False,,,,,,,,,,False,False
/poketool/pokegra/height_o.narc,/poketool/pokegra/height_o.narc!/member_00107,0,/poketool/pokegra/height_o.narc,405,107,,1728,1729,428,429,1,6e340b9cffb37a989ca544e6bb780a2c78901d3fb33738768511a30617afa01d,00,,,,,False,,,,,,,,,,False,False
/poketool/pokegra/height_o.narc,/poketool/pokegra/height_o.narc!/member_00108,0,/poketool/pokegra/height_o.narc,405,108,,1732,1733,432,433,1,6e340b9cffb37a989ca544e6bb780a2c78901d3fb33738768511a30617afa01d,00,,,,,False,,,,,,,,,,False,False
/poketool/pokegra/height_o.narc,/poketool/pokegra/height_o.narc!/member_00109,0,/poketool/pokegra/height_o.narc,405,109,,1736,1737,436,437,1,6e340b9cffb37a989ca544e6bb780a2c78901d3fb33738768511a30617afa01d,00,,,,,False,,,,,,,,,,False,False
/poketool/pokegra/height_o.narc,/poketool/pokegra/height_o.narc!/member_00110,0,/poketool/pokegra/height_o.narc,405,110,,1740,1741,440,441,1,6e340b9cffb37a989ca544e6bb780a2c78901d3fb33738768511a30617afa01d,00,,,,,False,,,,,,,,,,False,False
/poketool/pokegra/height_o.narc,/poketool/pokegra/height_o.narc!/member_00111,0,/poketool/pokegra/height_o.narc,405,111,,1744,1745,444,445,1,6e340b9cffb37a989ca544e6bb780a2c78901d3fb33738768511a30617afa01d,00,,,,,False,,,,,,,,,,False,False
/poketool/pokegra/height_o.narc,/poketool/pokegra/height_o.narc!/member_00112,0,/poketool/pokegra/height_o.narc,405,112,,1748,1749,448,449,1,6e340b9cffb37a989ca544e6bb780a2c78901d3fb33738768511a30617afa01d,00,,,,,False,,,,,,,,,,False,False
/poketool/pokegra/height_o.narc,/poketool/pokegra/height_o.narc!/member_00113,0,/poketool/pokegra/height_o.narc,405,113,,1752,1753,452,453,1,6e340b9cffb37a989ca544e6bb780a2c78901d3fb33738768511a30617afa01d,00,,,,,False,,,,,,,,,,False,False
/poketool/pokegra/height_o.narc,/poketool/pokegra/height_o.narc!/member_00114,0,/poketool/pokegra/height_o.narc,405,114,,1756,1757,456,457,1,6e340b9cffb37a989ca544e6bb780a2c78901d3fb33738768511a30617afa01d,00,,,,,False,,,,,,,,,,False,False
/poketool/pokegra/height_o.narc,/poketool/pokegra/height_o.narc!/member_00115,0,/poketool/pokegra/height_o.narc,405,115,,1760,1761,460,461,1,6e340b9cffb37a989ca544e6bb780a2c78901d3fb33738768511a30617afa01d,00,,,,,False,,,,,,,,,,False,False
/poketool/pokegra/height_o.narc,/poketool/pokegra/height_o.narc!/member_00116,0,/poketool/pokegra/height_o.narc,405,116,,1764,1765,464,465,1,6e340b9cffb37a989ca544e6bb780a2c78901d3fb33738768511a30617afa01d,00,,,,,False,,,,,,,,,,False,False
/poketool/pokegra/height_o.narc,/poketool/pokegra/height_o.narc!/member_00117,0,/poketool/pokegra/height_o.narc,405,117,,1768,1769,468,469,1,6e340b9cffb37a989ca544e6bb780a2c78901d3fb33738768511a30617afa01d,00,,,,,False,,,,,,,,,,False,False
/poketool/pokegra/height_o.narc,/poketool/pokegra/height_o.narc!/member_00118,0,/poketool/pokegra/height_o.narc,405,118,,1772,1773,472,473,1,6e340b9cffb37a989ca544e6bb780a2c78901d3fb33738768511a30617afa01d,00,,,,,False,,,,,,,,,,False,False
/poketool/pokegra/height_o.narc,/poketool/pokegra/height_o.narc!/member_00119,0,/poketool/pokegra/height_o.narc,405,119,,1776,1777,476,477,1,6e340b9cffb37a989ca544e6bb780a2c78901d3fb33738768511a30617afa01d,00,,,,,False,,,,,,,,,,False,False
/poketool/pokegra/height_o.narc,/poketool/pokegra/height_o.narc!/member_00120,0,/poketool/pokegra/height_o.narc,405,120,,1780,1781,480,481,1,6e340b9cffb37a989ca544e6bb780a2c78901d3fb33738768511a30617afa01d,00,,,,,False,,,,,,,,,,False,False
/poketool/pokegra/height_o.narc,/poketool/pokegra/height_o.narc!/member_00121,0,/poketool/pokegra/height_o.narc,405,121,,1784,1785,484,485,1,6e340b9cffb37a989ca544e6bb780a2c78901d3fb33738768511a30617afa01d,00,,,,,False,,,,,,,,,,False,False
/poketool/pokegra/height_o.narc,/poketool/pokegra/height_o.narc!/member_00122,0,/poketool/pokegra/height_o.narc,405,122,,1788,1789,488,489,1,6e340b9cffb37a989ca544e6bb780a2c78901d3fb33738768511a30617afa01d,00,,,,,False,,,,,,,,,,False,False
/poketool/pokegra/height_o.narc,/poketool/pokegra/height_o.narc!/member_00123,0,/poketool/pokegra/height_o.narc,405,123,,1792,1793,492,493,1,6e340b9cffb37a989ca544e6bb780a2c78901d3fb33738768511a30617afa01d,00,,,,,False,,,,,,,,,,False,False
/poketool/pokegra/height_o.narc,/poketool/pokegra/height_o.narc!/member_00124,0,/poketool/pokegra/height_o.narc,405,124,,1796,1797,496,497,1,6e340b9cffb37a989ca544e6bb780a2c78901d3fb33738768511a30617afa01d,00,,,,,False,,,,,,,,,,False,False
/poketool/pokegra/height_o.narc,/poketool/pokegra/height_o.narc!/member_00125,0,/poketool/pokegra/height_o.narc,405,125,,1800,1801,500,501,1,6e340b9cffb37a989ca544e6bb780a2c78901d3fb33738768511a30617afa01d,00,,,,,False,,,,,,,,,,False,False
/poketool/pokegra/height_o.narc,/poketool/pokegra/height_o.narc!/member_00126,0,/poketool/pokegra/height_o.narc,405,126,,1804,1805,504,505,1,6e340b9cffb37a989ca544e6bb780a2c78901d3fb33738768511a30617afa01d,00,,,,,False,,,,,,,,,,False,False
/poketool/pokegra/height_o.narc,/poketool/pokegra/height_o.narc!/member_00127,0,/poketool/pokegra/height_o.narc,405,127,,1808,1809,508,509,1,6e340b9cffb37a989ca544e6bb780a2c78901d3fb33738768511a30617afa01d,00,,,,,False,,,,,,,,,,False,False
/poketool/pokegra/height_o.narc,/poketool/pokegra/height_o.narc!/member_00128,0,/poketool/pokegra/height_o.narc,405,128,,1812,1813,512,513,1,6e340b9cffb37a989ca544e6bb780a2c78901d3fb33738768511a30617afa01d,00,,,,,False,,,,,,,,,,False,False
/poketool/pokegra/height_o.narc,/poketool/pokegra/height_o.narc!/member_00129,0,/poketool/pokegra/height_o.narc,405,129,,1816,1817,516,517,1,6e340b9cffb37a989ca544e6bb780a2c78901d3fb33738768511a30617afa01d,00,,,,,False,,,,,,,,,,False,False
/poketool/pokegra/height_o.narc,/poketool/pokegra/height_o.narc!/member_00130,0,/poketool/pokegra/height_o.narc,405,130,,1820,1821,520,521,1,6e340b9cffb37a989ca544e6bb780a2c78901d3fb33738768511a30617afa01d,00,,,,,False,,,,,,,,,,False,False
/poketool/pokegra/height_o.narc,/poketool/pokegra/height_o.narc!/member_00131,0,/poketool/pokegra/height_o.narc,405,131,,1824,1825,524,525,1,6e340b9cffb37a989ca544e6bb780a2c78901d3fb33738768511a30617afa01d,00,,,,,False,,,,,,,,,,False,False
/poketool/pokegra/height_o.narc,/poketool/pokegra/height_o.narc!/member_00132,0,/poketool/pokegra/height_o.narc,405,132,,1828,1829,528,529,1,452ba1ddef80246c48be7690193c76c1d61185906be9401014fe14f1be64b74f,18,,,,,False,,,,,,,,,,False,False
/poketool/pokegra/height_o.narc,/poketool/pokegra/height_o.narc!/member_00133,0,/poketool/pokegra/height_o.narc,405,133,,1832,1833,532,533,1,452ba1ddef80246c48be7690193c76c1d61185906be9401014fe14f1be64b74f,18,,,,,False,,,,,,,,,,False,False
/poketool/pokegra/height_o.narc,/poketool/pokegra/height_o.narc!/member_00134,0,/poketool/pokegra/height_o.narc,405,134,,1836,1837,536,537,1,c555eab45d08845ae9f10d452a99bfcb06f74a50b988fe7e48dd323789b88ee3,10,,Nintendo LZ10,Probable,,True,Nintendo LZ10,Probable,True,,,,,,,False,False
/poketool/pokegra/height_o.narc,/poketool/pokegra/height_o.narc!/member_00135,0,/poketool/pokegra/height_o.narc,405,135,,1840,1841,540,541,1,452ba1ddef80246c48be7690193c76c1d61185906be9401014fe14f1be64b74f,18,,,,,False,,,,,,,,,,False,False
/poketool/pokegra/height_o.narc,/poketool/pokegra/height_o.narc!/member_00136,0,/poketool/pokegra/height_o.narc,405,136,,1844,1845,544,545,1,beead77994cf573341ec17b58bbf7eb34d2711c993c1d976b128b3188dc1829a,08,,,,,False,,,,,,,,,,False,False
/poketool/pokegra/height_o.narc,/poketool/pokegra/height_o.narc!/member_00137,0,/poketool/pokegra/height_o.narc,405,137,,1848,1849,548,549,1,68aa2e2ee5dff96e3355e6c7ee373e3d6a4e17f75f9518d843709c0c9bc3e3d4,19,,,,,False,,,,,,,,,,False,False
/poketool/pokegra/height_o.narc,/poketool/pokegra/height_o.narc!/member_00138,0,/poketool/pokegra/height_o.narc,405,138,,1852,1853,552,553,1,6e340b9cffb37a989ca544e6bb780a2c78901d3fb33738768511a30617afa01d,00,,,,,False,,,,,,,,,,False,False
/poketool/pokegra/height_o.narc,/poketool/pokegra/height_o.narc!/member_00139,0,/poketool/pokegra/height_o.narc,405,139,,1856,1857,556,557,1,4d7b3ef7300acf70c892d8327db8272f54434adbc61a4e130a563cb59a0d0f47,0e,,,,,False,,,,,,,,,,False,False
/poketool/pokegra/height_o.narc,/poketool/pokegra/height_o.narc!/member_00140,0,/poketool/pokegra/height_o.narc,405,140,,1860,1861,560,561,1,67586e98fad27da0b9968bc039a1ef34c939b9b8e523a8bef89d478608c5ecf6,06,,,,,False,,,,,,,,,,False,False
/poketool/pokegra/height_o.narc,/poketool/pokegra/height_o.narc!/member_00141,0,/poketool/pokegra/height_o.narc,405,141,,1864,1865,564,565,1,dc0e9c3658a1a3ed1ec94274d8b19925c93e1abb7ddba294923ad9bde30f8cb8,0f,,,,,False,,,,,,,,,,False,False
/poketool/pokegra/height_o.narc,/poketool/pokegra/height_o.narc!/member_00142,0,/poketool/pokegra/height_o.narc,405,142,,1868,1869,568,569,1,67586e98fad27da0b9968bc039a1ef34c939b9b8e523a8bef89d478608c5ecf6,06,,,,,False,,,,,,,,,,False,False
/poketool/pokegra/height_o.narc,/poketool/pokegra/height_o.narc!/member_00143,0,/poketool/pokegra/height_o.narc,405,143,,1872,1873,572,573,1,dc0e9c3658a1a3ed1ec94274d8b19925c93e1abb7ddba294923ad9bde30f8cb8,0f,,,,,False,,,,,,,,,,False,False
/poketool/pokegra/height_o.narc,/poketool/pokegra/height_o.narc!/member_00144,0,/poketool/pokegra/height_o.narc,405,144,,1876,1877,576,577,1,67586e98fad27da0b9968bc039a1ef34c939b9b8e523a8bef89d478608c5ecf6,06,,,,,False,,,,,,,,,,False,False
/poketool/pokegra/height_o.narc,/poketool/pokegra/height_o.narc!/member_00145,0,/poketool/pokegra/height_o.narc,405,145,,1880,1881,580,581,1,ca358758f6d27e6cf45272937977a748fd88391db679ceda7dc7bf1f005ee879,07,,,,,False,,,,,,,,,,False,False
/poketool/pokegra/height_o.narc,/poketool/pokegra/height_o.narc!/member_00146,0,/poketool/pokegra/height_o.narc,405,146,,1884,1885,584,585,1,67586e98fad27da0b9968bc039a1ef34c939b9b8e523a8bef89d478608c5ecf6,06,,,,,False,,,,,,,,,,False,False
/poketool/pokegra/height_o.narc,/poketool/pokegra/height_o.narc!/member_00147,0,/poketool/pokegra/height_o.narc,405,147,,1888,1889,588,589,1,01ba4719c80b6fe911b091a7c05124b64eeece964e09c058ef8f9805daca546b,0a,,,,,False,,,,,,,,,,False,False
/poketool/pokegra/height_o.narc,/poketool/pokegra/height_o.narc!/member_00148,0,/poketool/pokegra/height_o.narc,405,148,,1892,1893,592,593,1,67586e98fad27da0b9968bc039a1ef34c939b9b8e523a8bef89d478608c5ecf6,06,,,,,False,,,,,,,,,,False,False
/poketool/pokegra/height_o.narc,/poketool/pokegra/height_o.narc!/member_00149,0,/poketool/pokegra/height_o.narc,405,149,,1896,1897,596,597,1,9d1e0e2d9459d06523ad13e28a4093c2316baafe7aec5b25f30eba2e113599c4,0d,,,,,False,,,,,,,,,,False,False
/poketool/pokegra/height_o.narc,/poketool/pokegra/height_o.narc!/member_00150,0,/poketool/pokegra/height_o.narc,405,150,,1900,1901,600,601,1,67586e98fad27da0b9968bc039a1ef34c939b9b8e523a8bef89d478608c5ecf6,06,,,,,False,,,,,,,,,,False,False
/poketool/pokegra/height_o.narc,/poketool/pokegra/height_o.narc!/member_00151,0,/poketool/pokegra/height_o.narc,405,151,,1904,1905,604,605,1,ca358758f6d27e6cf45272937977a748fd88391db679ceda7dc7bf1f005ee879,07,,,,,False,,,,,,,,,,False,False
/poketool/pokegra/height_o.narc,/poketool/pokegra/height_o.narc!/member_00152,0,/poketool/pokegra/height_o.narc,405,152,,1908,1909,608,609,1,6e340b9cffb37a989ca544e6bb780a2c78901d3fb33738768511a30617afa01d,00,,,,,False,,,,,,,,,,False,False
/poketool/pokegra/height_o.narc,/poketool/pokegra/height_o.narc!/member_00153,0,/poketool/pokegra/height_o.narc,405,153,,1912,1913,612,613,1,4bf5122f344554c53bde2ebb8cd2b7e3d1600ad631c385a5d7cce23c7785459a,01,,,,,False,,,,,,,,,,False,False
/poketool/pokegra/height_o.narc,/poketool/pokegra/height_o.narc!/member_00154,0,/poketool/pokegra/height_o.narc,405,154,,1916,1917,616,617,1,6e340b9cffb37a989ca544e6bb780a2c78901d3fb33738768511a30617afa01d,00,,,,,False,,,,,,,,,,False,False
/poketool/pokegra/height_o.narc,/poketool/pokegra/height_o.narc!/member_00155,0,/poketool/pokegra/height_o.narc,405,155,,1920,1921,620,621,1,6e340b9cffb37a989ca544e6bb780a2c78901d3fb33738768511a30617afa01d,00,,,,,False,,,,,,,,,,False,False
/poketool/pokegra/otherpoke.narc,/poketool/pokegra/otherpoke.narc!/member_00000,0,/poketool/pokegra/otherpoke.narc,406,0,,1756,8204,0,6448,6448,ec23057ee0535847f31b85bed88816e51eab7da9f1fcc0327c1dd506c58bfb3e,5247434efffe00013019000010000100,,NCGR graphics,Confirmed,True,False,,,,,,,,,,False,False
/poketool/pokegra/otherpoke.narc,/poketool/pokegra/otherpoke.narc!/member_00001,0,/poketool/pokegra/otherpoke.narc,406,1,,8204,14652,6448,12896,6448,a6511980b675cf94c589c486a00c0a174025242784653ff566d953fac0fa41ee,5247434efffe00013019000010000100,,NCGR graphics,Confirmed,True,False,,,,,,,,,,False,False
/poketool/pokegra/otherpoke.narc,/poketool/pokegra/otherpoke.narc!/member_00002,0,/poketool/pokegra/otherpoke.narc,406,2,,14652,21100,12896,19344,6448,e8782d2d147cbd1cb0f68df2da6f2b97a60a0c571e87ccb729f656edc185c05c,5247434efffe00013019000010000100,,NCGR graphics,Confirmed,True,False,,,,,,,,,,False,False
/poketool/pokegra/otherpoke.narc,/poketool/pokegra/otherpoke.narc!/member_00003,0,/poketool/pokegra/otherpoke.narc,406,3,,21100,27548,19344,25792,6448,fed19aa22c9cc91ccdafbfe43f70ca3eb50beee298419e4e5ea543c065b0e2a7,5247434efffe00013019000010000100,,NCGR graphics,Confirmed,True,False,,,,,,,,,,False,False
/poketool/pokegra/otherpoke.narc,/poketool/pokegra/otherpoke.narc!/member_00004,0,/poketool/pokegra/otherpoke.narc,406,4,,27548,33996,25792,32240,6448,a55abcde1e66e12b2bc82b359b194d4e7517dde96bf27b076abfb3368994e871,5247434efffe00013019000010000100,,NCGR graphics,Confirmed,True,False,,,,,,,,,,False,False
/poketool/pokegra/otherpoke.narc,/poketool/pokegra/otherpoke.narc!/member_00005,0,/poketool/pokegra/otherpoke.narc,406,5,,33996,40444,32240,38688,6448,00bee581ed69eda3c645f895a7e1e4b1e9e1aea4f20c2d5f9940604e530940bb,5247434efffe00013019000010000100,,NCGR graphics,Confirmed,True,False,,,,,,,,,,False,False
/poketool/pokegra/otherpoke.narc,/poketool/pokegra/otherpoke.narc!/member_00006,0,/poketool/pokegra/otherpoke.narc,406,6,,40444,46892,38688,45136,6448,beea8317832550d7ff0b23a1069e30de938a30752989821453b3f9c96e58ac14,5247434efffe00013019000010000100,,NCGR graphics,Confirmed,True,False,,,,,,,,,,False,False
/poketool/pokegra/otherpoke.narc,/poketool/pokegra/otherpoke.narc!/member_00007,0,/poketool/pokegra/otherpoke.narc,406,7,,46892,53340,45136,51584,6448,114d7aa7a3198ac45d9d97827ff9b8ddd9b6f03de86bd90057f4c4c5cae35e21,5247434efffe00013019000010000100,,NCGR graphics,Confirmed,True,False,,,,,,,,,,False,False
/poketool/pokegra/otherpoke.narc,/poketool/pokegra/otherpoke.narc!/member_00008,0,/poketool/pokegra/otherpoke.narc,406,8,,53340,59788,51584,58032,6448,0301aeb47550fdd63b7cab927cb5ae69b203a8b57df9334abcd03f238e2a14c9,5247434efffe00013019000010000100,,NCGR graphics,Confirmed,True,False,,,,,,,,,,False,False
/poketool/pokegra/otherpoke.narc,/poketool/pokegra/otherpoke.narc!/member_00009,0,/poketool/pokegra/otherpoke.narc,406,9,,59788,66236,58032,64480,6448,7e61f8f070a239d3f0b6daa440264363405f75372d26c1adb8daec56195a24e8,5247434efffe00013019000010000100,,NCGR graphics,Confirmed,True,False,,,,,,,,,,False,False
/poketool/pokegra/otherpoke.narc,/poketool/pokegra/otherpoke.narc!/member_00010,0,/poketool/pokegra/otherpoke.narc,406,10,,66236,72684,64480,70928,6448,8215c07c6c4e713935e4f880b6cfcbb64de529f0ab64d1fdb51f468588d7e2a2,5247434efffe00013019000010000100,,NCGR graphics,Confirmed,True,False,,,,,,,,,,False,False
/poketool/pokegra/otherpoke.narc,/poketool/pokegra/otherpoke.narc!/member_00011,0,/poketool/pokegra/otherpoke.narc,406,11,,72684,79132,70928,77376,6448,42eb171944299886ed7b3622147fde9be13930deb2d012a22a84faaaa389c290,5247434efffe00013019000010000100,,NCGR graphics,Confirmed,True,False,,,,,,,,,,False,False
/poketool/pokegra/otherpoke.narc,/poketool/pokegra/otherpoke.narc!/member_00012,0,/poketool/pokegra/otherpoke.narc,406,12,,79132,85580,77376,83824,6448,4e5f38a621f30edac0b46bf30bac993dcbe7b163ef4dc967315978e095b14ce1,5247434efffe00013019000010000100,,NCGR graphics,Confirmed,True,False,,,,,,,,,,False,False
/poketool/pokegra/otherpoke.narc,/poketool/pokegra/otherpoke.narc!/member_00013,0,/poketool/pokegra/otherpoke.narc,406,13,,85580,92028,83824,90272,6448,932edebf4b51a20c9585becb75e06ed884a4d855d636fa56b500ffc60b198108,5247434efffe00013019000010000100,,NCGR graphics,Confirmed,True,False,,,,,,,,,,False,False
/poketool/pokegra/otherpoke.narc,/poketool/pokegra/otherpoke.narc!/member_00014,0,/poketool/pokegra/otherpoke.narc,406,14,,92028,98476,90272,96720,6448,077a748d1eb05c5f19c384ab3bf41788aae26189c06681e98370b8cc65ccaba1,5247434efffe00013019000010000100,,NCGR graphics,Confirmed,True,False,,,,,,,,,,False,False
/poketool/pokegra/otherpoke.narc,/poketool/pokegra/otherpoke.narc!/member_00015,0,/poketool/pokegra/otherpoke.narc,406,15,,98476,104924,96720,103168,6448,a71ae2714f2b5a566e829387558c483d2056e876b6acae81dd9b210b2ea85c5d,5247434efffe00013019000010000100,,NCGR graphics,Confirmed,True,False,,,,,,,,,,False,False
/poketool/pokegra/otherpoke.narc,/poketool/pokegra/otherpoke.narc!/member_00016,0,/poketool/pokegra/otherpoke.narc,406,16,,104924,111372,103168,109616,6448,389fadf56eda9c9a990f7345632c9831d91774f9559e97a7207e685b2085e9a3,5247434efffe00013019000010000100,,NCGR graphics,Confirmed,True,False,,,,,,,,,,False,False
/poketool/pokegra/otherpoke.narc,/poketool/pokegra/otherpoke.narc!/member_00017,0,/poketool/pokegra/otherpoke.narc,406,17,,111372,117820,109616,116064,6448,6914207ba73c9c41e69a624db30015e49cb05411861cd6f7a440552b026813a9,5247434efffe00013019000010000100,,NCGR graphics,Confirmed,True,False,,,,,,,,,,False,False
/poketool/pokegra/otherpoke.narc,/poketool/pokegra/otherpoke.narc!/member_00018,0,/poketool/pokegra/otherpoke.narc,406,18,,117820,124268,116064,122512,6448,465a125347b8b780e90ff1dee6da84c12483d171345547dd6df518bb7082438c,5247434efffe00013019000010000100,,NCGR graphics,Confirmed,True,False,,,,,,,,,,False,False
/poketool/pokegra/otherpoke.narc,/poketool/pokegra/otherpoke.narc!/member_00019,0,/poketool/pokegra/otherpoke.narc,406,19,,124268,130716,122512,128960,6448,2319d2ca278d8cb2ca746110f93d82d4641cb7394e003b046883d16bc003894b,5247434efffe00013019000010000100,,NCGR graphics,Confirmed,True,False,,,,,,,,,,False,False
/poketool/pokegra/otherpoke.narc,/poketool/pokegra/otherpoke.narc!/member_00020,0,/poketool/pokegra/otherpoke.narc,406,20,,130716,137164,128960,135408,6448,cd4d2a63637572c13591bebe952f703af10fab4b10bc1b75cfb39a761a59c19e,5247434efffe00013019000010000100,,NCGR graphics,Confirmed,True,False,,,,,,,,,,False,False
/poketool/pokegra/otherpoke.narc,/poketool/pokegra/otherpoke.narc!/member_00021,0,/poketool/pokegra/otherpoke.narc,406,21,,137164,143612,135408,141856,6448,3828c62c46720e3fa216edd7fa0e68b61d009abb753b4f2d816db03c0cf83a83,5247434efffe00013019000010000100,,NCGR graphics,Confirmed,True,False,,,,,,,,,,False,False
/poketool/pokegra/otherpoke.narc,/poketool/pokegra/otherpoke.narc!/member_00022,0,/poketool/pokegra/otherpoke.narc,406,22,,143612,150060,141856,148304,6448,fccd6c776803e33b197316a7d3bde1cbe93807f965698924ef1e1d2c8a374ddf,5247434efffe00013019000010000100,,NCGR graphics,Confirmed,True,False,,,,,,,,,,False,False
/poketool/pokegra/otherpoke.narc,/poketool/pokegra/otherpoke.narc!/member_00023,0,/poketool/pokegra/otherpoke.narc,406,23,,150060,156508,148304,154752,6448,0b91c17f91ead157fe687b3ceb028bb49a5dd4c3ffa4b19688ebd6dbda4db658,5247434efffe00013019000010000100,,NCGR graphics,Confirmed,True,False,,,,,,,,,,False,False
/poketool/pokegra/otherpoke.narc,/poketool/pokegra/otherpoke.narc!/member_00024,0,/poketool/pokegra/otherpoke.narc,406,24,,156508,162956,154752,161200,6448,814b3fd22123a5d8867505833b4b4cdfb8343b1e38856557fbeab99cf8804141,5247434efffe00013019000010000100,,NCGR graphics,Confirmed,True,False,,,,,,,,,,False,False
/poketool/pokegra/otherpoke.narc,/poketool/pokegra/otherpoke.narc!/member_00025,0,/poketool/pokegra/otherpoke.narc,406,25,,162956,169404,161200,167648,6448,4cd8a56dfce96af512b9d24a6dd78115b601ca8e06d1193c24794c9a634ea125,5247434efffe00013019000010000100,,NCGR graphics,Confirmed,True,False,,,,,,,,,,False,False
/poketool/pokegra/otherpoke.narc,/poketool/pokegra/otherpoke.narc!/member_00026,0,/poketool/pokegra/otherpoke.narc,406,26,,169404,175852,167648,174096,6448,831da973986c2f802d2c60ff3a97157de1540d24c297562f228043da3edbbcd2,5247434efffe00013019000010000100,,NCGR graphics,Confirmed,True,False,,,,,,,,,,False,False
/poketool/pokegra/otherpoke.narc,/poketool/pokegra/otherpoke.narc!/member_00027,0,/poketool/pokegra/otherpoke.narc,406,27,,175852,182300,174096,180544,6448,3cc12be75e49e1abb3d823e7467372c63606f293de61a6faaaffd876e7a3b17f,5247434efffe00013019000010000100,,NCGR graphics,Confirmed,True,False,,,,,,,,,,False,False
/poketool/pokegra/otherpoke.narc,/poketool/pokegra/otherpoke.narc!/member_00028,0,/poketool/pokegra/otherpoke.narc,406,28,,182300,188748,180544,186992,6448,affdadc891336a3cd3d898db905326d4dff5f4eb8cf3215a77437015910b5962,5247434efffe00013019000010000100,,NCGR graphics,Confirmed,True,False,,,,,,,,,,False,False
/poketool/pokegra/otherpoke.narc,/poketool/pokegra/otherpoke.narc!/member_00029,0,/poketool/pokegra/otherpoke.narc,406,29,,188748,195196,186992,193440,6448,1d8d160e14837a79bb51f886e8df28fe8285a641bd68ace25ee2ef761daab3b2,5247434efffe00013019000010000100,,NCGR graphics,Confirmed,True,False,,,,,,,,,,False,False
/poketool/pokegra/otherpoke.narc,/poketool/pokegra/otherpoke.narc!/member_00030,0,/poketool/pokegra/otherpoke.narc,406,30,,195196,201644,193440,199888,6448,f0a78b278f1b8af94e2216fb1453f9dd43b0de4a7cfc07f12a869bed05892a3d,5247434efffe00013019000010000100,,NCGR graphics,Confirmed,True,False,,,,,,,,,,False,False
/poketool/pokegra/otherpoke.narc,/poketool/pokegra/otherpoke.narc!/member_00031,0,/poketool/pokegra/otherpoke.narc,406,31,,201644,208092,199888,206336,6448,3e5d91b7a9d0716c5aff7996166cc36b373e1eb19d20d9c26d013a425293b528,5247434efffe00013019000010000100,,NCGR graphics,Confirmed,True,False,,,,,,,,,,False,False
/poketool/pokegra/otherpoke.narc,/poketool/pokegra/otherpoke.narc!/member_00032,0,/poketool/pokegra/otherpoke.narc,406,32,,208092,214540,206336,212784,6448,daf1f71214ca41563f30e2c6d24f5706a443e2597d25fbae81011a399d2a48ea,5247434efffe00013019000010000100,,NCGR graphics,Confirmed,True,False,,,,,,,,,,False,False
/poketool/pokegra/otherpoke.narc,/poketool/pokegra/otherpoke.narc!/member_00033,0,/poketool/pokegra/otherpoke.narc,406,33,,214540,220988,212784,219232,6448,adb446947607e901168a2e40ee3c27276377a52c8ec4b7c4240f6061da9ad6c3,5247434efffe00013019000010000100,,NCGR graphics,Confirmed,True,False,,,,,,,,,,False,False
/poketool/pokegra/otherpoke.narc,/poketool/pokegra/otherpoke.narc!/member_00034,0,/poketool/pokegra/otherpoke.narc,406,34,,220988,227436,219232,225680,6448,90979d7cb54b0e21d51a01108acfa1cc0376911b71806ab8063b76f40f8788f6,5247434efffe00013019000010000100,,NCGR graphics,Confirmed,True,False,,,,,,,,,,False,False
/poketool/pokegra/otherpoke.narc,/poketool/pokegra/otherpoke.narc!/member_00035,0,/poketool/pokegra/otherpoke.narc,406,35,,227436,233884,225680,232128,6448,d2ff7790ea4c28693818af92a96314b99217e7257ba13398d34fe0797c83b04c,5247434efffe00013019000010000100,,NCGR graphics,Confirmed,True,False,,,,,,,,,,False,False
/poketool/pokegra/otherpoke.narc,/poketool/pokegra/otherpoke.narc!/member_00036,0,/poketool/pokegra/otherpoke.narc,406,36,,233884,240332,232128,238576,6448,ba0bcd30d7f112d04079ea87805962793ee99734d4d33f0bc3a05da8216344c3,5247434efffe00013019000010000100,,NCGR graphics,Confirmed,True,False,,,,,,,,,,False,False
/poketool/pokegra/otherpoke.narc,/poketool/pokegra/otherpoke.narc!/member_00037,0,/poketool/pokegra/otherpoke.narc,406,37,,240332,246780,238576,245024,6448,e52b01fc12e5a6473466d6ba0df03800187eb028c1afbf33337b6d61f2c2efc2,5247434efffe00013019000010000100,,NCGR graphics,Confirmed,True,False,,,,,,,,,,False,False
/poketool/pokegra/otherpoke.narc,/poketool/pokegra/otherpoke.narc!/member_00038,0,/poketool/pokegra/otherpoke.narc,406,38,,246780,253228,245024,251472,6448,a2debb55f0e743f85ba740e33877a4ca3cf9e8aa764b508f43b592d6804474cf,5247434efffe00013019000010000100,,NCGR graphics,Confirmed,True,False,,,,,,,,,,False,False
/poketool/pokegra/otherpoke.narc,/poketool/pokegra/otherpoke.narc!/member_00039,0,/poketool/pokegra/otherpoke.narc,406,39,,253228,259676,251472,257920,6448,2a6843b11d5d8b82e55b9868c5ea877d5cf17cc92578a4dfe5f940ec975ad4e1,5247434efffe00013019000010000100,,NCGR graphics,Confirmed,True,False,,,,,,,,,,False,False
/poketool/pokegra/otherpoke.narc,/poketool/pokegra/otherpoke.narc!/member_00040,0,/poketool/pokegra/otherpoke.narc,406,40,,259676,266124,257920,264368,6448,9bc144dc04dade70afab53873ca5e841c185dcb01bb840f8e991575aa7663e12,5247434efffe00013019000010000100,,NCGR graphics,Confirmed,True,False,,,,,,,,,,False,False
/poketool/pokegra/otherpoke.narc,/poketool/pokegra/otherpoke.narc!/member_00041,0,/poketool/pokegra/otherpoke.narc,406,41,,266124,272572,264368,270816,6448,7449e102b39e9f624d31799bebbecbb86ac075ab18ab8ecceb9ee82a0f5d0358,5247434efffe00013019000010000100,,NCGR graphics,Confirmed,True,False,,,,,,,,,,False,False
/poketool/pokegra/otherpoke.narc,/poketool/pokegra/otherpoke.narc!/member_00042,0,/poketool/pokegra/otherpoke.narc,406,42,,272572,279020,270816,277264,6448,b3c4a1b41b23b8e7a5ca715ae277f4a8cffe2c10b2d9df2a6d5e86d5b36db843,5247434efffe00013019000010000100,,NCGR graphics,Confirmed,True,False,,,,,,,,,,False,False
/poketool/pokegra/otherpoke.narc,/poketool/pokegra/otherpoke.narc!/member_00043,0,/poketool/pokegra/otherpoke.narc,406,43,,279020,285468,277264,283712,6448,3b114e3b38e338941d963e733e7a33fede950ec8a7014c8d4cfdf9e85d38d77a,5247434efffe00013019000010000100,,NCGR graphics,Confirmed,True,False,,,,,,,,,,False,False
/poketool/pokegra/otherpoke.narc,/poketool/pokegra/otherpoke.narc!/member_00044,0,/poketool/pokegra/otherpoke.narc,406,44,,285468,291916,283712,290160,6448,638a87488b266cc2ad36b049406c473c36d78e6c8e26235ecd6e21891e477043,5247434efffe00013019000010000100,,NCGR graphics,Confirmed,True,False,,,,,,,,,,False,False
/poketool/pokegra/otherpoke.narc,/poketool/pokegra/otherpoke.narc!/member_00045,0,/poketool/pokegra/otherpoke.narc,406,45,,291916,298364,290160,296608,6448,0fc09fed48b8e4710bfa9c7b5a1409d20dfe8ba46a0a01d85db24dbd509d457b,5247434efffe00013019000010000100,,NCGR graphics,Confirmed,True,False,,,,,,,,,,False,False
/poketool/pokegra/otherpoke.narc,/poketool/pokegra/otherpoke.narc!/member_00046,0,/poketool/pokegra/otherpoke.narc,406,46,,298364,304812,296608,303056,6448,256518d1e3333491d926145c70bf97fd5dd5003c532c7d8ff057e2b76a4c2f7b,5247434efffe00013019000010000100,,NCGR graphics,Confirmed,True,False,,,,,,,,,,False,False
/poketool/pokegra/otherpoke.narc,/poketool/pokegra/otherpoke.narc!/member_00047,0,/poketool/pokegra/otherpoke.narc,406,47,,304812,311260,303056,309504,6448,f9a8e9737bf6ca1ee7a9e9d24a39cc0b8973d80d50dd454ebf3c763fe09af00d,5247434efffe00013019000010000100,,NCGR graphics,Confirmed,True,False,,,,,,,,,,False,False
/poketool/pokegra/otherpoke.narc,/poketool/pokegra/otherpoke.narc!/member_00048,0,/poketool/pokegra/otherpoke.narc,406,48,,311260,317708,309504,315952,6448,7d912bdcd30ac122be9ac6ad16e2ea4cd3119926868ddd89b0b486891a4343cc,5247434efffe00013019000010000100,,NCGR graphics,Confirmed,True,False,,,,,,,,,,False,False
/poketool/pokegra/otherpoke.narc,/poketool/pokegra/otherpoke.narc!/member_00049,0,/poketool/pokegra/otherpoke.narc,406,49,,317708,324156,315952,322400,6448,4d33151161f0a6974bb1ebc969d099186418be2348c98a1b22aea874a512d10a,5247434efffe00013019000010000100,,NCGR graphics,Confirmed,True,False,,,,,,,,,,False,False
/poketool/pokegra/otherpoke.narc,/poketool/pokegra/otherpoke.narc!/member_00050,0,/poketool/pokegra/otherpoke.narc,406,50,,324156,330604,322400,328848,6448,fef3a95480e365e9b98a707f7757d1c9ab35eadfd598590022a9956e9a974ebf,5247434efffe00013019000010000100,,NCGR graphics,Confirmed,True,False,,,,,,,,,,False,False
/poketool/pokegra/otherpoke.narc,/poketool/pokegra/otherpoke.narc!/member_00051,0,/poketool/pokegra/otherpoke.narc,406,51,,330604,337052,328848,335296,6448,f16ec49e94e0bc5a994c4be13a97a445fc5c5036a65e1190bce0fc52c7528ead,5247434efffe00013019000010000100,,NCGR graphics,Confirmed,True,False,,,,,,,,,,False,False
/poketool/pokegra/otherpoke.narc,/poketool/pokegra/otherpoke.narc!/member_00052,0,/poketool/pokegra/otherpoke.narc,406,52,,337052,343500,335296,341744,6448,ffb37cd7f263692d22d10a9e538f41d170d6379335c145082220b03d82dc3588,5247434efffe00013019000010000100,,NCGR graphics,Confirmed,True,False,,,,,,,,,,False,False
/poketool/pokegra/otherpoke.narc,/poketool/pokegra/otherpoke.narc!/member_00053,0,/poketool/pokegra/otherpoke.narc,406,53,,343500,349948,341744,348192,6448,1fffd9fcd71820396d9fa01ada3712eaeea60c420a9e7b048090f765becd962f,5247434efffe00013019000010000100,,NCGR graphics,Confirmed,True,False,,,,,,,,,,False,False
/poketool/pokegra/otherpoke.narc,/poketool/pokegra/otherpoke.narc!/member_00054,0,/poketool/pokegra/otherpoke.narc,406,54,,349948,356396,348192,354640,6448,b1d4ec1bdf19354e283768ece0692ebeb57758fcaf3bcc55bef1f75d1a53703b,5247434efffe00013019000010000100,,NCGR graphics,Confirmed,True,False,,,,,,,,,,False,False
/poketool/pokegra/otherpoke.narc,/poketool/pokegra/otherpoke.narc!/member_00055,0,/poketool/pokegra/otherpoke.narc,406,55,,356396,362844,354640,361088,6448,307a7cfa59e12268ace70856ef79d4c3158e2159208f9b105f3ee8619fc035e5,5247434efffe00013019000010000100,,NCGR graphics,Confirmed,True,False,,,,,,,,,,False,False
/poketool/pokegra/otherpoke.narc,/poketool/pokegra/otherpoke.narc!/member_00056,0,/poketool/pokegra/otherpoke.narc,406,56,,362844,369292,361088,367536,6448,37b6ff3ba8d461a10ba6a77d87bf20085fc9de0f2e99ef38d91b7bf692829010,5247434efffe00013019000010000100,,NCGR graphics,Confirmed,True,False,,,,,,,,,,False,False
/poketool/pokegra/otherpoke.narc,/poketool/pokegra/otherpoke.narc!/member_00057,0,/poketool/pokegra/otherpoke.narc,406,57,,369292,375740,367536,373984,6448,19d856d4410c38bb9dcd2bfe62ed7c2cf9f8bf850080bed7e23595323030c78f,5247434efffe00013019000010000100,,NCGR graphics,Confirmed,True,False,,,,,,,,,,False,False
/poketool/pokegra/otherpoke.narc,/poketool/pokegra/otherpoke.narc!/member_00058,0,/poketool/pokegra/otherpoke.narc,406,58,,375740,382188,373984,380432,6448,050704def2bc14de3e3467aebea83512afcb3ce7f201a76ef4afcc9ea5a66ad7,5247434efffe00013019000010000100,,NCGR graphics,Confirmed,True,False,,,,,,,,,,False,False
/poketool/pokegra/otherpoke.narc,/poketool/pokegra/otherpoke.narc!/member_00059,0,/poketool/pokegra/otherpoke.narc,406,59,,382188,388636,380432,386880,6448,320e3f47994948fc18745e95cd300ff649978996908e327e087a1aa2fe0ec775,5247434efffe00013019000010000100,,NCGR graphics,Confirmed,True,False,,,,,,,,,,False,False
/poketool/pokegra/otherpoke.narc,/poketool/pokegra/otherpoke.narc!/member_00060,0,/poketool/pokegra/otherpoke.narc,406,60,,388636,395084,386880,393328,6448,4498b81cabe5a80e7fd466c0cb78a277da0a52dcca63b7a833349a8f1ddd685f,5247434efffe00013019000010000100,,NCGR graphics,Confirmed,True,False,,,,,,,,,,False,False
/poketool/pokegra/otherpoke.narc,/poketool/pokegra/otherpoke.narc!/member_00061,0,/poketool/pokegra/otherpoke.narc,406,61,,395084,401532,393328,399776,6448,315eb792d7c7da79c5b9f24f104d509269d4179b99bf3dfc0c9293057a9cca09,5247434efffe00013019000010000100,,NCGR graphics,Confirmed,True,False,,,,,,,,,,False,False
/poketool/pokegra/otherpoke.narc,/poketool/pokegra/otherpoke.narc!/member_00062,0,/poketool/pokegra/otherpoke.narc,406,62,,401532,407980,399776,406224,6448,c2977123ba305ad09db3803b40509d7c4337919aee4f9c2dcbda7005e1073c6a,5247434efffe00013019000010000100,,NCGR graphics,Confirmed,True,False,,,,,,,,,,False,False
/poketool/pokegra/otherpoke.narc,/poketool/pokegra/otherpoke.narc!/member_00063,0,/poketool/pokegra/otherpoke.narc,406,63,,407980,414428,406224,412672,6448,7ac67e01ec22ee6249f944859b41123bb07035122158b16d1506e0173831ff98,5247434efffe00013019000010000100,,NCGR graphics,Confirmed,True,False,,,,,,,,,,False,False
/poketool/pokegra/otherpoke.narc,/poketool/pokegra/otherpoke.narc!/member_00064,0,/poketool/pokegra/otherpoke.narc,406,64,,414428,420876,412672,419120,6448,9dbd7780c685e253d7e544d52971d9793521a8835ce52effed80307d1d6aa947,5247434efffe00013019000010000100,,NCGR graphics,Confirmed,True,False,,,,,,,,,,False,False
/poketool/pokegra/otherpoke.narc,/poketool/pokegra/otherpoke.narc!/member_00065,0,/poketool/pokegra/otherpoke.narc,406,65,,420876,427324,419120,425568,6448,cd1e60d99e74b3f4b7a6d2ecbe6832bcef09e9074b6828c06372460de9fec5d2,5247434efffe00013019000010000100,,NCGR graphics,Confirmed,True,False,,,,,,,,,,False,False
/poketool/pokegra/otherpoke.narc,/poketool/pokegra/otherpoke.narc!/member_00066,0,/poketool/pokegra/otherpoke.narc,406,66,,427324,433772,425568,432016,6448,894d646ca5672cca60c4fe19f6e9004a389043f8f15eca1ca32a336a19853173,5247434efffe00013019000010000100,,NCGR graphics,Confirmed,True,False,,,,,,,,,,False,False
/poketool/pokegra/otherpoke.narc,/poketool/pokegra/otherpoke.narc!/member_00067,0,/poketool/pokegra/otherpoke.narc,406,67,,433772,440220,432016,438464,6448,b25d3e8e65241f16f5f596f12d31642f390751a331672f7fb618fc42065f92d4,5247434efffe00013019000010000100,,NCGR graphics,Confirmed,True,False,,,,,,,,,,False,False
/poketool/pokegra/otherpoke.narc,/poketool/pokegra/otherpoke.narc!/member_00068,0,/poketool/pokegra/otherpoke.narc,406,68,,440220,446668,438464,444912,6448,a4794fbb9fd4ba0761a65e7cdbfed5586cf1b19998a27975e1b690cee062dffc,5247434efffe00013019000010000100,,NCGR graphics,Confirmed,True,False,,,,,,,,,,False,False
/poketool/pokegra/otherpoke.narc,/poketool/pokegra/otherpoke.narc!/member_00069,0,/poketool/pokegra/otherpoke.narc,406,69,,446668,453116,444912,451360,6448,e0d87084b2b32342bef8ba7736059bef868e9aa6e6d32064e688fc84bdca32a9,5247434efffe00013019000010000100,,NCGR graphics,Confirmed,True,False,,,,,,,,,,False,False
/poketool/pokegra/otherpoke.narc,/poketool/pokegra/otherpoke.narc!/member_00070,0,/poketool/pokegra/otherpoke.narc,406,70,,453116,459564,451360,457808,6448,fc301ed380d5d432e2e373ab16c85914533070c6e36692040d598ff1dd53bed9,5247434efffe00013019000010000100,,NCGR graphics,Confirmed,True,False,,,,,,,,,,False,False
/poketool/pokegra/otherpoke.narc,/poketool/pokegra/otherpoke.narc!/member_00071,0,/poketool/pokegra/otherpoke.narc,406,71,,459564,466012,457808,464256,6448,e585755e1eb827b8a81074273fa6f25c567b23be3612e3b579a5bd7ffc47ccc4,5247434efffe00013019000010000100,,NCGR graphics,Confirmed,True,False,,,,,,,,,,False,False
/poketool/pokegra/otherpoke.narc,/poketool/pokegra/otherpoke.narc!/member_00072,0,/poketool/pokegra/otherpoke.narc,406,72,,466012,472460,464256,470704,6448,142e7f92419287e77153af0e14c0e9059521f63e8246f66e947599e48f4a6e4f,5247434efffe00013019000010000100,,NCGR graphics,Confirmed,True,False,,,,,,,,,,False,False
/poketool/pokegra/otherpoke.narc,/poketool/pokegra/otherpoke.narc!/member_00073,0,/poketool/pokegra/otherpoke.narc,406,73,,472460,478908,470704,477152,6448,825e065413955d6cfbdb85b16156d1d3eabc11dcaa9ededd64427381ea44632f,5247434efffe00013019000010000100,,NCGR graphics,Confirmed,True,False,,,,,,,,,,False,False
/poketool/pokegra/otherpoke.narc,/poketool/pokegra/otherpoke.narc!/member_00074,0,/poketool/pokegra/otherpoke.narc,406,74,,478908,485356,477152,483600,6448,6e7fc7de41698f886f59ed10544cfca746fd289ed16aac80c6ddd93c67f5eba1,5247434efffe00013019000010000100,,NCGR graphics,Confirmed,True,False,,,,,,,,,,False,False
/poketool/pokegra/otherpoke.narc,/poketool/pokegra/otherpoke.narc!/member_00075,0,/poketool/pokegra/otherpoke.narc,406,75,,485356,491804,483600,490048,6448,8ec14b6277c5f9835a4375bf6cfc3ad3b4e6cc62ca96964005736518baeda691,5247434efffe00013019000010000100,,NCGR graphics,Confirmed,True,False,,,,,,,,,,False,False
/poketool/pokegra/otherpoke.narc,/poketool/pokegra/otherpoke.narc!/member_00076,0,/poketool/pokegra/otherpoke.narc,406,76,,491804,498252,490048,496496,6448,f6b1befc09c3b935732fdb35539fbf28f1ba196c65739e4f69b1a79ebbc2d964,5247434efffe00013019000010000100,,NCGR graphics,Confirmed,True,False,,,,,,,,,,False,False
/poketool/pokegra/otherpoke.narc,/poketool/pokegra/otherpoke.narc!/member_00077,0,/poketool/pokegra/otherpoke.narc,406,77,,498252,504700,496496,502944,6448,7a38b26cc606f44422c5182e31c45cd13729bd7d367334a22391f98737832f08,5247434efffe00013019000010000100,,NCGR graphics,Confirmed,True,False,,,,,,,,,,False,False
/poketool/pokegra/otherpoke.narc,/poketool/pokegra/otherpoke.narc!/member_00078,0,/poketool/pokegra/otherpoke.narc,406,78,,504700,511148,502944,509392,6448,4272782beb75e7cd628b8fbc5aea348b6b64dec53b039d65a0f0b3ebc35dd2c5,5247434efffe00013019000010000100,,NCGR graphics,Confirmed,True,False,,,,,,,,,,False,False
/poketool/pokegra/otherpoke.narc,/poketool/pokegra/otherpoke.narc!/member_00079,0,/poketool/pokegra/otherpoke.narc,406,79,,511148,517596,509392,515840,6448,76a3a31071d56bb0581ab767a070cfe191a844bf7a2ce45c6f7c3994c72c6e6c,5247434efffe00013019000010000100,,NCGR graphics,Confirmed,True,False,,,,,,,,,,False,False
/poketool/pokegra/otherpoke.narc,/poketool/pokegra/otherpoke.narc!/member_00080,0,/poketool/pokegra/otherpoke.narc,406,80,,517596,524044,515840,522288,6448,c6958c1f41046dfccc0f26edd5cd6138515b0d78238894280499ab659227104f,5247434efffe00013019000010000100,,NCGR graphics,Confirmed,True,False,,,,,,,,,,False,False
/poketool/pokegra/otherpoke.narc,/poketool/pokegra/otherpoke.narc!/member_00081,0,/poketool/pokegra/otherpoke.narc,406,81,,524044,530492,522288,528736,6448,bbc1891acb4eca1b37d2fe9695c88f442049ec0de523df8eede46c9bb2e0415d,5247434efffe00013019000010000100,,NCGR graphics,Confirmed,True,False,,,,,,,,,,False,False
/poketool/pokegra/otherpoke.narc,/poketool/pokegra/otherpoke.narc!/member_00082,0,/poketool/pokegra/otherpoke.narc,406,82,,530492,536940,528736,535184,6448,ab1c87b6ffb9413a547ed7d6e685deb08e22774fa065f143b2c41b7d2942dcbe,5247434efffe00013019000010000100,,NCGR graphics,Confirmed,True,False,,,,,,,,,,False,False
/poketool/pokegra/otherpoke.narc,/poketool/pokegra/otherpoke.narc!/member_00083,0,/poketool/pokegra/otherpoke.narc,406,83,,536940,543388,535184,541632,6448,b742b6a2e212e8f124e5d1eca5727d580022a1493db9552459f2023abc785af2,5247434efffe00013019000010000100,,NCGR graphics,Confirmed,True,False,,,,,,,,,,False,False
/poketool/pokegra/otherpoke.narc,/poketool/pokegra/otherpoke.narc!/member_00084,0,/poketool/pokegra/otherpoke.narc,406,84,,543388,549836,541632,548080,6448,f2fcd3cb243742350290ea36e4c7a1c59cf314f3f6d6e22a54861e6f597a6981,5247434efffe00013019000010000100,,NCGR graphics,Confirmed,True,False,,,,,,,,,,False,False
/poketool/pokegra/otherpoke.narc,/poketool/pokegra/otherpoke.narc!/member_00085,0,/poketool/pokegra/otherpoke.narc,406,85,,549836,556284,548080,554528,6448,587a7e9e9413ee3f1ec56dbde55e31623ecc63e1b35e94740b31635ff485cd52,5247434efffe00013019000010000100,,NCGR graphics,Confirmed,True,False,,,,,,,,,,False,False
/poketool/pokegra/otherpoke.narc,/poketool/pokegra/otherpoke.narc!/member_00086,0,/poketool/pokegra/otherpoke.narc,406,86,,556284,562732,554528,560976,6448,773d3ba585866c239a6a4bb60d4e568b82e487deec4177fd6304bc3a690a2695,5247434efffe00013019000010000100,,NCGR graphics,Confirmed,True,False,,,,,,,,,,False,False
/poketool/pokegra/otherpoke.narc,/poketool/pokegra/otherpoke.narc!/member_00087,0,/poketool/pokegra/otherpoke.narc,406,87,,562732,569180,560976,567424,6448,81f28d6e5a6eedc9c7b34eacb3a32c5ecbee6646cd6ae2afefbe7c88576e1431,5247434efffe00013019000010000100,,NCGR graphics,Confirmed,True,False,,,,,,,,,,False,False
/poketool/pokegra/otherpoke.narc,/poketool/pokegra/otherpoke.narc!/member_00088,0,/poketool/pokegra/otherpoke.narc,406,88,,569180,575628,567424,573872,6448,0073d1ea8bbebd4b516f9c53553ccab761d314ac2651cfb4b09594b39037e46f,5247434efffe00013019000010000100,,NCGR graphics,Confirmed,True,False,,,,,,,,,,False,False
/poketool/pokegra/otherpoke.narc,/poketool/pokegra/otherpoke.narc!/member_00089,0,/poketool/pokegra/otherpoke.narc,406,89,,575628,582076,573872,580320,6448,bd44ffecc2ee91250c7cb36ce3147584d1fbcaee7164ee05887ca481514b42ca,5247434efffe00013019000010000100,,NCGR graphics,Confirmed,True,False,,,,,,,,,,False,False
/poketool/pokegra/otherpoke.narc,/poketool/pokegra/otherpoke.narc!/member_00090,0,/poketool/pokegra/otherpoke.narc,406,90,,582076,588524,580320,586768,6448,578f26afcc0a52e483d239e395b3fa33f2866e0235e763c22e642837d27fdc87,5247434efffe00013019000010000100,,NCGR graphics,Confirmed,True,False,,,,,,,,,,False,False
/poketool/pokegra/otherpoke.narc,/poketool/pokegra/otherpoke.narc!/member_00091,0,/poketool/pokegra/otherpoke.narc,406,91,,588524,594972,586768,593216,6448,4d660226e3336267e046c73141d09cdba901be31bbbcdaaf46e106d970b9ba6f,5247434efffe00013019000010000100,,NCGR graphics,Confirmed,True,False,,,,,,,,,,False,False
/poketool/pokegra/otherpoke.narc,/poketool/pokegra/otherpoke.narc!/member_00092,0,/poketool/pokegra/otherpoke.narc,406,92,,594972,601420,593216,599664,6448,257d6c9e1049ae23cd9357eb3c9fd8fe94e6e2a1209615b9d29e435a3716297a,5247434efffe00013019000010000100,,NCGR graphics,Confirmed,True,False,,,,,,,,,,False,False
/poketool/pokegra/otherpoke.narc,/poketool/pokegra/otherpoke.narc!/member_00093,0,/poketool/pokegra/otherpoke.narc,406,93,,601420,607868,599664,606112,6448,ecab741683343f8ac8b4e3d74ced734d6953e7863defd6307043b5cf0d6faa1a,5247434efffe00013019000010000100,,NCGR graphics,Confirmed,True,False,,,,,,,,,,False,False
/poketool/pokegra/otherpoke.narc,/poketool/pokegra/otherpoke.narc!/member_00094,0,/poketool/pokegra/otherpoke.narc,406,94,,607868,614316,606112,612560,6448,898270b7d5c7575d6534aea3604de6eddfbcb5226da00a754e5cdb9a3eb146a8,5247434efffe00013019000010000100,,NCGR graphics,Confirmed,True,False,,,,,,,,,,False,False
/poketool/pokegra/otherpoke.narc,/poketool/pokegra/otherpoke.narc!/member_00095,0,/poketool/pokegra/otherpoke.narc,406,95,,614316,620764,612560,619008,6448,f815d1976eaa60c4f6b9456a5339c041ad4e6ef08ccb7cf4f62216d40256aa7d,5247434efffe00013019000010000100,,NCGR graphics,Confirmed,True,False,,,,,,,,,,False,False
/poketool/pokegra/otherpoke.narc,/poketool/pokegra/otherpoke.narc!/member_00096,0,/poketool/pokegra/otherpoke.narc,406,96,,620764,627212,619008,625456,6448,08fda85b505c16d0586fc3e2d34e5d8baf53352822830ea1c39a11f1399cab92,5247434efffe00013019000010000100,,NCGR graphics,Confirmed,True,False,,,,,,,,,,False,False
/poketool/pokegra/otherpoke.narc,/poketool/pokegra/otherpoke.narc!/member_00097,0,/poketool/pokegra/otherpoke.narc,406,97,,627212,633660,625456,631904,6448,014ca430609879ff0f7a4bdbb65ec530afeea441498a56725e60bba07ea87f72,5247434efffe00013019000010000100,,NCGR graphics,Confirmed,True,False,,,,,,,,,,False,False
/poketool/pokegra/otherpoke.narc,/poketool/pokegra/otherpoke.narc!/member_00098,0,/poketool/pokegra/otherpoke.narc,406,98,,633660,640108,631904,638352,6448,08fda85b505c16d0586fc3e2d34e5d8baf53352822830ea1c39a11f1399cab92,5247434efffe00013019000010000100,,NCGR graphics,Confirmed,True,False,,,,,,,,,,False,False
/poketool/pokegra/otherpoke.narc,/poketool/pokegra/otherpoke.narc!/member_00099,0,/poketool/pokegra/otherpoke.narc,406,99,,640108,646556,638352,644800,6448,014ca430609879ff0f7a4bdbb65ec530afeea441498a56725e60bba07ea87f72,5247434efffe00013019000010000100,,NCGR graphics,Confirmed,True,False,,,,,,,,,,False,False
/poketool/pokegra/otherpoke.narc,/poketool/pokegra/otherpoke.narc!/member_00100,0,/poketool/pokegra/otherpoke.narc,406,100,,646556,653004,644800,651248,6448,08fda85b505c16d0586fc3e2d34e5d8baf53352822830ea1c39a11f1399cab92,5247434efffe00013019000010000100,,NCGR graphics,Confirmed,True,False,,,,,,,,,,False,False
/poketool/pokegra/otherpoke.narc,/poketool/pokegra/otherpoke.narc!/member_00101,0,/poketool/pokegra/otherpoke.narc,406,101,,653004,659452,651248,657696,6448,014ca430609879ff0f7a4bdbb65ec530afeea441498a56725e60bba07ea87f72,5247434efffe00013019000010000100,,NCGR graphics,Confirmed,True,False,,,,,,,,,,False,False
/poketool/pokegra/otherpoke.narc,/poketool/pokegra/otherpoke.narc!/member_00102,0,/poketool/pokegra/otherpoke.narc,406,102,,659452,665900,657696,664144,6448,08fda85b505c16d0586fc3e2d34e5d8baf53352822830ea1c39a11f1399cab92,5247434efffe00013019000010000100,,NCGR graphics,Confirmed,True,False,,,,,,,,,,False,False
/poketool/pokegra/otherpoke.narc,/poketool/pokegra/otherpoke.narc!/member_00103,0,/poketool/pokegra/otherpoke.narc,406,103,,665900,672348,664144,670592,6448,014ca430609879ff0f7a4bdbb65ec530afeea441498a56725e60bba07ea87f72,5247434efffe00013019000010000100,,NCGR graphics,Confirmed,True,False,,,,,,,,,,False,False
/poketool/pokegra/otherpoke.narc,/poketool/pokegra/otherpoke.narc!/member_00104,0,/poketool/pokegra/otherpoke.narc,406,104,,672348,678796,670592,677040,6448,08fda85b505c16d0586fc3e2d34e5d8baf53352822830ea1c39a11f1399cab92,5247434efffe00013019000010000100,,NCGR graphics,Confirmed,True,False,,,,,,,,,,False,False
/poketool/pokegra/otherpoke.narc,/poketool/pokegra/otherpoke.narc!/member_00105,0,/poketool/pokegra/otherpoke.narc,406,105,,678796,685244,677040,683488,6448,014ca430609879ff0f7a4bdbb65ec530afeea441498a56725e60bba07ea87f72,5247434efffe00013019000010000100,,NCGR graphics,Confirmed,True,False,,,,,,,,,,False,False
/poketool/pokegra/otherpoke.narc,/poketool/pokegra/otherpoke.narc!/member_00106,0,/poketool/pokegra/otherpoke.narc,406,106,,685244,691692,683488,689936,6448,08fda85b505c16d0586fc3e2d34e5d8baf53352822830ea1c39a11f1399cab92,5247434efffe00013019000010000100,,NCGR graphics,Confirmed,True,False,,,,,,,,,,False,False
/poketool/pokegra/otherpoke.narc,/poketool/pokegra/otherpoke.narc!/member_00107,0,/poketool/pokegra/otherpoke.narc,406,107,,691692,698140,689936,696384,6448,014ca430609879ff0f7a4bdbb65ec530afeea441498a56725e60bba07ea87f72,5247434efffe00013019000010000100,,NCGR graphics,Confirmed,True,False,,,,,,,,,,False,False
/poketool/pokegra/otherpoke.narc,/poketool/pokegra/otherpoke.narc!/member_00108,0,/poketool/pokegra/otherpoke.narc,406,108,,698140,704588,696384,702832,6448,08fda85b505c16d0586fc3e2d34e5d8baf53352822830ea1c39a11f1399cab92,5247434efffe00013019000010000100,,NCGR graphics,Confirmed,True,False,,,,,,,,,,False,False
/poketool/pokegra/otherpoke.narc,/poketool/pokegra/otherpoke.narc!/member_00109,0,/poketool/pokegra/otherpoke.narc,406,109,,704588,711036,702832,709280,6448,014ca430609879ff0f7a4bdbb65ec530afeea441498a56725e60bba07ea87f72,5247434efffe00013019000010000100,,NCGR graphics,Confirmed,True,False,,,,,,,,,,False,False
/poketool/pokegra/otherpoke.narc,/poketool/pokegra/otherpoke.narc!/member_00110,0,/poketool/pokegra/otherpoke.narc,406,110,,711036,717484,709280,715728,6448,08fda85b505c16d0586fc3e2d34e5d8baf53352822830ea1c39a11f1399cab92,5247434efffe00013019000010000100,,NCGR graphics,Confirmed,True,False,,,,,,,,,,False,False
/poketool/pokegra/otherpoke.narc,/poketool/pokegra/otherpoke.narc!/member_00111,0,/poketool/pokegra/otherpoke.narc,406,111,,717484,723932,715728,722176,6448,014ca430609879ff0f7a4bdbb65ec530afeea441498a56725e60bba07ea87f72,5247434efffe00013019000010000100,,NCGR graphics,Confirmed,True,False,,,,,,,,,,False,False
/poketool/pokegra/otherpoke.narc,/poketool/pokegra/otherpoke.narc!/member_00112,0,/poketool/pokegra/otherpoke.narc,406,112,,723932,730380,722176,728624,6448,08fda85b505c16d0586fc3e2d34e5d8baf53352822830ea1c39a11f1399cab92,5247434efffe00013019000010000100,,NCGR graphics,Confirmed,True,False,,,,,,,,,,False,False
/poketool/pokegra/otherpoke.narc,/poketool/pokegra/otherpoke.narc!/member_00113,0,/poketool/pokegra/otherpoke.narc,406,113,,730380,736828,728624,735072,6448,014ca430609879ff0f7a4bdbb65ec530afeea441498a56725e60bba07ea87f72,5247434efffe00013019000010000100,,NCGR graphics,Confirmed,True,False,,,,,,,,,,False,False
/poketool/pokegra/otherpoke.narc,/poketool/pokegra/otherpoke.narc!/member_00114,0,/poketool/pokegra/otherpoke.narc,406,114,,736828,743276,735072,741520,6448,08fda85b505c16d0586fc3e2d34e5d8baf53352822830ea1c39a11f1399cab92,5247434efffe00013019000010000100,,NCGR graphics,Confirmed,True,False,,,,,,,,,,False,False
/poketool/pokegra/otherpoke.narc,/poketool/pokegra/otherpoke.narc!/member_00115,0,/poketool/pokegra/otherpoke.narc,406,115,,743276,749724,741520,747968,6448,014ca430609879ff0f7a4bdbb65ec530afeea441498a56725e60bba07ea87f72,5247434efffe00013019000010000100,,NCGR graphics,Confirmed,True,False,,,,,,,,,,False,False
/poketool/pokegra/otherpoke.narc,/poketool/pokegra/otherpoke.narc!/member_00116,0,/poketool/pokegra/otherpoke.narc,406,116,,749724,756172,747968,754416,6448,08fda85b505c16d0586fc3e2d34e5d8baf53352822830ea1c39a11f1399cab92,5247434efffe00013019000010000100,,NCGR graphics,Confirmed,True,False,,,,,,,,,,False,False
/poketool/pokegra/otherpoke.narc,/poketool/pokegra/otherpoke.narc!/member_00117,0,/poketool/pokegra/otherpoke.narc,406,117,,756172,762620,754416,760864,6448,014ca430609879ff0f7a4bdbb65ec530afeea441498a56725e60bba07ea87f72,5247434efffe00013019000010000100,,NCGR graphics,Confirmed,True,False,,,,,,,,,,False,False
/poketool/pokegra/otherpoke.narc,/poketool/pokegra/otherpoke.narc!/member_00118,0,/poketool/pokegra/otherpoke.narc,406,118,,762620,769068,760864,767312,6448,08fda85b505c16d0586fc3e2d34e5d8baf53352822830ea1c39a11f1399cab92,5247434efffe00013019000010000100,,NCGR graphics,Confirmed,True,False,,,,,,,,,,False,False
/poketool/pokegra/otherpoke.narc,/poketool/pokegra/otherpoke.narc!/member_00119,0,/poketool/pokegra/otherpoke.narc,406,119,,769068,775516,767312,773760,6448,014ca430609879ff0f7a4bdbb65ec530afeea441498a56725e60bba07ea87f72,5247434efffe00013019000010000100,,NCGR graphics,Confirmed,True,False,,,,,,,,,,False,False
/poketool/pokegra/otherpoke.narc,/poketool/pokegra/otherpoke.narc!/member_00120,0,/poketool/pokegra/otherpoke.narc,406,120,,775516,781964,773760,780208,6448,08fda85b505c16d0586fc3e2d34e5d8baf53352822830ea1c39a11f1399cab92,5247434efffe00013019000010000100,,NCGR graphics,Confirmed,True,False,,,,,,,,,,False,False
/poketool/pokegra/otherpoke.narc,/poketool/pokegra/otherpoke.narc!/member_00121,0,/poketool/pokegra/otherpoke.narc,406,121,,781964,788412,780208,786656,6448,014ca430609879ff0f7a4bdbb65ec530afeea441498a56725e60bba07ea87f72,5247434efffe00013019000010000100,,NCGR graphics,Confirmed,True,False,,,,,,,,,,False,False
/poketool/pokegra/otherpoke.narc,/poketool/pokegra/otherpoke.narc!/member_00122,0,/poketool/pokegra/otherpoke.narc,406,122,,788412,794860,786656,793104,6448,08fda85b505c16d0586fc3e2d34e5d8baf53352822830ea1c39a11f1399cab92,5247434efffe00013019000010000100,,NCGR graphics,Confirmed,True,False,,,,,,,,,,False,False
/poketool/pokegra/otherpoke.narc,/poketool/pokegra/otherpoke.narc!/member_00123,0,/poketool/pokegra/otherpoke.narc,406,123,,794860,801308,793104,799552,6448,014ca430609879ff0f7a4bdbb65ec530afeea441498a56725e60bba07ea87f72,5247434efffe00013019000010000100,,NCGR graphics,Confirmed,True,False,,,,,,,,,,False,False
/poketool/pokegra/otherpoke.narc,/poketool/pokegra/otherpoke.narc!/member_00124,0,/poketool/pokegra/otherpoke.narc,406,124,,801308,807756,799552,806000,6448,08fda85b505c16d0586fc3e2d34e5d8baf53352822830ea1c39a11f1399cab92,5247434efffe00013019000010000100,,NCGR graphics,Confirmed,True,False,,,,,,,,,,False,False
/poketool/pokegra/otherpoke.narc,/poketool/pokegra/otherpoke.narc!/member_00125,0,/poketool/pokegra/otherpoke.narc,406,125,,807756,814204,806000,812448,6448,014ca430609879ff0f7a4bdbb65ec530afeea441498a56725e60bba07ea87f72,5247434efffe00013019000010000100,,NCGR graphics,Confirmed,True,False,,,,,,,,,,False,False
/poketool/pokegra/otherpoke.narc,/poketool/pokegra/otherpoke.narc!/member_00126,0,/poketool/pokegra/otherpoke.narc,406,126,,814204,820652,812448,818896,6448,08fda85b505c16d0586fc3e2d34e5d8baf53352822830ea1c39a11f1399cab92,5247434efffe00013019000010000100,,NCGR graphics,Confirmed,True,False,,,,,,,,,,False,False
/poketool/pokegra/otherpoke.narc,/poketool/pokegra/otherpoke.narc!/member_00127,0,/poketool/pokegra/otherpoke.narc,406,127,,820652,827100,818896,825344,6448,014ca430609879ff0f7a4bdbb65ec530afeea441498a56725e60bba07ea87f72,5247434efffe00013019000010000100,,NCGR graphics,Confirmed,True,False,,,,,,,,,,False,False
/poketool/pokegra/otherpoke.narc,/poketool/pokegra/otherpoke.narc!/member_00128,0,/poketool/pokegra/otherpoke.narc,406,128,,827100,833548,825344,831792,6448,08fda85b505c16d0586fc3e2d34e5d8baf53352822830ea1c39a11f1399cab92,5247434efffe00013019000010000100,,NCGR graphics,Confirmed,True,False,,,,,,,,,,False,False
/poketool/pokegra/otherpoke.narc,/poketool/pokegra/otherpoke.narc!/member_00129,0,/poketool/pokegra/otherpoke.narc,406,129,,833548,839996,831792,838240,6448,014ca430609879ff0f7a4bdbb65ec530afeea441498a56725e60bba07ea87f72,5247434efffe00013019000010000100,,NCGR graphics,Confirmed,True,False,,,,,,,,,,False,False
/poketool/pokegra/otherpoke.narc,/poketool/pokegra/otherpoke.narc!/member_00130,0,/poketool/pokegra/otherpoke.narc,406,130,,839996,846444,838240,844688,6448,08fda85b505c16d0586fc3e2d34e5d8baf53352822830ea1c39a11f1399cab92,5247434efffe00013019000010000100,,NCGR graphics,Confirmed,True,False,,,,,,,,,,False,False
/poketool/pokegra/otherpoke.narc,/poketool/pokegra/otherpoke.narc!/member_00131,0,/poketool/pokegra/otherpoke.narc,406,131,,846444,852892,844688,851136,6448,014ca430609879ff0f7a4bdbb65ec530afeea441498a56725e60bba07ea87f72,5247434efffe00013019000010000100,,NCGR graphics,Confirmed,True,False,,,,,,,,,,False,False
/poketool/pokegra/otherpoke.narc,/poketool/pokegra/otherpoke.narc!/member_00132,0,/poketool/pokegra/otherpoke.narc,406,132,,852892,859340,851136,857584,6448,5d872a774552df0c57c7c2d504a03d646857c25c6fe78c92d4d2ffa744941caa,5247434efffe00013019000010000100,,NCGR graphics,Confirmed,True,False,,,,,,,,,,False,False
/poketool/pokegra/otherpoke.narc,/poketool/pokegra/otherpoke.narc!/member_00133,0,/poketool/pokegra/otherpoke.narc,406,133,,859340,865788,857584,864032,6448,bc44f34ba49d4f3cac49caf730cc6f26c0b1c195c95bbd2f41383059d9f3b1f9,5247434efffe00013019000010000100,,NCGR graphics,Confirmed,True,False,,,,,,,,,,False,False
/poketool/pokegra/otherpoke.narc,/poketool/pokegra/otherpoke.narc!/member_00134,0,/poketool/pokegra/otherpoke.narc,406,134,,865788,865860,864032,864104,72,0a0bc79ef136c9cdaf44d0d89e5e23853cce786ad1f6399b6dc494c591a6ee0e,524c434efffe00014800000010000100,,NCLR palette,Confirmed,True,False,,,,,,,,,,False,False
/poketool/pokegra/otherpoke.narc,/poketool/pokegra/otherpoke.narc!/member_00135,0,/poketool/pokegra/otherpoke.narc,406,135,,865860,865932,864104,864176,72,b2a3ac5a0099f44ad1a0338aab8c97a37c77d2f23a4ef13fc05f05c6081d8be7,524c434efffe00014800000010000100,,NCLR palette,Confirmed,True,False,,,,,,,,,,False,False
/poketool/pokegra/otherpoke.narc,/poketool/pokegra/otherpoke.narc!/member_00136,0,/poketool/pokegra/otherpoke.narc,406,136,,865932,866004,864176,864248,72,2d2c5c7f0ba92ddb7769337542f876027c5f57fedc46cb3c20fec0b681d62448,524c434efffe00014800000010000100,,NCLR palette,Confirmed,True,False,,,,,,,,,,False,False
/poketool/pokegra/otherpoke.narc,/poketool/pokegra/otherpoke.narc!/member_00137,0,/poketool/pokegra/otherpoke.narc,406,137,,866004,866076,864248,864320,72,76720f1b285e445d7f451270d4d7081537021664e245d6d99e6a7d2f70fea7a3,524c434efffe00014800000010000100,,NCLR palette,Confirmed,True,False,,,,,,,,,,False,False
/poketool/pokegra/otherpoke.narc,/poketool/pokegra/otherpoke.narc!/member_00138,0,/poketool/pokegra/otherpoke.narc,406,138,,866076,866148,864320,864392,72,efb0b7d986772d111c070285389eb152cb5ec72da2e96de09aa15731c73e8e3d,524c434efffe00014800000010000100,,NCLR palette,Confirmed,True,False,,,,,,,,,,False,False
/poketool/pokegra/otherpoke.narc,/poketool/pokegra/otherpoke.narc!/member_00139,0,/poketool/pokegra/otherpoke.narc,406,139,,866148,866220,864392,864464,72,1e1d9d11715ceb94c9773d06482b5cda4d72022cfaa9a076ab47f32a92c94f36,524c434efffe00014800000010000100,,NCLR palette,Confirmed,True,False,,,,,,,,,,False,False
/poketool/pokegra/otherpoke.narc,/poketool/pokegra/otherpoke.narc!/member_00140,0,/poketool/pokegra/otherpoke.narc,406,140,,866220,866292,864464,864536,72,c26facc6fad98554505f8181965a0d65da2023e959f8b1423281c6b4c0b1a834,524c434efffe00014800000010000100,,NCLR palette,Confirmed,True,False,,,,,,,,,,False,False
/poketool/pokegra/otherpoke.narc,/poketool/pokegra/otherpoke.narc!/member_00141,0,/poketool/pokegra/otherpoke.narc,406,141,,866292,866364,864536,864608,72,4037e3df8c296cfb772dd8f53a03ab4c802ce38aa24864234da033b89968328f,524c434efffe00014800000010000100,,NCLR palette,Confirmed,True,False,,,,,,,,,,False,False
/poketool/pokegra/otherpoke.narc,/poketool/pokegra/otherpoke.narc!/member_00142,0,/poketool/pokegra/otherpoke.narc,406,142,,866364,866436,864608,864680,72,55ba127c672d464a07226c20f1eddc39ad2db90112f5cfb887a4b02c8a888028,524c434efffe00014800000010000100,,NCLR palette,Confirmed,True,False,,,,,,,,,,False,False
/poketool/pokegra/otherpoke.narc,/poketool/pokegra/otherpoke.narc!/member_00143,0,/poketool/pokegra/otherpoke.narc,406,143,,866436,866508,864680,864752,72,1e1d9d11715ceb94c9773d06482b5cda4d72022cfaa9a076ab47f32a92c94f36,524c434efffe00014800000010000100,,NCLR palette,Confirmed,True,False,,,,,,,,,,False,False
/poketool/pokegra/otherpoke.narc,/poketool/pokegra/otherpoke.narc!/member_00144,0,/poketool/pokegra/otherpoke.narc,406,144,,866508,866580,864752,864824,72,c26facc6fad98554505f8181965a0d65da2023e959f8b1423281c6b4c0b1a834,524c434efffe00014800000010000100,,NCLR palette,Confirmed,True,False,,,,,,,,,,False,False
/poketool/pokegra/otherpoke.narc,/poketool/pokegra/otherpoke.narc!/member_00145,0,/poketool/pokegra/otherpoke.narc,406,145,,866580,866652,864824,864896,72,4037e3df8c296cfb772dd8f53a03ab4c802ce38aa24864234da033b89968328f,524c434efffe00014800000010000100,,NCLR palette,Confirmed,True,False,,,,,,,,,,False,False
/poketool/pokegra/otherpoke.narc,/poketool/pokegra/otherpoke.narc!/member_00146,0,/poketool/pokegra/otherpoke.narc,406,146,,866652,866724,864896,864968,72,889e2bd7f247b41e9bf5b7df330f316cc50104ec210eb6a6a604093cd7b8ebf4,524c434efffe00014800000010000100,,NCLR palette,Confirmed,True,False,,,,,,,,,,False,False
/poketool/pokegra/otherpoke.narc,/poketool/pokegra/otherpoke.narc!/member_00147,0,/poketool/pokegra/otherpoke.narc,406,147,,866724,866796,864968,865040,72,ca978cdc857f5112d7756c847ae8ab335a14610b271f3103863227a432586f7b,524c434efffe00014800000010000100,,NCLR palette,Confirmed,True,False,,,,,,,,,,False,False
/poketool/pokegra/otherpoke.narc,/poketool/pokegra/otherpoke.narc!/member_00148,0,/poketool/pokegra/otherpoke.narc,406,148,,866796,866868,865040,865112,72,b4653c5d35663a17bc8c713827db42a2ca6853c2823d98f76406467c7894d358,524c434efffe00014800000010000100,,NCLR palette,Confirmed,True,False,,,,,,,,,,False,False
/poketool/pokegra/otherpoke.narc,/poketool/pokegra/otherpoke.narc!/member_00149,0,/poketool/pokegra/otherpoke.narc,406,149,,866868,866940,865112,865184,72,ebb65bc84e1b505ec3d83fc56dfc99d10cc9a1265c511846057dd360fc3bb675,524c434efffe00014800000010000100,,NCLR palette,Confirmed,True,False,,,,,,,,,,False,False
/poketool/pokegra/otherpoke.narc,/poketool/pokegra/otherpoke.narc!/member_00150,0,/poketool/pokegra/otherpoke.narc,406,150,,866940,867012,865184,865256,72,4648a1829361f4adbc67b09d4d658a212df464fa401db3abdaf70c54bf0734db,524c434efffe00014800000010000100,,NCLR palette,Confirmed,True,False,,,,,,,,,,False,False
/poketool/pokegra/otherpoke.narc,/poketool/pokegra/otherpoke.narc!/member_00151,0,/poketool/pokegra/otherpoke.narc,406,151,,867012,867084,865256,865328,72,370f682dbe42545c84575cd6536110ca38fe8f78272002b61e03050ce6b1c56e,524c434efffe00014800000010000100,,NCLR palette,Confirmed,True,False,,,,,,,,,,False,False
/poketool/pokegra/otherpoke.narc,/poketool/pokegra/otherpoke.narc!/member_00152,0,/poketool/pokegra/otherpoke.narc,406,152,,867084,867156,865328,865400,72,695fe10d59f50fb0efcfb5e78f8904534bd2065c5c6cf3c60a2ef041292eb93a,524c434efffe00014800000010000100,,NCLR palette,Confirmed,True,False,,,,,,,,,,False,False
/poketool/pokegra/otherpoke.narc,/poketool/pokegra/otherpoke.narc!/member_00153,0,/poketool/pokegra/otherpoke.narc,406,153,,867156,867228,865400,865472,72,b23e3625f61a1fd341c602e64fc320022c9511ebf62bfe15957f4c60451ba92c,524c434efffe00014800000010000100,,NCLR palette,Confirmed,True,False,,,,,,,,,,False,False
/poketool/pokegra/otherpoke.narc,/poketool/pokegra/otherpoke.narc!/member_00154,0,/poketool/pokegra/otherpoke.narc,406,154,,867228,867300,865472,865544,72,0f3b6c4043279ab5c5e01fc2157944cab38c45ddb2140eeb615e5ed70b613867,524c434efffe00014800000010000100,,NCLR palette,Confirmed,True,False,,,,,,,,,,False,False
/poketool/pokegra/otherpoke.narc,/poketool/pokegra/otherpoke.narc!/member_00155,0,/poketool/pokegra/otherpoke.narc,406,155,,867300,867372,865544,865616,72,d88970766e2f4db000c9fbce6f7299a4bebf1cbcacd189b724bc47292100a799,524c434efffe00014800000010000100,,NCLR palette,Confirmed,True,False,,,,,,,,,,False,False
/poketool/pokegra/otherpoke.narc,/poketool/pokegra/otherpoke.narc!/member_00156,0,/poketool/pokegra/otherpoke.narc,406,156,,867372,867444,865616,865688,72,7765ec39aa7669361d60623c154bf7df0e118882f071f27ff4933972d5226ff5,524c434efffe00014800000010000100,,NCLR palette,Confirmed,True,False,,,,,,,,,,False,False
/poketool/pokegra/otherpoke.narc,/poketool/pokegra/otherpoke.narc!/member_00157,0,/poketool/pokegra/otherpoke.narc,406,157,,867444,867516,865688,865760,72,b2052b2fb9d49479d32a4177ef86ea15df585adf9e49cb75b8cac5159742f1b5,524c434efffe00014800000010000100,,NCLR palette,Confirmed,True,False,,,,,,,,,,False,False
/poketool/pokegra/otherpoke.narc,/poketool/pokegra/otherpoke.narc!/member_00158,0,/poketool/pokegra/otherpoke.narc,406,158,,867516,867588,865760,865832,72,791576dd4ad78adfe50b848116e0d7b5099738b17dfd90dd7d54a4b03cd0d607,524c434efffe00014800000010000100,,NCLR palette,Confirmed,True,False,,,,,,,,,,False,False
/poketool/pokegra/otherpoke.narc,/poketool/pokegra/otherpoke.narc!/member_00159,0,/poketool/pokegra/otherpoke.narc,406,159,,867588,867660,865832,865904,72,4b32b2a12db9fb02247911a41dcee81b5d1e4b12d007cf068610e1b91b8c4b1a,524c434efffe00014800000010000100,,NCLR palette,Confirmed,True,False,,,,,,,,,,False,False
/poketool/pokegra/otherpoke.narc,/poketool/pokegra/otherpoke.narc!/member_00160,0,/poketool/pokegra/otherpoke.narc,406,160,,867660,867732,865904,865976,72,fdeaf1d97e5afe4292122bfdab98b6efda6cda5d71ad699ff37d1bc32cb5f1bd,524c434efffe00014800000010000100,,NCLR palette,Confirmed,True,False,,,,,,,,,,False,False
/poketool/pokegra/otherpoke.narc,/poketool/pokegra/otherpoke.narc!/member_00161,0,/poketool/pokegra/otherpoke.narc,406,161,,867732,867804,865976,866048,72,252b62b25f9064029f1aa440d3ac4a86f44cd59713d2c0755079b0103ff760ee,524c434efffe00014800000010000100,,NCLR palette,Confirmed,True,False,,,,,,,,,,False,False
/poketool/pokegra/otherpoke.narc,/poketool/pokegra/otherpoke.narc!/member_00162,0,/poketool/pokegra/otherpoke.narc,406,162,,867804,867876,866048,866120,72,c219979716d856ef3625c070bfefc49ff3da7d5d198931f56297987b5800583d,524c434efffe00014800000010000100,,NCLR palette,Confirmed,True,False,,,,,,,,,,False,False
/poketool/pokegra/otherpoke.narc,/poketool/pokegra/otherpoke.narc!/member_00163,0,/poketool/pokegra/otherpoke.narc,406,163,,867876,867948,866120,866192,72,f2ff706cba1ecaef9d66ed0f0f76d354fb50d0b7f0dca67cfc3457dfc163e403,524c434efffe00014800000010000100,,NCLR palette,Confirmed,True,False,,,,,,,,,,False,False
/poketool/pokegra/otherpoke.narc,/poketool/pokegra/otherpoke.narc!/member_00164,0,/poketool/pokegra/otherpoke.narc,406,164,,867948,868020,866192,866264,72,db2460fd35657b9bb0a747053fdd40164bab14206378f2ed45e1d1a36b9c12c2,524c434efffe00014800000010000100,,NCLR palette,Confirmed,True,False,,,,,,,,,,False,False
/poketool/pokegra/otherpoke.narc,/poketool/pokegra/otherpoke.narc!/member_00165,0,/poketool/pokegra/otherpoke.narc,406,165,,868020,868092,866264,866336,72,667119ce23414e671cb25cd5c3efca386707c31d57fb1ca83344a42aeafb3369,524c434efffe00014800000010000100,,NCLR palette,Confirmed,True,False,,,,,,,,,,False,False
/poketool/pokegra/otherpoke.narc,/poketool/pokegra/otherpoke.narc!/member_00166,0,/poketool/pokegra/otherpoke.narc,406,166,,868092,868164,866336,866408,72,ae0d8fb3d342790b672489f8d7cc5d0236570dcd2d61480cae2a22d8daacfdc7,524c434efffe00014800000010000100,,NCLR palette,Confirmed,True,False,,,,,,,,,,False,False
/poketool/pokegra/otherpoke.narc,/poketool/pokegra/otherpoke.narc!/member_00167,0,/poketool/pokegra/otherpoke.narc,406,167,,868164,868236,866408,866480,72,78053c28d51ca52cc8fea6fe85a9609868cb10cc1c82dcea3b732dd53ed24800,524c434efffe00014800000010000100,,NCLR palette,Confirmed,True,False,,,,,,,,,,False,False
/poketool/pokegra/otherpoke.narc,/poketool/pokegra/otherpoke.narc!/member_00168,0,/poketool/pokegra/otherpoke.narc,406,168,,868236,868308,866480,866552,72,5ef2385cdee5ede1a098ab68a24f6a6404de3d694e2c18642a4785c4e204fc89,524c434efffe00014800000010000100,,NCLR palette,Confirmed,True,False,,,,,,,,,,False,False
/poketool/pokegra/otherpoke.narc,/poketool/pokegra/otherpoke.narc!/member_00169,0,/poketool/pokegra/otherpoke.narc,406,169,,868308,868380,866552,866624,72,ecb7972773a5d87078bd89dc3bfd86f752fc01f8e3bf96bbd9eed6890ac3b295,524c434efffe00014800000010000100,,NCLR palette,Confirmed,True,False,,,,,,,,,,False,False
/poketool/pokegra/otherpoke.narc,/poketool/pokegra/otherpoke.narc!/member_00170,0,/poketool/pokegra/otherpoke.narc,406,170,,868380,868452,866624,866696,72,4b167b4f577e236d1773660fbf5496c58a54405f4bb36048b810618fd556870d,524c434efffe00014800000010000100,,NCLR palette,Confirmed,True,False,,,,,,,,,,False,False
/poketool/pokegra/otherpoke.narc,/poketool/pokegra/otherpoke.narc!/member_00171,0,/poketool/pokegra/otherpoke.narc,406,171,,868452,868524,866696,866768,72,b29f793e9293e75b522139ded1515c04b0dfd74b759ed6bf49ca27fb750ae071,524c434efffe00014800000010000100,,NCLR palette,Confirmed,True,False,,,,,,,,,,False,False
/poketool/pokegra/otherpoke.narc,/poketool/pokegra/otherpoke.narc!/member_00172,0,/poketool/pokegra/otherpoke.narc,406,172,,868524,868596,866768,866840,72,8b4dec76ac3519609129b2ffc86629c3fe760c837485b7d12997da1cbf846d3a,524c434efffe00014800000010000100,,NCLR palette,Confirmed,True,False,,,,,,,,,,False,False
/poketool/pokegra/otherpoke.narc,/poketool/pokegra/otherpoke.narc!/member_00173,0,/poketool/pokegra/otherpoke.narc,406,173,,868596,868668,866840,866912,72,0034b970028b2ea35fbb4e0af5b94d30084036f36f88a7d764edef1ca9e05a0b,524c434efffe00014800000010000100,,NCLR palette,Confirmed,True,False,,,,,,,,,,False,False
/poketool/pokegra/otherpoke.narc,/poketool/pokegra/otherpoke.narc!/member_00174,0,/poketool/pokegra/otherpoke.narc,406,174,,868668,868740,866912,866984,72,826fe8d038c8749e9d874f418baf69d3b381bc80e0f84cd108afbdcc732bf1bc,524c434efffe00014800000010000100,,NCLR palette,Confirmed,True,False,,,,,,,,,,False,False
/poketool/pokegra/otherpoke.narc,/poketool/pokegra/otherpoke.narc!/member_00175,0,/poketool/pokegra/otherpoke.narc,406,175,,868740,868812,866984,867056,72,b7b5a9797e07fba02a987891cee5f99ac59ec1599d9b3bec264fccb54b0aad42,524c434efffe00014800000010000100,,NCLR palette,Confirmed,True,False,,,,,,,,,,False,False
/poketool/pokegra/otherpoke.narc,/poketool/pokegra/otherpoke.narc!/member_00176,0,/poketool/pokegra/otherpoke.narc,406,176,,868812,868884,867056,867128,72,d88fda45ffbef4d7448f108717481e8c17bf26a304fa28d670b851591c446b98,524c434efffe00014800000010000100,,NCLR palette,Confirmed,True,False,,,,,,,,,,False,False
/poketool/pokegra/otherpoke.narc,/poketool/pokegra/otherpoke.narc!/member_00177,0,/poketool/pokegra/otherpoke.narc,406,177,,868884,868956,867128,867200,72,d94a8ae2c7f5220b8c77be70c1a8a3ac8164702c84c8bd2f00e61cc79a7cef2b,524c434efffe00014800000010000100,,NCLR palette,Confirmed,True,False,,,,,,,,,,False,False
/poketool/pokegra/otherpoke.narc,/poketool/pokegra/otherpoke.narc!/member_00178,0,/poketool/pokegra/otherpoke.narc,406,178,,868956,869028,867200,867272,72,9c08a0e66103f53b70fa53988a8f26d11bc41e6820e808b3694cfee7a85554e1,524c434efffe00014800000010000100,,NCLR palette,Confirmed,True,False,,,,,,,,,,False,False
/poketool/pokegra/otherpoke.narc,/poketool/pokegra/otherpoke.narc!/member_00179,0,/poketool/pokegra/otherpoke.narc,406,179,,869028,869100,867272,867344,72,5fd979d495806800efbfe46a7be777c0e73bbdcb302e87d07a99964e5c738f02,524c434efffe00014800000010000100,,NCLR palette,Confirmed,True,False,,,,,,,,,,False,False
/poketool/pokegra/otherpoke.narc,/poketool/pokegra/otherpoke.narc!/member_00180,0,/poketool/pokegra/otherpoke.narc,406,180,,869100,869172,867344,867416,72,3fce1a03763a8622d66c71a9c50fe8b6d472855bff1d4a998fcf4f3f835f0b34,524c434efffe00014800000010000100,,NCLR palette,Confirmed,True,False,,,,,,,,,,False,False
/poketool/pokegra/otherpoke.narc,/poketool/pokegra/otherpoke.narc!/member_00181,0,/poketool/pokegra/otherpoke.narc,406,181,,869172,869244,867416,867488,72,c933f3a8a42e078120ba6169b515f492515e1329bbae63357d7a6d34f4a37def,524c434efffe00014800000010000100,,NCLR palette,Confirmed,True,False,,,,,,,,,,False,False
/poketool/pokegra/otherpoke.narc,/poketool/pokegra/otherpoke.narc!/member_00182,0,/poketool/pokegra/otherpoke.narc,406,182,,869244,869316,867488,867560,72,353e70adfca887f10a37ea09dc89c21c05dbe2e7eb2179d34e7f4f2cea4520a5,524c434efffe00014800000010000100,,NCLR palette,Confirmed,True,False,,,,,,,,,,False,False
/poketool/pokegra/otherpoke.narc,/poketool/pokegra/otherpoke.narc!/member_00183,0,/poketool/pokegra/otherpoke.narc,406,183,,869316,869388,867560,867632,72,19031dd21f58859421e8e96f664914eeccac096aae39a546190a4755a3e6828b,524c434efffe00014800000010000100,,NCLR palette,Confirmed,True,False,,,,,,,,,,False,False
/poketool/pokegra/otherpoke.narc,/poketool/pokegra/otherpoke.narc!/member_00184,0,/poketool/pokegra/otherpoke.narc,406,184,,869388,869460,867632,867704,72,7219e3418a75fa18f336fb69e7fc3eee05ba323b979d3458858954029fa812e8,524c434efffe00014800000010000100,,NCLR palette,Confirmed,True,False,,,,,,,,,,False,False
/poketool/pokegra/otherpoke.narc,/poketool/pokegra/otherpoke.narc!/member_00185,0,/poketool/pokegra/otherpoke.narc,406,185,,869460,869532,867704,867776,72,a76b45f5df9b4640f977da824b3a4501b2aa3c7d5f8e08e042ff5b3702e3a703,524c434efffe00014800000010000100,,NCLR palette,Confirmed,True,False,,,,,,,,,,False,False
/poketool/pokegra/otherpoke.narc,/poketool/pokegra/otherpoke.narc!/member_00186,0,/poketool/pokegra/otherpoke.narc,406,186,,869532,869604,867776,867848,72,251fa2669df19f32a1465f59cbe6570710b3efb501844ce2a4bac2a532a0ac04,524c434efffe00014800000010000100,,NCLR palette,Confirmed,True,False,,,,,,,,,,False,False
/poketool/pokegra/otherpoke.narc,/poketool/pokegra/otherpoke.narc!/member_00187,0,/poketool/pokegra/otherpoke.narc,406,187,,869604,869676,867848,867920,72,e8f5b8f39750c938e780f73bf34dc91a7416c3103135cc435aecb24baff15ff7,524c434efffe00014800000010000100,,NCLR palette,Confirmed,True,False,,,,,,,,,,False,False
/poketool/pokegra/otherpoke.narc,/poketool/pokegra/otherpoke.narc!/member_00188,0,/poketool/pokegra/otherpoke.narc,406,188,,869676,869748,867920,867992,72,83ae0d8932d506ba06611135a2d33f778cf3cb4961977501ffe3d431fad8d86a,524c434efffe00014800000010000100,,NCLR palette,Confirmed,True,False,,,,,,,,,,False,False
/poketool/pokegra/otherpoke.narc,/poketool/pokegra/otherpoke.narc!/member_00189,0,/poketool/pokegra/otherpoke.narc,406,189,,869748,869820,867992,868064,72,988caa74de1a08210224f3bae79d6b6d7fa3a4a79a797a0ee23cbd6fa4ff54b9,524c434efffe00014800000010000100,,NCLR palette,Confirmed,True,False,,,,,,,,,,False,False
/poketool/pokegra/otherpoke.narc,/poketool/pokegra/otherpoke.narc!/member_00190,0,/poketool/pokegra/otherpoke.narc,406,190,,869820,869892,868064,868136,72,242a0325ede584dedd22cd5e9b437cc2c9fe33191a45ff592e5204b04aee7b81,524c434efffe00014800000010000100,,NCLR palette,Confirmed,True,False,,,,,,,,,,False,False
/poketool/pokegra/otherpoke.narc,/poketool/pokegra/otherpoke.narc!/member_00191,0,/poketool/pokegra/otherpoke.narc,406,191,,869892,869964,868136,868208,72,4b9cfd3cbf8fe832c3061e40b8b12749b93530e9e8c6f0c4b268f69fbb1ef77d,524c434efffe00014800000010000100,,NCLR palette,Confirmed,True,False,,,,,,,,,,False,False
/poketool/pokegra/otherpoke.narc,/poketool/pokegra/otherpoke.narc!/member_00192,0,/poketool/pokegra/otherpoke.narc,406,192,,869964,870036,868208,868280,72,47def7d91dd673e00ecef97ff5f9ed92e856e074186d8e9c022599cbbb3068e1,524c434efffe00014800000010000100,,NCLR palette,Confirmed,True,False,,,,,,,,,,False,False
/poketool/pokegra/otherpoke.narc,/poketool/pokegra/otherpoke.narc!/member_00193,0,/poketool/pokegra/otherpoke.narc,406,193,,870036,870108,868280,868352,72,929318657a383fe3c86ff8424a4d496c289874f6748e1f07cccb361783234859,524c434efffe00014800000010000100,,NCLR palette,Confirmed,True,False,,,,,,,,,,False,False
/poketool/pokegra/otherpoke.narc,/poketool/pokegra/otherpoke.narc!/member_00194,0,/poketool/pokegra/otherpoke.narc,406,194,,870108,870180,868352,868424,72,e404fb53c1b3e03e3d922766224746feeacf0b58793da77a3bfa26efe8c144ed,524c434efffe00014800000010000100,,NCLR palette,Confirmed,True,False,,,,,,,,,,False,False
/poketool/pokegra/otherpoke.narc,/poketool/pokegra/otherpoke.narc!/member_00195,0,/poketool/pokegra/otherpoke.narc,406,195,,870180,870252,868424,868496,72,14ea447e6ee58d04166e734f3f8580109ad94a0418d7c2543db404e694b9432d,524c434efffe00014800000010000100,,NCLR palette,Confirmed,True,False,,,,,,,,,,False,False
/poketool/pokegra/otherpoke.narc,/poketool/pokegra/otherpoke.narc!/member_00196,0,/poketool/pokegra/otherpoke.narc,406,196,,870252,870324,868496,868568,72,2f58634f1004a6f31c9b157029914bf25f9086ee45378f7302cdcc0ced3c80e4,524c434efffe00014800000010000100,,NCLR palette,Confirmed,True,False,,,,,,,,,,False,False
/poketool/pokegra/otherpoke.narc,/poketool/pokegra/otherpoke.narc!/member_00197,0,/poketool/pokegra/otherpoke.narc,406,197,,870324,870396,868568,868640,72,9716197f62b1320fd58ba2132aa5b69ae586575e1c63da20b2a3c20365b39481,524c434efffe00014800000010000100,,NCLR palette,Confirmed,True,False,,,,,,,,,,False,False
/poketool/pokegra/otherpoke.narc,/poketool/pokegra/otherpoke.narc!/member_00198,0,/poketool/pokegra/otherpoke.narc,406,198,,870396,870468,868640,868712,72,f5961e357724577a2b12434e3ffc2dd5658c35fd5f4122ef79bc7938eaef4068,524c434efffe00014800000010000100,,NCLR palette,Confirmed,True,False,,,,,,,,,,False,False
/poketool/pokegra/otherpoke.narc,/poketool/pokegra/otherpoke.narc!/member_00199,0,/poketool/pokegra/otherpoke.narc,406,199,,870468,870540,868712,868784,72,37b15fa0b79096be3df3ad6e781765efc7992f65b54177ed3f42a8549246946a,524c434efffe00014800000010000100,,NCLR palette,Confirmed,True,False,,,,,,,,,,False,False
/poketool/pokegra/otherpoke.narc,/poketool/pokegra/otherpoke.narc!/member_00200,0,/poketool/pokegra/otherpoke.narc,406,200,,870540,870612,868784,868856,72,d2da06d494bcbf896e07a81d8473e31cc9e8fba3d596b57ee390c4925494b479,524c434efffe00014800000010000100,,NCLR palette,Confirmed,True,False,,,,,,,,,,False,False
/poketool/pokegra/otherpoke.narc,/poketool/pokegra/otherpoke.narc!/member_00201,0,/poketool/pokegra/otherpoke.narc,406,201,,870612,870684,868856,868928,72,a6e8d6b3e2988013d11dabab9f587eb14ad5a697630949820f4a8dddb6797ba8,524c434efffe00014800000010000100,,NCLR palette,Confirmed,True,False,,,,,,,,,,False,False
/poketool/pokegra/otherpoke.narc,/poketool/pokegra/otherpoke.narc!/member_00202,0,/poketool/pokegra/otherpoke.narc,406,202,,870684,870756,868928,869000,72,abe007541fd5a13712de8866a1c8551de13f05e95bae70d8e0861b1d49c57f26,524c434efffe00014800000010000100,,NCLR palette,Confirmed,True,False,,,,,,,,,,False,False
/poketool/pokegra/otherpoke.narc,/poketool/pokegra/otherpoke.narc!/member_00203,0,/poketool/pokegra/otherpoke.narc,406,203,,870756,870828,869000,869072,72,1c45712e9880af4040d651fdcee09903e96a92dc45f3f18e03722880276a6b00,524c434efffe00014800000010000100,,NCLR palette,Confirmed,True,False,,,,,,,,,,False,False
/poketool/pokegra/otherpoke.narc,/poketool/pokegra/otherpoke.narc!/member_00204,0,/poketool/pokegra/otherpoke.narc,406,204,,870828,870900,869072,869144,72,6a98eac024566c9fa8ea1a643a7d46dcff16d41e914b26e92126d1e4290ad02f,524c434efffe00014800000010000100,,NCLR palette,Confirmed,True,False,,,,,,,,,,False,False
/poketool/pokegra/otherpoke.narc,/poketool/pokegra/otherpoke.narc!/member_00205,0,/poketool/pokegra/otherpoke.narc,406,205,,870900,870972,869144,869216,72,cc113517562ee01172ee2818f868cdbd4bcbadfdda084379298eed866b4e7fdc,524c434efffe00014800000010000100,,NCLR palette,Confirmed,True,False,,,,,,,,,,False,False
/poketool/pokegra/otherpoke.narc,/poketool/pokegra/otherpoke.narc!/member_00206,0,/poketool/pokegra/otherpoke.narc,406,206,,870972,871044,869216,869288,72,35212e1392d9216b4afee3f44a04c90c0abac88eb7cebad6617bb2780aae7c4a,524c434efffe00014800000010000100,,NCLR palette,Confirmed,True,False,,,,,,,,,,False,False
/poketool/pokegra/otherpoke.narc,/poketool/pokegra/otherpoke.narc!/member_00207,0,/poketool/pokegra/otherpoke.narc,406,207,,871044,871116,869288,869360,72,92121fcc34bc848b06dbe8c55e9094d59fcdff802ac967ef3626a5147199a04d,524c434efffe00014800000010000100,,NCLR palette,Confirmed,True,False,,,,,,,,,,False,False
/poketool/pokegra/otherpoke.narc,/poketool/pokegra/otherpoke.narc!/member_00208,0,/poketool/pokegra/otherpoke.narc,406,208,,871116,877564,869360,875808,6448,e0096d6b240e9bf173646601f315f766ca8762744580e709a405960e004b00a9,5247434efffe00013019000010000100,,NCGR graphics,Confirmed,True,False,,,,,,,,,,False,False
/poketool/pokegra/otherpoke.narc,/poketool/pokegra/otherpoke.narc!/member_00209,0,/poketool/pokegra/otherpoke.narc,406,209,,877564,884012,875808,882256,6448,88bacdcada6395115597010572fb4e6761bd13750ba963ff498ff1dd5b2c19e8,5247434efffe00013019000010000100,,NCGR graphics,Confirmed,True,False,,,,,,,,,,False,False
/poketool/pokegra/otherpoke.narc,/poketool/pokegra/otherpoke.narc!/member_00210,0,/poketool/pokegra/otherpoke.narc,406,210,,884012,884084,882256,882328,72,724b9e4674be1c0581293cf9e3fd96295fe2d5c471622437c5bf5118133376ca,524c434efffe00014800000010000100,,NCLR palette,Confirmed,True,False,,,,,,,,,,False,False
/poketool/pokegra/otherpoke.narc,/poketool/pokegra/otherpoke.narc!/member_00211,0,/poketool/pokegra/otherpoke.narc,406,211,,884084,890532,882328,888776,6448,5e7a1fb4c841b74586782abdce8856ec3fd982a576fd327d7b2cc49d6c3dc73f,5247434efffe00013019000010000100,,NCGR graphics,Confirmed,True,False,,,,,,,,,,False,False
/poketool/pokegra/otherpoke.narc,/poketool/pokegra/otherpoke.narc!/member_00212,0,/poketool/pokegra/otherpoke.narc,406,212,,890532,890604,888776,888848,72,ff26cb67e8a8bbc9407039ab5f7673d473fef1a3d0f359903541c7eff00b49a1,524c434efffe00014800000010000100,,NCLR palette,Confirmed,True,False,,,,,,,,,,False,False
/poketool/pokegra/pl_otherpoke.narc,/poketool/pokegra/pl_otherpoke.narc!/member_00000,0,/poketool/pokegra/pl_otherpoke.narc,407,0,,2076,8524,0,6448,6448,b9e09efba4f69f2c20f68770422ef601150d324f988f1ac9418948e799956419,5247434efffe00013019000010000100,,NCGR graphics,Confirmed,True,False,,,,,,,,,,False,False
/poketool/pokegra/pl_otherpoke.narc,/poketool/pokegra/pl_otherpoke.narc!/member_00001,0,/poketool/pokegra/pl_otherpoke.narc,407,1,,8524,14972,6448,12896,6448,588e3225575d430591b6556eda09884e20ba8331b2fd2972f72596d902a04ed5,5247434efffe00013019000010000100,,NCGR graphics,Confirmed,True,False,,,,,,,,,,False,False
/poketool/pokegra/pl_otherpoke.narc,/poketool/pokegra/pl_otherpoke.narc!/member_00002,0,/poketool/pokegra/pl_otherpoke.narc,407,2,,14972,21420,12896,19344,6448,e1929d30f5750ba14aee38e01c2462704cac138c730cd88292faf7b59a92bb2b,5247434efffe00013019000010000100,,NCGR graphics,Confirmed,True,False,,,,,,,,,,False,False
/poketool/pokegra/pl_otherpoke.narc,/poketool/pokegra/pl_otherpoke.narc!/member_00003,0,/poketool/pokegra/pl_otherpoke.narc,407,3,,21420,27868,19344,25792,6448,a9dc24981dbaad86e23ed085961550d16e516c31c4504ad4983a533daf624656,5247434efffe00013019000010000100,,NCGR graphics,Confirmed,True,False,,,,,,,,,,False,False
/poketool/pokegra/pl_otherpoke.narc,/poketool/pokegra/pl_otherpoke.narc!/member_00004,0,/poketool/pokegra/pl_otherpoke.narc,407,4,,27868,34316,25792,32240,6448,5d5d86447988222f7b9d17db321d6cc1230fdbb4e46f87a03af5a33e6bf84ca8,5247434efffe00013019000010000100,,NCGR graphics,Confirmed,True,False,,,,,,,,,,False,False
/poketool/pokegra/pl_otherpoke.narc,/poketool/pokegra/pl_otherpoke.narc!/member_00005,0,/poketool/pokegra/pl_otherpoke.narc,407,5,,34316,40764,32240,38688,6448,7b12f3e46ce439d5287788978ec59c08e6bec75d1ab320a16e9b3060c14c43e2,5247434efffe00013019000010000100,,NCGR graphics,Confirmed,True,False,,,,,,,,,,False,False
/poketool/pokegra/pl_otherpoke.narc,/poketool/pokegra/pl_otherpoke.narc!/member_00006,0,/poketool/pokegra/pl_otherpoke.narc,407,6,,40764,47212,38688,45136,6448,4d2f174340d048ece6832762f09e3d27ea513e68b8fa87f89ba73f53ff358e5d,5247434efffe00013019000010000100,,NCGR graphics,Confirmed,True,False,,,,,,,,,,False,False
/poketool/pokegra/pl_otherpoke.narc,/poketool/pokegra/pl_otherpoke.narc!/member_00007,0,/poketool/pokegra/pl_otherpoke.narc,407,7,,47212,53660,45136,51584,6448,383510ed39a2991c62192cdcf673a63f9040d21fca43f10ba6db428f1f82a32e,5247434efffe00013019000010000100,,NCGR graphics,Confirmed,True,False,,,,,,,,,,False,False
/poketool/pokegra/pl_otherpoke.narc,/poketool/pokegra/pl_otherpoke.narc!/member_00008,0,/poketool/pokegra/pl_otherpoke.narc,407,8,,53660,60108,51584,58032,6448,11e40ca87a0349d4ca0603c0d86e01b3f266a1c49ae5a392d2a8c2f767b6776c,5247434efffe00013019000010000100,,NCGR graphics,Confirmed,True,False,,,,,,,,,,False,False
/poketool/pokegra/pl_otherpoke.narc,/poketool/pokegra/pl_otherpoke.narc!/member_00009,0,/poketool/pokegra/pl_otherpoke.narc,407,9,,60108,66556,58032,64480,6448,a45260072b6639b246e85559070f39f8338d92b67267b736e2176f7d521de50a,5247434efffe00013019000010000100,,NCGR graphics,Confirmed,True,False,,,,,,,,,,False,False
/poketool/pokegra/pl_otherpoke.narc,/poketool/pokegra/pl_otherpoke.narc!/member_00010,0,/poketool/pokegra/pl_otherpoke.narc,407,10,,66556,73004,64480,70928,6448,00731e9f120e4cfb45006a6bb3736e8161c10734993e14d65c18371e15657e17,5247434efffe00013019000010000100,,NCGR graphics,Confirmed,True,False,,,,,,,,,,False,False
/poketool/pokegra/pl_otherpoke.narc,/poketool/pokegra/pl_otherpoke.narc!/member_00011,0,/poketool/pokegra/pl_otherpoke.narc,407,11,,73004,79452,70928,77376,6448,9619e085636da21af69200e40c5b15c3e063d83ce5a938618d3005fd1f1a0bb0,5247434efffe00013019000010000100,,NCGR graphics,Confirmed,True,False,,,,,,,,,,False,False
/poketool/pokegra/pl_otherpoke.narc,/poketool/pokegra/pl_otherpoke.narc!/member_00012,0,/poketool/pokegra/pl_otherpoke.narc,407,12,,79452,85900,77376,83824,6448,83d4b816c5f1c267e98294e49ac8a0887589ac5278b576d2adb7c91e86df8598,5247434efffe00013019000010000100,,NCGR graphics,Confirmed,True,False,,,,,,,,,,False,False
/poketool/pokegra/pl_otherpoke.narc,/poketool/pokegra/pl_otherpoke.narc!/member_00013,0,/poketool/pokegra/pl_otherpoke.narc,407,13,,85900,92348,83824,90272,6448,2c7ba6f70e8cb70621b03dfece568a488a58b177a0b1ce2fc2cec9c5e81ca0b4,5247434efffe00013019000010000100,,NCGR graphics,Confirmed,True,False,,,,,,,,,,False,False
/poketool/pokegra/pl_otherpoke.narc,/poketool/pokegra/pl_otherpoke.narc!/member_00014,0,/poketool/pokegra/pl_otherpoke.narc,407,14,,92348,98796,90272,96720,6448,ccf6276e5e14363581bdca8eb51fb5d7497411c6e368412e5424ddc0e98d449f,5247434efffe00013019000010000100,,NCGR graphics,Confirmed,True,False,,,,,,,,,,False,False
/poketool/pokegra/pl_otherpoke.narc,/poketool/pokegra/pl_otherpoke.narc!/member_00015,0,/poketool/pokegra/pl_otherpoke.narc,407,15,,98796,105244,96720,103168,6448,104cbf4fae306d165f3dc0d4c000ce407129019b21f2509b279e8cc809a8a955,5247434efffe00013019000010000100,,NCGR graphics,Confirmed,True,False,,,,,,,,,,False,False
/poketool/pokegra/pl_otherpoke.narc,/poketool/pokegra/pl_otherpoke.narc!/member_00016,0,/poketool/pokegra/pl_otherpoke.narc,407,16,,105244,111692,103168,109616,6448,f90d73419cd1abe26bc254952c86d285ae0de0426c42f86643116f13163b09a8,5247434efffe00013019000010000100,,NCGR graphics,Confirmed,True,False,,,,,,,,,,False,False
/poketool/pokegra/pl_otherpoke.narc,/poketool/pokegra/pl_otherpoke.narc!/member_00017,0,/poketool/pokegra/pl_otherpoke.narc,407,17,,111692,118140,109616,116064,6448,7674c8a5545f14878ee967843865f2ec01182a6961be2cffaf07aa10abed34a7,5247434efffe00013019000010000100,,NCGR graphics,Confirmed,True,False,,,,,,,,,,False,False
/poketool/pokegra/pl_otherpoke.narc,/poketool/pokegra/pl_otherpoke.narc!/member_00018,0,/poketool/pokegra/pl_otherpoke.narc,407,18,,118140,124588,116064,122512,6448,e12269f8dc3eb76ad0dc9f2047a177a24cf0507406ed0607647d7178ce2da72b,5247434efffe00013019000010000100,,NCGR graphics,Confirmed,True,False,,,,,,,,,,False,False
/poketool/pokegra/pl_otherpoke.narc,/poketool/pokegra/pl_otherpoke.narc!/member_00019,0,/poketool/pokegra/pl_otherpoke.narc,407,19,,124588,131036,122512,128960,6448,d5964d1856547a525a957c026acd6b708e98f422dccd7dbea62f22f7cffe9bde,5247434efffe00013019000010000100,,NCGR graphics,Confirmed,True,False,,,,,,,,,,False,False
/poketool/pokegra/pl_otherpoke.narc,/poketool/pokegra/pl_otherpoke.narc!/member_00020,0,/poketool/pokegra/pl_otherpoke.narc,407,20,,131036,137484,128960,135408,6448,d36b1904b5d74be217ce864528294bd22c5af8afd7d2b04b5237f5064d8c9efb,5247434efffe00013019000010000100,,NCGR graphics,Confirmed,True,False,,,,,,,,,,False,False
/poketool/pokegra/pl_otherpoke.narc,/poketool/pokegra/pl_otherpoke.narc!/member_00021,0,/poketool/pokegra/pl_otherpoke.narc,407,21,,137484,143932,135408,141856,6448,bc2bdb2fdbb044221f54555e97fdd6fd8016eca939d5d34e5708900fa1bda61f,5247434efffe00013019000010000100,,NCGR graphics,Confirmed,True,False,,,,,,,,,,False,False
/poketool/pokegra/pl_otherpoke.narc,/poketool/pokegra/pl_otherpoke.narc!/member_00022,0,/poketool/pokegra/pl_otherpoke.narc,407,22,,143932,150380,141856,148304,6448,2937717bf0c3aa33460c6753e3e713526fb36ec26801f5ca1bd003fd3e3eda57,5247434efffe00013019000010000100,,NCGR graphics,Confirmed,True,False,,,,,,,,,,False,False
/poketool/pokegra/pl_otherpoke.narc,/poketool/pokegra/pl_otherpoke.narc!/member_00023,0,/poketool/pokegra/pl_otherpoke.narc,407,23,,150380,156828,148304,154752,6448,be2ca7787921932935a414e791c811ae1ee5d9392629a70131b460d16efa79b0,5247434efffe00013019000010000100,,NCGR graphics,Confirmed,True,False,,,,,,,,,,False,False
/poketool/pokegra/pl_otherpoke.narc,/poketool/pokegra/pl_otherpoke.narc!/member_00024,0,/poketool/pokegra/pl_otherpoke.narc,407,24,,156828,163276,154752,161200,6448,25abf3cd75f334f1795626b2a15887f8d758c7e2b60b6e22edf25868676e9a2b,5247434efffe00013019000010000100,,NCGR graphics,Confirmed,True,False,,,,,,,,,,False,False
/poketool/pokegra/pl_otherpoke.narc,/poketool/pokegra/pl_otherpoke.narc!/member_00025,0,/poketool/pokegra/pl_otherpoke.narc,407,25,,163276,169724,161200,167648,6448,dcc31e45310dc3753c170106956b20de166aceccd8f791a70ae2c1fbaa09c63f,5247434efffe00013019000010000100,,NCGR graphics,Confirmed,True,False,,,,,,,,,,False,False
/poketool/pokegra/pl_otherpoke.narc,/poketool/pokegra/pl_otherpoke.narc!/member_00026,0,/poketool/pokegra/pl_otherpoke.narc,407,26,,169724,176172,167648,174096,6448,0e0ee37ac052f9fa955eeae346f1fe5b91158c00c7eeaae23087f4cf2b458616,5247434efffe00013019000010000100,,NCGR graphics,Confirmed,True,False,,,,,,,,,,False,False
/poketool/pokegra/pl_otherpoke.narc,/poketool/pokegra/pl_otherpoke.narc!/member_00027,0,/poketool/pokegra/pl_otherpoke.narc,407,27,,176172,182620,174096,180544,6448,2a9943b63e3802e81935d72d0b9df346b76b82641bd9caa52b379f6b29a35a8f,5247434efffe00013019000010000100,,NCGR graphics,Confirmed,True,False,,,,,,,,,,False,False
/poketool/pokegra/pl_otherpoke.narc,/poketool/pokegra/pl_otherpoke.narc!/member_00028,0,/poketool/pokegra/pl_otherpoke.narc,407,28,,182620,189068,180544,186992,6448,3222cf1315711a997896330366d51f2ae1a526446424cbee226b1edeca928f8c,5247434efffe00013019000010000100,,NCGR graphics,Confirmed,True,False,,,,,,,,,,False,False
/poketool/pokegra/pl_otherpoke.narc,/poketool/pokegra/pl_otherpoke.narc!/member_00029,0,/poketool/pokegra/pl_otherpoke.narc,407,29,,189068,195516,186992,193440,6448,dd299778d7d56a65a005a7c519cbd8d11d7a159e79b88df78862122f2b932122,5247434efffe00013019000010000100,,NCGR graphics,Confirmed,True,False,,,,,,,,,,False,False
/poketool/pokegra/pl_otherpoke.narc,/poketool/pokegra/pl_otherpoke.narc!/member_00030,0,/poketool/pokegra/pl_otherpoke.narc,407,30,,195516,201964,193440,199888,6448,3f3937561a64487af6ed74b416d4c2d6c11f291e05224366b19c6130b308ddf5,5247434efffe00013019000010000100,,NCGR graphics,Confirmed,True,False,,,,,,,,,,False,False
/poketool/pokegra/pl_otherpoke.narc,/poketool/pokegra/pl_otherpoke.narc!/member_00031,0,/poketool/pokegra/pl_otherpoke.narc,407,31,,201964,208412,199888,206336,6448,74283371a7614f221c77436023f423a9e79bb1d68aae3e63a7525880a3eb2307,5247434efffe00013019000010000100,,NCGR graphics,Confirmed,True,False,,,,,,,,,,False,False
/poketool/pokegra/pl_otherpoke.narc,/poketool/pokegra/pl_otherpoke.narc!/member_00032,0,/poketool/pokegra/pl_otherpoke.narc,407,32,,208412,214860,206336,212784,6448,96ff6105aea44f65cbade746c22a570143be2cad91933463cf1b6cc2d8dea704,5247434efffe00013019000010000100,,NCGR graphics,Confirmed,True,False,,,,,,,,,,False,False
/poketool/pokegra/pl_otherpoke.narc,/poketool/pokegra/pl_otherpoke.narc!/member_00033,0,/poketool/pokegra/pl_otherpoke.narc,407,33,,214860,221308,212784,219232,6448,21d76b2b526fad64021d7cf9992e6d98631637933a4bab27cec89464ba0946e9,5247434efffe00013019000010000100,,NCGR graphics,Confirmed,True,False,,,,,,,,,,False,False
/poketool/pokegra/pl_otherpoke.narc,/poketool/pokegra/pl_otherpoke.narc!/member_00034,0,/poketool/pokegra/pl_otherpoke.narc,407,34,,221308,227756,219232,225680,6448,a45aee5607c542aa99eddc81ecb8a589f2fb7247ed01c25b9ada4789d9acd471,5247434efffe00013019000010000100,,NCGR graphics,Confirmed,True,False,,,,,,,,,,False,False
/poketool/pokegra/pl_otherpoke.narc,/poketool/pokegra/pl_otherpoke.narc!/member_00035,0,/poketool/pokegra/pl_otherpoke.narc,407,35,,227756,234204,225680,232128,6448,bd76944fcddafa06af2e7bd0cfdbd992053f2923c6f751232ddad34308a5f83a,5247434efffe00013019000010000100,,NCGR graphics,Confirmed,True,False,,,,,,,,,,False,False
/poketool/pokegra/pl_otherpoke.narc,/poketool/pokegra/pl_otherpoke.narc!/member_00036,0,/poketool/pokegra/pl_otherpoke.narc,407,36,,234204,240652,232128,238576,6448,9db7dbda546d1c6211e32a45a2fb3c5af7d8431f376ab4ec938e90b93a3dae92,5247434efffe00013019000010000100,,NCGR graphics,Confirmed,True,False,,,,,,,,,,False,False
/poketool/pokegra/pl_otherpoke.narc,/poketool/pokegra/pl_otherpoke.narc!/member_00037,0,/poketool/pokegra/pl_otherpoke.narc,407,37,,240652,247100,238576,245024,6448,9a24db6931d1b41bfb38fdbd2bfe67ae2c78868b0c284eece9ae1b99e5ea640b,5247434efffe00013019000010000100,,NCGR graphics,Confirmed,True,False,,,,,,,,,,False,False
/poketool/pokegra/pl_otherpoke.narc,/poketool/pokegra/pl_otherpoke.narc!/member_00038,0,/poketool/pokegra/pl_otherpoke.narc,407,38,,247100,253548,245024,251472,6448,806f2f76c434f78d8f57f493c3cad9946d9f32fa990f5cfa0e83c698e97c985a,5247434efffe00013019000010000100,,NCGR graphics,Confirmed,True,False,,,,,,,,,,False,False
/poketool/pokegra/pl_otherpoke.narc,/poketool/pokegra/pl_otherpoke.narc!/member_00039,0,/poketool/pokegra/pl_otherpoke.narc,407,39,,253548,259996,251472,257920,6448,ae10d58ac6317892c8b274dbf90f5e4f4739dbbc786f03f91b365330bac5a18e,5247434efffe00013019000010000100,,NCGR graphics,Confirmed,True,False,,,,,,,,,,False,False
/poketool/pokegra/pl_otherpoke.narc,/poketool/pokegra/pl_otherpoke.narc!/member_00040,0,/poketool/pokegra/pl_otherpoke.narc,407,40,,259996,266444,257920,264368,6448,f479d956ca6a9fac3ad5bbd37a2f467b3e9653c5b1a71097eda89b9bf10b984f,5247434efffe00013019000010000100,,NCGR graphics,Confirmed,True,False,,,,,,,,,,False,False
/poketool/pokegra/pl_otherpoke.narc,/poketool/pokegra/pl_otherpoke.narc!/member_00041,0,/poketool/pokegra/pl_otherpoke.narc,407,41,,266444,272892,264368,270816,6448,6bab0be0aafa4feea164c9709dbfc3e0dd954deadbbabd47d88007f8c89f1062,5247434efffe00013019000010000100,,NCGR graphics,Confirmed,True,False,,,,,,,,,,False,False
/poketool/pokegra/pl_otherpoke.narc,/poketool/pokegra/pl_otherpoke.narc!/member_00042,0,/poketool/pokegra/pl_otherpoke.narc,407,42,,272892,279340,270816,277264,6448,215a293090dccf0e29c1c2c714cd713331905b826e2fb8366ef5e22a2650f110,5247434efffe00013019000010000100,,NCGR graphics,Confirmed,True,False,,,,,,,,,,False,False
/poketool/pokegra/pl_otherpoke.narc,/poketool/pokegra/pl_otherpoke.narc!/member_00043,0,/poketool/pokegra/pl_otherpoke.narc,407,43,,279340,285788,277264,283712,6448,1d04fc62e169599e77dfabcfd0b044ce4b641c58eda12c456708001c2db971a8,5247434efffe00013019000010000100,,NCGR graphics,Confirmed,True,False,,,,,,,,,,False,False
/poketool/pokegra/pl_otherpoke.narc,/poketool/pokegra/pl_otherpoke.narc!/member_00044,0,/poketool/pokegra/pl_otherpoke.narc,407,44,,285788,292236,283712,290160,6448,23985d0f3054ee23e3fe8f9c2ea66e4f8c594d51fe4f8ee7fe8d51208ac3297e,5247434efffe00013019000010000100,,NCGR graphics,Confirmed,True,False,,,,,,,,,,False,False
/poketool/pokegra/pl_otherpoke.narc,/poketool/pokegra/pl_otherpoke.narc!/member_00045,0,/poketool/pokegra/pl_otherpoke.narc,407,45,,292236,298684,290160,296608,6448,8357f3ccd7b0533b940d7bfae3f56ef45aa40daf98abf5783aaa68c25390cfbe,5247434efffe00013019000010000100,,NCGR graphics,Confirmed,True,False,,,,,,,,,,False,False
/poketool/pokegra/pl_otherpoke.narc,/poketool/pokegra/pl_otherpoke.narc!/member_00046,0,/poketool/pokegra/pl_otherpoke.narc,407,46,,298684,305132,296608,303056,6448,4cf8a396054852106835113a4a392f169281c09ececd453fe77bfdf7f1eb8f25,5247434efffe00013019000010000100,,NCGR graphics,Confirmed,True,False,,,,,,,,,,False,False
/poketool/pokegra/pl_otherpoke.narc,/poketool/pokegra/pl_otherpoke.narc!/member_00047,0,/poketool/pokegra/pl_otherpoke.narc,407,47,,305132,311580,303056,309504,6448,d8191169beedd5c3e4bc8860d47241afed743da71c2c32b2e6a2e4999c940a0e,5247434efffe00013019000010000100,,NCGR graphics,Confirmed,True,False,,,,,,,,,,False,False
/poketool/pokegra/pl_otherpoke.narc,/poketool/pokegra/pl_otherpoke.narc!/member_00048,0,/poketool/pokegra/pl_otherpoke.narc,407,48,,311580,318028,309504,315952,6448,15d05adc631dc898c3942f0945a72c9829592f24b6a4b6294bdaa0038e795ee8,5247434efffe00013019000010000100,,NCGR graphics,Confirmed,True,False,,,,,,,,,,False,False
/poketool/pokegra/pl_otherpoke.narc,/poketool/pokegra/pl_otherpoke.narc!/member_00049,0,/poketool/pokegra/pl_otherpoke.narc,407,49,,318028,324476,315952,322400,6448,a3eeaa70411d40fc97255d222c8de9aa1496d50a973fd72c47b9e7ea6cd6ebe2,5247434efffe00013019000010000100,,NCGR graphics,Confirmed,True,False,,,,,,,,,,False,False
/poketool/pokegra/pl_otherpoke.narc,/poketool/pokegra/pl_otherpoke.narc!/member_00050,0,/poketool/pokegra/pl_otherpoke.narc,407,50,,324476,330924,322400,328848,6448,1e80acf73cce026f82ee52f790d294040d57e263e85466718bdda95a7c07c7b9,5247434efffe00013019000010000100,,NCGR graphics,Confirmed,True,False,,,,,,,,,,False,False
/poketool/pokegra/pl_otherpoke.narc,/poketool/pokegra/pl_otherpoke.narc!/member_00051,0,/poketool/pokegra/pl_otherpoke.narc,407,51,,330924,337372,328848,335296,6448,1934de4ffe5b6cd3a1cbaa959ddb5358096e527e5ccfdb149d368b2ab54437c4,5247434efffe00013019000010000100,,NCGR graphics,Confirmed,True,False,,,,,,,,,,False,False
/poketool/pokegra/pl_otherpoke.narc,/poketool/pokegra/pl_otherpoke.narc!/member_00052,0,/poketool/pokegra/pl_otherpoke.narc,407,52,,337372,343820,335296,341744,6448,f0b90f053df11c0504773a9319d701e7adb3bf77b386146c3892da46a75233f4,5247434efffe00013019000010000100,,NCGR graphics,Confirmed,True,False,,,,,,,,,,False,False
/poketool/pokegra/pl_otherpoke.narc,/poketool/pokegra/pl_otherpoke.narc!/member_00053,0,/poketool/pokegra/pl_otherpoke.narc,407,53,,343820,350268,341744,348192,6448,2281d8fb5b7520daffbaafe3fd016cb4aa71e0bcdaca8d10bbb8bfe6fa69830d,5247434efffe00013019000010000100,,NCGR graphics,Confirmed,True,False,,,,,,,,,,False,False
/poketool/pokegra/pl_otherpoke.narc,/poketool/pokegra/pl_otherpoke.narc!/member_00054,0,/poketool/pokegra/pl_otherpoke.narc,407,54,,350268,356716,348192,354640,6448,3ff4eac0058ba8d621b7243e7dfaa989757b2c33f46070764fe32ff51e2e79a0,5247434efffe00013019000010000100,,NCGR graphics,Confirmed,True,False,,,,,,,,,,False,False
/poketool/pokegra/pl_otherpoke.narc,/poketool/pokegra/pl_otherpoke.narc!/member_00055,0,/poketool/pokegra/pl_otherpoke.narc,407,55,,356716,363164,354640,361088,6448,5b404ad2e6cc8f2dd070f09597f065cef672b0b9651bf3130578b5994598382f,5247434efffe00013019000010000100,,NCGR graphics,Confirmed,True,False,,,,,,,,,,False,False
/poketool/pokegra/pl_otherpoke.narc,/poketool/pokegra/pl_otherpoke.narc!/member_00056,0,/poketool/pokegra/pl_otherpoke.narc,407,56,,363164,369612,361088,367536,6448,7263f8afc167083cc7d0011b80986a1dfa303c7d3f53d21118aefbc6ae351a03,5247434efffe00013019000010000100,,NCGR graphics,Confirmed,True,False,,,,,,,,,,False,False
/poketool/pokegra/pl_otherpoke.narc,/poketool/pokegra/pl_otherpoke.narc!/member_00057,0,/poketool/pokegra/pl_otherpoke.narc,407,57,,369612,376060,367536,373984,6448,393afb9c4d62d003b71fda81683e86ea48abbe6e5b462fe97abb7f68b838489e,5247434efffe00013019000010000100,,NCGR graphics,Confirmed,True,False,,,,,,,,,,False,False
/poketool/pokegra/pl_otherpoke.narc,/poketool/pokegra/pl_otherpoke.narc!/member_00058,0,/poketool/pokegra/pl_otherpoke.narc,407,58,,376060,382508,373984,380432,6448,11a488c46753dc11e26cbe03c202c31928fe0c5d1e496fdd1bfb1a85322fdfff,5247434efffe00013019000010000100,,NCGR graphics,Confirmed,True,False,,,,,,,,,,False,False
/poketool/pokegra/pl_otherpoke.narc,/poketool/pokegra/pl_otherpoke.narc!/member_00059,0,/poketool/pokegra/pl_otherpoke.narc,407,59,,382508,388956,380432,386880,6448,ee09db96b7daef77b21045732117951ed98257dc79184598d5368fe7703692a8,5247434efffe00013019000010000100,,NCGR graphics,Confirmed,True,False,,,,,,,,,,False,False
/poketool/pokegra/pl_otherpoke.narc,/poketool/pokegra/pl_otherpoke.narc!/member_00060,0,/poketool/pokegra/pl_otherpoke.narc,407,60,,388956,395404,386880,393328,6448,358e3b11c66e0fddc6049f46c00aeba309ab963721451f40ce144f7cd5386515,5247434efffe00013019000010000100,,NCGR graphics,Confirmed,True,False,,,,,,,,,,False,False
/poketool/pokegra/pl_otherpoke.narc,/poketool/pokegra/pl_otherpoke.narc!/member_00061,0,/poketool/pokegra/pl_otherpoke.narc,407,61,,395404,401852,393328,399776,6448,6f803d2e9a9d0de4689e522edda4cbfc257d15684c16cf4e20b05d03c9105db2,5247434efffe00013019000010000100,,NCGR graphics,Confirmed,True,False,,,,,,,,,,False,False
/poketool/pokegra/pl_otherpoke.narc,/poketool/pokegra/pl_otherpoke.narc!/member_00062,0,/poketool/pokegra/pl_otherpoke.narc,407,62,,401852,408300,399776,406224,6448,de59ee22c0fd5ebd37a70ccf65ebcebcc32c23e996c1260343f984bf94a80208,5247434efffe00013019000010000100,,NCGR graphics,Confirmed,True,False,,,,,,,,,,False,False
/poketool/pokegra/pl_otherpoke.narc,/poketool/pokegra/pl_otherpoke.narc!/member_00063,0,/poketool/pokegra/pl_otherpoke.narc,407,63,,408300,414748,406224,412672,6448,b68c1eb5686232dd5c5bc764739b1db65687e6bbc61df61609264cdf2f7ea55c,5247434efffe00013019000010000100,,NCGR graphics,Confirmed,True,False,,,,,,,,,,False,False
/poketool/pokegra/pl_otherpoke.narc,/poketool/pokegra/pl_otherpoke.narc!/member_00064,0,/poketool/pokegra/pl_otherpoke.narc,407,64,,414748,421196,412672,419120,6448,dc32de3b55e6a24833d4a609e6004eea820aa2b734f6768c77ca93cbd43f2c7d,5247434efffe00013019000010000100,,NCGR graphics,Confirmed,True,False,,,,,,,,,,False,False
/poketool/pokegra/pl_otherpoke.narc,/poketool/pokegra/pl_otherpoke.narc!/member_00065,0,/poketool/pokegra/pl_otherpoke.narc,407,65,,421196,427644,419120,425568,6448,3c6430e25cd5004943c96b8ee9a5e53e59adc76afd359418f7d16dc374a846d1,5247434efffe00013019000010000100,,NCGR graphics,Confirmed,True,False,,,,,,,,,,False,False
/poketool/pokegra/pl_otherpoke.narc,/poketool/pokegra/pl_otherpoke.narc!/member_00066,0,/poketool/pokegra/pl_otherpoke.narc,407,66,,427644,434092,425568,432016,6448,88600749323a2a6b0c2e09ed0cc3e676a5aec885463a6d1d6bc6ce3968cc7fff,5247434efffe00013019000010000100,,NCGR graphics,Confirmed,True,False,,,,,,,,,,False,False
/poketool/pokegra/pl_otherpoke.narc,/poketool/pokegra/pl_otherpoke.narc!/member_00067,0,/poketool/pokegra/pl_otherpoke.narc,407,67,,434092,440540,432016,438464,6448,7a97b9967fe8106e4475dbc7b0cb3ab69ad1420686f420ecef7d8fd1ee6c1b7b,5247434efffe00013019000010000100,,NCGR graphics,Confirmed,True,False,,,,,,,,,,False,False
/poketool/pokegra/pl_otherpoke.narc,/poketool/pokegra/pl_otherpoke.narc!/member_00068,0,/poketool/pokegra/pl_otherpoke.narc,407,68,,440540,446988,438464,444912,6448,e2b96efd4c657d283c9937b29810a0f0b5b7f1e99fda103196ec7672ca1237dc,5247434efffe00013019000010000100,,NCGR graphics,Confirmed,True,False,,,,,,,,,,False,False
/poketool/pokegra/pl_otherpoke.narc,/poketool/pokegra/pl_otherpoke.narc!/member_00069,0,/poketool/pokegra/pl_otherpoke.narc,407,69,,446988,453436,444912,451360,6448,ef059494e7424d0ef38cada4f129fe4c4f244276f4bdc9650aa0cbaad834bc31,5247434efffe00013019000010000100,,NCGR graphics,Confirmed,True,False,,,,,,,,,,False,False
/poketool/pokegra/pl_otherpoke.narc,/poketool/pokegra/pl_otherpoke.narc!/member_00070,0,/poketool/pokegra/pl_otherpoke.narc,407,70,,453436,459884,451360,457808,6448,80211d861667895234c510d0d80071d9632e24d443565c7d4752447a2bf543d9,5247434efffe00013019000010000100,,NCGR graphics,Confirmed,True,False,,,,,,,,,,False,False
/poketool/pokegra/pl_otherpoke.narc,/poketool/pokegra/pl_otherpoke.narc!/member_00071,0,/poketool/pokegra/pl_otherpoke.narc,407,71,,459884,466332,457808,464256,6448,e3657d9d516fa460123d9eb0277e81a5d49bfc969b5e4b21dada7ef5164e841e,5247434efffe00013019000010000100,,NCGR graphics,Confirmed,True,False,,,,,,,,,,False,False
/poketool/pokegra/pl_otherpoke.narc,/poketool/pokegra/pl_otherpoke.narc!/member_00072,0,/poketool/pokegra/pl_otherpoke.narc,407,72,,466332,472780,464256,470704,6448,9419c198aef7c892aa597283d41a9ee96944105d680e236f92566dca29ace497,5247434efffe00013019000010000100,,NCGR graphics,Confirmed,True,False,,,,,,,,,,False,False
/poketool/pokegra/pl_otherpoke.narc,/poketool/pokegra/pl_otherpoke.narc!/member_00073,0,/poketool/pokegra/pl_otherpoke.narc,407,73,,472780,479228,470704,477152,6448,d080fd06f6776f19bf37547ef239e02f9594d156c7b31c4331ba75e3200fc6b4,5247434efffe00013019000010000100,,NCGR graphics,Confirmed,True,False,,,,,,,,,,False,False
/poketool/pokegra/pl_otherpoke.narc,/poketool/pokegra/pl_otherpoke.narc!/member_00074,0,/poketool/pokegra/pl_otherpoke.narc,407,74,,479228,485676,477152,483600,6448,26a133390cb3b796975e7ef247ead09f38ee52ce0a89baa93159b3d070e60e4a,5247434efffe00013019000010000100,,NCGR graphics,Confirmed,True,False,,,,,,,,,,False,False
/poketool/pokegra/pl_otherpoke.narc,/poketool/pokegra/pl_otherpoke.narc!/member_00075,0,/poketool/pokegra/pl_otherpoke.narc,407,75,,485676,492124,483600,490048,6448,3a1b0a2952e02392e4385828f1e3517c7fcc04e26a500b4eca78f8b63b4135c8,5247434efffe00013019000010000100,,NCGR graphics,Confirmed,True,False,,,,,,,,,,False,False
/poketool/pokegra/pl_otherpoke.narc,/poketool/pokegra/pl_otherpoke.narc!/member_00076,0,/poketool/pokegra/pl_otherpoke.narc,407,76,,492124,498572,490048,496496,6448,ee5428bce7071b4361fa8c776251eac3f55da20e8e0b8c40b02ebc125e3e31f9,5247434efffe00013019000010000100,,NCGR graphics,Confirmed,True,False,,,,,,,,,,False,False
/poketool/pokegra/pl_otherpoke.narc,/poketool/pokegra/pl_otherpoke.narc!/member_00077,0,/poketool/pokegra/pl_otherpoke.narc,407,77,,498572,505020,496496,502944,6448,0c1df8fcd7587feece74a94b4fc0fb9909617defac6132b57e0ba32b0e6b7cf1,5247434efffe00013019000010000100,,NCGR graphics,Confirmed,True,False,,,,,,,,,,False,False
/poketool/pokegra/pl_otherpoke.narc,/poketool/pokegra/pl_otherpoke.narc!/member_00078,0,/poketool/pokegra/pl_otherpoke.narc,407,78,,505020,511468,502944,509392,6448,62a9086d515d1ea469a34907ab95544a47c665facb72a7f2d498f36e4e63b1aa,5247434efffe00013019000010000100,,NCGR graphics,Confirmed,True,False,,,,,,,,,,False,False
/poketool/pokegra/pl_otherpoke.narc,/poketool/pokegra/pl_otherpoke.narc!/member_00079,0,/poketool/pokegra/pl_otherpoke.narc,407,79,,511468,517916,509392,515840,6448,e098c45a2d2a866a4700fdc9099b32a8bd5e2cc04f7aa5afa3bfe61d6b80196d,5247434efffe00013019000010000100,,NCGR graphics,Confirmed,True,False,,,,,,,,,,False,False
/poketool/pokegra/pl_otherpoke.narc,/poketool/pokegra/pl_otherpoke.narc!/member_00080,0,/poketool/pokegra/pl_otherpoke.narc,407,80,,517916,524364,515840,522288,6448,a0355d6cd38998b899f75527525f5e8a9061843fc77d2f3990e105712c2f9259,5247434efffe00013019000010000100,,NCGR graphics,Confirmed,True,False,,,,,,,,,,False,False
/poketool/pokegra/pl_otherpoke.narc,/poketool/pokegra/pl_otherpoke.narc!/member_00081,0,/poketool/pokegra/pl_otherpoke.narc,407,81,,524364,530812,522288,528736,6448,2965690d8f935e860c02b4695e00104d47bf9378e4da6ad77b490eb25fddb900,5247434efffe00013019000010000100,,NCGR graphics,Confirmed,True,False,,,,,,,,,,False,False
/poketool/pokegra/pl_otherpoke.narc,/poketool/pokegra/pl_otherpoke.narc!/member_00082,0,/poketool/pokegra/pl_otherpoke.narc,407,82,,530812,537260,528736,535184,6448,6482b54a40ab6956c70bad9b9a8bbe309f0c6e4446271dfae1c6758149770f5b,5247434efffe00013019000010000100,,NCGR graphics,Confirmed,True,False,,,,,,,,,,False,False
/poketool/pokegra/pl_otherpoke.narc,/poketool/pokegra/pl_otherpoke.narc!/member_00083,0,/poketool/pokegra/pl_otherpoke.narc,407,83,,537260,543708,535184,541632,6448,8ee785a8e51157f42db34d6b6377f8492627f28cb56ed6437f92ad3109dc85af,5247434efffe00013019000010000100,,NCGR graphics,Confirmed,True,False,,,,,,,,,,False,False
/poketool/pokegra/pl_otherpoke.narc,/poketool/pokegra/pl_otherpoke.narc!/member_00084,0,/poketool/pokegra/pl_otherpoke.narc,407,84,,543708,550156,541632,548080,6448,d0bf9eb011a7286bd9f8db5df7c49464af664f5d256312a1e3a5744c5ca41117,5247434efffe00013019000010000100,,NCGR graphics,Confirmed,True,False,,,,,,,,,,False,False
/poketool/pokegra/pl_otherpoke.narc,/poketool/pokegra/pl_otherpoke.narc!/member_00085,0,/poketool/pokegra/pl_otherpoke.narc,407,85,,550156,556604,548080,554528,6448,fdfd3a2c924b344d7e73143ce29cd3a06f890c32f0a1cf4195e9bb13d49f4dda,5247434efffe00013019000010000100,,NCGR graphics,Confirmed,True,False,,,,,,,,,,False,False
/poketool/pokegra/pl_otherpoke.narc,/poketool/pokegra/pl_otherpoke.narc!/member_00086,0,/poketool/pokegra/pl_otherpoke.narc,407,86,,556604,563052,554528,560976,6448,3901007fc4556f91055158c6456c6a1788ab77e50e085a20d741cd3fe4801737,5247434efffe00013019000010000100,,NCGR graphics,Confirmed,True,False,,,,,,,,,,False,False
/poketool/pokegra/pl_otherpoke.narc,/poketool/pokegra/pl_otherpoke.narc!/member_00087,0,/poketool/pokegra/pl_otherpoke.narc,407,87,,563052,569500,560976,567424,6448,18cabdaf31d0d68e82a576732440dfb166305fda75ff5eb7a7bccef25a3e293a,5247434efffe00013019000010000100,,NCGR graphics,Confirmed,True,False,,,,,,,,,,False,False
/poketool/pokegra/pl_otherpoke.narc,/poketool/pokegra/pl_otherpoke.narc!/member_00088,0,/poketool/pokegra/pl_otherpoke.narc,407,88,,569500,575948,567424,573872,6448,a10ed5f6c118a7cbb87319fd0de77e8b27a07790b6d785830c5a0756025be57a,5247434efffe00013019000010000100,,NCGR graphics,Confirmed,True,False,,,,,,,,,,False,False
/poketool/pokegra/pl_otherpoke.narc,/poketool/pokegra/pl_otherpoke.narc!/member_00089,0,/poketool/pokegra/pl_otherpoke.narc,407,89,,575948,582396,573872,580320,6448,ea1f95b9491d7883ecb5d2e7ed034d33b3438801cf940ff9f4e4b33a86dbea19,5247434efffe00013019000010000100,,NCGR graphics,Confirmed,True,False,,,,,,,,,,False,False
/poketool/pokegra/pl_otherpoke.narc,/poketool/pokegra/pl_otherpoke.narc!/member_00090,0,/poketool/pokegra/pl_otherpoke.narc,407,90,,582396,588844,580320,586768,6448,ab89a8c04dd9b694f778c61c10681a00c2be28cdf2dd312b8de08f41f362ccd3,5247434efffe00013019000010000100,,NCGR graphics,Confirmed,True,False,,,,,,,,,,False,False
/poketool/pokegra/pl_otherpoke.narc,/poketool/pokegra/pl_otherpoke.narc!/member_00091,0,/poketool/pokegra/pl_otherpoke.narc,407,91,,588844,595292,586768,593216,6448,f0d414d563ff230036d4831c135aa5fe16ace8d4de4848fb93edcc89c9428d01,5247434efffe00013019000010000100,,NCGR graphics,Confirmed,True,False,,,,,,,,,,False,False
/poketool/pokegra/pl_otherpoke.narc,/poketool/pokegra/pl_otherpoke.narc!/member_00092,0,/poketool/pokegra/pl_otherpoke.narc,407,92,,595292,601740,593216,599664,6448,e266e8572a573b2bde7bfe68a4449bf7815a3cf0a80beff23a6ee9cf0dc71abc,5247434efffe00013019000010000100,,NCGR graphics,Confirmed,True,False,,,,,,,,,,False,False
/poketool/pokegra/pl_otherpoke.narc,/poketool/pokegra/pl_otherpoke.narc!/member_00093,0,/poketool/pokegra/pl_otherpoke.narc,407,93,,601740,608188,599664,606112,6448,e631205ccaaf8bc1f8676fbaf3ce86f103cab9e919125277a00d7a4409b155d0,5247434efffe00013019000010000100,,NCGR graphics,Confirmed,True,False,,,,,,,,,,False,False
/poketool/pokegra/pl_otherpoke.narc,/poketool/pokegra/pl_otherpoke.narc!/member_00094,0,/poketool/pokegra/pl_otherpoke.narc,407,94,,608188,614636,606112,612560,6448,168cdc0e7607f74cb2f2010d3dc8a4840571a77f9812c93ab5a4d7928b9d32f7,5247434efffe00013019000010000100,,NCGR graphics,Confirmed,True,False,,,,,,,,,,False,False
/poketool/pokegra/pl_otherpoke.narc,/poketool/pokegra/pl_otherpoke.narc!/member_00095,0,/poketool/pokegra/pl_otherpoke.narc,407,95,,614636,621084,612560,619008,6448,3ba56f70b269fa26239bf7f624e7d4a8e11c510161e54b8e145e829978aa0051,5247434efffe00013019000010000100,,NCGR graphics,Confirmed,True,False,,,,,,,,,,False,False
/poketool/pokegra/pl_otherpoke.narc,/poketool/pokegra/pl_otherpoke.narc!/member_00096,0,/poketool/pokegra/pl_otherpoke.narc,407,96,,621084,627532,619008,625456,6448,2d3294f0e6e8be2cc03ebaa7e71ed5e0558ba4c4347eab99d4341905d8a727b2,5247434efffe00013019000010000100,,NCGR graphics,Confirmed,True,False,,,,,,,,,,False,False
/poketool/pokegra/pl_otherpoke.narc,/poketool/pokegra/pl_otherpoke.narc!/member_00097,0,/poketool/pokegra/pl_otherpoke.narc,407,97,,627532,633980,625456,631904,6448,9c07b421624862ece50621499da2bdbeadc56d5a52cb9f314e43990840b0e3f0,5247434efffe00013019000010000100,,NCGR graphics,Confirmed,True,False,,,,,,,,,,False,False
/poketool/pokegra/pl_otherpoke.narc,/poketool/pokegra/pl_otherpoke.narc!/member_00098,0,/poketool/pokegra/pl_otherpoke.narc,407,98,,633980,640428,631904,638352,6448,2d3294f0e6e8be2cc03ebaa7e71ed5e0558ba4c4347eab99d4341905d8a727b2,5247434efffe00013019000010000100,,NCGR graphics,Confirmed,True,False,,,,,,,,,,False,False
/poketool/pokegra/pl_otherpoke.narc,/poketool/pokegra/pl_otherpoke.narc!/member_00099,0,/poketool/pokegra/pl_otherpoke.narc,407,99,,640428,646876,638352,644800,6448,9c07b421624862ece50621499da2bdbeadc56d5a52cb9f314e43990840b0e3f0,5247434efffe00013019000010000100,,NCGR graphics,Confirmed,True,False,,,,,,,,,,False,False
/poketool/pokegra/pl_otherpoke.narc,/poketool/pokegra/pl_otherpoke.narc!/member_00100,0,/poketool/pokegra/pl_otherpoke.narc,407,100,,646876,653324,644800,651248,6448,2d3294f0e6e8be2cc03ebaa7e71ed5e0558ba4c4347eab99d4341905d8a727b2,5247434efffe00013019000010000100,,NCGR graphics,Confirmed,True,False,,,,,,,,,,False,False
/poketool/pokegra/pl_otherpoke.narc,/poketool/pokegra/pl_otherpoke.narc!/member_00101,0,/poketool/pokegra/pl_otherpoke.narc,407,101,,653324,659772,651248,657696,6448,9c07b421624862ece50621499da2bdbeadc56d5a52cb9f314e43990840b0e3f0,5247434efffe00013019000010000100,,NCGR graphics,Confirmed,True,False,,,,,,,,,,False,False
/poketool/pokegra/pl_otherpoke.narc,/poketool/pokegra/pl_otherpoke.narc!/member_00102,0,/poketool/pokegra/pl_otherpoke.narc,407,102,,659772,666220,657696,664144,6448,2d3294f0e6e8be2cc03ebaa7e71ed5e0558ba4c4347eab99d4341905d8a727b2,5247434efffe00013019000010000100,,NCGR graphics,Confirmed,True,False,,,,,,,,,,False,False
